<?xml version="1.0" encoding="UTF-8"?>
<kml xmlns="http://www.opengis.net/kml/2.2">
  <Document xmlns="">
    <Folder>
      <name>Patrimonio IGEA</name>
      <Placemark xmlns="http://www.opengis.net/kml/2.2">
        <styleUrl>#Parti singole_style_map</styleUrl>
        <name>T01981</name>
        <Polygon>
          <outerBoundaryIs>
            <LinearRing>
              <coordinates>8.43688096722868,39.3178557189985 8.43709106863244,39.3178876962558 8.4371167500272,39.3178632846454 8.43719355029858,39.3178291365991 8.43726718948179,39.3177320431527 8.43731121662483,39.3176750477897 8.4369482998807,39.3176135785675 8.43692402831558,39.3177008459286 8.43688096722868,39.3178557189985</coordinates>
            </LinearRing>
          </outerBoundaryIs>
          <innerBoundaryIs>
            <LinearRing>
              <coordinates>8.43701352397238,39.3177817888174 8.43705523385628,39.3177910102767 8.43704265320219,39.317829370612 8.43699739977714,39.3178193841188 8.43701352397238,39.3177817888174</coordinates>
            </LinearRing>
          </innerBoundaryIs>
          <innerBoundaryIs>
            <LinearRing>
              <coordinates>8.43709035621302,39.3178174191097 8.43713458025469,39.3177662726495 8.43717618440648,39.317787234371 8.4371179211235,39.3178590102751 8.43707495570389,39.3178457820546 8.43709035621302,39.3178174191097</coordinates>
            </LinearRing>
          </innerBoundaryIs>
        </Polygon>
      </Placemark>
      <Placemark xmlns="http://www.opengis.net/kml/2.2">
        <styleUrl>#Parti singole_style_map</styleUrl>
        <name>T03093</name>
        <Polygon>
          <outerBoundaryIs>
            <LinearRing>
              <coordinates>8.43653691930508,39.3175693360396 8.43665207058257,39.3173760756239 8.43657648149059,39.3173316206697 8.43652095844575,39.3173625825033 8.43645077947183,39.3174476180348 8.43641528090375,39.3175360203035 8.43641568081672,39.3175411132322 8.43643835386659,39.3175460978079 8.4364654713267,39.3174887595388 8.43648612217273,39.3174450860574 8.43652939900025,39.31740502729 8.43656166477143,39.3174317558396 8.43653522867805,39.3174620295771 8.43651728491575,39.3175008414426 8.43649103013787,39.3175576522768 8.43653691930508,39.3175693360396</coordinates>
            </LinearRing>
          </outerBoundaryIs>
        </Polygon>
      </Placemark>
      <Placemark xmlns="http://www.opengis.net/kml/2.2">
        <styleUrl>#Parti singole_style_map</styleUrl>
        <name>T01958</name>
        <Polygon>
          <outerBoundaryIs>
            <LinearRing>
              <coordinates>8.43803583585429,39.31676178444 8.43805119284991,39.3167576146275 8.43804852040429,39.3167509248593 8.43809154578763,39.3167406623621 8.43808579287316,39.3167289838613 8.43802979582923,39.3167439503058 8.43803583585429,39.31676178444</coordinates>
            </LinearRing>
          </outerBoundaryIs>
        </Polygon>
      </Placemark>
      <Placemark xmlns="http://www.opengis.net/kml/2.2">
        <styleUrl>#Parti singole_style_map</styleUrl>
        <name>T03094</name>
        <Polygon>
          <outerBoundaryIs>
            <LinearRing>
              <coordinates>8.43856114336672,39.3170633107334 8.4386151546031,39.3170297816149 8.43856357069101,39.3169802807076 8.43851164732528,39.3170138288903 8.43852854105597,39.3170307242172 8.43856114336672,39.3170633107334</coordinates>
            </LinearRing>
          </outerBoundaryIs>
        </Polygon>
      </Placemark>
      <Placemark xmlns="http://www.opengis.net/kml/2.2">
        <styleUrl>#Parti singole_style_map</styleUrl>
        <name>T02037</name>
        <Polygon>
          <outerBoundaryIs>
            <LinearRing>
              <coordinates>8.43866172492844,39.316885214916 8.43854318340308,39.3169607284174 8.43856357069101,39.3169802807076 8.4386151546031,39.3170297816149 8.43856114336672,39.3170633107334 8.43857290455501,39.3170750722701 8.43872982853357,39.3169737303108 8.43875319595102,39.3169499018692 8.43875979351987,39.3169357510054 8.4387450043997,39.3169312824801 8.43872730176679,39.316951714221 8.43866172492844,39.316885214916</coordinates>
            </LinearRing>
          </outerBoundaryIs>
        </Polygon>
      </Placemark>
      <Placemark xmlns="http://www.opengis.net/kml/2.2">
        <styleUrl>#Parti singole_style_map</styleUrl>
        <name>T01978</name>
        <Polygon>
          <outerBoundaryIs>
            <LinearRing>
              <coordinates>8.43728626924372,39.3179783411839 8.43724434584712,39.3180971350454 8.43729765668649,39.318113305266 8.43734597696507,39.3180298262173 8.4373439686808,39.318026097138 8.43731595453547,39.3180144731217 8.43732740996605,39.317997804849 8.43728626924372,39.3179783411839</coordinates>
            </LinearRing>
          </outerBoundaryIs>
        </Polygon>
      </Placemark>
      <Placemark xmlns="http://www.opengis.net/kml/2.2">
        <styleUrl>#Parti singole_style_map</styleUrl>
        <name>T02008</name>
        <Polygon>
          <outerBoundaryIs>
            <LinearRing>
              <coordinates>8.43743486824636,39.3107497129257 8.43755986783409,39.3107442982138 8.43755719690916,39.3108373559411 8.43769268478067,39.3109271979472 8.43777776505057,39.3110182919658 8.43781716484653,39.3110823045465 8.43798998355757,39.3109223991785 8.43806660167488,39.3108520359556 8.43791429726502,39.3107416139865 8.43779592030447,39.3105848519912 8.43777815350413,39.3105613205115 8.43769201205085,39.3105332776439 8.43768954615481,39.3105399335805 8.4376688358672,39.3105957263235 8.43762073856271,39.3105822302066 8.43755068785366,39.3106595180102 8.43758641161343,39.3106596636824 8.437583234457,39.310698637254 8.43754508953802,39.3106981104401 8.43755035643065,39.3106617960935 8.43743486824636,39.3107497129257</coordinates>
            </LinearRing>
          </outerBoundaryIs>
          <innerBoundaryIs>
            <LinearRing>
              <coordinates>8.43759040522291,39.3107432023782 8.43763176486752,39.310742059732 8.43763392836209,39.3107890875783 8.4375925686898,39.310790230225 8.43759040522291,39.3107432023782</coordinates>
            </LinearRing>
          </innerBoundaryIs>
          <innerBoundaryIs>
            <LinearRing>
              <coordinates>8.43771921525747,39.3109151798673 8.43789704874782,39.3109691658107 8.43782270979425,39.3110387740311 8.43771921525747,39.3109151798673</coordinates>
            </LinearRing>
          </innerBoundaryIs>
          <innerBoundaryIs>
            <LinearRing>
              <coordinates>8.43762325687376,39.310823889051 8.43768821074897,39.310780528568 8.43772261034211,39.3108113309205 8.43770953797777,39.310820053089 8.43771745879224,39.3108260113457 8.43778621625752,39.3107682702285 8.43798235124872,39.3108847429914 8.43791346160691,39.3109517555073 8.43765616800488,39.3108710925571 8.43768971283182,39.3108464214433 8.4376693765836,39.3108337803727 8.43764724317789,39.3108485679333 8.43762325687376,39.310823889051</coordinates>
            </LinearRing>
          </innerBoundaryIs>
        </Polygon>
      </Placemark>
      <Placemark xmlns="http://www.opengis.net/kml/2.2">
        <styleUrl>#Parti singole_style_map</styleUrl>
        <name>T02010</name>
        <Polygon>
          <outerBoundaryIs>
            <LinearRing>
              <coordinates>8.43782080602361,39.3110882150836 8.43782826005027,39.3111003253265 8.43802893849138,39.3109144868136 8.43808418812573,39.3108647898241 8.43806660167488,39.3108520359556 8.43798998355757,39.3109223991785 8.43781716484653,39.3110823045465 8.43782080602361,39.3110882150836</coordinates>
            </LinearRing>
          </outerBoundaryIs>
        </Polygon>
      </Placemark>
      <Placemark xmlns="http://www.opengis.net/kml/2.2">
        <styleUrl>#Parti singole_style_map</styleUrl>
        <name>T01953</name>
        <Polygon>
          <outerBoundaryIs>
            <LinearRing>
              <coordinates>8.4364357665824,39.3208228265608 8.43648816512854,39.3208201519492 8.4364863879021,39.3207785414044 8.43643347412965,39.3207818172294 8.4364357665824,39.3208228265608</coordinates>
            </LinearRing>
          </outerBoundaryIs>
        </Polygon>
      </Placemark>
      <Placemark xmlns="http://www.opengis.net/kml/2.2">
        <styleUrl>#Parti singole_style_map</styleUrl>
        <name>T03097</name>
        <Polygon>
          <outerBoundaryIs>
            <LinearRing>
              <coordinates>8.43782725995194,39.3136210843768 8.4377558352668,39.3139144670818 8.43777526895487,39.313918255352 8.43781280874557,39.3138077143897 8.43787352794338,39.3136286245645 8.43782725995194,39.3136210843768</coordinates>
            </LinearRing>
          </outerBoundaryIs>
        </Polygon>
      </Placemark>
      <Placemark xmlns="http://www.opengis.net/kml/2.2">
        <styleUrl>#Parti singole_style_map</styleUrl>
        <name>T02026</name>
        <Polygon>
          <outerBoundaryIs>
            <LinearRing>
              <coordinates>8.43615907223392,39.3156206829182 8.43617395365689,39.3157002556275 8.43621794259975,39.3158126148264 8.43625389252247,39.3158788097562 8.43628926844743,39.315890821116 8.43639097799962,39.3159136962617 8.43659633449566,39.3159088611135 8.43677794102191,39.3158815192647 8.43680725963391,39.3158692355774 8.43679319837725,39.3158492720843 8.43638714411126,39.3158797617644 8.43640138967043,39.3156138106353 8.43617414668264,39.3155722428708 8.43615907223392,39.3156206829182</coordinates>
            </LinearRing>
          </outerBoundaryIs>
        </Polygon>
      </Placemark>
      <Placemark xmlns="http://www.opengis.net/kml/2.2">
        <styleUrl>#Parti singole_style_map</styleUrl>
        <name>T02032</name>
        <Polygon>
          <outerBoundaryIs>
            <LinearRing>
              <coordinates>8.43670454292121,39.3125704047544 8.43674538431915,39.3126339921515 8.43681062000091,39.3126671156134 8.43670933556562,39.3125470093798 8.43670454292121,39.3125704047544</coordinates>
            </LinearRing>
          </outerBoundaryIs>
        </Polygon>
      </Placemark>
      <Placemark xmlns="http://www.opengis.net/kml/2.2">
        <styleUrl>#Parti singole_style_map</styleUrl>
        <name>T02034</name>
        <Polygon>
          <outerBoundaryIs>
            <LinearRing>
              <coordinates>8.43767041747995,39.3121157704755 8.43779422058768,39.3121137737686 8.43798214931432,39.3121560675351 8.43803257019872,39.3119939038162 8.43805364045655,39.3119235876524 8.43787207720877,39.3118816761723 8.4378656283895,39.3118801852929 8.43783604031243,39.3119480814617 8.4377829118686,39.3119341015598 8.4377517303198,39.31192576923 8.43767041747995,39.3121157704755</coordinates>
            </LinearRing>
          </outerBoundaryIs>
          <innerBoundaryIs>
            <LinearRing>
              <coordinates>8.43777529160398,39.3120093664266 8.43782601856119,39.3120248575209 8.43780786200668,39.312071679033 8.43775648831778,39.3120601765068 8.43777529160398,39.3120093664266</coordinates>
            </LinearRing>
          </innerBoundaryIs>
        </Polygon>
      </Placemark>
      <Placemark xmlns="http://www.opengis.net/kml/2.2">
        <styleUrl>#Parti singole_style_map</styleUrl>
        <name>T02029</name>
        <Polygon>
          <outerBoundaryIs>
            <LinearRing>
              <coordinates>8.43751083839237,39.3118793805071 8.43763465308152,39.311909191489 8.43764442157642,39.3119118427758 8.43765835955023,39.3118660371173 8.43767741061694,39.311845116453 8.43763867204814,39.3118331883732 8.43764815241615,39.3118124377044 8.43768273850028,39.3118229130226 8.43769443178812,39.3117952348738 8.43773207582568,39.3118062385625 8.43775033575713,39.3117580929995 8.43770260847444,39.3117475361653 8.43769053901192,39.3117584617668 8.43757729597781,39.3118308823065 8.43754087448513,39.3118569451304 8.43751083839237,39.3118793805071</coordinates>
            </LinearRing>
          </outerBoundaryIs>
        </Polygon>
      </Placemark>
      <Placemark xmlns="http://www.opengis.net/kml/2.2">
        <styleUrl>#Parti singole_style_map</styleUrl>
        <name>T02024</name>
        <Polygon>
          <outerBoundaryIs>
            <LinearRing>
              <coordinates>8.43730433813952,39.3119748495239 8.43740225174548,39.31199743511 8.43749663524777,39.312021967859 8.43751834425243,39.311979128241 8.43755906036972,39.3119541584505 8.43756641562528,39.3119554374743 8.43760763991551,39.3119625929588 8.43763465308152,39.311909191489 8.43751083839237,39.3118793805071 8.43746510744622,39.3119135348792 8.43736886817359,39.3119425612239 8.43729600211898,39.3119729259863 8.43730433813952,39.3119748495239</coordinates>
            </LinearRing>
          </outerBoundaryIs>
        </Polygon>
      </Placemark>
      <Placemark xmlns="http://www.opengis.net/kml/2.2">
        <styleUrl>#Parti singole_style_map</styleUrl>
        <name>T03098</name>
        <Polygon>
          <outerBoundaryIs>
            <LinearRing>
              <coordinates>8.43839913154689,39.3114222564807 8.43849670908182,39.3113939926297 8.43847716391716,39.3113491155413 8.43842632539735,39.3112968608852 8.43836496699972,39.3112561520818 8.43834795186831,39.3112676575881 8.43832019508082,39.3112488265572 8.43833926697501,39.311209307974 8.43829061864136,39.311197926968 8.43825958471563,39.3112972993592 8.43834000825502,39.3113254313389 8.4383647298126,39.3113481493081 8.43839913154689,39.3114222564807</coordinates>
            </LinearRing>
          </outerBoundaryIs>
        </Polygon>
      </Placemark>
      <Placemark xmlns="http://www.opengis.net/kml/2.2">
        <styleUrl>#Parti singole_style_map</styleUrl>
        <name>T03099</name>
        <Polygon>
          <outerBoundaryIs>
            <LinearRing>
              <coordinates>8.43856114336672,39.3170633107334 8.43853778091519,39.3170778041725 8.4385518523642,39.31709223499 8.43857544781893,39.3170776165241 8.43857290455501,39.3170750722701 8.43856114336672,39.3170633107334</coordinates>
            </LinearRing>
          </outerBoundaryIs>
        </Polygon>
      </Placemark>
      <Placemark xmlns="http://www.opengis.net/kml/2.2">
        <styleUrl>#Parti singole_style_map</styleUrl>
        <name>T03095</name>
        <Polygon>
          <outerBoundaryIs>
            <LinearRing>
              <coordinates>8.43850617480566,39.3170453936596 8.43853778091519,39.3170778041725 8.43856114336672,39.3170633107334 8.43852854105597,39.3170307242172 8.43850617480566,39.3170453936596</coordinates>
            </LinearRing>
          </outerBoundaryIs>
        </Polygon>
      </Placemark>
      <Placemark xmlns="http://www.opengis.net/kml/2.2">
        <styleUrl>#Parti singole_style_map</styleUrl>
        <name>T03100</name>
        <Polygon>
          <outerBoundaryIs>
            <LinearRing>
              <coordinates>8.43825958471563,39.3112972993592 8.43825729908921,39.3113046229629 8.43834152008505,39.3113321875878 8.43838301798693,39.3114138528869 8.43821885716591,39.3114643847485 8.43831207799293,39.3114471650486 8.43839913154689,39.3114222564807 8.4383647298126,39.3113481493081 8.43834000825502,39.3113254313389 8.43825958471563,39.3112972993592</coordinates>
            </LinearRing>
          </outerBoundaryIs>
        </Polygon>
      </Placemark>
      <Placemark xmlns="http://www.opengis.net/kml/2.2">
        <styleUrl>#Parti singole_style_map</styleUrl>
        <name>T03101</name>
        <Polygon>
          <outerBoundaryIs>
            <LinearRing>
              <coordinates>8.43808538851743,39.3118176680615 8.43819360460282,39.3118385096314 8.43824272114254,39.3118479646672 8.43842838201187,39.3118837050581 8.43846671157807,39.3118090208849 8.43857623736985,39.3116980071017 8.43854033168127,39.3116538259848 8.43849359476484,39.3116775145864 8.4384535379673,39.3116998748106 8.43813684072987,39.3116410742653 8.4381125101442,39.3117245752501 8.43808538851743,39.3118176680615</coordinates>
            </LinearRing>
          </outerBoundaryIs>
        </Polygon>
      </Placemark>
      <Placemark xmlns="http://www.opengis.net/kml/2.2">
        <styleUrl>#Parti singole_style_map</styleUrl>
        <name>T03102</name>
        <Polygon>
          <outerBoundaryIs>
            <LinearRing>
              <coordinates>8.44073969632177,39.3116217723609 8.44145606799739,39.3119386751696 8.44243566547686,39.3124238922022 8.44359022022668,39.3114760698065 8.44391769118475,39.3112017124717 8.44508834538089,39.3095971949328 8.4458933505202,39.3084978616557 8.44581946770191,39.3085477529612 8.44567878816119,39.3085976323335 8.44558210909769,39.3085952253532 8.44547852719846,39.3085533729366 8.44538531857076,39.308434664232 8.44534552663008,39.308291863432 8.44532404622546,39.308139139121 8.44526429109823,39.3080656339013 8.4450814149943,39.3079689428139 8.44493432999605,39.3079268553702 8.44478457869081,39.3079110209778 8.44459834747613,39.3079175027562 8.44410116660318,39.3079391414823 8.44389786842411,39.3079624084712 8.44360264507687,39.3080669888714 8.44305060555157,39.3082665187195 8.4426506082318,39.3083843813147 8.44250774612807,39.3084079804385 8.44215768977889,39.3084340101236 8.44189350934182,39.3085038368849 8.44181967833292,39.3084622320622 8.44177683934054,39.3084716408508 8.44173309108129,39.3084976698536 8.44170834711755,39.3085594450605 8.44172813799208,39.3087734341125 8.44167544059121,39.3089694595381 8.44152123622256,39.3091749814655 8.44138115567614,39.3093720829952 8.44113345866623,39.3097515559383 8.44102358931631,39.3098512531954 8.44092382428126,39.3099201105084 8.44082683985645,39.3099514699007 8.44076029048978,39.3099479242168 8.44080652332708,39.3115163900744 8.44082363502054,39.3115495142468 8.44078823190926,39.3115527410781 8.44073969632177,39.3116217723609</coordinates>
            </LinearRing>
          </outerBoundaryIs>
        </Polygon>
      </Placemark>
      <Placemark xmlns="http://www.opengis.net/kml/2.2">
        <styleUrl>#Parti singole_style_map</styleUrl>
        <name>T03103</name>
        <Polygon>
          <outerBoundaryIs>
            <LinearRing>
              <coordinates>8.44189350934182,39.3085038368849 8.44215768977889,39.3084340101236 8.44250774612807,39.3084079804385 8.4426506082318,39.3083843813147 8.44305060555157,39.3082665187195 8.44360264507687,39.3080669888714 8.44389786842411,39.3079624084712 8.44410116660318,39.3079391414823 8.44459834747613,39.3079175027562 8.44478457869081,39.3079110209778 8.44493432999605,39.3079268553702 8.4450814149943,39.3079689428139 8.44526429109823,39.3080656339013 8.44532404622546,39.308139139121 8.44534552663008,39.308291863432 8.44538531857076,39.308434664232 8.44547852719846,39.3085533729366 8.44558210909769,39.3085952253532 8.44567878816119,39.3085976323335 8.44581946770191,39.3085477529612 8.4458933505202,39.3084978616557 8.44607118943686,39.3082409777443 8.44596110076083,39.3083446703704 8.44571763663129,39.3085309406013 8.44559409450915,39.30855652779 8.44549771699899,39.3085203503706 8.4454166941883,39.3083904455049 8.44537562912206,39.3081356996985 8.44533102748922,39.307990983727 8.44529051223461,39.3079251031264 8.44505855618706,39.3078102017877 8.44493831560349,39.3077894804286 8.44475485187634,39.3077584464231 8.44460002202301,39.3077688535176 8.44446438095222,39.3077962379408 8.44438359844592,39.3077960774338 8.4442044974941,39.3078176043305 8.44396285215479,39.307803140972 8.44381749342844,39.3078361008231 8.44343409573028,39.3079878263017 8.44277576790356,39.3082208343817 8.44262548528046,39.3082631492105 8.4424318170014,39.3082902352199 8.44208640821726,39.3083021763353 8.44203407405699,39.3083680092393 8.44191008527192,39.3084423648589 8.44181967833292,39.3084622320622 8.44189350934182,39.3085038368849</coordinates>
            </LinearRing>
          </outerBoundaryIs>
        </Polygon>
      </Placemark>
      <Placemark xmlns="http://www.opengis.net/kml/2.2">
        <styleUrl>#Parti singole_style_map</styleUrl>
        <name>T03104</name>
        <Polygon>
          <outerBoundaryIs>
            <LinearRing>
              <coordinates>8.44208640821726,39.3083021763353 8.4424318170014,39.3082902352199 8.44262548528046,39.3082631492105 8.44277576790356,39.3082208343817 8.44343409573028,39.3079878263017 8.44381749342844,39.3078361008231 8.44396285215479,39.307803140972 8.4442044974941,39.3078176043305 8.44438359844592,39.3077960774338 8.44446438095222,39.3077962379408 8.44460002202301,39.3077688535176 8.44475485187634,39.3077584464231 8.44493831560349,39.3077894804286 8.44505855618706,39.3078102017877 8.44501854701538,39.3077903948139 8.44484248868216,39.307742519378 8.44430018982268,39.3076866144987 8.44421338945778,39.3076598708276 8.44403770198408,39.3075725924987 8.44389034912932,39.3075586516387 8.4436597142405,39.3076624416155 8.44322031154559,39.3077391013999 8.44275556340578,39.3077984368508 8.44259004262764,39.3079194675187 8.44237104114791,39.3080739773849 8.44216432929427,39.3082041630225 8.44208640821726,39.3083021763353</coordinates>
            </LinearRing>
          </outerBoundaryIs>
        </Polygon>
      </Placemark>
      <Placemark xmlns="http://www.opengis.net/kml/2.2">
        <styleUrl>#Parti singole_style_map</styleUrl>
        <name>T03105</name>
        <Polygon>
          <outerBoundaryIs>
            <LinearRing>
              <coordinates>8.43950385878107,39.307084808773 8.43955096994539,39.3072201499918 8.43956565478885,39.3073042808136 8.43970187707225,39.3074251115871 8.43973346843396,39.3075068729171 8.44069123180505,39.3091688135611 8.4408587463213,39.3090560038893 8.44111684725195,39.3088585599239 8.44123443621413,39.3086922480853 8.44122614023974,39.3086066253794 8.44106242971954,39.3082680128271 8.44107026749789,39.3082042643047 8.4410952557535,39.3081162244473 8.44125809682875,39.3080233232133 8.44136664283982,39.3080501915245 8.44148912118572,39.3081409218102 8.44185955031543,39.3083474838891 8.44202832856869,39.3083116112457 8.44212036611678,39.3081886702046 8.44229778979571,39.3080864573849 8.44273347735459,39.3077680553749 8.44329504526122,39.3076961179472 8.44365705516883,39.3076320811267 8.44387321056101,39.3075244645116 8.44404559729447,39.3075407776804 8.4442405740306,39.3076337887936 8.44434914711546,39.3076587712362 8.44458341936648,39.3076844618699 8.44485401168076,39.3077065949509 8.44505645145285,39.3077771317772 8.44532651840351,39.3079010722689 8.44539535809563,39.3080402811644 8.44541443499743,39.3080685302964 8.44541156449029,39.3081191743259 8.4454597155915,39.3083887132939 8.44552651266103,39.3084885179319 8.44559873447119,39.3085226789782 8.44570045070368,39.3085026104241 8.44591799432601,39.3083395452792 8.44606181563749,39.308205962891 8.44617490908475,39.3080653679538 8.44622484549445,39.3078765538061 8.44617586333095,39.3076811685897 8.4462808940857,39.3070670629672 8.44643175253949,39.3067407222764 8.44652680134108,39.3066568170353 8.44668893301057,39.3066408284782 8.44699376286426,39.3064240585383 8.44726948583587,39.3061460304378 8.44742877365798,39.3060122494547 8.44747180955398,39.3059568943341 8.44755749557576,39.3058391719448 8.44765792581854,39.3056428927699 8.44751943570329,39.3056660052232 8.44709399359597,39.3058940163681 8.44680172363069,39.3060626665078 8.44649686310546,39.3061995836603 8.44640553973543,39.3062405980183 8.44608160904366,39.3062541399698 8.44572508123019,39.3063257253459 8.44545660933078,39.3064983510185 8.44526726073032,39.3066136313094 8.44479475162206,39.3066185948594 8.44457393359098,39.3066549079121 8.44408850112522,39.3068623566897 8.44397592389922,39.3069052589201 8.4435175590884,39.3069633754671 8.44283307373048,39.3069159113292 8.44284353024991,39.3069721156041 8.44269746672041,39.3070808770525 8.44277589522678,39.3071758732602 8.44293950081313,39.3072638255041 8.44302505759454,39.3072132710564 8.44305452621576,39.3071653945275 8.4430912210953,39.3071701025299 8.44315643590549,39.307229001751 8.44327067824844,39.3072161226681 8.44330515162941,39.3072523391283 8.44323088810312,39.3073033713274 8.44315309103036,39.3073509625295 8.44298829836479,39.307393586833 8.44287429294112,39.3073809486917 8.44265538503213,39.3074187539919 8.44252700195283,39.3074975945454 8.44235914191258,39.3074546383975 8.44223602182926,39.3073819181724 8.44215449271528,39.3074144791172 8.44217767752813,39.307626240766 8.44214957684795,39.3076930819731 8.4422131155138,39.3077249508276 8.44223391097842,39.3077776004691 8.44235976433616,39.3077632821865 8.44239211028866,39.3078219972468 8.4423591471024,39.3078293180682 8.44241667305742,39.3078851712954 8.44238742897523,39.3079105221797 8.44239291939144,39.3079435724196 8.44224359670506,39.3079862788158 8.44220332446194,39.3079500342436 8.44216481161139,39.3079303055503 8.44204612343731,39.3080076872747 8.44201168636171,39.3079654785585 8.44208098820505,39.3077902569998 8.4420091789244,39.30779352587 8.44187352186328,39.3078227904145 8.44186239938739,39.3077701961263 8.44178353168258,39.3077232238158 8.4418046959586,39.3075237220877 8.44178535020058,39.3075251160189 8.44179203458149,39.3074283650091 8.44184682740922,39.3073581197829 8.44181517134137,39.3072243764327 8.44188741151259,39.3071507728351 8.44178550375434,39.307084163975 8.44169884134784,39.3070446600517 8.4417384831945,39.3069398134601 8.44188537961808,39.3069511327607 8.44200344833044,39.306941282824 8.44208758534876,39.306884063404 8.44207408441747,39.3068782769147 8.4412259793344,39.3066985986378 8.43939200453636,39.3070004440324 8.43950385878107,39.307084808773</coordinates>
            </LinearRing>
          </outerBoundaryIs>
        </Polygon>
      </Placemark>
      <Placemark xmlns="http://www.opengis.net/kml/2.2">
        <styleUrl>#Parti singole_style_map</styleUrl>
        <name>T03106</name>
        <Polygon>
          <outerBoundaryIs>
            <LinearRing>
              <coordinates>8.44074301024976,39.3093098623964 8.44086107615285,39.3092542757211 8.44118577594738,39.3090016823046 8.44138599261102,39.3087889119545 8.44143004124733,39.3087309959454 8.44139789246038,39.3085469528706 8.4412716140886,39.3082996447282 8.44127726814465,39.3082114939565 8.44136661141851,39.3082232493417 8.44176827083472,39.3084435586887 8.44188536172105,39.3084155027365 8.44200203374424,39.3083467346767 8.44202832856869,39.3083116112457 8.44185955031543,39.3083474838891 8.44148912118572,39.3081409218102 8.44136664283982,39.3080501915245 8.44125809682875,39.3080233232133 8.4410952557535,39.3081162244473 8.44107026749789,39.3082042643047 8.44106242971954,39.3082680128271 8.44122614023974,39.3086066253794 8.44123443621413,39.3086922480853 8.44111684725195,39.3088585599239 8.4408587463213,39.3090560038893 8.44069123180505,39.3091688135611 8.44074301024976,39.3093098623964</coordinates>
            </LinearRing>
          </outerBoundaryIs>
        </Polygon>
      </Placemark>
      <Placemark xmlns="http://www.opengis.net/kml/2.2">
        <styleUrl>#Parti singole_style_map</styleUrl>
        <name>T03107</name>
        <Polygon>
          <outerBoundaryIs>
            <LinearRing>
              <coordinates>8.44075759029417,39.3099170498734 8.44084076788948,39.3099226217736 8.44089899694589,39.3099004381567 8.44102554455778,39.3098110842472 8.44110360729296,39.3097364729313 8.44131453749331,39.309409319356 8.44162868145429,39.308961296772 8.44168118549118,39.3087721004888 8.44166893034775,39.3085512634811 8.44169132159756,39.308481971146 8.44173997420986,39.308450343066 8.44176827083472,39.3084435586887 8.44136661141851,39.3082232493417 8.44127726814465,39.3082114939565 8.4412716140886,39.3082996447282 8.44139789246038,39.3085469528706 8.44143004124733,39.3087309959454 8.44138599261102,39.3087889119545 8.44118577594738,39.3090016823046 8.44086107615285,39.3092542757211 8.44074301024976,39.3093098623964 8.44075759029417,39.3099170498734</coordinates>
            </LinearRing>
          </outerBoundaryIs>
        </Polygon>
      </Placemark>
      <Placemark xmlns="http://www.opengis.net/kml/2.2">
        <styleUrl>#Parti singole_style_map</styleUrl>
        <name>T03108</name>
        <Polygon>
          <outerBoundaryIs>
            <LinearRing>
              <coordinates>8.44615696012255,39.308117589166 8.44626729037937,39.3079493544153 8.44629523955056,39.3078321150785 8.44626161049561,39.3075430023878 8.44631860280948,39.307410961656 8.44632830648516,39.3071408513426 8.44642048882353,39.3068439214173 8.44647905580863,39.3067842073478 8.44658343511302,39.3067378757011 8.4467020814483,39.3067178867918 8.4467641995482,39.3067020351611 8.44715291644191,39.3063988102762 8.4473323674963,39.3061362372684 8.44742877365798,39.3060122494547 8.44726948583587,39.3061460304378 8.44699376286426,39.3064240585383 8.44668893301057,39.3066408284782 8.44652680134108,39.3066568170353 8.44643175253949,39.3067407222764 8.4462808940857,39.3070670629672 8.44617586333095,39.3076811685897 8.44622484549445,39.3078765538061 8.44617490908475,39.3080653679538 8.44606181563749,39.308205962891 8.44615696012255,39.308117589166</coordinates>
            </LinearRing>
          </outerBoundaryIs>
        </Polygon>
      </Placemark>
      <Placemark xmlns="http://www.opengis.net/kml/2.2">
        <styleUrl>#Parti singole_style_map</styleUrl>
        <name>T03109</name>
        <Polygon>
          <outerBoundaryIs>
            <LinearRing>
              <coordinates>8.44640024090616,39.3077894809239 8.44770561706674,39.3060027602746 8.44755029080469,39.3061062937602 8.44744281665141,39.3061982774307 8.44722253792192,39.3064935003524 8.44712739311961,39.3065867857698 8.44688827344414,39.3067498227522 8.44666296546462,39.3068011120999 8.44654406239168,39.3068492399247 8.44650932326105,39.3069466056471 8.44642459820358,39.3072509868646 8.44640024090616,39.3077894809239</coordinates>
            </LinearRing>
          </outerBoundaryIs>
        </Polygon>
      </Placemark>
      <Placemark xmlns="http://www.opengis.net/kml/2.2">
        <styleUrl>#Parti singole_style_map</styleUrl>
        <name>T03110</name>
        <Polygon>
          <outerBoundaryIs>
            <LinearRing>
              <coordinates>8.44632745791687,39.3078177072481 8.44631089590312,39.3079117533835 8.44640024090616,39.3077894809239 8.44642459820358,39.3072509868646 8.44650932326105,39.3069466056471 8.44654406239168,39.3068492399247 8.44666296546462,39.3068011120999 8.44688827344414,39.3067498227522 8.44712739311961,39.3065867857698 8.44722253792192,39.3064935003524 8.44744281665141,39.3061982774307 8.44755029080469,39.3061062937602 8.44770561706674,39.3060027602746 8.44778080582225,39.3058998554198 8.44769726378508,39.305814335475 8.44755368127987,39.3058979481633 8.4473610771323,39.3061431045841 8.44727450859617,39.3062741313211 8.44717855276707,39.3064041852901 8.44678813745769,39.306711006434 8.446590397854,39.3067609489866 8.44650300171852,39.3068009909279 8.44644439922353,39.3068652101521 8.44636066578154,39.3071394194685 8.44634856733427,39.3074087705068 8.44629509049183,39.3075465587407 8.44632745791687,39.3078177072481</coordinates>
            </LinearRing>
          </outerBoundaryIs>
        </Polygon>
      </Placemark>
      <Placemark xmlns="http://www.opengis.net/kml/2.2">
        <styleUrl>#Parti singole_style_map</styleUrl>
        <name>T03111</name>
        <Polygon>
          <outerBoundaryIs>
            <LinearRing>
              <coordinates>8.44755368127987,39.3058979481633 8.44769726378508,39.305814335475 8.44764181843581,39.3057575846367 8.44759002287202,39.305851688973 8.44755368127987,39.3058979481633</coordinates>
            </LinearRing>
          </outerBoundaryIs>
        </Polygon>
      </Placemark>
      <Placemark xmlns="http://www.opengis.net/kml/2.2">
        <styleUrl>#Parti singole_style_map</styleUrl>
        <name>T03112</name>
        <Polygon>
          <outerBoundaryIs>
            <LinearRing>
              <coordinates>8.43650863989074,39.3136978638499 8.43653182639881,39.3137846852539 8.43658121144471,39.313838870958 8.43666041195901,39.3138664665423 8.43662230870635,39.313838853731 8.43656163023515,39.313734964888 8.43652033374055,39.3136283045169 8.43652925972305,39.3135047221781 8.43655162808697,39.313505596418 8.43666548771164,39.3135100313875 8.43673421843121,39.3135066608201 8.43666830725815,39.3134983582789 8.43668854557121,39.3134032952198 8.43671730632361,39.3133013893134 8.43671002808782,39.3133006152031 8.43666902427438,39.3132962537576 8.43665382448422,39.3133560826947 8.43661845609094,39.3135037214755 8.43655982070204,39.3134950576402 8.43659496777734,39.3133489946623 8.43661016465124,39.3132895351539 8.43657609162082,39.3132786565256 8.43657988148199,39.3132371359648 8.43653489945081,39.3133208879881 8.43650776683887,39.3134525818018 8.43650863989074,39.3136978638499</coordinates>
            </LinearRing>
          </outerBoundaryIs>
        </Polygon>
      </Placemark>
      <Placemark xmlns="http://www.opengis.net/kml/2.2">
        <styleUrl>#Parti singole_style_map</styleUrl>
        <name>T03113</name>
        <Polygon>
          <outerBoundaryIs>
            <LinearRing>
              <coordinates>8.43697005418593,39.3191344123239 8.43701973690904,39.3190767866856 8.43703535721627,39.3190586608621 8.437116225802,39.3190308940496 8.43703081049147,39.319010855637 8.43697005418593,39.3191344123239</coordinates>
            </LinearRing>
          </outerBoundaryIs>
        </Polygon>
      </Placemark>
      <Placemark xmlns="http://www.opengis.net/kml/2.2">
        <styleUrl>#Parti singole_style_map</styleUrl>
        <name>T03114</name>
        <Polygon>
          <outerBoundaryIs>
            <LinearRing>
              <coordinates>8.43643274313758,39.3193010116501 8.43646053654424,39.3193098325111 8.43662461999771,39.3192554913847 8.43666957567629,39.3191552589024 8.43641857790427,39.3191624590925 8.43643274313758,39.3193010116501</coordinates>
            </LinearRing>
          </outerBoundaryIs>
          <innerBoundaryIs>
            <LinearRing>
              <coordinates>8.43646598108538,39.3192024254848 8.43652014945957,39.3192045620792 8.43652397618202,39.3192625368034 8.4364685960156,39.3192653952244 8.43646598108538,39.3192024254848</coordinates>
            </LinearRing>
          </innerBoundaryIs>
        </Polygon>
      </Placemark>
      <Placemark xmlns="http://www.opengis.net/kml/2.2">
        <styleUrl>#Parti singole_style_map</styleUrl>
        <name>T03115</name>
        <Polygon>
          <outerBoundaryIs>
            <LinearRing>
              <coordinates>8.4376426346351,39.3158693210955 8.43777013934305,39.316057718427 8.43779828451064,39.3160456540843 8.43766937855831,39.3158598540753 8.4376426346351,39.3158693210955</coordinates>
            </LinearRing>
          </outerBoundaryIs>
        </Polygon>
      </Placemark>
      <Placemark xmlns="http://www.opengis.net/kml/2.2">
        <styleUrl>#Parti singole_style_map</styleUrl>
        <name>T03116</name>
        <Polygon>
          <outerBoundaryIs>
            <LinearRing>
              <coordinates>8.43646367351999,39.3181316934425 8.43647036729758,39.3181345281657 8.43651228462134,39.3180659082231 8.43656064977605,39.318079883652 8.43650845346702,39.3180638927857 8.43650771534935,39.3180672016387 8.43646367351999,39.3181316934425</coordinates>
            </LinearRing>
          </outerBoundaryIs>
        </Polygon>
      </Placemark>
      <Placemark xmlns="http://www.opengis.net/kml/2.2">
        <styleUrl>#Parti singole_style_map</styleUrl>
        <name>T03117</name>
        <Polygon>
          <outerBoundaryIs>
            <LinearRing>
              <coordinates>8.43775171823859,39.31035579578 8.43796042850047,39.3104284026088 8.43801397970674,39.3103894290856 8.43805808053677,39.3103573480643 8.43787689651849,39.310380125631 8.43791043266993,39.3101913350551 8.43799149487283,39.3101974664395 8.43783470788384,39.3101154331751 8.43777064395113,39.3102997781406 8.43775171823859,39.31035579578</coordinates>
            </LinearRing>
          </outerBoundaryIs>
        </Polygon>
      </Placemark>
      <Placemark xmlns="http://www.opengis.net/kml/2.2">
        <styleUrl>#Parti singole_style_map</styleUrl>
        <name>T03118</name>
        <Polygon>
          <outerBoundaryIs>
            <LinearRing>
              <coordinates>8.43803737062191,39.3104102394591 8.43812155589847,39.3103493648804 8.43805808053677,39.3103573480643 8.43801397970674,39.3103894290856 8.43803737062191,39.3104102394591</coordinates>
            </LinearRing>
          </outerBoundaryIs>
        </Polygon>
      </Placemark>
      <Placemark xmlns="http://www.opengis.net/kml/2.2">
        <styleUrl>#Parti singole_style_map</styleUrl>
        <name>T03119</name>
        <Polygon>
          <outerBoundaryIs>
            <LinearRing>
              <coordinates>8.43815346368793,39.310326289613 8.4381888363974,39.3103007080968 8.43816263959743,39.3102870115999 8.43815346368793,39.310326289613</coordinates>
            </LinearRing>
          </outerBoundaryIs>
        </Polygon>
      </Placemark>
      <Placemark xmlns="http://www.opengis.net/kml/2.2">
        <styleUrl>#Parti singole_style_map</styleUrl>
        <name>T03120</name>
        <Polygon>
          <outerBoundaryIs>
            <LinearRing>
              <coordinates>8.43801376922179,39.310427317707 8.4380487446876,39.3104571766321 8.43809912292252,39.3105001663227 8.43816645889804,39.310557654871 8.43834039170867,39.3104307602286 8.43821715810287,39.3103155682076 8.4382055847135,39.3103094752083 8.4381888363974,39.3103007080968 8.43815346368793,39.310326289613 8.43814886413075,39.3103459285632 8.43812155589847,39.3103493648804 8.43803737062191,39.3104102394591 8.43801376922179,39.310427317707</coordinates>
            </LinearRing>
          </outerBoundaryIs>
        </Polygon>
      </Placemark>
      <Placemark xmlns="http://www.opengis.net/kml/2.2">
        <styleUrl>#Parti singole_style_map</styleUrl>
        <name>T03121</name>
        <Polygon>
          <outerBoundaryIs>
            <LinearRing>
              <coordinates>8.43631388772213,39.3185531563197 8.43632571820177,39.3185541449668 8.43631947457344,39.3185032721444 8.43631388772213,39.3185531563197</coordinates>
            </LinearRing>
          </outerBoundaryIs>
        </Polygon>
      </Placemark>
      <Placemark xmlns="http://www.opengis.net/kml/2.2">
        <styleUrl>#Parti singole_style_map</styleUrl>
        <name>T01973</name>
        <Polygon>
          <outerBoundaryIs>
            <LinearRing>
              <coordinates>8.43662040670889,39.3185447327145 8.43668951177489,39.3184693152223 8.43661152150018,39.3184478257061 8.43650893515624,39.318419549156 8.43651047235793,39.3184159163184 8.43650078261277,39.3184134635521 8.43650148016806,39.3184118270012 8.43639094141217,39.3183727801987 8.43637114514523,39.3183677735095 8.43634120769659,39.3183601947121 8.43633607571817,39.3183694417566 8.43630901624998,39.3184180580034 8.43631947457344,39.3185032721444 8.43632571820177,39.3185541449668 8.43638385449845,39.3185590310622 8.43638481958317,39.3185443034029 8.43642584324641,39.3185480162847 8.43642604027739,39.3185595958634 8.43662040670889,39.3185447327145</coordinates>
            </LinearRing>
          </outerBoundaryIs>
        </Polygon>
      </Placemark>
      <Placemark xmlns="http://www.opengis.net/kml/2.2">
        <styleUrl>#Parti singole_style_map</styleUrl>
        <name>T03122</name>
        <Polygon>
          <outerBoundaryIs>
            <LinearRing>
              <coordinates>8.43629401264571,39.3185514954004 8.43631388772213,39.3185531563197 8.43631947457344,39.3185032721444 8.43630901624998,39.3184180580034 8.43633607571817,39.3183694417566 8.43629904087451,39.318358728912 8.43626451137536,39.3184462707974 8.43629401264571,39.3185514954004</coordinates>
            </LinearRing>
          </outerBoundaryIs>
        </Polygon>
      </Placemark>
      <Placemark xmlns="http://www.opengis.net/kml/2.2">
        <styleUrl>#Parti singole_style_map</styleUrl>
        <name>T03123</name>
        <Polygon>
          <outerBoundaryIs>
            <LinearRing>
              <coordinates>8.43641144905255,39.3182270699767 8.43646599452225,39.3181416884341 8.43647036729758,39.3181345281657 8.43646367351999,39.3181316934425 8.43640053337559,39.3182241607327 8.43641144905255,39.3182270699767</coordinates>
            </LinearRing>
          </outerBoundaryIs>
        </Polygon>
      </Placemark>
      <Placemark xmlns="http://www.opengis.net/kml/2.2">
        <styleUrl>#Parti singole_style_map</styleUrl>
        <name>T03124</name>
        <Polygon>
          <outerBoundaryIs>
            <LinearRing>
              <coordinates>8.4365806127651,39.3182722125447 8.43667729116141,39.3182980005291 8.43668057621854,39.3182905015936 8.43658202434236,39.3182697775078 8.4365806127651,39.3182722125447</coordinates>
            </LinearRing>
          </outerBoundaryIs>
        </Polygon>
      </Placemark>
      <Placemark xmlns="http://www.opengis.net/kml/2.2">
        <styleUrl>#Parti singole_style_map</styleUrl>
        <name>T01957</name>
        <Polygon>
          <outerBoundaryIs>
            <LinearRing>
              <coordinates>8.43694309659277,39.3199656629833 8.43699409964792,39.3199806872176 8.43701854721539,39.3199149560647 8.4369739667054,39.3199019002045 8.43694309659277,39.3199656629833</coordinates>
            </LinearRing>
          </outerBoundaryIs>
        </Polygon>
      </Placemark>
      <Placemark xmlns="http://www.opengis.net/kml/2.2">
        <styleUrl>#Parti singole_style_map</styleUrl>
        <name>T01941</name>
        <Polygon>
          <outerBoundaryIs>
            <LinearRing>
              <coordinates>8.44009766218772,39.3319265371984 8.44016819823818,39.3318867345482 8.44020745138975,39.3319286694909 8.44025582882635,39.3318973111912 8.44018152722744,39.3318085057397 8.44005509393426,39.331879846694 8.44009766218772,39.3319265371984</coordinates>
            </LinearRing>
          </outerBoundaryIs>
        </Polygon>
      </Placemark>
      <Placemark xmlns="http://www.opengis.net/kml/2.2">
        <styleUrl>#Parti singole_style_map</styleUrl>
        <name>T03079</name>
        <Polygon>
          <outerBoundaryIs>
            <LinearRing>
              <coordinates>8.43629723751648,39.3212957508338 8.43626139546313,39.3212897424475 8.43624553740155,39.3212848550808 8.43623177515815,39.3213058064051 8.43628772492661,39.3213232247077 8.43629723751648,39.3212957508338</coordinates>
            </LinearRing>
          </outerBoundaryIs>
        </Polygon>
      </Placemark>
      <Placemark xmlns="http://www.opengis.net/kml/2.2">
        <styleUrl>#Parti singole_style_map</styleUrl>
        <name>T03080</name>
        <Polygon>
          <outerBoundaryIs>
            <LinearRing>
              <coordinates>8.43626139546313,39.3212897424475 8.43626762217892,39.3212521070728 8.4362616880834,39.3212602676343 8.43624553740155,39.3212848550808 8.43626139546313,39.3212897424475</coordinates>
            </LinearRing>
          </outerBoundaryIs>
        </Polygon>
      </Placemark>
      <Placemark xmlns="http://www.opengis.net/kml/2.2">
        <styleUrl>#Parti singole_style_map</styleUrl>
        <name>T03081</name>
        <Polygon>
          <outerBoundaryIs>
            <LinearRing>
              <coordinates>8.43623177515815,39.3213058064051 8.43624553740155,39.3212848550808 8.43617316294948,39.3212597091347 8.43616406410281,39.3212840843369 8.43623177515815,39.3213058064051</coordinates>
            </LinearRing>
          </outerBoundaryIs>
        </Polygon>
      </Placemark>
      <Placemark xmlns="http://www.opengis.net/kml/2.2">
        <styleUrl>#Parti singole_style_map</styleUrl>
        <name>T03125</name>
        <Polygon>
          <outerBoundaryIs>
            <LinearRing>
              <coordinates>8.43780062432084,39.3105449396766 8.43777815350413,39.3105613205115 8.43779592030447,39.3105848519912 8.43782775828361,39.3105618305408 8.43779908808777,39.3105600700864 8.43780062432084,39.3105449396766</coordinates>
            </LinearRing>
          </outerBoundaryIs>
        </Polygon>
      </Placemark>
      <Placemark xmlns="http://www.opengis.net/kml/2.2">
        <styleUrl>#Parti singole_style_map</styleUrl>
        <name>T03127</name>
        <Polygon>
          <outerBoundaryIs>
            <LinearRing>
              <coordinates>8.43784915473735,39.3105463545771 8.43801376922179,39.310427317707 8.43803737062191,39.3104102394591 8.43801397970674,39.3103894290856 8.43796042850047,39.3104284026088 8.43785320797665,39.310506592296 8.43784915473735,39.3105463545771</coordinates>
            </LinearRing>
          </outerBoundaryIs>
        </Polygon>
      </Placemark>
      <Placemark xmlns="http://www.opengis.net/kml/2.2">
        <styleUrl>#Parti singole_style_map</styleUrl>
        <name>T03128</name>
        <Polygon>
          <outerBoundaryIs>
            <LinearRing>
              <coordinates>8.43821715810287,39.3103155682076 8.43834039170867,39.3104307602286 8.43836121525115,39.310441934805 8.43842641866952,39.3104861853252 8.43844245277513,39.3104957959528 8.43848167088204,39.310454941895 8.43821715810287,39.3103155682076</coordinates>
            </LinearRing>
          </outerBoundaryIs>
        </Polygon>
      </Placemark>
      <Placemark xmlns="http://www.opengis.net/kml/2.2">
        <styleUrl>#Parti singole_style_map</styleUrl>
        <name>T03129</name>
        <Polygon>
          <outerBoundaryIs>
            <LinearRing>
              <coordinates>8.43780062432084,39.3105449396766 8.43780584932271,39.3104935593659 8.43785422804087,39.3104965323676 8.43785320797665,39.310506592296 8.43796042850047,39.3104284026088 8.43775171823859,39.31035579578 8.43769201205085,39.3105332776439 8.43777815350413,39.3105613205115 8.43780062432084,39.3105449396766</coordinates>
            </LinearRing>
          </outerBoundaryIs>
        </Polygon>
      </Placemark>
      <Placemark xmlns="http://www.opengis.net/kml/2.2">
        <styleUrl>#Parti singole_style_map</styleUrl>
        <name>T03130</name>
        <Polygon>
          <outerBoundaryIs>
            <LinearRing>
              <coordinates>8.43844245277513,39.3104957959528 8.43844801768185,39.3104990215825 8.43846770280423,39.3105104159102 8.43847491866448,39.3105146046326 8.43850093531636,39.3104875021429 8.43851331802106,39.3104746026209 8.43849845376197,39.3104653682302 8.43848167088204,39.310454941895 8.43844245277513,39.3104957959528</coordinates>
            </LinearRing>
          </outerBoundaryIs>
        </Polygon>
      </Placemark>
      <Placemark xmlns="http://www.opengis.net/kml/2.2">
        <styleUrl>#Parti singole_style_map</styleUrl>
        <name>T03131</name>
        <Polygon>
          <outerBoundaryIs>
            <LinearRing>
              <coordinates>8.43779908808777,39.3105600700864 8.43782775828361,39.3105618305408 8.43784915473735,39.3105463545771 8.43785320797665,39.310506592296 8.43780062432084,39.3105449396766 8.43779908808777,39.3105600700864</coordinates>
            </LinearRing>
          </outerBoundaryIs>
        </Polygon>
      </Placemark>
      <Placemark xmlns="http://www.opengis.net/kml/2.2">
        <styleUrl>#Parti singole_style_map</styleUrl>
        <name>T03132</name>
        <Polygon>
          <outerBoundaryIs>
            <LinearRing>
              <coordinates>8.43780062432084,39.3105449396766 8.43785320797665,39.310506592296 8.43785422804087,39.3104965323676 8.43780584932271,39.3104935593659 8.43780062432084,39.3105449396766</coordinates>
            </LinearRing>
          </outerBoundaryIs>
        </Polygon>
      </Placemark>
      <Placemark xmlns="http://www.opengis.net/kml/2.2">
        <styleUrl>#Parti singole_style_map</styleUrl>
        <name>T03133</name>
        <Polygon>
          <outerBoundaryIs>
            <LinearRing>
              <coordinates>8.43696066386674,39.3124320071358 8.4369844894505,39.3124362673239 8.43708063759171,39.3124534292581 8.43708947722552,39.31242726917 8.43706436582832,39.3124227955375 8.43709860960171,39.3123125181582 8.43709893689736,39.3123122043704 8.43712419687491,39.3123169490327 8.43713273179043,39.3122882825161 8.43704740408016,39.3122728039059 8.43701141879538,39.3124122041521 8.43697015018694,39.312406210611 8.43696066386674,39.3124320071358</coordinates>
            </LinearRing>
          </outerBoundaryIs>
        </Polygon>
      </Placemark>
      <Placemark xmlns="http://www.opengis.net/kml/2.2">
        <styleUrl>#Parti singole_style_map</styleUrl>
        <name>T03134</name>
        <Polygon>
          <outerBoundaryIs>
            <LinearRing>
              <coordinates>8.43683667354803,39.3122345881904 8.43704740408016,39.3122728039059 8.43713273179043,39.3122882825161 8.43714260159657,39.3122551531933 8.43686015509833,39.3122036422761 8.43683667354803,39.3122345881904</coordinates>
            </LinearRing>
          </outerBoundaryIs>
        </Polygon>
      </Placemark>
      <Placemark xmlns="http://www.opengis.net/kml/2.2">
        <styleUrl>#Parti singole_style_map</styleUrl>
        <name>T03135</name>
        <Polygon>
          <outerBoundaryIs>
            <LinearRing>
              <coordinates>8.43655659370951,39.3147974805331 8.43660623831386,39.3147630481435 8.43669727609958,39.3148450079625 8.43671425790455,39.3148320157955 8.43675019063634,39.3148627627669 8.43669982902535,39.3149027062378 8.4366793806245,39.3148851266442 8.43665830582528,39.3148964590555 8.43669114344357,39.3149269567812 8.43684650596728,39.314837801111 8.43684691586679,39.3147982735563 8.43665465575521,39.3146386929277 8.43654564397299,39.3146702607838 8.43656912723552,39.3146926937964 8.43649499144864,39.3147406676254 8.43655659370951,39.3147974805331</coordinates>
            </LinearRing>
          </outerBoundaryIs>
        </Polygon>
      </Placemark>
      <Placemark xmlns="http://www.opengis.net/kml/2.2">
        <styleUrl>#Parti singole_style_map</styleUrl>
        <name>T03136</name>
        <Polygon>
          <outerBoundaryIs>
            <LinearRing>
              <coordinates>8.43661870432256,39.3155916789482 8.43670520760642,39.3156158227589 8.43674254667313,39.3155320697435 8.43688086837557,39.3155675203161 8.43701287535275,39.3152593116389 8.43701878571392,39.3152455359901 8.43707258335611,39.3151199451609 8.43676507942372,39.315057139605 8.43663411421563,39.3154811663915 8.43665985689003,39.3154894997139 8.43661870432256,39.3155916789482</coordinates>
            </LinearRing>
          </outerBoundaryIs>
          <innerBoundaryIs>
            <LinearRing>
              <coordinates>8.4366619229694,39.3155775073086 8.43666289443588,39.3155749800322 8.43666451365888,39.3155726811577 8.43666673373473,39.315570673532 8.43666942613044,39.3155690736708 8.43667249747268,39.3155679532067 8.43667579668056,39.3155673474505 8.43667918427258,39.3155672917692 8.43668250952942,39.3155677764224 8.4366856449305,39.315568791782 8.43668842837401,39.3155703010207 8.4366907561888,39.3155722135305 8.43669251288736,39.3155744656778 8.43669364134051,39.3155769490589 8.43669406114799,39.3155795641677 8.43669379644841,39.3155821939833 8.43669282512755,39.3155847032394 8.43669118256185,39.3155870200225 8.43668897415784,39.3155890186945 8.4366862818341,39.3155906095459 8.43668321041878,39.3155917390207 8.43667991120982,39.3155923447771 8.43667652361659,39.3155924004584 8.43667318675926,39.3155919157488 8.43667006295671,39.315590900445 8.43666727944047,39.3155894002162 8.43666495169807,39.3155874786957 8.43666319492777,39.3155852355582 8.43666206654788,39.3155827431666 8.43666163514221,39.3155801280015 8.4366619229694,39.3155775073086</coordinates>
            </LinearRing>
          </innerBoundaryIs>
          <innerBoundaryIs>
            <LinearRing>
              <coordinates>8.43671155309949,39.3154365243786 8.43676112776873,39.3153241137917 8.43680982274886,39.3152996424534 8.43682308282091,39.3152661961962 8.43689736931722,39.3152847932626 8.43688388737186,39.315318427677 8.4369113880683,39.3153606583487 8.43686309261439,39.3154712460383 8.43681366858711,39.3154925961984 8.43679842109922,39.3155308535065 8.43672518210305,39.3155132345946 8.43673819824591,39.3154769488262 8.43671155309949,39.3154365243786</coordinates>
            </LinearRing>
          </innerBoundaryIs>
        </Polygon>
      </Placemark>
      <Placemark xmlns="http://www.opengis.net/kml/2.2">
        <styleUrl>#Parti singole_style_map</styleUrl>
        <name>T03137</name>
        <Polygon>
          <outerBoundaryIs>
            <LinearRing>
              <coordinates>8.43808944047026,39.3161443573035 8.43810122734988,39.3161412875546 8.43822381534767,39.3161093783362 8.43822134225323,39.3161038699235 8.43819099123926,39.3160364591742 8.43815351184631,39.316046622347 8.43809722299587,39.3160618847677 8.43805817418839,39.3160724728384 8.43808944047026,39.3161443573035</coordinates>
            </LinearRing>
          </outerBoundaryIs>
        </Polygon>
      </Placemark>
      <Placemark xmlns="http://www.opengis.net/kml/2.2">
        <styleUrl>#Parti singole_style_map</styleUrl>
        <name>T03139</name>
        <Polygon>
          <outerBoundaryIs>
            <LinearRing>
              <coordinates>8.43805817418839,39.3160724728384 8.43809722299587,39.3160618847677 8.43808183710796,39.3160276602518 8.43804310489249,39.3160378263482 8.43805817418839,39.3160724728384</coordinates>
            </LinearRing>
          </outerBoundaryIs>
        </Polygon>
      </Placemark>
      <Placemark xmlns="http://www.opengis.net/kml/2.2">
        <styleUrl>#Parti singole_style_map</styleUrl>
        <name>T03138</name>
        <Polygon>
          <outerBoundaryIs>
            <LinearRing>
              <coordinates>8.43815351184631,39.316046622347 8.43819099123926,39.3160364591742 8.43817590112704,39.3160029569474 8.43813870338183,39.3160127159984 8.43815351184631,39.316046622347</coordinates>
            </LinearRing>
          </outerBoundaryIs>
        </Polygon>
      </Placemark>
      <Placemark xmlns="http://www.opengis.net/kml/2.2">
        <styleUrl>#Parti singole_style_map</styleUrl>
        <name>T03140</name>
        <Polygon>
          <outerBoundaryIs>
            <LinearRing>
              <coordinates>8.43832320607758,39.3163946204508 8.43832570493978,39.3163693667752 8.43830260706173,39.3163754635615 8.43832320607758,39.3163946204508</coordinates>
            </LinearRing>
          </outerBoundaryIs>
        </Polygon>
      </Placemark>
      <Placemark xmlns="http://www.opengis.net/kml/2.2">
        <styleUrl>#Parti singole_style_map</styleUrl>
        <name>T03141</name>
        <Polygon>
          <outerBoundaryIs>
            <LinearRing>
              <coordinates>8.43677566673332,39.3150054970047 8.43674179874636,39.3150412403046 8.43675511201414,39.3150503153704 8.43682612150296,39.3150204555878 8.43689883033984,39.3150043271431 8.4370581649533,39.3149839683901 8.43690410343082,39.3148342864469 8.43684691586679,39.3147982735563 8.43684650596728,39.314837801111 8.43669114344357,39.3149269567812 8.43677566673332,39.3150054970047</coordinates>
            </LinearRing>
          </outerBoundaryIs>
        </Polygon>
      </Placemark>
      <Placemark xmlns="http://www.opengis.net/kml/2.2">
        <styleUrl>#Parti singole_style_map</styleUrl>
        <name>T03142</name>
        <Polygon>
          <outerBoundaryIs>
            <LinearRing>
              <coordinates>8.43782174755515,39.3179898055596 8.43784888277006,39.3180141391691 8.4380021435921,39.3179186734481 8.43797510608665,39.317885032392 8.43786319196123,39.3179699211964 8.43774105143284,39.3179455429376 8.43782174755515,39.3179898055596</coordinates>
            </LinearRing>
          </outerBoundaryIs>
        </Polygon>
      </Placemark>
      <Placemark xmlns="http://www.opengis.net/kml/2.2">
        <styleUrl>#Parti singole_style_map</styleUrl>
        <name>T03143</name>
        <Polygon>
          <outerBoundaryIs>
            <LinearRing>
              <coordinates>8.43757262752428,39.3178486126793 8.43760232587853,39.3178179760331 8.43763078438442,39.3177886128913 8.43770489199587,39.3177328801034 8.43753653164713,39.3178278579438 8.43757262752428,39.3178486126793</coordinates>
            </LinearRing>
          </outerBoundaryIs>
        </Polygon>
      </Placemark>
      <Placemark xmlns="http://www.opengis.net/kml/2.2">
        <styleUrl>#Parti singole_style_map</styleUrl>
        <name>T03145</name>
        <Polygon>
          <outerBoundaryIs>
            <LinearRing>
              <coordinates>8.43779143134032,39.3139220728631 8.43783049823478,39.3138105841503 8.43781280874557,39.3138077143897 8.43777526895487,39.313918255352 8.43779143134032,39.3139220728631</coordinates>
            </LinearRing>
          </outerBoundaryIs>
        </Polygon>
      </Placemark>
      <Placemark xmlns="http://www.opengis.net/kml/2.2">
        <styleUrl>#Parti singole_style_map</styleUrl>
        <name>T03146</name>
        <Polygon>
          <outerBoundaryIs>
            <LinearRing>
              <coordinates>8.43656678616202,39.3202576316068 8.43663708522117,39.3202056655362 8.43678509370301,39.3201858380423 8.43677771966376,39.3201463178911 8.43675478582001,39.320130357208 8.43663855570326,39.320169882554 8.4366008439566,39.3201826751838 8.43660315694844,39.3201864528166 8.4366120197215,39.3202009126991 8.43657691349749,39.3202258371964 8.43650516085853,39.3202767870022 8.43656678616202,39.3202576316068</coordinates>
            </LinearRing>
          </outerBoundaryIs>
        </Polygon>
      </Placemark>
      <Placemark xmlns="http://www.opengis.net/kml/2.2">
        <styleUrl>#Parti singole_style_map</styleUrl>
        <name>T02819</name>
        <Polygon>
          <outerBoundaryIs>
            <LinearRing>
              <coordinates>8.52702469651299,39.3627544604825 8.5274005354464,39.3626932570515 8.52738036122066,39.3626055113168 8.52747655537285,39.3625897553208 8.52746950211748,39.3625633167068 8.52757617831338,39.3625492161127 8.52758329091534,39.3625737447227 8.52760200150794,39.3625704327644 8.52759196935132,39.3625313041974 8.52752811686432,39.3625414880161 8.52751492129277,39.3624912275573 8.52754349690111,39.3624864058751 8.52753391723628,39.3624507572174 8.52756980316033,39.3624445776042 8.5276158780755,39.3624370427345 8.52772340154821,39.3624194763807 8.5277106923236,39.3623676500805 8.52769680312478,39.3623152332994 8.52742795288798,39.3623610499967 8.5273630687022,39.3623710493215 8.52722994666723,39.362501008119 8.52701247649394,39.3627093309459 8.52702469651299,39.3627544604825</coordinates>
            </LinearRing>
          </outerBoundaryIs>
          <innerBoundaryIs>
            <LinearRing>
              <coordinates>8.52738101903131,39.3625148677526 8.52743991915241,39.3625040782026 8.52745209590401,39.3625539380648 8.52739190186339,39.3625638122954 8.52738101903131,39.3625148677526</coordinates>
            </LinearRing>
          </innerBoundaryIs>
        </Polygon>
      </Placemark>
      <Placemark xmlns="http://www.opengis.net/kml/2.2">
        <styleUrl>#Parti singole_style_map</styleUrl>
        <name>T01493</name>
        <Polygon>
          <outerBoundaryIs>
            <LinearRing>
              <coordinates>8.52729509332581,39.3630646672426 8.52734383758165,39.3630607025045 8.5273404878114,39.3630358918285 8.52729217328871,39.3630398222699 8.52729509332581,39.3630646672426</coordinates>
            </LinearRing>
          </outerBoundaryIs>
        </Polygon>
      </Placemark>
      <Placemark xmlns="http://www.opengis.net/kml/2.2">
        <styleUrl>#Parti singole_style_map</styleUrl>
        <name>T01494</name>
        <Polygon>
          <outerBoundaryIs>
            <LinearRing>
              <coordinates>8.5267146820741,39.3613620495822 8.52687311192989,39.3615339310119 8.52732132937972,39.3616807968218 8.52754484850033,39.3616627379448 8.52765878870374,39.3617090375474 8.52747835695934,39.3614567656561 8.52737591192027,39.3613187670522 8.52733486773979,39.361129531594 8.52640058914918,39.3612275316029 8.5267146820741,39.3613620495822</coordinates>
            </LinearRing>
          </outerBoundaryIs>
        </Polygon>
      </Placemark>
      <Placemark xmlns="http://www.opengis.net/kml/2.2">
        <styleUrl>#Parti singole_style_map</styleUrl>
        <name>T01495</name>
        <Polygon>
          <outerBoundaryIs>
            <LinearRing>
              <coordinates>8.52623017221533,39.3623344516545 8.52629455420221,39.362319774435 8.52628823610691,39.3623031332233 8.52643211037671,39.362263865531 8.52640779393517,39.3622155690107 8.52626502764528,39.3622523542725 8.52627022696611,39.3622748027394 8.52621549018223,39.3622878703116 8.52623017221533,39.3623344516545</coordinates>
            </LinearRing>
          </outerBoundaryIs>
        </Polygon>
      </Placemark>
      <Placemark xmlns="http://www.opengis.net/kml/2.2">
        <styleUrl>#Parti singole_style_map</styleUrl>
        <name>T01501</name>
        <Polygon>
          <outerBoundaryIs>
            <LinearRing>
              <coordinates>8.52746010022321,39.3630916937834 8.52758033800333,39.3630823157676 8.52757132376149,39.3630127176245 8.52745101979755,39.3630215997816 8.52746010022321,39.3630916937834</coordinates>
            </LinearRing>
          </outerBoundaryIs>
        </Polygon>
      </Placemark>
      <Placemark xmlns="http://www.opengis.net/kml/2.2">
        <styleUrl>#Parti singole_style_map</styleUrl>
        <name>T01504</name>
        <Polygon>
          <outerBoundaryIs>
            <LinearRing>
              <coordinates>8.52791554123689,39.3631707731706 8.52802535181735,39.3632635951823 8.52800560139419,39.363283392311 8.52796206045197,39.3633523626027 8.52814507334047,39.3634636379095 8.52825429258597,39.3635116477918 8.52837740728893,39.3635302223697 8.52839696979921,39.363452108077 8.52803666262763,39.3631784282286 8.52795818933338,39.3631119902127 8.52787728360184,39.3631326653696 8.52791554123689,39.3631707731706</coordinates>
            </LinearRing>
          </outerBoundaryIs>
        </Polygon>
      </Placemark>
      <Placemark xmlns="http://www.opengis.net/kml/2.2">
        <styleUrl>#Parti singole_style_map</styleUrl>
        <name>T01506</name>
        <Polygon>
          <outerBoundaryIs>
            <LinearRing>
              <coordinates>8.52862254169202,39.3628829696329 8.52870246753331,39.3628888260845 8.52871311150728,39.3628060261326 8.52875517981886,39.3628108821156 8.52877981526902,39.362813739181 8.52880813138418,39.3627853715426 8.52878060241514,39.3627104993689 8.52877369074449,39.3626905490109 8.52865228584407,39.362721702056 8.52863108361776,39.3628141455572 8.52862254169202,39.3628829696329</coordinates>
            </LinearRing>
          </outerBoundaryIs>
        </Polygon>
      </Placemark>
      <Placemark xmlns="http://www.opengis.net/kml/2.2">
        <styleUrl>#Parti singole_style_map</styleUrl>
        <name>T01507</name>
        <Polygon>
          <outerBoundaryIs>
            <LinearRing>
              <coordinates>8.52772340154821,39.3624194763807 8.52782635365645,39.3624033240446 8.52794714028409,39.3623829369695 8.5280779272521,39.3623616172137 8.52807629913405,39.3623551770657 8.52806406093332,39.3623092095793 8.52781646606673,39.3623496169952 8.5277106923236,39.3623676500805 8.52772340154821,39.3624194763807</coordinates>
            </LinearRing>
          </outerBoundaryIs>
        </Polygon>
      </Placemark>
      <Placemark xmlns="http://www.opengis.net/kml/2.2">
        <styleUrl>#Parti singole_style_map</styleUrl>
        <name>T01508</name>
        <Polygon>
          <outerBoundaryIs>
            <LinearRing>
              <coordinates>8.52918667335501,39.362399414658 8.52919629880938,39.3624439207485 8.5292065319512,39.3624705433346 8.52924113379885,39.3624654212532 8.52922089205259,39.3623960300694 8.52921380685953,39.3623414244154 8.52918110934536,39.3623447250555 8.52918667335501,39.362399414658</coordinates>
            </LinearRing>
          </outerBoundaryIs>
        </Polygon>
      </Placemark>
      <Placemark xmlns="http://www.opengis.net/kml/2.2">
        <styleUrl>#Parti singole_style_map</styleUrl>
        <name>T01513</name>
        <Polygon>
          <outerBoundaryIs>
            <LinearRing>
              <coordinates>8.52883722669839,39.3619643944866 8.52883156316287,39.3619340553808 8.52871242229961,39.3619501336872 8.52870949188293,39.3619360312746 8.52867005510654,39.3619402791058 8.52858964789574,39.3619553393424 8.52858437835801,39.3619677310709 8.52859679616394,39.3619848913482 8.52863694277961,39.3619917638703 8.52883722669839,39.3619643944866</coordinates>
            </LinearRing>
          </outerBoundaryIs>
        </Polygon>
      </Placemark>
      <Placemark xmlns="http://www.opengis.net/kml/2.2">
        <styleUrl>#Parti singole_style_map</styleUrl>
        <name>T01516</name>
        <Polygon>
          <outerBoundaryIs>
            <LinearRing>
              <coordinates>8.52733486773979,39.361129531594 8.52737591192027,39.3613187670522 8.52747835695934,39.3614567656561 8.52765878870374,39.3617090375474 8.52770855080376,39.3617295765057 8.52769223205191,39.3616880436201 8.52768678006176,39.3616806328152 8.52741687771949,39.3613131217322 8.52738102081307,39.3611567508717 8.52737398900267,39.3611254376186 8.52733486773979,39.361129531594</coordinates>
            </LinearRing>
          </outerBoundaryIs>
        </Polygon>
      </Placemark>
      <Placemark xmlns="http://www.opengis.net/kml/2.2">
        <styleUrl>#Parti singole_style_map</styleUrl>
        <name>T01479</name>
        <Polygon>
          <outerBoundaryIs>
            <LinearRing>
              <coordinates>8.53406181279276,39.3748949002838 8.53461764543455,39.3747573277545 8.53529491503937,39.3744706359092 8.53516413458742,39.3743374509075 8.5349654269437,39.3742934778178 8.53483498712922,39.374376600932 8.53431306695984,39.374420276308 8.53412882266366,39.3744796565917 8.53401336371371,39.3746823095989 8.53406181279276,39.3748949002838</coordinates>
            </LinearRing>
          </outerBoundaryIs>
        </Polygon>
      </Placemark>
      <Placemark xmlns="http://www.opengis.net/kml/2.2">
        <styleUrl>#Parti singole_style_map</styleUrl>
        <name>T01480</name>
        <Polygon>
          <outerBoundaryIs>
            <LinearRing>
              <coordinates>8.52991017749565,39.374277069121 8.52994346523024,39.3742990903056 8.53006229068828,39.3743490294862 8.53028501563175,39.3743410630727 8.53053039361785,39.3743014976191 8.53067751829616,39.3743418370647 8.53087166375726,39.3735655061967 8.53100307962438,39.3731862418832 8.53098172215471,39.3731527356241 8.53100998683053,39.3731412170183 8.53103012788,39.3730737732298 8.53094527662852,39.3728897780359 8.53079408213713,39.3729219033286 8.5306332779508,39.3732013290948 8.53063301202921,39.3735528563969 8.5305134540709,39.3736279271276 8.52962485792001,39.3739732781265 8.52991017749565,39.374277069121</coordinates>
            </LinearRing>
          </outerBoundaryIs>
        </Polygon>
      </Placemark>
      <Placemark xmlns="http://www.opengis.net/kml/2.2">
        <styleUrl>#Parti singole_style_map</styleUrl>
        <name>T01481</name>
        <Polygon>
          <outerBoundaryIs>
            <LinearRing>
              <coordinates>8.53067751829616,39.3743418370647 8.53093075155756,39.3745265208262 8.53121068041365,39.3748823678066 8.53130546480397,39.3749322087854 8.53136086062271,39.3749191505317 8.53126739061294,39.3744144266545 8.53126281639323,39.3735782748042 8.53108329442355,39.3731819339836 8.53106962782468,39.373158009934 8.53100307962438,39.3731862418832 8.53087166375726,39.3735655061967 8.53067751829616,39.3743418370647</coordinates>
            </LinearRing>
          </outerBoundaryIs>
        </Polygon>
      </Placemark>
      <Placemark xmlns="http://www.opengis.net/kml/2.2">
        <styleUrl>#Parti singole_style_map</styleUrl>
        <name>T01482</name>
        <Polygon>
          <outerBoundaryIs>
            <LinearRing>
              <coordinates>8.53103012788,39.3730737732298 8.53100998683053,39.3731412170183 8.53116922614745,39.3730762624266 8.53120275877776,39.3731327856199 8.53108329442355,39.3731819339836 8.53126281639323,39.3735782748042 8.53126739061294,39.3744144266545 8.53136086062271,39.3749191505317 8.53150598604402,39.3747952276921 8.5315768855693,39.3747085165523 8.53172339390005,39.3745061261872 8.53195331310413,39.3741686699814 8.53200636556141,39.3740388253365 8.53214838421162,39.3739937224166 8.53224777819127,39.3740468700304 8.53311074019711,39.3745009466822 8.53396234179216,39.3749035392076 8.53394176772216,39.374656054256 8.53400924533156,39.3745248068136 8.53416534535057,39.3743907967692 8.53429200199818,39.3743651825679 8.53481852705378,39.3743203182954 8.53492008180989,39.3742529922865 8.53449164100237,39.3740646153453 8.53331099194989,39.3735499307781 8.53190254304991,39.3729476809741 8.53159008902925,39.3726630229982 8.53142203591248,39.3727233202447 8.53137662851218,39.3727411853713 8.53094527662852,39.3728897780359 8.53103012788,39.3730737732298</coordinates>
            </LinearRing>
          </outerBoundaryIs>
          <innerBoundaryIs>
            <LinearRing>
              <coordinates>8.53144317680868,39.3730859807795 8.53150448526619,39.3730721803803 8.53152228366857,39.3731205936676 8.53146209540397,39.3731352726128 8.53144317680868,39.3730859807795</coordinates>
            </LinearRing>
          </innerBoundaryIs>
          <innerBoundaryIs>
            <LinearRing>
              <coordinates>8.53165597390841,39.3729943268322 8.53177898327079,39.3728662958155 8.5318295262245,39.3728999014259 8.53170335285995,39.3730219277397 8.53165597390841,39.3729943268322</coordinates>
            </LinearRing>
          </innerBoundaryIs>
          <innerBoundaryIs>
            <LinearRing>
              <coordinates>8.53106019974882,39.3729015588253 8.53110745678087,39.3728866297092 8.5311169888204,39.3729021212333 8.53132563952636,39.3728402220091 8.53131807274005,39.3728207647728 8.531406624592,39.3727953334927 8.53142135201809,39.3728342282957 8.53138603609407,39.3728429613575 8.53141251500263,39.3729091964641 8.53114469964137,39.3729837333578 8.53115098518308,39.3730003471167 8.53110191882736,39.3730115385879 8.53106019974882,39.3729015588253</coordinates>
            </LinearRing>
          </innerBoundaryIs>
        </Polygon>
      </Placemark>
      <Placemark xmlns="http://www.opengis.net/kml/2.2">
        <styleUrl>#Parti singole_style_map</styleUrl>
        <name>T03314</name>
        <Polygon>
          <outerBoundaryIs>
            <LinearRing>
              <coordinates>8.52441789725256,39.3632111429526 8.52449175508173,39.3630386945622 8.52443745809623,39.3630330031092 8.52430986304887,39.3630882025144 8.52441789725256,39.3632111429526</coordinates>
            </LinearRing>
          </outerBoundaryIs>
        </Polygon>
      </Placemark>
      <Placemark xmlns="http://www.opengis.net/kml/2.2">
        <styleUrl>#Parti singole_style_map</styleUrl>
        <name>T02820</name>
        <Polygon>
          <outerBoundaryIs>
            <LinearRing>
              <coordinates>8.52747655537285,39.3625897553208 8.52758329091534,39.3625737447227 8.52757617831338,39.3625492161127 8.52746950211748,39.3625633167068 8.52747655537285,39.3625897553208</coordinates>
            </LinearRing>
          </outerBoundaryIs>
        </Polygon>
      </Placemark>
      <Placemark xmlns="http://www.opengis.net/kml/2.2">
        <styleUrl>#Parti singole_style_map</styleUrl>
        <name>T02821</name>
        <Polygon>
          <outerBoundaryIs>
            <LinearRing>
              <coordinates>8.52754349690111,39.3624864058751 8.52757887260809,39.3624801521017 8.52756980316033,39.3624445776042 8.52753391723628,39.3624507572174 8.52754349690111,39.3624864058751</coordinates>
            </LinearRing>
          </outerBoundaryIs>
        </Polygon>
      </Placemark>
      <Placemark xmlns="http://www.opengis.net/kml/2.2">
        <styleUrl>#Parti singole_style_map</styleUrl>
        <name>T02827</name>
        <Polygon>
          <outerBoundaryIs>
            <LinearRing>
              <coordinates>8.52769330064521,39.3626023766313 8.52776634182822,39.3625911487709 8.52786850178672,39.3625754527201 8.52790107165262,39.3625704489351 8.52789846623789,39.3625574541396 8.52785796276479,39.3625632907255 8.52785514730234,39.3625642434239 8.5278510426012,39.3625498098608 8.52784600844625,39.3625320566372 8.52779194075172,39.3625405863447 8.52774405340887,39.3625483572083 8.52770612638418,39.3625542582682 8.52768090872975,39.3625585800276 8.52769330064521,39.3626023766313</coordinates>
            </LinearRing>
          </outerBoundaryIs>
        </Polygon>
      </Placemark>
      <Placemark xmlns="http://www.opengis.net/kml/2.2">
        <styleUrl>#Parti singole_style_map</styleUrl>
        <name>T02828</name>
        <Polygon>
          <outerBoundaryIs>
            <LinearRing>
              <coordinates>8.52770612638418,39.3625542582682 8.52774405340887,39.3625483572083 8.52773706893572,39.362527199078 8.52770047067999,39.3625322855716 8.527706092534,39.3625541139617 8.52770612638418,39.3625542582682</coordinates>
            </LinearRing>
          </outerBoundaryIs>
        </Polygon>
      </Placemark>
      <Placemark xmlns="http://www.opengis.net/kml/2.2">
        <styleUrl>#Parti singole_style_map</styleUrl>
        <name>T02829</name>
        <Polygon>
          <outerBoundaryIs>
            <LinearRing>
              <coordinates>8.52774405340887,39.3625483572083 8.52779194075172,39.3625405863447 8.5277866480147,39.362519867594 8.52773706893572,39.362527199078 8.52774405340887,39.3625483572083</coordinates>
            </LinearRing>
          </outerBoundaryIs>
        </Polygon>
      </Placemark>
      <Placemark xmlns="http://www.opengis.net/kml/2.2">
        <styleUrl>#Parti singole_style_map</styleUrl>
        <name>T02830</name>
        <Polygon>
          <outerBoundaryIs>
            <LinearRing>
              <coordinates>8.52757887260809,39.3624801521017 8.52758916473218,39.3625203179407 8.52763500846632,39.3625143679831 8.5276158780755,39.3624370427345 8.52756980316033,39.3624445776042 8.52757887260809,39.3624801521017</coordinates>
            </LinearRing>
          </outerBoundaryIs>
        </Polygon>
      </Placemark>
      <Placemark xmlns="http://www.opengis.net/kml/2.2">
        <styleUrl>#Parti singole_style_map</styleUrl>
        <name>T02831</name>
        <Polygon>
          <outerBoundaryIs>
            <LinearRing>
              <coordinates>8.52774373738924,39.3624970768246 8.52776232323148,39.3624898807822 8.52784118266677,39.3624644308062 8.52782635365645,39.3624033240446 8.52772340154821,39.3624194763807 8.52774373738924,39.3624970768246</coordinates>
            </LinearRing>
          </outerBoundaryIs>
        </Polygon>
      </Placemark>
      <Placemark xmlns="http://www.opengis.net/kml/2.2">
        <styleUrl>#Parti singole_style_map</styleUrl>
        <name>T02835</name>
        <Polygon>
          <outerBoundaryIs>
            <LinearRing>
              <coordinates>8.52888362616913,39.3625041694938 8.52889575669728,39.3625610572571 8.52888576551425,39.3625623413315 8.52891377600653,39.362650199651 8.52894715669667,39.3626419910984 8.52897503791408,39.3626351298651 8.52895416369376,39.3625355326755 8.52895110497642,39.3625225991408 8.52892700558444,39.3625263490245 8.52892487256262,39.3625173027909 8.52889246789863,39.3625219200779 8.52888808851788,39.362503421675 8.52888362616913,39.3625041694938</coordinates>
            </LinearRing>
          </outerBoundaryIs>
        </Polygon>
      </Placemark>
      <Placemark xmlns="http://www.opengis.net/kml/2.2">
        <styleUrl>#Parti singole_style_map</styleUrl>
        <name>T02836</name>
        <Polygon>
          <outerBoundaryIs>
            <LinearRing>
              <coordinates>8.52858887319095,39.3624594629476 8.52870197953289,39.3624401973049 8.52869749683274,39.3624215362858 8.52858427184037,39.3624411888974 8.52858887319095,39.3624594629476</coordinates>
            </LinearRing>
          </outerBoundaryIs>
        </Polygon>
      </Placemark>
      <Placemark xmlns="http://www.opengis.net/kml/2.2">
        <styleUrl>#Parti singole_style_map</styleUrl>
        <name>T02837</name>
        <Polygon>
          <outerBoundaryIs>
            <LinearRing>
              <coordinates>8.52875127542202,39.3624318010155 8.52891086523515,39.3624046230436 8.52892315743176,39.3624564565354 8.52896951621868,39.3624498413567 8.52895562931664,39.3623934871188 8.5289527942928,39.3623800859408 8.52874543966017,39.362414116666 8.52875127542202,39.3624318010155</coordinates>
            </LinearRing>
          </outerBoundaryIs>
        </Polygon>
      </Placemark>
      <Placemark xmlns="http://www.opengis.net/kml/2.2">
        <styleUrl>#Parti singole_style_map</styleUrl>
        <name>T02839</name>
        <Polygon>
          <outerBoundaryIs>
            <LinearRing>
              <coordinates>8.52861891817734,39.3625812994006 8.52886071599642,39.362545119777 8.52885083465119,39.3625093528671 8.52861041737043,39.362545664215 8.52861891817734,39.3625812994006</coordinates>
            </LinearRing>
          </outerBoundaryIs>
        </Polygon>
      </Placemark>
      <Placemark xmlns="http://www.opengis.net/kml/2.2">
        <styleUrl>#Parti singole_style_map</styleUrl>
        <name>T02840</name>
        <Polygon>
          <outerBoundaryIs>
            <LinearRing>
              <coordinates>8.52902895880385,39.3623375762598 8.52914791115498,39.3623171624869 8.52913178152004,39.3622663406825 8.52913925349793,39.3622495572311 8.52920077320771,39.3622409759726 8.529180242916,39.3621005263228 8.52917543938526,39.3621019575742 8.52897725288545,39.3621623006339 8.52902895880385,39.3623375762598</coordinates>
            </LinearRing>
          </outerBoundaryIs>
        </Polygon>
      </Placemark>
      <Placemark xmlns="http://www.opengis.net/kml/2.2">
        <styleUrl>#Parti singole_style_map</styleUrl>
        <name>T02841</name>
        <Polygon>
          <outerBoundaryIs>
            <LinearRing>
              <coordinates>8.528583310573,39.3621044242871 8.52871671893867,39.3620781045658 8.52868847484357,39.3620043377627 8.52855394052687,39.362030679919 8.528583310573,39.3621044242871</coordinates>
            </LinearRing>
          </outerBoundaryIs>
        </Polygon>
      </Placemark>
      <Placemark xmlns="http://www.opengis.net/kml/2.2">
        <styleUrl>#Parti singole_style_map</styleUrl>
        <name>T02842</name>
        <Polygon>
          <outerBoundaryIs>
            <LinearRing>
              <coordinates>8.52888224143783,39.362045445221 8.52891205489188,39.362039474865 8.52888357313099,39.361966500075 8.52885435579262,39.3619718601209 8.52888224143783,39.362045445221</coordinates>
            </LinearRing>
          </outerBoundaryIs>
        </Polygon>
      </Placemark>
      <Placemark xmlns="http://www.opengis.net/kml/2.2">
        <styleUrl>#Parti singole_style_map</styleUrl>
        <name>T02843</name>
        <Polygon>
          <outerBoundaryIs>
            <LinearRing>
              <coordinates>8.5266489246514,39.3631080556303 8.52686611734826,39.3632334114125 8.52696874075179,39.3632919470283 8.52699850023969,39.3632373289362 8.52699340646252,39.3632181157251 8.52700708571311,39.363215603358 8.52700069415659,39.3631960514776 8.5269432904614,39.3632034499095 8.52693156836728,39.3631516185372 8.52689675399541,39.3631554775874 8.52679348475059,39.3631221418138 8.52676104434321,39.3630958971944 8.52664752225915,39.3630991474889 8.5266489246514,39.3631080556303</coordinates>
            </LinearRing>
          </outerBoundaryIs>
        </Polygon>
      </Placemark>
      <Placemark xmlns="http://www.opengis.net/kml/2.2">
        <styleUrl>#Parti singole_style_map</styleUrl>
        <name>T02844</name>
        <Polygon>
          <outerBoundaryIs>
            <LinearRing>
              <coordinates>8.52848966202937,39.3633635046932 8.52852091709402,39.363376264228 8.52853848886468,39.3633800658445 8.52852446319024,39.3633340100713 8.52849619370204,39.3632794986997 8.52843785561456,39.3633291626151 8.52848966202937,39.3633635046932</coordinates>
            </LinearRing>
          </outerBoundaryIs>
        </Polygon>
      </Placemark>
      <Placemark xmlns="http://www.opengis.net/kml/2.2">
        <styleUrl>#Parti singole_style_map</styleUrl>
        <name>T01484</name>
        <Polygon>
          <outerBoundaryIs>
            <LinearRing>
              <coordinates>8.53078201612696,39.372326320636 8.53083232975299,39.3723819024776 8.53106723757882,39.3723098466401 8.53069644908637,39.372188744687 8.53078201612696,39.372326320636</coordinates>
            </LinearRing>
          </outerBoundaryIs>
        </Polygon>
      </Placemark>
      <Placemark xmlns="http://www.opengis.net/kml/2.2">
        <styleUrl>#Parti singole_style_map</styleUrl>
        <name>T01509</name>
        <Polygon>
          <outerBoundaryIs>
            <LinearRing>
              <coordinates>8.52916611102274,39.3624468440914 8.52919629880938,39.3624439207485 8.52918667335501,39.362399414658 8.52915705529497,39.362403926164 8.52916611102274,39.3624468440914</coordinates>
            </LinearRing>
          </outerBoundaryIs>
        </Polygon>
      </Placemark>
      <Placemark xmlns="http://www.opengis.net/kml/2.2">
        <styleUrl>#Parti singole_style_map</styleUrl>
        <name>T01510</name>
        <Polygon>
          <outerBoundaryIs>
            <LinearRing>
              <coordinates>8.52918110934536,39.3623447250555 8.52921380685953,39.3623414244154 8.52920442980939,39.3622651300709 8.52917059187012,39.3622671375807 8.52918110934536,39.3623447250555</coordinates>
            </LinearRing>
          </outerBoundaryIs>
        </Polygon>
      </Placemark>
      <Placemark xmlns="http://www.opengis.net/kml/2.2">
        <styleUrl>#Parti singole_style_map</styleUrl>
        <name>T01485</name>
        <Polygon>
          <outerBoundaryIs>
            <LinearRing>
              <coordinates>8.5295190492306,39.3705112235152 8.52989289944352,39.3710739936357 8.53010666266356,39.3713395785686 8.53073486051187,39.3721511365139 8.53113214290108,39.3722875820158 8.53132560537675,39.3722224408127 8.53040370361595,39.3712270654715 8.5299652036772,39.3707949679568 8.52961114402565,39.3704712919283 8.5295190492306,39.3705112235152</coordinates>
            </LinearRing>
          </outerBoundaryIs>
          <innerBoundaryIs>
            <LinearRing>
              <coordinates>8.53015017452224,39.3711109585705 8.53019220716173,39.3710803483763 8.53038235065419,39.3712432342613 8.53030986087697,39.3712955991078 8.53023574489732,39.3712390288275 8.53011655513106,39.3711351331749 8.53015017452224,39.3711109585705</coordinates>
            </LinearRing>
          </innerBoundaryIs>
        </Polygon>
      </Placemark>
      <Placemark xmlns="http://www.opengis.net/kml/2.2">
        <styleUrl>#Parti singole_style_map</styleUrl>
        <name>T02833</name>
        <Polygon>
          <outerBoundaryIs>
            <LinearRing>
              <coordinates>8.52807629913405,39.3623551770657 8.52817411720163,39.3623395171874 8.52815163835628,39.3623267030644 8.52808596935865,39.362303306469 8.52806406093332,39.3623092095793 8.52807629913405,39.3623551770657</coordinates>
            </LinearRing>
          </outerBoundaryIs>
        </Polygon>
      </Placemark>
      <Placemark xmlns="http://www.opengis.net/kml/2.2">
        <styleUrl>#Parti singole_style_map</styleUrl>
        <name>T02848</name>
        <Polygon>
          <outerBoundaryIs>
            <LinearRing>
              <coordinates>8.52843900426699,39.3627203868094 8.52845249695297,39.3627886965201 8.52856482389309,39.3627749423152 8.52855942224049,39.3627462217808 8.52859175408268,39.3627403698451 8.52859062314485,39.3627342110475 8.52858938334981,39.3627235285072 8.52848680143078,39.362741548204 8.52846521552468,39.3626546619451 8.5284267844846,39.3626578400067 8.52843900426699,39.3627203868094</coordinates>
            </LinearRing>
          </outerBoundaryIs>
        </Polygon>
      </Placemark>
      <Placemark xmlns="http://www.opengis.net/kml/2.2">
        <styleUrl>#Parti singole_style_map</styleUrl>
        <name>T02850</name>
        <Polygon>
          <outerBoundaryIs>
            <LinearRing>
              <coordinates>8.52696874075179,39.3632919470283 8.5270830687174,39.3633568015048 8.52723547317915,39.3633747845719 8.52738824479009,39.3633676024401 8.52736865833631,39.3633269212531 8.52734153895538,39.3631966895364 8.52727722877358,39.3632006360475 8.52726456832017,39.3631691377263 8.52725718918725,39.3631634761274 8.52717312052827,39.3631608636603 8.52713678241375,39.3631703481861 8.52714538915949,39.363150623028 8.52712160078881,39.3631099607539 8.52713599474653,39.3631081811333 8.52711837689572,39.3630544696284 8.52710619060053,39.3630559248341 8.52711817151094,39.3630935025372 8.52711166588823,39.3630977290652 8.52711365300146,39.363126643021 8.52708282064761,39.3631321402211 8.52709391550368,39.3631840501226 8.52709722094485,39.3631964981372 8.52707836127251,39.3631995120588 8.52708205163325,39.3632134033288 8.52709483769498,39.3632159602638 8.52711234215558,39.3632142383488 8.52712121851176,39.3632508843484 8.52705807396303,39.3632609806797 8.52704027882856,39.3632490143647 8.52703042866172,39.363255182576 8.5270289505472,39.3632368490863 8.52699850023969,39.3632373289362 8.52696874075179,39.3632919470283</coordinates>
            </LinearRing>
          </outerBoundaryIs>
          <innerBoundaryIs>
            <LinearRing>
              <coordinates>8.52727473787683,39.3633547785696 8.52729601271268,39.3633550993306 8.52729562496245,39.3633712807186 8.52727433523166,39.3633714464672 8.52727473787683,39.3633547785696</coordinates>
            </LinearRing>
          </innerBoundaryIs>
        </Polygon>
      </Placemark>
      <Placemark xmlns="http://www.opengis.net/kml/2.2">
        <styleUrl>#Parti singole_style_map</styleUrl>
        <name>T02854</name>
        <Polygon>
          <outerBoundaryIs>
            <LinearRing>
              <coordinates>8.52842966787782,39.3628468662253 8.52848822519449,39.3629698365212 8.52850543966943,39.3630060206467 8.52863347251098,39.3629542514315 8.52862254169202,39.3628829696329 8.52863108361776,39.3628141455572 8.52865228584407,39.362721702056 8.52859062314485,39.3627342110475 8.52859175408268,39.3627403698451 8.52855942224049,39.3627462217808 8.52856482389309,39.3627749423152 8.52845249695297,39.3627886965201 8.52841603092454,39.362794819989 8.52842966787782,39.3628468662253</coordinates>
            </LinearRing>
          </outerBoundaryIs>
        </Polygon>
      </Placemark>
      <Placemark xmlns="http://www.opengis.net/kml/2.2">
        <styleUrl>#Parti singole_style_map</styleUrl>
        <name>T02856</name>
        <Polygon>
          <outerBoundaryIs>
            <LinearRing>
              <coordinates>8.52836870214304,39.3628816970827 8.52838750074933,39.3629584441821 8.52841741085609,39.3630295867193 8.52844206821756,39.3630222980545 8.52845024552611,39.363026656284 8.52850543966943,39.3630060206467 8.52848822519449,39.3629698365212 8.52842966787782,39.3628468662253 8.52841603092454,39.362794819989 8.52835319495746,39.3628005481548 8.52836870214304,39.3628816970827</coordinates>
            </LinearRing>
          </outerBoundaryIs>
        </Polygon>
      </Placemark>
      <Placemark xmlns="http://www.opengis.net/kml/2.2">
        <styleUrl>#Parti singole_style_map</styleUrl>
        <name>T02858</name>
        <Polygon>
          <outerBoundaryIs>
            <LinearRing>
              <coordinates>8.52810876934539,39.3625304200759 8.52819992081414,39.3625308800476 8.52828163496568,39.3625279407257 8.52827751339603,39.3624642734048 8.52827614140608,39.3624577171614 8.5282648206425,39.362451318791 8.52823725203507,39.3624427820742 8.52823676882585,39.362486967904 8.5281945666722,39.3624916804061 8.52811490277674,39.3624987097711 8.52810876934539,39.3625304200759</coordinates>
            </LinearRing>
          </outerBoundaryIs>
        </Polygon>
      </Placemark>
      <Placemark xmlns="http://www.opengis.net/kml/2.2">
        <styleUrl>#Parti singole_style_map</styleUrl>
        <name>T01497</name>
        <Polygon>
          <outerBoundaryIs>
            <LinearRing>
              <coordinates>8.52713197884684,39.3592809103746 8.52706361500116,39.3589555762037 8.5268986980792,39.3588719811344 8.52671517991813,39.3588771092538 8.52655761358934,39.3589271162468 8.52646631643298,39.3589832677891 8.52630722667314,39.3590525328269 8.52614599851453,39.3590878191004 8.52599823850142,39.3590916050488 8.52576424769531,39.3590236574801 8.52553252997192,39.3595663737185 8.52640956884037,39.360292154603 8.52643539206979,39.3602273116255 8.52658590580197,39.3602595425512 8.52657664034427,39.360273714489 8.526621369196,39.3602865474122 8.52660788378868,39.3603188674701 8.52656824053757,39.3603092269652 8.5265558415051,39.3603336491756 8.52702820950561,39.3611437198061 8.52742007929431,39.3611154970653 8.52742371997724,39.3611453548444 8.52751487739947,39.3611377779516 8.52776534344669,39.3611030324436 8.52787178259545,39.3611134393386 8.5278874734512,39.3610707118811 8.52793728357585,39.3609341607835 8.5279230708214,39.360740258839 8.52791555600878,39.3607427062362 8.52788691218601,39.3607422565562 8.5279143937271,39.360982427551 8.52783434470296,39.3609865717854 8.52781541945833,39.3607995888291 8.52773228093499,39.3608298871242 8.5276729593761,39.3607983705222 8.52769191339648,39.3607898694518 8.52769089071223,39.3607779983863 8.5276728662911,39.3607725729016 8.52763996836613,39.3607626538005 8.52761557285877,39.3607553102086 8.52763119799092,39.3607171779035 8.52765678350537,39.3606547395126 8.5276848973249,39.3606425452759 8.52757271028556,39.3605809348585 8.52749747881234,39.3604628431074 8.52736616001403,39.3601349917017 8.52713197884684,39.3592809103746</coordinates>
            </LinearRing>
          </outerBoundaryIs>
          <innerBoundaryIs>
            <LinearRing>
              <coordinates>8.52679333921513,39.3603368144553 8.5267219622065,39.360335695004 8.52671806353446,39.3602925275468 8.52679049666803,39.3602936603088 8.52679333921513,39.3603368144553</coordinates>
            </LinearRing>
          </innerBoundaryIs>
          <innerBoundaryIs>
            <LinearRing>
              <coordinates>8.52763789988102,39.3608267195131 8.52745896684166,39.3608482756542 8.52740820033695,39.3607461418561 8.52755879779979,39.3607541334489 8.52763789988102,39.3608267195131</coordinates>
            </LinearRing>
          </innerBoundaryIs>
        </Polygon>
      </Placemark>
      <Placemark xmlns="http://www.opengis.net/kml/2.2">
        <styleUrl>#Parti singole_style_map</styleUrl>
        <name>T01500</name>
        <Polygon>
          <outerBoundaryIs>
            <LinearRing>
              <coordinates>8.52769089071223,39.3607779983863 8.52769191339648,39.3607898694518 8.52778869751211,39.3607464711758 8.52786342144535,39.3607418908655 8.52788691218601,39.3607422565562 8.52791555600878,39.3607427062362 8.5279230708214,39.360740258839 8.52792199660597,39.3607256934077 8.52788391990222,39.3606678171538 8.52770053257389,39.3606511237629 8.5276848973249,39.3606425452759 8.52765678350537,39.3606547395126 8.52763119799092,39.3607171779035 8.52761557285877,39.3607553102086 8.52763996836613,39.3607626538005 8.5276728662911,39.3607725729016 8.52769089071223,39.3607779983863</coordinates>
            </LinearRing>
          </outerBoundaryIs>
        </Polygon>
      </Placemark>
      <Placemark xmlns="http://www.opengis.net/kml/2.2">
        <styleUrl>#Parti singole_style_map</styleUrl>
        <name>T02860</name>
        <Polygon>
          <outerBoundaryIs>
            <LinearRing>
              <coordinates>8.52751611152233,39.3627261377026 8.52756683375362,39.3627197210243 8.52765480191243,39.36270858091 8.52762712670706,39.3626125420645 8.527634226303,39.3626114535951 8.52763161729755,39.3626007204299 8.52758158528758,39.3626115190732 8.52749543589004,39.3626301002352 8.52751611152233,39.3627261377026</coordinates>
            </LinearRing>
          </outerBoundaryIs>
        </Polygon>
      </Placemark>
      <Placemark xmlns="http://www.opengis.net/kml/2.2">
        <styleUrl>#Parti singole_style_map</styleUrl>
        <name>T03315</name>
        <Polygon>
          <outerBoundaryIs>
            <LinearRing>
              <coordinates>8.52769223205191,39.3616880436201 8.52770855080376,39.3617295765057 8.52778842047566,39.3617642311107 8.5278153274148,39.3617658361254 8.52782716803158,39.3617708580349 8.52784560107418,39.3617725277503 8.52785078104341,39.3617651871536 8.52788795882082,39.361751551941 8.52788564689432,39.3617036153762 8.52787515208255,39.3617038611048 8.52783842538071,39.3616057671772 8.52780857011706,39.3616058982448 8.52778801850672,39.361608572022 8.52774163255801,39.3615745039341 8.52772859414406,39.3615835967018 8.52772705677696,39.3615964214983 8.52773215341688,39.3616238343059 8.52774380582597,39.3616464440765 8.52768678006176,39.3616806328152 8.52769223205191,39.3616880436201</coordinates>
            </LinearRing>
          </outerBoundaryIs>
        </Polygon>
      </Placemark>
      <Placemark xmlns="http://www.opengis.net/kml/2.2">
        <styleUrl>#Parti singole_style_map</styleUrl>
        <name>T03316</name>
        <Polygon>
          <outerBoundaryIs>
            <LinearRing>
              <coordinates>8.52767211375421,39.3612975162259 8.52760907880099,39.3611779873562 8.52767996171774,39.3611509372393 8.52767756642793,39.3611119478159 8.52738102081307,39.3611567508717 8.52741687771949,39.3613131217322 8.52768678006176,39.3616806328152 8.52774380582597,39.3616464440765 8.52773215341688,39.3616238343059 8.52772705677696,39.3615964214983 8.52772859414406,39.3615835967018 8.52774163255801,39.3615745039341 8.52778801850672,39.361608572022 8.52780857011706,39.3616058982448 8.52783842538071,39.3616057671772 8.52777042074882,39.3614864074429 8.52767211375421,39.3612975162259</coordinates>
            </LinearRing>
          </outerBoundaryIs>
        </Polygon>
      </Placemark>
      <Placemark xmlns="http://www.opengis.net/kml/2.2">
        <styleUrl>#Parti singole_style_map</styleUrl>
        <name>T03317</name>
        <Polygon>
          <outerBoundaryIs>
            <LinearRing>
              <coordinates>8.5278510426012,39.3625498098608 8.52790991497497,39.3625396867416 8.52797562774024,39.3625376558115 8.52806692898616,39.3625348366513 8.52810876934539,39.3625304200759 8.52811490277674,39.3624987097711 8.52802713194074,39.3625064540538 8.52802620466196,39.3625028100237 8.5279619773078,39.3625135151717 8.52789195115712,39.3625251969136 8.52789296922348,39.3625291476725 8.52786130547366,39.3625340470075 8.5278600505503,39.3625342401446 8.52786023921921,39.362530357359 8.52786025374067,39.3625299249111 8.52786013754632,39.3625299424604 8.52784600844625,39.3625320566372 8.5278510426012,39.3625498098608</coordinates>
            </LinearRing>
          </outerBoundaryIs>
        </Polygon>
      </Placemark>
      <Placemark xmlns="http://www.opengis.net/kml/2.2">
        <styleUrl>#Parti singole_style_map</styleUrl>
        <name>T03318</name>
        <Polygon>
          <outerBoundaryIs>
            <LinearRing>
              <coordinates>8.5281945666722,39.3624916804061 8.52823676882585,39.362486967904 8.52823725203507,39.3624427820742 8.52821205285499,39.3624409227792 8.52817319421523,39.3624386656544 8.52812637933174,39.3624388811667 8.52809507136418,39.3624409436827 8.52804006473017,39.3624424054157 8.52799588590849,39.3624493444423 8.52793311025065,39.3624616683574 8.52793568270195,39.3624709416569 8.52801790378047,39.362458219109 8.52801905768098,39.3624626840201 8.52811596596693,39.3624511473354 8.5281953313656,39.3624712025041 8.5281945666722,39.3624916804061</coordinates>
            </LinearRing>
          </outerBoundaryIs>
        </Polygon>
      </Placemark>
      <Placemark xmlns="http://www.opengis.net/kml/2.2">
        <styleUrl>#Parti singole_style_map</styleUrl>
        <name>T03319</name>
        <Polygon>
          <outerBoundaryIs>
            <LinearRing>
              <coordinates>8.5266489246514,39.3631080556303 8.52664752225915,39.3630991474889 8.52676104434321,39.3630958971944 8.52679348475059,39.3631221418138 8.52689675399541,39.3631554775874 8.52693156836728,39.3631516185372 8.52708282064761,39.3631321402211 8.52711365300146,39.363126643021 8.52711166588823,39.3630977290652 8.52711817151094,39.3630935025372 8.52710619060053,39.3630559248341 8.52711837689572,39.3630544696284 8.52723830845688,39.3630319803563 8.52726007203631,39.3630940434653 8.52713869030326,39.3631164007144 8.52713599474653,39.3631081811333 8.52712160078881,39.3631099607539 8.52714538915949,39.363150623028 8.52713678241375,39.3631703481861 8.52717312052827,39.3631608636603 8.52725718918725,39.3631634761274 8.52726456832017,39.3631691377263 8.52727722877358,39.3632006360475 8.52734153895538,39.3631966895364 8.52736865833631,39.3633269212531 8.52738824479009,39.3633676024401 8.52723547317915,39.3633747845719 8.5270830687174,39.3633568015048 8.52709199571886,39.363361865702 8.5278231649015,39.3635018154895 8.52869866230109,39.3636719994961 8.52893631634777,39.3633549077563 8.5288167590938,39.3628573918696 8.5289435337398,39.3627406150293 8.52884657299497,39.3627823555882 8.52877981526902,39.362813739181 8.52875517981886,39.3628108821156 8.52871311150728,39.3628060261326 8.52870246753331,39.3628888260845 8.52862254169202,39.3628829696329 8.52863347251098,39.3629542514315 8.52850543966943,39.3630060206467 8.52845024552611,39.363026656284 8.52844206821756,39.3630222980545 8.52841741085609,39.3630295867193 8.52838750074933,39.3629584441821 8.52836870214304,39.3628816970827 8.52835319495746,39.3628005481548 8.52841603092454,39.362794819989 8.52845249695297,39.3627886965201 8.52843900426699,39.3627203868094 8.5284267844846,39.3626578400067 8.52846521552468,39.3626546619451 8.52856876545383,39.3626393944122 8.52855409102109,39.3625879927444 8.52861891817734,39.3625812994006 8.52861041737043,39.362545664215 8.52858887319095,39.3624594629476 8.52858427184037,39.3624411888974 8.52869749683274,39.3624215362858 8.52870197953289,39.3624401973049 8.52875127542202,39.3624318010155 8.52874543966017,39.362414116666 8.5289527942928,39.3623800859408 8.52895562931664,39.3623934871188 8.52914869888689,39.3623519464428 8.52918110934536,39.3623447250555 8.52917059187012,39.3622671375807 8.52920442980939,39.3622651300709 8.52920077320771,39.3622409759726 8.52913925349793,39.3622495572311 8.52913178152004,39.3622663406825 8.52914791115498,39.3623171624869 8.52902895880385,39.3623375762598 8.52897725288545,39.3621623006339 8.52893073639454,39.3620490927305 8.52891329829836,39.3620047351765 8.5288899943801,39.3619454413756 8.52883534301304,39.361951094836 8.52867965143534,39.3619752519495 8.52867005510654,39.3619402791058 8.52882779313612,39.3619138596354 8.52881975938439,39.3618812629127 8.52888487708348,39.3618692363433 8.52887482238802,39.3618195564215 8.52896261418559,39.3618050987128 8.52898445412203,39.3618628818069 8.52905000693486,39.3618500099146 8.52903553564542,39.3618218924151 8.5288734785716,39.3617708218578 8.52887050621544,39.3617761260469 8.52885277007591,39.3618071856786 8.52876425271769,39.3618156122982 8.52875126880149,39.3617976286625 8.52871424475454,39.3617867019824 8.52873492144189,39.3617360923588 8.5287383678161,39.3617276183764 8.52817512094782,39.361549168862 8.52820583737429,39.3616073215102 8.52824681716711,39.3615944404739 8.52829496821836,39.361619811318 8.52838263184234,39.3616657693451 8.52847255922684,39.3616806500464 8.5285205360214,39.3617181392964 8.52854184645875,39.3617476001306 8.52857206256729,39.3617973618193 8.52863564508143,39.361777147575 8.5287144076664,39.3618246100767 8.52871282417896,39.3618477698136 8.52867735051918,39.3618582945425 8.52867871241097,39.3619025959844 8.52860732215417,39.3619221839037 8.52852186670184,39.3619361282039 8.52845831012132,39.3618989902652 8.52835961829349,39.3618876331771 8.52836398292504,39.3618807037365 8.5284286262188,39.3618615661652 8.52842171446705,39.361848553916 8.52841065160016,39.3618521403076 8.5283936470775,39.3618434482371 8.52835374232716,39.3618569734345 8.52834150664504,39.3618382088695 8.52831573269545,39.3618338243085 8.52826614109518,39.3619586176509 8.52813860557374,39.3620384654014 8.52790649273162,39.3621086706874 8.5277741072285,39.3621381743608 8.52777851424907,39.3621680262254 8.52771975020971,39.362175897079 8.52771699122897,39.3621529720166 8.52755113019304,39.3621892415614 8.5273630687022,39.3623710493215 8.52742795288798,39.3623610499967 8.52769680312478,39.3623152332994 8.5277106923236,39.3623676500805 8.52781646606673,39.3623496169952 8.52806406093332,39.3623092095793 8.52808596935865,39.362303306469 8.52815163835628,39.3623267030644 8.52817411720163,39.3623395171874 8.52819466995782,39.3623504943473 8.52819213272562,39.3623842556351 8.52795676885283,39.362421694436 8.52794714028409,39.3623829369695 8.52782635365645,39.3624033240446 8.52784118266677,39.3624644308062 8.52776232323148,39.3624898807822 8.52774373738924,39.3624970768246 8.52763500846632,39.3625143679831 8.52758916473218,39.3625203179407 8.52759196935132,39.3625313041974 8.52760200150794,39.3625704327644 8.52758329091534,39.3625737447227 8.52747655537285,39.3625897553208 8.52738036122066,39.3626055113168 8.5274005354464,39.3626932570515 8.52702469651299,39.3627544604825 8.52701247649394,39.3627093309459 8.52661504144239,39.3630892027664 8.5266489246514,39.3631080556303</coordinates>
            </LinearRing>
          </outerBoundaryIs>
          <innerBoundaryIs>
            <LinearRing>
              <coordinates>8.52808114529625,39.3631229955892 8.52811150428566,39.3631481321065 8.52808928266297,39.3631643059872 8.5280604358077,39.363140428069 8.52808114529625,39.3631229955892</coordinates>
            </LinearRing>
          </innerBoundaryIs>
          <innerBoundaryIs>
            <LinearRing>
              <coordinates>8.52729217328871,39.3630398222699 8.5273404878114,39.3630358918285 8.52734383758165,39.3630607025045 8.52729509332581,39.3630646672426 8.52729217328871,39.3630398222699</coordinates>
            </LinearRing>
          </innerBoundaryIs>
          <innerBoundaryIs>
            <LinearRing>
              <coordinates>8.52791328992362,39.3621714117886 8.52798449929047,39.3621597888986 8.52799573284966,39.3622032473805 8.52792453492624,39.3622148883448 8.52791328992362,39.3621714117886</coordinates>
            </LinearRing>
          </innerBoundaryIs>
          <innerBoundaryIs>
            <LinearRing>
              <coordinates>8.52688949105536,39.3630965099684 8.52699496651122,39.363076431024 8.52700795400392,39.3631110483586 8.52690102896252,39.363132635191 8.52688949105536,39.3630965099684</coordinates>
            </LinearRing>
          </innerBoundaryIs>
          <innerBoundaryIs>
            <LinearRing>
              <coordinates>8.5283807004994,39.3619716971176 8.5284216661334,39.3619505983313 8.52847168871161,39.3619462868906 8.52848010221513,39.3619690005904 8.52851835046674,39.3619636051707 8.52852704266171,39.3620001061563 8.52845183239201,39.3620112175741 8.52845720047689,39.3620449118107 8.52838945840918,39.3620018729656 8.5283807004994,39.3619716971176</coordinates>
            </LinearRing>
          </innerBoundaryIs>
          <innerBoundaryIs>
            <LinearRing>
              <coordinates>8.52745101979755,39.3630215997816 8.52757132376149,39.3630127176245 8.52758033800333,39.3630823157676 8.52746010022321,39.3630916937834 8.52745101979755,39.3630215997816</coordinates>
            </LinearRing>
          </innerBoundaryIs>
          <innerBoundaryIs>
            <LinearRing>
              <coordinates>8.52868988402687,39.3633738675844 8.52877758768438,39.3633624552349 8.5288092629105,39.3635146998549 8.528724213115,39.3635267266907 8.52868988402687,39.3633738675844</coordinates>
            </LinearRing>
          </innerBoundaryIs>
          <innerBoundaryIs>
            <LinearRing>
              <coordinates>8.52855394052687,39.362030679919 8.52868847484357,39.3620043377627 8.52885435579262,39.3619718601209 8.52888357313099,39.361966500075 8.52891205489188,39.362039474865 8.52888224143783,39.362045445221 8.52871671893867,39.3620781045658 8.528583310573,39.3621044242871 8.52855394052687,39.362030679919</coordinates>
            </LinearRing>
          </innerBoundaryIs>
          <innerBoundaryIs>
            <LinearRing>
              <coordinates>8.52743272254791,39.3631253901454 8.52764212874507,39.3631059852304 8.52765711033393,39.3631668403322 8.52766250049656,39.3632041028695 8.52767051452515,39.3632034055665 8.52767278817773,39.363219120207 8.52766585430431,39.3632197227815 8.52766673106794,39.3632222492995 8.52766847492248,39.3632407911037 8.52763439235819,39.3632445722519 8.52763099251328,39.3632357821561 8.52762223795416,39.3632292409689 8.52759321123283,39.3632303394755 8.52758100567181,39.3632398140505 8.52752777968297,39.3632404898448 8.52746511911444,39.363237351852 8.52745555895719,39.3631988018714 8.52741619551177,39.3631508589053 8.52743272254791,39.3631253901454</coordinates>
            </LinearRing>
          </innerBoundaryIs>
          <innerBoundaryIs>
            <LinearRing>
              <coordinates>8.52812049413846,39.3621682881588 8.52814004543394,39.3621659436551 8.52813723734501,39.3621554619882 8.52819911489178,39.3621454590426 8.52820245542539,39.3621578891496 8.52833719935668,39.3621366752606 8.52833473458109,39.3621251948185 8.5283945764188,39.3621141112549 8.52839536921584,39.3621170429026 8.52843452849668,39.362110822234 8.52845473613733,39.3621075342301 8.52846486643445,39.3621424912345 8.52844402044715,39.3621457676409 8.5284620531361,39.3622121224547 8.52842524028303,39.3622180823312 8.52842615748767,39.3622215010535 8.52816628286368,39.3622635534013 8.52816407447976,39.3622553718616 8.52814872025136,39.3622584362237 8.52813648694615,39.3622186319877 8.52812049413846,39.3621682881588</coordinates>
            </LinearRing>
          </innerBoundaryIs>
          <innerBoundaryIs>
            <LinearRing>
              <coordinates>8.5281347343357,39.3629563555123 8.52827528431737,39.3630005639059 8.52830663402685,39.3630354448072 8.52842081758411,39.3631632721907 8.52843015232726,39.3631733027575 8.52849619370204,39.3632794986997 8.52852446319024,39.3633340100713 8.52853848886468,39.3633800658445 8.52852091709402,39.363376264228 8.52848966202937,39.3633635046932 8.52843785561456,39.3633291626151 8.52825868031077,39.3632202731116 8.5282003665489,39.3631852827993 8.52803095351546,39.3630454542477 8.5281347343357,39.3629563555123</coordinates>
            </LinearRing>
          </innerBoundaryIs>
          <innerBoundaryIs>
            <LinearRing>
              <coordinates>8.52775218404246,39.363155539787 8.52782327355415,39.3631325722183 8.52787728360184,39.3631326653696 8.52795818933338,39.3631119902127 8.52803666262763,39.3631784282286 8.52839696979921,39.363452108077 8.52837740728893,39.3635302223697 8.52825429258597,39.3635116477918 8.52814507334047,39.3634636379095 8.52796206045197,39.3633523626027 8.52788054915034,39.3634353072772 8.52777000024113,39.3633779657156 8.52768468487875,39.3633467310184 8.52775218404246,39.363155539787</coordinates>
            </LinearRing>
          </innerBoundaryIs>
          <innerBoundaryIs>
            <LinearRing>
              <coordinates>8.52751611152233,39.3627261377026 8.52749543589004,39.3626301002352 8.52758158528758,39.3626115190732 8.52763161729755,39.3626007204299 8.527634226303,39.3626114535951 8.52768221549412,39.3626040796552 8.52769330064521,39.3626023766313 8.52768090872975,39.3625585800276 8.52770612638418,39.3625542582682 8.527706092534,39.3625541139617 8.52770047067999,39.3625322855716 8.52773706893572,39.362527199078 8.5277866480147,39.362519867594 8.52779194075172,39.3625405863447 8.52784600844625,39.3625320566372 8.52786013754632,39.3625299424604 8.52785465456934,39.3625081687048 8.52784856970576,39.3624844191922 8.52788091899228,39.3624794145171 8.52793568270195,39.3624709416569 8.52793311025065,39.3624616683574 8.52799588590849,39.3624493444423 8.52804006473017,39.3624424054157 8.52809507136418,39.3624409436827 8.52812637933174,39.3624388811667 8.52817319421523,39.3624386656544 8.52821205285499,39.3624409227792 8.52823725203507,39.3624427820742 8.5282648206425,39.362451318791 8.52827614140608,39.3624577171614 8.52827751339603,39.3624642734048 8.52828163496568,39.3625279407257 8.52819992081414,39.3625308800476 8.52810876934539,39.3625304200759 8.52806692898616,39.3625348366513 8.52797562774024,39.3625376558115 8.52790991497497,39.3625396867416 8.5278510426012,39.3625498098608 8.52785514730234,39.3625642434239 8.52785796276479,39.3625632907255 8.52789846623789,39.3625574541396 8.52790107165262,39.3625704489351 8.52786850178672,39.3625754527201 8.52787849873562,39.3626146622154 8.52792813200089,39.3626061865502 8.52798132517638,39.3625982479267 8.52805943018972,39.3625865808987 8.52816620005752,39.3625706239683 8.52820467813613,39.3625707981121 8.5282277690198,39.3625720271265 8.52824186457032,39.3625748956074 8.52825466081352,39.3625811017334 8.52827109785899,39.3626310058254 8.52828575377405,39.3626851286423 8.52828403365625,39.3627682170525 8.52805317283888,39.3628038541772 8.52796640806744,39.3627535204249 8.52796209572236,39.3627371667738 8.5279551899747,39.3627146483821 8.52790100212044,39.3627220423214 8.52789123335703,39.3626765263628 8.52784190401359,39.362684678866 8.52779220668575,39.3626923162519 8.52779597046659,39.3627194443118 8.52775329930607,39.3627265515579 8.52777364016356,39.3628223713657 8.52782593047923,39.362838199005 8.52778828952352,39.3629187537426 8.5276360334278,39.3629288218755 8.52752341095357,39.3629381407864 8.52747485757681,39.3627313583873 8.52751611152233,39.3627261377026</coordinates>
            </LinearRing>
          </innerBoundaryIs>
        </Polygon>
      </Placemark>
      <Placemark xmlns="http://www.opengis.net/kml/2.2">
        <styleUrl>#Parti singole_style_map</styleUrl>
        <name>T03320</name>
        <Polygon>
          <outerBoundaryIs>
            <LinearRing>
              <coordinates>8.52754455134278,39.3632402769027 8.52754389507119,39.3632313240361 8.5275354443928,39.3632318304444 8.52752809510582,39.3631777316602 8.52753989269515,39.363176723517 8.52753543214401,39.363115872467 8.52743272254791,39.3631253901454 8.52741619551177,39.3631508589053 8.52745555895719,39.3631988018714 8.52746511911444,39.363237351852 8.52752777968297,39.3632404898448 8.52754455134278,39.3632402769027</coordinates>
            </LinearRing>
          </outerBoundaryIs>
        </Polygon>
      </Placemark>
      <Placemark xmlns="http://www.opengis.net/kml/2.2">
        <styleUrl>#Parti singole_style_map</styleUrl>
        <name>T03321</name>
        <Polygon>
          <outerBoundaryIs>
            <LinearRing>
              <coordinates>8.5275354443928,39.3632318304444 8.52754389507119,39.3632313240361 8.52753989269515,39.363176723517 8.52752809510582,39.3631777316602 8.5275354443928,39.3632318304444</coordinates>
            </LinearRing>
          </outerBoundaryIs>
        </Polygon>
      </Placemark>
      <Placemark xmlns="http://www.opengis.net/kml/2.2">
        <styleUrl>#Parti singole_style_map</styleUrl>
        <name>T02818</name>
        <Polygon>
          <outerBoundaryIs>
            <LinearRing>
              <coordinates>8.52825466081352,39.3625811017334 8.52824186457032,39.3625748956074 8.5282277690198,39.3625720271265 8.52820467813613,39.3625707981121 8.52816620005752,39.3625706239683 8.52805943018972,39.3625865808987 8.52798132517638,39.3625982479267 8.52792813200089,39.3626061865502 8.5279551899747,39.3627146483821 8.52796209572236,39.3627371667738 8.52796640806744,39.3627535204249 8.52805317283888,39.3628038541772 8.52828403365625,39.3627682170525 8.52828575377405,39.3626851286423 8.52827109785899,39.3626310058254 8.52825466081352,39.3625811017334</coordinates>
            </LinearRing>
          </outerBoundaryIs>
        </Polygon>
      </Placemark>
      <Placemark xmlns="http://www.opengis.net/kml/2.2">
        <styleUrl>#Parti singole_style_map</styleUrl>
        <name>T03322</name>
        <Polygon>
          <outerBoundaryIs>
            <LinearRing>
              <coordinates>8.5266489246514,39.3631080556303 8.52664752225915,39.3630991474889 8.52676104434321,39.3630958971944 8.52679348475059,39.3631221418138 8.52689675399541,39.3631554775874 8.52693156836728,39.3631516185372 8.52708282064761,39.3631321402211 8.52711365300146,39.363126643021 8.52711166588823,39.3630977290652 8.52711817151094,39.3630935025372 8.52710619060053,39.3630559248341 8.52711837689572,39.3630544696284 8.52723830845688,39.3630319803563 8.52726007203631,39.3630940434653 8.52713869030326,39.3631164007144 8.52713599474653,39.3631081811333 8.52712160078881,39.3631099607539 8.52714538915949,39.363150623028 8.52713678241375,39.3631703481861 8.52717312052827,39.3631608636603 8.52725718918725,39.3631634761274 8.52726456832017,39.3631691377263 8.52727722877358,39.3632006360475 8.52734153895538,39.3631966895364 8.52736865833631,39.3633269212531 8.52738824479009,39.3633676024401 8.52723547317915,39.3633747845719 8.5270830687174,39.3633568015048 8.52709199571886,39.363361865702 8.5278231649015,39.3635018154895 8.52869866230109,39.3636719994961 8.52893631634777,39.3633549077563 8.5288167590938,39.3628573918696 8.5289435337398,39.3627406150293 8.52884657299497,39.3627823555882 8.52877981526902,39.362813739181 8.52875517981886,39.3628108821156 8.52871311150728,39.3628060261326 8.52870246753331,39.3628888260845 8.52862254169202,39.3628829696329 8.52863347251098,39.3629542514315 8.52850543966943,39.3630060206467 8.52845024552611,39.363026656284 8.52844206821756,39.3630222980545 8.52841741085609,39.3630295867193 8.52838750074933,39.3629584441821 8.52836870214304,39.3628816970827 8.52835319495746,39.3628005481548 8.52841603092454,39.362794819989 8.52845249695297,39.3627886965201 8.52843900426699,39.3627203868094 8.5284267844846,39.3626578400067 8.52846521552468,39.3626546619451 8.52856876545383,39.3626393944122 8.52855409102109,39.3625879927444 8.52861891817734,39.3625812994006 8.52861041737043,39.362545664215 8.52858887319095,39.3624594629476 8.52858427184037,39.3624411888974 8.52869749683274,39.3624215362858 8.52870197953289,39.3624401973049 8.52875127542202,39.3624318010155 8.52874543966017,39.362414116666 8.5289527942928,39.3623800859408 8.52895562931664,39.3623934871188 8.52914869888689,39.3623519464428 8.52918110934536,39.3623447250555 8.52917059187012,39.3622671375807 8.52920442980939,39.3622651300709 8.52920077320771,39.3622409759726 8.52913925349793,39.3622495572311 8.52913178152004,39.3622663406825 8.52914791115498,39.3623171624869 8.52902895880385,39.3623375762598 8.52897725288545,39.3621623006339 8.52893073639454,39.3620490927305 8.52891329829836,39.3620047351765 8.5288899943801,39.3619454413756 8.52883534301304,39.361951094836 8.52867965143534,39.3619752519495 8.52867005510654,39.3619402791058 8.52882779313612,39.3619138596354 8.52881975938439,39.3618812629127 8.52888487708348,39.3618692363433 8.52887482238802,39.3618195564215 8.52896261418559,39.3618050987128 8.52898445412203,39.3618628818069 8.52905000693486,39.3618500099146 8.52903553564542,39.3618218924151 8.5288734785716,39.3617708218578 8.52887050621544,39.3617761260469 8.52885277007591,39.3618071856786 8.52876425271769,39.3618156122982 8.52875126880149,39.3617976286625 8.52871424475454,39.3617867019824 8.52873492144189,39.3617360923588 8.5287383678161,39.3617276183764 8.52817512094782,39.361549168862 8.52820583737429,39.3616073215102 8.52824681716711,39.3615944404739 8.52829496821836,39.361619811318 8.52838263184234,39.3616657693451 8.52847255922684,39.3616806500464 8.5285205360214,39.3617181392964 8.52854184645875,39.3617476001306 8.52857206256729,39.3617973618193 8.52863564508143,39.361777147575 8.5287144076664,39.3618246100767 8.52871282417896,39.3618477698136 8.52867735051918,39.3618582945425 8.52867871241097,39.3619025959844 8.52860732215417,39.3619221839037 8.52852186670184,39.3619361282039 8.52845831012132,39.3618989902652 8.52835961829349,39.3618876331771 8.52836398292504,39.3618807037365 8.5284286262188,39.3618615661652 8.52842171446705,39.361848553916 8.52841065160016,39.3618521403076 8.5283936470775,39.3618434482371 8.52835374232716,39.3618569734345 8.52834150664504,39.3618382088695 8.52831573269545,39.3618338243085 8.52826614109518,39.3619586176509 8.52813860557374,39.3620384654014 8.52790649273162,39.3621086706874 8.5277741072285,39.3621381743608 8.52777851424907,39.3621680262254 8.52771975020971,39.362175897079 8.52771699122897,39.3621529720166 8.52755113019304,39.3621892415614 8.5273630687022,39.3623710493215 8.52742795288798,39.3623610499967 8.52769680312478,39.3623152332994 8.5277106923236,39.3623676500805 8.52781646606673,39.3623496169952 8.52806406093332,39.3623092095793 8.52808596935865,39.362303306469 8.52815163835628,39.3623267030644 8.52817411720163,39.3623395171874 8.52819466995782,39.3623504943473 8.52819213272562,39.3623842556351 8.52795676885283,39.362421694436 8.52794714028409,39.3623829369695 8.52782635365645,39.3624033240446 8.52784118266677,39.3624644308062 8.52776232323148,39.3624898807822 8.52774373738924,39.3624970768246 8.52763500846632,39.3625143679831 8.52758916473218,39.3625203179407 8.52759196935132,39.3625313041974 8.52760200150794,39.3625704327644 8.52758329091534,39.3625737447227 8.52747655537285,39.3625897553208 8.52738036122066,39.3626055113168 8.5274005354464,39.3626932570515 8.52702469651299,39.3627544604825 8.52701247649394,39.3627093309459 8.52661504144239,39.3630892027664 8.5266489246514,39.3631080556303</coordinates>
            </LinearRing>
          </outerBoundaryIs>
          <innerBoundaryIs>
            <LinearRing>
              <coordinates>8.52808114529625,39.3631229955892 8.52811150428566,39.3631481321065 8.52808928266297,39.3631643059872 8.5280604358077,39.363140428069 8.52808114529625,39.3631229955892</coordinates>
            </LinearRing>
          </innerBoundaryIs>
          <innerBoundaryIs>
            <LinearRing>
              <coordinates>8.52729217328871,39.3630398222699 8.5273404878114,39.3630358918285 8.52734383758165,39.3630607025045 8.52729509332581,39.3630646672426 8.52729217328871,39.3630398222699</coordinates>
            </LinearRing>
          </innerBoundaryIs>
          <innerBoundaryIs>
            <LinearRing>
              <coordinates>8.52791328992362,39.3621714117886 8.52798449929047,39.3621597888986 8.52799573284966,39.3622032473805 8.52792453492624,39.3622148883448 8.52791328992362,39.3621714117886</coordinates>
            </LinearRing>
          </innerBoundaryIs>
          <innerBoundaryIs>
            <LinearRing>
              <coordinates>8.52688949105536,39.3630965099684 8.52699496651122,39.363076431024 8.52700795400392,39.3631110483586 8.52690102896252,39.363132635191 8.52688949105536,39.3630965099684</coordinates>
            </LinearRing>
          </innerBoundaryIs>
          <innerBoundaryIs>
            <LinearRing>
              <coordinates>8.5283807004994,39.3619716971176 8.5284216661334,39.3619505983313 8.52847168871161,39.3619462868906 8.52848010221513,39.3619690005904 8.52851835046674,39.3619636051707 8.52852704266171,39.3620001061563 8.52845183239201,39.3620112175741 8.52845720047689,39.3620449118107 8.52838945840918,39.3620018729656 8.5283807004994,39.3619716971176</coordinates>
            </LinearRing>
          </innerBoundaryIs>
          <innerBoundaryIs>
            <LinearRing>
              <coordinates>8.52745101979755,39.3630215997816 8.52757132376149,39.3630127176245 8.52758033800333,39.3630823157676 8.52746010022321,39.3630916937834 8.52745101979755,39.3630215997816</coordinates>
            </LinearRing>
          </innerBoundaryIs>
          <innerBoundaryIs>
            <LinearRing>
              <coordinates>8.52868988402687,39.3633738675844 8.52877758768438,39.3633624552349 8.5288092629105,39.3635146998549 8.528724213115,39.3635267266907 8.52868988402687,39.3633738675844</coordinates>
            </LinearRing>
          </innerBoundaryIs>
          <innerBoundaryIs>
            <LinearRing>
              <coordinates>8.52855394052687,39.362030679919 8.52868847484357,39.3620043377627 8.52885435579262,39.3619718601209 8.52888357313099,39.361966500075 8.52891205489188,39.362039474865 8.52888224143783,39.362045445221 8.52871671893867,39.3620781045658 8.528583310573,39.3621044242871 8.52855394052687,39.362030679919</coordinates>
            </LinearRing>
          </innerBoundaryIs>
          <innerBoundaryIs>
            <LinearRing>
              <coordinates>8.52743272254791,39.3631253901454 8.52764212874507,39.3631059852304 8.52765711033393,39.3631668403322 8.52766250049656,39.3632041028695 8.52767051452515,39.3632034055665 8.52767278817773,39.363219120207 8.52766585430431,39.3632197227815 8.52766673106794,39.3632222492995 8.52766847492248,39.3632407911037 8.52763439235819,39.3632445722519 8.52763099251328,39.3632357821561 8.52762223795416,39.3632292409689 8.52759321123283,39.3632303394755 8.52758100567181,39.3632398140505 8.52752777968297,39.3632404898448 8.52746511911444,39.363237351852 8.52745555895719,39.3631988018714 8.52741619551177,39.3631508589053 8.52743272254791,39.3631253901454</coordinates>
            </LinearRing>
          </innerBoundaryIs>
          <innerBoundaryIs>
            <LinearRing>
              <coordinates>8.52812049413846,39.3621682881588 8.52814004543394,39.3621659436551 8.52813723734501,39.3621554619882 8.52819911489178,39.3621454590426 8.52820245542539,39.3621578891496 8.52833719935668,39.3621366752606 8.52833473458109,39.3621251948185 8.5283945764188,39.3621141112549 8.52839536921584,39.3621170429026 8.52843452849668,39.362110822234 8.52845473613733,39.3621075342301 8.52846486643445,39.3621424912345 8.52844402044715,39.3621457676409 8.5284620531361,39.3622121224547 8.52842524028303,39.3622180823312 8.52842615748767,39.3622215010535 8.52816628286368,39.3622635534013 8.52816407447976,39.3622553718616 8.52814872025136,39.3622584362237 8.52813648694615,39.3622186319877 8.52812049413846,39.3621682881588</coordinates>
            </LinearRing>
          </innerBoundaryIs>
          <innerBoundaryIs>
            <LinearRing>
              <coordinates>8.5281347343357,39.3629563555123 8.52827528431737,39.3630005639059 8.52830663402685,39.3630354448072 8.52842081758411,39.3631632721907 8.52843015232726,39.3631733027575 8.52849619370204,39.3632794986997 8.52852446319024,39.3633340100713 8.52853848886468,39.3633800658445 8.52852091709402,39.363376264228 8.52848966202937,39.3633635046932 8.52843785561456,39.3633291626151 8.52825868031077,39.3632202731116 8.5282003665489,39.3631852827993 8.52803095351546,39.3630454542477 8.5281347343357,39.3629563555123</coordinates>
            </LinearRing>
          </innerBoundaryIs>
          <innerBoundaryIs>
            <LinearRing>
              <coordinates>8.52775218404246,39.363155539787 8.52782327355415,39.3631325722183 8.52787728360184,39.3631326653696 8.52795818933338,39.3631119902127 8.52803666262763,39.3631784282286 8.52839696979921,39.363452108077 8.52837740728893,39.3635302223697 8.52825429258597,39.3635116477918 8.52814507334047,39.3634636379095 8.52796206045197,39.3633523626027 8.52788054915034,39.3634353072772 8.52777000024113,39.3633779657156 8.52768468487875,39.3633467310184 8.52775218404246,39.363155539787</coordinates>
            </LinearRing>
          </innerBoundaryIs>
          <innerBoundaryIs>
            <LinearRing>
              <coordinates>8.52751611152233,39.3627261377026 8.52749543589004,39.3626301002352 8.52758158528758,39.3626115190732 8.52763161729755,39.3626007204299 8.527634226303,39.3626114535951 8.52768221549412,39.3626040796552 8.52769330064521,39.3626023766313 8.52768090872975,39.3625585800276 8.52770612638418,39.3625542582682 8.527706092534,39.3625541139617 8.52770047067999,39.3625322855716 8.52773706893572,39.362527199078 8.5277866480147,39.362519867594 8.52779194075172,39.3625405863447 8.52784600844625,39.3625320566372 8.52786013754632,39.3625299424604 8.52785465456934,39.3625081687048 8.52784856970576,39.3624844191922 8.52788091899228,39.3624794145171 8.52793568270195,39.3624709416569 8.52793311025065,39.3624616683574 8.52799588590849,39.3624493444423 8.52804006473017,39.3624424054157 8.52809507136418,39.3624409436827 8.52812637933174,39.3624388811667 8.52817319421523,39.3624386656544 8.52821205285499,39.3624409227792 8.52823725203507,39.3624427820742 8.5282648206425,39.362451318791 8.52827614140608,39.3624577171614 8.52827751339603,39.3624642734048 8.52828163496568,39.3625279407257 8.52819992081414,39.3625308800476 8.52810876934539,39.3625304200759 8.52806692898616,39.3625348366513 8.52797562774024,39.3625376558115 8.52790991497497,39.3625396867416 8.5278510426012,39.3625498098608 8.52785514730234,39.3625642434239 8.52785796276479,39.3625632907255 8.52789846623789,39.3625574541396 8.52790107165262,39.3625704489351 8.52786850178672,39.3625754527201 8.52787849873562,39.3626146622154 8.52792813200089,39.3626061865502 8.52798132517638,39.3625982479267 8.52805943018972,39.3625865808987 8.52816620005752,39.3625706239683 8.52820467813613,39.3625707981121 8.5282277690198,39.3625720271265 8.52824186457032,39.3625748956074 8.52825466081352,39.3625811017334 8.52827109785899,39.3626310058254 8.52828575377405,39.3626851286423 8.52828403365625,39.3627682170525 8.52805317283888,39.3628038541772 8.52796640806744,39.3627535204249 8.52796209572236,39.3627371667738 8.5279551899747,39.3627146483821 8.52790100212044,39.3627220423214 8.52789123335703,39.3626765263628 8.52784190401359,39.362684678866 8.52779220668575,39.3626923162519 8.52779597046659,39.3627194443118 8.52775329930607,39.3627265515579 8.52777364016356,39.3628223713657 8.52782593047923,39.362838199005 8.52778828952352,39.3629187537426 8.5276360334278,39.3629288218755 8.52752341095357,39.3629381407864 8.52747485757681,39.3627313583873 8.52751611152233,39.3627261377026</coordinates>
            </LinearRing>
          </innerBoundaryIs>
        </Polygon>
      </Placemark>
      <Placemark xmlns="http://www.opengis.net/kml/2.2">
        <styleUrl>#Parti singole_style_map</styleUrl>
        <name>T03323</name>
        <Polygon>
          <outerBoundaryIs>
            <LinearRing>
              <coordinates>8.52842118713533,39.3618408949136 8.52841073783729,39.3618439031172 8.52840765484511,39.3618459328708 8.52841195931182,39.3618578634919 8.52842689343289,39.3618540097305 8.52842118713533,39.3618408949136</coordinates>
            </LinearRing>
          </outerBoundaryIs>
        </Polygon>
      </Placemark>
      <Placemark xmlns="http://www.opengis.net/kml/2.2">
        <styleUrl>#Parti singole_style_map</styleUrl>
        <name>T03324</name>
        <Polygon>
          <outerBoundaryIs>
            <LinearRing>
              <coordinates>8.5266489246514,39.3631080556303 8.52664752225915,39.3630991474889 8.52676104434321,39.3630958971944 8.52679348475059,39.3631221418138 8.52689675399541,39.3631554775874 8.52693156836728,39.3631516185372 8.52708282064761,39.3631321402211 8.52711365300146,39.363126643021 8.52711166588823,39.3630977290652 8.52711817151094,39.3630935025372 8.52710619060053,39.3630559248341 8.52711837689572,39.3630544696284 8.52723830845688,39.3630319803563 8.52726007203631,39.3630940434653 8.52713869030326,39.3631164007144 8.52713599474653,39.3631081811333 8.52712160078881,39.3631099607539 8.52714538915949,39.363150623028 8.52713678241375,39.3631703481861 8.52717312052827,39.3631608636603 8.52725718918725,39.3631634761274 8.52726456832017,39.3631691377263 8.52727722877358,39.3632006360475 8.52734153895538,39.3631966895364 8.52736865833631,39.3633269212531 8.52738824479009,39.3633676024401 8.52723547317915,39.3633747845719 8.5270830687174,39.3633568015048 8.52709199571886,39.363361865702 8.5278231649015,39.3635018154895 8.52869866230109,39.3636719994961 8.52893631634777,39.3633549077563 8.5288167590938,39.3628573918696 8.5289435337398,39.3627406150293 8.52884657299497,39.3627823555882 8.52877981526902,39.362813739181 8.52875517981886,39.3628108821156 8.52871311150728,39.3628060261326 8.52870246753331,39.3628888260845 8.52862254169202,39.3628829696329 8.52863347251098,39.3629542514315 8.52850543966943,39.3630060206467 8.52845024552611,39.363026656284 8.52844206821756,39.3630222980545 8.52841741085609,39.3630295867193 8.52838750074933,39.3629584441821 8.52836870214304,39.3628816970827 8.52835319495746,39.3628005481548 8.52841603092454,39.362794819989 8.52845249695297,39.3627886965201 8.52843900426699,39.3627203868094 8.5284267844846,39.3626578400067 8.52846521552468,39.3626546619451 8.52856876545383,39.3626393944122 8.52855409102109,39.3625879927444 8.52861891817734,39.3625812994006 8.52861041737043,39.362545664215 8.52858887319095,39.3624594629476 8.52858427184037,39.3624411888974 8.52869749683274,39.3624215362858 8.52870197953289,39.3624401973049 8.52875127542202,39.3624318010155 8.52874543966017,39.362414116666 8.5289527942928,39.3623800859408 8.52895562931664,39.3623934871188 8.52914869888689,39.3623519464428 8.52918110934536,39.3623447250555 8.52917059187012,39.3622671375807 8.52920442980939,39.3622651300709 8.52920077320771,39.3622409759726 8.52913925349793,39.3622495572311 8.52913178152004,39.3622663406825 8.52914791115498,39.3623171624869 8.52902895880385,39.3623375762598 8.52897725288545,39.3621623006339 8.52893073639454,39.3620490927305 8.52891329829836,39.3620047351765 8.5288899943801,39.3619454413756 8.52883534301304,39.361951094836 8.52867965143534,39.3619752519495 8.52867005510654,39.3619402791058 8.52882779313612,39.3619138596354 8.52881975938439,39.3618812629127 8.52888487708348,39.3618692363433 8.52887482238802,39.3618195564215 8.52896261418559,39.3618050987128 8.52898445412203,39.3618628818069 8.52905000693486,39.3618500099146 8.52903553564542,39.3618218924151 8.5288734785716,39.3617708218578 8.52887050621544,39.3617761260469 8.52885277007591,39.3618071856786 8.52876425271769,39.3618156122982 8.52875126880149,39.3617976286625 8.52871424475454,39.3617867019824 8.52873492144189,39.3617360923588 8.5287383678161,39.3617276183764 8.52817512094782,39.361549168862 8.52820583737429,39.3616073215102 8.52824681716711,39.3615944404739 8.52829496821836,39.361619811318 8.52838263184234,39.3616657693451 8.52847255922684,39.3616806500464 8.5285205360214,39.3617181392964 8.52854184645875,39.3617476001306 8.52857206256729,39.3617973618193 8.52863564508143,39.361777147575 8.5287144076664,39.3618246100767 8.52871282417896,39.3618477698136 8.52867735051918,39.3618582945425 8.52867871241097,39.3619025959844 8.52860732215417,39.3619221839037 8.52852186670184,39.3619361282039 8.52845831012132,39.3618989902652 8.52835961829349,39.3618876331771 8.52836398292504,39.3618807037365 8.5284286262188,39.3618615661652 8.52842171446705,39.361848553916 8.52841065160016,39.3618521403076 8.5283936470775,39.3618434482371 8.52835374232716,39.3618569734345 8.52834150664504,39.3618382088695 8.52831573269545,39.3618338243085 8.52826614109518,39.3619586176509 8.52813860557374,39.3620384654014 8.52790649273162,39.3621086706874 8.5277741072285,39.3621381743608 8.52777851424907,39.3621680262254 8.52771975020971,39.362175897079 8.52771699122897,39.3621529720166 8.52755113019304,39.3621892415614 8.5273630687022,39.3623710493215 8.52742795288798,39.3623610499967 8.52769680312478,39.3623152332994 8.5277106923236,39.3623676500805 8.52781646606673,39.3623496169952 8.52806406093332,39.3623092095793 8.52808596935865,39.362303306469 8.52815163835628,39.3623267030644 8.52817411720163,39.3623395171874 8.52819466995782,39.3623504943473 8.52819213272562,39.3623842556351 8.52795676885283,39.362421694436 8.52794714028409,39.3623829369695 8.52782635365645,39.3624033240446 8.52784118266677,39.3624644308062 8.52776232323148,39.3624898807822 8.52774373738924,39.3624970768246 8.52763500846632,39.3625143679831 8.52758916473218,39.3625203179407 8.52759196935132,39.3625313041974 8.52760200150794,39.3625704327644 8.52758329091534,39.3625737447227 8.52747655537285,39.3625897553208 8.52738036122066,39.3626055113168 8.5274005354464,39.3626932570515 8.52702469651299,39.3627544604825 8.52701247649394,39.3627093309459 8.52661504144239,39.3630892027664 8.5266489246514,39.3631080556303</coordinates>
            </LinearRing>
          </outerBoundaryIs>
          <innerBoundaryIs>
            <LinearRing>
              <coordinates>8.52808114529625,39.3631229955892 8.52811150428566,39.3631481321065 8.52808928266297,39.3631643059872 8.5280604358077,39.363140428069 8.52808114529625,39.3631229955892</coordinates>
            </LinearRing>
          </innerBoundaryIs>
          <innerBoundaryIs>
            <LinearRing>
              <coordinates>8.52729217328871,39.3630398222699 8.5273404878114,39.3630358918285 8.52734383758165,39.3630607025045 8.52729509332581,39.3630646672426 8.52729217328871,39.3630398222699</coordinates>
            </LinearRing>
          </innerBoundaryIs>
          <innerBoundaryIs>
            <LinearRing>
              <coordinates>8.52791328992362,39.3621714117886 8.52798449929047,39.3621597888986 8.52799573284966,39.3622032473805 8.52792453492624,39.3622148883448 8.52791328992362,39.3621714117886</coordinates>
            </LinearRing>
          </innerBoundaryIs>
          <innerBoundaryIs>
            <LinearRing>
              <coordinates>8.52688949105536,39.3630965099684 8.52699496651122,39.363076431024 8.52700795400392,39.3631110483586 8.52690102896252,39.363132635191 8.52688949105536,39.3630965099684</coordinates>
            </LinearRing>
          </innerBoundaryIs>
          <innerBoundaryIs>
            <LinearRing>
              <coordinates>8.5283807004994,39.3619716971176 8.5284216661334,39.3619505983313 8.52847168871161,39.3619462868906 8.52848010221513,39.3619690005904 8.52851835046674,39.3619636051707 8.52852704266171,39.3620001061563 8.52845183239201,39.3620112175741 8.52845720047689,39.3620449118107 8.52838945840918,39.3620018729656 8.5283807004994,39.3619716971176</coordinates>
            </LinearRing>
          </innerBoundaryIs>
          <innerBoundaryIs>
            <LinearRing>
              <coordinates>8.52745101979755,39.3630215997816 8.52757132376149,39.3630127176245 8.52758033800333,39.3630823157676 8.52746010022321,39.3630916937834 8.52745101979755,39.3630215997816</coordinates>
            </LinearRing>
          </innerBoundaryIs>
          <innerBoundaryIs>
            <LinearRing>
              <coordinates>8.52868988402687,39.3633738675844 8.52877758768438,39.3633624552349 8.5288092629105,39.3635146998549 8.528724213115,39.3635267266907 8.52868988402687,39.3633738675844</coordinates>
            </LinearRing>
          </innerBoundaryIs>
          <innerBoundaryIs>
            <LinearRing>
              <coordinates>8.52855394052687,39.362030679919 8.52868847484357,39.3620043377627 8.52885435579262,39.3619718601209 8.52888357313099,39.361966500075 8.52891205489188,39.362039474865 8.52888224143783,39.362045445221 8.52871671893867,39.3620781045658 8.528583310573,39.3621044242871 8.52855394052687,39.362030679919</coordinates>
            </LinearRing>
          </innerBoundaryIs>
          <innerBoundaryIs>
            <LinearRing>
              <coordinates>8.52743272254791,39.3631253901454 8.52764212874507,39.3631059852304 8.52765711033393,39.3631668403322 8.52766250049656,39.3632041028695 8.52767051452515,39.3632034055665 8.52767278817773,39.363219120207 8.52766585430431,39.3632197227815 8.52766673106794,39.3632222492995 8.52766847492248,39.3632407911037 8.52763439235819,39.3632445722519 8.52763099251328,39.3632357821561 8.52762223795416,39.3632292409689 8.52759321123283,39.3632303394755 8.52758100567181,39.3632398140505 8.52752777968297,39.3632404898448 8.52746511911444,39.363237351852 8.52745555895719,39.3631988018714 8.52741619551177,39.3631508589053 8.52743272254791,39.3631253901454</coordinates>
            </LinearRing>
          </innerBoundaryIs>
          <innerBoundaryIs>
            <LinearRing>
              <coordinates>8.52812049413846,39.3621682881588 8.52814004543394,39.3621659436551 8.52813723734501,39.3621554619882 8.52819911489178,39.3621454590426 8.52820245542539,39.3621578891496 8.52833719935668,39.3621366752606 8.52833473458109,39.3621251948185 8.5283945764188,39.3621141112549 8.52839536921584,39.3621170429026 8.52843452849668,39.362110822234 8.52845473613733,39.3621075342301 8.52846486643445,39.3621424912345 8.52844402044715,39.3621457676409 8.5284620531361,39.3622121224547 8.52842524028303,39.3622180823312 8.52842615748767,39.3622215010535 8.52816628286368,39.3622635534013 8.52816407447976,39.3622553718616 8.52814872025136,39.3622584362237 8.52813648694615,39.3622186319877 8.52812049413846,39.3621682881588</coordinates>
            </LinearRing>
          </innerBoundaryIs>
          <innerBoundaryIs>
            <LinearRing>
              <coordinates>8.5281347343357,39.3629563555123 8.52827528431737,39.3630005639059 8.52830663402685,39.3630354448072 8.52842081758411,39.3631632721907 8.52843015232726,39.3631733027575 8.52849619370204,39.3632794986997 8.52852446319024,39.3633340100713 8.52853848886468,39.3633800658445 8.52852091709402,39.363376264228 8.52848966202937,39.3633635046932 8.52843785561456,39.3633291626151 8.52825868031077,39.3632202731116 8.5282003665489,39.3631852827993 8.52803095351546,39.3630454542477 8.5281347343357,39.3629563555123</coordinates>
            </LinearRing>
          </innerBoundaryIs>
          <innerBoundaryIs>
            <LinearRing>
              <coordinates>8.52775218404246,39.363155539787 8.52782327355415,39.3631325722183 8.52787728360184,39.3631326653696 8.52795818933338,39.3631119902127 8.52803666262763,39.3631784282286 8.52839696979921,39.363452108077 8.52837740728893,39.3635302223697 8.52825429258597,39.3635116477918 8.52814507334047,39.3634636379095 8.52796206045197,39.3633523626027 8.52788054915034,39.3634353072772 8.52777000024113,39.3633779657156 8.52768468487875,39.3633467310184 8.52775218404246,39.363155539787</coordinates>
            </LinearRing>
          </innerBoundaryIs>
          <innerBoundaryIs>
            <LinearRing>
              <coordinates>8.52751611152233,39.3627261377026 8.52749543589004,39.3626301002352 8.52758158528758,39.3626115190732 8.52763161729755,39.3626007204299 8.527634226303,39.3626114535951 8.52768221549412,39.3626040796552 8.52769330064521,39.3626023766313 8.52768090872975,39.3625585800276 8.52770612638418,39.3625542582682 8.527706092534,39.3625541139617 8.52770047067999,39.3625322855716 8.52773706893572,39.362527199078 8.5277866480147,39.362519867594 8.52779194075172,39.3625405863447 8.52784600844625,39.3625320566372 8.52786013754632,39.3625299424604 8.52785465456934,39.3625081687048 8.52784856970576,39.3624844191922 8.52788091899228,39.3624794145171 8.52793568270195,39.3624709416569 8.52793311025065,39.3624616683574 8.52799588590849,39.3624493444423 8.52804006473017,39.3624424054157 8.52809507136418,39.3624409436827 8.52812637933174,39.3624388811667 8.52817319421523,39.3624386656544 8.52821205285499,39.3624409227792 8.52823725203507,39.3624427820742 8.5282648206425,39.362451318791 8.52827614140608,39.3624577171614 8.52827751339603,39.3624642734048 8.52828163496568,39.3625279407257 8.52819992081414,39.3625308800476 8.52810876934539,39.3625304200759 8.52806692898616,39.3625348366513 8.52797562774024,39.3625376558115 8.52790991497497,39.3625396867416 8.5278510426012,39.3625498098608 8.52785514730234,39.3625642434239 8.52785796276479,39.3625632907255 8.52789846623789,39.3625574541396 8.52790107165262,39.3625704489351 8.52786850178672,39.3625754527201 8.52787849873562,39.3626146622154 8.52792813200089,39.3626061865502 8.52798132517638,39.3625982479267 8.52805943018972,39.3625865808987 8.52816620005752,39.3625706239683 8.52820467813613,39.3625707981121 8.5282277690198,39.3625720271265 8.52824186457032,39.3625748956074 8.52825466081352,39.3625811017334 8.52827109785899,39.3626310058254 8.52828575377405,39.3626851286423 8.52828403365625,39.3627682170525 8.52805317283888,39.3628038541772 8.52796640806744,39.3627535204249 8.52796209572236,39.3627371667738 8.5279551899747,39.3627146483821 8.52790100212044,39.3627220423214 8.52789123335703,39.3626765263628 8.52784190401359,39.362684678866 8.52779220668575,39.3626923162519 8.52779597046659,39.3627194443118 8.52775329930607,39.3627265515579 8.52777364016356,39.3628223713657 8.52782593047923,39.362838199005 8.52778828952352,39.3629187537426 8.5276360334278,39.3629288218755 8.52752341095357,39.3629381407864 8.52747485757681,39.3627313583873 8.52751611152233,39.3627261377026</coordinates>
            </LinearRing>
          </innerBoundaryIs>
        </Polygon>
      </Placemark>
      <Placemark xmlns="http://www.opengis.net/kml/2.2">
        <styleUrl>#Parti singole_style_map</styleUrl>
        <name>T02817</name>
        <Polygon>
          <outerBoundaryIs>
            <LinearRing>
              <coordinates>8.53082405933683,39.3727719563148 8.53077925019901,39.3728622657503 8.53080237567913,39.3729056367188 8.53079408213713,39.3729219033286 8.53094527662852,39.3728897780359 8.53137662851218,39.3727411853713 8.53106723757882,39.3723098466401 8.53083232975299,39.3723819024776 8.53088187951232,39.3724978158316 8.53090638165428,39.372606041235 8.5308446153431,39.3727305271506 8.53082405933683,39.3727719563148</coordinates>
            </LinearRing>
          </outerBoundaryIs>
        </Polygon>
      </Placemark>
      <Placemark xmlns="http://www.opengis.net/kml/2.2">
        <styleUrl>#Parti singole_style_map</styleUrl>
        <name>T01486</name>
        <Polygon>
          <outerBoundaryIs>
            <LinearRing>
              <coordinates>8.52328760099299,39.3641503976812 8.52370379072933,39.3645105701175 8.52363306071497,39.3641063461361 8.52389181222317,39.3637099501625 8.52402966598081,39.3635801587643 8.52369918863671,39.3633792127192 8.52344133994377,39.3635746224873 8.52318046552442,39.3638408873018 8.52328760099299,39.3641503976812</coordinates>
            </LinearRing>
          </outerBoundaryIs>
        </Polygon>
      </Placemark>
      <Placemark xmlns="http://www.opengis.net/kml/2.2">
        <styleUrl>#Parti singole_style_map</styleUrl>
        <name>T01487</name>
        <Polygon>
          <outerBoundaryIs>
            <LinearRing>
              <coordinates>8.52402966598081,39.3635801587643 8.52435111611717,39.3633670317993 8.52441789725256,39.3632111429526 8.52430986304887,39.3630882025144 8.52443745809623,39.3630330031092 8.52449175508173,39.3630386945622 8.52451808052015,39.3629772330595 8.52451089287441,39.3629348360204 8.52452850840674,39.3628517405884 8.52424109514289,39.3630357770769 8.52406444739445,39.363106120492 8.52369918863671,39.3633792127192 8.52402966598081,39.3635801587643</coordinates>
            </LinearRing>
          </outerBoundaryIs>
        </Polygon>
      </Placemark>
      <Placemark xmlns="http://www.opengis.net/kml/2.2">
        <styleUrl>#Parti singole_style_map</styleUrl>
        <name>T01488</name>
        <Polygon>
          <outerBoundaryIs>
            <LinearRing>
              <coordinates>8.52727433523166,39.3633714464672 8.52729562496245,39.3633712807186 8.52729601271268,39.3633550993306 8.52727473787683,39.3633547785696 8.52727433523166,39.3633714464672</coordinates>
            </LinearRing>
          </outerBoundaryIs>
        </Polygon>
      </Placemark>
      <Placemark xmlns="http://www.opengis.net/kml/2.2">
        <styleUrl>#Parti singole_style_map</styleUrl>
        <name>T01489</name>
        <Polygon>
          <outerBoundaryIs>
            <LinearRing>
              <coordinates>8.52713599474653,39.3631081811333 8.52713869030326,39.3631164007144 8.52726007203631,39.3630940434653 8.52723830845688,39.3630319803563 8.52711837689572,39.3630544696284 8.52713599474653,39.3631081811333</coordinates>
            </LinearRing>
          </outerBoundaryIs>
        </Polygon>
      </Placemark>
      <Placemark xmlns="http://www.opengis.net/kml/2.2">
        <styleUrl>#Parti singole_style_map</styleUrl>
        <name>T01477</name>
        <Polygon>
          <outerBoundaryIs>
            <LinearRing>
              <coordinates>8.51902067892577,39.3558781517357 8.51957901570687,39.3556487168618 8.5197087190504,39.3554944330205 8.52019299705385,39.3554335203268 8.52058432710786,39.355043841256 8.5206885453318,39.3547919748809 8.52076567140522,39.3545574232016 8.52067842211388,39.354352766936 8.52079347578192,39.3541319504718 8.52076665157818,39.3540219379894 8.52040117331391,39.3538623498227 8.52025741028803,39.354187543074 8.52024394168686,39.3548513323165 8.51922079487365,39.3553744324341 8.51888964735854,39.355794442166 8.51902067892577,39.3558781517357</coordinates>
            </LinearRing>
          </outerBoundaryIs>
        </Polygon>
      </Placemark>
      <Placemark xmlns="http://www.opengis.net/kml/2.2">
        <styleUrl>#Parti singole_style_map</styleUrl>
        <name>T01476</name>
        <Polygon>
          <outerBoundaryIs>
            <LinearRing>
              <coordinates>8.5188192555108,39.3559091798424 8.51889247972832,39.3561849719163 8.5196153112372,39.3559413678862 8.51978491728393,39.3557465570665 8.51996197710352,39.3556732662647 8.52023009664386,39.3557023235162 8.52071635129891,39.3553185500731 8.5209402970948,39.3548719448397 8.52095615865656,39.3545448273414 8.52071158783405,39.3543568863037 8.52080905316868,39.3545476092455 8.52063220194636,39.3550270807193 8.52021561895882,39.355443552319 8.51973206677574,39.3555120189613 8.51961104673518,39.3556762232929 8.51902943282712,39.3559065261797 8.51889529721151,39.3558336975559 8.5188192555108,39.3559091798424</coordinates>
            </LinearRing>
          </outerBoundaryIs>
        </Polygon>
      </Placemark>
      <Placemark xmlns="http://www.opengis.net/kml/2.2">
        <styleUrl>#Parti singole_style_map</styleUrl>
        <name>T01522</name>
        <Polygon>
          <outerBoundaryIs>
            <LinearRing>
              <coordinates>8.52071158783405,39.3543568863037 8.52095615865656,39.3545448273414 8.52161221127833,39.3550590130532 8.52174328962536,39.3561107793257 8.52193239591302,39.3561446887565 8.52195048020041,39.3560866449298 8.52205832944987,39.3561068844509 8.52203388725155,39.3561628747847 8.52232120917337,39.356130274736 8.52255017160903,39.3560127080038 8.52218500214243,39.3558601910187 8.5221460802038,39.3554609169143 8.52218686072822,39.3550291357583 8.52202719300525,39.3546919888492 8.52131871540464,39.3543511512957 8.5211697963564,39.3539840602424 8.52111145924037,39.3536704323219 8.52075804369058,39.3537888080279 8.52082972718073,39.354117610849 8.52071158783405,39.3543568863037</coordinates>
            </LinearRing>
          </outerBoundaryIs>
          <innerBoundaryIs>
            <LinearRing>
              <coordinates>8.5218207896633,39.3556646062995 8.52187568375751,39.3556601645328 8.52188820866513,39.3557535204759 8.52183394172305,39.3557578927424 8.5218207896633,39.3556646062995</coordinates>
            </LinearRing>
          </innerBoundaryIs>
          <innerBoundaryIs>
            <LinearRing>
              <coordinates>8.52193964368217,39.3549493673476 8.5220047912307,39.3549441026541 8.52201778035785,39.355040875509 8.52195186629117,39.3550462001326 8.52193964368217,39.3549493673476</coordinates>
            </LinearRing>
          </innerBoundaryIs>
          <innerBoundaryIs>
            <LinearRing>
              <coordinates>8.52181698665958,39.3560110740849 8.52184611192326,39.3560087159374 8.52184380735108,39.355888874902 8.52189445129805,39.3558847760741 8.52190625806627,39.355972821834 8.52187976896297,39.3559749655709 8.52189243749449,39.3560693943567 8.52185728507826,39.3560722413369 8.52185254721915,39.3560368643836 8.5218207857978,39.3560394369571 8.52181698665958,39.3560110740849</coordinates>
            </LinearRing>
          </innerBoundaryIs>
        </Polygon>
      </Placemark>
      <Placemark xmlns="http://www.opengis.net/kml/2.2">
        <styleUrl>#Parti singole_style_map</styleUrl>
        <name>T00993</name>
        <Polygon>
          <outerBoundaryIs>
            <LinearRing>
              <coordinates>8.48639312972445,39.306077060567 8.48867889410951,39.3055480590775 8.48875776572222,39.3052575873636 8.48870171062573,39.3047209917544 8.48867223925316,39.3042910547215 8.48754333344129,39.3044936835605 8.48752467289212,39.3043791752526 8.48728629969087,39.3043235565201 8.48580760777292,39.3061746002818 8.48639312972445,39.306077060567</coordinates>
            </LinearRing>
          </outerBoundaryIs>
          <innerBoundaryIs>
            <LinearRing>
              <coordinates>8.48848274316787,39.3054847260341 8.48854656240641,39.3054870700595 8.48854421631378,39.3055257334031 8.48848038235742,39.3055238128116 8.48848274316787,39.3054847260341</coordinates>
            </LinearRing>
          </innerBoundaryIs>
          <innerBoundaryIs>
            <LinearRing>
              <coordinates>8.48849221001615,39.3053299108333 8.48855419904785,39.3053303275413 8.48855373069985,39.3053739279602 8.48849179700711,39.3053675013997 8.48849221001615,39.3053299108333</coordinates>
            </LinearRing>
          </innerBoundaryIs>
          <innerBoundaryIs>
            <LinearRing>
              <coordinates>8.48796487018494,39.3044322398996 8.48801383793846,39.3044336898695 8.48801610602848,39.3044884755277 8.48796714976867,39.30448703462 8.48796487018494,39.3044322398996</coordinates>
            </LinearRing>
          </innerBoundaryIs>
          <innerBoundaryIs>
            <LinearRing>
              <coordinates>8.48848553948261,39.3054065530236 8.48855140281345,39.305408500555 8.48854941381114,39.3054490937456 8.48848094139917,39.3054470716666 8.48848553948261,39.3054065530236</coordinates>
            </LinearRing>
          </innerBoundaryIs>
          <innerBoundaryIs>
            <LinearRing>
              <coordinates>8.48865623168667,39.305216728412 8.48871499587409,39.3052363235193 8.4886797015092,39.3053002070052 8.48862063179958,39.3052811511755 8.48865623168667,39.305216728412</coordinates>
            </LinearRing>
          </innerBoundaryIs>
          <innerBoundaryIs>
            <LinearRing>
              <coordinates>8.48777625706114,39.3052424211484 8.48786927256592,39.3051010933157 8.48792635541912,39.3051237720682 8.48783336352225,39.3052650549969 8.48777625706114,39.3052424211484</coordinates>
            </LinearRing>
          </innerBoundaryIs>
        </Polygon>
      </Placemark>
      <Placemark xmlns="http://www.opengis.net/kml/2.2">
        <styleUrl>#Parti singole_style_map</styleUrl>
        <name>T00994</name>
        <Polygon>
          <outerBoundaryIs>
            <LinearRing>
              <coordinates>8.48728629969087,39.3043235565201 8.48752467289212,39.3043791752526 8.48747676237155,39.3040851002045 8.48728629969087,39.3043235565201</coordinates>
            </LinearRing>
          </outerBoundaryIs>
        </Polygon>
      </Placemark>
      <Placemark xmlns="http://www.opengis.net/kml/2.2">
        <styleUrl>#Parti singole_style_map</styleUrl>
        <name>T03206</name>
        <Polygon>
          <outerBoundaryIs>
            <LinearRing>
              <coordinates>8.48752467289212,39.3043791752526 8.48754333344129,39.3044936835605 8.48867223925316,39.3042910547215 8.48866838081776,39.3042348023594 8.48858958281417,39.3039260578264 8.48864877910153,39.3036552239024 8.48767708931129,39.3044147357573 8.48752467289212,39.3043791752526</coordinates>
            </LinearRing>
          </outerBoundaryIs>
        </Polygon>
      </Placemark>
      <Placemark xmlns="http://www.opengis.net/kml/2.2">
        <styleUrl>#Parti singole_style_map</styleUrl>
        <name>T03207</name>
        <Polygon>
          <outerBoundaryIs>
            <LinearRing>
              <coordinates>8.48696562211381,39.3009476303951 8.48747676237155,39.3040851002045 8.48752467289212,39.3043791752526 8.48767708931129,39.3044147357573 8.48864877910153,39.3036552239024 8.48880093164557,39.3029589825431 8.48860274511009,39.3020470004054 8.48831748565051,39.3011992772328 8.48844206284211,39.300626477743 8.48843520918592,39.3005452256486 8.48804158908643,39.3004744546081 8.48784204272345,39.300471621016 8.48774190511249,39.300416818918 8.48767893366351,39.3003306882 8.48762899331583,39.3002912629504 8.48757505660623,39.3002623264902 8.48749442678112,39.3002376335711 8.4870806130538,39.3007932534544 8.48696562211381,39.3009476303951</coordinates>
            </LinearRing>
          </outerBoundaryIs>
        </Polygon>
      </Placemark>
      <Placemark xmlns="http://www.opengis.net/kml/2.2">
        <styleUrl>#Parti singole_style_map</styleUrl>
        <name>T00990</name>
        <Polygon>
          <outerBoundaryIs>
            <LinearRing>
              <coordinates>8.46860202618347,39.3150827936372 8.46862171482946,39.3153964079992 8.46857502539283,39.3154899051367 8.46885006741513,39.315502316409 8.46875785416358,39.3149207195337 8.46850334937563,39.3148986614025 8.46860202618347,39.3150827936372</coordinates>
            </LinearRing>
          </outerBoundaryIs>
        </Polygon>
      </Placemark>
      <Placemark xmlns="http://www.opengis.net/kml/2.2">
        <styleUrl>#Parti singole_style_map</styleUrl>
        <name>T01686</name>
        <Polygon>
          <outerBoundaryIs>
            <LinearRing>
              <coordinates>8.48774309038757,39.3059398065851 8.48802754836306,39.3059732808201 8.48803877797236,39.3059156711724 8.48775543269844,39.3058823280134 8.48774309038757,39.3059398065851</coordinates>
            </LinearRing>
          </outerBoundaryIs>
        </Polygon>
      </Placemark>
      <Placemark xmlns="http://www.opengis.net/kml/2.2">
        <styleUrl>#Parti singole_style_map</styleUrl>
        <name>T00991</name>
        <Polygon>
          <outerBoundaryIs>
            <LinearRing>
              <coordinates>8.48848094139917,39.3054470716666 8.48854941381114,39.3054490937456 8.48855140281345,39.305408500555 8.48848553948261,39.3054065530236 8.48848094139917,39.3054470716666</coordinates>
            </LinearRing>
          </outerBoundaryIs>
        </Polygon>
      </Placemark>
      <Placemark xmlns="http://www.opengis.net/kml/2.2">
        <styleUrl>#Parti singole_style_map</styleUrl>
        <name>T01074</name>
        <Polygon>
          <outerBoundaryIs>
            <LinearRing>
              <coordinates>8.51407463711684,39.3037274411822 8.514139565042,39.3037655660994 8.51416265535853,39.303779133451 8.51420185972258,39.3037434257839 8.51423349706093,39.3036699048605 8.51416845631821,39.3036346809525 8.51412615944989,39.3036765029335 8.51407463711684,39.3037274411822</coordinates>
            </LinearRing>
          </outerBoundaryIs>
        </Polygon>
      </Placemark>
      <Placemark xmlns="http://www.opengis.net/kml/2.2">
        <styleUrl>#Parti singole_style_map</styleUrl>
        <name>T01075</name>
        <Polygon>
          <outerBoundaryIs>
            <LinearRing>
              <coordinates>8.51421295984884,39.3034046447443 8.5143601474778,39.3035070075181 8.51444380528153,39.303377495261 8.51438162822481,39.303329019749 8.51427616598254,39.303282544061 8.51421295984884,39.3034046447443</coordinates>
            </LinearRing>
          </outerBoundaryIs>
        </Polygon>
      </Placemark>
      <Placemark xmlns="http://www.opengis.net/kml/2.2">
        <styleUrl>#Parti singole_style_map</styleUrl>
        <name>T01076</name>
        <Polygon>
          <outerBoundaryIs>
            <LinearRing>
              <coordinates>8.51414818994421,39.3030067974183 8.51421459097008,39.3031537770846 8.51427616598254,39.303282544061 8.51438162822481,39.303329019749 8.51444380528153,39.303377495261 8.5143601474778,39.3035070075181 8.51455330464155,39.3035882607685 8.5148552802088,39.3036886916815 8.51499880382448,39.3037458049139 8.51500685611101,39.303738602934 8.51501646236094,39.3037280644816 8.51500233667863,39.3035634261065 8.51507469699614,39.3034272074257 8.51507404694272,39.3034205728788 8.5150647684253,39.3033265621493 8.51506441059819,39.3033229563983 8.51493254039331,39.3030430044285 8.51482815138803,39.3027757367678 8.5148046451108,39.3027183310026 8.51430707576804,39.3027524414871 8.5142894762946,39.302753269073 8.51415712223549,39.3027802078915 8.51414818994421,39.3030067974183</coordinates>
            </LinearRing>
          </outerBoundaryIs>
        </Polygon>
      </Placemark>
      <Placemark xmlns="http://www.opengis.net/kml/2.2">
        <styleUrl>#Parti singole_style_map</styleUrl>
        <name>T02709</name>
        <Polygon>
          <outerBoundaryIs>
            <LinearRing>
              <coordinates>8.50747700925984,39.3007356701677 8.5076003508791,39.3009055564653 8.5076250988242,39.3009420822576 8.50771528366565,39.3010044842199 8.50786147520824,39.301112870121 8.50786318657076,39.3011152471616 8.50791673061681,39.3010889643239 8.50788071608559,39.3010416051873 8.50809204489309,39.3009356056025 8.50802190452251,39.3008427786367 8.50820907885729,39.3007494988401 8.50828307200734,39.3008419995747 8.50821950792533,39.3008749351393 8.50824249998734,39.3009022354833 8.50820192600592,39.3009229957096 8.50842112133234,39.30120407225 8.50848392426329,39.3011821533867 8.50841507839158,39.3011064163221 8.50843266216153,39.301086243691 8.50845830109421,39.3010568511542 8.50852499908676,39.300988751121 8.50864935684587,39.3008547023521 8.50866454258776,39.3008457378167 8.50868580309676,39.3008470440442 8.50874135570686,39.300790529564 8.50874580513297,39.3007861241232 8.50875764181965,39.3007883907254 8.50898071159958,39.3008937748984 8.50901773228751,39.3009084563141 8.509045612596,39.3009217115045 8.50932026622276,39.3010490193625 8.50926083988227,39.3011255124098 8.50931699011554,39.3011543941115 8.50936389266033,39.301097608575 8.50957981901206,39.3012098185763 8.50953193079028,39.3012649420837 8.50953879501017,39.3012684761657 8.50944129564358,39.3013962235526 8.50949814552116,39.30142460352 8.5094608172926,39.3014704995602 8.50935533019737,39.3014184867684 8.50931463304695,39.3014668374712 8.50914927701498,39.3013853504227 8.50918935327459,39.3013362402632 8.5090788318985,39.3012811063177 8.5091145497125,39.301233338399 8.50905052901397,39.3012021977557 8.50899618019807,39.3011760988092 8.50890956051251,39.3011294094405 8.5089023855041,39.3011354973839 8.50888102075713,39.3011573751586 8.50882322946981,39.3011409570584 8.50880198613291,39.3011288922119 8.50878842091994,39.3011449279569 8.50902758109628,39.3012581021014 8.50898773143071,39.3013112859759 8.50872949815863,39.301192444606 8.50876272694321,39.3011490454602 8.50874076219758,39.3011389779207 8.50873228785328,39.3011500973202 8.50871465223818,39.3011412194415 8.50872361366292,39.3011301021002 8.5086763886089,39.3011069255058 8.5086659918487,39.3011176493237 8.50864833047122,39.3011091407627 8.50865714126594,39.301098004769 8.50863461510213,39.3010869616881 8.50863145784614,39.3010906697514 8.50858803488896,39.3011108594182 8.5085788779707,39.3011316803935 8.50860433900972,39.3011790848442 8.5083684529931,39.3012593462808 8.50835903945421,39.3012604868943 8.50834576811651,39.3012593765623 8.50833240737621,39.3012528144078 8.50825342360832,39.3012849909992 8.50815762113346,39.3011717726715 8.50810435355049,39.301198327108 8.50806395023757,39.3012178715687 8.50818688367456,39.3013652198748 8.50838033025973,39.3014364016766 8.50876209191814,39.3015167043255 8.50884732562178,39.3015725788128 8.50884334873749,39.3015774007417 8.5088713675971,39.3016156520995 8.50954793913848,39.3017658935745 8.50974255931986,39.301770660564 8.50993365948085,39.3016815574739 8.50995398486304,39.3016789669304 8.50989825079906,39.3016568272563 8.50988875466272,39.3016697986285 8.50964908990204,39.301575339248 8.50971794090632,39.301464546141 8.50959147185045,39.3014078226717 8.50953471881481,39.3014768302625 8.50952611474751,39.3014733248877 8.50951317669709,39.3014892462221 8.50948539986868,39.301499320153 8.50948047225252,39.3015041110633 8.50945993999199,39.3014948156049 8.50954610133633,39.301388051263 8.50952514032066,39.3013787089552 8.5095740440515,39.3013110378973 8.50961952697214,39.3013313143654 8.50962899243011,39.3013194151526 8.50965475954752,39.3013313997984 8.50964625722192,39.301343221977 8.50976144474231,39.3013945455213 8.50977186349455,39.3013789919902 8.51026288289006,39.3015712478549 8.51045920718791,39.3016492503709 8.5103959244647,39.3017466685134 8.51052442143165,39.30180713906 8.5106669780946,39.3017706148966 8.51051019145519,39.3016140981012 8.51038340347812,39.3014848834705 8.51045743116335,39.3014415203829 8.51058248384894,39.3015684569499 8.51068518798206,39.3016705020751 8.51074149415509,39.3017237575528 8.5109680891141,39.3020132583305 8.51105431525469,39.3019918960872 8.51098851344099,39.301836582273 8.51083081762501,39.3015873605208 8.51069223529814,39.3015046276286 8.51052751438184,39.3014049887458 8.51066166760411,39.3012711322246 8.51062509237431,39.3012473704697 8.5104896837095,39.3013749862967 8.5104986455639,39.3013837373043 8.51044441369755,39.3014272738304 8.51043097228495,39.3014172785192 8.51033895066631,39.3014864804842 8.510303413741,39.3014618399556 8.51026611910659,39.301493012994 8.50996052616887,39.3013731189629 8.50989460633977,39.3013282025103 8.50988129394169,39.3013396169841 8.50985221599561,39.3013201125676 8.50984380649369,39.301328610222 8.5098076310994,39.301304093001 8.50981610490253,39.3012963525147 8.50978945996288,39.301278867709 8.50980233322083,39.3012655681693 8.50973204774362,39.3012180742042 8.5098697245335,39.3010996326446 8.5100064082536,39.300982168897 8.51005799452137,39.3009454695244 8.51008365324165,39.3009646711507 8.51014104019731,39.3009276807961 8.51024469940135,39.3008210436644 8.51035867119456,39.300768892197 8.51039720952236,39.3007522315068 8.5106148802645,39.300687432694 8.51070202538367,39.3006771036067 8.51094080933846,39.3006713226416 8.51108030016417,39.300701662127 8.51112047563532,39.3007363417584 8.51113429706383,39.3007833723652 8.51114969761051,39.3010383934548 8.51120592671746,39.3009893955222 8.51120288636577,39.3008980147454 8.51127896798084,39.3005726804302 8.51092459798072,39.3005111982861 8.51095604380195,39.3003888486892 8.51069213503666,39.3002573278298 8.51044792833435,39.3001361794452 8.51039997864182,39.3001138204663 8.51039997864182,39.3001138204663 8.5103753391834,39.3001447404446 8.51069665134217,39.300299895124 8.51073753263699,39.3003197643459 8.51046539241177,39.3006654575228 8.51035560120553,39.3007002181135 8.51014269195463,39.3008022775111 8.51009751084286,39.3008302004892 8.51005568436115,39.3008560290853 8.51002141178244,39.3008862686578 8.50991716758917,39.3008373612696 8.50988894608006,39.3008264476193 8.50966151785144,39.3007205872697 8.50951170274151,39.3006508530443 8.50953668335071,39.3006193219667 8.50948935489165,39.300597677075 8.50944117473603,39.300656457645 8.50935906451311,39.3007528497289 8.50931021515949,39.3007945071838 8.50935661150891,39.3008151210024 8.50937537458685,39.3008269590327 8.50946214704089,39.3007206027959 8.50949695293026,39.3006787869494 8.50975974048509,39.3008046921471 8.50998786756587,39.3009118437708 8.50968903739921,39.3011559447191 8.50925184320336,39.3009491720719 8.50927119602588,39.3009230867781 8.50922835129575,39.3009020644079 8.50921095758244,39.3009232922083 8.50914124158151,39.3008939837808 8.50901338640944,39.3008383351107 8.50872463764236,39.3007134989986 8.50849250465703,39.3006123741237 8.50834547193602,39.3005479484171 8.50833321863696,39.3005654403698 8.50827431938921,39.3005384027673 8.50828698545894,39.3005215883642 8.50779899233774,39.3002716687938 8.50755456201893,39.3001996574967 8.50755424568544,39.30020342261 8.50745886866468,39.3001952696875 8.50746086604537,39.3001750492317 8.50741034014386,39.3001580124222 8.50739825226565,39.3002957431073 8.50741830984671,39.300296566908 8.50740688902014,39.300445014079 8.50738472131217,39.3004441002453 8.50733508758747,39.3004420338724 8.50733320177471,39.3004595696235 8.50731200287227,39.3004577678243 8.50731195758364,39.3004410799071 8.50726351810129,39.3004390546039 8.50747700925984,39.3007356701677</coordinates>
            </LinearRing>
          </outerBoundaryIs>
          <innerBoundaryIs>
            <LinearRing>
              <coordinates>8.50947610970426,39.3015110218586 8.50945805770792,39.3015384822875 8.50942415932148,39.3015233726572 8.50944410527014,39.3014970645723 8.50947610970426,39.3015110218586</coordinates>
            </LinearRing>
          </innerBoundaryIs>
          <innerBoundaryIs>
            <LinearRing>
              <coordinates>8.50786322199609,39.3004631104943 8.50773620138395,39.3005566893414 8.50758259430212,39.3004276825507 8.50771531177825,39.3003337315071 8.50786322199609,39.3004631104943</coordinates>
            </LinearRing>
          </innerBoundaryIs>
          <innerBoundaryIs>
            <LinearRing>
              <coordinates>8.5083817841115,39.3006372892943 8.50858791549757,39.3007351238004 8.50854165274523,39.3007915783356 8.5085870083442,39.3008117285206 8.50853917052988,39.3008728349072 8.50834686069346,39.3007819428659 8.50837480305554,39.3007448920167 8.50835480608861,39.3007337334203 8.50836728826217,39.300716683955 8.50833141499396,39.3006988264221 8.5083817841115,39.3006372892943</coordinates>
            </LinearRing>
          </innerBoundaryIs>
          <innerBoundaryIs>
            <LinearRing>
              <coordinates>8.50813947704831,39.3007321203972 8.50797410180606,39.3008590749738 8.50778410686663,39.3007044144104 8.50795831402473,39.3005782092962 8.50813947704831,39.3007321203972</coordinates>
            </LinearRing>
          </innerBoundaryIs>
        </Polygon>
      </Placemark>
      <Placemark xmlns="http://www.opengis.net/kml/2.2">
        <styleUrl>#Parti singole_style_map</styleUrl>
        <name>T02710</name>
        <Polygon>
          <outerBoundaryIs>
            <LinearRing>
              <coordinates>8.51017937013513,39.300006439987 8.51039997864182,39.3001138204663 8.51065846832537,39.3002406261825 8.51073063985916,39.3001548325855 8.51061743353505,39.300110970454 8.51068163986835,39.3000309000606 8.5102577072055,39.2999283436884 8.51017937013513,39.300006439987</coordinates>
            </LinearRing>
          </outerBoundaryIs>
        </Polygon>
      </Placemark>
      <Placemark xmlns="http://www.opengis.net/kml/2.2">
        <styleUrl>#Parti singole_style_map</styleUrl>
        <name>T02777</name>
        <Polygon>
          <outerBoundaryIs>
            <LinearRing>
              <coordinates>8.48868610478541,39.3020714252225 8.48887831998814,39.3029674231358 8.48871135864989,39.3037065442287 8.48898313200318,39.3042866088905 8.48904369077991,39.3040403527806 8.48902399951043,39.3038567826232 8.48905236392483,39.3037170710692 8.48915039530158,39.3035472365058 8.48923426702055,39.3028796639235 8.48932376230476,39.3024034208487 8.48938572786945,39.3022280663916 8.48945687704763,39.3020720439853 8.48954167100667,39.30190557499 8.48958721876423,39.301822038918 8.48967266996746,39.301702292892 8.48934417297504,39.3017688097321 8.48857882769182,39.3017655559474 8.48868610478541,39.3020714252225</coordinates>
            </LinearRing>
          </outerBoundaryIs>
        </Polygon>
      </Placemark>
      <Placemark xmlns="http://www.opengis.net/kml/2.2">
        <styleUrl>#Parti singole_style_map</styleUrl>
        <name>T02711</name>
        <Polygon>
          <outerBoundaryIs>
            <LinearRing>
              <coordinates>8.50957981901206,39.3012098185763 8.50936389266033,39.301097608575 8.50931699011554,39.3011543941115 8.50953193079028,39.3012649420837 8.50957981901206,39.3012098185763</coordinates>
            </LinearRing>
          </outerBoundaryIs>
        </Polygon>
      </Placemark>
      <Placemark xmlns="http://www.opengis.net/kml/2.2">
        <styleUrl>#Parti singole_style_map</styleUrl>
        <name>T01082</name>
        <Polygon>
          <outerBoundaryIs>
            <LinearRing>
              <coordinates>8.51505249476287,39.301834041044 8.51550190873084,39.3018513758623 8.51570658874783,39.3015208974584 8.51636436345641,39.3015245529579 8.51702618603991,39.3019834666885 8.51702784552049,39.3019748864276 8.51689193790551,39.3017348280153 8.51683845808278,39.3016443101759 8.51669143868695,39.3015377612494 8.51647323523453,39.3014479103818 8.51619273675369,39.3013908331016 8.51571666464705,39.3014892849846 8.5151345924282,39.3017200470948 8.51505249476287,39.301834041044</coordinates>
            </LinearRing>
          </outerBoundaryIs>
        </Polygon>
      </Placemark>
      <Placemark xmlns="http://www.opengis.net/kml/2.2">
        <styleUrl>#Parti singole_style_map</styleUrl>
        <name>T03209</name>
        <Polygon>
          <outerBoundaryIs>
            <LinearRing>
              <coordinates>8.5007110356434,39.3017158955513 8.50240820359232,39.3026644101514 8.50241510276419,39.3026629799356 8.50229360765786,39.3024728131501 8.50225264906737,39.3022431187265 8.50245277952995,39.3017861888899 8.50253270689029,39.3017309530208 8.50272336556766,39.3016432295158 8.50310110451258,39.3015094585468 8.50338090772576,39.3014206819864 8.50381297150091,39.3012960971711 8.50400712326442,39.3012519979894 8.50408476732779,39.3012373623052 8.50425931431142,39.301220220087 8.50453838152194,39.301215669145 8.50462745174515,39.3012236534358 8.50487591423764,39.3012732425017 8.50509802955462,39.3013571126051 8.50524275958609,39.301425551358 8.50578278907591,39.3014464987921 8.50613172138591,39.3014302746687 8.50646314816323,39.3014229768746 8.50672421657879,39.3014844915116 8.50693484327112,39.3015532616162 8.50721306565127,39.3017403391671 8.5072716365421,39.3019150874755 8.50742037306521,39.3019700064965 8.50750827512145,39.3021133235782 8.50758646584102,39.3021464623328 8.50758995399367,39.3009460513747 8.50588073319558,39.3002691598275 8.50595226194106,39.3000042350984 8.505518905038,39.2999237760351 8.50481986122108,39.2999445998533 8.50452190502774,39.2998919164772 8.50454580409409,39.2998183471772 8.50405150053329,39.3000639077587 8.50363286058434,39.3001707637538 8.50325901830941,39.3003778457608 8.50272361453521,39.3005680439479 8.5021255469998,39.3006437525161 8.5016426471443,39.3005338094228 8.50148874332263,39.3005478554213 8.50131838221084,39.3005946474569 8.50112796402338,39.3008902994383 8.50091429834017,39.3011196861724 8.50076800181542,39.3016132564521 8.5007110356434,39.3017158955513</coordinates>
            </LinearRing>
          </outerBoundaryIs>
        </Polygon>
      </Placemark>
      <Placemark xmlns="http://www.opengis.net/kml/2.2">
        <styleUrl>#Parti singole_style_map</styleUrl>
        <name>T01083</name>
        <Polygon>
          <outerBoundaryIs>
            <LinearRing>
              <coordinates>8.50745886866468,39.3001952696875 8.50755424568544,39.30020342261 8.50755456201893,39.3001996574967 8.50746086604537,39.3001750492317 8.50745886866468,39.3001952696875</coordinates>
            </LinearRing>
          </outerBoundaryIs>
        </Polygon>
      </Placemark>
      <Placemark xmlns="http://www.opengis.net/kml/2.2">
        <styleUrl>#Parti singole_style_map</styleUrl>
        <name>T03428</name>
        <Polygon>
          <outerBoundaryIs>
            <LinearRing>
              <coordinates>8.50925184320336,39.3009491720719 8.50968903739921,39.3011559447191 8.50998786756587,39.3009118437708 8.50975974048509,39.3008046921471 8.50949695293026,39.3006787869494 8.50946214704089,39.3007206027959 8.50937537458685,39.3008269590327 8.50935661150891,39.3008151210024 8.50927119602588,39.3009230867781 8.50925184320336,39.3009491720719</coordinates>
            </LinearRing>
          </outerBoundaryIs>
        </Polygon>
      </Placemark>
      <Placemark xmlns="http://www.opengis.net/kml/2.2">
        <styleUrl>#Parti singole_style_map</styleUrl>
        <name>T03429</name>
        <Polygon>
          <outerBoundaryIs>
            <LinearRing>
              <coordinates>8.5101508704378,39.3012891033408 8.5103614455387,39.3011011986583 8.51028268876993,39.3010527502829 8.51020280070844,39.3011216247736 8.51010684378823,39.3010583894699 8.51013494207718,39.3010304576333 8.51006150232507,39.3009796076318 8.51003474156402,39.3010020035339 8.5100064082536,39.300982168897 8.5098697245335,39.3010996326446 8.5101508704378,39.3012891033408</coordinates>
            </LinearRing>
          </outerBoundaryIs>
        </Polygon>
      </Placemark>
      <Placemark xmlns="http://www.opengis.net/kml/2.2">
        <styleUrl>#Parti singole_style_map</styleUrl>
        <name>T01378</name>
        <Polygon>
          <outerBoundaryIs>
            <LinearRing>
              <coordinates>8.50957754141687,39.3005677640644 8.50953668335071,39.3006193219667 8.50968755890817,39.3006883217562 8.50981213881277,39.3005336833303 8.50961482988566,39.3004344735029 8.50953282665068,39.3005455084735 8.50957754141687,39.3005677640644</coordinates>
            </LinearRing>
          </outerBoundaryIs>
        </Polygon>
      </Placemark>
      <Placemark xmlns="http://www.opengis.net/kml/2.2">
        <styleUrl>#Parti singole_style_map</styleUrl>
        <name>T01379</name>
        <Polygon>
          <outerBoundaryIs>
            <LinearRing>
              <coordinates>8.50828698545894,39.3005215883642 8.50834547193602,39.3005479484171 8.50839564826943,39.3004841127507 8.50833585142806,39.3004577381742 8.50828698545894,39.3005215883642</coordinates>
            </LinearRing>
          </outerBoundaryIs>
        </Polygon>
      </Placemark>
      <Placemark xmlns="http://www.opengis.net/kml/2.2">
        <styleUrl>#Parti singole_style_map</styleUrl>
        <name>T01091</name>
        <Polygon>
          <outerBoundaryIs>
            <LinearRing>
              <coordinates>8.51173611728476,39.3014644558535 8.51177881208432,39.3014571561974 8.51176941532126,39.3014225248745 8.51172286921006,39.3014282945735 8.51173611728476,39.3014644558535</coordinates>
            </LinearRing>
          </outerBoundaryIs>
        </Polygon>
      </Placemark>
      <Placemark xmlns="http://www.opengis.net/kml/2.2">
        <styleUrl>#Parti singole_style_map</styleUrl>
        <name>T01006</name>
        <Polygon>
          <outerBoundaryIs>
            <LinearRing>
              <coordinates>8.50126209633084,39.299064992481 8.50120508857453,39.2993812652188 8.50140828086634,39.3002766865341 8.50148874332263,39.3005478554213 8.5016426471443,39.3005338094228 8.5021255469998,39.3006437525161 8.50272361453521,39.3005680439479 8.50325901830941,39.3003778457608 8.50363286058434,39.3001707637538 8.50405150053329,39.3000639077587 8.50454580409409,39.2998183471772 8.50468583099723,39.2998427495728 8.50468179562058,39.2998607717153 8.5048365518128,39.2998916612342 8.50481986122108,39.2999445998533 8.505518905038,39.2999237760351 8.50595226194106,39.3000042350984 8.50588073319558,39.3002691598275 8.50758995399367,39.3009460513747 8.50722616906196,39.3004200190954 8.50725047168945,39.3002968202847 8.50726893009581,39.300171839637 8.5075082360946,39.2985517194044 8.5075029732504,39.298549750824 8.50560467221804,39.2991536487245 8.50498321351509,39.2988661883801 8.50436303565631,39.2984899752397 8.50308706210003,39.2981539584154 8.50254401194606,39.2979082418897 8.50149448021173,39.2979881252339 8.50147495970904,39.2979934299593 8.50149633067241,39.2984381612017 8.50111232290435,39.2989077992582 8.50126209633084,39.299064992481</coordinates>
            </LinearRing>
          </outerBoundaryIs>
        </Polygon>
      </Placemark>
      <Placemark xmlns="http://www.opengis.net/kml/2.2">
        <styleUrl>#Parti singole_style_map</styleUrl>
        <name>T01373</name>
        <Polygon>
          <outerBoundaryIs>
            <LinearRing>
              <coordinates>8.50738317053106,39.3001857132592 8.50746729124939,39.2996028459841 8.50761541037229,39.2985574623062 8.5075082360946,39.2985517194044 8.50726893009581,39.300171839637 8.50738317053106,39.3001857132592</coordinates>
            </LinearRing>
          </outerBoundaryIs>
        </Polygon>
      </Placemark>
      <Placemark xmlns="http://www.opengis.net/kml/2.2">
        <styleUrl>#Parti singole_style_map</styleUrl>
        <name>T02772</name>
        <Polygon>
          <outerBoundaryIs>
            <LinearRing>
              <coordinates>8.50746729124939,39.2996028459841 8.5079410764325,39.299585631139 8.50910372885539,39.2996804511556 8.50980737112233,39.299819397873 8.51068163986835,39.3000309000606 8.51068758354296,39.3000283930665 8.51001474071584,39.299335777655 8.5096610367745,39.2989656705785 8.50969409622183,39.298881506235 8.50965037420927,39.2988700226004 8.50955002908294,39.2988228883849 8.50948289607131,39.2987428340306 8.50948226746937,39.2986252783862 8.50896235073816,39.2986316452151 8.50869100784918,39.2986392579762 8.5083853446302,39.2985762887991 8.50769417091358,39.2985616972346 8.50761541037229,39.2985574623062 8.50746729124939,39.2996028459841</coordinates>
            </LinearRing>
          </outerBoundaryIs>
        </Polygon>
      </Placemark>
      <Placemark xmlns="http://www.opengis.net/kml/2.2">
        <styleUrl>#Parti singole_style_map</styleUrl>
        <name>T02778</name>
        <Polygon>
          <outerBoundaryIs>
            <LinearRing>
              <coordinates>8.5096610367745,39.2989656705785 8.51001474071584,39.299335777655 8.51068758354296,39.3000283930665 8.51079474457189,39.2999831236859 8.51080308774858,39.2998409256178 8.51082143662006,39.2997357403274 8.51088484139833,39.2995721572025 8.51096903868066,39.2994703303541 8.51105099130795,39.2993843797908 8.51114939253074,39.2992811888207 8.51137219541595,39.2991947395074 8.51161988267,39.2990986447039 8.51182604402397,39.2988851825564 8.51182604402397,39.2988851825564 8.51187138228376,39.2986057721803 8.51133668751069,39.2984810006001 8.51046489856185,39.2986283090091 8.51026461130168,39.2986026056579 8.50977480702842,39.2986246822942 8.50983960800263,39.2987049158806 8.50978436402453,39.2988189291945 8.50971056667374,39.2988396040225 8.50969409622183,39.298881506235 8.5096610367745,39.2989656705785</coordinates>
            </LinearRing>
          </outerBoundaryIs>
        </Polygon>
      </Placemark>
      <Placemark xmlns="http://www.opengis.net/kml/2.2">
        <styleUrl>#Parti singole_style_map</styleUrl>
        <name>T01092</name>
        <Polygon>
          <outerBoundaryIs>
            <LinearRing>
              <coordinates>8.51248850073192,39.2996675892843 8.51255534470662,39.2996261590612 8.51250475825631,39.2995726130374 8.51244047500865,39.2996177122891 8.51248850073192,39.2996675892843</coordinates>
            </LinearRing>
          </outerBoundaryIs>
        </Polygon>
      </Placemark>
      <Placemark xmlns="http://www.opengis.net/kml/2.2">
        <styleUrl>#Parti singole_style_map</styleUrl>
        <name>T01093</name>
        <Polygon>
          <outerBoundaryIs>
            <LinearRing>
              <coordinates>8.5124554543881,39.2990770547343 8.51224579509462,39.2988342037928 8.51195983697409,39.298942303778 8.51198143885849,39.2989811942746 8.51202305065497,39.2990561031895 8.5120492474717,39.2990846326727 8.51223808137105,39.2992903087944 8.51250475825631,39.2995726130374 8.51255534470662,39.2996261590612 8.5126059658173,39.2995978524314 8.51262712075978,39.2996159984081 8.51267191098472,39.2995906678695 8.5128007671359,39.2994770425865 8.5124554543881,39.2990770547343</coordinates>
            </LinearRing>
          </outerBoundaryIs>
        </Polygon>
      </Placemark>
      <Placemark xmlns="http://www.opengis.net/kml/2.2">
        <styleUrl>#Parti singole_style_map</styleUrl>
        <name>T01094</name>
        <Polygon>
          <outerBoundaryIs>
            <LinearRing>
              <coordinates>8.51187348017033,39.2983322895783 8.51189157984769,39.2984812665964 8.51187138228376,39.2986057721803 8.51196384795519,39.2986170990452 8.5121914449834,39.2985946619312 8.51215496935609,39.2981159170323 8.51206697995369,39.2980629708532 8.51191378842608,39.298075718087 8.51182861386024,39.2981150346305 8.51187348017033,39.2983322895783</coordinates>
            </LinearRing>
          </outerBoundaryIs>
        </Polygon>
      </Placemark>
      <Placemark xmlns="http://www.opengis.net/kml/2.2">
        <styleUrl>#Parti singole_style_map</styleUrl>
        <name>T01407</name>
        <Polygon>
          <outerBoundaryIs>
            <LinearRing>
              <coordinates>8.50833898000409,39.3058548586012 8.50843191972645,39.3058643611192 8.50843614725051,39.3058237770261 8.5083467679537,39.3058126586325 8.50833898000409,39.3058548586012</coordinates>
            </LinearRing>
          </outerBoundaryIs>
        </Polygon>
      </Placemark>
      <Placemark xmlns="http://www.opengis.net/kml/2.2">
        <styleUrl>#Parti singole_style_map</styleUrl>
        <name>T01408</name>
        <Polygon>
          <outerBoundaryIs>
            <LinearRing>
              <coordinates>8.50947323215413,39.3056768298753 8.5095890886349,39.3056649196923 8.50959303298459,39.3056880305991 8.50962850262056,39.3056843776268 8.50961480960173,39.3056040260624 8.50946159184555,39.3056197704513 8.50947323215413,39.3056768298753</coordinates>
            </LinearRing>
          </outerBoundaryIs>
        </Polygon>
      </Placemark>
      <Placemark xmlns="http://www.opengis.net/kml/2.2">
        <styleUrl>#Parti singole_style_map</styleUrl>
        <name>T01095</name>
        <Polygon>
          <outerBoundaryIs>
            <LinearRing>
              <coordinates>8.50781857764741,39.3041308861645 8.50886722400386,39.3038746580558 8.50888124230624,39.3038221040746 8.50781312147793,39.304090252102 8.50781857764741,39.3041308861645</coordinates>
            </LinearRing>
          </outerBoundaryIs>
        </Polygon>
      </Placemark>
      <Placemark xmlns="http://www.opengis.net/kml/2.2">
        <styleUrl>#Parti singole_style_map</styleUrl>
        <name>T01392</name>
        <Polygon>
          <outerBoundaryIs>
            <LinearRing>
              <coordinates>8.5062590048288,39.3072180455988 8.50631057877124,39.3073704271583 8.50636093912588,39.3073605669719 8.50631142079781,39.307207788679 8.5062590048288,39.3072180455988</coordinates>
            </LinearRing>
          </outerBoundaryIs>
        </Polygon>
      </Placemark>
      <Placemark xmlns="http://www.opengis.net/kml/2.2">
        <styleUrl>#Parti singole_style_map</styleUrl>
        <name>T01096</name>
        <Polygon>
          <outerBoundaryIs>
            <LinearRing>
              <coordinates>8.50905336001246,39.303786571724 8.50905301708245,39.3037742437128 8.50917801713479,39.303436042942 8.50908732010298,39.3034147555494 8.50894818250827,39.3037860286948 8.50905336001246,39.303786571724</coordinates>
            </LinearRing>
          </outerBoundaryIs>
        </Polygon>
      </Placemark>
      <Placemark xmlns="http://www.opengis.net/kml/2.2">
        <styleUrl>#Parti singole_style_map</styleUrl>
        <name>T01097</name>
        <Polygon>
          <outerBoundaryIs>
            <LinearRing>
              <coordinates>8.50902856079925,39.30269385403 8.50914953170088,39.302822306692 8.50930724890351,39.3027343973725 8.50928235923192,39.3026996824883 8.50915580264757,39.3027697019575 8.50906557472767,39.3026714836154 8.50902856079925,39.30269385403</coordinates>
            </LinearRing>
          </outerBoundaryIs>
        </Polygon>
      </Placemark>
      <Placemark xmlns="http://www.opengis.net/kml/2.2">
        <styleUrl>#Parti singole_style_map</styleUrl>
        <name>T01098</name>
        <Polygon>
          <outerBoundaryIs>
            <LinearRing>
              <coordinates>8.50937341180973,39.3027031571783 8.50961297745062,39.3025615287085 8.5095822343575,39.3025312945373 8.50934582646364,39.3026658358721 8.50937341180973,39.3027031571783</coordinates>
            </LinearRing>
          </outerBoundaryIs>
        </Polygon>
      </Placemark>
      <Placemark xmlns="http://www.opengis.net/kml/2.2">
        <styleUrl>#Parti singole_style_map</styleUrl>
        <name>T01099</name>
        <Polygon>
          <outerBoundaryIs>
            <LinearRing>
              <coordinates>8.51319936429924,39.3053808126522 8.51325128156151,39.305371884088 8.51330480716042,39.3053635028681 8.51333675989449,39.3053585094866 8.51338949588515,39.3053502600841 8.51344420574017,39.3053416945302 8.51335269011739,39.3049794532313 8.51330852755463,39.304984044122 8.51333035198347,39.3050815585234 8.51330149018351,39.3051141734523 8.51322036689303,39.3052756562047 8.51319936429924,39.3053808126522</coordinates>
            </LinearRing>
          </outerBoundaryIs>
        </Polygon>
      </Placemark>
      <Placemark xmlns="http://www.opengis.net/kml/2.2">
        <styleUrl>#Parti singole_style_map</styleUrl>
        <name>T01100</name>
        <Polygon>
          <outerBoundaryIs>
            <LinearRing>
              <coordinates>8.50961952697214,39.3013313143654 8.50964625722192,39.301343221977 8.50965475954752,39.3013313997984 8.50962899243011,39.3013194151526 8.50961952697214,39.3013313143654</coordinates>
            </LinearRing>
          </outerBoundaryIs>
        </Polygon>
      </Placemark>
      <Placemark xmlns="http://www.opengis.net/kml/2.2">
        <styleUrl>#Parti singole_style_map</styleUrl>
        <name>T01393</name>
        <Polygon>
          <outerBoundaryIs>
            <LinearRing>
              <coordinates>8.50641528658568,39.3072422085425 8.50646622560738,39.307234161904 8.50645308592557,39.3071844665416 8.50639489215972,39.3071916804453 8.50641528658568,39.3072422085425</coordinates>
            </LinearRing>
          </outerBoundaryIs>
        </Polygon>
      </Placemark>
      <Placemark xmlns="http://www.opengis.net/kml/2.2">
        <styleUrl>#Parti singole_style_map</styleUrl>
        <name>T01381</name>
        <Polygon>
          <outerBoundaryIs>
            <LinearRing>
              <coordinates>8.50965037420927,39.2988700226004 8.50969409622183,39.298881506235 8.50971056667374,39.2988396040225 8.50966455522344,39.2988337964673 8.50965037420927,39.2988700226004</coordinates>
            </LinearRing>
          </outerBoundaryIs>
        </Polygon>
      </Placemark>
      <Placemark xmlns="http://www.opengis.net/kml/2.2">
        <styleUrl>#Parti singole_style_map</styleUrl>
        <name>T02775</name>
        <Polygon>
          <outerBoundaryIs>
            <LinearRing>
              <coordinates>8.50948226746937,39.2986252783862 8.50948289607131,39.2987428340306 8.50955002908294,39.2988228883849 8.50965037420927,39.2988700226004 8.50966455522344,39.2988337964673 8.50971056667374,39.2988396040225 8.50978436402453,39.2988189291945 8.50983960800263,39.2987049158806 8.50977480702842,39.2986246822942 8.50977480702842,39.2986246822942 8.50948226746937,39.2986252783862 8.50948226746937,39.2986252783862</coordinates>
            </LinearRing>
          </outerBoundaryIs>
        </Polygon>
      </Placemark>
      <Placemark xmlns="http://www.opengis.net/kml/2.2">
        <styleUrl>#Parti singole_style_map</styleUrl>
        <name>T01394</name>
        <Polygon>
          <outerBoundaryIs>
            <LinearRing>
              <coordinates>8.5065181767023,39.3072273359728 8.50658121731644,39.3072137089684 8.50657652470308,39.3071618688725 8.5065135167583,39.3071725044806 8.5065181767023,39.3072273359728</coordinates>
            </LinearRing>
          </outerBoundaryIs>
        </Polygon>
      </Placemark>
      <Placemark xmlns="http://www.opengis.net/kml/2.2">
        <styleUrl>#Parti singole_style_map</styleUrl>
        <name>T01395</name>
        <Polygon>
          <outerBoundaryIs>
            <LinearRing>
              <coordinates>8.50665081383884,39.3072029841271 8.50671464880183,39.3071918473557 8.50669952881757,39.3071466489435 8.50663357700045,39.3071553348456 8.50665081383884,39.3072029841271</coordinates>
            </LinearRing>
          </outerBoundaryIs>
        </Polygon>
      </Placemark>
      <Placemark xmlns="http://www.opengis.net/kml/2.2">
        <styleUrl>#Parti singole_style_map</styleUrl>
        <name>T03430</name>
        <Polygon>
          <outerBoundaryIs>
            <LinearRing>
              <coordinates>8.51697643933694,39.3040411302989 8.51705387661162,39.3039689341053 8.51699761377954,39.303932027183 8.51692024924128,39.3040054490898 8.51697643933694,39.3040411302989</coordinates>
            </LinearRing>
          </outerBoundaryIs>
        </Polygon>
      </Placemark>
      <Placemark xmlns="http://www.opengis.net/kml/2.2">
        <styleUrl>#Parti singole_style_map</styleUrl>
        <name>T01396</name>
        <Polygon>
          <outerBoundaryIs>
            <LinearRing>
              <coordinates>8.50182887813478,39.3066152062251 8.50197836835085,39.3068606293278 8.50224636779429,39.3072425028706 8.50242129518143,39.3074324385792 8.50296632162329,39.307904069591 8.50311250368411,39.3080311583764 8.50334218472567,39.30820251233 8.50351248579894,39.3082289646491 8.50383576534757,39.3082712612233 8.50442234665842,39.3081754374896 8.50391135425195,39.3085502285519 8.50315523872968,39.3091792690448 8.50298464057874,39.3095942459876 8.50290639056703,39.3098520212923 8.5030372154565,39.3101271613305 8.5041846367653,39.3096973934321 8.50432677346362,39.3096442326883 8.507037913413,39.3086300902394 8.50960666352946,39.3076770611008 8.50941830978015,39.3074636608804 8.5086933094909,39.3069798384705 8.50842782762257,39.3067387725828 8.50809433083544,39.3064635204705 8.5072117657807,39.3053531792253 8.50697655188607,39.3049539211863 8.50643745418589,39.3042899656068 8.5052881657619,39.303349769952 8.50498302610386,39.3040951931288 8.50476914679624,39.3046019245203 8.50480536537541,39.3046712894506 8.50476533590734,39.3048265256207 8.50458645300974,39.3048947674831 8.50353993023869,39.3049480012559 8.50337488624188,39.3050107767853 8.50279429671423,39.3052942135165 8.50223830539177,39.3056213821068 8.5019923950833,39.3058592558236 8.50192721701871,39.3058292596928 8.50184143212242,39.3063154039032 8.50182887813478,39.3066152062251</coordinates>
            </LinearRing>
          </outerBoundaryIs>
          <innerBoundaryIs>
            <LinearRing>
              <coordinates>8.50639489215972,39.3071916804453 8.50645308592557,39.3071844665416 8.50646622560738,39.307234161904 8.50641528658568,39.3072422085425 8.50639489215972,39.3071916804453</coordinates>
            </LinearRing>
          </innerBoundaryIs>
          <innerBoundaryIs>
            <LinearRing>
              <coordinates>8.50663357700045,39.3071553348456 8.50669952881757,39.3071466489435 8.50671464880183,39.3071918473557 8.50665081383884,39.3072029841271 8.50663357700045,39.3071553348456</coordinates>
            </LinearRing>
          </innerBoundaryIs>
          <innerBoundaryIs>
            <LinearRing>
              <coordinates>8.5065135167583,39.3071725044806 8.50657652470308,39.3071618688725 8.50658121731644,39.3072137089684 8.5065181767023,39.3072273359728 8.5065135167583,39.3071725044806</coordinates>
            </LinearRing>
          </innerBoundaryIs>
          <innerBoundaryIs>
            <LinearRing>
              <coordinates>8.50631142079781,39.307207788679 8.50636093912588,39.3073605669719 8.50631057877124,39.3073704271583 8.5062590048288,39.3072180455988 8.50631142079781,39.307207788679</coordinates>
            </LinearRing>
          </innerBoundaryIs>
        </Polygon>
      </Placemark>
      <Placemark xmlns="http://www.opengis.net/kml/2.2">
        <styleUrl>#Parti singole_style_map</styleUrl>
        <name>T01010</name>
        <Polygon>
          <outerBoundaryIs>
            <LinearRing>
              <coordinates>8.49944495823562,39.3009473612816 8.5002019796647,39.3013026529812 8.50063147266717,39.3017147971657 8.5007110356434,39.3017158955513 8.50076800181542,39.3016132564521 8.50091429834017,39.3011196861724 8.50112796402338,39.3008902994383 8.50131838221084,39.3005946474569 8.50148874332263,39.3005478554213 8.50140828086634,39.3002766865341 8.50120508857453,39.2993812652188 8.49960305791412,39.299574737405 8.49944495823562,39.3009473612816</coordinates>
            </LinearRing>
          </outerBoundaryIs>
        </Polygon>
      </Placemark>
      <Placemark xmlns="http://www.opengis.net/kml/2.2">
        <styleUrl>#Parti singole_style_map</styleUrl>
        <name>T01374</name>
        <Polygon>
          <outerBoundaryIs>
            <LinearRing>
              <coordinates>8.50746086604537,39.3001750492317 8.50755456201893,39.3001996574967 8.50755764610364,39.3001633846585 8.50746271351874,39.3001563599519 8.50746086604537,39.3001750492317</coordinates>
            </LinearRing>
          </outerBoundaryIs>
        </Polygon>
      </Placemark>
      <Placemark xmlns="http://www.opengis.net/kml/2.2">
        <styleUrl>#Parti singole_style_map</styleUrl>
        <name>T01101</name>
        <Polygon>
          <outerBoundaryIs>
            <LinearRing>
              <coordinates>8.50951170274151,39.3006508530443 8.50966151785144,39.3007205872697 8.50968755890817,39.3006883217562 8.50953668335071,39.3006193219667 8.50951170274151,39.3006508530443</coordinates>
            </LinearRing>
          </outerBoundaryIs>
        </Polygon>
      </Placemark>
      <Placemark xmlns="http://www.opengis.net/kml/2.2">
        <styleUrl>#Parti singole_style_map</styleUrl>
        <name>T01102</name>
        <Polygon>
          <outerBoundaryIs>
            <LinearRing>
              <coordinates>8.50827431938921,39.3005384027673 8.50833321863696,39.3005654403698 8.50834547193602,39.3005479484171 8.50828698545894,39.3005215883642 8.50827431938921,39.3005384027673</coordinates>
            </LinearRing>
          </outerBoundaryIs>
        </Polygon>
      </Placemark>
      <Placemark xmlns="http://www.opengis.net/kml/2.2">
        <styleUrl>#Parti singole_style_map</styleUrl>
        <name>T01375</name>
        <MultiGeometry>
          <Polygon>
            <outerBoundaryIs>
              <LinearRing>
                <coordinates>8.50746271351874,39.3001563599519 8.50755764610364,39.3001633846585 8.50755456201893,39.3001996574967 8.50779899233774,39.3002716687938 8.50828698545894,39.3005215883642 8.50833585142806,39.3004577381742 8.50839564826943,39.3004841127507 8.50834547193602,39.3005479484171 8.50849250465703,39.3006123741237 8.50872463764236,39.3007134989986 8.50901338640944,39.3008383351107 8.50914124158151,39.3008939837808 8.50927165379349,39.3007148435583 8.50935906451311,39.3007528497289 8.50944117473603,39.300656457645 8.50938866453373,39.3006328265405 8.50948278423788,39.3005189143002 8.50953282665068,39.3005455084735 8.50961482988566,39.3004344735029 8.50981213881277,39.3005336833303 8.51019241696076,39.3007231300731 8.51009751084286,39.3008302004892 8.51014269195463,39.3008022775111 8.51035560120553,39.3007002181135 8.51046539241177,39.3006654575228 8.51073753263699,39.3003197643459 8.51069665134217,39.300299895124 8.51045223192533,39.3006135188129 8.51042645597314,39.3006011558579 8.51037625582046,39.3006603428057 8.51036141246533,39.3006535043239 8.5103350694781,39.3006842098755 8.51023070893841,39.3006287154907 8.51019444228144,39.3006705254077 8.50994127030719,39.3005477072933 8.50970944072675,39.3004345118446 8.50999149679733,39.3000958454483 8.51029747987435,39.3002471521877 8.51032831741126,39.3002105185297 8.5102786409804,39.3001863140601 8.51033049265341,39.3001230883176 8.5103753391834,39.3001447404446 8.51039997864182,39.3001138204663 8.51017937013513,39.300006439987 8.5102577072055,39.2999283436884 8.50976058554451,39.2998080996062 8.50909680860746,39.2996799804328 8.5085227293033,39.2996260787438 8.50791473905473,39.2995724092408 8.50746790567928,39.2995863410706 8.50742193650935,39.3000258662554 8.50741034014386,39.3001580124222 8.50746086604537,39.3001750492317 8.50746271351874,39.3001563599519</coordinates>
              </LinearRing>
            </outerBoundaryIs>
          </Polygon>
          <LineString>
            <coordinates>8.50901338640944,39.3008383351107 8.50905162487315,39.3007799673843 8.50899595950104,39.3007548388723 8.50902923212262,39.3007094595947 8.50908858889959,39.3007303361958 8.50911357811622,39.3006913231477 8.50892462762826,39.3006137112128 8.50891535925958,39.3006300307323 8.50858673659233,39.3004970626833 8.50865700336373,39.3003977851221 8.50897924278865,39.3005271698059 8.50899865010813,39.3005009356381 8.50868832085116,39.3003701788163 8.50872537446927,39.3003077457012 8.50868153009445,39.3002940468819 8.50869910667224,39.3002678050313 8.50866900317902,39.3002527417446 8.50877437784222,39.3001073814236 8.50887386703256,39.3001490537016 8.50892189014224,39.3000888005654 8.50883034107402,39.3000898365761 8.5087837456661,39.3000768374256 8.50876437818425,39.3000973817646 8.50860308021267,39.3001237278939 8.50859519970523,39.3002033540917 8.50834429747959,39.3002143851873 8.50833478582968,39.3001346855055 8.50831554766535,39.3001367379356 8.50830469824455,39.299986619301 8.50827996778107,39.2999886485121 8.5082761477544,39.2998805230623 8.50888864210851,39.2998688853782 8.50905828783601,39.2999577958396 8.50913669247072,39.2998727772275 8.50948329323384,39.3000527617361 8.50955995608686,39.2999549330775 8.50986652432548,39.300099896648 8.50954630813128,39.3004673278609 8.50948278423788,39.3005189143002</coordinates>
          </LineString>
        </MultiGeometry>
      </Placemark>
      <Placemark xmlns="http://www.opengis.net/kml/2.2">
        <styleUrl>#Parti singole_style_map</styleUrl>
        <name>T01376</name>
        <Polygon>
          <outerBoundaryIs>
            <LinearRing>
              <coordinates>8.50944117473603,39.300656457645 8.50948935489165,39.300597677075 8.50953668335071,39.3006193219667 8.50957754141687,39.3005677640644 8.50953282665068,39.3005455084735 8.50948278423788,39.3005189143002 8.50938866453373,39.3006328265405 8.50944117473603,39.300656457645</coordinates>
            </LinearRing>
          </outerBoundaryIs>
        </Polygon>
      </Placemark>
      <Placemark xmlns="http://www.opengis.net/kml/2.2">
        <styleUrl>#Parti singole_style_map</styleUrl>
        <name>T01377</name>
        <Polygon>
          <outerBoundaryIs>
            <LinearRing>
              <coordinates>8.50921095758244,39.3009232922083 8.50922835129575,39.3009020644079 8.50931021515949,39.3007945071838 8.50935906451311,39.3007528497289 8.50927165379349,39.3007148435583 8.50914124158151,39.3008939837808 8.50921095758244,39.3009232922083</coordinates>
            </LinearRing>
          </outerBoundaryIs>
        </Polygon>
      </Placemark>
      <Placemark xmlns="http://www.opengis.net/kml/2.2">
        <styleUrl>#Parti singole_style_map</styleUrl>
        <name>T01103</name>
        <Polygon>
          <outerBoundaryIs>
            <LinearRing>
              <coordinates>8.50725047168945,39.3002968202847 8.50736472945479,39.3003049452032 8.50738317053106,39.3001857132592 8.50726893009581,39.300171839637 8.50725047168945,39.3002968202847</coordinates>
            </LinearRing>
          </outerBoundaryIs>
        </Polygon>
      </Placemark>
      <Placemark xmlns="http://www.opengis.net/kml/2.2">
        <styleUrl>#Parti singole_style_map</styleUrl>
        <name>T03431</name>
        <Polygon>
          <outerBoundaryIs>
            <LinearRing>
              <coordinates>8.51688623233262,39.3040172739674 8.51689177690579,39.3040340207557 8.51700579878161,39.3042039484548 8.51706091783547,39.3041626742444 8.51711390773108,39.3039857628972 8.51711091608737,39.3039620614854 8.51702632068047,39.3039098089714 8.51699158172228,39.3038883545589 8.51689842938262,39.3039672794808 8.51688275775689,39.3039929758417 8.51688623233262,39.3040172739674</coordinates>
            </LinearRing>
          </outerBoundaryIs>
          <innerBoundaryIs>
            <LinearRing>
              <coordinates>8.51692024924128,39.3040054490898 8.51699761377954,39.303932027183 8.51705387661162,39.3039689341053 8.51697643933694,39.3040411302989 8.51692024924128,39.3040054490898</coordinates>
            </LinearRing>
          </innerBoundaryIs>
        </Polygon>
      </Placemark>
      <Placemark xmlns="http://www.opengis.net/kml/2.2">
        <styleUrl>#Parti singole_style_map</styleUrl>
        <name>T03211</name>
        <Polygon>
          <outerBoundaryIs>
            <LinearRing>
              <coordinates>8.51785999729622,39.3045354884082 8.51784479473477,39.3046347858076 8.51787390888507,39.3047559555055 8.51791285345574,39.3048001249012 8.51824799918453,39.3042563150511 8.51815077182555,39.304341044975 8.51785999729622,39.3045354884082</coordinates>
            </LinearRing>
          </outerBoundaryIs>
        </Polygon>
      </Placemark>
      <Placemark xmlns="http://www.opengis.net/kml/2.2">
        <styleUrl>#Parti singole_style_map</styleUrl>
        <name>T00995</name>
        <Polygon>
          <outerBoundaryIs>
            <LinearRing>
              <coordinates>8.49425657149265,39.3079170985625 8.49432257028699,39.307905419341 8.49430557619324,39.30785419209 8.49423764054515,39.3078658628816 8.49425657149265,39.3079170985625</coordinates>
            </LinearRing>
          </outerBoundaryIs>
        </Polygon>
      </Placemark>
      <Placemark xmlns="http://www.opengis.net/kml/2.2">
        <styleUrl>#Parti singole_style_map</styleUrl>
        <name>T03212</name>
        <Polygon>
          <outerBoundaryIs>
            <LinearRing>
              <coordinates>8.51716171139759,39.3041818528012 8.5172926278092,39.3042529134263 8.51730852764109,39.3042344985613 8.51729657495163,39.3042287362154 8.51731574447473,39.3042070820727 8.51732870931526,39.3042123890731 8.51734964064124,39.3041875164226 8.51729369731553,39.3041580717861 8.51722370175504,39.3041212341397 8.51716171139759,39.3041818528012</coordinates>
            </LinearRing>
          </outerBoundaryIs>
        </Polygon>
      </Placemark>
      <Placemark xmlns="http://www.opengis.net/kml/2.2">
        <styleUrl>#Parti singole_style_map</styleUrl>
        <name>T03432</name>
        <Polygon>
          <outerBoundaryIs>
            <LinearRing>
              <coordinates>8.51710802218343,39.3041821796007 8.51722059853185,39.3040698966111 8.51714047599934,39.3040283043181 8.51710449606078,39.3041704240899 8.51710802218343,39.3041821796007</coordinates>
            </LinearRing>
          </outerBoundaryIs>
        </Polygon>
      </Placemark>
      <Placemark xmlns="http://www.opengis.net/kml/2.2">
        <styleUrl>#Parti singole_style_map</styleUrl>
        <name>T03213</name>
        <Polygon>
          <outerBoundaryIs>
            <LinearRing>
              <coordinates>8.51729410348029,39.3040230669339 8.51737936988178,39.3040671764109 8.51748785403273,39.304123312226 8.51754953042642,39.3040526362043 8.51752400076646,39.3040395099391 8.51737526106358,39.3039630142948 8.51735483976857,39.3039525042519 8.51729410348029,39.3040230669339</coordinates>
            </LinearRing>
          </outerBoundaryIs>
          <innerBoundaryIs>
            <LinearRing>
              <coordinates>8.51734291688925,39.3040318385947 8.51738382685615,39.3039823145968 8.51751895794894,39.3040526806132 8.51747804809723,39.3041021956479 8.51734291688925,39.3040318385947</coordinates>
            </LinearRing>
          </innerBoundaryIs>
        </Polygon>
      </Placemark>
      <Placemark xmlns="http://www.opengis.net/kml/2.2">
        <styleUrl>#Parti singole_style_map</styleUrl>
        <name>T01072</name>
        <Polygon>
          <outerBoundaryIs>
            <LinearRing>
              <coordinates>8.51279363715396,39.3038865096693 8.51300038151015,39.303956748307 8.5142224474124,39.3034045672238 8.51429518235604,39.3032831280543 8.51416750722106,39.3030124917268 8.51351255393055,39.3031938872721 8.51256595579401,39.3038835645591 8.51279363715396,39.3038865096693</coordinates>
            </LinearRing>
          </outerBoundaryIs>
        </Polygon>
      </Placemark>
      <Placemark xmlns="http://www.opengis.net/kml/2.2">
        <styleUrl>#Parti singole_style_map</styleUrl>
        <name>T01073</name>
        <Polygon>
          <outerBoundaryIs>
            <LinearRing>
              <coordinates>8.51359043107882,39.3038454935271 8.51397024775588,39.3038459456465 8.51407642488331,39.3038931184143 8.51428573052729,39.3040526790058 8.51431177361536,39.3040468226898 8.51412960190001,39.3038092261289 8.51416265535853,39.303779133451 8.514139565042,39.3037655660994 8.51407463711684,39.3037274411822 8.51412615944989,39.3036765029335 8.51416845631821,39.3036346809525 8.51423349706093,39.3036699048605 8.51436501112244,39.3035030541258 8.5142224474124,39.3034045672238 8.51300038151015,39.303956748307 8.51359043107882,39.3038454935271</coordinates>
            </LinearRing>
          </outerBoundaryIs>
        </Polygon>
      </Placemark>
      <Placemark xmlns="http://www.opengis.net/kml/2.2">
        <styleUrl>#Parti singole_style_map</styleUrl>
        <name>T01119</name>
        <Polygon>
          <outerBoundaryIs>
            <LinearRing>
              <coordinates>8.51232520148527,39.3000532185912 8.51234220955724,39.3000389269062 8.51227773070322,39.3000236088164 8.51232520148527,39.3000532185912</coordinates>
            </LinearRing>
          </outerBoundaryIs>
        </Polygon>
      </Placemark>
      <Placemark xmlns="http://www.opengis.net/kml/2.2">
        <styleUrl>#Parti singole_style_map</styleUrl>
        <name>T01120</name>
        <Polygon>
          <outerBoundaryIs>
            <LinearRing>
              <coordinates>8.51232520148527,39.3000532185912 8.5124415634351,39.300125791537 8.5124930477011,39.300085134972 8.51246530867934,39.3000681868291 8.51234220955724,39.3000389269062 8.51232520148527,39.3000532185912</coordinates>
            </LinearRing>
          </outerBoundaryIs>
        </Polygon>
      </Placemark>
      <Placemark xmlns="http://www.opengis.net/kml/2.2">
        <styleUrl>#Parti singole_style_map</styleUrl>
        <name>T01007</name>
        <Polygon>
          <outerBoundaryIs>
            <LinearRing>
              <coordinates>8.50149448021173,39.2979881252339 8.50254401194606,39.2979082418897 8.50308706210003,39.2981539584154 8.50436303565631,39.2984899752397 8.50498321351509,39.2988661883801 8.50560467221804,39.2991536487245 8.5075029732504,39.298549750824 8.50709611015113,39.2983983697851 8.50595184743734,39.2979694297177 8.50497767660302,39.2976509700567 8.5044501217384,39.2976231969437 8.50439712567341,39.2976771973125 8.50405695209809,39.2980273253845 8.50394903943869,39.2981000137999 8.50378623875096,39.2981036716779 8.50355085820774,39.2979851415352 8.50346852019,39.2978719227018 8.50338710230568,39.2975236377919 8.50259168998425,39.2974738619127 8.50199821373043,39.2978510950336 8.50149448021173,39.2979881252339</coordinates>
            </LinearRing>
          </outerBoundaryIs>
        </Polygon>
      </Placemark>
      <Placemark xmlns="http://www.opengis.net/kml/2.2">
        <styleUrl>#Parti singole_style_map</styleUrl>
        <name>T01121</name>
        <Polygon>
          <outerBoundaryIs>
            <LinearRing>
              <coordinates>8.51227773070322,39.3000236088164 8.51234220955724,39.3000389269062 8.5126593978309,39.2997728018543 8.51261376856701,39.2997402083924 8.51253801239978,39.2997623725714 8.51229455990705,39.2998530446336 8.51227773070322,39.3000236088164</coordinates>
            </LinearRing>
          </outerBoundaryIs>
        </Polygon>
      </Placemark>
      <Placemark xmlns="http://www.opengis.net/kml/2.2">
        <styleUrl>#Parti singole_style_map</styleUrl>
        <name>T01122</name>
        <Polygon>
          <outerBoundaryIs>
            <LinearRing>
              <coordinates>8.51246530867934,39.3000681868291 8.5124930477011,39.300085134972 8.51275800001211,39.2998646815154 8.51264456205693,39.2997852493248 8.51234220955724,39.3000389269062 8.51246530867934,39.3000681868291</coordinates>
            </LinearRing>
          </outerBoundaryIs>
        </Polygon>
      </Placemark>
      <Placemark xmlns="http://www.opengis.net/kml/2.2">
        <styleUrl>#Parti singole_style_map</styleUrl>
        <name>T01118</name>
        <Polygon>
          <outerBoundaryIs>
            <LinearRing>
              <coordinates>8.51333326480242,39.3006818061014 8.51339550515677,39.3003708925859 8.51315687715785,39.3005718319505 8.51333326480242,39.3006818061014</coordinates>
            </LinearRing>
          </outerBoundaryIs>
        </Polygon>
      </Placemark>
      <Placemark xmlns="http://www.opengis.net/kml/2.2">
        <styleUrl>#Parti singole_style_map</styleUrl>
        <name>T01115</name>
        <Polygon>
          <outerBoundaryIs>
            <LinearRing>
              <coordinates>8.51285054718406,39.300380830332 8.51312490148766,39.3001484973506 8.51298349204445,39.3000398012434 8.51269535047591,39.300284063723 8.51285054718406,39.300380830332</coordinates>
            </LinearRing>
          </outerBoundaryIs>
        </Polygon>
      </Placemark>
      <Placemark xmlns="http://www.opengis.net/kml/2.2">
        <styleUrl>#Parti singole_style_map</styleUrl>
        <name>T01116</name>
        <Polygon>
          <outerBoundaryIs>
            <LinearRing>
              <coordinates>8.51293859608809,39.3004357314659 8.5132072572491,39.3002048471471 8.51312490148766,39.3001484973506 8.51285054718406,39.300380830332 8.51293859608809,39.3004357314659</coordinates>
            </LinearRing>
          </outerBoundaryIs>
        </Polygon>
      </Placemark>
      <Placemark xmlns="http://www.opengis.net/kml/2.2">
        <styleUrl>#Parti singole_style_map</styleUrl>
        <name>T01117</name>
        <Polygon>
          <outerBoundaryIs>
            <LinearRing>
              <coordinates>8.51299098669726,39.3004683981558 8.51306889718193,39.300516976324 8.51332586914843,39.3002956073263 8.5132072572491,39.3002048471471 8.51293859608809,39.3004357314659 8.51299098669726,39.3004683981558</coordinates>
            </LinearRing>
          </outerBoundaryIs>
        </Polygon>
      </Placemark>
      <Placemark xmlns="http://www.opengis.net/kml/2.2">
        <styleUrl>#Parti singole_style_map</styleUrl>
        <name>T01104</name>
        <Polygon>
          <outerBoundaryIs>
            <LinearRing>
              <coordinates>8.5136957012524,39.3001063966587 8.51341204631913,39.2999050839822 8.51333721772544,39.2998519775625 8.51322539050566,39.2997726124279 8.51312368763423,39.2997016514432 8.51309710782004,39.2996831044047 8.51291648538836,39.2995570822 8.51287253136502,39.2995939589818 8.513295432805,39.2998938194354 8.51333722112911,39.2999234500789 8.51353495731787,39.3000636628832 8.51361170029414,39.3001250759899 8.51364466268511,39.3001514528188 8.51350220702912,39.3002695184687 8.5134592706078,39.3003118241356 8.51339550515677,39.3003708925859 8.51333326480242,39.3006818061014 8.51369950872303,39.3009114603085 8.51407510275924,39.3008159309577 8.51525556643691,39.3010446442406 8.5151237610556,39.3006869307246 8.51505283076316,39.3005963393217 8.51486748327762,39.3005171918921 8.51445026398591,39.3003601526932 8.51432038318311,39.3002967612345 8.51397547391391,39.3000679009228 8.51389974991323,39.2999363083336 8.5136957012524,39.3001063966587</coordinates>
            </LinearRing>
          </outerBoundaryIs>
        </Polygon>
      </Placemark>
      <Placemark xmlns="http://www.opengis.net/kml/2.2">
        <styleUrl>#Parti singole_style_map</styleUrl>
        <name>T03214</name>
        <Polygon>
          <outerBoundaryIs>
            <LinearRing>
              <coordinates>8.51178743676583,39.2990904634647 8.51188099353007,39.2989732579918 8.51198143885849,39.2989811942746 8.51195983697409,39.298942303778 8.51224579509462,39.2988342037928 8.5124554543881,39.2990770547343 8.51283423617511,39.299211278344 8.51337642525784,39.2991711704111 8.51282879534655,39.2990393322749 8.51274280825184,39.2990151389842 8.51251685020116,39.2989282577687 8.51241880044692,39.2988375240718 8.51231748335761,39.2986745742176 8.51224767580061,39.298232759459 8.51216530546171,39.2981221326738 8.5121914449834,39.2985946619312 8.51196384795519,39.2986170990452 8.51187138228376,39.2986057721803 8.51182604402397,39.2988851825564 8.51178743676583,39.2990904634647</coordinates>
            </LinearRing>
          </outerBoundaryIs>
        </Polygon>
      </Placemark>
      <Placemark xmlns="http://www.opengis.net/kml/2.2">
        <styleUrl>#Parti singole_style_map</styleUrl>
        <name>T01105</name>
        <Polygon>
          <outerBoundaryIs>
            <LinearRing>
              <coordinates>8.51275800001211,39.2998646815154 8.5127718670819,39.2998531433707 8.5126593978309,39.2997728018543 8.51264456205693,39.2997852493248 8.51275800001211,39.2998646815154</coordinates>
            </LinearRing>
          </outerBoundaryIs>
        </Polygon>
      </Placemark>
      <Placemark xmlns="http://www.opengis.net/kml/2.2">
        <styleUrl>#Parti singole_style_map</styleUrl>
        <name>T01106</name>
        <Polygon>
          <outerBoundaryIs>
            <LinearRing>
              <coordinates>8.51298349204445,39.3000398012434 8.51312490148766,39.3001484973506 8.51315252856053,39.3001251016407 8.51300619990069,39.3000205513062 8.51298349204445,39.3000398012434</coordinates>
            </LinearRing>
          </outerBoundaryIs>
        </Polygon>
      </Placemark>
      <Placemark xmlns="http://www.opengis.net/kml/2.2">
        <styleUrl>#Parti singole_style_map</styleUrl>
        <name>T01107</name>
        <Polygon>
          <outerBoundaryIs>
            <LinearRing>
              <coordinates>8.51312490148766,39.3001484973506 8.5132072572491,39.3002048471471 8.51323307873183,39.3001826563474 8.51315252856053,39.3001251016407 8.51312490148766,39.3001484973506</coordinates>
            </LinearRing>
          </outerBoundaryIs>
        </Polygon>
      </Placemark>
      <Placemark xmlns="http://www.opengis.net/kml/2.2">
        <styleUrl>#Parti singole_style_map</styleUrl>
        <name>T01108</name>
        <Polygon>
          <outerBoundaryIs>
            <LinearRing>
              <coordinates>8.5132072572491,39.3002048471471 8.51332586914843,39.3002956073263 8.51335548540507,39.3002700942174 8.51323307873183,39.3001826563474 8.5132072572491,39.3002048471471</coordinates>
            </LinearRing>
          </outerBoundaryIs>
        </Polygon>
      </Placemark>
      <Placemark xmlns="http://www.opengis.net/kml/2.2">
        <styleUrl>#Parti singole_style_map</styleUrl>
        <name>T03215</name>
        <Polygon>
          <outerBoundaryIs>
            <LinearRing>
              <coordinates>8.51287253136502,39.2995939589818 8.51282454273756,39.2995500616977 8.51261376856701,39.2997402083924 8.5126593978309,39.2997728018543 8.5127718670819,39.2998531433707 8.51285051251289,39.2999093387683 8.51291623325295,39.2999562891333 8.51300619990069,39.3000205513062 8.51315252856053,39.3001251016407 8.51323307873183,39.3001826563474 8.51335548540507,39.3002700942174 8.51340815480665,39.3003077267565 8.51343952269677,39.3003301174183 8.5134592706078,39.3003118241356 8.51350220702912,39.3002695184687 8.51364466268511,39.3001514528188 8.51361170029414,39.3001250759899 8.51350540504451,39.3002213789135 8.51344425084639,39.3002589420473 8.51341799457191,39.3002830145786 8.51338181810301,39.3002557242475 8.51337295475488,39.3002493040727 8.51324346633282,39.3001555087976 8.51316268463137,39.3000969941627 8.51305414283715,39.3000183711226 8.51278905395581,39.299826350895 8.51268522441154,39.2997511403019 8.51271359388242,39.2997273315623 8.5127227978746,39.2997196072168 8.51276172454379,39.2996869264232 8.51287253136502,39.2995939589818</coordinates>
            </LinearRing>
          </outerBoundaryIs>
        </Polygon>
      </Placemark>
      <Placemark xmlns="http://www.opengis.net/kml/2.2">
        <styleUrl>#Parti singole_style_map</styleUrl>
        <name>T01109</name>
        <Polygon>
          <outerBoundaryIs>
            <LinearRing>
              <coordinates>8.51268522441154,39.2997511403019 8.51278905395581,39.299826350895 8.51281759523285,39.2998043229636 8.51271359388242,39.2997273315623 8.51268522441154,39.2997511403019</coordinates>
            </LinearRing>
          </outerBoundaryIs>
        </Polygon>
      </Placemark>
      <Placemark xmlns="http://www.opengis.net/kml/2.2">
        <styleUrl>#Parti singole_style_map</styleUrl>
        <name>T01110</name>
        <Polygon>
          <outerBoundaryIs>
            <LinearRing>
              <coordinates>8.51305414283715,39.3000183711226 8.51316268463137,39.3000969941627 8.51319012294348,39.3000750888314 8.51308173376822,39.2999963982198 8.51305414283715,39.3000183711226</coordinates>
            </LinearRing>
          </outerBoundaryIs>
        </Polygon>
      </Placemark>
      <Placemark xmlns="http://www.opengis.net/kml/2.2">
        <styleUrl>#Parti singole_style_map</styleUrl>
        <name>T01111</name>
        <Polygon>
          <outerBoundaryIs>
            <LinearRing>
              <coordinates>8.51324346633282,39.3001555087976 8.51337295475488,39.3002493040727 8.51339869551109,39.3002278123322 8.51327027813767,39.3001330350996 8.51324346633282,39.3001555087976</coordinates>
            </LinearRing>
          </outerBoundaryIs>
        </Polygon>
      </Placemark>
      <Placemark xmlns="http://www.opengis.net/kml/2.2">
        <styleUrl>#Parti singole_style_map</styleUrl>
        <name>T01112</name>
        <Polygon>
          <outerBoundaryIs>
            <LinearRing>
              <coordinates>8.51337295475488,39.3002493040727 8.51338181810301,39.3002557242475 8.51341799457191,39.3002830145786 8.51344425084639,39.3002589420473 8.51339869551109,39.3002278123322 8.51337295475488,39.3002493040727</coordinates>
            </LinearRing>
          </outerBoundaryIs>
        </Polygon>
      </Placemark>
      <Placemark xmlns="http://www.opengis.net/kml/2.2">
        <styleUrl>#Parti singole_style_map</styleUrl>
        <name>T01113</name>
        <Polygon>
          <outerBoundaryIs>
            <LinearRing>
              <coordinates>8.51330431346513,39.3000432049356 8.51334393337933,39.3000721761229 8.51338353176634,39.300038201979 8.51334709354438,39.3000124447193 8.51330431346513,39.3000432049356</coordinates>
            </LinearRing>
          </outerBoundaryIs>
        </Polygon>
      </Placemark>
      <Placemark xmlns="http://www.opengis.net/kml/2.2">
        <styleUrl>#Parti singole_style_map</styleUrl>
        <name>T01114</name>
        <Polygon>
          <outerBoundaryIs>
            <LinearRing>
              <coordinates>8.51334393337933,39.3000721761229 8.51338127223845,39.3001000708871 8.51342224371069,39.3000661024736 8.51338353176634,39.300038201979 8.51334393337933,39.3000721761229</coordinates>
            </LinearRing>
          </outerBoundaryIs>
        </Polygon>
      </Placemark>
      <Placemark xmlns="http://www.opengis.net/kml/2.2">
        <styleUrl>#Parti singole_style_map</styleUrl>
        <name>T01398</name>
        <Polygon>
          <outerBoundaryIs>
            <LinearRing>
              <coordinates>8.49378164896326,39.3017162259278 8.49389447928448,39.3017229702159 8.49390063249899,39.3016609136383 8.49379023670879,39.3016543151091 8.49378164896326,39.3017162259278</coordinates>
            </LinearRing>
          </outerBoundaryIs>
        </Polygon>
      </Placemark>
      <Placemark xmlns="http://www.opengis.net/kml/2.2">
        <styleUrl>#Parti singole_style_map</styleUrl>
        <name>T03216</name>
        <Polygon>
          <outerBoundaryIs>
            <LinearRing>
              <coordinates>8.51357465267436,39.2996637918947 8.51354834075834,39.2996500848001 8.51347731743883,39.2995700164823 8.51322539050566,39.2997726124279 8.51333721772544,39.2998519775625 8.51357465267436,39.2996637918947</coordinates>
            </LinearRing>
          </outerBoundaryIs>
        </Polygon>
      </Placemark>
      <Placemark xmlns="http://www.opengis.net/kml/2.2">
        <styleUrl>#Parti singole_style_map</styleUrl>
        <name>T01123</name>
        <Polygon>
          <outerBoundaryIs>
            <LinearRing>
              <coordinates>8.51261376856701,39.2997402083924 8.51282454273756,39.2995500616977 8.51287253136502,39.2995939589818 8.51291648538836,39.2995570822 8.51337642525784,39.2991711704111 8.51283423617511,39.299211278344 8.5124554543881,39.2990770547343 8.5128007671359,39.2994770425865 8.51267191098472,39.2995906678695 8.51262712075978,39.2996159984081 8.5126059658173,39.2995978524314 8.51255534470662,39.2996261590612 8.51248850073192,39.2996675892843 8.51244047500865,39.2996177122891 8.51250475825631,39.2995726130374 8.51223808137105,39.2992903087944 8.5120492474717,39.2990846326727 8.51201372646975,39.2991061903482 8.51218308348886,39.2992942501267 8.5123710103208,39.299498750839 8.51232354922934,39.2995312605676 8.51216621927228,39.29961175089 8.51229455990705,39.2998530446336 8.51253801239978,39.2997623725714 8.51261376856701,39.2997402083924</coordinates>
            </LinearRing>
          </outerBoundaryIs>
        </Polygon>
      </Placemark>
      <Placemark xmlns="http://www.opengis.net/kml/2.2">
        <styleUrl>#Parti singole_style_map</styleUrl>
        <name>T03217</name>
        <Polygon>
          <outerBoundaryIs>
            <LinearRing>
              <coordinates>8.49846677528819,39.3037987030899 8.4998127972759,39.3036644366786 8.50022075184851,39.3034477809695 8.5006769357125,39.3032479194286 8.50133581663498,39.3030227942374 8.50240820359232,39.3026644101514 8.5007110356434,39.3017158955513 8.50063147266717,39.3017147971657 8.5002019796647,39.3013026529812 8.49944495823562,39.3009473612816 8.49942423341585,39.3009376307158 8.49846677528819,39.3037987030899</coordinates>
            </LinearRing>
          </outerBoundaryIs>
        </Polygon>
      </Placemark>
      <Placemark xmlns="http://www.opengis.net/kml/2.2">
        <styleUrl>#Parti singole_style_map</styleUrl>
        <name>T03218</name>
        <Polygon>
          <outerBoundaryIs>
            <LinearRing>
              <coordinates>8.5203900909676,39.3065259464018 8.52045689428165,39.3068388731537 8.52054092246775,39.3070566013062 8.52054236818209,39.3071336302508 8.52054829310067,39.3071339069686 8.52060279995019,39.3071398623755 8.52059166246236,39.3069466552968 8.52063557050618,39.3069471786435 8.52084329998251,39.3071661551248 8.52087183410288,39.3071692731969 8.52087366219126,39.3071240382821 8.52078038697051,39.3070816284269 8.52067018589311,39.3069667302076 8.52062284776795,39.3069147960235 8.52051840485544,39.3067618243813 8.52043262715365,39.3065150206495 8.5203900909676,39.3065259464018</coordinates>
            </LinearRing>
          </outerBoundaryIs>
        </Polygon>
      </Placemark>
      <Placemark xmlns="http://www.opengis.net/kml/2.2">
        <styleUrl>#Parti singole_style_map</styleUrl>
        <name>T01138</name>
        <Polygon>
          <outerBoundaryIs>
            <LinearRing>
              <coordinates>8.5112249416802,39.3035361371484 8.51133787517838,39.3034720593055 8.51129619678484,39.3034297864832 8.51118461947929,39.3034923111427 8.5112249416802,39.3035361371484</coordinates>
            </LinearRing>
          </outerBoundaryIs>
        </Polygon>
      </Placemark>
      <Placemark xmlns="http://www.opengis.net/kml/2.2">
        <styleUrl>#Parti singole_style_map</styleUrl>
        <name>T01139</name>
        <Polygon>
          <outerBoundaryIs>
            <LinearRing>
              <coordinates>8.51068859612988,39.3037346036334 8.51069819383133,39.3037453576608 8.51072381940109,39.3037511781896 8.51080650894259,39.3037699797401 8.51082851836462,39.3036888863625 8.51118461947929,39.3034923111427 8.51129619678484,39.3034297864832 8.51136393724475,39.3033918118237 8.51137406599899,39.3033845917852 8.51141226149739,39.3033573688501 8.51145946682818,39.3033237140942 8.51164247168029,39.3031932243682 8.51150625660762,39.303079704002 8.51157818664096,39.303024590533 8.51151436008338,39.3029601487082 8.51149626150957,39.3029393482205 8.51131119918365,39.3029589080038 8.51109342896366,39.3028621647642 8.51085392592848,39.3027852973364 8.51118852780586,39.3028592124263 8.51133770644701,39.3028629928734 8.51148746148264,39.302800592338 8.5115479073407,39.3027557929052 8.51191781244567,39.3025561827025 8.51219285942706,39.3023764295381 8.51232455197425,39.3023846226993 8.51238061417468,39.3024014553148 8.5124692923932,39.3024545572971 8.51252125739429,39.3024969268753 8.51253273983941,39.3025135275523 8.51253822067004,39.3025526567349 8.51270771080871,39.3025190182109 8.51261510279382,39.3024522488129 8.51241502371085,39.3023080239454 8.51237098759976,39.3022762660563 8.51231482308521,39.3022357710417 8.51216793190068,39.3023536542174 8.51183828687059,39.302564553312 8.51150841571206,39.3027343169019 8.51144394649505,39.3027956339577 8.51136807857732,39.3028283303346 8.51124788852315,39.3028337184099 8.51090355990966,39.3027642679216 8.51077418748912,39.3027109665934 8.51072189306519,39.3027076830457 8.51070410890607,39.3027666370046 8.51105753508003,39.3029053100752 8.51130649169582,39.3030253958217 8.51140413273621,39.3032271668953 8.51107881363813,39.3034254940888 8.51078067254274,39.3036179605988 8.5107172687037,39.3035544662396 8.51058495510808,39.3036184529372 8.51068859612988,39.3037346036334</coordinates>
            </LinearRing>
          </outerBoundaryIs>
        </Polygon>
      </Placemark>
      <Placemark xmlns="http://www.opengis.net/kml/2.2">
        <styleUrl>#Parti singole_style_map</styleUrl>
        <name>T01140</name>
        <Polygon>
          <outerBoundaryIs>
            <LinearRing>
              <coordinates>8.51109342896366,39.3028621647642 8.51131119918365,39.3029589080038 8.51149626150957,39.3029393482205 8.51211058880158,39.3024978274165 8.51212328647308,39.3025064317738 8.51232455197425,39.3023846226993 8.51219285942706,39.3023764295381 8.51191781244567,39.3025561827025 8.5115479073407,39.3027557929052 8.51148746148264,39.302800592338 8.51133770644701,39.3028629928734 8.51118852780586,39.3028592124263 8.51085392592848,39.3027852973364 8.51109342896366,39.3028621647642</coordinates>
            </LinearRing>
          </outerBoundaryIs>
        </Polygon>
      </Placemark>
      <Placemark xmlns="http://www.opengis.net/kml/2.2">
        <styleUrl>#Parti singole_style_map</styleUrl>
        <name>T01144</name>
        <Polygon>
          <outerBoundaryIs>
            <LinearRing>
              <coordinates>8.51241502371085,39.3023080239454 8.5125379220007,39.3022080702339 8.51262823811362,39.3022708023333 8.51267243058871,39.3022332508646 8.51254409295928,39.3021410929007 8.51237098759976,39.3022762660563 8.51241502371085,39.3023080239454</coordinates>
            </LinearRing>
          </outerBoundaryIs>
        </Polygon>
      </Placemark>
      <Placemark xmlns="http://www.opengis.net/kml/2.2">
        <styleUrl>#Parti singole_style_map</styleUrl>
        <name>T00998</name>
        <Polygon>
          <outerBoundaryIs>
            <LinearRing>
              <coordinates>8.49960305791412,39.299574737405 8.50120508857453,39.2993812652188 8.50126209633084,39.299064992481 8.50111232290435,39.2989077992582 8.50149633067241,39.2984381612017 8.50147495970904,39.2979934299593 8.50098915066163,39.2981079450655 8.50080091275714,39.2981400354067 8.50047813360606,39.2981434346129 8.49981625314913,39.29826983064 8.49981762134049,39.2983301177849 8.50018103725043,39.2989557393732 8.5001761971705,39.2990654953416 8.50015430714006,39.2991315574937 8.50011223048204,39.2991400269307 8.50006696001996,39.2991491404055 8.50009906815952,39.299265425665 8.50011373209697,39.2993184712999 8.49987894389072,39.2993548384022 8.49987305813126,39.2993638237507 8.49977157784033,39.2993775702193 8.4997030885082,39.2993868450231 8.49959189976948,39.2995700849689 8.49960305791412,39.299574737405</coordinates>
            </LinearRing>
          </outerBoundaryIs>
        </Polygon>
      </Placemark>
      <Placemark xmlns="http://www.opengis.net/kml/2.2">
        <styleUrl>#Parti singole_style_map</styleUrl>
        <name>T01141</name>
        <Polygon>
          <outerBoundaryIs>
            <LinearRing>
              <coordinates>8.51237228557071,39.3029929064203 8.51268493149218,39.3027064073653 8.51256502852533,39.3026253678601 8.51251850536068,39.3026628104014 8.51243047585139,39.3027601079154 8.51232231046348,39.3029445260073 8.51237228557071,39.3029929064203</coordinates>
            </LinearRing>
          </outerBoundaryIs>
        </Polygon>
      </Placemark>
      <Placemark xmlns="http://www.opengis.net/kml/2.2">
        <styleUrl>#Parti singole_style_map</styleUrl>
        <name>T01142</name>
        <Polygon>
          <outerBoundaryIs>
            <LinearRing>
              <coordinates>8.51151436008338,39.3029601487082 8.51209361083535,39.3025627770549 8.51214966290532,39.3025243203971 8.51212328647308,39.3025064317738 8.51211058880158,39.3024978274165 8.51149626150957,39.3029393482205 8.51151436008338,39.3029601487082</coordinates>
            </LinearRing>
          </outerBoundaryIs>
        </Polygon>
      </Placemark>
      <Placemark xmlns="http://www.opengis.net/kml/2.2">
        <styleUrl>#Parti singole_style_map</styleUrl>
        <name>T03434</name>
        <Polygon>
          <outerBoundaryIs>
            <LinearRing>
              <coordinates>8.51209361083535,39.3025627770549 8.51215429524797,39.3026087605922 8.5122075641961,39.3025635793025 8.51214966290532,39.3025243203971 8.51209361083535,39.3025627770549</coordinates>
            </LinearRing>
          </outerBoundaryIs>
        </Polygon>
      </Placemark>
      <Placemark xmlns="http://www.opengis.net/kml/2.2">
        <styleUrl>#Parti singole_style_map</styleUrl>
        <name>T03435</name>
        <Polygon>
          <outerBoundaryIs>
            <LinearRing>
              <coordinates>8.51218434275729,39.3026791876736 8.51237198281135,39.3028060243028 8.51241838204524,39.3027430271023 8.5122906238197,39.3026558631936 8.51224823710454,39.3026270586565 8.51218434275729,39.3026791876736</coordinates>
            </LinearRing>
          </outerBoundaryIs>
        </Polygon>
      </Placemark>
      <Placemark xmlns="http://www.opengis.net/kml/2.2">
        <styleUrl>#Parti singole_style_map</styleUrl>
        <name>T03436</name>
        <Polygon>
          <outerBoundaryIs>
            <LinearRing>
              <coordinates>8.51209707400078,39.3027503842752 8.51231686095092,39.3028808609529 8.51237198281135,39.3028060243028 8.51218434275729,39.3026791876736 8.51209707400078,39.3027503842752</coordinates>
            </LinearRing>
          </outerBoundaryIs>
        </Polygon>
      </Placemark>
      <Placemark xmlns="http://www.opengis.net/kml/2.2">
        <styleUrl>#Parti singole_style_map</styleUrl>
        <name>T03437</name>
        <Polygon>
          <outerBoundaryIs>
            <LinearRing>
              <coordinates>8.5120482397591,39.3028549913188 8.51207880108177,39.3028381164075 8.51220030235556,39.3029261193325 8.51226342454879,39.3029718337026 8.51229266623584,39.3029312191551 8.51230848976907,39.3028922063089 8.51231686095092,39.3028808609529 8.51209707400078,39.3027503842752 8.51200779898151,39.3028232033219 8.5120482397591,39.3028549913188</coordinates>
            </LinearRing>
          </outerBoundaryIs>
        </Polygon>
      </Placemark>
      <Placemark xmlns="http://www.opengis.net/kml/2.2">
        <styleUrl>#Parti singole_style_map</styleUrl>
        <name>T01143</name>
        <Polygon>
          <outerBoundaryIs>
            <LinearRing>
              <coordinates>8.51191343250672,39.3030344946003 8.5121121914537,39.3032136310382 8.51212352114482,39.3032238425636 8.51220030235556,39.3029261193325 8.51207880108177,39.3028381164075 8.5120482397591,39.3028549913188 8.51199556091294,39.3028953182687 8.5120368423207,39.3029346517082 8.51191343250672,39.3030344946003</coordinates>
            </LinearRing>
          </outerBoundaryIs>
        </Polygon>
      </Placemark>
      <Placemark xmlns="http://www.opengis.net/kml/2.2">
        <styleUrl>#Parti singole_style_map</styleUrl>
        <name>T00999</name>
        <Polygon>
          <outerBoundaryIs>
            <LinearRing>
              <coordinates>8.49975992805523,39.2992367917874 8.49976695799836,39.2993195397872 8.49990073992874,39.2992988633965 8.49986840288181,39.2991592980112 8.50000942793434,39.2990479648631 8.49990359326102,39.2989631973081 8.49981378662725,39.2990558371918 8.49978876879617,39.2990985752732 8.49973952640999,39.299132910376 8.49976649843831,39.2991495969398 8.4997040785647,39.2991973913422 8.49975992805523,39.2992367917874</coordinates>
            </LinearRing>
          </outerBoundaryIs>
        </Polygon>
      </Placemark>
      <Placemark xmlns="http://www.opengis.net/kml/2.2">
        <styleUrl>#Parti singole_style_map</styleUrl>
        <name>T03219</name>
        <Polygon>
          <outerBoundaryIs>
            <LinearRing>
              <coordinates>8.51356703562044,39.3012791988351 8.51383681877596,39.3012637559798 8.51383181533967,39.3011689790602 8.51356402125758,39.3011769243492 8.51356703562044,39.3012791988351</coordinates>
            </LinearRing>
          </outerBoundaryIs>
        </Polygon>
      </Placemark>
      <Placemark xmlns="http://www.opengis.net/kml/2.2">
        <styleUrl>#Parti singole_style_map</styleUrl>
        <name>T01410</name>
        <Polygon>
          <outerBoundaryIs>
            <LinearRing>
              <coordinates>8.49558067311195,39.3021778702268 8.4957024610747,39.3022116024416 8.49599165602563,39.3024399419517 8.49621027236661,39.3024786975247 8.49664425282845,39.3023223761447 8.49705784179227,39.3020042509298 8.49738796696099,39.3017661025836 8.49754198678296,39.3016601449155 8.49758687467817,39.3016318290911 8.49630154004479,39.3007817393056 8.49571136807077,39.300405952576 8.49558067311195,39.3021778702268</coordinates>
            </LinearRing>
          </outerBoundaryIs>
        </Polygon>
      </Placemark>
      <Placemark xmlns="http://www.opengis.net/kml/2.2">
        <styleUrl>#Parti singole_style_map</styleUrl>
        <name>T01000</name>
        <Polygon>
          <outerBoundaryIs>
            <LinearRing>
              <coordinates>8.49977157784033,39.2993775702193 8.49987305813126,39.2993638237507 8.49987894389072,39.2993548384022 8.50011373209697,39.2993184712999 8.50009906815952,39.299265425665 8.50006696001996,39.2991491404055 8.50015430714006,39.2991315574937 8.5001761971705,39.2990654953416 8.50018103725043,39.2989557393732 8.50012274226308,39.2988553851987 8.49981762134049,39.2983301177849 8.49976871649466,39.2983334216713 8.49994549112265,39.2986573216186 8.50006682426641,39.2988828945768 8.49990359326102,39.2989631973081 8.50000942793434,39.2990479648631 8.49986840288181,39.2991592980112 8.49990073992874,39.2992988633965 8.49976695799836,39.2993195397872 8.49977157784033,39.2993775702193</coordinates>
            </LinearRing>
          </outerBoundaryIs>
        </Polygon>
      </Placemark>
      <Placemark xmlns="http://www.opengis.net/kml/2.2">
        <styleUrl>#Parti singole_style_map</styleUrl>
        <name>T01001</name>
        <Polygon>
          <outerBoundaryIs>
            <LinearRing>
              <coordinates>8.49977177753591,39.2989685235762 8.49981378662725,39.2990558371918 8.49990359326102,39.2989631973081 8.50006682426641,39.2988828945768 8.49994549112265,39.2986573216186 8.49963311777961,39.2988715403589 8.49977177753591,39.2989685235762</coordinates>
            </LinearRing>
          </outerBoundaryIs>
        </Polygon>
      </Placemark>
      <Placemark xmlns="http://www.opengis.net/kml/2.2">
        <styleUrl>#Parti singole_style_map</styleUrl>
        <name>T01003</name>
        <Polygon>
          <outerBoundaryIs>
            <LinearRing>
              <coordinates>8.49896703808602,39.2991025811822 8.49940706465465,39.299335652642 8.49965072964946,39.2991700128219 8.4997030885082,39.2993868450231 8.49977157784033,39.2993775702193 8.49976695799836,39.2993195397872 8.49975992805523,39.2992367917874 8.4997040785647,39.2991973913422 8.49976649843831,39.2991495969398 8.49973952640999,39.299132910376 8.49978876879617,39.2990985752732 8.49981378662725,39.2990558371918 8.49977177753591,39.2989685235762 8.49963311777961,39.2988715403589 8.49994549112265,39.2986573216186 8.49976871649466,39.2983334216713 8.49967034976615,39.2983400810509 8.49960731294897,39.2983443422966 8.49961733226587,39.2984176600121 8.49950488375916,39.2984230963102 8.49950145697888,39.2983734418869 8.499549917211,39.2983706948607 8.49954629397183,39.2983420974868 8.49945317708562,39.2983492568302 8.49921359410908,39.2984908553965 8.49908316194474,39.2985608472783 8.49896703808602,39.2991025811822</coordinates>
            </LinearRing>
          </outerBoundaryIs>
        </Polygon>
      </Placemark>
      <Placemark xmlns="http://www.opengis.net/kml/2.2">
        <styleUrl>#Parti singole_style_map</styleUrl>
        <name>T03222</name>
        <Polygon>
          <outerBoundaryIs>
            <LinearRing>
              <coordinates>8.51188539974954,39.2990567872229 8.51194377889226,39.2990285224386 8.51201372646975,39.2991061903482 8.5120492474717,39.2990846326727 8.51202305065497,39.2990561031895 8.51198143885849,39.2989811942746 8.51188099353007,39.2989732579918 8.51178743676583,39.2990904634647 8.51182580600938,39.2990812624062 8.51188539974954,39.2990567872229</coordinates>
            </LinearRing>
          </outerBoundaryIs>
        </Polygon>
      </Placemark>
      <Placemark xmlns="http://www.opengis.net/kml/2.2">
        <styleUrl>#Parti singole_style_map</styleUrl>
        <name>T01124</name>
        <Polygon>
          <outerBoundaryIs>
            <LinearRing>
              <coordinates>8.51216621927228,39.29961175089 8.51232354922934,39.2995312605676 8.51225348688309,39.2994499700842 8.51222735716839,39.2994585017484 8.51211378375093,39.2993386253343 8.51205964735627,39.299280324624 8.51207686206464,39.2992696561251 8.51188539974954,39.2990567872229 8.51182580600938,39.2990812624062 8.51178743676583,39.2990904634647 8.5117812351113,39.2991234254438 8.5119519322737,39.2993288276787 8.51205738865645,39.2994602038427 8.51216621927228,39.29961175089</coordinates>
            </LinearRing>
          </outerBoundaryIs>
        </Polygon>
      </Placemark>
      <Placemark xmlns="http://www.opengis.net/kml/2.2">
        <styleUrl>#Parti singole_style_map</styleUrl>
        <name>T01055</name>
        <Polygon>
          <outerBoundaryIs>
            <LinearRing>
              <coordinates>8.51581896439123,39.3085823957882 8.51588504281822,39.3086092071357 8.51592473475606,39.3085501543808 8.51585712955042,39.3085227329886 8.51581896439123,39.3085823957882</coordinates>
            </LinearRing>
          </outerBoundaryIs>
        </Polygon>
      </Placemark>
      <Placemark xmlns="http://www.opengis.net/kml/2.2">
        <styleUrl>#Parti singole_style_map</styleUrl>
        <name>T01079</name>
        <Polygon>
          <outerBoundaryIs>
            <LinearRing>
              <coordinates>8.51422890968277,39.3019942654116 8.5143894751231,39.3020199042761 8.5145561473223,39.3016839259399 8.51405870846664,39.3017287135495 8.51422890968277,39.3019942654116</coordinates>
            </LinearRing>
          </outerBoundaryIs>
        </Polygon>
      </Placemark>
      <Placemark xmlns="http://www.opengis.net/kml/2.2">
        <styleUrl>#Parti singole_style_map</styleUrl>
        <name>T01081</name>
        <Polygon>
          <outerBoundaryIs>
            <LinearRing>
              <coordinates>8.51435934261699,39.3020503696491 8.51496406615024,39.3019326904309 8.5150504352987,39.3018282926744 8.51514145792107,39.3017200847196 8.51455942492153,39.30169464427 8.51435934261699,39.3020503696491</coordinates>
            </LinearRing>
          </outerBoundaryIs>
        </Polygon>
      </Placemark>
      <Placemark xmlns="http://www.opengis.net/kml/2.2">
        <styleUrl>#Parti singole_style_map</styleUrl>
        <name>T01129</name>
        <Polygon>
          <outerBoundaryIs>
            <LinearRing>
              <coordinates>8.50758646584102,39.3021464623328 8.50763763331804,39.3021681422624 8.50767601452262,39.302172440583 8.50779250243992,39.3021854853267 8.50828968605535,39.3021119163888 8.50880090583186,39.3022516506003 8.50873923753515,39.3022107251471 8.50846285289646,39.3021280834182 8.50842627818822,39.3020993200688 8.50842663091544,39.3020572147982 8.50847538407525,39.3020228739663 8.50946602683842,39.3023019881932 8.50978186957915,39.3024409752124 8.50951126875639,39.3022240205833 8.50917570406815,39.3019583409938 8.50894633682846,39.3018142839502 8.50873779706541,39.3017219994897 8.50869256868398,39.3017366219979 8.50862872951767,39.3017242510738 8.50860695398982,39.3017782770567 8.50829241490974,39.3017105936227 8.5082704011099,39.3017058600922 8.50828237538178,39.3016653087193 8.50822431375291,39.3016559895715 8.50824218452597,39.3016064524786 8.50831955956307,39.3016218903801 8.50832608561746,39.3016041489611 8.50832949064847,39.3015948733724 8.50818253079421,39.3015595161297 8.50805215729824,39.3013964307996 8.50801137786749,39.3014067377348 8.5079230351203,39.30131304981 8.50794670225893,39.3012357304119 8.507737244568,39.3010316181076 8.50758995399367,39.3009460513747 8.50758646584102,39.3021464623328</coordinates>
            </LinearRing>
          </outerBoundaryIs>
        </Polygon>
      </Placemark>
      <Placemark xmlns="http://www.opengis.net/kml/2.2">
        <styleUrl>#Parti singole_style_map</styleUrl>
        <name>T01399</name>
        <Polygon>
          <outerBoundaryIs>
            <LinearRing>
              <coordinates>8.51166877617605,39.3074023149847 8.51296488204415,39.3078658135057 8.51343990071511,39.3071847405848 8.51331055564711,39.3070223053102 8.51322417858468,39.3069241153605 8.51349301649127,39.306566156852 8.51307162430797,39.3064391638712 8.51278713069498,39.3068066071244 8.5124852655878,39.3067539187363 8.51245751958982,39.3068244549039 8.51222313412407,39.3067483866767 8.51199149930083,39.3066404228313 8.51166877617605,39.3074023149847</coordinates>
            </LinearRing>
          </outerBoundaryIs>
        </Polygon>
      </Placemark>
      <Placemark xmlns="http://www.opengis.net/kml/2.2">
        <styleUrl>#Parti singole_style_map</styleUrl>
        <name>T01056</name>
        <Polygon>
          <outerBoundaryIs>
            <LinearRing>
              <coordinates>8.51437244443101,39.3051952575801 8.51489158850167,39.3055477574773 8.51444358620189,39.3058176584787 8.51495001834022,39.3064277734013 8.51549220220484,39.3062500992641 8.51533880826741,39.3058847274296 8.51581734739481,39.305831538955 8.5157139664265,39.3056810543569 8.51566831655252,39.3055800712319 8.51571377652489,39.3054765299417 8.51578219205992,39.3054061983062 8.51561614732275,39.3054271596251 8.51558579160546,39.3053503075793 8.51556925916158,39.3052434535749 8.515498261518,39.3051618818791 8.51556334980099,39.3050425816714 8.51548007775994,39.3050523267984 8.51548356043717,39.3050669836032 8.51530585723847,39.3051068723448 8.51450072910586,39.3052140305799 8.51437244443101,39.3051952575801</coordinates>
            </LinearRing>
          </outerBoundaryIs>
        </Polygon>
      </Placemark>
      <Placemark xmlns="http://www.opengis.net/kml/2.2">
        <styleUrl>#Parti singole_style_map</styleUrl>
        <name>T03223</name>
        <Polygon>
          <outerBoundaryIs>
            <LinearRing>
              <coordinates>8.50256936950449,39.315385333618 8.50275487710909,39.315504373187 8.5030749869339,39.3156910175866 8.50329655150721,39.3158440722471 8.50343239702432,39.3159376328717 8.50391943922863,39.3162153910313 8.50391642246198,39.3160267587363 8.50338803234254,39.3157188817332 8.50321812990889,39.3155499639164 8.50290919966781,39.3154145029866 8.50258730114627,39.3152038731995 8.50238152479549,39.3152426218488 8.50256936950449,39.315385333618</coordinates>
            </LinearRing>
          </outerBoundaryIs>
        </Polygon>
      </Placemark>
      <Placemark xmlns="http://www.opengis.net/kml/2.2">
        <styleUrl>#Parti singole_style_map</styleUrl>
        <name>T03224</name>
        <Polygon>
          <outerBoundaryIs>
            <LinearRing>
              <coordinates>8.50290919966781,39.3154145029866 8.50321812990889,39.3155499639164 8.50338803234254,39.3157188817332 8.50391642246198,39.3160267587363 8.50391475682832,39.3159226879131 8.50378503499341,39.3154485180772 8.50366758745757,39.3151351049729 8.50359774632236,39.3150578652113 8.50331585588954,39.3150667448388 8.50258730114627,39.3152038731995 8.50290919966781,39.3154145029866</coordinates>
            </LinearRing>
          </outerBoundaryIs>
        </Polygon>
      </Placemark>
      <Placemark xmlns="http://www.opengis.net/kml/2.2">
        <styleUrl>#Parti singole_style_map</styleUrl>
        <name>T02671</name>
        <Polygon>
          <outerBoundaryIs>
            <LinearRing>
              <coordinates>8.49571136807077,39.300405952576 8.49630154004479,39.3007817393056 8.49758687467817,39.3016318290911 8.49794987923125,39.3014028497842 8.49825361675142,39.3012390310359 8.49864721705193,39.3010628306943 8.49907781218463,39.3009742816996 8.49919654897697,39.3009544378369 8.49942423341585,39.3009376307158 8.49944495823562,39.3009473612816 8.49960305791412,39.299574737405 8.49959189976948,39.2995700849689 8.4983526511502,39.2990531503148 8.49831590183746,39.2989652100905 8.49752296336029,39.2990136623652 8.49743136465406,39.2988522644069 8.49736187497416,39.2988457828961 8.49739577393006,39.2986269074609 8.49735047593496,39.2986674128689 8.49732531565375,39.2988497698377 8.49709484689644,39.2991056764646 8.4969869245158,39.2991201946063 8.49660043877283,39.299218910583 8.49647951183609,39.2993099985473 8.49636066294815,39.2993845698487 8.49614733885675,39.2994161025227 8.49576816554474,39.2996734798702 8.49575209483895,39.2998781952298 8.49571136807077,39.300405952576</coordinates>
            </LinearRing>
          </outerBoundaryIs>
        </Polygon>
      </Placemark>
      <Placemark xmlns="http://www.opengis.net/kml/2.2">
        <styleUrl>#Parti singole_style_map</styleUrl>
        <name>T02672</name>
        <Polygon>
          <outerBoundaryIs>
            <LinearRing>
              <coordinates>8.49576816554474,39.2996734798702 8.49614733885675,39.2994161025227 8.49578304321921,39.2994733908041 8.49576816554474,39.2996734798702</coordinates>
            </LinearRing>
          </outerBoundaryIs>
        </Polygon>
      </Placemark>
      <Placemark xmlns="http://www.opengis.net/kml/2.2">
        <styleUrl>#Parti singole_style_map</styleUrl>
        <name>T02674</name>
        <Polygon>
          <outerBoundaryIs>
            <LinearRing>
              <coordinates>8.49743136465406,39.2988522644069 8.49752296336029,39.2990136623652 8.49831590183746,39.2989652100905 8.4983526511502,39.2990531503148 8.49959189976948,39.2995700849689 8.4997030885082,39.2993868450231 8.49965072964946,39.2991700128219 8.49940706465465,39.299335652642 8.49896703808602,39.2991025811822 8.49908316194474,39.2985608472783 8.49852811004006,39.2984350732536 8.49779084217418,39.2983912459518 8.49771864759031,39.2984987287065 8.4974843505635,39.2985930856587 8.49743136465406,39.2988522644069</coordinates>
            </LinearRing>
          </outerBoundaryIs>
        </Polygon>
      </Placemark>
      <Placemark xmlns="http://www.opengis.net/kml/2.2">
        <styleUrl>#Parti singole_style_map</styleUrl>
        <name>T02675</name>
        <Polygon>
          <outerBoundaryIs>
            <LinearRing>
              <coordinates>8.4974843505635,39.2985930856587 8.49771864759031,39.2984987287065 8.49779084217418,39.2983912459518 8.497528780232,39.2983756703319 8.4974843505635,39.2985930856587</coordinates>
            </LinearRing>
          </outerBoundaryIs>
        </Polygon>
      </Placemark>
      <Placemark xmlns="http://www.opengis.net/kml/2.2">
        <styleUrl>#Parti singole_style_map</styleUrl>
        <name>T02678</name>
        <Polygon>
          <outerBoundaryIs>
            <LinearRing>
              <coordinates>8.49614733885675,39.2994161025227 8.49636066294815,39.2993845698487 8.49647951183609,39.2993099985473 8.49660043877283,39.299218910583 8.4969869245158,39.2991201946063 8.49709484689644,39.2991056764646 8.49732531565375,39.2988497698377 8.49735047593496,39.2986674128689 8.49727052653836,39.2987467125606 8.49691123461642,39.2990175694135 8.49628373724363,39.299321747954 8.49614733885675,39.2994161025227</coordinates>
            </LinearRing>
          </outerBoundaryIs>
        </Polygon>
      </Placemark>
      <Placemark xmlns="http://www.opengis.net/kml/2.2">
        <styleUrl>#Parti singole_style_map</styleUrl>
        <name>T02679</name>
        <Polygon>
          <outerBoundaryIs>
            <LinearRing>
              <coordinates>8.49578304321921,39.2994733908041 8.49614733885675,39.2994161025227 8.49628373724363,39.299321747954 8.49691123461642,39.2990175694135 8.49727052653836,39.2987467125606 8.49735047593496,39.2986674128689 8.49738567884005,39.2984121670644 8.49677961684713,39.2989175316156 8.49623188724643,39.2991744966767 8.49579151112412,39.2993761935875 8.49578304321921,39.2994733908041</coordinates>
            </LinearRing>
          </outerBoundaryIs>
        </Polygon>
      </Placemark>
      <Placemark xmlns="http://www.opengis.net/kml/2.2">
        <styleUrl>#Parti singole_style_map</styleUrl>
        <name>T02102</name>
        <Polygon>
          <outerBoundaryIs>
            <LinearRing>
              <coordinates>8.49579151112412,39.2993761935875 8.49623188724643,39.2991744966767 8.49677961684713,39.2989175316156 8.49738567884005,39.2984121670644 8.4973885289041,39.2983914909219 8.49692145844344,39.2986571966151 8.49674792463453,39.2987795946518 8.49652141915967,39.2988981409138 8.49621438274506,39.2989972715011 8.49588504441025,39.2990559819822 8.49572995371007,39.2990611847958 8.49579151112412,39.2993761935875</coordinates>
            </LinearRing>
          </outerBoundaryIs>
        </Polygon>
      </Placemark>
      <Placemark xmlns="http://www.opengis.net/kml/2.2">
        <styleUrl>#Parti singole_style_map</styleUrl>
        <name>T02680</name>
        <Polygon>
          <outerBoundaryIs>
            <LinearRing>
              <coordinates>8.49779084217418,39.2983912459518 8.49852811004006,39.2984350732536 8.49908316194474,39.2985608472783 8.49921359410908,39.2984908553965 8.49945317708562,39.2983492568302 8.49944245117196,39.2982498141797 8.49965573664651,39.2982343953412 8.49967034976615,39.2983400810509 8.49976871649466,39.2983334216713 8.49981762134049,39.2983301177849 8.49981625314913,39.29826983064 8.50047813360606,39.2981434346129 8.50043394585999,39.2981439026559 8.50023647035945,39.2981263217429 8.49989776819171,39.29808092133 8.49978474649504,39.298052934926 8.49966306187638,39.2980086829715 8.49953780964413,39.2979166590842 8.49883101441271,39.2980365938931 8.49876682100339,39.2980648270476 8.49782868232117,39.2983248656303 8.49779084217418,39.2983912459518</coordinates>
            </LinearRing>
          </outerBoundaryIs>
        </Polygon>
      </Placemark>
      <Placemark xmlns="http://www.opengis.net/kml/2.2">
        <styleUrl>#Parti singole_style_map</styleUrl>
        <name>T02681</name>
        <Polygon>
          <outerBoundaryIs>
            <LinearRing>
              <coordinates>8.49883101441271,39.2980365938931 8.49953780964413,39.2979166590842 8.49943009324573,39.2978375146506 8.4993335743438,39.297794911449 8.49924631625161,39.2978034654613 8.49914930890674,39.2978179965536 8.49906771846324,39.2978416316317 8.49900736644129,39.2978743867866 8.49886998718568,39.2980112255844 8.49883101441271,39.2980365938931</coordinates>
            </LinearRing>
          </outerBoundaryIs>
        </Polygon>
      </Placemark>
      <Placemark xmlns="http://www.opengis.net/kml/2.2">
        <styleUrl>#Parti singole_style_map</styleUrl>
        <name>T02682</name>
        <Polygon>
          <outerBoundaryIs>
            <LinearRing>
              <coordinates>8.49739577393006,39.2986269074609 8.4974843505635,39.2985930856587 8.497528780232,39.2983756703319 8.49779084217418,39.2983912459518 8.49782868232117,39.2983248656303 8.49876682100339,39.2980648270476 8.49789592534164,39.2982367523559 8.49752125174588,39.2983159782933 8.49743644559859,39.2983642334558 8.49739577393006,39.2986269074609</coordinates>
            </LinearRing>
          </outerBoundaryIs>
        </Polygon>
      </Placemark>
      <Placemark xmlns="http://www.opengis.net/kml/2.2">
        <styleUrl>#Parti singole_style_map</styleUrl>
        <name>T01384</name>
        <Polygon>
          <outerBoundaryIs>
            <LinearRing>
              <coordinates>8.48902612535881,39.3042850586801 8.48906030098545,39.3041468774355 8.4891175151775,39.3038134917182 8.48915039530158,39.3035472365058 8.48905236392483,39.3037170710692 8.48902399951043,39.3038567826232 8.48904369077991,39.3040403527806 8.48898313200318,39.3042866088905 8.48902612535881,39.3042850586801</coordinates>
            </LinearRing>
          </outerBoundaryIs>
        </Polygon>
      </Placemark>
      <Placemark xmlns="http://www.opengis.net/kml/2.2">
        <styleUrl>#Parti singole_style_map</styleUrl>
        <name>T02104</name>
        <Polygon>
          <outerBoundaryIs>
            <LinearRing>
              <coordinates>8.4906179329127,39.3000370782519 8.49138108253073,39.3008245415992 8.49148581435831,39.3007850912742 8.4916742187503,39.3008004578127 8.49214372382445,39.3006919386549 8.49246017056604,39.3006244422306 8.49268097928137,39.3005127722352 8.49304636008237,39.3003913966744 8.49329367457313,39.3002513493392 8.49399685739917,39.2999563106104 8.49421685532516,39.2994283962557 8.49452207971177,39.2986471028431 8.49443261341389,39.2986625367957 8.49430428837939,39.2987129883672 8.49315042600735,39.2992918031725 8.49306611563981,39.2994041500377 8.49295021279964,39.2995407960309 8.49289951718811,39.2995751218963 8.49283149093768,39.2995988117104 8.49274034479544,39.2996073619089 8.49258748796747,39.2995824747078 8.4924657502311,39.2995442341272 8.49238621326008,39.2995543394714 8.49201667673116,39.2997087729274 8.49193757275488,39.2997599864297 8.49182079790435,39.2998180185871 8.49173724433137,39.2998446404799 8.49167520287602,39.2998473249107 8.49113105232597,39.2997300062603 8.49097389243918,39.2997532329989 8.49088249244363,39.2997903443832 8.49079284163025,39.2998485122232 8.49064414093614,39.300010143036 8.4906179329127,39.3000370782519</coordinates>
            </LinearRing>
          </outerBoundaryIs>
          <innerBoundaryIs>
            <LinearRing>
              <coordinates>8.49137541138942,39.3002874368159 8.49182913016122,39.3000307769374 8.49215965671418,39.3003575232761 8.49198964314921,39.3004554385004 8.49152872700632,39.3004418704608 8.49137541138942,39.3002874368159</coordinates>
            </LinearRing>
          </innerBoundaryIs>
        </Polygon>
      </Placemark>
      <Placemark xmlns="http://www.opengis.net/kml/2.2">
        <styleUrl>#Parti singole_style_map</styleUrl>
        <name>T02104</name>
        <Polygon>
          <outerBoundaryIs>
            <LinearRing>
              <coordinates>8.49165347336739,39.3002762088549 8.49169737526385,39.3003170296826 8.49183022143046,39.3002290263596 8.49178796569663,39.300186689973 8.49165347336739,39.3002762088549</coordinates>
            </LinearRing>
          </outerBoundaryIs>
        </Polygon>
      </Placemark>
      <Placemark xmlns="http://www.opengis.net/kml/2.2">
        <styleUrl>#Parti singole_style_map</styleUrl>
        <name>T03225</name>
        <Polygon>
          <outerBoundaryIs>
            <LinearRing>
              <coordinates>8.49201830754749,39.3008285331415 8.49233457964559,39.3008302200407 8.4924000328529,39.3008305687131 8.49270974182644,39.3007598704675 8.49289313853673,39.3006833856999 8.49294119196976,39.3006633482258 8.49304068983435,39.300585677555 8.49341200976887,39.300271156474 8.49357371231449,39.3001712656113 8.49374859959698,39.3001165482084 8.49387079949679,39.3001021582651 8.49393273035085,39.3001100146413 8.49396697036395,39.3000401328232 8.49399685739917,39.2999563106104 8.49329367457313,39.3002513493392 8.49304636008237,39.3003913966744 8.49268097928137,39.3005127722352 8.49246017056604,39.3006244422306 8.49214372382445,39.3006919386549 8.4916742187503,39.3008004578127 8.49201830754749,39.3008285331415</coordinates>
            </LinearRing>
          </outerBoundaryIs>
        </Polygon>
      </Placemark>
      <Placemark xmlns="http://www.opengis.net/kml/2.2">
        <styleUrl>#Parti singole_style_map</styleUrl>
        <name>T02673</name>
        <Polygon>
          <outerBoundaryIs>
            <LinearRing>
              <coordinates>8.49735047593496,39.2986674128689 8.49739577393006,39.2986269074609 8.49743644559859,39.2983642334558 8.4973885289041,39.2983914909219 8.49738567884005,39.2984121670644 8.49735047593496,39.2986674128689</coordinates>
            </LinearRing>
          </outerBoundaryIs>
        </Polygon>
      </Placemark>
      <Placemark xmlns="http://www.opengis.net/kml/2.2">
        <styleUrl>#Parti singole_style_map</styleUrl>
        <name>T02781</name>
        <Polygon>
          <outerBoundaryIs>
            <LinearRing>
              <coordinates>8.49294119196976,39.3006633482258 8.49289313853673,39.3006833856999 8.49267473417356,39.3024994480991 8.49357010794679,39.3027087378158 8.49846677528819,39.3037987030899 8.49942423341585,39.3009376307158 8.49919654897697,39.3009544378369 8.49907781218463,39.3009742816996 8.49864721705193,39.3010628306943 8.49825361675142,39.3012390310359 8.49794987923125,39.3014028497842 8.49758687467817,39.3016318290911 8.49754198678296,39.3016601449155 8.49738796696099,39.3017661025836 8.49705784179227,39.3020042509298 8.49664425282845,39.3023223761447 8.49621027236661,39.3024786975247 8.49599165602563,39.3024399419517 8.4957024610747,39.3022116024416 8.49558067311195,39.3021778702268 8.49571136807077,39.300405952576 8.4942647150959,39.3001652540411 8.49374099636864,39.3002691050871 8.49294119196976,39.3006633482258</coordinates>
            </LinearRing>
          </outerBoundaryIs>
          <innerBoundaryIs>
            <LinearRing>
              <coordinates>8.49379023670879,39.3016543151091 8.49390063249899,39.3016609136383 8.49389447928448,39.3017229702159 8.49378164896326,39.3017162259278 8.49379023670879,39.3016543151091</coordinates>
            </LinearRing>
          </innerBoundaryIs>
        </Polygon>
      </Placemark>
      <Placemark xmlns="http://www.opengis.net/kml/2.2">
        <styleUrl>#Parti singole_style_map</styleUrl>
        <name>T02782</name>
        <Polygon>
          <outerBoundaryIs>
            <LinearRing>
              <coordinates>8.49294119196976,39.3006633482258 8.49374099636864,39.3002691050871 8.4942647150959,39.3001652540411 8.49393273035085,39.3001100146413 8.49387079949679,39.3001021582651 8.49374859959698,39.3001165482084 8.49357371231449,39.3001712656113 8.49341200976887,39.300271156474 8.49294119196976,39.3006633482258</coordinates>
            </LinearRing>
          </outerBoundaryIs>
        </Polygon>
      </Placemark>
      <Placemark xmlns="http://www.opengis.net/kml/2.2">
        <styleUrl>#Parti singole_style_map</styleUrl>
        <name>T02105</name>
        <Polygon>
          <outerBoundaryIs>
            <LinearRing>
              <coordinates>8.49399685739917,39.2999563106104 8.49437749541324,39.2997870175257 8.4945597531562,39.2998026134692 8.49579151112412,39.2993761935875 8.49572995371007,39.2990611847958 8.49538527815369,39.2990382900124 8.49527695424655,39.2990166631109 8.49511012495138,39.2989608931693 8.49490392807721,39.2988319658152 8.49476354657183,39.2987109109 8.49467874819895,39.2986578212977 8.49455099227213,39.29864211041 8.49452207971177,39.2986471028431 8.49421685532516,39.2994283962557 8.49399685739917,39.2999563106104</coordinates>
            </LinearRing>
          </outerBoundaryIs>
        </Polygon>
      </Placemark>
      <Placemark xmlns="http://www.opengis.net/kml/2.2">
        <styleUrl>#Parti singole_style_map</styleUrl>
        <name>T02676</name>
        <Polygon>
          <outerBoundaryIs>
            <LinearRing>
              <coordinates>8.4942647150959,39.3001652540411 8.49571136807077,39.300405952576 8.49575209483895,39.2998781952298 8.49576816554474,39.2996734798702 8.49519979966942,39.2997482913529 8.49510106797001,39.2998514907537 8.49479267657462,39.2999643540727 8.49451209648653,39.2999948581141 8.4942647150959,39.3001652540411</coordinates>
            </LinearRing>
          </outerBoundaryIs>
        </Polygon>
      </Placemark>
      <Placemark xmlns="http://www.opengis.net/kml/2.2">
        <styleUrl>#Parti singole_style_map</styleUrl>
        <name>T02677</name>
        <Polygon>
          <outerBoundaryIs>
            <LinearRing>
              <coordinates>8.49399685739917,39.2999563106104 8.49393273035085,39.3001100146413 8.4942647150959,39.3001652540411 8.49451209648653,39.2999948581141 8.49479267657462,39.2999643540727 8.49510106797001,39.2998514907537 8.49519979966942,39.2997482913529 8.49576816554474,39.2996734798702 8.49578304321921,39.2994733908041 8.49579151112412,39.2993761935875 8.4945597531562,39.2998026134692 8.49437749541324,39.2997870175257 8.49399685739917,39.2999563106104</coordinates>
            </LinearRing>
          </outerBoundaryIs>
        </Polygon>
      </Placemark>
      <Placemark xmlns="http://www.opengis.net/kml/2.2">
        <styleUrl>#Parti singole_style_map</styleUrl>
        <name>T03226</name>
        <Polygon>
          <outerBoundaryIs>
            <LinearRing>
              <coordinates>8.48812883914443,39.2999552756681 8.48830219653527,39.2999391342993 8.48834608661304,39.2999048706201 8.48833898335223,39.2999056593492 8.48814534878706,39.2999272981635 8.48813088295878,39.2999389934118 8.48812883914443,39.2999552756681</coordinates>
            </LinearRing>
          </outerBoundaryIs>
        </Polygon>
      </Placemark>
      <Placemark xmlns="http://www.opengis.net/kml/2.2">
        <styleUrl>#Parti singole_style_map</styleUrl>
        <name>T03227</name>
        <Polygon>
          <outerBoundaryIs>
            <LinearRing>
              <coordinates>8.51334824510409,39.3010672363241 8.51339241397207,39.3010714218111 8.51339820476355,39.3009604257942 8.51335504315077,39.3009514778882 8.51334824510409,39.3010672363241</coordinates>
            </LinearRing>
          </outerBoundaryIs>
        </Polygon>
      </Placemark>
      <Placemark xmlns="http://www.opengis.net/kml/2.2">
        <styleUrl>#Parti singole_style_map</styleUrl>
        <name>T02773</name>
        <Polygon>
          <outerBoundaryIs>
            <LinearRing>
              <coordinates>8.50869100784918,39.2986392579762 8.50896235073816,39.2986316452151 8.50948226746937,39.2986252783862 8.50948212337105,39.298599417201 8.5083853446302,39.2985762887991 8.50869100784918,39.2986392579762</coordinates>
            </LinearRing>
          </outerBoundaryIs>
        </Polygon>
      </Placemark>
      <Placemark xmlns="http://www.opengis.net/kml/2.2">
        <styleUrl>#Parti singole_style_map</styleUrl>
        <name>T02774</name>
        <Polygon>
          <outerBoundaryIs>
            <LinearRing>
              <coordinates>8.50990479847941,39.2984872314472 8.50987171288791,39.2985065554367 8.50971860649143,39.2985550904562 8.50977480702842,39.2986246822942 8.50993513176782,39.2986174563078 8.50990479847941,39.2984872314472</coordinates>
            </LinearRing>
          </outerBoundaryIs>
        </Polygon>
      </Placemark>
      <Placemark xmlns="http://www.opengis.net/kml/2.2">
        <styleUrl>#Parti singole_style_map</styleUrl>
        <name>T02779</name>
        <Polygon>
          <outerBoundaryIs>
            <LinearRing>
              <coordinates>8.50990479847941,39.2984872314472 8.50993513176782,39.2986174563078 8.51026461130168,39.2986026056579 8.51046489856185,39.2986283090091 8.51133668751069,39.2984810006001 8.51187138228376,39.2986057721803 8.51189157984769,39.2984812665964 8.51187348017033,39.2983322895783 8.51182861386024,39.2981150346305 8.51172259792909,39.2981145356601 8.51123083156481,39.298292458492 8.51107167022909,39.2983247236459 8.51080945930415,39.2982918407889 8.51050938733064,39.298260212721 8.51034660860449,39.298262375086 8.51026896903165,39.2982770239932 8.50994572518947,39.2984633277415 8.50990479847941,39.2984872314472</coordinates>
            </LinearRing>
          </outerBoundaryIs>
        </Polygon>
      </Placemark>
      <Placemark xmlns="http://www.opengis.net/kml/2.2">
        <styleUrl>#Parti singole_style_map</styleUrl>
        <name>T02780</name>
        <Polygon>
          <outerBoundaryIs>
            <LinearRing>
              <coordinates>8.51161988267,39.2990986447039 8.51165715489476,39.2991438093825 8.51206768196674,39.2996411989584 8.51213448914947,39.2997603566864 8.51218768546705,39.2998839355977 8.51229455990705,39.2998530446336 8.51216304818561,39.299605799572 8.51205738865645,39.2994602038427 8.5119519322737,39.2993288276787 8.5117812351113,39.2991234254438 8.51178743676583,39.2990904634647 8.51182604402397,39.2988851825564 8.51161988267,39.2990986447039</coordinates>
            </LinearRing>
          </outerBoundaryIs>
        </Polygon>
      </Placemark>
      <Placemark xmlns="http://www.opengis.net/kml/2.2">
        <styleUrl>#Parti singole_style_map</styleUrl>
        <name>T02776</name>
        <Polygon>
          <outerBoundaryIs>
            <LinearRing>
              <coordinates>8.50948226746937,39.2986252783862 8.50977480702842,39.2986246822942 8.50971860649143,39.2985550904562 8.5095985188147,39.2985867072939 8.50948212337105,39.298599417201 8.50948226746937,39.2986252783862</coordinates>
            </LinearRing>
          </outerBoundaryIs>
        </Polygon>
      </Placemark>
      <Placemark xmlns="http://www.opengis.net/kml/2.2">
        <styleUrl>#Parti singole_style_map</styleUrl>
        <name>T03439</name>
        <Polygon>
          <outerBoundaryIs>
            <LinearRing>
              <coordinates>8.49137541138942,39.3002874368159 8.49152872700632,39.3004418704608 8.49198964314921,39.3004554385004 8.49215965671418,39.3003575232761 8.49182913016122,39.3000307769374 8.49137541138942,39.3002874368159</coordinates>
            </LinearRing>
          </outerBoundaryIs>
          <innerBoundaryIs>
            <LinearRing>
              <coordinates>8.49176561123636,39.300271827128 8.49169737526385,39.3003170296826 8.49165347336739,39.3002762088549 8.49178796569663,39.300186689973 8.49183022143046,39.3002290263596 8.49191501724557,39.3003164648021 8.49184732858935,39.3003560912484 8.49176561123636,39.300271827128</coordinates>
            </LinearRing>
          </innerBoundaryIs>
        </Polygon>
      </Placemark>
      <Placemark xmlns="http://www.opengis.net/kml/2.2">
        <styleUrl>#Parti singole_style_map</styleUrl>
        <name>T03228</name>
        <Polygon>
          <outerBoundaryIs>
            <LinearRing>
              <coordinates>8.49183022143046,39.3002290263596 8.49176561123636,39.300271827128 8.49184732858935,39.3003560912484 8.49191501724557,39.3003164648021 8.49183022143046,39.3002290263596</coordinates>
            </LinearRing>
          </outerBoundaryIs>
        </Polygon>
      </Placemark>
      <Placemark xmlns="http://www.opengis.net/kml/2.2">
        <styleUrl>#Parti singole_style_map</styleUrl>
        <name>T02715</name>
        <Polygon>
          <outerBoundaryIs>
            <LinearRing>
              <coordinates>8.51667779015438,39.3034837256538 8.51668603387764,39.3034756413088 8.51665075480464,39.303458563725 8.51667779015438,39.3034837256538</coordinates>
            </LinearRing>
          </outerBoundaryIs>
        </Polygon>
      </Placemark>
      <Placemark xmlns="http://www.opengis.net/kml/2.2">
        <styleUrl>#Parti singole_style_map</styleUrl>
        <name>T03230</name>
        <Polygon>
          <outerBoundaryIs>
            <LinearRing>
              <coordinates>8.50149390837277,39.3159467142179 8.50206102410473,39.3153029371206 8.50140828951545,39.3154257853994 8.50149390837277,39.3159467142179</coordinates>
            </LinearRing>
          </outerBoundaryIs>
        </Polygon>
      </Placemark>
      <Placemark xmlns="http://www.opengis.net/kml/2.2">
        <styleUrl>#Parti singole_style_map</styleUrl>
        <name>T03231</name>
        <Polygon>
          <outerBoundaryIs>
            <LinearRing>
              <coordinates>8.50152317046002,39.3161172125179 8.50182013817026,39.3161926781915 8.50205362022509,39.3162419477974 8.50274923145409,39.3162636384508 8.50300879279811,39.3162815435054 8.50320039064626,39.3163141243919 8.50372981434888,39.3163877393896 8.50388784156254,39.3163400354177 8.50391976514777,39.3162349274576 8.50391943922863,39.3162153910313 8.50343239702432,39.3159376328717 8.50329655150721,39.3158440722471 8.5030749869339,39.3156910175866 8.50275487710909,39.315504373187 8.50256936950449,39.315385333618 8.50238152479549,39.3152426218488 8.50206102410473,39.3153029371206 8.50149390837277,39.3159467142179 8.50152317046002,39.3161172125179</coordinates>
            </LinearRing>
          </outerBoundaryIs>
        </Polygon>
      </Placemark>
      <Placemark xmlns="http://www.opengis.net/kml/2.2">
        <styleUrl>#Parti singole_style_map</styleUrl>
        <name>T01057</name>
        <Polygon>
          <outerBoundaryIs>
            <LinearRing>
              <coordinates>8.51804401392604,39.3042242212059 8.51806102136408,39.3042319687373 8.51809405177991,39.3041931885822 8.51805222737574,39.3041715339323 8.51802110867224,39.3042122863174 8.51804401392604,39.3042242212059</coordinates>
            </LinearRing>
          </outerBoundaryIs>
        </Polygon>
      </Placemark>
      <Placemark xmlns="http://www.opengis.net/kml/2.2">
        <styleUrl>#Parti singole_style_map</styleUrl>
        <name>T03232</name>
        <Polygon>
          <outerBoundaryIs>
            <LinearRing>
              <coordinates>8.4983731868826,39.3069960588622 8.4986907612607,39.3071019241777 8.49919919993997,39.3074567003315 8.49936785102919,39.3075790698462 8.49895159381205,39.3082077790666 8.49895811379657,39.3082091857758 8.49959743632078,39.3083465925348 8.49984148838441,39.3084598605388 8.50011205530651,39.3085455072317 8.50048101471083,39.3090908569568 8.50079954155774,39.3093385930542 8.50128049082607,39.3093020093 8.50125826042429,39.3096246569302 8.50153620689865,39.3098349580387 8.50180010879664,39.3098850703435 8.50131912042331,39.311125179377 8.50154833704497,39.3110343794506 8.50193544245201,39.3108679801677 8.50265788938017,39.3105062215082 8.50314348901141,39.3106035029314 8.50334927470962,39.3108516515002 8.50342993102702,39.3110095737839 8.50389063034696,39.3111792994183 8.50394435462641,39.3114653187773 8.50391704030657,39.3116341426537 8.50371383596652,39.3118685074827 8.50356051976391,39.3121158439116 8.50387954019629,39.3120132672779 8.50423087173728,39.3120557094305 8.50436270007875,39.3120503872411 8.50459178121877,39.3120049583016 8.50471979045608,39.3119951051162 8.50537875220449,39.3116662995478 8.50581545210353,39.3115918895524 8.50600539234546,39.3115913717365 8.50594474975596,39.3119048103782 8.50624046457076,39.3122637520026 8.50654464047355,39.3122758644672 8.50672235200937,39.3122149674265 8.50719166226554,39.3121798147239 8.50723822752414,39.3121740379334 8.50731861632618,39.3121517257005 8.50768280974952,39.3121716582985 8.50797291437617,39.3121508456996 8.50839286328727,39.311617912174 8.50862369648453,39.3114392604663 8.50886620521021,39.3111848601284 8.50915455657573,39.3108169565159 8.5092927506569,39.3107485000526 8.50941474103028,39.3107596561405 8.50993435628894,39.310852529363 8.51007206860631,39.3108397106189 8.51047361048535,39.3105710909947 8.51058640701995,39.3105250617109 8.51082978299227,39.3104610015556 8.51117028944946,39.31030184535 8.51139654903218,39.3102637347968 8.5112741024414,39.3100532725903 8.51119849762715,39.309828806318 8.5110264120932,39.3097828046521 8.51089698366231,39.3097340175911 8.5106854638228,39.3095213961046 8.50949149534383,39.310003825244 8.50432677346362,39.3096442326883 8.5041846367653,39.3096973934321 8.5030372154565,39.3101271613305 8.50290639056703,39.3098520212923 8.50298464057874,39.3095942459876 8.50315523872968,39.3091792690448 8.50391135425195,39.3085502285519 8.50442234665842,39.3081754374896 8.50383576534757,39.3082712612233 8.50351248579894,39.3082289646491 8.50334218472567,39.30820251233 8.50311250368411,39.3080311583764 8.50296632162329,39.307904069591 8.50242129518143,39.3074324385792 8.50224636779429,39.3072425028706 8.50197836835085,39.3068606293278 8.50182887813478,39.3066152062251 8.50184143212242,39.3063154039032 8.50192721701871,39.3058292596928 8.50192510183327,39.3058069763319 8.50201999150559,39.3056068146926 8.50239175255316,39.305221623664 8.50259095817333,39.305043704434 8.50278184262073,39.3049319144405 8.50277805516329,39.3049213648113 8.50264388116531,39.3049748100656 8.50204387925726,39.3052443827843 8.50154863151973,39.3053696092723 8.50074181798659,39.3055750883063 8.50060203665579,39.3056044397084 8.50050459533078,39.3056670868481 8.50017385598391,39.3060164685635 8.49996106133376,39.3061958119552 8.49978727202509,39.3062903162974 8.49955271123216,39.3062996156644 8.49891780691427,39.3065468558385 8.49867325496216,39.3068117512317 8.4983731868826,39.3069960588622</coordinates>
            </LinearRing>
          </outerBoundaryIs>
        </Polygon>
      </Placemark>
      <Placemark xmlns="http://www.opengis.net/kml/2.2">
        <styleUrl>#Parti singole_style_map</styleUrl>
        <name>T01391</name>
        <Polygon>
          <outerBoundaryIs>
            <LinearRing>
              <coordinates>8.50432677346362,39.3096442326883 8.50949149534383,39.310003825244 8.5106854638228,39.3095213961046 8.51065274083713,39.3094884957784 8.51061691157256,39.309335479582 8.51049372230599,39.3092370877237 8.51052067621481,39.3090327047039 8.51044467421325,39.3086195174166 8.509872222446,39.3079779552515 8.50960666352946,39.3076770611008 8.507037913413,39.3086300902394 8.50432677346362,39.3096442326883</coordinates>
            </LinearRing>
          </outerBoundaryIs>
        </Polygon>
      </Placemark>
      <Placemark xmlns="http://www.opengis.net/kml/2.2">
        <styleUrl>#Parti singole_style_map</styleUrl>
        <name>T01090</name>
        <Polygon>
          <outerBoundaryIs>
            <LinearRing>
              <coordinates>8.51166444852169,39.3016707061717 8.51158983995759,39.30149583865 8.51156924232939,39.3014475451936 8.511483651787,39.3014726859536 8.51147776504818,39.3014553247424 8.51143114448338,39.3014701226837 8.51142853091621,39.3014207063114 8.51132718186374,39.3014521513045 8.51133238803104,39.3014689780361 8.51150407820567,39.3017856665531 8.51152979257267,39.301781963021 8.51159462718294,39.3019047530376 8.51160225074633,39.301919193072 8.51161451314041,39.3019536742439 8.51167234968232,39.3019454290008 8.5117166859491,39.3018922450196 8.51171705418118,39.3018626375698 8.51170376305728,39.3018309904449 8.51172903803018,39.3018220948901 8.51166444852169,39.3016707061717</coordinates>
            </LinearRing>
          </outerBoundaryIs>
        </Polygon>
      </Placemark>
      <Placemark xmlns="http://www.opengis.net/kml/2.2">
        <styleUrl>#Parti singole_style_map</styleUrl>
        <name>T01418</name>
        <Polygon>
          <outerBoundaryIs>
            <LinearRing>
              <coordinates>8.51142853091621,39.3014207063114 8.51143114448338,39.3014701226837 8.51147776504818,39.3014553247424 8.511483651787,39.3014726859536 8.51156924232939,39.3014475451936 8.51158983995759,39.30149583865 8.51166444852169,39.3016707061717 8.51172903803018,39.3018220948901 8.51170376305728,39.3018309904449 8.51171705418118,39.3018626375698 8.51187594540724,39.3016701250351 8.51188921500809,39.3016531505825 8.51177418674924,39.3015819703368 8.51155727898904,39.30134173696 8.51156382153049,39.3013064967425 8.51158518885342,39.3011390604318 8.511589372451,39.3011061530772 8.51163078476342,39.3009046775685 8.51153228397697,39.3010936498935 8.51148704074488,39.3010772047041 8.51142780330302,39.3014069349817 8.51142853091621,39.3014207063114</coordinates>
            </LinearRing>
          </outerBoundaryIs>
        </Polygon>
      </Placemark>
      <Placemark xmlns="http://www.opengis.net/kml/2.2">
        <styleUrl>#Parti singole_style_map</styleUrl>
        <name>T01688</name>
        <Polygon>
          <outerBoundaryIs>
            <LinearRing>
              <coordinates>8.51118172640905,39.3012638033181 8.51132599101201,39.3016149507311 8.51157419237365,39.302076482312 8.51172432759478,39.3019674709651 8.51197226737668,39.3017045443513 8.51188921500809,39.3016531505825 8.51187594540724,39.3016701250351 8.51171705418118,39.3018626375698 8.5117166859491,39.3018922450196 8.51167234968232,39.3019454290008 8.51161451314041,39.3019536742439 8.51160225074633,39.301919193072 8.51159462718294,39.3019047530376 8.51152979257267,39.301781963021 8.51150407820567,39.3017856665531 8.51133238803104,39.3014689780361 8.51132718186374,39.3014521513045 8.51121721715027,39.301096822887 8.51120597374181,39.3010276279121 8.5111337405741,39.3010815595045 8.51118172640905,39.3012638033181</coordinates>
            </LinearRing>
          </outerBoundaryIs>
        </Polygon>
      </Placemark>
      <Placemark xmlns="http://www.opengis.net/kml/2.2">
        <styleUrl>#Parti singole_style_map</styleUrl>
        <name>T01125</name>
        <Polygon>
          <outerBoundaryIs>
            <LinearRing>
              <coordinates>8.51612474073392,39.3011450731122 8.51543869218623,39.3011535890317 8.51525676192981,39.3010478660248 8.51525556643691,39.3010446442406 8.51407510275924,39.3008159309577 8.51369950872303,39.3009114603085 8.51333326480242,39.3006818061014 8.51315687715785,39.3005718319505 8.51306889718193,39.300516976324 8.51299098669726,39.3004683981558 8.51266723428865,39.30057046667 8.51249235767793,39.3006255910103 8.51280132091097,39.3007412845528 8.51282658307363,39.3008077177526 8.5122726996792,39.3009868264331 8.51223749940251,39.3009203334275 8.51218239327047,39.300817795433 8.51216366175719,39.3007829808249 8.51197857410293,39.3008220496429 8.51200756500004,39.3008574749868 8.51176207226249,39.3009857387986 8.51171088628122,39.3009299642945 8.51175280800452,39.3009070369324 8.51173900052579,39.3008946343909 8.51178691601027,39.3008686685505 8.51177311924462,39.3008547252366 8.51185629631287,39.3008112825099 8.51183781010455,39.3007929223287 8.51165737305947,39.3008903270857 8.51163078476342,39.3009046775685 8.511589372451,39.3011061530772 8.51187732490044,39.3011246080139 8.51187491202772,39.3011563964773 8.51186165911414,39.3013311565065 8.51177228855002,39.3013245280859 8.51177661464947,39.3012844578562 8.5116574628795,39.3012776773295 8.51165713596354,39.3013146826996 8.51156382153049,39.3013064967425 8.51155727898904,39.30134173696 8.51177418674924,39.3015819703368 8.51188921500809,39.3016531505825 8.51200116298751,39.3015200823935 8.51187959114727,39.3014593001243 8.51192069057177,39.3014128874987 8.51186863152176,39.301382546471 8.51198218906224,39.3012447724764 8.51204375602695,39.3012753966218 8.51216550321658,39.3013359541902 8.51223244217179,39.3014397312031 8.51241707398916,39.3013278900624 8.51311903276437,39.3013583575223 8.51317803508755,39.3013608571039 8.51372533437369,39.3013840327611 8.51392269646663,39.3014181429022 8.51401721998836,39.3014578062245 8.51406602718797,39.3013766529341 8.51413282891448,39.3012777336866 8.51512571526527,39.3011815966429 8.51500437320542,39.3013223328017 8.51504246177297,39.3016293132737 8.5145561473223,39.3016839259399 8.51456255374259,39.3016866198253 8.5151345924282,39.3017200470948 8.51571666464705,39.3014892849846 8.51619273675369,39.3013908331016 8.51647323523453,39.3014479103818 8.51669143868695,39.3015377612494 8.51683845808278,39.3016443101759 8.51689193790551,39.3017348280153 8.51702784552049,39.3019748864276 8.51704573550232,39.3018828808538 8.51699482512948,39.3017171978899 8.5168949732748,39.3015700808568 8.51682392355927,39.3014930150325 8.51660441677627,39.3013279831278 8.51643660206847,39.3012368908399 8.5162775669817,39.3011744346257 8.51612474073392,39.3011450731122</coordinates>
            </LinearRing>
          </outerBoundaryIs>
          <innerBoundaryIs>
            <LinearRing>
              <coordinates>8.51177881208432,39.3014571561974 8.51173611728476,39.3014644558535 8.51172286921006,39.3014282945735 8.51176941532126,39.3014225248745 8.51177881208432,39.3014571561974</coordinates>
            </LinearRing>
          </innerBoundaryIs>
          <innerBoundaryIs>
            <LinearRing>
              <coordinates>8.5123606784813,39.3011821406825 8.51231960408063,39.3010980883539 8.512675013741,39.3010036683203 8.51271242860861,39.3010886873582 8.5123606784813,39.3011821406825</coordinates>
            </LinearRing>
          </innerBoundaryIs>
          <innerBoundaryIs>
            <LinearRing>
              <coordinates>8.51317177845721,39.3010136865707 8.51315971102656,39.3010647534976 8.51321083007289,39.3010768254265 8.51319011553966,39.3011355963227 8.51282067868248,39.3010569997349 8.51285645517638,39.3009519051416 8.51288290403592,39.3008723527195 8.51293904975795,39.3008786609767 8.51294698781257,39.3008561405494 8.51299342806201,39.3008638949045 8.51298743710636,39.3008849277179 8.51309965336782,39.3009050496628 8.5130731189463,39.300993630449 8.51317177845721,39.3010136865707</coordinates>
            </LinearRing>
          </innerBoundaryIs>
          <innerBoundaryIs>
            <LinearRing>
              <coordinates>8.51383181533967,39.3011689790602 8.51383681877596,39.3012637559798 8.51356703562044,39.3012791988351 8.51332653025998,39.3012854285137 8.51330771581663,39.3012859084648 8.51329843131728,39.301168037336 8.51330696001692,39.3010904012013 8.51330333509676,39.3010561996245 8.5132825383666,39.3009528145084 8.51324890058103,39.3009184332954 8.51335504315077,39.3009514778882 8.51339820476355,39.3009604257942 8.51358934593167,39.3010000430195 8.51383862301867,39.3010517158579 8.51381873515152,39.3011117698344 8.51383181533967,39.3011689790602</coordinates>
            </LinearRing>
          </innerBoundaryIs>
        </Polygon>
      </Placemark>
      <Placemark xmlns="http://www.opengis.net/kml/2.2">
        <styleUrl>#Parti singole_style_map</styleUrl>
        <name>T01125</name>
        <MultiGeometry>
          <LineString>
            <coordinates>8.51223244217179,39.3014397312031 8.51228938526469,39.3014052378656</coordinates>
          </LineString>
          <LineString>
            <coordinates>8.51223244217179,39.3014397312031 8.51216550321658,39.3013359541902</coordinates>
          </LineString>
        </MultiGeometry>
      </Placemark>
      <Placemark xmlns="http://www.opengis.net/kml/2.2">
        <styleUrl>#Parti singole_style_map</styleUrl>
        <name>T03208</name>
        <Polygon>
          <outerBoundaryIs>
            <LinearRing>
              <coordinates>8.51804401392604,39.3042242212059 8.51802110867224,39.3042122863174 8.51805222737574,39.3041715339323 8.51809405177991,39.3041931885822 8.5181507414638,39.3041257534387 8.51791650745199,39.3040837755438 8.51785404278711,39.3041189735721 8.51787904139837,39.3041317551594 8.51784197441715,39.3041739696018 8.51793738937276,39.3042231757055 8.51795010184376,39.3042078111648 8.51802796664348,39.3042438700196 8.51804401392604,39.3042242212059</coordinates>
            </LinearRing>
          </outerBoundaryIs>
        </Polygon>
      </Placemark>
      <Placemark xmlns="http://www.opengis.net/kml/2.2">
        <styleUrl>#Parti singole_style_map</styleUrl>
        <name>T01126</name>
        <Polygon>
          <outerBoundaryIs>
            <LinearRing>
              <coordinates>8.51197226737668,39.3017045443513 8.51218431340962,39.3014796718487 8.51220805436654,39.3014545055323 8.51223244217179,39.3014397312031 8.51216550321658,39.3013359541902 8.51204430520933,39.3014717590252 8.51200116298751,39.3015200823935 8.51188921500809,39.3016531505825 8.51197226737668,39.3017045443513</coordinates>
            </LinearRing>
          </outerBoundaryIs>
        </Polygon>
      </Placemark>
      <Placemark xmlns="http://www.opengis.net/kml/2.2">
        <styleUrl>#Parti singole_style_map</styleUrl>
        <name>T01127</name>
        <Polygon>
          <outerBoundaryIs>
            <LinearRing>
              <coordinates>8.5132825383666,39.3009528145084 8.51330333509676,39.3010561996245 8.51330696001692,39.3010904012013 8.51329843131728,39.301168037336 8.51330771581663,39.3012859084648 8.51332653025998,39.3012854285137 8.5133236898293,39.301183208814 8.51356402125758,39.3011769243492 8.51383181533967,39.3011689790602 8.51381873515152,39.3011117698344 8.51357232315849,39.3010884564431 8.51339241397207,39.3010714218111 8.51334824510409,39.3010672363241 8.51335504315077,39.3009514778882 8.51324890058103,39.3009184332954 8.5132825383666,39.3009528145084</coordinates>
            </LinearRing>
          </outerBoundaryIs>
        </Polygon>
      </Placemark>
      <Placemark xmlns="http://www.opengis.net/kml/2.2">
        <styleUrl>#Parti singole_style_map</styleUrl>
        <name>T01404</name>
        <Polygon>
          <outerBoundaryIs>
            <LinearRing>
              <coordinates>8.51105099130795,39.2993843797908 8.51129658032054,39.2994183186148 8.51137219541595,39.2991947395074 8.51114939253074,39.2992811888207 8.51105099130795,39.2993843797908</coordinates>
            </LinearRing>
          </outerBoundaryIs>
        </Polygon>
      </Placemark>
      <Placemark xmlns="http://www.opengis.net/kml/2.2">
        <styleUrl>#Parti singole_style_map</styleUrl>
        <name>T01405</name>
        <Polygon>
          <outerBoundaryIs>
            <LinearRing>
              <coordinates>8.51079474457189,39.2999831236859 8.51084694665736,39.2999610778657 8.51100947350552,39.2999889913095 8.51102820561218,39.2999436563544 8.51106724941679,39.2999092736095 8.51111012471407,39.299880917058 8.51120922962769,39.2998483364805 8.51127896244675,39.2998502063073 8.5113698092113,39.2998777460191 8.51145002681487,39.3000095303184 8.51210998477901,39.2998971617862 8.51211067684672,39.2998860185109 8.51208041968665,39.2998075529976 8.51196007044384,39.2995929460553 8.51188485183415,39.2994877014248 8.51166867254307,39.2992503095946 8.51164555593856,39.2992057810249 8.51165715489476,39.2991438093825 8.51161988267,39.2990986447039 8.51137219541595,39.2991947395074 8.51129658032054,39.2994183186148 8.51105099130795,39.2993843797908 8.51096903868066,39.2994703303541 8.51088484139833,39.2995721572025 8.51082143662006,39.2997357403274 8.51080308774858,39.2998409256178 8.51079474457189,39.2999831236859</coordinates>
            </LinearRing>
          </outerBoundaryIs>
        </Polygon>
      </Placemark>
      <Placemark xmlns="http://www.opengis.net/kml/2.2">
        <styleUrl>#Parti singole_style_map</styleUrl>
        <name>T01406</name>
        <Polygon>
          <outerBoundaryIs>
            <LinearRing>
              <coordinates>8.51164555593856,39.2992057810249 8.51166867254307,39.2992503095946 8.51188485183415,39.2994877014248 8.51196007044384,39.2995929460553 8.51208041968665,39.2998075529976 8.51211067684672,39.2998860185109 8.51210998477901,39.2998971617862 8.51218768546705,39.2998839355977 8.51213448914947,39.2997603566864 8.51206768196674,39.2996411989584 8.51165715489476,39.2991438093825 8.51164555593856,39.2992057810249</coordinates>
            </LinearRing>
          </outerBoundaryIs>
        </Polygon>
      </Placemark>
      <Placemark xmlns="http://www.opengis.net/kml/2.2">
        <styleUrl>#Parti singole_style_map</styleUrl>
        <name>T01417</name>
        <Polygon>
          <outerBoundaryIs>
            <LinearRing>
              <coordinates>8.51211125242436,39.3001554034007 8.51215503660124,39.300216544078 8.51219241625336,39.3002497158505 8.51225082868537,39.3002902564017 8.51241130017294,39.3004005887201 8.51266723428865,39.30057046667 8.51299098669726,39.3004683981558 8.51293859608809,39.3004357314659 8.51285054718406,39.300380830332 8.51269535047591,39.300284063723 8.51259625105242,39.300222286033 8.51255425348799,39.3001960873072 8.51251656304572,39.3001725827782 8.5124415634351,39.300125791537 8.51232520148527,39.3000532185912 8.51227773070322,39.3000236088164 8.51229455990705,39.2998530446336 8.51218768546705,39.2998839355977 8.5121695358425,39.2999807600547 8.51213799543522,39.3000452702162 8.51209371943368,39.3001016804442 8.51211125242436,39.3001554034007</coordinates>
            </LinearRing>
          </outerBoundaryIs>
        </Polygon>
      </Placemark>
      <Placemark xmlns="http://www.opengis.net/kml/2.2">
        <styleUrl>#Parti singole_style_map</styleUrl>
        <name>T01401</name>
        <Polygon>
          <outerBoundaryIs>
            <LinearRing>
              <coordinates>8.51124286434715,39.3008111217974 8.51142637090892,39.3007893299392 8.51157087784496,39.3008305387273 8.51158244537068,39.3007964819766 8.51163498727418,39.3007156157002 8.51156938006752,39.3006857132479 8.51160615535591,39.3006373542925 8.51166763529644,39.3006653832054 8.51171353019389,39.3005947431115 8.51157234593303,39.300531075884 8.51163554265272,39.3004472988422 8.51165593563172,39.3003898964873 8.51159013769019,39.3003757889182 8.51161818115926,39.3002672291723 8.51164805299262,39.300257632077 8.51167366241532,39.3001855462296 8.51183707021663,39.3002203193231 8.51178613552901,39.3003636903275 8.5118355027936,39.3003740705167 8.51177365164448,39.3005095654474 8.51209371943368,39.3001016804442 8.51208775767384,39.3000834268905 8.51208659840616,39.3000366206983 8.51210700197286,39.2999459059201 8.51210998477901,39.2998971617862 8.51145002681487,39.3000095303184 8.51141817224696,39.300114100325 8.51145104346148,39.3001217892973 8.51141514802052,39.3002404079595 8.51138794779592,39.3002393926568 8.51124286434715,39.3008111217974</coordinates>
            </LinearRing>
          </outerBoundaryIs>
          <innerBoundaryIs>
            <LinearRing>
              <coordinates>8.51155706479982,39.300550483745 8.51160435184417,39.3005614950545 8.51157995362785,39.3006328200613 8.51153265487985,39.3006218177035 8.51155706479982,39.300550483745</coordinates>
            </LinearRing>
          </innerBoundaryIs>
        </Polygon>
      </Placemark>
      <Placemark xmlns="http://www.opengis.net/kml/2.2">
        <styleUrl>#Parti singole_style_map</styleUrl>
        <name>T01402</name>
        <Polygon>
          <outerBoundaryIs>
            <LinearRing>
              <coordinates>8.51208775767384,39.3000834268905 8.51209371943368,39.3001016804442 8.51213799543522,39.3000452702162 8.5121695358425,39.2999807600547 8.51218768546705,39.2998839355977 8.51210998477901,39.2998971617862 8.51210700197286,39.2999459059201 8.51208659840616,39.3000366206983 8.51208775767384,39.3000834268905</coordinates>
            </LinearRing>
          </outerBoundaryIs>
        </Polygon>
      </Placemark>
      <Placemark xmlns="http://www.opengis.net/kml/2.2">
        <styleUrl>#Parti singole_style_map</styleUrl>
        <name>T01130</name>
        <Polygon>
          <outerBoundaryIs>
            <LinearRing>
              <coordinates>8.50766558458558,39.3047220579378 8.51100077899996,39.30436376911 8.51150714035588,39.3041280244194 8.51215525020649,39.3039604068169 8.51238776995947,39.3038812499756 8.51256595579401,39.3038835645591 8.51351255393055,39.3031938872721 8.51315690774843,39.3033878944981 8.51275323545155,39.303551441732 8.5126029554037,39.3035991813637 8.51223923680476,39.3035220846417 8.51207736042056,39.303509475721 8.51186808016676,39.3035140582296 8.51153787505038,39.3038395694962 8.51148267872274,39.3039615401142 8.5114802191462,39.3040866876651 8.51137865172985,39.3041822965756 8.51127236412413,39.3042245155089 8.51111765910809,39.3042228112294 8.51101170683431,39.3041901979179 8.51094354137155,39.3041425153771 8.51078718870572,39.3039528326409 8.51076442217935,39.303911188809 8.51072381940109,39.3037511781896 8.51069819383133,39.3037453576608 8.51068859612988,39.3037346036334 8.51051113333653,39.303961384906 8.51019026076635,39.3041548895717 8.5101339100643,39.3041726375487 8.51011286048945,39.3041409485744 8.5100564992175,39.304160210258 8.50998017871216,39.3040214582522 8.50989211905446,39.3038946769399 8.51000869368968,39.3038591975042 8.50998220762636,39.303729053305 8.51003674940825,39.3036962500011 8.51003704765666,39.3036601546069 8.51030175253609,39.3035211716254 8.51048782890468,39.3035161158503 8.51058495510808,39.3036184529372 8.5107172687037,39.3035544662396 8.51078067254274,39.3036179605988 8.51107881363813,39.3034254940888 8.51140413273621,39.3032271668953 8.51130649169582,39.3030253958217 8.51105753508003,39.3029053100752 8.51070410890607,39.3027666370046 8.51072189306519,39.3027076830457 8.51077418748912,39.3027109665934 8.51090355990966,39.3027642679216 8.51124788852315,39.3028337184099 8.51136807857732,39.3028283303346 8.51144394649505,39.3027956339577 8.51150841571206,39.3027343169019 8.51183828687059,39.302564553312 8.51216793190068,39.3023536542174 8.51231482308521,39.3022357710417 8.51249405508078,39.3021051650102 8.5125639827948,39.302085967989 8.51263567672631,39.3020863314349 8.51267627503316,39.3020970709996 8.51276043037339,39.3021584796566 8.51286307166589,39.3022333825188 8.51288969912845,39.3022936761433 8.51289127422745,39.3023357895034 8.51286953302595,39.3023853111035 8.51283458653054,39.3024141249928 8.51270771080871,39.3025190182109 8.51253822067004,39.3025526567349 8.51251847973763,39.3025946627565 8.51250449683229,39.3026442167953 8.51241838204524,39.3027430271023 8.51237198281135,39.3028060243028 8.51231686095092,39.3028808609529 8.51230848976907,39.3028922063089 8.51229266623584,39.3029312191551 8.51226342454879,39.3029718337026 8.51224952378731,39.3029911573266 8.51218165878341,39.3031991088483 8.51212626646118,39.3033311618812 8.51208533611733,39.3033781339314 8.51207881859156,39.3034281427221 8.51210723961509,39.303448932346 8.51219597743814,39.303450205535 8.51258169269047,39.3035295571119 8.51271823395671,39.3034928250358 8.51311449721967,39.3033323015224 8.51346110513995,39.3031454831637 8.51359022086261,39.302978407005 8.51360397765314,39.3028843753296 8.51355292851316,39.3027247274588 8.51355246319442,39.3027232567773 8.51337795701185,39.3027259239688 8.51327865668162,39.3025670562925 8.51300232896985,39.3024769016779 8.51294561644163,39.3023096698901 8.51290828028435,39.3021596664671 8.5130183561154,39.3017411681157 8.51286250514911,39.3016429573025 8.51267885960613,39.3015692018976 8.51254910214419,39.3015614677798 8.51224830126698,39.3015625317668 8.51219562145789,39.3015013087836 8.51218431340962,39.3014796718487 8.51197226737668,39.3017045443513 8.51172432759478,39.3019674709651 8.51157419237365,39.302076482312 8.51132599101201,39.3016149507311 8.51118172640905,39.3012638033181 8.5111337405741,39.3010815595045 8.51105844392821,39.3011423893452 8.5110373947999,39.301127361218 8.51102337550448,39.3011403947693 8.51105199293038,39.3011644473375 8.51106798993799,39.3011521970107 8.51108478314023,39.3011638462736 8.51109678087643,39.3011546607779 8.51113626819971,39.3011849403123 8.51108325276779,39.3012270765887 8.51116623580905,39.3014232267428 8.51102186023775,39.3014579507571 8.51117502187116,39.3018304549375 8.51119636898457,39.3018326981786 8.51120579693838,39.3018628153403 8.51119021711535,39.3018717605287 8.51122443997009,39.3019486390115 8.51116951112522,39.3019640146631 8.51131076459404,39.3023114099837 8.51121117594841,39.3023363475641 8.51113250239355,39.3021290603959 8.51107263074011,39.3019864855785 8.5107937943134,39.3020590745404 8.51049249722207,39.3018531662938 8.51038844227043,39.3018217768311 8.51003215245215,39.3017088691255 8.5100209421051,39.3017298347455 8.50991189304322,39.3016895573436 8.50971896590448,39.3017795357418 8.5094721513373,39.3017556082624 8.50884933747464,39.3016215421652 8.50884531608044,39.3016178037892 8.50871881510787,39.3016817498566 8.5087262700084,39.3017168958384 8.50873779706541,39.3017219994897 8.50894633682846,39.3018142839502 8.50917570406815,39.3019583409938 8.50951126875639,39.3022240205833 8.50978186957915,39.3024409752124 8.50946602683842,39.3023019881932 8.50847538407525,39.3020228739663 8.50842663091544,39.3020572147982 8.50842627818822,39.3020993200688 8.50846285289646,39.3021280834182 8.50873923753515,39.3022107251471 8.50880090583186,39.3022516506003 8.50828968605535,39.3021119163888 8.50779250243992,39.3021854853267 8.50767601452262,39.302172440583 8.50766558458558,39.3047220579378</coordinates>
            </LinearRing>
          </outerBoundaryIs>
          <innerBoundaryIs>
            <LinearRing>
              <coordinates>8.51015413438346,39.3026184852062 8.51020451300601,39.3026187423757 8.51019650985735,39.3026487772136 8.51015003616031,39.302644031159 8.51015413438346,39.3026184852062</coordinates>
            </LinearRing>
          </innerBoundaryIs>
          <innerBoundaryIs>
            <LinearRing>
              <coordinates>8.50991643037685,39.3017739251486 8.50998835827668,39.3017839235942 8.50997805411576,39.3018262662871 8.50990863123838,39.3018162693776 8.50991643037685,39.3017739251486</coordinates>
            </LinearRing>
          </innerBoundaryIs>
          <innerBoundaryIs>
            <LinearRing>
              <coordinates>8.50934582646364,39.3026658358721 8.5095822343575,39.3025312945373 8.50961297745062,39.3025615287085 8.50937341180973,39.3027031571783 8.50934582646364,39.3026658358721</coordinates>
            </LinearRing>
          </innerBoundaryIs>
          <innerBoundaryIs>
            <LinearRing>
              <coordinates>8.50906557472767,39.3026714836154 8.50915580264757,39.3027697019575 8.50928235923192,39.3026996824883 8.50930724890351,39.3027343973725 8.50914953170088,39.302822306692 8.50902856079925,39.30269385403 8.50906557472767,39.3026714836154</coordinates>
            </LinearRing>
          </innerBoundaryIs>
          <innerBoundaryIs>
            <LinearRing>
              <coordinates>8.50781312147793,39.304090252102 8.50888124230624,39.3038221040746 8.50886722400386,39.3038746580558 8.50781857764741,39.3041308861645 8.50781312147793,39.304090252102</coordinates>
            </LinearRing>
          </innerBoundaryIs>
          <innerBoundaryIs>
            <LinearRing>
              <coordinates>8.51010083983263,39.3032257136095 8.51014042386273,39.3031574444295 8.51022409441071,39.3031202763826 8.51031991650795,39.3031284199072 8.51039127459168,39.3031787653856 8.51041090882101,39.3032520775488 8.51037132493564,39.3033203558314 8.51028764262761,39.303357523933 8.51019183188259,39.3033493714186 8.51012048536854,39.3032990258681 8.51010083983263,39.3032257136095</coordinates>
            </LinearRing>
          </innerBoundaryIs>
          <innerBoundaryIs>
            <LinearRing>
              <coordinates>8.51232231046348,39.3029445260073 8.51243047585139,39.3027601079154 8.51251850536068,39.3026628104014 8.51256502852533,39.3026253678601 8.51263362932506,39.3025701676975 8.5126202101512,39.3025535499061 8.51264164186769,39.3025386279504 8.51268594462939,39.3025704409171 8.5126644688324,39.302588372253 8.51273946282179,39.3026564284446 8.51268493149218,39.3027064073653 8.51237228557071,39.3029929064203 8.51232231046348,39.3029445260073</coordinates>
            </LinearRing>
          </innerBoundaryIs>
          <innerBoundaryIs>
            <LinearRing>
              <coordinates>8.50894818250827,39.3037860286948 8.50908732010298,39.3034147555494 8.50917801713479,39.303436042942 8.50930949113761,39.303532173495 8.50918189550287,39.3039480892841 8.50921796024183,39.3044499091302 8.50910862640411,39.3044415364799 8.50904947346921,39.3044370068013 8.50902805082469,39.3042248508536 8.50896218620813,39.3042215002313 8.50894818250827,39.3037860286948</coordinates>
            </LinearRing>
          </innerBoundaryIs>
          <innerBoundaryIs>
            <LinearRing>
              <coordinates>8.50939019078555,39.3020008471441 8.50939650824601,39.3019455744341 8.50937674853303,39.3019439550097 8.50938430533004,39.3018999522094 8.50936321686956,39.3018998632722 8.50936803029657,39.301871209834 8.50939243528152,39.3018682405705 8.50939932231534,39.3018257710373 8.50970492236615,39.3018531729715 8.50969052181262,39.301933501154 8.50966547925271,39.3019333956064 8.50965791547745,39.3019784224577 8.50963750388423,39.3019757762678 8.50962996153839,39.3020177310211 8.50939019078555,39.3020008471441</coordinates>
            </LinearRing>
          </innerBoundaryIs>
        </Polygon>
      </Placemark>
      <Placemark xmlns="http://www.opengis.net/kml/2.2">
        <styleUrl>#Parti singole_style_map</styleUrl>
        <name>T01131</name>
        <Polygon>
          <outerBoundaryIs>
            <LinearRing>
              <coordinates>8.51076442217935,39.303911188809 8.51078718870572,39.3039528326409 8.51094354137155,39.3041425153771 8.51101170683431,39.3041901979179 8.51111765910809,39.3042228112294 8.51127236412413,39.3042245155089 8.51137865172985,39.3041822965756 8.5114802191462,39.3040866876651 8.51148267872274,39.3039615401142 8.51153787505038,39.3038395694962 8.51186808016676,39.3035140582296 8.51171761252804,39.3035736899848 8.51169391073836,39.3035830877221 8.5115975233821,39.3036561018528 8.51143898537314,39.303838757767 8.51139173450226,39.3039272421044 8.51135530350193,39.3041075182703 8.51134361780467,39.3041134612651 8.51130833953242,39.3041614028929 8.51120933555103,39.304181945719 8.51105082128492,39.3041360191157 8.51097373015832,39.3040859923519 8.51088960727063,39.3039532182393 8.51080650894259,39.3037699797401 8.51072381940109,39.3037511781896 8.51076442217935,39.303911188809</coordinates>
            </LinearRing>
          </outerBoundaryIs>
        </Polygon>
      </Placemark>
      <Placemark xmlns="http://www.opengis.net/kml/2.2">
        <styleUrl>#Parti singole_style_map</styleUrl>
        <name>T01132</name>
        <Polygon>
          <outerBoundaryIs>
            <LinearRing>
              <coordinates>8.51219562145789,39.3015013087836 8.51224830126698,39.3015625317668 8.51254910214419,39.3015614677798 8.51267885960613,39.3015692018976 8.51286250514911,39.3016429573025 8.5130183561154,39.3017411681157 8.51311903276437,39.3013583575223 8.51241707398916,39.3013278900624 8.51223244217179,39.3014397312031 8.51220805436654,39.3014545055323 8.51218431340962,39.3014796718487 8.51219562145789,39.3015013087836</coordinates>
            </LinearRing>
          </outerBoundaryIs>
        </Polygon>
      </Placemark>
      <Placemark xmlns="http://www.opengis.net/kml/2.2">
        <styleUrl>#Parti singole_style_map</styleUrl>
        <name>T01133</name>
        <Polygon>
          <outerBoundaryIs>
            <LinearRing>
              <coordinates>8.51186808016676,39.3035140582296 8.51207736042056,39.303509475721 8.51223923680476,39.3035220846417 8.5126029554037,39.3035991813637 8.51275323545155,39.303551441732 8.51315690774843,39.3033878944981 8.51351255393055,39.3031938872721 8.51368256495126,39.3030098347577 8.51369286734271,39.302880367771 8.51363681941613,39.3027190410807 8.51358579863301,39.3027227383863 8.51355246319442,39.3027232567773 8.51355292851316,39.3027247274588 8.51360397765314,39.3028843753296 8.51359022086261,39.302978407005 8.51346110513995,39.3031454831637 8.51311449721967,39.3033323015224 8.51271823395671,39.3034928250358 8.51258169269047,39.3035295571119 8.51219597743814,39.303450205535 8.51210723961509,39.303448932346 8.51207881859156,39.3034281427221 8.51208533611733,39.3033781339314 8.51205581622533,39.3034120072918 8.51194864032858,39.3034821381113 8.51186808016676,39.3035140582296</coordinates>
            </LinearRing>
          </outerBoundaryIs>
        </Polygon>
      </Placemark>
      <Placemark xmlns="http://www.opengis.net/kml/2.2">
        <styleUrl>#Parti singole_style_map</styleUrl>
        <name>T01134</name>
        <Polygon>
          <outerBoundaryIs>
            <LinearRing>
              <coordinates>8.51351255393055,39.3031938872721 8.51416750722106,39.3030124917268 8.51417034724745,39.3029020600646 8.51419263933269,39.302787889118 8.51409338749009,39.3027373844043 8.5140563323992,39.3027642525625 8.513779693743,39.3027086993862 8.51365573313626,39.3027176784488 8.51363681941613,39.3027190410807 8.51369286734271,39.302880367771 8.51368256495126,39.3030098347577 8.51351255393055,39.3031938872721</coordinates>
            </LinearRing>
          </outerBoundaryIs>
        </Polygon>
      </Placemark>
      <Placemark xmlns="http://www.opengis.net/kml/2.2">
        <styleUrl>#Parti singole_style_map</styleUrl>
        <name>T01135</name>
        <Polygon>
          <outerBoundaryIs>
            <LinearRing>
              <coordinates>8.51080650894259,39.3037699797401 8.51088960727063,39.3039532182393 8.51097373015832,39.3040859923519 8.51105082128492,39.3041360191157 8.51120933555103,39.304181945719 8.51130833953242,39.3041614028929 8.51134361780467,39.3041134612651 8.51135530350193,39.3041075182703 8.51139173450226,39.3039272421044 8.51143898537314,39.303838757767 8.5115975233821,39.3036561018528 8.51169391073836,39.3035830877221 8.51171761252804,39.3035736899848 8.51178847557923,39.3034969373486 8.51194146694668,39.3034229170737 8.5119667976754,39.3033693649355 8.51170318559342,39.3031499397724 8.51164247168029,39.3031932243682 8.51145946682818,39.3033237140942 8.51149973192274,39.3033540868696 8.51145486564789,39.3033899410519 8.51141226149739,39.3033573688501 8.51137406599899,39.3033845917852 8.5114138611682,39.3034258294569 8.51133787517838,39.3034720593055 8.5112249416802,39.3035361371484 8.51118461947929,39.3034923111427 8.51082851836462,39.3036888863625 8.51080650894259,39.3037699797401</coordinates>
            </LinearRing>
          </outerBoundaryIs>
        </Polygon>
      </Placemark>
      <Placemark xmlns="http://www.opengis.net/kml/2.2">
        <styleUrl>#Parti singole_style_map</styleUrl>
        <name>T01136</name>
        <Polygon>
          <outerBoundaryIs>
            <LinearRing>
              <coordinates>8.51171761252804,39.3035736899848 8.51186808016676,39.3035140582296 8.51194864032858,39.3034821381113 8.51205581622533,39.3034120072918 8.51208533611733,39.3033781339314 8.51212626646118,39.3033311618812 8.51218165878341,39.3031991088483 8.51224952378731,39.3029911573266 8.51226342454879,39.3029718337026 8.51220030235556,39.3029261193325 8.51212352114482,39.3032238425636 8.5121121914537,39.3032136310382 8.51210683856107,39.303239577276 8.51208982969088,39.3032572028535 8.5119667976754,39.3033693649355 8.51194146694668,39.3034229170737 8.51178847557923,39.3034969373486 8.51171761252804,39.3035736899848</coordinates>
            </LinearRing>
          </outerBoundaryIs>
        </Polygon>
      </Placemark>
      <Placemark xmlns="http://www.opengis.net/kml/2.2">
        <styleUrl>#Parti singole_style_map</styleUrl>
        <name>T01137</name>
        <Polygon>
          <outerBoundaryIs>
            <LinearRing>
              <coordinates>8.51178475576168,39.3029760342124 8.51188610028249,39.3030606549729 8.51208982969088,39.3032572028535 8.51210683856107,39.303239577276 8.5121121914537,39.3032136310382 8.51191343250672,39.3030344946003 8.51189830514625,39.3030467306663 8.51185518219683,39.3029953602359 8.51180898569748,39.3029590336845 8.51178475576168,39.3029760342124</coordinates>
            </LinearRing>
          </outerBoundaryIs>
        </Polygon>
      </Placemark>
      <Placemark xmlns="http://www.opengis.net/kml/2.2">
        <styleUrl>#Parti singole_style_map</styleUrl>
        <name>T01077</name>
        <Polygon>
          <outerBoundaryIs>
            <LinearRing>
              <coordinates>8.51294561644163,39.3023096698901 8.51300232896985,39.3024769016779 8.51327865668162,39.3025670562925 8.51337795701185,39.3027259239688 8.51355246319442,39.3027232567773 8.51347549949132,39.3024740157466 8.51337385842295,39.3023232479403 8.51319791224001,39.3021272420363 8.51307732354515,39.3018005968917 8.5130183561154,39.3017411681157 8.51290828028435,39.3021596664671 8.51294561644163,39.3023096698901</coordinates>
            </LinearRing>
          </outerBoundaryIs>
        </Polygon>
      </Placemark>
      <Placemark xmlns="http://www.opengis.net/kml/2.2">
        <styleUrl>#Parti singole_style_map</styleUrl>
        <name>T01078</name>
        <Polygon>
          <outerBoundaryIs>
            <LinearRing>
              <coordinates>8.51307732354515,39.3018005968917 8.51319791224001,39.3021272420363 8.51337385842295,39.3023232479403 8.51347549949132,39.3024740157466 8.51355246319442,39.3027232567773 8.51358579863301,39.3027227383863 8.51363681941613,39.3027190410807 8.51365573313626,39.3027176784488 8.51356787585643,39.3024604986073 8.51329211732837,39.3020623270087 8.51335641410032,39.3020205432849 8.51339926085764,39.3019779489547 8.51317803508755,39.3013608571039 8.51311903276437,39.3013583575223 8.5130183561154,39.3017411681157 8.51307732354515,39.3018005968917</coordinates>
            </LinearRing>
          </outerBoundaryIs>
        </Polygon>
      </Placemark>
      <Placemark xmlns="http://www.opengis.net/kml/2.2">
        <styleUrl>#Parti singole_style_map</styleUrl>
        <name>T01085</name>
        <Polygon>
          <outerBoundaryIs>
            <LinearRing>
              <coordinates>8.50836728826217,39.300716683955 8.50835480608861,39.3007337334203 8.50837480305554,39.3007448920167 8.50834686069346,39.3007819428659 8.50853917052988,39.3008728349072 8.5085870083442,39.3008117285206 8.50854165274523,39.3007915783356 8.50858791549757,39.3007351238004 8.5083817841115,39.3006372892943 8.50833141499396,39.3006988264221 8.50836728826217,39.300716683955</coordinates>
            </LinearRing>
          </outerBoundaryIs>
        </Polygon>
      </Placemark>
      <Placemark xmlns="http://www.opengis.net/kml/2.2">
        <styleUrl>#Parti singole_style_map</styleUrl>
        <name>T01400</name>
        <Polygon>
          <outerBoundaryIs>
            <LinearRing>
              <coordinates>8.50229360765786,39.3024728131501 8.50241510276419,39.3026629799356 8.50387797030204,39.302352377247 8.5044317657607,39.3027473945814 8.5052881657619,39.303349769952 8.50643745418589,39.3042899656068 8.50697655188607,39.3049539211863 8.5072117657807,39.3053531792253 8.50809433083544,39.3064635204705 8.50842782762257,39.3067387725828 8.5086933094909,39.3069798384705 8.50941830978015,39.3074636608804 8.50960666352946,39.3076770611008 8.509872222446,39.3079779552515 8.51044467421325,39.3086195174166 8.51296488204415,39.3078658135057 8.51166877617605,39.3074023149847 8.51199149930083,39.3066404228313 8.51222313412407,39.3067483866767 8.51245751958982,39.3068244549039 8.5124852655878,39.3067539187363 8.51278713069498,39.3068066071244 8.51307162430797,39.3064391638712 8.51349301649127,39.306566156852 8.51322417858468,39.3069241153605 8.51331055564711,39.3070223053102 8.51343990071511,39.3071847405848 8.51495001834022,39.3064277734013 8.51444358620189,39.3058176584787 8.51489158850167,39.3055477574773 8.51437244443101,39.3051952575801 8.51435584112059,39.3051928274793 8.5143686345215,39.3052816087114 8.51427580885433,39.3054517746617 8.51415855459117,39.3055669636859 8.514150403518,39.3056135417092 8.51386877829921,39.3058460742698 8.51374860435191,39.3063056284656 8.51350082528868,39.3062727759308 8.51338368220359,39.3062209253094 8.5132660601873,39.3060775694793 8.5131004684728,39.3055796061046 8.51316700925674,39.3053702249074 8.51320001872392,39.3052663441577 8.51323938310529,39.3051943606389 8.51290411298982,39.3050259359898 8.51264028956727,39.304728705182 8.51260801138562,39.3047522138867 8.51224987713183,39.3046383771626 8.51214015605701,39.3045520996916 8.51192958950433,39.3044743196063 8.51202975982789,39.3043660804438 8.51196041497336,39.3043160868255 8.51165244181349,39.3042994582921 8.51126124524463,39.3043439769947 8.51101187762539,39.3044254846215 8.51100077899996,39.30436376911 8.50766558458558,39.3047220579378 8.50767601452262,39.302172440583 8.50763763331804,39.3021681422624 8.50758646584102,39.3021464623328 8.50750827512145,39.3021133235782 8.50742037306521,39.3019700064965 8.5072716365421,39.3019150874755 8.50721306565127,39.3017403391671 8.50693484327112,39.3015532616162 8.50672421657879,39.3014844915116 8.50646314816323,39.3014229768746 8.50613172138591,39.3014302746687 8.50578278907591,39.3014464987921 8.50524275958609,39.301425551358 8.50509802955462,39.3013571126051 8.50487591423764,39.3012732425017 8.50462745174515,39.3012236534358 8.50453838152194,39.301215669145 8.50425931431142,39.301220220087 8.50408476732779,39.3012373623052 8.50400712326442,39.3012519979894 8.50381297150091,39.3012960971711 8.50338090772576,39.3014206819864 8.50310110451258,39.3015094585468 8.50272336556766,39.3016432295158 8.50253270689029,39.3017309530208 8.50245277952995,39.3017861888899 8.50225264906737,39.3022431187265 8.50229360765786,39.3024728131501</coordinates>
            </LinearRing>
          </outerBoundaryIs>
          <innerBoundaryIs>
            <LinearRing>
              <coordinates>8.5083467679537,39.3058126586325 8.50843614725051,39.3058237770261 8.50843191972645,39.3058643611192 8.50833898000409,39.3058548586012 8.5083467679537,39.3058126586325</coordinates>
            </LinearRing>
          </innerBoundaryIs>
          <innerBoundaryIs>
            <LinearRing>
              <coordinates>8.50946159184555,39.3056197704513 8.50961480960173,39.3056040260624 8.50962850262056,39.3056843776268 8.50959303298459,39.3056880305991 8.5095890886349,39.3056649196923 8.50947323215413,39.3056768298753 8.50946159184555,39.3056197704513</coordinates>
            </LinearRing>
          </innerBoundaryIs>
        </Polygon>
      </Placemark>
      <Placemark xmlns="http://www.opengis.net/kml/2.2">
        <styleUrl>#Parti singole_style_map</styleUrl>
        <name>T01386</name>
        <Polygon>
          <outerBoundaryIs>
            <LinearRing>
              <coordinates>8.48865118565611,39.3039729676865 8.48872850065216,39.3041955278986 8.48873690068042,39.3042954567681 8.48898313200318,39.3042866088905 8.48871135864989,39.3037065442287 8.48865118565611,39.3039729676865</coordinates>
            </LinearRing>
          </outerBoundaryIs>
        </Polygon>
      </Placemark>
      <Placemark xmlns="http://www.opengis.net/kml/2.2">
        <styleUrl>#Parti singole_style_map</styleUrl>
        <name>T01058</name>
        <Polygon>
          <outerBoundaryIs>
            <LinearRing>
              <coordinates>8.50896218620813,39.3042215002313 8.50902805082469,39.3042248508536 8.50904947346921,39.3044370068013 8.50910862640411,39.3044415364799 8.50921796024183,39.3044499091302 8.50918189550287,39.3039480892841 8.50930949113761,39.303532173495 8.50917801713479,39.303436042942 8.50905301708245,39.3037742437128 8.50905336001246,39.303786571724 8.50894818250827,39.3037860286948 8.50896218620813,39.3042215002313</coordinates>
            </LinearRing>
          </outerBoundaryIs>
        </Polygon>
      </Placemark>
      <Placemark xmlns="http://www.opengis.net/kml/2.2">
        <styleUrl>#Parti singole_style_map</styleUrl>
        <name>T01412</name>
        <Polygon>
          <outerBoundaryIs>
            <LinearRing>
              <coordinates>8.51183781010455,39.3007929223287 8.51173607668233,39.3008114177644 8.51168206818931,39.3007896466096 8.51166382434096,39.3007781355132 8.51162306084854,39.3007729364522 8.51161924454323,39.3007963931785 8.5116098319424,39.3008474440574 8.51165737305947,39.3008903270857 8.51183781010455,39.3007929223287</coordinates>
            </LinearRing>
          </outerBoundaryIs>
        </Polygon>
      </Placemark>
      <Placemark xmlns="http://www.opengis.net/kml/2.2">
        <styleUrl>#Parti singole_style_map</styleUrl>
        <name>T01413</name>
        <Polygon>
          <outerBoundaryIs>
            <LinearRing>
              <coordinates>8.51185629631287,39.3008112825099 8.5118988624688,39.3007890606293 8.51191662538024,39.3008030295791 8.51195052611624,39.3007877906213 8.51189632049782,39.3007676766986 8.51187107948646,39.3007800865888 8.51183781010455,39.3007929223287 8.51185629631287,39.3008112825099</coordinates>
            </LinearRing>
          </outerBoundaryIs>
        </Polygon>
      </Placemark>
      <Placemark xmlns="http://www.opengis.net/kml/2.2">
        <styleUrl>#Parti singole_style_map</styleUrl>
        <name>T01059</name>
        <Polygon>
          <outerBoundaryIs>
            <LinearRing>
              <coordinates>8.51012048536854,39.3032990258681 8.51019183188259,39.3033493714186 8.51028764262761,39.303357523933 8.51037132493564,39.3033203558314 8.51041090882101,39.3032520775488 8.51039127459168,39.3031787653856 8.51031991650795,39.3031284199072 8.51022409441071,39.3031202763826 8.51014042386273,39.3031574444295 8.51010083983263,39.3032257136095 8.51012048536854,39.3032990258681</coordinates>
            </LinearRing>
          </outerBoundaryIs>
        </Polygon>
      </Placemark>
      <Placemark xmlns="http://www.opengis.net/kml/2.2">
        <styleUrl>#Parti singole_style_map</styleUrl>
        <name>T01415</name>
        <Polygon>
          <outerBoundaryIs>
            <LinearRing>
              <coordinates>8.51241130017294,39.3004005887201 8.51225082868537,39.3002902564017 8.51219241625336,39.3002497158505 8.51215503660124,39.300216544078 8.51211125242436,39.3001554034007 8.51209371943368,39.3001016804442 8.51177365164448,39.3005095654474 8.51180181440883,39.3005222805257 8.51173861781804,39.3006060576575 8.51171353019389,39.3005947431115 8.51166763529644,39.3006653832054 8.51170931181951,39.3006843723801 8.51167296435202,39.3007329223873 8.51163498727418,39.3007156157002 8.51158244537068,39.3007964819766 8.51157087784496,39.3008305387273 8.51163078476342,39.3009046775685 8.51165737305947,39.3008903270857 8.5116098319424,39.3008474440574 8.51161924454323,39.3007963931785 8.51162306084854,39.3007729364522 8.51166382434096,39.3007781355132 8.51168206818931,39.3007896466096 8.51173607668233,39.3008114177644 8.51183781010455,39.3007929223287 8.51187107948646,39.3007800865888 8.51189632049782,39.3007676766986 8.51195052611624,39.3007877906213 8.51216718666166,39.3006678845302 8.51219910551611,39.3007158919644 8.5122349136934,39.3007048598851 8.51248754612173,39.3006270666155 8.51249235767793,39.3006255910103 8.51266723428865,39.30057046667 8.51241130017294,39.3004005887201</coordinates>
            </LinearRing>
          </outerBoundaryIs>
          <innerBoundaryIs>
            <LinearRing>
              <coordinates>8.51208797790308,39.3003321668764 8.51203685844096,39.3003736717911 8.51197276569263,39.3003277910199 8.51202316387755,39.3002849405203 8.51208797790308,39.3003321668764</coordinates>
            </LinearRing>
          </innerBoundaryIs>
        </Polygon>
      </Placemark>
      <Placemark xmlns="http://www.opengis.net/kml/2.2">
        <styleUrl>#Parti singole_style_map</styleUrl>
        <name>T01416</name>
        <Polygon>
          <outerBoundaryIs>
            <LinearRing>
              <coordinates>8.51197857410293,39.3008220496429 8.51216366175719,39.3007829808249 8.51213775167314,39.3007347823242 8.51219910551611,39.3007158919644 8.51216718666166,39.3006678845302 8.51195052611624,39.3007877906213 8.51197857410293,39.3008220496429</coordinates>
            </LinearRing>
          </outerBoundaryIs>
        </Polygon>
      </Placemark>
      <Placemark xmlns="http://www.opengis.net/kml/2.2">
        <styleUrl>#Parti singole_style_map</styleUrl>
        <name>T01060</name>
        <Polygon>
          <outerBoundaryIs>
            <LinearRing>
              <coordinates>8.51015003616031,39.302644031159 8.51019650985735,39.3026487772136 8.51020451300601,39.3026187423757 8.51015413438346,39.3026184852062 8.51015003616031,39.302644031159</coordinates>
            </LinearRing>
          </outerBoundaryIs>
        </Polygon>
      </Placemark>
      <Placemark xmlns="http://www.opengis.net/kml/2.2">
        <styleUrl>#Parti singole_style_map</styleUrl>
        <name>T01061</name>
        <Polygon>
          <outerBoundaryIs>
            <LinearRing>
              <coordinates>8.51192958950433,39.3044743196063 8.51214015605701,39.3045520996916 8.51224987713183,39.3046383771626 8.51260801138562,39.3047522138867 8.51264028956727,39.304728705182 8.51290411298982,39.3050259359898 8.51323938310529,39.3051943606389 8.51329050983546,39.305113731045 8.51333544120324,39.3050718573274 8.51329293225393,39.3048295093787 8.51312719982915,39.304721886543 8.51273213263243,39.3044916503799 8.512410619149,39.3043520709331 8.51224805953866,39.3043256730952 8.51207278494123,39.3043181710905 8.51202975982789,39.3043660804438 8.51192958950433,39.3044743196063</coordinates>
            </LinearRing>
          </outerBoundaryIs>
        </Polygon>
      </Placemark>
      <Placemark xmlns="http://www.opengis.net/kml/2.2">
        <styleUrl>#Parti singole_style_map</styleUrl>
        <name>T01062</name>
        <Polygon>
          <outerBoundaryIs>
            <LinearRing>
              <coordinates>8.51335269011739,39.3049794532313 8.51341179272288,39.3049729424733 8.51352873274801,39.3049600597467 8.51350314914347,39.3048576909426 8.51338585579028,39.3048780690233 8.51332852849232,39.3048878220172 8.51335269011739,39.3049794532313</coordinates>
            </LinearRing>
          </outerBoundaryIs>
        </Polygon>
      </Placemark>
      <Placemark xmlns="http://www.opengis.net/kml/2.2">
        <styleUrl>#Parti singole_style_map</styleUrl>
        <name>T02708</name>
        <Polygon>
          <outerBoundaryIs>
            <LinearRing>
              <coordinates>8.5091145497125,39.301233338399 8.5090788318985,39.3012811063177 8.50918935327459,39.3013362402632 8.50914927701498,39.3013853504227 8.50931463304695,39.3014668374712 8.50935533019737,39.3014184867684 8.5094608172926,39.3014704995602 8.50949814552116,39.30142460352 8.50944129564358,39.3013962235526 8.50953879501017,39.3012684761657 8.50953193079028,39.3012649420837 8.50931699011554,39.3011543941115 8.50926083988227,39.3011255124098 8.50932026622276,39.3010490193625 8.509045612596,39.3009217115045 8.50901773228751,39.3009084563141 8.50898071159958,39.3008937748984 8.50875764181965,39.3007883907254 8.50874580513297,39.3007861241232 8.50874135570686,39.300790529564 8.50868580309676,39.3008470440442 8.50866454258776,39.3008457378167 8.50864935684587,39.3008547023521 8.50852499908676,39.300988751121 8.50845830109421,39.3010568511542 8.50843266216153,39.301086243691 8.50846361647466,39.3011010528304 8.50857197816603,39.3011183244959 8.50858803488896,39.3011108594182 8.50863145784614,39.3010906697514 8.50863461510213,39.3010869616881 8.50866518077393,39.3010512374059 8.50880198613291,39.3011288922119 8.50882322946981,39.3011409570584 8.50888102075713,39.3011573751586 8.5089023855041,39.3011354973839 8.50890956051251,39.3011294094405 8.50899618019807,39.3011760988092 8.50905052901397,39.3012021977557 8.5091145497125,39.301233338399</coordinates>
            </LinearRing>
          </outerBoundaryIs>
        </Polygon>
      </Placemark>
      <Placemark xmlns="http://www.opengis.net/kml/2.2">
        <styleUrl>#Parti singole_style_map</styleUrl>
        <name>T01063</name>
        <Polygon>
          <outerBoundaryIs>
            <LinearRing>
              <coordinates>8.51329751269991,39.3047660395321 8.51335069233516,39.3047573054267 8.51332347008024,39.3047090116223 8.51328329370548,39.3047225036768 8.51329751269991,39.3047660395321</coordinates>
            </LinearRing>
          </outerBoundaryIs>
        </Polygon>
      </Placemark>
      <Placemark xmlns="http://www.opengis.net/kml/2.2">
        <styleUrl>#Parti singole_style_map</styleUrl>
        <name>T03234</name>
        <Polygon>
          <outerBoundaryIs>
            <LinearRing>
              <coordinates>8.48879806255362,39.3005442615833 8.48874337176804,39.300529604224 8.48869231114009,39.3006455450682 8.48870244519635,39.3006474187674 8.488850517849,39.3006844183763 8.48893306797895,39.3004867991343 8.48894192497518,39.3004888564263 8.4889808957377,39.3003879371753 8.48895077861687,39.30037981244 8.48887468945768,39.3005629439343 8.48881208425302,39.3005489726875 8.48889111166332,39.3003637005982 8.48893530136437,39.3003743200429 8.4889503462611,39.3003404159968 8.48890985672596,39.3003297136958 8.48890339756437,39.3003280453825 8.48886444591234,39.3003179715564 8.48885521180454,39.3003167415811 8.48885332141627,39.3003199320549 8.4888476188782,39.300317879605 8.48883827537013,39.3003141531987 8.48881348843579,39.3003703968695 8.48887888308232,39.300388290991 8.48879806255362,39.3005442615833</coordinates>
            </LinearRing>
          </outerBoundaryIs>
        </Polygon>
      </Placemark>
      <Placemark xmlns="http://www.opengis.net/kml/2.2">
        <styleUrl>#Parti singole_style_map</styleUrl>
        <name>T03441</name>
        <Polygon>
          <outerBoundaryIs>
            <LinearRing>
              <coordinates>8.48881079922681,39.3002825763087 8.48885552980507,39.3001806281587 8.48887651187446,39.3001866493475 8.48888995499721,39.3001545223789 8.488806053633,39.3001857000221 8.48880970082352,39.3001960782907 8.48880797363457,39.3002007472269 8.48879784794113,39.3002104792858 8.48879492703604,39.300208664322 8.48872536727753,39.3002738660484 8.48883827537013,39.3003141531987 8.4888476188782,39.300317879605 8.48885332141627,39.3003199320549 8.48885521180454,39.3003167415811 8.48885613118027,39.3002955886236 8.48881079922681,39.3002825763087</coordinates>
            </LinearRing>
          </outerBoundaryIs>
        </Polygon>
      </Placemark>
      <Placemark xmlns="http://www.opengis.net/kml/2.2">
        <styleUrl>#Parti singole_style_map</styleUrl>
        <name>T03442</name>
        <Polygon>
          <outerBoundaryIs>
            <LinearRing>
              <coordinates>8.48885613118027,39.3002955886236 8.48885521180454,39.3003167415811 8.48886444591234,39.3003179715564 8.48890339756437,39.3003280453825 8.48890827965181,39.3003105681556 8.48885613118027,39.3002955886236</coordinates>
            </LinearRing>
          </outerBoundaryIs>
        </Polygon>
      </Placemark>
      <Placemark xmlns="http://www.opengis.net/kml/2.2">
        <styleUrl>#Parti singole_style_map</styleUrl>
        <name>T03443</name>
        <Polygon>
          <outerBoundaryIs>
            <LinearRing>
              <coordinates>8.48891552484094,39.3001978497697 8.4889388771801,39.3001363285452 8.48888995499721,39.3001545223789 8.48887651187446,39.3001866493475 8.48891552484094,39.3001978497697</coordinates>
            </LinearRing>
          </outerBoundaryIs>
        </Polygon>
      </Placemark>
      <Placemark xmlns="http://www.opengis.net/kml/2.2">
        <styleUrl>#Parti singole_style_map</styleUrl>
        <name>T03444</name>
        <Polygon>
          <outerBoundaryIs>
            <LinearRing>
              <coordinates>8.48895027839525,39.3002493360887 8.48896475632623,39.3002534995293 8.48894744335634,39.300289907585 8.48892950501573,39.3002847557912 8.48892301569933,39.3002983874235 8.48891614944244,39.3003128193469 8.48890985672596,39.3003297136958 8.4889503462611,39.3003404159968 8.48896258122154,39.3003436324777 8.48897690957937,39.300309382876 8.48897333261488,39.3003084751102 8.48898888848,39.3002712844173 8.48901508494858,39.3002779141767 8.4890461370463,39.3002037487705 8.48902683991339,39.3001988613435 8.48903848923106,39.3001709885148 8.48897622183953,39.3001552617637 8.4889537855278,39.3002088396295 8.48896763852792,39.3002128201117 8.48895027839525,39.3002493360887</coordinates>
            </LinearRing>
          </outerBoundaryIs>
        </Polygon>
      </Placemark>
      <Placemark xmlns="http://www.opengis.net/kml/2.2">
        <styleUrl>#Parti singole_style_map</styleUrl>
        <name>T03445</name>
        <Polygon>
          <outerBoundaryIs>
            <LinearRing>
              <coordinates>8.48891552484094,39.3001978497697 8.4889537855278,39.3002088396295 8.48897622183953,39.3001552617637 8.48903848923106,39.3001709885148 8.48902683991339,39.3001988613435 8.4890461370463,39.3002037487705 8.48901508494858,39.3002779141767 8.48898888848,39.3002712844173 8.48897333261488,39.3003084751102 8.48897690957937,39.300309382876 8.48896258122154,39.3003436324777 8.48899827082288,39.3003525566017 8.48902398709589,39.3002881082742 8.48902411787449,39.3002876673269 8.48911108764657,39.3000817955812 8.48910315622024,39.3000800487285 8.4889388771801,39.3001363285452 8.48891552484094,39.3001978497697</coordinates>
            </LinearRing>
          </outerBoundaryIs>
        </Polygon>
      </Placemark>
      <Placemark xmlns="http://www.opengis.net/kml/2.2">
        <styleUrl>#Parti singole_style_map</styleUrl>
        <name>T03446</name>
        <Polygon>
          <outerBoundaryIs>
            <LinearRing>
              <coordinates>8.48890339756437,39.3003280453825 8.48890985672596,39.3003297136958 8.48891614944244,39.3003128193469 8.48890827965181,39.3003105681556 8.48890339756437,39.3003280453825</coordinates>
            </LinearRing>
          </outerBoundaryIs>
        </Polygon>
      </Placemark>
      <Placemark xmlns="http://www.opengis.net/kml/2.2">
        <styleUrl>#Parti singole_style_map</styleUrl>
        <name>T01064</name>
        <Polygon>
          <outerBoundaryIs>
            <LinearRing>
              <coordinates>8.51295867424682,39.3045438245674 8.51300282531914,39.3045642653352 8.51302624757746,39.3045366646582 8.51305016172599,39.3045468386637 8.51305622093913,39.3045394212328 8.51307239769495,39.304514691646 8.51300277485528,39.3044845839805 8.51295867424682,39.3045438245674</coordinates>
            </LinearRing>
          </outerBoundaryIs>
        </Polygon>
      </Placemark>
      <Placemark xmlns="http://www.opengis.net/kml/2.2">
        <styleUrl>#Parti singole_style_map</styleUrl>
        <name>T01065</name>
        <Polygon>
          <outerBoundaryIs>
            <LinearRing>
              <coordinates>8.51305622093913,39.3045394212328 8.51312741412156,39.3045722206108 8.5131418035995,39.3045777683158 8.51316284870146,39.3045467516385 8.5132114687352,39.30456833736 8.51321572165095,39.3045638318117 8.51322447967534,39.3045669591102 8.5132276665399,39.304562313941 8.51323830555601,39.3045668097167 8.5133124567938,39.3044606591735 8.51315677546432,39.3043939326946 8.51312725722694,39.3044359429416 8.51307239769495,39.304514691646 8.51305622093913,39.3045394212328</coordinates>
            </LinearRing>
          </outerBoundaryIs>
        </Polygon>
      </Placemark>
      <Placemark xmlns="http://www.opengis.net/kml/2.2">
        <styleUrl>#Parti singole_style_map</styleUrl>
        <name>T01066</name>
        <Polygon>
          <outerBoundaryIs>
            <LinearRing>
              <coordinates>8.5133056185277,39.30452860688 8.51337808822599,39.3045512744686 8.5133851129644,39.3045417615787 8.51343432702796,39.3045646652464 8.51345874793693,39.3045318424841 8.51341802404402,39.3045122271818 8.51343770770698,39.3044885304151 8.51337452678293,39.3044543320494 8.51335318870465,39.3044590274424 8.51332830139361,39.3044955516074 8.5133056185277,39.30452860688</coordinates>
            </LinearRing>
          </outerBoundaryIs>
        </Polygon>
      </Placemark>
      <Placemark xmlns="http://www.opengis.net/kml/2.2">
        <styleUrl>#Parti singole_style_map</styleUrl>
        <name>T02785</name>
        <Polygon>
          <outerBoundaryIs>
            <LinearRing>
              <coordinates>8.48890141479794,39.2996666462103 8.48877131629387,39.2994532971776 8.48869862897793,39.2993476432822 8.48870743614983,39.2994282101436 8.48874734884769,39.2994288631088 8.48880268776506,39.2995136892251 8.48881345051119,39.2995247655479 8.48882832428365,39.299557377358 8.48884287317249,39.2995884198861 8.48885813583131,39.2996201863999 8.48886746019777,39.299642465643 8.4888777076612,39.2996653886966 8.48889763994544,39.2997088715397 8.48884501390116,39.2997229222085 8.4885885197702,39.2997689026514 8.48853258490038,39.2996831096779 8.48858378453207,39.2996467605396 8.48859414476719,39.2996398498618 8.48869986653072,39.2995488204318 8.48869962342494,39.2995296447063 8.48864579040374,39.2995947983713 8.48855603875056,39.2996650022683 8.48837873649947,39.2997738282032 8.4882070779871,39.2998815523615 8.48828880131598,39.2999009873802 8.48841768529448,39.2998558882351 8.48843728212285,39.2998434946608 8.48844183433526,39.2998474343086 8.48846176274886,39.2998404665975 8.48866207160073,39.2997972670812 8.48884458531857,39.2997563137827 8.48894841086076,39.2997346037148 8.48896919042182,39.2997397499648 8.48898932680554,39.2997551925553 8.48902229595376,39.2997984713299 8.48904650353761,39.2998265917502 8.48909490335739,39.299821181663 8.48910431609066,39.2998169789837 8.48912401765507,39.2998156778596 8.48913285721215,39.2998169331131 8.48914704050518,39.2998153554553 8.48908048913559,39.2997939242304 8.48900715985754,39.2997604520053 8.48890141479794,39.2996666462103</coordinates>
            </LinearRing>
          </outerBoundaryIs>
        </Polygon>
      </Placemark>
      <Placemark xmlns="http://www.opengis.net/kml/2.2">
        <styleUrl>#Parti singole_style_map</styleUrl>
        <name>T02786</name>
        <Polygon>
          <outerBoundaryIs>
            <LinearRing>
              <coordinates>8.48870123969625,39.2998651812674 8.48869957901019,39.2998623085833 8.48866207160073,39.2997972670812 8.48846176274886,39.2998404665975 8.48849317829555,39.2998884242258 8.48870123969625,39.2998651812674</coordinates>
            </LinearRing>
          </outerBoundaryIs>
        </Polygon>
      </Placemark>
      <Placemark xmlns="http://www.opengis.net/kml/2.2">
        <styleUrl>#Parti singole_style_map</styleUrl>
        <name>T02787</name>
        <Polygon>
          <outerBoundaryIs>
            <LinearRing>
              <coordinates>8.48818388184939,39.2998961016282 8.48814534878706,39.2999272981635 8.48833898335223,39.2999056593492 8.48841768529448,39.2998558882351 8.48828880131598,39.2999009873802 8.4882070779871,39.2998815523615 8.48818388184939,39.2998961016282</coordinates>
            </LinearRing>
          </outerBoundaryIs>
        </Polygon>
      </Placemark>
      <Placemark xmlns="http://www.opengis.net/kml/2.2">
        <styleUrl>#Parti singole_style_map</styleUrl>
        <name>T02788</name>
        <Polygon>
          <outerBoundaryIs>
            <LinearRing>
              <coordinates>8.48904650353761,39.2998265917502 8.48902229595376,39.2997984713299 8.48898838218759,39.2998053236451 8.48886614163262,39.2998300164644 8.48877926226207,39.2998465657383 8.48878307847753,39.2998560256651 8.48904650353761,39.2998265917502</coordinates>
            </LinearRing>
          </outerBoundaryIs>
        </Polygon>
      </Placemark>
      <Placemark xmlns="http://www.opengis.net/kml/2.2">
        <styleUrl>#Parti singole_style_map</styleUrl>
        <name>T02789</name>
        <Polygon>
          <outerBoundaryIs>
            <LinearRing>
              <coordinates>8.48871630793661,39.2995094620964 8.48869962342494,39.2995296447063 8.48869986653072,39.2995488204318 8.48871241204252,39.2995507768134 8.48871418426838,39.2995574434701 8.48873918524852,39.2995482363308 8.48873509498221,39.2995397843903 8.48880105870253,39.2995144389614 8.48880268776506,39.2995136892251 8.48874734884769,39.2994288631088 8.48870743614983,39.2994282101436 8.48871630793661,39.2995094620964</coordinates>
            </LinearRing>
          </outerBoundaryIs>
        </Polygon>
      </Placemark>
      <Placemark xmlns="http://www.opengis.net/kml/2.2">
        <styleUrl>#Parti singole_style_map</styleUrl>
        <name>T02790</name>
        <Polygon>
          <outerBoundaryIs>
            <LinearRing>
              <coordinates>8.4884896498277,39.2998888232021 8.48849317829555,39.2998884242258 8.48846176274886,39.2998404665975 8.48844183433526,39.2998474343086 8.4884896498277,39.2998888232021</coordinates>
            </LinearRing>
          </outerBoundaryIs>
        </Polygon>
      </Placemark>
      <Placemark xmlns="http://www.opengis.net/kml/2.2">
        <styleUrl>#Parti singole_style_map</styleUrl>
        <name>T02791</name>
        <Polygon>
          <outerBoundaryIs>
            <LinearRing>
              <coordinates>8.48878307847753,39.2998560256651 8.48877926226207,39.2998465657383 8.48869957901019,39.2998623085833 8.48870123969625,39.2998651812674 8.48878307847753,39.2998560256651</coordinates>
            </LinearRing>
          </outerBoundaryIs>
        </Polygon>
      </Placemark>
      <Placemark xmlns="http://www.opengis.net/kml/2.2">
        <styleUrl>#Parti singole_style_map</styleUrl>
        <name>T02792</name>
        <Polygon>
          <outerBoundaryIs>
            <LinearRing>
              <coordinates>8.48913285721215,39.2998169331131 8.48912401765507,39.2998156778596 8.48910431609066,39.2998169789837 8.48909490335739,39.299821181663 8.48913285721215,39.2998169331131</coordinates>
            </LinearRing>
          </outerBoundaryIs>
        </Polygon>
      </Placemark>
      <Placemark xmlns="http://www.opengis.net/kml/2.2">
        <styleUrl>#Parti singole_style_map</styleUrl>
        <name>T02793</name>
        <Polygon>
          <outerBoundaryIs>
            <LinearRing>
              <coordinates>8.48880459854945,39.2996335662593 8.48876399395433,39.2996371362666 8.48874219500889,39.2996429875003 8.48870825085515,39.2996540205409 8.48864566271489,39.2996776416982 8.48859414476719,39.2996398498618 8.48858378453207,39.2996467605396 8.48853258490038,39.2996831096779 8.4885885197702,39.2997689026514 8.48884501390116,39.2997229222085 8.48882533710404,39.2996793954259 8.48881497355624,39.2996564898789 8.48880459854945,39.2996335662593</coordinates>
            </LinearRing>
          </outerBoundaryIs>
        </Polygon>
      </Placemark>
      <Placemark xmlns="http://www.opengis.net/kml/2.2">
        <styleUrl>#Parti singole_style_map</styleUrl>
        <name>T02794</name>
        <Polygon>
          <outerBoundaryIs>
            <LinearRing>
              <coordinates>8.48864566271489,39.2996776416982 8.48870825085515,39.2996540205409 8.48874219500889,39.2996429875003 8.48876399395433,39.2996371362666 8.48880459854945,39.2996335662593 8.48880792121106,39.2996327608901 8.48879392228675,39.2996026398605 8.48877924270356,39.2995720292632 8.48877472976955,39.29957225272 8.4887591984643,39.299540755334 8.48881345051119,39.2995247655479 8.48880268776506,39.2995136892251 8.48880105870253,39.2995144389614 8.48873509498221,39.2995397843903 8.48873918524852,39.2995482363308 8.48871418426838,39.2995574434701 8.48871241204252,39.2995507768134 8.48869986653072,39.2995488204318 8.48859414476719,39.2996398498618 8.48864566271489,39.2996776416982</coordinates>
            </LinearRing>
          </outerBoundaryIs>
        </Polygon>
      </Placemark>
      <Placemark xmlns="http://www.opengis.net/kml/2.2">
        <styleUrl>#Parti singole_style_map</styleUrl>
        <name>T01067</name>
        <Polygon>
          <outerBoundaryIs>
            <LinearRing>
              <coordinates>8.5131004684728,39.3055796061046 8.5132660601873,39.3060775694793 8.51338368220359,39.3062209253094 8.51350082528868,39.3062727759308 8.51374860435191,39.3063056284656 8.51386877829921,39.3058460742698 8.514150403518,39.3056135417092 8.51415855459117,39.3055669636859 8.51427580885433,39.3054517746617 8.5143686345215,39.3052816087114 8.51435584112059,39.3051928274793 8.51571581246165,39.3043354932532 8.51554014168244,39.3042508726901 8.51538150904566,39.3042199812446 8.51480675571031,39.3041283080256 8.51450000840892,39.3041944008674 8.51433443364481,39.3041662182605 8.5139546271362,39.3038825537186 8.51365468236047,39.3038875174948 8.5135382680068,39.3039034661723 8.51352190610602,39.3039064163186 8.513791053023,39.304026193719 8.51388908971624,39.3041184309218 8.51388722278904,39.3041267579691 8.51390275993191,39.3041206505989 8.514034658377,39.3041062980519 8.5141143295853,39.3043067212652 8.51420837602231,39.3044108896477 8.51421799823775,39.3044215443703 8.51406249947254,39.3046484227656 8.51400373230788,39.3047925188111 8.51401452675321,39.3048952221945 8.51364186515677,39.3049895290393 8.51356013177373,39.3049629753344 8.51337593531916,39.3049740539758 8.51341488647483,39.3053465908286 8.51316700925674,39.3053702249074 8.5131004684728,39.3055796061046</coordinates>
            </LinearRing>
          </outerBoundaryIs>
        </Polygon>
      </Placemark>
      <Placemark xmlns="http://www.opengis.net/kml/2.2">
        <styleUrl>#Parti singole_style_map</styleUrl>
        <name>T02795</name>
        <Polygon>
          <outerBoundaryIs>
            <LinearRing>
              <coordinates>8.48884458531857,39.2997563137827 8.48866207160073,39.2997972670812 8.48869957901019,39.2998623085833 8.48877926226207,39.2998465657383 8.48886614163262,39.2998300164644 8.48884458531857,39.2997563137827</coordinates>
            </LinearRing>
          </outerBoundaryIs>
        </Polygon>
      </Placemark>
      <Placemark xmlns="http://www.opengis.net/kml/2.2">
        <styleUrl>#Parti singole_style_map</styleUrl>
        <name>T02796</name>
        <Polygon>
          <outerBoundaryIs>
            <LinearRing>
              <coordinates>8.48894841086076,39.2997346037148 8.48884458531857,39.2997563137827 8.48886614163262,39.2998300164644 8.48898838218759,39.2998053236451 8.48894841086076,39.2997346037148</coordinates>
            </LinearRing>
          </outerBoundaryIs>
        </Polygon>
      </Placemark>
      <Placemark xmlns="http://www.opengis.net/kml/2.2">
        <styleUrl>#Parti singole_style_map</styleUrl>
        <name>T02797</name>
        <Polygon>
          <outerBoundaryIs>
            <LinearRing>
              <coordinates>8.48898932680554,39.2997551925553 8.48896919042182,39.2997397499648 8.48894841086076,39.2997346037148 8.48898838218759,39.2998053236451 8.48902229595376,39.2997984713299 8.48898932680554,39.2997551925553</coordinates>
            </LinearRing>
          </outerBoundaryIs>
        </Polygon>
      </Placemark>
      <Placemark xmlns="http://www.opengis.net/kml/2.2">
        <styleUrl>#Parti singole_style_map</styleUrl>
        <name>T02798</name>
        <Polygon>
          <outerBoundaryIs>
            <LinearRing>
              <coordinates>8.48882533710404,39.2996793954259 8.48884501390116,39.2997229222085 8.48889763994544,39.2997088715397 8.4888777076612,39.2996653886966 8.48882533710404,39.2996793954259</coordinates>
            </LinearRing>
          </outerBoundaryIs>
        </Polygon>
      </Placemark>
      <Placemark xmlns="http://www.opengis.net/kml/2.2">
        <styleUrl>#Parti singole_style_map</styleUrl>
        <name>T02799</name>
        <Polygon>
          <outerBoundaryIs>
            <LinearRing>
              <coordinates>8.48882832428365,39.299557377358 8.48881345051119,39.2995247655479 8.4887591984643,39.299540755334 8.48877472976955,39.29957225272 8.48877924270356,39.2995720292632 8.48882832428365,39.299557377358</coordinates>
            </LinearRing>
          </outerBoundaryIs>
        </Polygon>
      </Placemark>
      <Placemark xmlns="http://www.opengis.net/kml/2.2">
        <styleUrl>#Parti singole_style_map</styleUrl>
        <name>T02800</name>
        <Polygon>
          <outerBoundaryIs>
            <LinearRing>
              <coordinates>8.48884287317249,39.2995884198861 8.48882832428365,39.299557377358 8.48877924270356,39.2995720292632 8.48879392228675,39.2996026398605 8.48884287317249,39.2995884198861</coordinates>
            </LinearRing>
          </outerBoundaryIs>
        </Polygon>
      </Placemark>
      <Placemark xmlns="http://www.opengis.net/kml/2.2">
        <styleUrl>#Parti singole_style_map</styleUrl>
        <name>T02801</name>
        <Polygon>
          <outerBoundaryIs>
            <LinearRing>
              <coordinates>8.48885813583131,39.2996201863999 8.48884287317249,39.2995884198861 8.48879392228675,39.2996026398605 8.48880792121106,39.2996327608901 8.48885813583131,39.2996201863999</coordinates>
            </LinearRing>
          </outerBoundaryIs>
        </Polygon>
      </Placemark>
      <Placemark xmlns="http://www.opengis.net/kml/2.2">
        <styleUrl>#Parti singole_style_map</styleUrl>
        <name>T02802</name>
        <Polygon>
          <outerBoundaryIs>
            <LinearRing>
              <coordinates>8.48881497355624,39.2996564898789 8.48882533710404,39.2996793954259 8.4888777076612,39.2996653886966 8.48886746019777,39.299642465643 8.48881497355624,39.2996564898789</coordinates>
            </LinearRing>
          </outerBoundaryIs>
        </Polygon>
      </Placemark>
      <Placemark xmlns="http://www.opengis.net/kml/2.2">
        <styleUrl>#Parti singole_style_map</styleUrl>
        <name>T02803</name>
        <Polygon>
          <outerBoundaryIs>
            <LinearRing>
              <coordinates>8.48880459854945,39.2996335662593 8.48881497355624,39.2996564898789 8.48886746019777,39.299642465643 8.48885813583131,39.2996201863999 8.48880792121106,39.2996327608901 8.48880459854945,39.2996335662593</coordinates>
            </LinearRing>
          </outerBoundaryIs>
        </Polygon>
      </Placemark>
      <Placemark xmlns="http://www.opengis.net/kml/2.2">
        <styleUrl>#Parti singole_style_map</styleUrl>
        <name>T02804</name>
        <Polygon>
          <outerBoundaryIs>
            <LinearRing>
              <coordinates>8.48844183433526,39.2998474343086 8.48841768529448,39.2998558882351 8.48833898335223,39.2999056593492 8.48834608661304,39.2999048706201 8.4884896498277,39.2998888232021 8.48844183433526,39.2998474343086</coordinates>
            </LinearRing>
          </outerBoundaryIs>
        </Polygon>
      </Placemark>
      <Placemark xmlns="http://www.opengis.net/kml/2.2">
        <styleUrl>#Parti singole_style_map</styleUrl>
        <name>T01068</name>
        <Polygon>
          <outerBoundaryIs>
            <LinearRing>
              <coordinates>8.51437244443101,39.3051952575801 8.51450072910586,39.3052140305799 8.51530585723847,39.3051068723448 8.51548356043717,39.3050669836032 8.51548007775994,39.3050523267984 8.51548036277995,39.3050177451262 8.51585361775362,39.3049396540244 8.5159429861647,39.3047622548783 8.51593737852067,39.30460999667 8.51572457458717,39.3043397196799 8.51571581246165,39.3043354932532 8.51435584112059,39.3051928274793 8.51437244443101,39.3051952575801</coordinates>
            </LinearRing>
          </outerBoundaryIs>
        </Polygon>
      </Placemark>
      <Placemark xmlns="http://www.opengis.net/kml/2.2">
        <styleUrl>#Parti singole_style_map</styleUrl>
        <name>T02805</name>
        <Polygon>
          <outerBoundaryIs>
            <LinearRing>
              <coordinates>8.48843728212285,39.2998434946608 8.48841768529448,39.2998558882351 8.48844183433526,39.2998474343086 8.48843728212285,39.2998434946608</coordinates>
            </LinearRing>
          </outerBoundaryIs>
        </Polygon>
      </Placemark>
      <Placemark xmlns="http://www.opengis.net/kml/2.2">
        <styleUrl>#Parti singole_style_map</styleUrl>
        <name>T03240</name>
        <Polygon>
          <outerBoundaryIs>
            <LinearRing>
              <coordinates>8.48928364524062,39.3000018178193 8.48968247239516,39.3000133625018 8.48992691106716,39.3001231118671 8.48995286341072,39.3000899042767 8.48987316698073,39.3000499800917 8.48959914754618,39.2999221966866 8.48932282704594,39.2998334907215 8.48925681461456,39.2998320295564 8.48930100698486,39.2998645717781 8.48919676265181,39.2999502288805 8.48928364524062,39.3000018178193</coordinates>
            </LinearRing>
          </outerBoundaryIs>
          <innerBoundaryIs>
            <LinearRing>
              <coordinates>8.48939137989537,39.299930574972 8.48934277821335,39.2999158905541 8.48936147798796,39.2998785153737 8.48940987345921,39.2998928474637 8.48939137989537,39.299930574972</coordinates>
            </LinearRing>
          </innerBoundaryIs>
        </Polygon>
      </Placemark>
      <Placemark xmlns="http://www.opengis.net/kml/2.2">
        <styleUrl>#Parti singole_style_map</styleUrl>
        <name>T03241</name>
        <Polygon>
          <outerBoundaryIs>
            <LinearRing>
              <coordinates>8.48870123969625,39.2998651812674 8.4887140320997,39.2998873946674 8.48853566197099,39.2999533074452 8.48844423056024,39.3000391012945 8.48844068582788,39.3000401399536 8.48854268988999,39.3001141513465 8.48883675738757,39.2999889252753 8.48878307847753,39.2998560256651 8.48870123969625,39.2998651812674</coordinates>
            </LinearRing>
          </outerBoundaryIs>
        </Polygon>
      </Placemark>
      <Placemark xmlns="http://www.opengis.net/kml/2.2">
        <styleUrl>#Parti singole_style_map</styleUrl>
        <name>T03242</name>
        <Polygon>
          <outerBoundaryIs>
            <LinearRing>
              <coordinates>8.48845132036773,39.3003458638706 8.48850143401262,39.3003950030062 8.48852832586223,39.3004112502912 8.48854504836579,39.300409773977 8.48856563069917,39.300376732315 8.48851615909653,39.3003636386128 8.48853641514036,39.3003308117767 8.48858735678043,39.3003442903794 8.48865324007046,39.3002488688923 8.48838893774221,39.3000832716305 8.48840105441715,39.3001839107561 8.48837515764203,39.3002475922473 8.48835363367424,39.3002809360971 8.48845132036773,39.3003458638706</coordinates>
            </LinearRing>
          </outerBoundaryIs>
        </Polygon>
      </Placemark>
      <Placemark xmlns="http://www.opengis.net/kml/2.2">
        <styleUrl>#Parti singole_style_map</styleUrl>
        <name>T03244</name>
        <Polygon>
          <outerBoundaryIs>
            <LinearRing>
              <coordinates>8.48833719220492,39.3000703300441 8.48830886269343,39.3000460929586 8.48816526646998,39.3001557335882 8.48835363367424,39.3002809360971 8.48837515764203,39.3002475922473 8.48840105441715,39.3001839107561 8.48838893774221,39.3000832716305 8.4883575422287,39.3000644004297 8.48833719220492,39.3000703300441</coordinates>
            </LinearRing>
          </outerBoundaryIs>
        </Polygon>
      </Placemark>
      <Placemark xmlns="http://www.opengis.net/kml/2.2">
        <styleUrl>#Parti singole_style_map</styleUrl>
        <name>T03245</name>
        <Polygon>
          <outerBoundaryIs>
            <LinearRing>
              <coordinates>8.48915394504803,39.2999247930458 8.48919676265181,39.2999502288805 8.48930100698486,39.2998645717781 8.48925681461456,39.2998320295564 8.48919450119272,39.2998306386587 8.48916713785301,39.2998218232394 8.48913285721215,39.2998169331131 8.48909490335739,39.299821181663 8.48907002772248,39.2998322816643 8.48905959051102,39.2998418051338 8.48914250376478,39.2999846636069 8.48915394504803,39.2999247930458</coordinates>
            </LinearRing>
          </outerBoundaryIs>
        </Polygon>
      </Placemark>
      <Placemark xmlns="http://www.opengis.net/kml/2.2">
        <styleUrl>#Parti singole_style_map</styleUrl>
        <name>T03246</name>
        <Polygon>
          <outerBoundaryIs>
            <LinearRing>
              <coordinates>8.48849317829555,39.2998884242258 8.48849835093351,39.2998963493049 8.48854938253394,39.2999404284755 8.48853566197099,39.2999533074452 8.4887140320997,39.2998873946674 8.48870123969625,39.2998651812674 8.48849317829555,39.2998884242258</coordinates>
            </LinearRing>
          </outerBoundaryIs>
        </Polygon>
      </Placemark>
      <Placemark xmlns="http://www.opengis.net/kml/2.2">
        <styleUrl>#Parti singole_style_map</styleUrl>
        <name>T03247</name>
        <Polygon>
          <outerBoundaryIs>
            <LinearRing>
              <coordinates>8.48904650353761,39.2998265917502 8.48905959051102,39.2998418051338 8.48907002772248,39.2998322816643 8.48909490335739,39.299821181663 8.48904650353761,39.2998265917502</coordinates>
            </LinearRing>
          </outerBoundaryIs>
        </Polygon>
      </Placemark>
      <Placemark xmlns="http://www.opengis.net/kml/2.2">
        <styleUrl>#Parti singole_style_map</styleUrl>
        <name>T01069</name>
        <Polygon>
          <outerBoundaryIs>
            <LinearRing>
              <coordinates>8.51349592464079,39.3047671397822 8.51356013177373,39.3049629753344 8.51364186515677,39.3049895290393 8.51401452675321,39.3048952221945 8.51400373230788,39.3047925188111 8.51406249947254,39.3046484227656 8.51421799823775,39.3044215443703 8.51420837602231,39.3044108896477 8.51365098376569,39.3046844126315 8.51349683194142,39.304760061209 8.51349592464079,39.3047671397822</coordinates>
            </LinearRing>
          </outerBoundaryIs>
        </Polygon>
      </Placemark>
      <Placemark xmlns="http://www.opengis.net/kml/2.2">
        <styleUrl>#Parti singole_style_map</styleUrl>
        <name>T03248</name>
        <Polygon>
          <outerBoundaryIs>
            <LinearRing>
              <coordinates>8.48914704050518,39.2998153554553 8.48913285721215,39.2998169331131 8.48916713785301,39.2998218232394 8.48914704050518,39.2998153554553</coordinates>
            </LinearRing>
          </outerBoundaryIs>
        </Polygon>
      </Placemark>
      <Placemark xmlns="http://www.opengis.net/kml/2.2">
        <styleUrl>#Parti singole_style_map</styleUrl>
        <name>T03249</name>
        <Polygon>
          <outerBoundaryIs>
            <LinearRing>
              <coordinates>8.4884896498277,39.2998888232021 8.48849835093351,39.2998963493049 8.48849317829555,39.2998884242258 8.4884896498277,39.2998888232021</coordinates>
            </LinearRing>
          </outerBoundaryIs>
        </Polygon>
      </Placemark>
      <Placemark xmlns="http://www.opengis.net/kml/2.2">
        <styleUrl>#Parti singole_style_map</styleUrl>
        <name>T03250</name>
        <Polygon>
          <outerBoundaryIs>
            <LinearRing>
              <coordinates>8.48903977210924,39.3000329150045 8.48900491070168,39.300037699724 8.48896715101396,39.3000359660154 8.48892384512644,39.3000346043991 8.48888557904806,39.3000323368114 8.4888679682248,39.3000299977687 8.48884628370004,39.3000248925779 8.48883675738757,39.2999889252753 8.48854268988999,39.3001141513465 8.4885422676376,39.3001243585523 8.4886360148607,39.3001840066363 8.48868217836729,39.3002102232705 8.48872938728994,39.3001709010408 8.48880190835096,39.3001322216439 8.48887184614888,39.300107470322 8.48898192132008,39.3000668833475 8.48907427110809,39.3000333098047 8.4891244097444,39.300005705109 8.48903977210924,39.3000329150045</coordinates>
            </LinearRing>
          </outerBoundaryIs>
        </Polygon>
      </Placemark>
      <Placemark xmlns="http://www.opengis.net/kml/2.2">
        <styleUrl>#Parti singole_style_map</styleUrl>
        <name>T03251</name>
        <Polygon>
          <outerBoundaryIs>
            <LinearRing>
              <coordinates>8.48884628370004,39.3000248925779 8.4888679682248,39.3000299977687 8.48888557904806,39.3000323368114 8.48892384512644,39.3000346043991 8.48896715101396,39.3000359660154 8.48900491070168,39.300037699724 8.48903977210924,39.3000329150045 8.4891244097444,39.300005705109 8.48914250376478,39.2999846636069 8.48884628370004,39.3000248925779</coordinates>
            </LinearRing>
          </outerBoundaryIs>
        </Polygon>
      </Placemark>
      <Placemark xmlns="http://www.opengis.net/kml/2.2">
        <styleUrl>#Parti singole_style_map</styleUrl>
        <name>T03252</name>
        <Polygon>
          <outerBoundaryIs>
            <LinearRing>
              <coordinates>8.48857185004777,39.3003667398171 8.48858735678043,39.3003442903794 8.48853641514036,39.3003308117767 8.48851615909653,39.3003636386128 8.48856563069917,39.300376732315 8.48857185004777,39.3003667398171</coordinates>
            </LinearRing>
          </outerBoundaryIs>
        </Polygon>
      </Placemark>
      <Placemark xmlns="http://www.opengis.net/kml/2.2">
        <styleUrl>#Parti singole_style_map</styleUrl>
        <name>T03253</name>
        <Polygon>
          <outerBoundaryIs>
            <LinearRing>
              <coordinates>8.48856563069917,39.300376732315 8.48861421106075,39.3003895878017 8.48862921202374,39.3003553682319 8.48858735678043,39.3003442903794 8.48857185004777,39.3003667398171 8.48856563069917,39.300376732315</coordinates>
            </LinearRing>
          </outerBoundaryIs>
        </Polygon>
      </Placemark>
      <Placemark xmlns="http://www.opengis.net/kml/2.2">
        <styleUrl>#Parti singole_style_map</styleUrl>
        <name>T01071</name>
        <Polygon>
          <outerBoundaryIs>
            <LinearRing>
              <coordinates>8.5112207935645,39.3043136844528 8.51159515147134,39.3042672480102 8.51210110464318,39.3042851577202 8.51222287875536,39.3041105194305 8.51231427634598,39.3039794372837 8.51211411635794,39.3040165868989 8.51157035131275,39.3041393909464 8.5112207935645,39.3043136844528</coordinates>
            </LinearRing>
          </outerBoundaryIs>
        </Polygon>
      </Placemark>
      <Placemark xmlns="http://www.opengis.net/kml/2.2">
        <styleUrl>#Parti singole_style_map</styleUrl>
        <name>T02957</name>
        <Polygon>
          <outerBoundaryIs>
            <LinearRing>
              <coordinates>8.48838893774221,39.3000832716305 8.48865324007046,39.3002488688923 8.48858735678043,39.3003442903794 8.48862921202374,39.3003553682319 8.48861421106075,39.3003895878017 8.48856563069917,39.300376732315 8.48854504836579,39.300409773977 8.48852832586223,39.3004112502912 8.48850143401262,39.3003950030062 8.4885608174703,39.3004532205487 8.48857208385288,39.3004938900666 8.48855214115724,39.3005569399906 8.48848324456035,39.3008080701366 8.48839225850771,39.3012385230473 8.48857882769182,39.3017655559474 8.48934417297504,39.3017688097321 8.48967266996746,39.301702292892 8.48982172049449,39.3016721121919 8.4898509929574,39.3016497229565 8.48996805839529,39.3014613010419 8.49029119257568,39.3012960923773 8.49076393948133,39.3011490905215 8.49138108253073,39.3008245415992 8.4906179329127,39.3000370782519 8.49056321502491,39.3000933083864 8.4905276849609,39.3001263300009 8.49058124709987,39.3001511005374 8.49013515825278,39.3007612125467 8.48928888029577,39.30113985832 8.48913649525743,39.3010641756556 8.48911919717281,39.3011017101275 8.48906369901934,39.3010831838069 8.48907997056198,39.3010448789301 8.48894513214565,39.3008131095816 8.48900645271715,39.3005573774859 8.48899987361538,39.3005737840063 8.48895540650065,39.3005630191972 8.48897160736337,39.3005216684234 8.48901263618307,39.3005315891453 8.48904343393364,39.3004031334849 8.48905673595247,39.3003728620716 8.48900405040256,39.300358366822 8.48902398709589,39.3002881082742 8.48899827082288,39.3003525566017 8.48896258122154,39.3003436324777 8.4889503462611,39.3003404159968 8.48893530136437,39.3003743200429 8.48889111166332,39.3003637005982 8.48881208425302,39.3005489726875 8.48887468945768,39.3005629439343 8.48895077861687,39.30037981244 8.4889808957377,39.3003879371753 8.48894192497518,39.3004888564263 8.48893306797895,39.3004867991343 8.488850517849,39.3006844183763 8.48870244519635,39.3006474187674 8.48869231114009,39.3006455450682 8.48854287207281,39.3006178382372 8.48858099811782,39.3005008223971 8.48869835943824,39.3002831094162 8.48872536727753,39.3002738660484 8.48879492703604,39.300208664322 8.48879784794113,39.3002104792858 8.48880797363457,39.3002007472269 8.48880970082352,39.3001960782907 8.488806053633,39.3001857000221 8.48888995499721,39.3001545223789 8.4889388771801,39.3001363285452 8.48910315622024,39.3000800487285 8.48911108764657,39.3000817955812 8.48902411787449,39.3002876673269 8.48907827986883,39.3002984746866 8.48908823996842,39.3002684589119 8.48914250376478,39.2999846636069 8.4891244097444,39.300005705109 8.48907427110809,39.3000333098047 8.48898192132008,39.3000668833475 8.48887184614888,39.300107470322 8.48880190835096,39.3001322216439 8.48872938728994,39.3001709010408 8.48868217836729,39.3002102232705 8.4886360148607,39.3001840066363 8.4885422676376,39.3001243585523 8.48854268988999,39.3001141513465 8.48844068582788,39.3000401399536 8.4883575422287,39.3000644004297 8.48838893774221,39.3000832716305</coordinates>
            </LinearRing>
          </outerBoundaryIs>
          <innerBoundaryIs>
            <LinearRing>
              <coordinates>8.48930573205437,39.3017410143595 8.48939761012756,39.3016497793925 8.48944970397945,39.3016756162673 8.48934382243845,39.3017675737353 8.48930573205437,39.3017410143595</coordinates>
            </LinearRing>
          </innerBoundaryIs>
          <innerBoundaryIs>
            <LinearRing>
              <coordinates>8.49083493881785,39.300773215836 8.49099277357205,39.3006747984063 8.49105109348645,39.3007312619623 8.49103590182544,39.3007407377764 8.49101554026256,39.3007290610057 8.49088125984479,39.3008130653947 8.49083493881785,39.300773215836</coordinates>
            </LinearRing>
          </innerBoundaryIs>
          <innerBoundaryIs>
            <LinearRing>
              <coordinates>8.49049577813412,39.3007789214831 8.49069259047724,39.3006551479959 8.49073253210913,39.3006934919406 8.49053630225889,39.3008168986087 8.49049577813412,39.3007789214831</coordinates>
            </LinearRing>
          </innerBoundaryIs>
          <innerBoundaryIs>
            <LinearRing>
              <coordinates>8.489655438597,39.3014210581709 8.48976289819688,39.3013208806144 8.48983994859754,39.3013724169977 8.48973251082812,39.3014695941756 8.489655438597,39.3014210581709</coordinates>
            </LinearRing>
          </innerBoundaryIs>
          <innerBoundaryIs>
            <LinearRing>
              <coordinates>8.49049156654332,39.3010125490772 8.49067668094029,39.3008947344921 8.49072383651647,39.3009394445041 8.49053881544399,39.3010571784761 8.49049156654332,39.3010125490772</coordinates>
            </LinearRing>
          </innerBoundaryIs>
          <innerBoundaryIs>
            <LinearRing>
              <coordinates>8.4899430207754,39.3012008286949 8.49005633407278,39.3010961712034 8.49008708376866,39.3011162645618 8.49011385622728,39.3010915395535 8.49016100806636,39.3011223553603 8.49002384131684,39.3012490385374 8.4899430207754,39.3012008286949</coordinates>
            </LinearRing>
          </innerBoundaryIs>
          <innerBoundaryIs>
            <LinearRing>
              <coordinates>8.48864120293239,39.3012123783477 8.48882582778208,39.3015893300382 8.48877146593262,39.3016010663144 8.48858683038764,39.3012256192697 8.48864120293239,39.3012123783477</coordinates>
            </LinearRing>
          </innerBoundaryIs>
        </Polygon>
      </Placemark>
      <Placemark xmlns="http://www.opengis.net/kml/2.2">
        <styleUrl>#Parti singole_style_map</styleUrl>
        <name>T02683</name>
        <Polygon>
          <outerBoundaryIs>
            <LinearRing>
              <coordinates>8.49736187497416,39.2988457828961 8.49743136465406,39.2988522644069 8.4974843505635,39.2985930856587 8.49739577393006,39.2986269074609 8.49736187497416,39.2988457828961</coordinates>
            </LinearRing>
          </outerBoundaryIs>
        </Polygon>
      </Placemark>
      <Placemark xmlns="http://www.opengis.net/kml/2.2">
        <styleUrl>#Parti singole_style_map</styleUrl>
        <name>T03283</name>
        <Polygon>
          <outerBoundaryIs>
            <LinearRing>
              <coordinates>8.51901578817237,39.3063384104104 8.5193437770118,39.3063485784763 8.51939311012581,39.3063511701226 8.51942619982027,39.3063529107196 8.51956073809801,39.3065244344116 8.51979702385261,39.3068256807446 8.5198169511133,39.3068560297559 8.51983579938639,39.3068847343727 8.51993938101819,39.3068615359624 8.51943546171043,39.3063384148108 8.51867489891278,39.3062830266928 8.51849864974625,39.3062679884119 8.51855981170446,39.3063265944863 8.51876225653229,39.3063305318024 8.51901578817237,39.3063384104104</coordinates>
            </LinearRing>
          </outerBoundaryIs>
        </Polygon>
      </Placemark>
      <Placemark xmlns="http://www.opengis.net/kml/2.2">
        <styleUrl>#Parti singole_style_map</styleUrl>
        <name>T03284</name>
        <Polygon>
          <outerBoundaryIs>
            <LinearRing>
              <coordinates>8.5196923607729,39.3069197762178 8.51984015514716,39.3068912818216 8.51983579938639,39.3068847343727 8.5198169511133,39.3068560297559 8.5196923607729,39.3069197762178</coordinates>
            </LinearRing>
          </outerBoundaryIs>
        </Polygon>
      </Placemark>
      <Placemark xmlns="http://www.opengis.net/kml/2.2">
        <styleUrl>#Parti singole_style_map</styleUrl>
        <name>T01146</name>
        <Polygon>
          <outerBoundaryIs>
            <LinearRing>
              <coordinates>8.52422271713617,39.3203145759043 8.52447608285528,39.3203733160139 8.52461051578204,39.320456528987 8.5245281270088,39.3206706901507 8.52464355660844,39.3207953013041 8.52516315202849,39.3212325285859 8.52547371841007,39.3214930135984 8.52549393864802,39.3214724257173 8.5252437007773,39.3212592945483 8.52518651526319,39.3212172067814 8.52467168298967,39.320780674864 8.52456356880741,39.3206653024973 8.52464748722908,39.3204445157396 8.52449293695232,39.3203512998733 8.52460493258626,39.3200306099704 8.52434997607174,39.3199705480837 8.52422271713617,39.3203145759043</coordinates>
            </LinearRing>
          </outerBoundaryIs>
        </Polygon>
      </Placemark>
      <Placemark xmlns="http://www.opengis.net/kml/2.2">
        <styleUrl>#Parti singole_style_map</styleUrl>
        <name>T03255</name>
        <Polygon>
          <outerBoundaryIs>
            <LinearRing>
              <coordinates>8.52572240157905,39.3112446997566 8.52556241827387,39.3115256030794 8.52558337358144,39.3115351840159 8.52574392830761,39.3112543723984 8.52572240157905,39.3112446997566</coordinates>
            </LinearRing>
          </outerBoundaryIs>
        </Polygon>
      </Placemark>
      <Placemark xmlns="http://www.opengis.net/kml/2.2">
        <styleUrl>#Parti singole_style_map</styleUrl>
        <name>T01150</name>
        <Polygon>
          <outerBoundaryIs>
            <LinearRing>
              <coordinates>8.52476480710599,39.3118010964984 8.52481699834273,39.3118155825601 8.52483769906794,39.3117733171214 8.52478533466769,39.3117587132232 8.52476480710599,39.3118010964984</coordinates>
            </LinearRing>
          </outerBoundaryIs>
        </Polygon>
      </Placemark>
      <Placemark xmlns="http://www.opengis.net/kml/2.2">
        <styleUrl>#Parti singole_style_map</styleUrl>
        <name>T01151</name>
        <Polygon>
          <outerBoundaryIs>
            <LinearRing>
              <coordinates>8.52486747607329,39.311829602057 8.52492065149164,39.3118443534006 8.52494087660835,39.3118020860012 8.52488839635876,39.3117874546444 8.52486747607329,39.311829602057</coordinates>
            </LinearRing>
          </outerBoundaryIs>
        </Polygon>
      </Placemark>
      <Placemark xmlns="http://www.opengis.net/kml/2.2">
        <styleUrl>#Parti singole_style_map</styleUrl>
        <name>T01152</name>
        <Polygon>
          <outerBoundaryIs>
            <LinearRing>
              <coordinates>8.52492065149164,39.3118443534006 8.5249736763296,39.3118590770732 8.52499471133015,39.3118171103227 8.52494087660835,39.3118020860012 8.52492065149164,39.3118443534006</coordinates>
            </LinearRing>
          </outerBoundaryIs>
        </Polygon>
      </Placemark>
      <Placemark xmlns="http://www.opengis.net/kml/2.2">
        <styleUrl>#Parti singole_style_map</styleUrl>
        <name>T01153</name>
        <Polygon>
          <outerBoundaryIs>
            <LinearRing>
              <coordinates>8.5249736763296,39.3118590770732 8.52502806730131,39.3118741847465 8.52504620754624,39.3118314672947 8.52499471133015,39.3118171103227 8.5249736763296,39.3118590770732</coordinates>
            </LinearRing>
          </outerBoundaryIs>
        </Polygon>
      </Placemark>
      <Placemark xmlns="http://www.opengis.net/kml/2.2">
        <styleUrl>#Parti singole_style_map</styleUrl>
        <name>T01154</name>
        <Polygon>
          <outerBoundaryIs>
            <LinearRing>
              <coordinates>8.52502806730131,39.3118741847465 8.52507691277862,39.3118877379453 8.52509809227755,39.3118449788301 8.52504620754624,39.3118314672947 8.52502806730131,39.3118741847465</coordinates>
            </LinearRing>
          </outerBoundaryIs>
        </Polygon>
      </Placemark>
      <Placemark xmlns="http://www.opengis.net/kml/2.2">
        <styleUrl>#Parti singole_style_map</styleUrl>
        <name>T03256</name>
        <Polygon>
          <outerBoundaryIs>
            <LinearRing>
              <coordinates>8.52521245987348,39.3121846601551 8.52495465049283,39.3123345693611 8.52511792684377,39.3123345675178 8.52521245987348,39.3121846601551</coordinates>
            </LinearRing>
          </outerBoundaryIs>
        </Polygon>
      </Placemark>
      <Placemark xmlns="http://www.opengis.net/kml/2.2">
        <styleUrl>#Parti singole_style_map</styleUrl>
        <name>T03257</name>
        <Polygon>
          <outerBoundaryIs>
            <LinearRing>
              <coordinates>8.52514347326266,39.3121563464671 8.52518813851966,39.3121746781207 8.52522647223508,39.3121155781684 8.52517925850031,39.3120961122605 8.52514347326266,39.3121563464671</coordinates>
            </LinearRing>
          </outerBoundaryIs>
        </Polygon>
      </Placemark>
      <Placemark xmlns="http://www.opengis.net/kml/2.2">
        <styleUrl>#Parti singole_style_map</styleUrl>
        <name>T03259</name>
        <Polygon>
          <outerBoundaryIs>
            <LinearRing>
              <coordinates>8.52200572738686,39.3107136783412 8.52224732644745,39.3110286014959 8.522605673294,39.3115072310294 8.52289223998902,39.3113761846303 8.52219668773674,39.3106191663381 8.52200572738686,39.3107136783412</coordinates>
            </LinearRing>
          </outerBoundaryIs>
        </Polygon>
      </Placemark>
      <Placemark xmlns="http://www.opengis.net/kml/2.2">
        <styleUrl>#Parti singole_style_map</styleUrl>
        <name>T03260</name>
        <Polygon>
          <outerBoundaryIs>
            <LinearRing>
              <coordinates>8.52116452680039,39.3106903502791 8.52137080783825,39.3109398838283 8.52195615236039,39.3106490575646 8.52176133674416,39.3103951119083 8.52122522484744,39.3106545936026 8.52116452680039,39.3106903502791</coordinates>
            </LinearRing>
          </outerBoundaryIs>
        </Polygon>
      </Placemark>
      <Placemark xmlns="http://www.opengis.net/kml/2.2">
        <styleUrl>#Parti singole_style_map</styleUrl>
        <name>T03261</name>
        <Polygon>
          <outerBoundaryIs>
            <LinearRing>
              <coordinates>8.52142030907467,39.3110033692062 8.52206234668587,39.3117556939321 8.522605673294,39.3115072310294 8.52224732644745,39.3110286014959 8.52200572738686,39.3107136783412 8.52142030907467,39.3110033692062</coordinates>
            </LinearRing>
          </outerBoundaryIs>
        </Polygon>
      </Placemark>
      <Placemark xmlns="http://www.opengis.net/kml/2.2">
        <styleUrl>#Parti singole_style_map</styleUrl>
        <name>T03262</name>
        <Polygon>
          <outerBoundaryIs>
            <LinearRing>
              <coordinates>8.52186061442296,39.3096097381422 8.52205723502988,39.309812961174 8.52206612483945,39.3098224408495 8.52210702713821,39.3098660672093 8.52222562350184,39.3099925411367 8.52223171146046,39.3099893493423 8.52244767794197,39.3098759091392 8.52241742604768,39.3098250460273 8.52221459887198,39.3099303134284 8.5220649173075,39.3097629926938 8.5220470633252,39.309743032855 8.52193374663079,39.309616346163 8.52196190790982,39.3095977197607 8.52193695894012,39.3095687381286 8.52196136417787,39.3095089356833 8.52198724612986,39.3094502926622 8.52196382850533,39.3094178662525 8.52193630913604,39.3094291065684 8.52193224389318,39.3094861452396 8.52186061442296,39.3096097381422</coordinates>
            </LinearRing>
          </outerBoundaryIs>
        </Polygon>
      </Placemark>
      <Placemark xmlns="http://www.opengis.net/kml/2.2">
        <styleUrl>#Parti singole_style_map</styleUrl>
        <name>T03263</name>
        <Polygon>
          <outerBoundaryIs>
            <LinearRing>
              <coordinates>8.51982859983491,39.3085547462364 8.51987361568917,39.3086274767167 8.52000295572765,39.3086728474279 8.52009699798868,39.3086864270092 8.52013083406039,39.3086673739258 8.51988802093197,39.3085325459867 8.51982859983491,39.3085547462364</coordinates>
            </LinearRing>
          </outerBoundaryIs>
        </Polygon>
      </Placemark>
      <Placemark xmlns="http://www.opengis.net/kml/2.2">
        <styleUrl>#Parti singole_style_map</styleUrl>
        <name>T01147</name>
        <Polygon>
          <outerBoundaryIs>
            <LinearRing>
              <coordinates>8.52248428384789,39.3101300243033 8.52253608160609,39.3101014929778 8.52250410156124,39.3100659408849 8.52245222550699,39.3100940483749 8.52248428384789,39.3101300243033</coordinates>
            </LinearRing>
          </outerBoundaryIs>
        </Polygon>
      </Placemark>
      <Placemark xmlns="http://www.opengis.net/kml/2.2">
        <styleUrl>#Parti singole_style_map</styleUrl>
        <name>T02276</name>
        <Polygon>
          <outerBoundaryIs>
            <LinearRing>
              <coordinates>8.52254671978984,39.3102001220535 8.52259905178588,39.310171493776 8.52256927046959,39.3101383835977 8.5225168945432,39.310166651256 8.52254671978984,39.3102001220535</coordinates>
            </LinearRing>
          </outerBoundaryIs>
        </Polygon>
      </Placemark>
      <Placemark xmlns="http://www.opengis.net/kml/2.2">
        <styleUrl>#Parti singole_style_map</styleUrl>
        <name>T03264</name>
        <Polygon>
          <outerBoundaryIs>
            <LinearRing>
              <coordinates>8.52257952631757,39.3102369570369 8.52263225225269,39.3102083934359 8.52259905178588,39.310171493776 8.52254671978984,39.3102001220535 8.52257952631757,39.3102369570369</coordinates>
            </LinearRing>
          </outerBoundaryIs>
        </Polygon>
      </Placemark>
      <Placemark xmlns="http://www.opengis.net/kml/2.2">
        <styleUrl>#Parti singole_style_map</styleUrl>
        <name>T02277</name>
        <Polygon>
          <outerBoundaryIs>
            <LinearRing>
              <coordinates>8.52268484711733,39.3104413450702 8.52273303816708,39.3104144568173 8.52270035446719,39.31037829818 8.52265134611263,39.3104042729911 8.52268484711733,39.3104413450702</coordinates>
            </LinearRing>
          </outerBoundaryIs>
        </Polygon>
      </Placemark>
      <Placemark xmlns="http://www.opengis.net/kml/2.2">
        <styleUrl>#Parti singole_style_map</styleUrl>
        <name>T01149</name>
        <Polygon>
          <outerBoundaryIs>
            <LinearRing>
              <coordinates>8.52327077764883,39.3112481816244 8.52331992093067,39.3112211798971 8.52328755856885,39.3111854282237 8.52323832361094,39.3112122673703 8.52327077764883,39.3112481816244</coordinates>
            </LinearRing>
          </outerBoundaryIs>
        </Polygon>
      </Placemark>
      <Placemark xmlns="http://www.opengis.net/kml/2.2">
        <styleUrl>#Parti singole_style_map</styleUrl>
        <name>T01148</name>
        <Polygon>
          <outerBoundaryIs>
            <LinearRing>
              <coordinates>8.52341451190614,39.3111699094835 8.52346342944107,39.3111436816851 8.52343172511341,39.3111083832788 8.5233828644231,39.3111347824992 8.52341451190614,39.3111699094835</coordinates>
            </LinearRing>
          </outerBoundaryIs>
        </Polygon>
      </Placemark>
      <Placemark xmlns="http://www.opengis.net/kml/2.2">
        <styleUrl>#Parti singole_style_map</styleUrl>
        <name>T03273</name>
        <Polygon>
          <outerBoundaryIs>
            <LinearRing>
              <coordinates>8.52175163328455,39.3103824751414 8.52176133674416,39.3103951119083 8.52195615236039,39.3106490575646 8.52215193650952,39.3105445095836 8.52194179007153,39.3102875811173 8.52175163328455,39.3103824751414</coordinates>
            </LinearRing>
          </outerBoundaryIs>
        </Polygon>
      </Placemark>
      <Placemark xmlns="http://www.opengis.net/kml/2.2">
        <styleUrl>#Parti singole_style_map</styleUrl>
        <name>T03274</name>
        <Polygon>
          <outerBoundaryIs>
            <LinearRing>
              <coordinates>8.52194179007153,39.3102875811173 8.52215193650952,39.3105445095836 8.5219850091586,39.3102660167321 8.52194179007153,39.3102875811173</coordinates>
            </LinearRing>
          </outerBoundaryIs>
        </Polygon>
      </Placemark>
      <Placemark xmlns="http://www.opengis.net/kml/2.2">
        <styleUrl>#Parti singole_style_map</styleUrl>
        <name>T03281</name>
        <Polygon>
          <outerBoundaryIs>
            <LinearRing>
              <coordinates>8.52451292305041,39.3110263777097 8.5247452150366,39.3111210646629 8.52489619791784,39.3108900989759 8.52485187886788,39.3108710483631 8.52474644482555,39.3110321127889 8.5245580950823,39.3109622147195 8.52451292305041,39.3110263777097</coordinates>
            </LinearRing>
          </outerBoundaryIs>
        </Polygon>
      </Placemark>
      <Placemark xmlns="http://www.opengis.net/kml/2.2">
        <styleUrl>#Parti singole_style_map</styleUrl>
        <name>T03282</name>
        <Polygon>
          <outerBoundaryIs>
            <LinearRing>
              <coordinates>8.51990675989713,39.3068795496711 8.51994566361452,39.3068724449635 8.51993938101819,39.3068615359624 8.51990675989713,39.3068795496711</coordinates>
            </LinearRing>
          </outerBoundaryIs>
        </Polygon>
      </Placemark>
      <Placemark xmlns="http://www.opengis.net/kml/2.2">
        <styleUrl>#Parti singole_style_map</styleUrl>
        <name>T01155</name>
        <Polygon>
          <outerBoundaryIs>
            <LinearRing>
              <coordinates>8.49057971114605,39.3000031119592 8.49074432039462,39.2998163030328 8.49086908611773,39.2997359425004 8.49098955665207,39.2996961289757 8.49110012185594,39.299677284828 8.49127019043854,39.2997099263172 8.49171934312919,39.299784668498 8.49179501598589,39.2997701134926 8.49186698140916,39.2997390167172 8.49195471687523,39.2996809568211 8.49237958174251,39.2995011026592 8.49249961875124,39.2995018516144 8.49272167725514,39.2995618578367 8.49282632100328,39.2995535106653 8.49289067245,39.2995103328251 8.49309655161714,39.2992636624708 8.49393926204828,39.2988414067939 8.4942149466807,39.2986982189951 8.49326620455278,39.2989649236066 8.49259591541317,39.2992025504403 8.4925074193518,39.2992231862853 8.49224900830834,39.2993087141807 8.49201972896307,39.2993669492994 8.49110312430571,39.2995766219951 8.49076463059824,39.2997262584296 8.49045111209935,39.2998956014199 8.49057971114605,39.3000031119592</coordinates>
            </LinearRing>
          </outerBoundaryIs>
        </Polygon>
      </Placemark>
      <Placemark xmlns="http://www.opengis.net/kml/2.2">
        <styleUrl>#Parti singole_style_map</styleUrl>
        <name>T02717</name>
        <Polygon>
          <outerBoundaryIs>
            <LinearRing>
              <coordinates>8.50551251127217,39.2971323656002 8.50569631268988,39.2971466536513 8.50570831728213,39.2970409195592 8.50552139535087,39.2970202206988 8.50551251127217,39.2971323656002</coordinates>
            </LinearRing>
          </outerBoundaryIs>
        </Polygon>
      </Placemark>
      <Placemark xmlns="http://www.opengis.net/kml/2.2">
        <styleUrl>#Parti singole_style_map</styleUrl>
        <name>T02810</name>
        <Polygon>
          <outerBoundaryIs>
            <LinearRing>
              <coordinates>8.50482469526766,39.2972472994673 8.50488274311877,39.2972514120917 8.50533110163552,39.2974288919584 8.50548763340601,39.2975050036299 8.5056850595783,39.2976119250803 8.50597196770653,39.2976529348223 8.5075978678793,39.2978853374147 8.50760983418848,39.2974951906496 8.50758713525581,39.2973485272536 8.50752051606277,39.2972354048231 8.50749463513358,39.2972068396118 8.50570831728213,39.2970409195592 8.50569631268988,39.2971466536513 8.50551251127217,39.2971323656002 8.50552139535087,39.2970202206988 8.50526318908154,39.2970010385756 8.50525742273905,39.2969899039157 8.50484380380867,39.2969647886248 8.50482469526766,39.2972472994673</coordinates>
            </LinearRing>
          </outerBoundaryIs>
          <innerBoundaryIs>
            <LinearRing>
              <coordinates>8.50574376142373,39.2972413499848 8.50576748758465,39.2972629051506 8.50574854257652,39.2972754936487 8.50572458581946,39.2972537482756 8.50574376142373,39.2972413499848</coordinates>
            </LinearRing>
          </innerBoundaryIs>
          <innerBoundaryIs>
            <LinearRing>
              <coordinates>8.50565753122589,39.2972441193219 8.50569130319498,39.2972537149958 8.50566144242858,39.2973343055683 8.50562769687172,39.2973209525548 8.50565753122589,39.2972441193219</coordinates>
            </LinearRing>
          </innerBoundaryIs>
        </Polygon>
      </Placemark>
      <Placemark xmlns="http://www.opengis.net/kml/2.2">
        <styleUrl>#Parti singole_style_map</styleUrl>
        <name>T02892</name>
        <Polygon>
          <outerBoundaryIs>
            <LinearRing>
              <coordinates>8.49259591541317,39.2992025504403 8.49326620455278,39.2989649236066 8.4942149466807,39.2986982189951 8.49429389744234,39.2986598344296 8.49431235491103,39.2986508679659 8.494435578108,39.2986035028888 8.49458336664604,39.2985428275437 8.49499932414665,39.2983437550243 8.49507861676049,39.2983908369528 8.4952292973736,39.2981523710176 8.49551321345158,39.2974743525504 8.49510560213758,39.2973831355812 8.494590227662,39.2972912238257 8.49384149945189,39.2974187584132 8.49341333291287,39.297913940382 8.49232263477226,39.2991183251115 8.49259591541317,39.2992025504403</coordinates>
            </LinearRing>
          </outerBoundaryIs>
        </Polygon>
      </Placemark>
      <Placemark xmlns="http://www.opengis.net/kml/2.2">
        <styleUrl>#Parti singole_style_map</styleUrl>
        <name>T01430</name>
        <Polygon>
          <outerBoundaryIs>
            <LinearRing>
              <coordinates>8.50151421428687,39.2946274695123 8.50184491808918,39.2950953767617 8.5018813530609,39.2950824492888 8.50225499410771,39.2955385730225 8.50262283695968,39.2957775499625 8.50264724216045,39.2957570469238 8.50323324138306,39.2959781941466 8.50328865206782,39.2958745829135 8.50318409858495,39.2958563584567 8.50286655224413,39.2956724370774 8.50270677934845,39.2955489660264 8.50264240459343,39.2953740643061 8.50242247379287,39.2951502272664 8.50200196019594,39.2947776484731 8.50184790994861,39.2947241955205 8.50176438752333,39.2947036720134 8.50171306676699,39.2946833674644 8.50151421428687,39.2946274695123</coordinates>
            </LinearRing>
          </outerBoundaryIs>
        </Polygon>
      </Placemark>
      <Placemark xmlns="http://www.opengis.net/kml/2.2">
        <styleUrl>#Parti singole_style_map</styleUrl>
        <name>T01157</name>
        <Polygon>
          <outerBoundaryIs>
            <LinearRing>
              <coordinates>8.4950889162076,39.2988976544921 8.49519873949411,39.2989494377088 8.49536873038003,39.2989880739706 8.49570543586113,39.2990097178176 8.49567364953336,39.2989013260817 8.49512399547303,39.2988753341684 8.49492554103432,39.2987809151974 8.4950889162076,39.2988976544921</coordinates>
            </LinearRing>
          </outerBoundaryIs>
        </Polygon>
      </Placemark>
      <Placemark xmlns="http://www.opengis.net/kml/2.2">
        <styleUrl>#Parti singole_style_map</styleUrl>
        <name>T01711</name>
        <Polygon>
          <outerBoundaryIs>
            <LinearRing>
              <coordinates>8.48929639801824,39.2996451513033 8.4893728552492,39.2996057048977 8.48932202601548,39.2995481110023 8.48924227323028,39.2995814517094 8.48929639801824,39.2996451513033</coordinates>
            </LinearRing>
          </outerBoundaryIs>
        </Polygon>
      </Placemark>
      <Placemark xmlns="http://www.opengis.net/kml/2.2">
        <styleUrl>#Parti singole_style_map</styleUrl>
        <name>T01712</name>
        <Polygon>
          <outerBoundaryIs>
            <LinearRing>
              <coordinates>8.48886930362801,39.2993477354708 8.48898728795233,39.2994887027233 8.48908818275767,39.2994377761477 8.48896484104759,39.2992999121581 8.48890655241428,39.2992347614226 8.48881558881827,39.2992835599135 8.48886930362801,39.2993477354708</coordinates>
            </LinearRing>
          </outerBoundaryIs>
        </Polygon>
      </Placemark>
      <Placemark xmlns="http://www.opengis.net/kml/2.2">
        <styleUrl>#Parti singole_style_map</styleUrl>
        <name>T01713</name>
        <Polygon>
          <outerBoundaryIs>
            <LinearRing>
              <coordinates>8.48872955381544,39.2992654579129 8.48881621715728,39.2992243176664 8.48876041512302,39.2991537533731 8.48867515063483,39.2991970983248 8.48872955381544,39.2992654579129</coordinates>
            </LinearRing>
          </outerBoundaryIs>
        </Polygon>
      </Placemark>
      <Placemark xmlns="http://www.opengis.net/kml/2.2">
        <styleUrl>#Parti singole_style_map</styleUrl>
        <name>T01715</name>
        <Polygon>
          <outerBoundaryIs>
            <LinearRing>
              <coordinates>8.48984751011263,39.2974815533984 8.48997937625425,39.2972549910622 8.48989472896768,39.2972297415477 8.48976285107149,39.2974562947264 8.48984751011263,39.2974815533984</coordinates>
            </LinearRing>
          </outerBoundaryIs>
        </Polygon>
      </Placemark>
      <Placemark xmlns="http://www.opengis.net/kml/2.2">
        <styleUrl>#Parti singole_style_map</styleUrl>
        <name>T01717</name>
        <Polygon>
          <outerBoundaryIs>
            <LinearRing>
              <coordinates>8.48971492658255,39.2971059937174 8.48984442444181,39.297061760673 8.49003677987455,39.2969995114017 8.49000991879656,39.2969472129762 8.48980911105399,39.2970140295815 8.48980100142194,39.297003334418 8.48973407057953,39.2970280904963 8.48967999085794,39.29703981043 8.48971492658255,39.2971059937174</coordinates>
            </LinearRing>
          </outerBoundaryIs>
        </Polygon>
      </Placemark>
      <Placemark xmlns="http://www.opengis.net/kml/2.2">
        <styleUrl>#Parti singole_style_map</styleUrl>
        <name>T01718</name>
        <Polygon>
          <outerBoundaryIs>
            <LinearRing>
              <coordinates>8.4897214243477,39.2969458759117 8.48984791954887,39.2968280306899 8.48982259676175,39.2968130430632 8.48969190455146,39.2969275539289 8.4897214243477,39.2969458759117</coordinates>
            </LinearRing>
          </outerBoundaryIs>
        </Polygon>
      </Placemark>
      <Placemark xmlns="http://www.opengis.net/kml/2.2">
        <styleUrl>#Parti singole_style_map</styleUrl>
        <name>T01431</name>
        <Polygon>
          <outerBoundaryIs>
            <LinearRing>
              <coordinates>8.507215168574,39.2968226672709 8.50766525059601,39.2972808274037 8.50771243940287,39.297436163551 8.50773110572832,39.2977660865852 8.5076919938063,39.2980400972895 8.50766190620931,39.2983435749546 8.5081663588174,39.2984221370448 8.50910737098574,39.2984708133309 8.50913789857845,39.2981267261207 8.50916991240626,39.2975101809462 8.50772079695967,39.296842703044 8.50773432941306,39.2969404628521 8.5074837072359,39.2969559907485 8.50748022965793,39.2969045161681 8.50738855419563,39.296908263919 8.50738433881597,39.2968462527542 8.50731692348451,39.2968120241364 8.507215168574,39.2968226672709</coordinates>
            </LinearRing>
          </outerBoundaryIs>
          <innerBoundaryIs>
            <LinearRing>
              <coordinates>8.50760365475823,39.2969887656364 8.50774412981612,39.2969783580872 8.50775970823157,39.2971118267666 8.50761444832773,39.2971165734122 8.50760365475823,39.2969887656364</coordinates>
            </LinearRing>
          </innerBoundaryIs>
        </Polygon>
      </Placemark>
      <Placemark xmlns="http://www.opengis.net/kml/2.2">
        <styleUrl>#Parti singole_style_map</styleUrl>
        <name>T01432</name>
        <Polygon>
          <outerBoundaryIs>
            <LinearRing>
              <coordinates>8.50570831728213,39.2970409195592 8.50749463513358,39.2972068396118 8.5071515101988,39.2968281734443 8.50711276551224,39.2968298204465 8.50659860574524,39.2966970225408 8.50654989603558,39.2966909139715 8.50651913386389,39.2966870530796 8.50623038495555,39.2966494158705 8.50583533511232,39.2966093080854 8.50578139980966,39.2966240006254 8.50578107075259,39.2966559329934 8.50575202222714,39.2966557555264 8.50570831728213,39.2970409195592</coordinates>
            </LinearRing>
          </outerBoundaryIs>
          <innerBoundaryIs>
            <LinearRing>
              <coordinates>8.50577190508571,39.2970044361851 8.50578155642711,39.2968965841618 8.50598187135804,39.2969117852411 8.50597801018414,39.2969744849871 8.5059485676773,39.2969786119016 8.50594003426073,39.29702481553 8.50589493417472,39.2970182460824 8.50588659887979,39.2970362814339 8.50581144702888,39.2970232064031 8.50581497928411,39.2970072766258 8.50577190508571,39.2970044361851</coordinates>
            </LinearRing>
          </innerBoundaryIs>
        </Polygon>
      </Placemark>
      <Placemark xmlns="http://www.opengis.net/kml/2.2">
        <styleUrl>#Parti singole_style_map</styleUrl>
        <name>T01433</name>
        <Polygon>
          <outerBoundaryIs>
            <LinearRing>
              <coordinates>8.50273045460729,39.2967798147308 8.50352806787354,39.2971339969962 8.50352427957282,39.2972138422639 8.50357845944566,39.297217182137 8.50357545372607,39.2973208549156 8.50362190946876,39.29732265703 8.50363390952891,39.2973230326126 8.50365363725208,39.2973802533404 8.50369179795121,39.2975220275865 8.50400334675999,39.2975878274748 8.5046469800731,39.2973072927623 8.5046725561177,39.2972884882925 8.5047738040774,39.2972544986182 8.50482469526766,39.2972472994673 8.50484380380867,39.2969647886248 8.5046956099394,39.2969942173482 8.50438123751486,39.2970379588294 8.50438812878539,39.296937312134 8.50355007315586,39.2969050670789 8.50354958257011,39.2969531458419 8.50347987747693,39.296952713214 8.5034777618112,39.2969714733794 8.50286843997396,39.2965723213673 8.50273045460729,39.2967798147308</coordinates>
            </LinearRing>
          </outerBoundaryIs>
        </Polygon>
      </Placemark>
      <Placemark xmlns="http://www.opengis.net/kml/2.2">
        <styleUrl>#Parti singole_style_map</styleUrl>
        <name>T01435</name>
        <Polygon>
          <outerBoundaryIs>
            <LinearRing>
              <coordinates>8.50604982000666,39.2977449307818 8.50639230227802,39.297840248369 8.50684861853142,39.2980779473241 8.50718054859541,39.2982098641933 8.50754891245314,39.298314406794 8.50759740901629,39.2980169541068 8.5075978678793,39.2978853374147 8.50597196770653,39.2976529348223 8.50604982000666,39.2977449307818</coordinates>
            </LinearRing>
          </outerBoundaryIs>
        </Polygon>
      </Placemark>
      <Placemark xmlns="http://www.opengis.net/kml/2.2">
        <styleUrl>#Parti singole_style_map</styleUrl>
        <name>T01018</name>
        <Polygon>
          <outerBoundaryIs>
            <LinearRing>
              <coordinates>8.50356677940733,39.2977178994173 8.50366377569764,39.2979345329204 8.50380082470395,39.2980236652218 8.50389291034796,39.2980129748356 8.50399859950092,39.2979661105356 8.5043361404944,39.2976225672135 8.50453677064164,39.2974115452902 8.5046469800731,39.2973072927623 8.50400334675999,39.2975878274748 8.50369179795121,39.2975220275865 8.50353656098845,39.2975698065168 8.50356677940733,39.2977178994173</coordinates>
            </LinearRing>
          </outerBoundaryIs>
        </Polygon>
      </Placemark>
      <Placemark xmlns="http://www.opengis.net/kml/2.2">
        <styleUrl>#Parti singole_style_map</styleUrl>
        <name>T01019</name>
        <Polygon>
          <outerBoundaryIs>
            <LinearRing>
              <coordinates>8.48202488088562,39.291452048212 8.48287912856886,39.2919476498269 8.48293028552207,39.2919435070201 8.48323703911449,39.2919631254756 8.48340605023401,39.2919709584001 8.48349496495925,39.2917647387804 8.48360783696582,39.2916814677163 8.48381976513065,39.2910357402185 8.48279698128478,39.2909602932611 8.48259428587695,39.2909289900817 8.48230271175882,39.2912671335856 8.48214422415472,39.2913814222956 8.48202488088562,39.291452048212</coordinates>
            </LinearRing>
          </outerBoundaryIs>
        </Polygon>
      </Placemark>
      <Placemark xmlns="http://www.opengis.net/kml/2.2">
        <styleUrl>#Parti singole_style_map</styleUrl>
        <name>T03285</name>
        <Polygon>
          <outerBoundaryIs>
            <LinearRing>
              <coordinates>8.51416272368636,39.2915040058017 8.51482580536391,39.2926178870868 8.51491347153864,39.2925523936924 8.51499656632092,39.292472130715 8.51505577984177,39.2923589783248 8.51493597009794,39.2921322300645 8.51477076998487,39.2919565180093 8.51466232667472,39.2918588856424 8.51447527795555,39.2916886776401 8.51416272368636,39.2915040058017</coordinates>
            </LinearRing>
          </outerBoundaryIs>
        </Polygon>
      </Placemark>
      <Placemark xmlns="http://www.opengis.net/kml/2.2">
        <styleUrl>#Parti singole_style_map</styleUrl>
        <name>T01710</name>
        <Polygon>
          <outerBoundaryIs>
            <LinearRing>
              <coordinates>8.49232858245382,39.2944992834321 8.49264284051675,39.2945816060158 8.49264326597268,39.2943428795501 8.49254734660709,39.2943389110246 8.49255445106111,39.2942816883017 8.49264339117512,39.2942805894293 8.49264342761778,39.2942578827343 8.49246020224397,39.2942086242674 8.49232858245382,39.2944992834321</coordinates>
            </LinearRing>
          </outerBoundaryIs>
        </Polygon>
      </Placemark>
      <Placemark xmlns="http://www.opengis.net/kml/2.2">
        <styleUrl>#Parti singole_style_map</styleUrl>
        <name>T02279</name>
        <Polygon>
          <outerBoundaryIs>
            <LinearRing>
              <coordinates>8.49777408385826,39.2967808618531 8.49861251385746,39.2972734232949 8.49876091438864,39.2974153497968 8.4988160166994,39.2975770670986 8.49875485979923,39.2977811201764 8.49852029628629,39.2979458152373 8.4976874969114,39.2982345731165 8.49872482442068,39.2980263958859 8.49879496902995,39.297983257742 8.4989405529099,39.2978407686468 8.49900963514298,39.297710781125 8.49906418730871,39.2974717020941 8.49882301611925,39.2971275918008 8.49830995151382,39.2968953294774 8.49791188362105,39.2967571188529 8.49757701633057,39.2965285416472 8.49777408385826,39.2967808618531</coordinates>
            </LinearRing>
          </outerBoundaryIs>
        </Polygon>
      </Placemark>
      <Placemark xmlns="http://www.opengis.net/kml/2.2">
        <styleUrl>#Parti singole_style_map</styleUrl>
        <name>T02280</name>
        <Polygon>
          <outerBoundaryIs>
            <LinearRing>
              <coordinates>8.49882301611925,39.2971275918008 8.49906418730871,39.2974717020941 8.49900963514298,39.297710781125 8.4989405529099,39.2978407686468 8.49903737630598,39.297791879318 8.49925653742661,39.2977556899208 8.49936107975424,39.2977578338395 8.49940244337644,39.2977744562705 8.49988095447024,39.2977858763263 8.49962633385499,39.2976343576544 8.49906626201988,39.2972377133701 8.49882301611925,39.2971275918008</coordinates>
            </LinearRing>
          </outerBoundaryIs>
        </Polygon>
      </Placemark>
      <Placemark xmlns="http://www.opengis.net/kml/2.2">
        <styleUrl>#Parti singole_style_map</styleUrl>
        <name>T02281</name>
        <Polygon>
          <outerBoundaryIs>
            <LinearRing>
              <coordinates>8.49949298252958,39.2978115822449 8.4995515500545,39.2978762423389 8.49970163781822,39.2979673458006 8.5001919843293,39.2979861861897 8.49988095447024,39.2977858763263 8.49940244337644,39.2977744562705 8.49949298252958,39.2978115822449</coordinates>
            </LinearRing>
          </outerBoundaryIs>
        </Polygon>
      </Placemark>
      <Placemark xmlns="http://www.opengis.net/kml/2.2">
        <styleUrl>#Parti singole_style_map</styleUrl>
        <name>T02282</name>
        <Polygon>
          <outerBoundaryIs>
            <LinearRing>
              <coordinates>8.49975165938561,39.297997719552 8.49994285421744,39.2980454960198 8.50037319353973,39.2981041931315 8.5001919843293,39.2979861861897 8.49970163781822,39.2979673458006 8.49975165938561,39.297997719552</coordinates>
            </LinearRing>
          </outerBoundaryIs>
        </Polygon>
      </Placemark>
      <Placemark xmlns="http://www.opengis.net/kml/2.2">
        <styleUrl>#Parti singole_style_map</styleUrl>
        <name>T02684</name>
        <Polygon>
          <outerBoundaryIs>
            <LinearRing>
              <coordinates>8.50108137364407,39.2980208561681 8.50128071171968,39.2979753690617 8.50158547980385,39.2978984626555 8.50186833231233,39.2978080177205 8.50217694383695,39.2976238814167 8.50228868981559,39.2974489851697 8.50225641908146,39.2974436119188 8.50203979023554,39.297445216898 8.50131670788197,39.2975410026255 8.5011294574483,39.2976024724679 8.50108137364407,39.2980208561681</coordinates>
            </LinearRing>
          </outerBoundaryIs>
        </Polygon>
      </Placemark>
      <Placemark xmlns="http://www.opengis.net/kml/2.2">
        <styleUrl>#Parti singole_style_map</styleUrl>
        <name>T02685</name>
        <Polygon>
          <outerBoundaryIs>
            <LinearRing>
              <coordinates>8.5011294574483,39.2976024724679 8.50131670788197,39.2975410026255 8.50203979023554,39.297445216898 8.50188363572726,39.2974423678416 8.5017508859239,39.2974179481902 8.50148082554369,39.297439858567 8.50115769703083,39.2973867703788 8.50114288009748,39.2974074583819 8.5011294574483,39.2976024724679</coordinates>
            </LinearRing>
          </outerBoundaryIs>
        </Polygon>
      </Placemark>
      <Placemark xmlns="http://www.opengis.net/kml/2.2">
        <styleUrl>#Parti singole_style_map</styleUrl>
        <name>T02806</name>
        <Polygon>
          <outerBoundaryIs>
            <LinearRing>
              <coordinates>8.49815163588942,39.2965881132365 8.49832310775788,39.2966055495099 8.49845884062749,39.2965853561563 8.49873951924137,39.2965263476024 8.49890369569387,39.2964724142355 8.49928753274914,39.296339240404 8.49949938491301,39.2962377278668 8.50006878715728,39.2962155679379 8.50021299572829,39.2962491845473 8.50037187423063,39.2963202942413 8.50048966060823,39.2964231520484 8.50059005425985,39.296615437912 8.50061270189861,39.296755813002 8.50058251183708,39.2970548101054 8.50077543269102,39.2970373104283 8.50117897259055,39.2971245254185 8.50139384498317,39.2950553384078 8.50110798726119,39.2949874971701 8.50098881510817,39.2947599715722 8.5010498071223,39.2946529342451 8.50071811130313,39.2946976097791 8.49857206911368,39.2953981137015 8.49712311139282,39.2958675052478 8.49815163588942,39.2965881132365</coordinates>
            </LinearRing>
          </outerBoundaryIs>
        </Polygon>
      </Placemark>
      <Placemark xmlns="http://www.opengis.net/kml/2.2">
        <styleUrl>#Parti singole_style_map</styleUrl>
        <name>T02807</name>
        <Polygon>
          <outerBoundaryIs>
            <LinearRing>
              <coordinates>8.49815163588942,39.2965881132365 8.4984543553453,39.2967279033923 8.49857764535303,39.2967450414637 8.49921501761846,39.2965573645834 8.49918627389063,39.296716125725 8.49923523082399,39.2969314568183 8.49951461667335,39.2969986440581 8.49988043979816,39.2969900802257 8.49998466839269,39.2971029271298 8.50034020402329,39.2970864423276 8.50058251183708,39.2970548101054 8.50061270189861,39.296755813002 8.50059005425985,39.296615437912 8.50048966060823,39.2964231520484 8.50037187423063,39.2963202942413 8.50021299572829,39.2962491845473 8.50006878715728,39.2962155679379 8.49949938491301,39.2962377278668 8.49928753274914,39.296339240404 8.49890369569387,39.2964724142355 8.49873951924137,39.2965263476024 8.49845884062749,39.2965853561563 8.49832310775788,39.2966055495099 8.49815163588942,39.2965881132365</coordinates>
            </LinearRing>
          </outerBoundaryIs>
          <innerBoundaryIs>
            <LinearRing>
              <coordinates>8.49948883562917,39.2966343044798 8.49958043008704,39.2965133429941 8.49965956530141,39.2964320287972 8.49982873682854,39.2963816567922 8.50001257766068,39.2963687868562 8.50023179485808,39.2964381106167 8.50039661601371,39.2965819257464 8.50046008369105,39.2968511212684 8.50042403859243,39.2970585269168 8.49963317387846,39.2969460722536 8.49950864052659,39.2967583132119 8.49948883562917,39.2966343044798</coordinates>
            </LinearRing>
          </innerBoundaryIs>
        </Polygon>
      </Placemark>
      <Placemark xmlns="http://www.opengis.net/kml/2.2">
        <styleUrl>#Parti singole_style_map</styleUrl>
        <name>T02808</name>
        <Polygon>
          <outerBoundaryIs>
            <LinearRing>
              <coordinates>8.4984543553453,39.2967279033923 8.49872457631629,39.2968067308247 8.49923523082399,39.2969314568183 8.49918627389063,39.296716125725 8.49921501761846,39.2965573645834 8.49857764535303,39.2967450414637 8.4984543553453,39.2967279033923</coordinates>
            </LinearRing>
          </outerBoundaryIs>
        </Polygon>
      </Placemark>
      <Placemark xmlns="http://www.opengis.net/kml/2.2">
        <styleUrl>#Parti singole_style_map</styleUrl>
        <name>T02809</name>
        <Polygon>
          <outerBoundaryIs>
            <LinearRing>
              <coordinates>8.49950864052659,39.2967583132119 8.49963317387846,39.2969460722536 8.50042403859243,39.2970585269168 8.50046008369105,39.2968511212684 8.50039661601371,39.2965819257464 8.50023179485808,39.2964381106167 8.50001257766068,39.2963687868562 8.49982873682854,39.2963816567922 8.49965956530141,39.2964320287972 8.49958043008704,39.2965133429941 8.49948883562917,39.2966343044798 8.49950864052659,39.2967583132119</coordinates>
            </LinearRing>
          </outerBoundaryIs>
        </Polygon>
      </Placemark>
      <Placemark xmlns="http://www.opengis.net/kml/2.2">
        <styleUrl>#Parti singole_style_map</styleUrl>
        <name>T02686</name>
        <Polygon>
          <outerBoundaryIs>
            <LinearRing>
              <coordinates>8.4991702134781,39.2972022624678 8.49968183413627,39.2975711973891 8.4999777652717,39.2977467987604 8.50016612916612,39.2977115745806 8.5003921285975,39.2974622383844 8.50039534112432,39.2973464562701 8.50038587432528,39.2972899278276 8.50015318434076,39.29728990148 8.49896174178855,39.2971025269826 8.4991702134781,39.2972022624678</coordinates>
            </LinearRing>
          </outerBoundaryIs>
        </Polygon>
      </Placemark>
      <Placemark xmlns="http://www.opengis.net/kml/2.2">
        <styleUrl>#Parti singole_style_map</styleUrl>
        <name>T02687</name>
        <Polygon>
          <outerBoundaryIs>
            <LinearRing>
              <coordinates>8.4999777652717,39.2977467987604 8.50019613229057,39.2978742646701 8.50021153265562,39.2978857202951 8.5002382158173,39.2978761304477 8.50054337657619,39.2976397308843 8.50057491413105,39.2973045978738 8.50038587432528,39.2972899278276 8.50039534112432,39.2973464562701 8.5003921285975,39.2974622383844 8.50016612916612,39.2977115745806 8.4999777652717,39.2977467987604</coordinates>
            </LinearRing>
          </outerBoundaryIs>
        </Polygon>
      </Placemark>
      <Placemark xmlns="http://www.opengis.net/kml/2.2">
        <styleUrl>#Parti singole_style_map</styleUrl>
        <name>T02688</name>
        <Polygon>
          <outerBoundaryIs>
            <LinearRing>
              <coordinates>8.50022695615471,39.2978971850281 8.50032487949588,39.2978728804136 8.50060955249272,39.2976554592228 8.50092294853147,39.2974854484543 8.50099162315228,39.2974367521102 8.50114288009748,39.2974074583819 8.50115769703083,39.2973867703788 8.50076404843838,39.2973125100283 8.50057491413105,39.2973045978738 8.50054337657619,39.2976397308843 8.5002382158173,39.2978761304477 8.50021153265562,39.2978857202951 8.50022695615471,39.2978971850281</coordinates>
            </LinearRing>
          </outerBoundaryIs>
        </Polygon>
      </Placemark>
      <Placemark xmlns="http://www.opengis.net/kml/2.2">
        <styleUrl>#Parti singole_style_map</styleUrl>
        <name>T02689</name>
        <Polygon>
          <outerBoundaryIs>
            <LinearRing>
              <coordinates>8.50022695615471,39.2978971850281 8.50036522514115,39.2980000408193 8.50055617340359,39.2979178365551 8.50086272440358,39.2977092489987 8.50103452439633,39.2976336386833 8.5011294574483,39.2976024724679 8.50114288009748,39.2974074583819 8.50099162315228,39.2974367521102 8.50092294853147,39.2974854484543 8.50060955249272,39.2976554592228 8.50032487949588,39.2978728804136 8.50022695615471,39.2978971850281</coordinates>
            </LinearRing>
          </outerBoundaryIs>
        </Polygon>
      </Placemark>
      <Placemark xmlns="http://www.opengis.net/kml/2.2">
        <styleUrl>#Parti singole_style_map</styleUrl>
        <name>T01012</name>
        <Polygon>
          <outerBoundaryIs>
            <LinearRing>
              <coordinates>8.49365509550676,39.2931824888939 8.49372533594207,39.2931772980644 8.4937161041301,39.2931340337638 8.49365736982138,39.2931372382551 8.49363946373274,39.2931487300104 8.49365509550676,39.2931824888939</coordinates>
            </LinearRing>
          </outerBoundaryIs>
        </Polygon>
      </Placemark>
      <Placemark xmlns="http://www.opengis.net/kml/2.2">
        <styleUrl>#Parti singole_style_map</styleUrl>
        <name>T02690</name>
        <Polygon>
          <outerBoundaryIs>
            <LinearRing>
              <coordinates>8.5004827759635,39.2980548798304 8.50074902653094,39.2980847666811 8.50085759573896,39.2980719147901 8.50108137364407,39.2980208561681 8.5011294574483,39.2976024724679 8.50103452439633,39.2976336386833 8.50086272440358,39.2977092489987 8.50055617340359,39.2979178365551 8.50036522514115,39.2980000408193 8.5004827759635,39.2980548798304</coordinates>
            </LinearRing>
          </outerBoundaryIs>
        </Polygon>
      </Placemark>
      <Placemark xmlns="http://www.opengis.net/kml/2.2">
        <styleUrl>#Parti singole_style_map</styleUrl>
        <name>T03289</name>
        <Polygon>
          <outerBoundaryIs>
            <LinearRing>
              <coordinates>8.49265461018409,39.2956413644376 8.49283427587486,39.2957103674422 8.49295095437195,39.2955457377497 8.49280355476025,39.2954841742219 8.49277856460055,39.295477703753 8.49265461018409,39.2956413644376</coordinates>
            </LinearRing>
          </outerBoundaryIs>
        </Polygon>
      </Placemark>
      <Placemark xmlns="http://www.opengis.net/kml/2.2">
        <styleUrl>#Parti singole_style_map</styleUrl>
        <name>T01709</name>
        <Polygon>
          <outerBoundaryIs>
            <LinearRing>
              <coordinates>8.49022625258589,39.2930088560832 8.49048776285039,39.2931630566376 8.49090727850666,39.2934907634893 8.49086541075832,39.2936115213182 8.49104983720271,39.2938707628806 8.49146903922648,39.294340447218 8.49157072637121,39.2945072193343 8.49264274320584,39.2946368228903 8.49264284051675,39.2945816060158 8.49232858245382,39.2944992834321 8.49162115156945,39.2943191620301 8.49175971612473,39.2939857784346 8.49155011296754,39.2939233738948 8.49174645271119,39.2934324571467 8.49175921175595,39.2931963976132 8.49142876788534,39.2930891144531 8.49118009539376,39.2929953796021 8.49090288505568,39.2928217119514 8.49056186278976,39.2925697229342 8.49049281967802,39.2925249980524 8.49022625258589,39.2930088560832</coordinates>
            </LinearRing>
          </outerBoundaryIs>
        </Polygon>
      </Placemark>
      <Placemark xmlns="http://www.opengis.net/kml/2.2">
        <styleUrl>#Parti singole_style_map</styleUrl>
        <name>T01013</name>
        <Polygon>
          <outerBoundaryIs>
            <LinearRing>
              <coordinates>8.49388582521988,39.2931050460316 8.49430612625284,39.2930616311136 8.49429676801038,39.2930068867286 8.49406704150845,39.29302839481 8.49391617198837,39.2930727485232 8.4938783919585,39.2930616093538 8.49388582521988,39.2931050460316</coordinates>
            </LinearRing>
          </outerBoundaryIs>
        </Polygon>
      </Placemark>
      <Placemark xmlns="http://www.opengis.net/kml/2.2">
        <styleUrl>#Parti singole_style_map</styleUrl>
        <name>T01014</name>
        <Polygon>
          <outerBoundaryIs>
            <LinearRing>
              <coordinates>8.49461450906472,39.2931847411329 8.49549723994705,39.2932447717227 8.49546822493423,39.2930851302088 8.49546315434674,39.2930322787264 8.49524982884991,39.2930666391717 8.49461450906472,39.2931847411329</coordinates>
            </LinearRing>
          </outerBoundaryIs>
        </Polygon>
      </Placemark>
      <Placemark xmlns="http://www.opengis.net/kml/2.2">
        <styleUrl>#Parti singole_style_map</styleUrl>
        <name>T01287</name>
        <Polygon>
          <outerBoundaryIs>
            <LinearRing>
              <coordinates>8.49549723994705,39.2932447717227 8.49550172817249,39.2932786081868 8.49554510881313,39.2935305991386 8.49559198834606,39.2935198364218 8.49573760800616,39.2934753512942 8.49602215026256,39.2933418928905 8.49642915586464,39.2931958353749 8.49676558215132,39.2929612568126 8.49743848901125,39.2927526402029 8.49801767315076,39.2925147542031 8.4979557035405,39.2924223257757 8.49793182477639,39.2923902348877 8.49788407691564,39.2923279543879 8.4970930151757,39.292529629318 8.49680181045764,39.2926048166473 8.4955315691515,39.2931165637438 8.49552634591013,39.2930817329203 8.49546822493423,39.2930851302088 8.49549723994705,39.2932447717227</coordinates>
            </LinearRing>
          </outerBoundaryIs>
        </Polygon>
      </Placemark>
      <Placemark xmlns="http://www.opengis.net/kml/2.2">
        <styleUrl>#Parti singole_style_map</styleUrl>
        <name>T01015</name>
        <Polygon>
          <outerBoundaryIs>
            <LinearRing>
              <coordinates>8.49350597075642,39.293265900223 8.49381195118167,39.2932266748978 8.4944730868916,39.2931857486477 8.49461450906472,39.2931847411329 8.49524982884991,39.2930666391717 8.49546315434674,39.2930322787264 8.49554625658032,39.2930251962705 8.49555781074861,39.2930778686157 8.49552634591013,39.2930817329203 8.4955315691515,39.2931165637438 8.49680181045764,39.2926048166473 8.4970930151757,39.292529629318 8.49788407691564,39.2923279543879 8.49793182477639,39.2923902348877 8.4983741690148,39.2922241932043 8.4990791025405,39.2923068305977 8.49949434993449,39.2924052209967 8.4996494642037,39.2922725033642 8.49950009588712,39.2922058217603 8.49864829353566,39.2920298434293 8.49834072601377,39.2920504676315 8.49763438699244,39.2922507995123 8.49544589769524,39.2928823566292 8.4954261765008,39.2928301714704 8.49498454768769,39.2929419788723 8.49450851724035,39.29297728782 8.4941380906751,39.2929918609585 8.49404595989838,39.293006309908 8.49392943379226,39.2930412780714 8.49429676801038,39.2930068867286 8.49430612625284,39.2930616311136 8.49388582521988,39.2931050460316 8.4938783919585,39.2930616093538 8.49365736982138,39.2931372382551 8.4937161041301,39.2931340337638 8.49372533594207,39.2931772980644 8.49365509550676,39.2931824888939 8.49363946373274,39.2931487300104 8.49348924811516,39.29324512994 8.49350597075642,39.293265900223</coordinates>
            </LinearRing>
          </outerBoundaryIs>
        </Polygon>
      </Placemark>
      <Placemark xmlns="http://www.opengis.net/kml/2.2">
        <styleUrl>#Parti singole_style_map</styleUrl>
        <name>T01419</name>
        <Polygon>
          <outerBoundaryIs>
            <LinearRing>
              <coordinates>8.50117897259055,39.2971245254185 8.5014888796687,39.2971498221013 8.50185266971495,39.297210526283 8.50202717570078,39.2972256363362 8.50244890480981,39.297214240094 8.50265629710166,39.2973099369673 8.50276023434354,39.2972418552154 8.50293067388189,39.2971433672327 8.50304958783942,39.2971121667429 8.50316320794729,39.2971260238301 8.50328387337795,39.2971587071128 8.50340910579407,39.2972195950925 8.50348092226428,39.2972970598509 8.50349013545057,39.2973422425504 8.50365363725208,39.2973802533404 8.50363390952891,39.2973230326126 8.50362190946876,39.29732265703 8.50357545372607,39.2973208549156 8.50357845944566,39.297217182137 8.50352427957282,39.2972138422639 8.50352806787354,39.2971339969962 8.50273045460729,39.2967798147308 8.50286843997396,39.2965723213673 8.50251745627525,39.2962740370947 8.5025626552379,39.2958817171613 8.50220268918599,39.2956750318893 8.50220375657177,39.2956896877843 8.50163644706529,39.2956088122518 8.50151065505998,39.2953675806719 8.50157247510388,39.2952402366078 8.50150634991333,39.2950820235061 8.50139384498317,39.2950553384078 8.50117897259055,39.2971245254185</coordinates>
            </LinearRing>
          </outerBoundaryIs>
        </Polygon>
      </Placemark>
      <Placemark xmlns="http://www.opengis.net/kml/2.2">
        <styleUrl>#Parti singole_style_map</styleUrl>
        <name>T01420</name>
        <Polygon>
          <outerBoundaryIs>
            <LinearRing>
              <coordinates>8.50251745627525,39.2962740370947 8.50286843997396,39.2965723213673 8.5034777618112,39.2969714733794 8.50347987747693,39.296952713214 8.50354958257011,39.2969531458419 8.50355007315586,39.2969050670789 8.50438812878539,39.296937312134 8.50438123751486,39.2970379588294 8.5046956099394,39.2969942173482 8.50465539208005,39.2969038134142 8.5046006559561,39.2968133025912 8.50447454134647,39.2968083773135 8.50447778947404,39.2967769980237 8.50420982550876,39.29676031301 8.50422208125718,39.2965995881062 8.50447930932528,39.2966207417033 8.50429587530631,39.296303217686 8.50381638189156,39.2962450282765 8.50338901264622,39.2961446912948 8.50335419442321,39.2961339371227 8.50326195910294,39.2961054571289 8.50274968500782,39.2959472402347 8.5025626552379,39.2958817171613 8.50251745627525,39.2962740370947</coordinates>
            </LinearRing>
          </outerBoundaryIs>
        </Polygon>
      </Placemark>
      <Placemark xmlns="http://www.opengis.net/kml/2.2">
        <styleUrl>#Parti singole_style_map</styleUrl>
        <name>T01421</name>
        <Polygon>
          <outerBoundaryIs>
            <LinearRing>
              <coordinates>8.50132884506652,39.2946096539916 8.50157363296251,39.2949169031326 8.50169691277259,39.2951656297795 8.50213046860912,39.295637013254 8.50220268918599,39.2956750318893 8.5025626552379,39.2958817171613 8.50274968500782,39.2959472402347 8.50326195910294,39.2961054571289 8.50335419442321,39.2961339371227 8.50338901264622,39.2961446912948 8.50381638189156,39.2962450282765 8.50429587530631,39.296303217686 8.50464353802556,39.2963861548202 8.50489628730814,39.2965210840042 8.50503928990248,39.2965304238103 8.50504287196333,39.2964631384578 8.50559995509933,39.2965008019109 8.50559564547244,39.2965677327738 8.50572620765568,39.2965766944849 8.50578139980966,39.2966240006254 8.50583533511232,39.2966093080854 8.50585734616301,39.2964476963357 8.50617409474916,39.296477839317 8.50616912696643,39.2965164018619 8.506488327963,39.2965458245354 8.50648297672989,39.2966158777117 8.50652692325066,39.2966215426045 8.50651913386389,39.2966870530796 8.50654989603558,39.2966909139715 8.50659860574524,39.2966970225408 8.50711276551224,39.2968298204465 8.5071515101988,39.2968281734443 8.50749463513358,39.2972068396118 8.50752051606277,39.2972354048231 8.50758713525581,39.2973485272536 8.50760983418848,39.2974951906496 8.5075978678793,39.2978853374147 8.50759740901629,39.2980169541068 8.50754891245314,39.298314406794 8.50766190620931,39.2983435749546 8.5076919938063,39.2980400972895 8.50773110572832,39.2977660865852 8.50771243940287,39.297436163551 8.50766525059601,39.2972808274037 8.507215168574,39.2968226672709 8.50720987450445,39.2967226896342 8.50718608433342,39.2965895645378 8.50726846015832,39.2965806685169 8.50723062489103,39.2964940329944 8.50695922747978,39.2963850075649 8.50695360932003,39.2964601146131 8.5060707893677,39.2964039278797 8.50584585973662,39.296387519436 8.50584895460144,39.2963217908297 8.50606905000508,39.296336295516 8.50597105834624,39.2962422947624 8.50566467403812,39.296354464529 8.50514329222032,39.2963044734892 8.50464035878549,39.2962581449084 8.50434405259146,39.2962236606183 8.50408768863412,39.2962051595404 8.50385298791959,39.2961980676698 8.50350530211477,39.2961170203154 8.50320737485145,39.2960266060816 8.50323324138306,39.2959781941466 8.50264724216045,39.2957570469238 8.50262283695968,39.2957775499625 8.50225499410771,39.2955385730225 8.5018813530609,39.2950824492888 8.50184491808918,39.2950953767617 8.50151421428687,39.2946274695123 8.50142385962274,39.2946203243466 8.50132884506652,39.2946096539916</coordinates>
            </LinearRing>
          </outerBoundaryIs>
        </Polygon>
      </Placemark>
      <Placemark xmlns="http://www.opengis.net/kml/2.2">
        <styleUrl>#Parti singole_style_map</styleUrl>
        <name>T01707</name>
        <Polygon>
          <outerBoundaryIs>
            <LinearRing>
              <coordinates>8.49024997312915,39.3001651298037 8.49037200373145,39.3001613933774 8.49045770403876,39.3001123453597 8.49057971114605,39.3000031119592 8.49045111209935,39.2998956014199 8.49043989262822,39.2999250531384 8.49025103953183,39.3000629447323 8.49007080984806,39.3000768332517 8.49024997312915,39.3001651298037</coordinates>
            </LinearRing>
          </outerBoundaryIs>
        </Polygon>
      </Placemark>
      <Placemark xmlns="http://www.opengis.net/kml/2.2">
        <styleUrl>#Parti singole_style_map</styleUrl>
        <name>T01159</name>
        <Polygon>
          <outerBoundaryIs>
            <LinearRing>
              <coordinates>8.51053784992249,39.2981947979785 8.51096560649572,39.2982594281635 8.51108164226228,39.2982732786708 8.51122956600703,39.2982460122579 8.51158789119104,39.2981073563895 8.5116945899337,39.2980797000495 8.51100351533818,39.2979665159414 8.51070451002051,39.297840226912 8.51061347214872,39.2979770041903 8.51057589315638,39.2980259721991 8.51053784992249,39.2981947979785</coordinates>
            </LinearRing>
          </outerBoundaryIs>
        </Polygon>
      </Placemark>
      <Placemark xmlns="http://www.opengis.net/kml/2.2">
        <styleUrl>#Parti singole_style_map</styleUrl>
        <name>T01160</name>
        <Polygon>
          <outerBoundaryIs>
            <LinearRing>
              <coordinates>8.51109675387753,39.2979283151684 8.51180035541549,39.2980528236221 8.5120183471047,39.298037248695 8.51214406564302,39.2980511748002 8.5122067372112,39.2980759826189 8.51224791912868,39.2980724789355 8.51229407444143,39.2980558585505 8.51272554444988,39.2977541876341 8.51285196506057,39.2976986077111 8.51251235864898,39.2977190990842 8.51207114016593,39.2977896500513 8.51188502368428,39.2977659642324 8.51175636709504,39.2978027465012 8.51162832547351,39.2977794211221 8.51157498631369,39.2977884781756 8.5113491075386,39.2978659944389 8.51109675387753,39.2979283151684</coordinates>
            </LinearRing>
          </outerBoundaryIs>
        </Polygon>
      </Placemark>
      <Placemark xmlns="http://www.opengis.net/kml/2.2">
        <styleUrl>#Parti singole_style_map</styleUrl>
        <name>T01422</name>
        <Polygon>
          <outerBoundaryIs>
            <LinearRing>
              <coordinates>8.50720987450445,39.2967226896342 8.507215168574,39.2968226672709 8.50731692348451,39.2968120241364 8.50729431621883,39.2967135770797 8.50726846015832,39.2965806685169 8.50718608433342,39.2965895645378 8.50720987450445,39.2967226896342</coordinates>
            </LinearRing>
          </outerBoundaryIs>
        </Polygon>
      </Placemark>
      <Placemark xmlns="http://www.opengis.net/kml/2.2">
        <styleUrl>#Parti singole_style_map</styleUrl>
        <name>T01423</name>
        <Polygon>
          <outerBoundaryIs>
            <LinearRing>
              <coordinates>8.50098881510817,39.2947599715722 8.50110798726119,39.2949874971701 8.50139384498317,39.2950553384078 8.50150634991333,39.2950820235061 8.50157247510388,39.2952402366078 8.50151065505998,39.2953675806719 8.50163644706529,39.2956088122518 8.50220375657177,39.2956896877843 8.50220268918599,39.2956750318893 8.50213046860912,39.295637013254 8.50169691277259,39.2951656297795 8.50157363296251,39.2949169031326 8.50132884506652,39.2946096539916 8.5010498071223,39.2946529342451 8.50098881510817,39.2947599715722</coordinates>
            </LinearRing>
          </outerBoundaryIs>
        </Polygon>
      </Placemark>
      <Placemark xmlns="http://www.opengis.net/kml/2.2">
        <styleUrl>#Parti singole_style_map</styleUrl>
        <name>T03290</name>
        <Polygon>
          <outerBoundaryIs>
            <LinearRing>
              <coordinates>8.48793117815613,39.2972158355197 8.48830397084478,39.2972171693652 8.4889049094747,39.2967751712642 8.48973407057953,39.2970280904963 8.48980100142194,39.297003334418 8.48980911105399,39.2970140295815 8.49000991879656,39.2969472129762 8.49003677987455,39.2969995114017 8.48984442444181,39.297061760673 8.49044447077442,39.2972447835368 8.49046086799958,39.2972208960308 8.49067609847034,39.2970058531533 8.49070192408291,39.2969883143434 8.49068237642712,39.2969557093286 8.49065875803679,39.2969183468862 8.49057719789252,39.2968112406001 8.4904351404204,39.2966718184121 8.49038229088792,39.296621127275 8.49033665087547,39.2965661515942 8.49030223869207,39.296504485117 8.4902798626819,39.296438194834 8.4902730953039,39.2963703780467 8.49028152414716,39.2963003301201 8.49035161560719,39.2960572143974 8.49079303454334,39.2945031604132 8.48953319363725,39.2942815190567 8.48784582783936,39.2972155409245 8.48793117815613,39.2972158355197</coordinates>
            </LinearRing>
          </outerBoundaryIs>
          <innerBoundaryIs>
            <LinearRing>
              <coordinates>8.48969190455146,39.2969275539289 8.48982259676175,39.2968130430632 8.48984791954887,39.2968280306899 8.4897214243477,39.2969458759117 8.48969190455146,39.2969275539289</coordinates>
            </LinearRing>
          </innerBoundaryIs>
        </Polygon>
      </Placemark>
      <Placemark xmlns="http://www.opengis.net/kml/2.2">
        <styleUrl>#Parti singole_style_map</styleUrl>
        <name>T03291</name>
        <Polygon>
          <outerBoundaryIs>
            <LinearRing>
              <coordinates>8.48953319363725,39.2942815190567 8.49079303454334,39.2945031604132 8.49095607621619,39.2939291021656 8.49061742150551,39.2934458021225 8.49036629033288,39.2932162191165 8.49020233823455,39.2931179514573 8.48953319363725,39.2942815190567</coordinates>
            </LinearRing>
          </outerBoundaryIs>
        </Polygon>
      </Placemark>
      <Placemark xmlns="http://www.opengis.net/kml/2.2">
        <styleUrl>#Parti singole_style_map</styleUrl>
        <name>T01436</name>
        <Polygon>
          <outerBoundaryIs>
            <LinearRing>
              <coordinates>8.50562769687172,39.2973209525548 8.50566144242858,39.2973343055683 8.50569130319498,39.2972537149958 8.50565753122589,39.2972441193219 8.50562769687172,39.2973209525548</coordinates>
            </LinearRing>
          </outerBoundaryIs>
        </Polygon>
      </Placemark>
      <Placemark xmlns="http://www.opengis.net/kml/2.2">
        <styleUrl>#Parti singole_style_map</styleUrl>
        <name>T01437</name>
        <Polygon>
          <outerBoundaryIs>
            <LinearRing>
              <coordinates>8.50572458581946,39.2972537482756 8.50574854257652,39.2972754936487 8.50576748758465,39.2972629051506 8.50574376142373,39.2972413499848 8.50572458581946,39.2972537482756</coordinates>
            </LinearRing>
          </outerBoundaryIs>
        </Polygon>
      </Placemark>
      <Placemark xmlns="http://www.opengis.net/kml/2.2">
        <styleUrl>#Parti singole_style_map</styleUrl>
        <name>T01424</name>
        <Polygon>
          <outerBoundaryIs>
            <LinearRing>
              <coordinates>8.50420982550876,39.29676031301 8.50447778947404,39.2967769980237 8.50447454134647,39.2968083773135 8.5046006559561,39.2968133025912 8.50465539208005,39.2969038134142 8.5046956099394,39.2969942173482 8.50484380380867,39.2969647886248 8.50525742273905,39.2969899039157 8.50529742550898,39.2966153658966 8.50488750591033,39.2966020794644 8.50489628730814,39.2965210840042 8.50464353802556,39.2963861548202 8.50429587530631,39.296303217686 8.50447930932528,39.2966207417033 8.50422208125718,39.2965995881062 8.50420982550876,39.29676031301</coordinates>
            </LinearRing>
          </outerBoundaryIs>
        </Polygon>
      </Placemark>
      <Placemark xmlns="http://www.opengis.net/kml/2.2">
        <styleUrl>#Parti singole_style_map</styleUrl>
        <name>T03292</name>
        <Polygon>
          <outerBoundaryIs>
            <LinearRing>
              <coordinates>8.49201972896307,39.2993669492994 8.49224900830834,39.2993087141807 8.49213512426848,39.2992734359909 8.49199430583881,39.2992229472463 8.49182611946653,39.29919635217 8.49167670080766,39.2992269663651 8.49147834547725,39.2993083667464 8.49121087206971,39.2992711006614 8.49115380459516,39.2992532082263 8.49114649106938,39.2992622229292 8.49096807247983,39.2991977461476 8.49096860781082,39.2991830881651 8.49094479571597,39.2991627280389 8.49091071358388,39.2990888808124 8.49066163473315,39.2990211748906 8.49062839014571,39.2993595774156 8.49053831010594,39.2996400358629 8.4904600465718,39.299869392536 8.49045111209935,39.2998956014199 8.49076463059824,39.2997262584296 8.49110312430571,39.2995766219951 8.49201972896307,39.2993669492994</coordinates>
            </LinearRing>
          </outerBoundaryIs>
        </Polygon>
      </Placemark>
      <Placemark xmlns="http://www.opengis.net/kml/2.2">
        <styleUrl>#Parti singole_style_map</styleUrl>
        <name>T03293</name>
        <Polygon>
          <outerBoundaryIs>
            <LinearRing>
              <coordinates>8.49099084089282,39.2992020987914 8.49096860781082,39.2991830881651 8.49096807247983,39.2991977461476 8.49114649106938,39.2992622229292 8.49115380459516,39.2992532082263 8.49099084089282,39.2992020987914</coordinates>
            </LinearRing>
          </outerBoundaryIs>
        </Polygon>
      </Placemark>
      <Placemark xmlns="http://www.opengis.net/kml/2.2">
        <styleUrl>#Parti singole_style_map</styleUrl>
        <name>T01425</name>
        <Polygon>
          <outerBoundaryIs>
            <LinearRing>
              <coordinates>8.50488750591033,39.2966020794644 8.50529742550898,39.2966153658966 8.50530536971365,39.2965477927228 8.50503928990248,39.2965304238103 8.50489628730814,39.2965210840042 8.50488750591033,39.2966020794644</coordinates>
            </LinearRing>
          </outerBoundaryIs>
        </Polygon>
      </Placemark>
      <Placemark xmlns="http://www.opengis.net/kml/2.2">
        <styleUrl>#Parti singole_style_map</styleUrl>
        <name>T03294</name>
        <Polygon>
          <outerBoundaryIs>
            <LinearRing>
              <coordinates>8.49127962354561,39.2985981436553 8.49076343548566,39.2983364057236 8.49073648993739,39.29832120395 8.49066163473315,39.2990211748906 8.49091071358388,39.2990888808124 8.49097102613814,39.2990222316397 8.49097469248578,39.299017201718 8.49097492289701,39.2990110124105 8.49102139407948,39.2988587645611 8.49102545164705,39.2988573586299 8.49107646915715,39.2987434529338 8.49109633038995,39.2987040641599 8.49116041882038,39.298543558456 8.49123703386511,39.2985796748097 8.49127796017703,39.2986004340975 8.49127962354561,39.2985981436553</coordinates>
            </LinearRing>
          </outerBoundaryIs>
        </Polygon>
      </Placemark>
      <Placemark xmlns="http://www.opengis.net/kml/2.2">
        <styleUrl>#Parti singole_style_map</styleUrl>
        <name>T03295</name>
        <Polygon>
          <outerBoundaryIs>
            <LinearRing>
              <coordinates>8.49107422423804,39.2988804139875 8.49102545164705,39.2988573586299 8.49102139407948,39.2988587645611 8.49097492289701,39.2990110124105 8.49097469248578,39.299017201718 8.49107422423804,39.2988804139875</coordinates>
            </LinearRing>
          </outerBoundaryIs>
        </Polygon>
      </Placemark>
      <Placemark xmlns="http://www.opengis.net/kml/2.2">
        <styleUrl>#Parti singole_style_map</styleUrl>
        <name>T01426</name>
        <Polygon>
          <outerBoundaryIs>
            <LinearRing>
              <coordinates>8.50503928990248,39.2965304238103 8.50530536971365,39.2965477927228 8.50529742550898,39.2966153658966 8.50525742273905,39.2969899039157 8.50526318908154,39.2970010385756 8.50552139535087,39.2970202206988 8.50570831728213,39.2970409195592 8.50575202222714,39.2966557555264 8.50578107075259,39.2966559329934 8.50578139980966,39.2966240006254 8.50572620765568,39.2965766944849 8.50559564547244,39.2965677327738 8.50559995509933,39.2965008019109 8.50504287196333,39.2964631384578 8.50503928990248,39.2965304238103</coordinates>
            </LinearRing>
          </outerBoundaryIs>
        </Polygon>
      </Placemark>
      <Placemark xmlns="http://www.opengis.net/kml/2.2">
        <styleUrl>#Parti singole_style_map</styleUrl>
        <name>T01427</name>
        <Polygon>
          <outerBoundaryIs>
            <LinearRing>
              <coordinates>8.50577190508571,39.2970044361851 8.50581497928411,39.2970072766258 8.50581144702888,39.2970232064031 8.50588659887979,39.2970362814339 8.50589493417472,39.2970182460824 8.50594003426073,39.29702481553 8.5059485676773,39.2969786119016 8.50597801018414,39.2969744849871 8.50598187135804,39.2969117852411 8.50578155642711,39.2968965841618 8.50577190508571,39.2970044361851</coordinates>
            </LinearRing>
          </outerBoundaryIs>
        </Polygon>
      </Placemark>
      <Placemark xmlns="http://www.opengis.net/kml/2.2">
        <styleUrl>#Parti singole_style_map</styleUrl>
        <name>T03296</name>
        <Polygon>
          <outerBoundaryIs>
            <LinearRing>
              <coordinates>8.49190843642747,39.2989173455464 8.49161120782576,39.2987644969824 8.49144271116436,39.2989763217679 8.49136620430184,39.2990725183892 8.49140773880994,39.2990974161771 8.49139172758182,39.2991176291515 8.49136195209973,39.2991552445841 8.49132264557393,39.2991365648584 8.49121087206971,39.2992711006614 8.49147834547725,39.2993083667464 8.49167670080766,39.2992269663651 8.49182611946653,39.29919635217 8.49199430583881,39.2992229472463 8.49213512426848,39.2992734359909 8.49224900830834,39.2993087141807 8.4925074193518,39.2992231862853 8.49259591541317,39.2992025504403 8.49232263477226,39.2991183251115 8.49190843642747,39.2989173455464</coordinates>
            </LinearRing>
          </outerBoundaryIs>
          <innerBoundaryIs>
            <LinearRing>
              <coordinates>8.49191641757841,39.2989346538161 8.49173189690456,39.2991172595855 8.49144271116436,39.2989763217679 8.49160702578394,39.2988135416919 8.49191641757841,39.2989346538161</coordinates>
            </LinearRing>
          </innerBoundaryIs>
        </Polygon>
      </Placemark>
      <Placemark xmlns="http://www.opengis.net/kml/2.2">
        <styleUrl>#Parti singole_style_map</styleUrl>
        <name>T03297</name>
        <Polygon>
          <outerBoundaryIs>
            <LinearRing>
              <coordinates>8.49160702578394,39.2988135416919 8.49144271116436,39.2989763217679 8.49173189690456,39.2991172595855 8.49191641757841,39.2989346538161 8.49160702578394,39.2988135416919</coordinates>
            </LinearRing>
          </outerBoundaryIs>
        </Polygon>
      </Placemark>
      <Placemark xmlns="http://www.opengis.net/kml/2.2">
        <styleUrl>#Parti singole_style_map</styleUrl>
        <name>T03298</name>
        <Polygon>
          <outerBoundaryIs>
            <LinearRing>
              <coordinates>8.48931818829577,39.299417196482 8.48919192238798,39.299454910384 8.48921369660046,39.2995018793719 8.48925303046187,39.299539076808 8.4893135343913,39.2995309084448 8.48946623221977,39.2994227390141 8.48947973696681,39.2994155807471 8.48947850688881,39.2994029244002 8.48946130072757,39.2993481272327 8.48938556127526,39.2993479119784 8.4893708204763,39.2993735456477 8.48934632664505,39.2994198880276 8.48931818829577,39.299417196482</coordinates>
            </LinearRing>
          </outerBoundaryIs>
        </Polygon>
      </Placemark>
      <Placemark xmlns="http://www.opengis.net/kml/2.2">
        <styleUrl>#Parti singole_style_map</styleUrl>
        <name>T03299</name>
        <Polygon>
          <outerBoundaryIs>
            <LinearRing>
              <coordinates>8.48934632664505,39.2994198880276 8.4893708204763,39.2993735456477 8.48938556127526,39.2993479119784 8.48946130072757,39.2993481272327 8.48940845069307,39.299207995982 8.48930695688728,39.2992345193748 8.48910708268176,39.2992883905247 8.48914704741388,39.2993679768539 8.48919192238798,39.299454910384 8.48931818829577,39.299417196482 8.48934632664505,39.2994198880276</coordinates>
            </LinearRing>
          </outerBoundaryIs>
        </Polygon>
      </Placemark>
      <Placemark xmlns="http://www.opengis.net/kml/2.2">
        <styleUrl>#Parti singole_style_map</styleUrl>
        <name>T01428</name>
        <Polygon>
          <outerBoundaryIs>
            <LinearRing>
              <coordinates>8.50584585973662,39.296387519436 8.5060707893677,39.2964039278797 8.50606905000508,39.296336295516 8.50584895460144,39.2963217908297 8.50584585973662,39.296387519436</coordinates>
            </LinearRing>
          </outerBoundaryIs>
        </Polygon>
      </Placemark>
      <Placemark xmlns="http://www.opengis.net/kml/2.2">
        <styleUrl>#Parti singole_style_map</styleUrl>
        <name>T03300</name>
        <Polygon>
          <outerBoundaryIs>
            <LinearRing>
              <coordinates>8.48963560909575,39.2988625332818 8.48925356424987,39.2990622086462 8.48927752914721,39.2990295871779 8.48926959490094,39.2989947532243 8.48918346735212,39.2990978353579 8.48909307790504,39.2992447174894 8.48915190109469,39.2992156731682 8.48933413475292,39.299149190699 8.48937017482606,39.2991385451207 8.48949684350171,39.2990900019903 8.48957120321525,39.2990630079716 8.48959879786996,39.2990447473137 8.48972535905589,39.2989135848273 8.48963560909575,39.2988625332818</coordinates>
            </LinearRing>
          </outerBoundaryIs>
        </Polygon>
      </Placemark>
      <Placemark xmlns="http://www.opengis.net/kml/2.2">
        <styleUrl>#Parti singole_style_map</styleUrl>
        <name>T03301</name>
        <Polygon>
          <outerBoundaryIs>
            <LinearRing>
              <coordinates>8.48966256330467,39.298597233855 8.48978047311056,39.2986638981863 8.48961570923057,39.2988512637687 8.48963560909575,39.2988625332818 8.48972535905589,39.2989135848273 8.48979365189625,39.298866019777 8.48982148458583,39.2988229537939 8.48991624535917,39.2986471480435 8.48993575981398,39.2986124795279 8.48988508267059,39.2984349818289 8.4898811774295,39.2984202052625 8.48983671114238,39.2984094948563 8.48981678385887,39.2984163817148 8.48977901804955,39.2984395536783 8.48972466845768,39.2984882701691 8.48969374312472,39.2985052908016 8.48962012584896,39.2986328830433 8.48949036217562,39.298780277569 8.48949767301661,39.2987844185047 8.48966256330467,39.298597233855</coordinates>
            </LinearRing>
          </outerBoundaryIs>
        </Polygon>
      </Placemark>
      <Placemark xmlns="http://www.opengis.net/kml/2.2">
        <styleUrl>#Parti singole_style_map</styleUrl>
        <name>T03306</name>
        <Polygon>
          <outerBoundaryIs>
            <LinearRing>
              <coordinates>8.48998544789674,39.3000345415425 8.49016400247099,39.3000245384136 8.4901469060403,39.2999928721631 8.49019931707591,39.2999796759756 8.49021716756272,39.3000145082597 8.49040183816687,39.2998712460749 8.49055983084252,39.2993479598496 8.49061348455411,39.2987188280187 8.49062407808267,39.2986317324145 8.49037472361906,39.2985910836501 8.49007832240988,39.2991459491653 8.4901284781794,39.2991749489974 8.48997798033458,39.2994562865668 8.48992243659593,39.2994377964955 8.48988232165441,39.2995128865496 8.48989144521885,39.2996251271349 8.48990074680118,39.2996026863533 8.48991760785282,39.2995709256628 8.49001781736663,39.2995967299502 8.48999052103247,39.2996681187899 8.48996141564345,39.2997442753342 8.48994806909996,39.2997791511008 8.48990313499485,39.29976886217 8.48992220109134,39.3000035559783 8.48998544789674,39.3000345415425</coordinates>
            </LinearRing>
          </outerBoundaryIs>
        </Polygon>
      </Placemark>
      <Placemark xmlns="http://www.opengis.net/kml/2.2">
        <styleUrl>#Parti singole_style_map</styleUrl>
        <name>T03302</name>
        <Polygon>
          <outerBoundaryIs>
            <LinearRing>
              <coordinates>8.48960997607863,39.2996768932859 8.48964853086723,39.2996936690437 8.48979512508328,39.2997471955058 8.48978527540658,39.2997636598155 8.48969286435515,39.2998983331152 8.48980081540502,39.2999440940856 8.48992220109134,39.3000035559783 8.48990313499485,39.29976886217 8.48985199500347,39.2997571673804 8.48986212198625,39.2997216828048 8.4898837133655,39.2996438083478 8.48989144521885,39.2996251271349 8.48988232165441,39.2995128865496 8.48987794545453,39.2995118491581 8.48981418979394,39.2996308074858 8.48981060400505,39.2996295212598 8.48980975600775,39.2996313106599 8.48977421046096,39.2996983742041 8.48968529796577,39.2996691862044 8.48967270095935,39.2996647337525 8.48967353867314,39.2996627640954 8.48970243079612,39.2995952478979 8.48969210492888,39.2995878679388 8.4896900251865,39.2995915892243 8.48966056972571,39.299581818626 8.4896381946354,39.2995744038276 8.48958423527177,39.2995565242589 8.48956430136359,39.2995499130933 8.48958062741035,39.2995215741504 8.48961917812784,39.2994543166022 8.48962216773128,39.2994514643315 8.48950954370757,39.2994248753683 8.48938355448936,39.299805779211 8.48948835949496,39.2998264049796 8.48960997607863,39.2996768932859</coordinates>
            </LinearRing>
          </outerBoundaryIs>
        </Polygon>
      </Placemark>
      <Placemark xmlns="http://www.opengis.net/kml/2.2">
        <styleUrl>#Parti singole_style_map</styleUrl>
        <name>T03303</name>
        <Polygon>
          <outerBoundaryIs>
            <LinearRing>
              <coordinates>8.48989313787484,39.2996459581624 8.4898837133655,39.2996438083478 8.48986212198625,39.2997216828048 8.48990000548473,39.2997303009001 8.48989313787484,39.2996459581624</coordinates>
            </LinearRing>
          </outerBoundaryIs>
        </Polygon>
      </Placemark>
      <Placemark xmlns="http://www.opengis.net/kml/2.2">
        <styleUrl>#Parti singole_style_map</styleUrl>
        <name>T03304</name>
        <Polygon>
          <outerBoundaryIs>
            <LinearRing>
              <coordinates>8.48990000548473,39.2997303009001 8.48986212198625,39.2997216828048 8.48985199500347,39.2997571673804 8.48990313499485,39.29976886217 8.48990000548473,39.2997303009001</coordinates>
            </LinearRing>
          </outerBoundaryIs>
        </Polygon>
      </Placemark>
      <Placemark xmlns="http://www.opengis.net/kml/2.2">
        <styleUrl>#Parti singole_style_map</styleUrl>
        <name>T03305</name>
        <Polygon>
          <outerBoundaryIs>
            <LinearRing>
              <coordinates>8.48989144521885,39.2996251271349 8.4898837133655,39.2996438083478 8.48989313787484,39.2996459581624 8.48989144521885,39.2996251271349</coordinates>
            </LinearRing>
          </outerBoundaryIs>
        </Polygon>
      </Placemark>
      <Placemark xmlns="http://www.opengis.net/kml/2.2">
        <styleUrl>#Parti singole_style_map</styleUrl>
        <name>T01161</name>
        <Polygon>
          <outerBoundaryIs>
            <LinearRing>
              <coordinates>8.50989184197188,39.2983774094294 8.50992796314836,39.2983945286575 8.50995104423379,39.2983658368419 8.50991451850367,39.2983485266929 8.50989184197188,39.2983774094294</coordinates>
            </LinearRing>
          </outerBoundaryIs>
        </Polygon>
      </Placemark>
      <Placemark xmlns="http://www.opengis.net/kml/2.2">
        <styleUrl>#Parti singole_style_map</styleUrl>
        <name>T01011</name>
        <Polygon>
          <outerBoundaryIs>
            <LinearRing>
              <coordinates>8.48211274268812,39.2919333831697 8.48245680161321,39.2918961322687 8.48244270235753,39.2918565938619 8.48210110638183,39.2918900982413 8.48211274268812,39.2919333831697</coordinates>
            </LinearRing>
          </outerBoundaryIs>
        </Polygon>
      </Placemark>
      <Placemark xmlns="http://www.opengis.net/kml/2.2">
        <styleUrl>#Parti singole_style_map</styleUrl>
        <name>T01438</name>
        <Polygon>
          <outerBoundaryIs>
            <LinearRing>
              <coordinates>8.51021876033476,39.2979185850165 8.51057589315638,39.2980259721991 8.51061347214872,39.2979770041903 8.51070451002051,39.297840226912 8.51056608672178,39.2977873377934 8.51032124414451,39.2976738184608 8.51026204300017,39.2977851121719 8.51019068281781,39.2979104653456 8.51021876033476,39.2979185850165</coordinates>
            </LinearRing>
          </outerBoundaryIs>
        </Polygon>
      </Placemark>
      <Placemark xmlns="http://www.opengis.net/kml/2.2">
        <styleUrl>#Parti singole_style_map</styleUrl>
        <name>T03307</name>
        <Polygon>
          <outerBoundaryIs>
            <LinearRing>
              <coordinates>8.49036557544842,39.2973825442126 8.49044447077442,39.2972447835368 8.48984442444181,39.297061760673 8.48971492658255,39.2971059937174 8.48967999085794,39.29703981043 8.48973407057953,39.2970280904963 8.4889049094747,39.2967751712642 8.48830397084478,39.2972171693652 8.48843441112096,39.2973525873774 8.48881279785061,39.2977454028803 8.48899975398451,39.2979395026221 8.48965580037642,39.2983596834807 8.48912765661431,39.2987765228816 8.48889275430569,39.2989619124527 8.48888565170805,39.2989674047767 8.48890167466417,39.2989982645526 8.48892665592175,39.2990459234846 8.48893644726892,39.2990645824951 8.48893913526143,39.2990697123509 8.48893076277378,39.2991661307963 8.48883701636009,39.299176915468 8.48883787157145,39.299118951192 8.48880174515182,39.2991365174011 8.48878733557145,39.2991182165339 8.48878416412038,39.2991141838493 8.48876304053739,39.2991244622835 8.48876043355271,39.2991257303396 8.48860288050781,39.2992014391759 8.48860679378535,39.2992087099487 8.4886674705005,39.2992914691244 8.48871968109214,39.2992978078038 8.48879471930423,39.2993433709986 8.48894691057061,39.2996013116341 8.48900043520186,39.2996677659865 8.4890726247894,39.299727165853 8.48916904463318,39.2997653528773 8.48938355448936,39.299805779211 8.48950954370757,39.2994248753683 8.48962216773128,39.2994514643315 8.48963488510727,39.2994393467362 8.48967062853948,39.2994264471024 8.48970455442952,39.2994290648312 8.48974503361106,39.299439541545 8.48974463310094,39.2994403957999 8.48977301989625,39.2994488010826 8.48979696575629,39.2993980319815 8.48976681320001,39.2993916373456 8.48975512840158,39.2993893334373 8.48966401950262,39.2993672091462 8.48965795855482,39.299285212697 8.48970940555344,39.2992577936964 8.48979480679995,39.2991939493621 8.48999461814895,39.2990975194622 8.49007832240988,39.2991459491653 8.49037472361906,39.2985910836501 8.49062407808267,39.2986317324145 8.49067577951982,39.2981133328158 8.49037131328596,39.2976034654497 8.49036557544842,39.2973825442126</coordinates>
            </LinearRing>
          </outerBoundaryIs>
          <innerBoundaryIs>
            <LinearRing>
              <coordinates>8.48929639801824,39.2996451513033 8.48924227323028,39.2995814517094 8.48932202601548,39.2995481110023 8.4893728552492,39.2996057048977 8.48929639801824,39.2996451513033</coordinates>
            </LinearRing>
          </innerBoundaryIs>
          <innerBoundaryIs>
            <LinearRing>
              <coordinates>8.48872955381544,39.2992654579129 8.48867515063483,39.2991970983248 8.48876041512302,39.2991537533731 8.48881621715728,39.2992243176664 8.48872955381544,39.2992654579129</coordinates>
            </LinearRing>
          </innerBoundaryIs>
          <innerBoundaryIs>
            <LinearRing>
              <coordinates>8.48976285107149,39.2974562947264 8.48989472896768,39.2972297415477 8.48997937625425,39.2972549910622 8.48984751011263,39.2974815533984 8.48976285107149,39.2974562947264</coordinates>
            </LinearRing>
          </innerBoundaryIs>
          <innerBoundaryIs>
            <LinearRing>
              <coordinates>8.48898728795233,39.2994887027233 8.48886930362801,39.2993477354708 8.48881558881827,39.2992835599135 8.48890655241428,39.2992347614226 8.48896484104759,39.2992999121581 8.48908818275767,39.2994377761477 8.48898728795233,39.2994887027233</coordinates>
            </LinearRing>
          </innerBoundaryIs>
          <innerBoundaryIs>
            <LinearRing>
              <coordinates>8.48910708268176,39.2992883905247 8.48930695688728,39.2992345193748 8.48940845069307,39.299207995982 8.48946130072757,39.2993481272327 8.48947850688881,39.2994029244002 8.48947973696681,39.2994155807471 8.48946623221977,39.2994227390141 8.4893135343913,39.2995309084448 8.48925303046187,39.299539076808 8.48921369660046,39.2995018793719 8.48919192238798,39.299454910384 8.48914704741388,39.2993679768539 8.48910708268176,39.2992883905247</coordinates>
            </LinearRing>
          </innerBoundaryIs>
          <innerBoundaryIs>
            <LinearRing>
              <coordinates>8.48969374312472,39.2985052908016 8.48972466845768,39.2984882701691 8.48977901804955,39.2984395536783 8.48981678385887,39.2984163817148 8.48983671114238,39.2984094948563 8.4898811774295,39.2984202052625 8.48988508267059,39.2984349818289 8.48993575981398,39.2986124795279 8.48991624535917,39.2986471480435 8.48982148458583,39.2988229537939 8.48979365189625,39.298866019777 8.48972535905589,39.2989135848273 8.48959879786996,39.2990447473137 8.48957120321525,39.2990630079716 8.48949684350171,39.2990900019903 8.48937017482606,39.2991385451207 8.48933413475292,39.299149190699 8.48915190109469,39.2992156731682 8.48909307790504,39.2992447174894 8.48918346735212,39.2990978353579 8.48926959490094,39.2989947532243 8.48922439131197,39.2989418695146 8.48932001592799,39.2988899194114 8.48935758937585,39.2988661430416 8.48939111974624,39.2988449620031 8.48946228060194,39.2987985270548 8.48949036217562,39.298780277569 8.48962012584896,39.2986328830433 8.48969374312472,39.2985052908016</coordinates>
            </LinearRing>
          </innerBoundaryIs>
        </Polygon>
      </Placemark>
      <Placemark xmlns="http://www.opengis.net/kml/2.2">
        <styleUrl>#Parti singole_style_map</styleUrl>
        <name>T03308</name>
        <Polygon>
          <outerBoundaryIs>
            <LinearRing>
              <coordinates>8.48883787157145,39.299118951192 8.48883701636009,39.299176915468 8.48893076277378,39.2991661307963 8.48893913526143,39.2990697123509 8.48888565170805,39.2989674047767 8.48885031733575,39.298994681111 8.48889159088437,39.299092830529 8.48883787157145,39.299118951192</coordinates>
            </LinearRing>
          </outerBoundaryIs>
        </Polygon>
      </Placemark>
      <Placemark xmlns="http://www.opengis.net/kml/2.2">
        <styleUrl>#Parti singole_style_map</styleUrl>
        <name>T03309</name>
        <Polygon>
          <outerBoundaryIs>
            <LinearRing>
              <coordinates>8.49111324740696,39.2988267874098 8.49127796017703,39.2986004340975 8.49116041882038,39.298543558456 8.49109633038995,39.2987040641599 8.49105128013506,39.2987996919708 8.49111324740696,39.2988267874098</coordinates>
            </LinearRing>
          </outerBoundaryIs>
        </Polygon>
      </Placemark>
      <Placemark xmlns="http://www.opengis.net/kml/2.2">
        <styleUrl>#Parti singole_style_map</styleUrl>
        <name>T03310</name>
        <Polygon>
          <outerBoundaryIs>
            <LinearRing>
              <coordinates>8.49102545164705,39.2988573586299 8.49107422423804,39.2988804139875 8.49111324740696,39.2988267874098 8.49105128013506,39.2987996919708 8.49102545164705,39.2988573586299</coordinates>
            </LinearRing>
          </outerBoundaryIs>
        </Polygon>
      </Placemark>
      <Placemark xmlns="http://www.opengis.net/kml/2.2">
        <styleUrl>#Parti singole_style_map</styleUrl>
        <name>T01024</name>
        <Polygon>
          <outerBoundaryIs>
            <LinearRing>
              <coordinates>8.48418065436173,39.2911566238501 8.48427153419737,39.2914689036359 8.48437226672727,39.2915195484811 8.48449603430913,39.2915346761712 8.48458022420599,39.2915293994797 8.48468386083271,39.2912742802252 8.48439492637393,39.2912239100796 8.48430281961768,39.2911403515061 8.48411964101924,39.2910929453308 8.48418065436173,39.2911566238501</coordinates>
            </LinearRing>
          </outerBoundaryIs>
        </Polygon>
      </Placemark>
      <Placemark xmlns="http://www.opengis.net/kml/2.2">
        <styleUrl>#Parti singole_style_map</styleUrl>
        <name>T01025</name>
        <Polygon>
          <outerBoundaryIs>
            <LinearRing>
              <coordinates>8.48405882287496,39.2908621739835 8.48414948835386,39.2909445279447 8.48427410629963,39.2909384485486 8.48492969215223,39.2910544454404 8.48494112483329,39.2910339877919 8.48412254486864,39.2908538243267 8.48405882287496,39.2908621739835</coordinates>
            </LinearRing>
          </outerBoundaryIs>
        </Polygon>
      </Placemark>
      <Placemark xmlns="http://www.opengis.net/kml/2.2">
        <styleUrl>#Parti singole_style_map</styleUrl>
        <name>T01026</name>
        <Polygon>
          <outerBoundaryIs>
            <LinearRing>
              <coordinates>8.48258595203675,39.2907868098787 8.48288390085082,39.2907400536297 8.48351673669368,39.2908080476829 8.48405882287496,39.2908621739835 8.48412254486864,39.2908538243267 8.48494112483329,39.2910339877919 8.48497290859286,39.290977082007 8.48362911717745,39.2906636460864 8.48328623231238,39.2906273066238 8.48295742089719,39.2906592754268 8.48245385753006,39.290773652497 8.48258595203675,39.2907868098787</coordinates>
            </LinearRing>
          </outerBoundaryIs>
        </Polygon>
      </Placemark>
      <Placemark xmlns="http://www.opengis.net/kml/2.2">
        <styleUrl>#Parti singole_style_map</styleUrl>
        <name>T01027</name>
        <Polygon>
          <outerBoundaryIs>
            <LinearRing>
              <coordinates>8.48224723381055,39.2907530989772 8.48245385753006,39.290773652497 8.48295742089719,39.2906592754268 8.48328623231238,39.2906273066238 8.48362911717745,39.2906636460864 8.48497290859286,39.290977082007 8.48498953355701,39.290949069373 8.48506002983383,39.2909166636967 8.48461108669884,39.2907967533752 8.48384957786097,39.2906316903523 8.48225931996979,39.2903812918693 8.48207122328141,39.2906994680816 8.48224723381055,39.2907530989772</coordinates>
            </LinearRing>
          </outerBoundaryIs>
        </Polygon>
      </Placemark>
      <Placemark xmlns="http://www.opengis.net/kml/2.2">
        <styleUrl>#Parti singole_style_map</styleUrl>
        <name>T01028</name>
        <Polygon>
          <outerBoundaryIs>
            <LinearRing>
              <coordinates>8.4874955243426,39.2918113360196 8.48762637700478,39.2920126517986 8.48781738375589,39.292175107974 8.48797933890364,39.2922602236571 8.48868411188034,39.2924126477317 8.48880655572649,39.2924044634631 8.48904217202037,39.2923570481475 8.48914772696732,39.2923128728634 8.48896078828264,39.2922442827437 8.48881116108307,39.2922735498228 8.48859823798176,39.2921999431533 8.48853651766836,39.2922056188796 8.48785540352553,39.2920896830957 8.48763873531402,39.2919319707221 8.48759040530637,39.2918379208809 8.4874955243426,39.2918113360196</coordinates>
            </LinearRing>
          </outerBoundaryIs>
        </Polygon>
      </Placemark>
      <Placemark xmlns="http://www.opengis.net/kml/2.2">
        <styleUrl>#Parti singole_style_map</styleUrl>
        <name>T01029</name>
        <Polygon>
          <outerBoundaryIs>
            <LinearRing>
              <coordinates>8.48935046188676,39.2922280264373 8.48936964199181,39.2922200010253 8.48976682426711,39.2922092637703 8.49005601147616,39.2922674429526 8.49015033056495,39.2922981681694 8.49037963878728,39.2924104093934 8.49060139647145,39.2925389534307 8.49068371746409,39.2925980272784 8.49079637112518,39.2925950873161 8.49036745347145,39.2923861443789 8.49006475219466,39.2922055059519 8.48952756874948,39.2921145214481 8.48915381300344,39.2921488785692 8.48935046188676,39.2922280264373</coordinates>
            </LinearRing>
          </outerBoundaryIs>
        </Polygon>
      </Placemark>
      <Placemark xmlns="http://www.opengis.net/kml/2.2">
        <styleUrl>#Parti singole_style_map</styleUrl>
        <name>T01030</name>
        <Polygon>
          <outerBoundaryIs>
            <LinearRing>
              <coordinates>8.49119747667129,39.2929667386485 8.49217508850139,39.2932904376619 8.49264362471274,39.2934390491512 8.49307693780164,39.2934392439304 8.49330893814056,39.2934077080454 8.49329977718768,39.293369120554 8.4930418149065,39.2934036249432 8.49242155203786,39.2933259068492 8.49214268080998,39.2931616240105 8.49185415028096,39.2930664190724 8.491702588487,39.2929575119833 8.49100371612437,39.2928276766504 8.49119747667129,39.2929667386485</coordinates>
            </LinearRing>
          </outerBoundaryIs>
        </Polygon>
      </Placemark>
      <Placemark xmlns="http://www.opengis.net/kml/2.2">
        <styleUrl>#Parti singole_style_map</styleUrl>
        <name>T01031</name>
        <Polygon>
          <outerBoundaryIs>
            <LinearRing>
              <coordinates>8.48502402730222,39.2910523941013 8.48501028706038,39.2910886732721 8.48498580008864,39.2911047043167 8.48522759446787,39.2911548270529 8.48588262792395,39.2912580660557 8.48502402730222,39.2910523941013</coordinates>
            </LinearRing>
          </outerBoundaryIs>
        </Polygon>
      </Placemark>
      <Placemark xmlns="http://www.opengis.net/kml/2.2">
        <styleUrl>#Parti singole_style_map</styleUrl>
        <name>T01032</name>
        <Polygon>
          <outerBoundaryIs>
            <LinearRing>
              <coordinates>8.48912379676759,39.2921162002731 8.48952423539994,39.2920737606238 8.4900867533345,39.2921746597764 8.49040912788433,39.2923639894957 8.49082283323057,39.2925630981521 8.49113307781309,39.2926825762169 8.4914321085743,39.2927141595297 8.49149306591425,39.2927578483318 8.49184787804164,39.2928113540093 8.49072579786795,39.2922031571738 8.49060526992412,39.2921534944095 8.49021201221175,39.2920469329421 8.49003705840056,39.2920173681601 8.48929982077695,39.2920415988985 8.48898601669218,39.2920631621783 8.48912379676759,39.2921162002731</coordinates>
            </LinearRing>
          </outerBoundaryIs>
        </Polygon>
      </Placemark>
      <Placemark xmlns="http://www.opengis.net/kml/2.2">
        <styleUrl>#Parti singole_style_map</styleUrl>
        <name>T01033</name>
        <Polygon>
          <outerBoundaryIs>
            <LinearRing>
              <coordinates>8.49187977341347,39.293034948624 8.49219579247549,39.2931469972605 8.49245573970507,39.2932999250872 8.49302669927358,39.2933706881981 8.49327419470849,39.29333072285 8.49294808946908,39.2932051262054 8.49231055648247,39.2930751965867 8.49180309162145,39.292979991094 8.49187977341347,39.293034948624</coordinates>
            </LinearRing>
          </outerBoundaryIs>
        </Polygon>
      </Placemark>
      <Placemark xmlns="http://www.opengis.net/kml/2.2">
        <styleUrl>#Parti singole_style_map</styleUrl>
        <name>T01034</name>
        <Polygon>
          <outerBoundaryIs>
            <LinearRing>
              <coordinates>8.48767464316153,39.2919199013817 8.48788529360393,39.2920552768109 8.4885380850457,39.2921782784217 8.48764174803286,39.2918575469387 8.48767464316153,39.2919199013817</coordinates>
            </LinearRing>
          </outerBoundaryIs>
        </Polygon>
      </Placemark>
      <Placemark xmlns="http://www.opengis.net/kml/2.2">
        <styleUrl>#Parti singole_style_map</styleUrl>
        <name>T01035</name>
        <Polygon>
          <outerBoundaryIs>
            <LinearRing>
              <coordinates>8.48502402730222,39.2910523941013 8.48588262792395,39.2912580660557 8.48618234743684,39.2913243298907 8.48656466776832,39.291447292137 8.48680181632456,39.2914359307421 8.48733760357475,39.2915644961102 8.48771719129475,39.2916762332735 8.48746083047388,39.2915632368894 8.48696281072048,39.2914283149136 8.48505916394139,39.2909905022174 8.48502402730222,39.2910523941013</coordinates>
            </LinearRing>
          </outerBoundaryIs>
        </Polygon>
      </Placemark>
      <Placemark xmlns="http://www.opengis.net/kml/2.2">
        <styleUrl>#Parti singole_style_map</styleUrl>
        <name>T01036</name>
        <Polygon>
          <outerBoundaryIs>
            <LinearRing>
              <coordinates>8.48868225202776,39.2919926617803 8.48898601669218,39.2920631621783 8.48929982077695,39.2920415988985 8.49003705840056,39.2920173681601 8.49021201221175,39.2920469329421 8.49060526992412,39.2921534944095 8.49072579786795,39.2922031571738 8.49184787804164,39.2928113540093 8.49211411310031,39.2928705992198 8.49203740267948,39.2928404480601 8.49161551730656,39.2925884244196 8.49084000087562,39.2921703536148 8.49081822267929,39.2921608872205 8.49067113910045,39.2920969525566 8.49021112939185,39.2919688427018 8.48993286141205,39.2919529086919 8.48970623542433,39.2919570149686 8.48924678604681,39.2919707135158 8.48897709955911,39.2919882174061 8.48886015721495,39.291995813301 8.48868225202776,39.2919926617803</coordinates>
            </LinearRing>
          </outerBoundaryIs>
        </Polygon>
      </Placemark>
      <Placemark xmlns="http://www.opengis.net/kml/2.2">
        <styleUrl>#Parti singole_style_map</styleUrl>
        <name>T01038</name>
        <Polygon>
          <outerBoundaryIs>
            <LinearRing>
              <coordinates>8.48832182948109,39.2918490332218 8.48847283543418,39.2919440478364 8.48868225202776,39.2919926617803 8.48886015721495,39.291995813301 8.48897709955911,39.2919882174061 8.48924678604681,39.2919707135158 8.48970623542433,39.2919570149686 8.48993286141205,39.2919529086919 8.49021112939185,39.2919688427018 8.49067113910045,39.2920969525566 8.49081822267929,39.2921608872205 8.49084000087562,39.2921703536148 8.49161551730656,39.2925884244196 8.49203740267948,39.2928404480601 8.49211411310031,39.2928705992198 8.4927395703712,39.2930393402341 8.49284063927463,39.293054188889 8.49287255527226,39.2929878473723 8.49261895952873,39.2929590159237 8.49249240205631,39.2929506607088 8.49219325333278,39.2928373349099 8.49189454619529,39.2926871386561 8.49124263250966,39.2923037606633 8.49089304640847,39.2921279833468 8.49084554853153,39.2921040954841 8.49063595386204,39.2920206133977 8.49021524103782,39.2919040019922 8.48954676180224,39.2918988364172 8.48880558759138,39.2919431044842 8.48858708978847,39.2919217981945 8.48835341679079,39.2918601741487 8.48832182948109,39.2918490332218</coordinates>
            </LinearRing>
          </outerBoundaryIs>
        </Polygon>
      </Placemark>
      <Placemark xmlns="http://www.opengis.net/kml/2.2">
        <styleUrl>#Parti singole_style_map</styleUrl>
        <name>T01040</name>
        <Polygon>
          <outerBoundaryIs>
            <LinearRing>
              <coordinates>8.48505916394139,39.2909905022174 8.48696281072048,39.2914283149136 8.48746083047388,39.2915632368894 8.48771719129475,39.2916762332735 8.4880516715333,39.2917466821226 8.48749839968225,39.2914966694439 8.48653002930822,39.2912539597534 8.48619548479248,39.2911833170275 8.48565616039164,39.2910966753881 8.48564614268526,39.2910537673958 8.48553298554181,39.2910275957245 8.48549984913855,39.2910586711318 8.48542542726416,39.2910396899437 8.48541967269597,39.2909941967059 8.48517691443181,39.2909452401456 8.48509616528289,39.2909621292165 8.48505916394139,39.2909905022174</coordinates>
            </LinearRing>
          </outerBoundaryIs>
        </Polygon>
      </Placemark>
      <Placemark xmlns="http://www.opengis.net/kml/2.2">
        <styleUrl>#Parti singole_style_map</styleUrl>
        <name>T01319</name>
        <Polygon>
          <outerBoundaryIs>
            <LinearRing>
              <coordinates>8.48225931996979,39.2903812918693 8.48384957786097,39.2906316903523 8.48461108669884,39.2907967533752 8.48506002983383,39.2909166636967 8.48498953355701,39.290949069373 8.48497290859286,39.290977082007 8.48494112483329,39.2910339877919 8.48492969215223,39.2910544454404 8.48478909510651,39.2911522283424 8.48469996854032,39.291234605551 8.48469493787753,39.2912469909474 8.48468386083271,39.2912742802252 8.48458022420599,39.2915293994797 8.48467182848394,39.2915155864313 8.48475144514025,39.2912895642685 8.48476583368337,39.2912487105862 8.48501028706038,39.2910886732721 8.48502402730222,39.2910523941013 8.48505916394139,39.2909905022174 8.48509616528289,39.2909621292165 8.48517691443181,39.2909452401456 8.48541967269597,39.2909941967059 8.48558583085753,39.2906375596932 8.48559057846256,39.2906273806168 8.48594984113251,39.2902385275426 8.48603850286193,39.2901765204077 8.48613418229456,39.2901585612774 8.48614949754629,39.2901192793618 8.48282807142574,39.2894178785803 8.48261452727921,39.2897754723852 8.48225931996979,39.2903812918693</coordinates>
            </LinearRing>
          </outerBoundaryIs>
          <innerBoundaryIs>
            <LinearRing>
              <coordinates>8.48533834085415,39.2902311116359 8.48566584116821,39.2901402276147 8.48569036562227,39.2901988782881 8.48559674048867,39.2902308126597 8.48558735007705,39.2902131102475 8.48535227365864,39.29027297372 8.48533834085415,39.2902311116359</coordinates>
            </LinearRing>
          </innerBoundaryIs>
        </Polygon>
      </Placemark>
      <Placemark xmlns="http://www.opengis.net/kml/2.2">
        <styleUrl>#Parti singole_style_map</styleUrl>
        <name>T01320</name>
        <Polygon>
          <outerBoundaryIs>
            <LinearRing>
              <coordinates>8.48282807142574,39.2894178785803 8.48614949754629,39.2901192793618 8.48622243986127,39.2901359288042 8.48653297535026,39.2901987884175 8.48795545774433,39.2905124470917 8.487538549578,39.290162232359 8.48691716524464,39.2897934897336 8.48670365811399,39.2896852580511 8.48655612101619,39.2896258935964 8.4860426430366,39.2895899626716 8.48611896470938,39.290076686276 8.48607607584465,39.2900809841486 8.4858859806571,39.2889094701334 8.48587742638032,39.2888567469893 8.48347334016892,39.2883372489295 8.48282807142574,39.2894178785803</coordinates>
            </LinearRing>
          </outerBoundaryIs>
          <innerBoundaryIs>
            <LinearRing>
              <coordinates>8.48468954779266,39.2889401478729 8.48474067697511,39.2889473846069 8.48473272087342,39.2889792290959 8.48479723261057,39.2889941841333 8.48479105668903,39.2890204589089 8.48482236470685,39.289029905554 8.48480943791044,39.289064404205 8.48466754776236,39.2890338964803 8.48468954779266,39.2889401478729</coordinates>
            </LinearRing>
          </innerBoundaryIs>
        </Polygon>
      </Placemark>
      <Placemark xmlns="http://www.opengis.net/kml/2.2">
        <styleUrl>#Parti singole_style_map</styleUrl>
        <name>T02958</name>
        <Polygon>
          <outerBoundaryIs>
            <LinearRing>
              <coordinates>8.48282807142574,39.2894178785803 8.48614949754629,39.2901192793618 8.48622243986127,39.2901359288042 8.48653297535026,39.2901987884175 8.48795545774433,39.2905124470917 8.487538549578,39.290162232359 8.48691716524464,39.2897934897336 8.48670365811399,39.2896852580511 8.48655612101619,39.2896258935964 8.4860426430366,39.2895899626716 8.48611896470938,39.290076686276 8.48607607584465,39.2900809841486 8.4858859806571,39.2889094701334 8.48587742638032,39.2888567469893 8.48347334016892,39.2883372489295 8.48282807142574,39.2894178785803</coordinates>
            </LinearRing>
          </outerBoundaryIs>
          <innerBoundaryIs>
            <LinearRing>
              <coordinates>8.48468954779266,39.2889401478729 8.48474067697511,39.2889473846069 8.48473272087342,39.2889792290959 8.48479723261057,39.2889941841333 8.48479105668903,39.2890204589089 8.48482236470685,39.289029905554 8.48480943791044,39.289064404205 8.48466754776236,39.2890338964803 8.48468954779266,39.2889401478729</coordinates>
            </LinearRing>
          </innerBoundaryIs>
        </Polygon>
      </Placemark>
      <Placemark xmlns="http://www.opengis.net/kml/2.2">
        <styleUrl>#Parti singole_style_map</styleUrl>
        <name>T01345</name>
        <Polygon>
          <outerBoundaryIs>
            <LinearRing>
              <coordinates>8.48593512501305,39.2889043169222 8.4860426430366,39.2895899626716 8.48655612101619,39.2896258935964 8.48670365811399,39.2896852580511 8.48691716524464,39.2897934897336 8.487538549578,39.290162232359 8.48795545774433,39.2905124470917 8.48838658687096,39.2883036767237 8.48592592964248,39.2888457069862 8.48593512501305,39.2889043169222</coordinates>
            </LinearRing>
          </outerBoundaryIs>
        </Polygon>
      </Placemark>
      <Placemark xmlns="http://www.opengis.net/kml/2.2">
        <styleUrl>#Parti singole_style_map</styleUrl>
        <name>T01348</name>
        <Polygon>
          <outerBoundaryIs>
            <LinearRing>
              <coordinates>8.48901358547731,39.2891799889015 8.48929063313901,39.2892314577906 8.49324452824953,39.2887528532269 8.49789761591209,39.2892605938611 8.4990233114332,39.291873060422 8.49901949622435,39.2920958506236 8.49950547412308,39.2922338139895 8.49962653610947,39.2922924354578 8.50025099980053,39.2917273396365 8.50046122181504,39.2915642754084 8.50078027199959,39.2915673568681 8.50145305624055,39.2912727907393 8.50226214538274,39.291261062947 8.50264388766725,39.2913385922779 8.50296107224426,39.2915003375696 8.50310328465899,39.2914182631821 8.50302011930916,39.2911527061054 8.50312733064746,39.2908023428163 8.5032904356489,39.2906318907034 8.50351381935483,39.2904836906343 8.50354942052546,39.2904570988968 8.50369176612906,39.2901588044079 8.50365569966949,39.290060893837 8.50378101052844,39.2896935859343 8.50387087727461,39.2893945807714 8.50385055408278,39.2893891237491 8.50284020316493,39.2882353379716 8.50156108397742,39.2875232665807 8.50052594387326,39.2866409809517 8.50029819250261,39.2862661502993 8.50016993884715,39.2860821511522 8.49971827615616,39.2856169263024 8.49849582739215,39.2843577474667 8.49799856968236,39.2842128019478 8.49747835267252,39.2833663642894 8.49733518636378,39.2831860459882 8.49689162682731,39.2826274133373 8.4967801663345,39.2824870405933 8.49588289017074,39.28234143657 8.49469981981992,39.2824680318043 8.49425028072353,39.2844547162793 8.4909015193279,39.2883728270194 8.4897894440039,39.2884703168561 8.48958609113705,39.2884837789322 8.48958117841767,39.2885455164739 8.48949809345679,39.2885412953903 8.48950247148204,39.2884893230665 8.48945538324311,39.2884924413866 8.48863674040181,39.2887535255218 8.48901358547731,39.2891799889015</coordinates>
            </LinearRing>
          </outerBoundaryIs>
        </Polygon>
      </Placemark>
      <Placemark xmlns="http://www.opengis.net/kml/2.2">
        <styleUrl>#Parti singole_style_map</styleUrl>
        <name>T03312</name>
        <Polygon>
          <outerBoundaryIs>
            <LinearRing>
              <coordinates>8.49316215001478,39.2920967116422 8.49321215073892,39.2921048948729 8.49321740434213,39.2920855178062 8.49316678466874,39.2920795485038 8.49316215001478,39.2920967116422</coordinates>
            </LinearRing>
          </outerBoundaryIs>
        </Polygon>
      </Placemark>
      <Placemark xmlns="http://www.opengis.net/kml/2.2">
        <styleUrl>#Parti singole_style_map</styleUrl>
        <name>T03313</name>
        <Polygon>
          <outerBoundaryIs>
            <LinearRing>
              <coordinates>8.51493972315976,39.2894776399196 8.51260842779922,39.2898321983522 8.5126796053345,39.2902763169748 8.51373604889018,39.2911244150253 8.51470177194517,39.2915892257852 8.51508667927825,39.2918404622053 8.51493972315976,39.2894776399196</coordinates>
            </LinearRing>
          </outerBoundaryIs>
        </Polygon>
      </Placemark>
      <Placemark xmlns="http://www.opengis.net/kml/2.2">
        <styleUrl>#Parti singole_style_map</styleUrl>
        <name>T01039</name>
        <Polygon>
          <outerBoundaryIs>
            <LinearRing>
              <coordinates>8.49261895952873,39.2929590159237 8.49287255527226,39.2929878473723 8.49289115623283,39.2929491826178 8.49267114030384,39.292962460277 8.49261895952873,39.2929590159237</coordinates>
            </LinearRing>
          </outerBoundaryIs>
        </Polygon>
      </Placemark>
      <Placemark xmlns="http://www.opengis.net/kml/2.2">
        <styleUrl>#Parti singole_style_map</styleUrl>
        <name>T01323</name>
        <Polygon>
          <outerBoundaryIs>
            <LinearRing>
              <coordinates>8.49120828905676,39.2921447165192 8.49127212976482,39.2921760644354 8.49146827462195,39.292105719691 8.49148403195716,39.292072295942 8.49145076352039,39.2920626352741 8.49120828905676,39.2921447165192</coordinates>
            </LinearRing>
          </outerBoundaryIs>
        </Polygon>
      </Placemark>
      <Placemark xmlns="http://www.opengis.net/kml/2.2">
        <styleUrl>#Parti singole_style_map</styleUrl>
        <name>T02759</name>
        <Polygon>
          <outerBoundaryIs>
            <LinearRing>
              <coordinates>8.4923798944361,39.2928659202317 8.4925223765039,39.2929059183771 8.49289115623283,39.2929491826178 8.49293205738328,39.2929489463942 8.49308858495108,39.292962937226 8.49274722142613,39.2926205221388 8.49246011466979,39.2925579615109 8.4920676441132,39.2927074926641 8.4923798944361,39.2928659202317</coordinates>
            </LinearRing>
          </outerBoundaryIs>
        </Polygon>
      </Placemark>
      <Placemark xmlns="http://www.opengis.net/kml/2.2">
        <styleUrl>#Parti singole_style_map</styleUrl>
        <name>T02760</name>
        <Polygon>
          <outerBoundaryIs>
            <LinearRing>
              <coordinates>8.49197411636462,39.2926761867623 8.49234470220117,39.2925431220265 8.49200706582112,39.2924461713748 8.49174412075913,39.2925366704097 8.49197411636462,39.2926761867623</coordinates>
            </LinearRing>
          </outerBoundaryIs>
        </Polygon>
      </Placemark>
      <Placemark xmlns="http://www.opengis.net/kml/2.2">
        <styleUrl>#Parti singole_style_map</styleUrl>
        <name>T02761</name>
        <Polygon>
          <outerBoundaryIs>
            <LinearRing>
              <coordinates>8.49168580332184,39.2924983456025 8.49191320138223,39.292418179876 8.49160030865118,39.2923249043199 8.49146370900088,39.292367991012 8.49168580332184,39.2924983456025</coordinates>
            </LinearRing>
          </outerBoundaryIs>
        </Polygon>
      </Placemark>
      <Placemark xmlns="http://www.opengis.net/kml/2.2">
        <styleUrl>#Parti singole_style_map</styleUrl>
        <name>T02762</name>
        <Polygon>
          <outerBoundaryIs>
            <LinearRing>
              <coordinates>8.49139309010114,39.2923390554592 8.49151993649912,39.292297710335 8.49127212976482,39.2921760644354 8.49119452516686,39.2922038833904 8.49139309010114,39.2923390554592</coordinates>
            </LinearRing>
          </outerBoundaryIs>
        </Polygon>
      </Placemark>
      <Placemark xmlns="http://www.opengis.net/kml/2.2">
        <styleUrl>#Parti singole_style_map</styleUrl>
        <name>T02763</name>
        <Polygon>
          <outerBoundaryIs>
            <LinearRing>
              <coordinates>8.49110733681672,39.2921748211374 8.49120828905676,39.2921447165192 8.49090139502292,39.2920064390532 8.49088428459384,39.2919979177424 8.49085634694532,39.2920125403778 8.49110733681672,39.2921748211374</coordinates>
            </LinearRing>
          </outerBoundaryIs>
        </Polygon>
      </Placemark>
      <Placemark xmlns="http://www.opengis.net/kml/2.2">
        <styleUrl>#Parti singole_style_map</styleUrl>
        <name>T01318</name>
        <Polygon>
          <outerBoundaryIs>
            <LinearRing>
              <coordinates>8.4858859806571,39.2889094701334 8.48607607584465,39.2900809841486 8.48611896470938,39.290076686276 8.4860426430366,39.2895899626716 8.48593512501305,39.2889043169222 8.48592592964248,39.2888457069862 8.48587742638032,39.2888567469893 8.4858859806571,39.2889094701334</coordinates>
            </LinearRing>
          </outerBoundaryIs>
        </Polygon>
      </Placemark>
      <Placemark xmlns="http://www.opengis.net/kml/2.2">
        <styleUrl>#Parti singole_style_map</styleUrl>
        <name>T01324</name>
        <Polygon>
          <outerBoundaryIs>
            <LinearRing>
              <coordinates>8.49146827462195,39.292105719691 8.49151546267401,39.2921163692875 8.49152356350855,39.2920913911011 8.49146827462195,39.292105719691</coordinates>
            </LinearRing>
          </outerBoundaryIs>
        </Polygon>
      </Placemark>
      <Placemark xmlns="http://www.opengis.net/kml/2.2">
        <styleUrl>#Parti singole_style_map</styleUrl>
        <name>T01440</name>
        <Polygon>
          <outerBoundaryIs>
            <LinearRing>
              <coordinates>8.51493972315976,39.2894776399196 8.51508667927825,39.2918404622053 8.51495417806627,39.2919925054971 8.51498761204224,39.2920273629783 8.5150321439154,39.2920403077187 8.51515973368546,39.2921462372587 8.51520330298716,39.2920331907926 8.5157220315622,39.2915999287373 8.51584657249736,39.2913978602497 8.51585271957464,39.2913640237433 8.51585229843792,39.2912804300312 8.51600038646072,39.2902742752343 8.51594035060269,39.2900023808251 8.51577238096884,39.2896198276987 8.51546358047295,39.2895104230272 8.51540450632643,39.2894155379213 8.51549121853702,39.2890572743826 8.51564541081786,39.2888089605784 8.51566589702662,39.2884645678995 8.51581793069548,39.2882044679033 8.51606546546319,39.2880583354812 8.5162462849831,39.2880916700437 8.51633586346941,39.2880977191921 8.51640353094262,39.288061056719 8.51662245429727,39.2877115954841 8.51663289817143,39.2872637723685 8.51647526479163,39.2871032770222 8.51630916300505,39.2869097761975 8.51611992897918,39.2866962112732 8.51606487922133,39.286678844008 8.51516296451029,39.2868053744025 8.51510632046195,39.2868073459581 8.51470661114118,39.2868212408516 8.51493972315976,39.2894776399196</coordinates>
            </LinearRing>
          </outerBoundaryIs>
        </Polygon>
      </Placemark>
      <Placemark xmlns="http://www.opengis.net/kml/2.2">
        <styleUrl>#Parti singole_style_map</styleUrl>
        <name>T01337</name>
        <Polygon>
          <outerBoundaryIs>
            <LinearRing>
              <coordinates>8.48795545774433,39.2905124470917 8.48869417766533,39.2908894400202 8.49037015451866,39.2910355394266 8.49090842127621,39.291022451652 8.49098183209941,39.2909939297216 8.49103647502655,39.2909406094025 8.49122989685439,39.2906629898939 8.49119023519566,39.2906427677307 8.49077690211508,39.2904321012873 8.49046038365386,39.2902981687049 8.48991920691889,39.2899062664721 8.48929063313901,39.2892314577906 8.48901358547731,39.2891799889015 8.48863674040181,39.2887535255218 8.48855302596999,39.2886127443873 8.48838658687096,39.2883036767237 8.48795545774433,39.2905124470917</coordinates>
            </LinearRing>
          </outerBoundaryIs>
          <innerBoundaryIs>
            <LinearRing>
              <coordinates>8.48975370745723,39.2905522720264 8.48978676038806,39.2905052551751 8.48996621273222,39.2903714497285 8.49011598315466,39.2903234215755 8.49016233452817,39.2903085588706 8.49017057727928,39.2903135959074 8.49041062329766,39.2904600976284 8.49055472021995,39.2905756055909 8.49066493476213,39.2906639420782 8.49047511203724,39.2907487843022 8.49019867090944,39.2908061426414 8.48975967119669,39.2907449731467 8.4897655909627,39.2905924756476 8.48975370745723,39.2905522720264</coordinates>
            </LinearRing>
          </innerBoundaryIs>
          <innerBoundaryIs>
            <LinearRing>
              <coordinates>8.48925755104343,39.2902644639575 8.48920714396388,39.2901702537978 8.48942329599577,39.2901004180058 8.48947370331694,39.2901946280747 8.48925755104343,39.2902644639575</coordinates>
            </LinearRing>
          </innerBoundaryIs>
        </Polygon>
      </Placemark>
      <Placemark xmlns="http://www.opengis.net/kml/2.2">
        <styleUrl>#Parti singole_style_map</styleUrl>
        <name>T02959</name>
        <Polygon>
          <outerBoundaryIs>
            <LinearRing>
              <coordinates>8.48795545774433,39.2905124470917 8.48869417766533,39.2908894400202 8.49037015451866,39.2910355394266 8.49090842127621,39.291022451652 8.49098183209941,39.2909939297216 8.49103647502655,39.2909406094025 8.49122989685439,39.2906629898939 8.49119023519566,39.2906427677307 8.49077690211508,39.2904321012873 8.49046038365386,39.2902981687049 8.48991920691889,39.2899062664721 8.48929063313901,39.2892314577906 8.48901358547731,39.2891799889015 8.48863674040181,39.2887535255218 8.48855302596999,39.2886127443873 8.48838658687096,39.2883036767237 8.48795545774433,39.2905124470917</coordinates>
            </LinearRing>
          </outerBoundaryIs>
          <innerBoundaryIs>
            <LinearRing>
              <coordinates>8.48975370745723,39.2905522720264 8.48978676038806,39.2905052551751 8.48996621273222,39.2903714497285 8.49011598315466,39.2903234215755 8.49016233452817,39.2903085588706 8.49017057727928,39.2903135959074 8.49041062329766,39.2904600976284 8.49055472021995,39.2905756055909 8.49066493476213,39.2906639420782 8.49047511203724,39.2907487843022 8.49019867090944,39.2908061426414 8.48975967119669,39.2907449731467 8.4897655909627,39.2905924756476 8.48975370745723,39.2905522720264</coordinates>
            </LinearRing>
          </innerBoundaryIs>
          <innerBoundaryIs>
            <LinearRing>
              <coordinates>8.48925755104343,39.2902644639575 8.48920714396388,39.2901702537978 8.48942329599577,39.2901004180058 8.48947370331694,39.2901946280747 8.48925755104343,39.2902644639575</coordinates>
            </LinearRing>
          </innerBoundaryIs>
        </Polygon>
      </Placemark>
      <Placemark xmlns="http://www.opengis.net/kml/2.2">
        <styleUrl>#Parti singole_style_map</styleUrl>
        <name>T01292</name>
        <Polygon>
          <outerBoundaryIs>
            <LinearRing>
              <coordinates>8.49335685993669,39.2924324588802 8.4933805577434,39.2924330756808 8.49344532065531,39.2924347993741 8.49348542501153,39.2924356677974 8.49348655048107,39.2924178856555 8.49354568228094,39.2924173681555 8.49353839060868,39.2921838341813 8.49344257912646,39.2921620888359 8.4933658655547,39.2923800200157 8.49335685993669,39.2924324588802</coordinates>
            </LinearRing>
          </outerBoundaryIs>
        </Polygon>
      </Placemark>
      <Placemark xmlns="http://www.opengis.net/kml/2.2">
        <styleUrl>#Parti singole_style_map</styleUrl>
        <name>T01293</name>
        <Polygon>
          <outerBoundaryIs>
            <LinearRing>
              <coordinates>8.49375973013673,39.2925835191625 8.49383179148908,39.2925846346409 8.49383465086689,39.2925450722652 8.49399149256533,39.2925491605344 8.49399319020397,39.2925871568575 8.49404961022885,39.2925880329706 8.49406703011672,39.2925876672007 8.49406792319496,39.2925393379075 8.49411604427065,39.2925380694055 8.49411208715776,39.2925223646414 8.49414684359745,39.2925154874482 8.49375872181267,39.2925190795505 8.49375973013673,39.2925835191625</coordinates>
            </LinearRing>
          </outerBoundaryIs>
        </Polygon>
      </Placemark>
      <Placemark xmlns="http://www.opengis.net/kml/2.2">
        <styleUrl>#Parti singole_style_map</styleUrl>
        <name>T01294</name>
        <Polygon>
          <outerBoundaryIs>
            <LinearRing>
              <coordinates>8.49415256641311,39.2925388138953 8.4941745775722,39.2925401620751 8.49417440056219,39.2925905128702 8.49420495283957,39.2925909700796 8.49420537492641,39.2925806637203 8.49419709564678,39.2925468017117 8.49418020763753,39.2925151729617 8.49414684359745,39.2925154874482 8.49415256641311,39.2925388138953</coordinates>
            </LinearRing>
          </outerBoundaryIs>
        </Polygon>
      </Placemark>
      <Placemark xmlns="http://www.opengis.net/kml/2.2">
        <styleUrl>#Parti singole_style_map</styleUrl>
        <name>T01322</name>
        <Polygon>
          <outerBoundaryIs>
            <LinearRing>
              <coordinates>8.49122056987019,39.2919957158971 8.49145076352039,39.2920626352741 8.49157824478216,39.2920232211393 8.49150682683857,39.292005392306 8.49148674435778,39.2920259839969 8.49123378889919,39.291952531548 8.49122056987019,39.2919957158971</coordinates>
            </LinearRing>
          </outerBoundaryIs>
        </Polygon>
      </Placemark>
      <Placemark xmlns="http://www.opengis.net/kml/2.2">
        <styleUrl>#Parti singole_style_map</styleUrl>
        <name>T01298</name>
        <Polygon>
          <outerBoundaryIs>
            <LinearRing>
              <coordinates>8.49417412255404,39.2926709948702 8.49420164981807,39.2926712406944 8.49420495283957,39.2925909700796 8.49417440056219,39.2925905128702 8.49417412255404,39.2926709948702</coordinates>
            </LinearRing>
          </outerBoundaryIs>
        </Polygon>
      </Placemark>
      <Placemark xmlns="http://www.opengis.net/kml/2.2">
        <styleUrl>#Parti singole_style_map</styleUrl>
        <name>T01299</name>
        <Polygon>
          <outerBoundaryIs>
            <LinearRing>
              <coordinates>8.49411604427065,39.2925380694055 8.49415256641311,39.2925388138953 8.49414684359745,39.2925154874482 8.49411208715776,39.2925223646414 8.49411604427065,39.2925380694055</coordinates>
            </LinearRing>
          </outerBoundaryIs>
        </Polygon>
      </Placemark>
      <Placemark xmlns="http://www.opengis.net/kml/2.2">
        <styleUrl>#Parti singole_style_map</styleUrl>
        <name>T01300</name>
        <Polygon>
          <outerBoundaryIs>
            <LinearRing>
              <coordinates>8.49411604427065,39.2925380694055 8.49411832145079,39.292547126009 8.49415256641311,39.2925388138953 8.49411604427065,39.2925380694055</coordinates>
            </LinearRing>
          </outerBoundaryIs>
        </Polygon>
      </Placemark>
      <Placemark xmlns="http://www.opengis.net/kml/2.2">
        <styleUrl>#Parti singole_style_map</styleUrl>
        <name>T01310</name>
        <Polygon>
          <outerBoundaryIs>
            <LinearRing>
              <coordinates>8.49374473240826,39.2926967178892 8.49384030193626,39.2927006568707 8.49383864952734,39.2927577862708 8.49404632420706,39.2927641320143 8.49404902544876,39.2926193154366 8.49404961022885,39.2925880329706 8.49399319020397,39.2925871568575 8.49383179148908,39.2925846346409 8.49375973013673,39.2925835191625 8.49374976048982,39.2925847192532 8.49374473240826,39.2926967178892</coordinates>
            </LinearRing>
          </outerBoundaryIs>
        </Polygon>
      </Placemark>
      <Placemark xmlns="http://www.opengis.net/kml/2.2">
        <styleUrl>#Parti singole_style_map</styleUrl>
        <name>T01311</name>
        <Polygon>
          <outerBoundaryIs>
            <LinearRing>
              <coordinates>8.49383179148908,39.2925846346409 8.49399319020397,39.2925871568575 8.49399149256533,39.2925491605344 8.49383465086689,39.2925450722652 8.49383179148908,39.2925846346409</coordinates>
            </LinearRing>
          </outerBoundaryIs>
        </Polygon>
      </Placemark>
      <Placemark xmlns="http://www.opengis.net/kml/2.2">
        <styleUrl>#Parti singole_style_map</styleUrl>
        <name>T01325</name>
        <Polygon>
          <outerBoundaryIs>
            <LinearRing>
              <coordinates>8.49211268270324,39.292054758902 8.49227317955339,39.292077598601 8.49228950875431,39.292008314812 8.49212931086999,39.2919842419802 8.49211268270324,39.292054758902</coordinates>
            </LinearRing>
          </outerBoundaryIs>
        </Polygon>
      </Placemark>
      <Placemark xmlns="http://www.opengis.net/kml/2.2">
        <styleUrl>#Parti singole_style_map</styleUrl>
        <name>T01290</name>
        <Polygon>
          <outerBoundaryIs>
            <LinearRing>
              <coordinates>8.48542542726416,39.2910396899437 8.48549984913855,39.2910586711318 8.48553298554181,39.2910275957245 8.48564614268526,39.2910537673958 8.48565616039164,39.2910966753881 8.48619548479248,39.2911833170275 8.48653002930822,39.2912539597534 8.48749839968225,39.2914966694439 8.4880516715333,39.2917466821226 8.48812292568816,39.2917788753435 8.48832182948109,39.2918490332218 8.48835341679079,39.2918601741487 8.48858708978847,39.2919217981945 8.48880558759138,39.2919431044842 8.48954676180224,39.2918988364172 8.49021524103782,39.2919040019922 8.49063595386204,39.2920206133977 8.49084554853153,39.2921040954841 8.49089304640847,39.2921279833468 8.49075726957493,39.2920431574947 8.49085634694532,39.2920125403778 8.49089636559669,39.2919915945111 8.49094752864072,39.2918649302704 8.49119600283596,39.2913498234771 8.49194636607351,39.2913101937553 8.49191094143824,39.2912475771603 8.49165910928179,39.2905384373913 8.49164777788834,39.2905195375775 8.49155064123405,39.2904778082479 8.49126860366864,39.2905428487931 8.49119023519566,39.2906427677307 8.49122989685439,39.2906629898939 8.49103647502655,39.2909406094025 8.49098183209941,39.2909939297216 8.49090842127621,39.291022451652 8.49037015451866,39.2910355394266 8.48869417766533,39.2908894400202 8.48795545774433,39.2905124470917 8.48653297535026,39.2901987884175 8.48622243986127,39.2901359288042 8.48620423847318,39.2901798114426 8.48614454705469,39.2901683115357 8.48615365754218,39.2902147927176 8.48605775554684,39.2902346341087 8.48603850286193,39.2901765204077 8.48594984113251,39.2902385275426 8.48559057846256,39.2906273806168 8.48578046419852,39.290593303694 8.48580005442988,39.2906512297012 8.48592441817079,39.2906290904172 8.48606529662981,39.2906636739702 8.48607126314993,39.2906865874019 8.48621583169951,39.2906621672493 8.48623525541006,39.2907381588213 8.4863285114725,39.2907218648163 8.48635882040642,39.290796724028 8.48638122575106,39.2907932276853 8.48638785827987,39.2908313270026 8.48642394742138,39.2908245481025 8.48640949107109,39.2907685461124 8.48653678576137,39.2907467885497 8.48655627399553,39.2907997220739 8.48657333557274,39.2907943819587 8.48658512564843,39.2908169786572 8.48662448176903,39.2908121964564 8.48666131559719,39.29093202054 8.48623824641512,39.2910125736506 8.4862060511063,39.2909292811132 8.48625118393169,39.2909178927032 8.48623366769862,39.2908696443698 8.48614649089936,39.2908823158302 8.48612401675435,39.2908270443008 8.48595706810865,39.2908625476902 8.48594730716303,39.2908384100604 8.48590421449501,39.2908451398457 8.48587395788269,39.2907584407414 8.48591909650974,39.2907478364127 8.48589562570611,39.2906941012575 8.48573826518453,39.2907203386892 8.48572759260009,39.290686105072 8.48561236754805,39.2907017157776 8.48558583085753,39.2906375596932 8.48541967269597,39.2909941967059 8.48542542726416,39.2910396899437</coordinates>
            </LinearRing>
          </outerBoundaryIs>
          <innerBoundaryIs>
            <LinearRing>
              <coordinates>8.48657554918529,39.2910928427994 8.48663610356532,39.291067294461 8.4866561881054,39.2911005332952 8.48659472180726,39.2911239240722 8.48657554918529,39.2910928427994</coordinates>
            </LinearRing>
          </innerBoundaryIs>
          <innerBoundaryIs>
            <LinearRing>
              <coordinates>8.49140655928483,39.2907156276463 8.49146827102046,39.2907269444637 8.49145481113947,39.2907714163212 8.49139307611117,39.2907601084055 8.49140655928483,39.2907156276463</coordinates>
            </LinearRing>
          </innerBoundaryIs>
        </Polygon>
      </Placemark>
      <Placemark xmlns="http://www.opengis.net/kml/2.2">
        <styleUrl>#Parti singole_style_map</styleUrl>
        <name>T02283</name>
        <Polygon>
          <outerBoundaryIs>
            <LinearRing>
              <coordinates>8.49271062385081,39.2925627754507 8.49280213326624,39.292637557403 8.49284077261908,39.292674318127 8.49304283778542,39.2928778484846 8.49312793963027,39.2928813189384 8.4930895095642,39.2928524795912 8.49317590321175,39.29262224618 8.49272828470057,39.2924888929647 8.49271062385081,39.2925627754507</coordinates>
            </LinearRing>
          </outerBoundaryIs>
        </Polygon>
      </Placemark>
      <Placemark xmlns="http://www.opengis.net/kml/2.2">
        <styleUrl>#Parti singole_style_map</styleUrl>
        <name>T02284</name>
        <Polygon>
          <outerBoundaryIs>
            <LinearRing>
              <coordinates>8.49090139502292,39.2920064390532 8.49128642663396,39.2918751438918 8.49199933207081,39.2919088590207 8.49206213752347,39.2916551948099 8.49241690729365,39.2917106448698 8.49260231835726,39.2918593635993 8.49260714375973,39.2918447062781 8.4926373932071,39.2918581469387 8.49293016421281,39.2919067292518 8.49293099687077,39.2919006146426 8.49293621363202,39.2918622519666 8.49300880868112,39.291869650709 8.49303695159873,39.2918584559523 8.49324663705774,39.291884671374 8.4932949564049,39.2918960460302 8.49351033293199,39.2919467677263 8.49346973833669,39.2920798676712 8.49341810474406,39.2921083688485 8.4932748018578,39.2920922915233 8.49321740434213,39.2920855178062 8.49321215073892,39.2921048948729 8.49316215001478,39.2920967116422 8.49316678466874,39.2920795485038 8.49312165689362,39.2920742158306 8.4929560569633,39.292054670984 8.4929438041339,39.2920541039771 8.49290522336519,39.2920510343965 8.49277112990454,39.2921310412128 8.49275970990103,39.2922174847464 8.49274420623074,39.2923298791934 8.49273534471878,39.2923831746503 8.49259881779697,39.2924419595603 8.49267345201599,39.2924560983678 8.49266848557476,39.2924822526762 8.49270999074287,39.2924834428481 8.49271095760679,39.2924153895552 8.49335685993669,39.2924324588802 8.4933658655547,39.2923800200157 8.49320130096746,39.2923824119708 8.49305948079842,39.292363268204 8.49286464903554,39.29233697302 8.49283295744156,39.2923048109929 8.49284643549851,39.2921485167806 8.49293138008914,39.2921013557942 8.49295278728857,39.2921044226085 8.49315408237602,39.2921332417543 8.49319341658058,39.2921315388848 8.49344257912646,39.2921620888359 8.49353839060868,39.2921838341813 8.49354568228094,39.2924173681555 8.49355317505058,39.2924155175435 8.49357894077133,39.2924091690548 8.49359370593934,39.2921979603864 8.49378566820685,39.2922024450796 8.49406182901737,39.2922149637021 8.49405003142191,39.2924248968131 8.49375409119528,39.2924150133174 8.49375872181267,39.2925190795505 8.49414684359745,39.2925154874482 8.49418020763753,39.2925151729617 8.49419709564678,39.2925468017117 8.49420537492641,39.2925806637203 8.49420495283957,39.2925909700796 8.49420164981807,39.2926712406944 8.49419258760813,39.2927090730977 8.49417186383739,39.2927495579981 8.4941520554856,39.2927643664961 8.49406766269667,39.2927960955085 8.4940643152877,39.2926200577259 8.49404902544876,39.2926193154366 8.49404632420706,39.2927641320143 8.49383864952734,39.2927577862708 8.49384030193626,39.2927006568707 8.49374473240826,39.2926967178892 8.49379725443902,39.2927799165653 8.49369779503954,39.2926930175048 8.4936518701448,39.2926743367818 8.49360620275602,39.2926601534805 8.49359395345253,39.2926590819602 8.49361008572235,39.2928534309938 8.49331772096439,39.2928652776354 8.49331741324844,39.2929272335841 8.49344122356952,39.2929113192484 8.4935169993607,39.2929071438167 8.4936783197338,39.2929367251383 8.4937299697336,39.292947852799 8.49357878138936,39.2930184060473 8.49365437614256,39.2930329268549 8.49402295499549,39.292930394181 8.49420246925077,39.2928473305568 8.49425864951087,39.2926447628649 8.49424392638367,39.2925765782795 8.4941534241707,39.2922892493854 8.49410748928744,39.2921550325479 8.49401852427878,39.2920933477263 8.49389605683758,39.2920228743143 8.49334919056453,39.2918770154451 8.49248047258506,39.2916453065399 8.49223652264047,39.2915388264248 8.49216429376004,39.2914952690193 8.49194636607351,39.2913101937553 8.49119600283596,39.2913498234771 8.49094752864072,39.2918649302704 8.49089636559669,39.2919915945111 8.49088428459384,39.2919979177424 8.49090139502292,39.2920064390532</coordinates>
            </LinearRing>
          </outerBoundaryIs>
        </Polygon>
      </Placemark>
      <Placemark xmlns="http://www.opengis.net/kml/2.2">
        <styleUrl>#Parti singole_style_map</styleUrl>
        <name>T01331</name>
        <Polygon>
          <outerBoundaryIs>
            <LinearRing>
              <coordinates>8.49312793963027,39.2928813189384 8.49313565383031,39.2928889665525 8.49326686909598,39.2928689127269 8.49331772096439,39.2928652776354 8.49361008572235,39.2928534309938 8.49359395345253,39.2926590819602 8.49317590321175,39.29262224618 8.4930895095642,39.2928524795912 8.49312793963027,39.2928813189384</coordinates>
            </LinearRing>
          </outerBoundaryIs>
        </Polygon>
      </Placemark>
      <Placemark xmlns="http://www.opengis.net/kml/2.2">
        <styleUrl>#Parti singole_style_map</styleUrl>
        <name>T01041</name>
        <Polygon>
          <outerBoundaryIs>
            <LinearRing>
              <coordinates>8.51196931320917,39.2796186658668 8.51220379476985,39.2798749939042 8.51242257054924,39.2799638641773 8.51251627991168,39.2799879369071 8.51273860959561,39.280015828158 8.51289258684452,39.2800613280664 8.5130204983638,39.2800770915509 8.51348603241709,39.2799396437775 8.51356542416864,39.2799318030271 8.51386352269477,39.2800281206341 8.51426749699115,39.2801414141281 8.51442600034543,39.2798760172468 8.51442825692057,39.2794671848647 8.51440210262581,39.2792404389575 8.51514897124039,39.2790885247654 8.51608244178236,39.2789429145701 8.51634303852528,39.2788009714875 8.51657219199603,39.278574746373 8.51675031514565,39.2783273229716 8.51677833612131,39.2782785653788 8.51635050203118,39.2783515584569 8.51407906468343,39.2787505849979 8.51270869370543,39.2789912961665 8.51246692548092,39.278939859588 8.512269090163,39.2793105680446 8.51221553522542,39.2793911693813 8.51201526761125,39.279510685344 8.51197747159407,39.2795641043503 8.51196931320917,39.2796186658668</coordinates>
            </LinearRing>
          </outerBoundaryIs>
        </Polygon>
      </Placemark>
      <Placemark xmlns="http://www.opengis.net/kml/2.2">
        <styleUrl>#Parti singole_style_map</styleUrl>
        <name>T02769</name>
        <Polygon>
          <outerBoundaryIs>
            <LinearRing>
              <coordinates>8.49495056084449,39.2924675913276 8.49495002039146,39.2925234100183 8.49510434604348,39.2926888037047 8.49507134320818,39.292692093541 8.4950698340376,39.2928455925835 8.49514325730897,39.2928460283513 8.49513427234299,39.2926924657486 8.49497400833157,39.292522387814 8.49497155708539,39.2924665561368 8.49495056084449,39.2924675913276</coordinates>
            </LinearRing>
          </outerBoundaryIs>
        </Polygon>
      </Placemark>
      <Placemark xmlns="http://www.opengis.net/kml/2.2">
        <styleUrl>#Parti singole_style_map</styleUrl>
        <name>T02768</name>
        <Polygon>
          <outerBoundaryIs>
            <LinearRing>
              <coordinates>8.48991920691889,39.2899062664721 8.49046038365386,39.2902981687049 8.49077690211508,39.2904321012873 8.49119023519566,39.2906427677307 8.49126860366864,39.2905428487931 8.49155064123405,39.2904778082479 8.49164777788834,39.2905195375775 8.49165910928179,39.2905384373913 8.49191094143824,39.2912475771603 8.49194636607351,39.2913101937553 8.49216429376004,39.2914952690193 8.49223652264047,39.2915388264248 8.49248047258506,39.2916453065399 8.49389605683758,39.2920228743143 8.49401852427878,39.2920933477263 8.49421722638008,39.2922311196694 8.49373230354805,39.2904308160093 8.49371802840733,39.2903778342709 8.49378075168751,39.2903726917844 8.49379421337091,39.2904227054681 8.49435413638323,39.2925039087791 8.4942928178666,39.2925101749963 8.49432974651433,39.2926203736775 8.49434878630364,39.2927509938488 8.49428023087159,39.292957103043 8.49409957560291,39.2930375577433 8.49494698164423,39.2929751101894 8.49563445309802,39.2927947255538 8.49764693344095,39.2922200462363 8.4979315704209,39.2921386381168 8.49836574990373,39.2920228857649 8.4987414521892,39.2920237931954 8.49870072459901,39.2918535324702 8.4990233114332,39.291873060422 8.49789761591209,39.2892605938611 8.49324452824953,39.2887528532269 8.48929063313901,39.2892314577906 8.48991920691889,39.2899062664721</coordinates>
            </LinearRing>
          </outerBoundaryIs>
          <innerBoundaryIs>
            <LinearRing>
              <coordinates>8.49433297053078,39.2922111415496 8.49436504431709,39.2922047932706 8.49437299845633,39.2922532240934 8.49434600388335,39.29225632358 8.49433297053078,39.2922111415496</coordinates>
            </LinearRing>
          </innerBoundaryIs>
          <innerBoundaryIs>
            <LinearRing>
              <coordinates>8.49483402261085,39.292751155434 8.49490593950485,39.2927514226187 8.49490831083605,39.2927990091943 8.4948365271432,39.2928011754673 8.49483402261085,39.292751155434</coordinates>
            </LinearRing>
          </innerBoundaryIs>
          <innerBoundaryIs>
            <LinearRing>
              <coordinates>8.49453452187164,39.2926911772157 8.49453405122437,39.2927388595797 8.49445915225231,39.2927372456301 8.49445960299002,39.292690725555 8.49453452187164,39.2926911772157</coordinates>
            </LinearRing>
          </innerBoundaryIs>
          <innerBoundaryIs>
            <LinearRing>
              <coordinates>8.49471134769035,39.2926899088975 8.49478775088836,39.2926903578309 8.49478728047766,39.2927380311867 8.49471237307361,39.2927375887491 8.49471134769035,39.2926899088975</coordinates>
            </LinearRing>
          </innerBoundaryIs>
          <innerBoundaryIs>
            <LinearRing>
              <coordinates>8.49459146445217,39.2926903523221 8.49466039685135,39.2926895974997 8.49466135403246,39.292741917545 8.49459108794633,39.2927426845955 8.49459146445217,39.2926903523221</coordinates>
            </LinearRing>
          </innerBoundaryIs>
          <innerBoundaryIs>
            <LinearRing>
              <coordinates>8.49490161545068,39.2924399774314 8.49490116585193,39.2924847674691 8.49481003657935,39.2924842276366 8.49481048623614,39.2924394375996 8.49490161545068,39.2924399774314</coordinates>
            </LinearRing>
          </innerBoundaryIs>
          <innerBoundaryIs>
            <LinearRing>
              <coordinates>8.49131427832001,39.290419647484 8.49145741492744,39.2903396187711 8.49148720796018,39.2903695382381 8.49134496884493,39.290450526041 8.49131427832001,39.290419647484</coordinates>
            </LinearRing>
          </innerBoundaryIs>
          <innerBoundaryIs>
            <LinearRing>
              <coordinates>8.49763736313293,39.2894605524449 8.49770841086009,39.2893791865225 8.497774404975,39.2894159285632 8.49770340134862,39.2894927533407 8.49763736313293,39.2894605524449</coordinates>
            </LinearRing>
          </innerBoundaryIs>
          <innerBoundaryIs>
            <LinearRing>
              <coordinates>8.49305387083812,39.2907607968869 8.49314766618296,39.2907418686528 8.49317233303311,39.2908202517279 8.49308026601782,39.2908390883945 8.49305387083812,39.2907607968869</coordinates>
            </LinearRing>
          </innerBoundaryIs>
          <innerBoundaryIs>
            <LinearRing>
              <coordinates>8.49497155708539,39.2924665561368 8.49497400833157,39.292522387814 8.49513427234299,39.2926924657486 8.49514325730897,39.2928460283513 8.4950698340376,39.2928455925835 8.49507134320818,39.292692093541 8.49510434604348,39.2926888037047 8.49495002039146,39.2925234100183 8.49495056084449,39.2924675913276 8.49497155708539,39.2924665561368</coordinates>
            </LinearRing>
          </innerBoundaryIs>
          <innerBoundaryIs>
            <LinearRing>
              <coordinates>8.49386873868353,39.2906062164582 8.49413995658026,39.2904862476335 8.49417439095554,39.2905416777587 8.49389898594373,39.2906569429042 8.49386873868353,39.2906062164582</coordinates>
            </LinearRing>
          </innerBoundaryIs>
          <innerBoundaryIs>
            <LinearRing>
              <coordinates>8.49309473212923,39.2903352031104 8.49316256574465,39.2903128458242 8.49317562070435,39.2903307708379 8.4932149051786,39.2903213546146 8.49320730890594,39.2903022189219 8.49328784098316,39.2902828994038 8.49333398666852,39.2903881106285 8.49314219768626,39.2904374466415 8.49309473212923,39.2903352031104</coordinates>
            </LinearRing>
          </innerBoundaryIs>
          <innerBoundaryIs>
            <LinearRing>
              <coordinates>8.49274459254547,39.2904198730828 8.49283161200967,39.2903950225863 8.49284251406063,39.2904172183168 8.49288678319146,39.2904032014628 8.4928759453386,39.290384961697 8.49294091469806,39.2903674578136 8.49299011416711,39.2904768544175 8.49279548043438,39.2905234382195 8.49274459254547,39.2904198730828</coordinates>
            </LinearRing>
          </innerBoundaryIs>
          <innerBoundaryIs>
            <LinearRing>
              <coordinates>8.49228742776467,39.2913864980923 8.49253835859118,39.2907143072118 8.49251963360703,39.2907091975898 8.49253940220871,39.2906597251744 8.49260424844616,39.2906753711685 8.49258372444091,39.2907266874861 8.49256644613764,39.2907219626288 8.49232387211387,39.2913947126528 8.49228742776467,39.2913864980923</coordinates>
            </LinearRing>
          </innerBoundaryIs>
          <innerBoundaryIs>
            <LinearRing>
              <coordinates>8.49274785002579,39.2911876677468 8.4928859482019,39.2911550294205 8.49285109853509,39.2910624551655 8.49293544556368,39.2910432786741 8.4929217128289,39.2910067887191 8.49306318158373,39.2909746154037 8.49305706692819,39.2909253094532 8.49307651676119,39.2909055076676 8.49311791743484,39.2908937308949 8.49324199845577,39.2908655183841 8.49323479642675,39.2908463754013 8.49327365952385,39.2908375430173 8.49328088436344,39.290856740161 8.49331188575852,39.2908462696266 8.49363880041841,39.2907583972132 8.493763747055,39.2907242498856 8.49378371227872,39.2907761120187 8.49371675567713,39.2907925895185 8.4937392833847,39.2908493015346 8.49378092274277,39.2909540424326 8.49384066679001,39.2911033567258 8.49353544506616,39.2911849986464 8.49317235507896,39.291264035911 8.49280083250947,39.2913320512843 8.49274785002579,39.2911876677468</coordinates>
            </LinearRing>
          </innerBoundaryIs>
          <innerBoundaryIs>
            <LinearRing>
              <coordinates>8.49313350836674,39.2917841234355 8.49310846445391,39.2917927164041 8.49308951325261,39.2917926338369 8.49306885370529,39.2917905356517 8.49305169296523,39.2917810894132 8.49304060079879,39.2917663144914 8.49301772413358,39.2917133329614 8.493089381154,39.2916915553015 8.49308769212955,39.2916868622093 8.49331820702694,39.2916162415366 8.49336826304385,39.2917228926028 8.49313948034023,39.291792182138 8.49313350836674,39.2917841234355</coordinates>
            </LinearRing>
          </innerBoundaryIs>
          <innerBoundaryIs>
            <LinearRing>
              <coordinates>8.49315195250757,39.291439714618 8.49310923121365,39.2913352427479 8.49379853258617,39.291165039008 8.49384125480645,39.2912695106342 8.49315195250757,39.291439714618</coordinates>
            </LinearRing>
          </innerBoundaryIs>
          <innerBoundaryIs>
            <LinearRing>
              <coordinates>8.49028966525006,39.2900355473678 8.49023553050965,39.28995360137 8.49055172585368,39.2898274673969 8.49060586086871,39.2899094132512 8.49028966525006,39.2900355473678</coordinates>
            </LinearRing>
          </innerBoundaryIs>
          <innerBoundaryIs>
            <LinearRing>
              <coordinates>8.49030155076286,39.2896440059228 8.49028760003938,39.2896077977118 8.49035366397709,39.289584993136 8.49034727638084,39.2895749242962 8.49039936765689,39.28951892365 8.49037897833425,39.2894796749902 8.49052675648711,39.2894140525069 8.49049990671086,39.2893747755779 8.4905725472547,39.2893359342993 8.49055339900465,39.289303719705 8.49070380445525,39.2892320839814 8.49069744595376,39.2892179989432 8.49079727809882,39.2891712438592 8.49080493597208,39.2891843304926 8.49085031881265,39.2891624392064 8.49089130882178,39.2892118187914 8.49088092853122,39.2892177978861 8.49089242628651,39.2892359217465 8.490944291356,39.2892110465299 8.49096730872677,39.2892442820745 8.49080004096409,39.2893248811165 8.49083074530723,39.2893671871036 8.49066603214813,39.289451813474 8.49065575370974,39.2894437357899 8.49058572638834,39.2894785722171 8.49060234876882,39.2895027430586 8.49047141130587,39.289562414873 8.49045213924806,39.2895472691828 8.49039484323211,39.2896082674856 8.49035333622357,39.2896301755692 8.49030155076286,39.2896440059228</coordinates>
            </LinearRing>
          </innerBoundaryIs>
          <innerBoundaryIs>
            <LinearRing>
              <coordinates>8.49060126610478,39.289206532941 8.49057634356245,39.2891687705952 8.49070144765606,39.2891115833377 8.49074818638522,39.2891700249117 8.49066585915364,39.2892083218539 8.4906498719406,39.2891856599301 8.49060126610478,39.289206532941</coordinates>
            </LinearRing>
          </innerBoundaryIs>
          <innerBoundaryIs>
            <LinearRing>
              <coordinates>8.49128235553996,39.2891869209636 8.49128133245271,39.2891497653054 8.49129428231643,39.2891458055819 8.49129068233779,39.2891076345706 8.49149357486904,39.2891035010671 8.49149623896086,39.2890924677635 8.49154923593387,39.2890896871173 8.49154908334354,39.2891107722586 8.49161113213793,39.2891070270549 8.49161615514371,39.2891271307249 8.49177250385685,39.2891268096978 8.49177385403898,39.2891187829068 8.49179453454904,39.2891178691541 8.49179319163201,39.289124891891 8.49185005032947,39.289124136148 8.49185126978855,39.289134182335 8.49189520044942,39.2891343741925 8.4918988298026,39.2891685289696 8.49128235553996,39.2891869209636</coordinates>
            </LinearRing>
          </innerBoundaryIs>
          <innerBoundaryIs>
            <LinearRing>
              <coordinates>8.49014036212617,39.2897063975143 8.49012856462058,39.2896795178934 8.49015694095114,39.289671997278 8.49016873846637,39.2896988768962 8.49014036212617,39.2897063975143</coordinates>
            </LinearRing>
          </innerBoundaryIs>
          <innerBoundaryIs>
            <LinearRing>
              <coordinates>8.4923569220415,39.2892529891572 8.49230825072522,39.2892485158903 8.49231689856812,39.2891916972497 8.49236556984569,39.2891961705128 8.4923569220415,39.2892529891572</coordinates>
            </LinearRing>
          </innerBoundaryIs>
        </Polygon>
      </Placemark>
      <Placemark xmlns="http://www.opengis.net/kml/2.2">
        <styleUrl>#Parti singole_style_map</styleUrl>
        <name>T01288</name>
        <Polygon>
          <outerBoundaryIs>
            <LinearRing>
              <coordinates>8.48535227365864,39.29027297372 8.48558735007705,39.2902131102475 8.48559674048867,39.2902308126597 8.48569036562227,39.2901988782881 8.48566584116821,39.2901402276147 8.48533834085415,39.2902311116359 8.48535227365864,39.29027297372</coordinates>
            </LinearRing>
          </outerBoundaryIs>
        </Polygon>
      </Placemark>
      <Placemark xmlns="http://www.opengis.net/kml/2.2">
        <styleUrl>#Parti singole_style_map</styleUrl>
        <name>T01346</name>
        <Polygon>
          <outerBoundaryIs>
            <LinearRing>
              <coordinates>8.48347334016892,39.2883372489295 8.48587742638032,39.2888567469893 8.48592592964248,39.2888457069862 8.48838658687096,39.2883036767237 8.48785388704355,39.2868177090494 8.487477660793,39.2857558843262 8.48690814279799,39.2857541761947 8.48499000814257,39.2857668497955 8.48427123342681,39.2869904232054 8.48347334016892,39.2883372489295</coordinates>
            </LinearRing>
          </outerBoundaryIs>
        </Polygon>
      </Placemark>
      <Placemark xmlns="http://www.opengis.net/kml/2.2">
        <styleUrl>#Parti singole_style_map</styleUrl>
        <name>T01347</name>
        <Polygon>
          <outerBoundaryIs>
            <LinearRing>
              <coordinates>8.487477660793,39.2857558843262 8.48785388704355,39.2868177090494 8.48838658687096,39.2883036767237 8.48855302596999,39.2886127443873 8.48863674040181,39.2887535255218 8.48945538324311,39.2884924413866 8.48950247148204,39.2884893230665 8.48958609113705,39.2884837789322 8.4897894440039,39.2884703168561 8.4909015193279,39.2883728270194 8.49425028072353,39.2844547162793 8.49469981981992,39.2824680318043 8.49402955828328,39.2827260321577 8.4933974043441,39.2829693449668 8.49256367904009,39.2833149656412 8.49178041848533,39.2836555295005 8.49058075790925,39.28473908777 8.48930639467214,39.2847641195732 8.48855519546654,39.284905711559 8.48765909712686,39.2851024097459 8.487477660793,39.2857558843262</coordinates>
            </LinearRing>
          </outerBoundaryIs>
        </Polygon>
      </Placemark>
      <Placemark xmlns="http://www.opengis.net/kml/2.2">
        <styleUrl>#Parti singole_style_map</styleUrl>
        <name>T01439</name>
        <Polygon>
          <outerBoundaryIs>
            <LinearRing>
              <coordinates>8.51470661114118,39.2868212408516 8.51510632046195,39.2868073459581 8.51516296451029,39.2868053744025 8.51606487922133,39.286678844008 8.51600045786239,39.2866585182731 8.51555226506844,39.2866748905421 8.51546154946179,39.2866473726316 8.51532877809341,39.2865829519557 8.51523653524145,39.2864995252836 8.51526349080689,39.286367171665 8.51495194716529,39.2863516183764 8.51470661114118,39.2868212408516</coordinates>
            </LinearRing>
          </outerBoundaryIs>
        </Polygon>
      </Placemark>
      <Placemark xmlns="http://www.opengis.net/kml/2.2">
        <styleUrl>#Parti singole_style_map</styleUrl>
        <name>T03311</name>
        <Polygon>
          <outerBoundaryIs>
            <LinearRing>
              <coordinates>8.50300497974633,39.2756631453651 8.50305605302944,39.2756968742498 8.5031162342886,39.2756508613762 8.50306676617998,39.2756163824752 8.50300497974633,39.2756631453651</coordinates>
            </LinearRing>
          </outerBoundaryIs>
        </Polygon>
      </Placemark>
      <Placemark xmlns="http://www.opengis.net/kml/2.2">
        <styleUrl>#Parti singole_style_map</styleUrl>
        <name>T01352</name>
        <Polygon>
          <outerBoundaryIs>
            <LinearRing>
              <coordinates>8.49237324394977,39.2923066807163 8.49243815397329,39.2923153077764 8.49244178625105,39.2922844350822 8.49242388240354,39.29228278011 8.4923761735579,39.2922783729961 8.49237324394977,39.2923066807163</coordinates>
            </LinearRing>
          </outerBoundaryIs>
        </Polygon>
      </Placemark>
      <Placemark xmlns="http://www.opengis.net/kml/2.2">
        <styleUrl>#Parti singole_style_map</styleUrl>
        <name>T01354</name>
        <Polygon>
          <outerBoundaryIs>
            <LinearRing>
              <coordinates>8.49218480974137,39.2918141016617 8.4925475303955,39.2918782452711 8.49255342021044,39.2918366326998 8.49219603586272,39.2917722150479 8.49218480974137,39.2918141016617</coordinates>
            </LinearRing>
          </outerBoundaryIs>
        </Polygon>
      </Placemark>
      <Placemark xmlns="http://www.opengis.net/kml/2.2">
        <styleUrl>#Parti singole_style_map</styleUrl>
        <name>T01355</name>
        <Polygon>
          <outerBoundaryIs>
            <LinearRing>
              <coordinates>8.49471237307361,39.2927375887491 8.49478728047766,39.2927380311867 8.49478775088836,39.2926903578309 8.49471134769035,39.2926899088975 8.49471237307361,39.2927375887491</coordinates>
            </LinearRing>
          </outerBoundaryIs>
        </Polygon>
      </Placemark>
      <Placemark xmlns="http://www.opengis.net/kml/2.2">
        <styleUrl>#Parti singole_style_map</styleUrl>
        <name>T01356</name>
        <Polygon>
          <outerBoundaryIs>
            <LinearRing>
              <coordinates>8.4948365271432,39.2928011754673 8.49490831083605,39.2927990091943 8.49490593950485,39.2927514226187 8.49483402261085,39.292751155434 8.4948365271432,39.2928011754673</coordinates>
            </LinearRing>
          </outerBoundaryIs>
        </Polygon>
      </Placemark>
      <Placemark xmlns="http://www.opengis.net/kml/2.2">
        <styleUrl>#Parti singole_style_map</styleUrl>
        <name>T01358</name>
        <Polygon>
          <outerBoundaryIs>
            <LinearRing>
              <coordinates>8.49434600388335,39.29225632358 8.49437299845633,39.2922532240934 8.49436504431709,39.2922047932706 8.49433297053078,39.2922111415496 8.49434600388335,39.29225632358</coordinates>
            </LinearRing>
          </outerBoundaryIs>
        </Polygon>
      </Placemark>
      <Placemark xmlns="http://www.opengis.net/kml/2.2">
        <styleUrl>#Parti singole_style_map</styleUrl>
        <name>T01359</name>
        <Polygon>
          <outerBoundaryIs>
            <LinearRing>
              <coordinates>8.49232387211387,39.2913947126528 8.49256644613764,39.2907219626288 8.49258372444091,39.2907266874861 8.49260424844616,39.2906753711685 8.49253940220871,39.2906597251744 8.49251963360703,39.2907091975898 8.49253835859118,39.2907143072118 8.49228742776467,39.2913864980923 8.49232387211387,39.2913947126528</coordinates>
            </LinearRing>
          </outerBoundaryIs>
        </Polygon>
      </Placemark>
      <Placemark xmlns="http://www.opengis.net/kml/2.2">
        <styleUrl>#Parti singole_style_map</styleUrl>
        <name>T01360</name>
        <Polygon>
          <outerBoundaryIs>
            <LinearRing>
              <coordinates>8.49280083250947,39.2913320512843 8.49317235507896,39.291264035911 8.49353544506616,39.2911849986464 8.49384066679001,39.2911033567258 8.49378092274277,39.2909540424326 8.4937392833847,39.2908493015346 8.49371675567713,39.2907925895185 8.49378371227872,39.2907761120187 8.493763747055,39.2907242498856 8.49363880041841,39.2907583972132 8.49331188575852,39.2908462696266 8.49328088436344,39.290856740161 8.49327365952385,39.2908375430173 8.49323479642675,39.2908463754013 8.49324199845577,39.2908655183841 8.49311791743484,39.2908937308949 8.49307651676119,39.2909055076676 8.49305706692819,39.2909253094532 8.49306318158373,39.2909746154037 8.4929217128289,39.2910067887191 8.49293544556368,39.2910432786741 8.49285109853509,39.2910624551655 8.4928859482019,39.2911550294205 8.49274785002579,39.2911876677468 8.49280083250947,39.2913320512843</coordinates>
            </LinearRing>
          </outerBoundaryIs>
        </Polygon>
      </Placemark>
      <Placemark xmlns="http://www.opengis.net/kml/2.2">
        <styleUrl>#Parti singole_style_map</styleUrl>
        <name>T01361</name>
        <Polygon>
          <outerBoundaryIs>
            <LinearRing>
              <coordinates>8.49308026601782,39.2908390883945 8.49317233303311,39.2908202517279 8.49314766618296,39.2907418686528 8.49305387083812,39.2907607968869 8.49308026601782,39.2908390883945</coordinates>
            </LinearRing>
          </outerBoundaryIs>
        </Polygon>
      </Placemark>
      <Placemark xmlns="http://www.opengis.net/kml/2.2">
        <styleUrl>#Parti singole_style_map</styleUrl>
        <name>T01362</name>
        <Polygon>
          <outerBoundaryIs>
            <LinearRing>
              <coordinates>8.49279548043438,39.2905234382195 8.49299011416711,39.2904768544175 8.49294091469806,39.2903674578136 8.4928759453386,39.290384961697 8.49288678319146,39.2904032014628 8.49284251406063,39.2904172183168 8.49283161200967,39.2903950225863 8.49274459254547,39.2904198730828 8.49279548043438,39.2905234382195</coordinates>
            </LinearRing>
          </outerBoundaryIs>
        </Polygon>
      </Placemark>
      <Placemark xmlns="http://www.opengis.net/kml/2.2">
        <styleUrl>#Parti singole_style_map</styleUrl>
        <name>T01363</name>
        <Polygon>
          <outerBoundaryIs>
            <LinearRing>
              <coordinates>8.49314219768626,39.2904374466415 8.49333398666852,39.2903881106285 8.49328784098316,39.2902828994038 8.49320730890594,39.2903022189219 8.4932149051786,39.2903213546146 8.49317562070435,39.2903307708379 8.49316256574465,39.2903128458242 8.49309473212923,39.2903352031104 8.49314219768626,39.2904374466415</coordinates>
            </LinearRing>
          </outerBoundaryIs>
        </Polygon>
      </Placemark>
      <Placemark xmlns="http://www.opengis.net/kml/2.2">
        <styleUrl>#Parti singole_style_map</styleUrl>
        <name>T01364</name>
        <Polygon>
          <outerBoundaryIs>
            <LinearRing>
              <coordinates>8.49373230354805,39.2904308160093 8.49421722638008,39.2922311196694 8.4942928178666,39.2925101749963 8.49435413638323,39.2925039087791 8.49379421337091,39.2904227054681 8.49378075168751,39.2903726917844 8.49371802840733,39.2903778342709 8.49373230354805,39.2904308160093</coordinates>
            </LinearRing>
          </outerBoundaryIs>
        </Polygon>
      </Placemark>
      <Placemark xmlns="http://www.opengis.net/kml/2.2">
        <styleUrl>#Parti singole_style_map</styleUrl>
        <name>T01365</name>
        <Polygon>
          <outerBoundaryIs>
            <LinearRing>
              <coordinates>8.49389898594373,39.2906569429042 8.49417439095554,39.2905416777587 8.49413995658026,39.2904862476335 8.49386873868353,39.2906062164582 8.49389898594373,39.2906569429042</coordinates>
            </LinearRing>
          </outerBoundaryIs>
        </Polygon>
      </Placemark>
      <Placemark xmlns="http://www.opengis.net/kml/2.2">
        <styleUrl>#Parti singole_style_map</styleUrl>
        <name>T01022</name>
        <Polygon>
          <outerBoundaryIs>
            <LinearRing>
              <coordinates>8.4816534620357,39.2914085576014 8.48186550374499,39.2914148273804 8.48194709858712,39.2914139472481 8.48204513276897,39.2913663659193 8.48224183999102,39.2912064913087 8.48244167821931,39.2909551811141 8.48248101519717,39.2909247108421 8.48241827501283,39.2909162320571 8.48220508295968,39.2912015430721 8.48193188567643,39.2913587973591 8.48173039340245,39.2912790477262 8.4816534620357,39.2914085576014</coordinates>
            </LinearRing>
          </outerBoundaryIs>
        </Polygon>
      </Placemark>
      <Placemark xmlns="http://www.opengis.net/kml/2.2">
        <styleUrl>#Parti singole_style_map</styleUrl>
        <name>T01023</name>
        <Polygon>
          <outerBoundaryIs>
            <LinearRing>
              <coordinates>8.4817787547901,39.2911979509631 8.4819523227333,39.2912653126761 8.4821607353067,39.2911770890078 8.48234629116109,39.2909017110134 8.48227178741709,39.2908924048943 8.48190780824486,39.2909788818973 8.4817787547901,39.2911979509631</coordinates>
            </LinearRing>
          </outerBoundaryIs>
        </Polygon>
      </Placemark>
      <Placemark xmlns="http://www.opengis.net/kml/2.2">
        <styleUrl>#Parti singole_style_map</styleUrl>
        <name>T01441</name>
        <Polygon>
          <outerBoundaryIs>
            <LinearRing>
              <coordinates>8.501773979135,39.2752076258594 8.5021523475531,39.2749192723862 8.50178174542478,39.2746647471022 8.50140723827515,39.2749513408232 8.501773979135,39.2752076258594</coordinates>
            </LinearRing>
          </outerBoundaryIs>
        </Polygon>
      </Placemark>
      <Placemark xmlns="http://www.opengis.net/kml/2.2">
        <styleUrl>#Parti singole_style_map</styleUrl>
        <name>T01443</name>
        <Polygon>
          <outerBoundaryIs>
            <LinearRing>
              <coordinates>8.49534441716104,39.2726122503001 8.49616159723829,39.2737596535301 8.49697776100669,39.2734278428324 8.49627788822187,39.2727320012722 8.49603663471187,39.2722544532954 8.49534441716104,39.2726122503001</coordinates>
            </LinearRing>
          </outerBoundaryIs>
        </Polygon>
      </Placemark>
      <Placemark xmlns="http://www.opengis.net/kml/2.2">
        <styleUrl>#Parti singole_style_map</styleUrl>
        <name>T01444</name>
        <Polygon>
          <outerBoundaryIs>
            <LinearRing>
              <coordinates>8.49531955529007,39.2725712429483 8.49600793362797,39.2722136907698 8.49582527314583,39.2717764936655 8.49501220521861,39.2721117609383 8.49531955529007,39.2725712429483</coordinates>
            </LinearRing>
          </outerBoundaryIs>
          <innerBoundaryIs>
            <LinearRing>
              <coordinates>8.49586239777253,39.2721524454054 8.49593839327255,39.2722308973247 8.49589912296106,39.2722511183987 8.4958218649803,39.2721741297267 8.49586239777253,39.2721524454054</coordinates>
            </LinearRing>
          </innerBoundaryIs>
        </Polygon>
      </Placemark>
      <Placemark xmlns="http://www.opengis.net/kml/2.2">
        <styleUrl>#Parti singole_style_map</styleUrl>
        <name>T01445</name>
        <Polygon>
          <outerBoundaryIs>
            <LinearRing>
              <coordinates>8.49697776100669,39.2734278428324 8.49756640126458,39.2731926479731 8.49646700514395,39.2715612496952 8.49584629615157,39.2718112759159 8.49603663471187,39.2722544532954 8.49627788822187,39.2727320012722 8.49697776100669,39.2734278428324</coordinates>
            </LinearRing>
          </outerBoundaryIs>
        </Polygon>
      </Placemark>
      <Placemark xmlns="http://www.opengis.net/kml/2.2">
        <styleUrl>#Parti singole_style_map</styleUrl>
        <name>T01442</name>
        <Polygon>
          <outerBoundaryIs>
            <LinearRing>
              <coordinates>8.50045190551412,39.2762629568475 8.50128944490159,39.2764245970102 8.501532964156,39.2763869485987 8.5023087228027,39.2765212486516 8.50231871177745,39.2764776796548 8.50212804274561,39.2763309629361 8.50197801041212,39.2759320845623 8.50188940578744,39.2756224675126 8.501773979135,39.2752076258594 8.50140723827515,39.2749513408232 8.50178174542478,39.2746647471022 8.5021523475531,39.2749192723862 8.50217590741877,39.2748976213837 8.50225208668117,39.2748107328241 8.50239918230147,39.2745647664332 8.50291513935434,39.2742505974223 8.50288035436595,39.2740104580937 8.50233339329735,39.2737916291848 8.50199286170866,39.273218948501 8.50111003121463,39.2747168883206 8.50062530462552,39.2755387914034 8.50021010713954,39.2762428068386 8.50045190551412,39.2762629568475</coordinates>
            </LinearRing>
          </outerBoundaryIs>
        </Polygon>
      </Placemark>
      <Placemark xmlns="http://www.opengis.net/kml/2.2">
        <styleUrl>#Parti singole_style_map</styleUrl>
        <name>T01047</name>
        <Polygon>
          <outerBoundaryIs>
            <LinearRing>
              <coordinates>8.49457860110405,39.2697483379821 8.49487952363027,39.2701970796772 8.49526860478912,39.2707870761748 8.49563664504731,39.271323096188 8.49584629615157,39.2718112759159 8.49646700514395,39.2715612496952 8.49643625976706,39.2705208501446 8.49700408699092,39.2702669517969 8.49747174265372,39.2702301272631 8.49801826522205,39.2697023329438 8.49792167789257,39.2696196215502 8.49750068030776,39.2698177245918 8.49718167570008,39.2698950279658 8.49668961826304,39.2699078494349 8.49631369803753,39.2700282907288 8.4957161849177,39.2701250457258 8.49537239883978,39.2700270418047 8.49469938049275,39.2697451861565 8.49457860110405,39.2697483379821</coordinates>
            </LinearRing>
          </outerBoundaryIs>
        </Polygon>
      </Placemark>
      <Placemark xmlns="http://www.opengis.net/kml/2.2">
        <styleUrl>#Parti singole_style_map</styleUrl>
        <name>T01048</name>
        <Polygon>
          <outerBoundaryIs>
            <LinearRing>
              <coordinates>8.49874546151262,39.2732546536049 8.49901461901841,39.2733123458369 8.49940676082296,39.273491201725 8.49959056320431,39.2733580754378 8.49975285739111,39.2730445074143 8.49977944835065,39.2732094723183 8.49985922141681,39.2732889381023 8.49990062671411,39.2739821192294 8.49983914765203,39.2740833513897 8.49956546156013,39.2742834734485 8.49978284202508,39.2744203704347 8.4999175232531,39.2745712476277 8.50002424243845,39.2746406379998 8.50062530462552,39.2755387914034 8.50111003121463,39.2747168883206 8.50199286170866,39.273218948501 8.50181351593884,39.2730396249215 8.5015865097587,39.2728280729263 8.50114681823189,39.2725275293512 8.50115702258589,39.2724568932285 8.50119776421496,39.2724480481797 8.50177796502648,39.2725679341894 8.50214062938197,39.2727680640857 8.50173979249523,39.2722241209478 8.50129269777189,39.2719168422427 8.50126965347344,39.2718659231662 8.50131266129537,39.2718104754722 8.50167101773295,39.2716036474475 8.49934746960844,39.2715922857758 8.49850196277508,39.2732598668409 8.49874546151262,39.2732546536049</coordinates>
            </LinearRing>
          </outerBoundaryIs>
        </Polygon>
      </Placemark>
      <Placemark xmlns="http://www.opengis.net/kml/2.2">
        <styleUrl>#Parti singole_style_map</styleUrl>
        <name>T01042</name>
        <Polygon>
          <outerBoundaryIs>
            <LinearRing>
              <coordinates>8.49047129403607,39.2707482914888 8.49083390473659,39.2708284339235 8.49145390648789,39.2707383260452 8.4915902907623,39.2707961399045 8.49176710902738,39.2711074207624 8.49197550411983,39.2712795249029 8.49220076069876,39.2715392230956 8.49434038109124,39.2715468826359 8.49455049114058,39.2718185037009 8.49510945668714,39.2723473439627 8.49531955529007,39.2725712429483 8.49501220521861,39.2721117609383 8.49582527314583,39.2717764936655 8.49562482222226,39.2713002569009 8.49497217503404,39.2703335072654 8.49455992585234,39.2697306139253 8.49428512786444,39.2697455581369 8.49370944572104,39.2697807195128 8.49337670578325,39.2697124750339 8.49325313043772,39.2696612517927 8.49312506671304,39.2695187035019 8.49305267393915,39.2694976995864 8.49290211955907,39.2695563970349 8.49269126475178,39.2696404217853 8.49287409696302,39.2699057186437 8.49279626197981,39.2699384486512 8.49274690821223,39.2698636700271 8.49267487603942,39.2698922623086 8.49268496355184,39.2699080209379 8.49266792061822,39.2699147587187 8.49267003957427,39.2699183091597 8.49262124164258,39.2699384065013 8.49263959101454,39.2699658880279 8.49263647370915,39.2699673521898 8.49267735968929,39.2700300196123 8.49255637049434,39.2700782218921 8.49257422468997,39.2701068546377 8.49248368488137,39.2701410878819 8.49245595126815,39.2701015991998 8.49235409456592,39.2701426311087 8.492209049929,39.2699229212585 8.49208356476661,39.2699756628389 8.49204921848184,39.2699288915872 8.49217742729162,39.2698746120903 8.49216477233351,39.2698548234429 8.49161228498414,39.270019766581 8.49135610766638,39.2700980943573 8.49133102110552,39.2701046075571 8.49114946498018,39.2701826753537 8.49124781906678,39.2703198066292 8.49118602673451,39.270346127006 8.49108907797155,39.2702086413976 8.49091528889302,39.2701969602516 8.49086564709386,39.2701958239708 8.4906348469362,39.270160140762 8.49047129403607,39.2707482914888</coordinates>
            </LinearRing>
          </outerBoundaryIs>
          <innerBoundaryIs>
            <LinearRing>
              <coordinates>8.49290868007617,39.2703376077274 8.49293896972585,39.2703458133014 8.49292810129482,39.2703708066575 8.49289726531635,39.2703628059458 8.49290868007617,39.2703376077274</coordinates>
            </LinearRing>
          </innerBoundaryIs>
          <innerBoundaryIs>
            <LinearRing>
              <coordinates>8.49159229596611,39.270414653968 8.49166498192414,39.270427244083 8.49165741120887,39.2704562254407 8.49158338217668,39.2704434041855 8.49159229596611,39.270414653968</coordinates>
            </LinearRing>
          </innerBoundaryIs>
          <innerBoundaryIs>
            <LinearRing>
              <coordinates>8.4937751287115,39.2698642821126 8.49378180700546,39.2698657348551 8.4937878408568,39.2698488209989 8.49381527311843,39.2698545810276 8.49381075089524,39.2698708526909 8.4939135678801,39.2698911054113 8.49388331564541,39.2699807744128 8.49374868446176,39.2699515257472 8.4937751287115,39.2698642821126</coordinates>
            </LinearRing>
          </innerBoundaryIs>
          <innerBoundaryIs>
            <LinearRing>
              <coordinates>8.49553697101572,39.2716286311813 8.49561215327337,39.271705584018 8.49567669512538,39.271769407165 8.49560216785878,39.2718111910958 8.49546142902039,39.2716712846611 8.49553697101572,39.2716286311813</coordinates>
            </LinearRing>
          </innerBoundaryIs>
        </Polygon>
      </Placemark>
      <Placemark xmlns="http://www.opengis.net/kml/2.2">
        <styleUrl>#Parti singole_style_map</styleUrl>
        <name>T01043</name>
        <Polygon>
          <outerBoundaryIs>
            <LinearRing>
              <coordinates>8.49158338217668,39.2704434041855 8.49165741120887,39.2704562254407 8.49166498192414,39.270427244083 8.49159229596611,39.270414653968 8.49158338217668,39.2704434041855</coordinates>
            </LinearRing>
          </outerBoundaryIs>
        </Polygon>
      </Placemark>
      <Placemark xmlns="http://www.opengis.net/kml/2.2">
        <styleUrl>#Parti singole_style_map</styleUrl>
        <name>T01044</name>
        <Polygon>
          <outerBoundaryIs>
            <LinearRing>
              <coordinates>8.49289726531635,39.2703628059458 8.49292810129482,39.2703708066575 8.49293896972585,39.2703458133014 8.49290868007617,39.2703376077274 8.49289726531635,39.2703628059458</coordinates>
            </LinearRing>
          </outerBoundaryIs>
        </Polygon>
      </Placemark>
      <Placemark xmlns="http://www.opengis.net/kml/2.2">
        <styleUrl>#Parti singole_style_map</styleUrl>
        <name>T01045</name>
        <Polygon>
          <outerBoundaryIs>
            <LinearRing>
              <coordinates>8.49108907797155,39.2702086413976 8.49118602673451,39.270346127006 8.49124781906678,39.2703198066292 8.49114946498018,39.2701826753537 8.49108907797155,39.2702086413976</coordinates>
            </LinearRing>
          </outerBoundaryIs>
        </Polygon>
      </Placemark>
      <Placemark xmlns="http://www.opengis.net/kml/2.2">
        <styleUrl>#Parti singole_style_map</styleUrl>
        <name>T01046</name>
        <Polygon>
          <outerBoundaryIs>
            <LinearRing>
              <coordinates>8.49374868446176,39.2699515257472 8.49388331564541,39.2699807744128 8.4939135678801,39.2698911054113 8.49381075089524,39.2698708526909 8.49381527311843,39.2698545810276 8.4937878408568,39.2698488209989 8.49378180700546,39.2698657348551 8.4937751287115,39.2698642821126 8.49374868446176,39.2699515257472</coordinates>
            </LinearRing>
          </outerBoundaryIs>
        </Polygon>
      </Placemark>
      <Placemark xmlns="http://www.opengis.net/kml/2.2">
        <styleUrl>#Parti singole_style_map</styleUrl>
        <name>T01049</name>
        <Polygon>
          <outerBoundaryIs>
            <LinearRing>
              <coordinates>8.49065717588356,39.2700798450988 8.49086773190076,39.2701304424938 8.49093630619104,39.2701328690331 8.49106298431248,39.2701428843772 8.49127760646358,39.2700529500242 8.49166588171926,39.2699340387142 8.49213944964907,39.269792944621 8.49234898197083,39.2697043917365 8.49259081703971,39.2696035896294 8.49309970973327,39.2694405784517 8.49316824311753,39.269483975126 8.49334547559003,39.2696369555911 8.49339060258252,39.2696645355678 8.49345134583929,39.2696742161831 8.49346012871953,39.2695573226332 8.49330355280978,39.2693159742978 8.4931414504326,39.2691097343729 8.49241794021772,39.2690964075969 8.49218387460991,39.2691569204039 8.49206891892892,39.2692366048523 8.49195071074362,39.2693043448256 8.49171698594491,39.2693993421049 8.49145285489247,39.2694765991353 8.49134441616668,39.2695173491011 8.49112029939329,39.2693929857855 8.49096374401873,39.2695550431851 8.49090686323433,39.269586737256 8.49085423832932,39.2695990048431 8.49079233872873,39.2695937871177 8.49065717588356,39.2700798450988</coordinates>
            </LinearRing>
          </outerBoundaryIs>
          <innerBoundaryIs>
            <LinearRing>
              <coordinates>8.49109212063734,39.2694968189301 8.49113916732617,39.2694912668408 8.49114504722635,39.2695213342073 8.49109854579229,39.2695268256086 8.49109212063734,39.2694968189301</coordinates>
            </LinearRing>
          </innerBoundaryIs>
          <innerBoundaryIs>
            <LinearRing>
              <coordinates>8.49294910414653,39.2691752781861 8.49299762693178,39.269177174611 8.49299679045447,39.2692144031582 8.4929466565752,39.2692124726807 8.49294910414653,39.2691752781861</coordinates>
            </LinearRing>
          </innerBoundaryIs>
          <innerBoundaryIs>
            <LinearRing>
              <coordinates>8.49332334738377,39.2695933285767 8.49336183524038,39.2695689780557 8.49339654970627,39.2696033608226 8.49335896425706,39.2696279585727 8.49332334738377,39.2695933285767</coordinates>
            </LinearRing>
          </innerBoundaryIs>
        </Polygon>
      </Placemark>
      <Placemark xmlns="http://www.opengis.net/kml/2.2">
        <styleUrl>#Parti singole_style_map</styleUrl>
        <name>T01050</name>
        <Polygon>
          <outerBoundaryIs>
            <LinearRing>
              <coordinates>8.49335896425706,39.2696279585727 8.49339654970627,39.2696033608226 8.49336183524038,39.2695689780557 8.49332334738377,39.2695933285767 8.49335896425706,39.2696279585727</coordinates>
            </LinearRing>
          </outerBoundaryIs>
        </Polygon>
      </Placemark>
      <Placemark xmlns="http://www.opengis.net/kml/2.2">
        <styleUrl>#Parti singole_style_map</styleUrl>
        <name>T01051</name>
        <Polygon>
          <outerBoundaryIs>
            <LinearRing>
              <coordinates>8.4929466565752,39.2692124726807 8.49299679045447,39.2692144031582 8.49299762693178,39.269177174611 8.49294910414653,39.2691752781861 8.4929466565752,39.2692124726807</coordinates>
            </LinearRing>
          </outerBoundaryIs>
        </Polygon>
      </Placemark>
      <Placemark xmlns="http://www.opengis.net/kml/2.2">
        <styleUrl>#Parti singole_style_map</styleUrl>
        <name>T01052</name>
        <Polygon>
          <outerBoundaryIs>
            <LinearRing>
              <coordinates>8.49109854579229,39.2695268256086 8.49114504722635,39.2695213342073 8.49113916732617,39.2694912668408 8.49109212063734,39.2694968189301 8.49109854579229,39.2695268256086</coordinates>
            </LinearRing>
          </outerBoundaryIs>
        </Polygon>
      </Placemark>
      <Placemark xmlns="http://www.opengis.net/kml/2.2">
        <styleUrl>#Parti singole_style_map</styleUrl>
        <name>T01053</name>
        <Polygon>
          <outerBoundaryIs>
            <LinearRing>
              <coordinates>8.4935178429261,39.2693566714018 8.49367715505144,39.2692455509932 8.49360026844457,39.2691789517675 8.49344278809209,39.269291656918 8.4935178429261,39.2693566714018</coordinates>
            </LinearRing>
          </outerBoundaryIs>
        </Polygon>
      </Placemark>
      <Placemark xmlns="http://www.opengis.net/kml/2.2">
        <styleUrl>#Parti singole_style_map</styleUrl>
        <name>T01163</name>
        <Polygon>
          <outerBoundaryIs>
            <LinearRing>
              <coordinates>8.51007123910436,39.265358383275 8.51054349891941,39.2652389784355 8.51071625016341,39.2651953001785 8.51060526640291,39.2648597973869 8.5105176788966,39.2648834425216 8.51038017233701,39.2648813231972 8.5098872119514,39.2650323668963 8.51007123910436,39.265358383275</coordinates>
            </LinearRing>
          </outerBoundaryIs>
        </Polygon>
      </Placemark>
      <Placemark xmlns="http://www.opengis.net/kml/2.2">
        <styleUrl>#Parti singole_style_map</styleUrl>
        <name>T01164</name>
        <Polygon>
          <outerBoundaryIs>
            <LinearRing>
              <coordinates>8.5098872119514,39.2650323668963 8.51038017233701,39.2648813231972 8.5105176788966,39.2648834425216 8.51060526640291,39.2648597973869 8.51053414676108,39.2646508283132 8.51043015044297,39.2646372081643 8.51037260259942,39.2645617716871 8.51022252291863,39.2645592298346 8.51012857047211,39.2644949033889 8.5097031501152,39.2647082423144 8.5098872119514,39.2650323668963</coordinates>
            </LinearRing>
          </outerBoundaryIs>
        </Polygon>
      </Placemark>
      <Placemark xmlns="http://www.opengis.net/kml/2.2">
        <styleUrl>#Parti singole_style_map</styleUrl>
        <name>T03413</name>
        <Polygon>
          <outerBoundaryIs>
            <LinearRing>
              <coordinates>8.52746695707704,39.3589776837823 8.52760498219532,39.3589377281662 8.52755065986168,39.3587984924635 8.52734573406952,39.3587389018094 8.52742201340708,39.3589181706808 8.52743565422359,39.3589504929519 8.52745269443183,39.3589451648693 8.52746695707704,39.3589776837823</coordinates>
            </LinearRing>
          </outerBoundaryIs>
        </Polygon>
      </Placemark>
      <Placemark xmlns="http://www.opengis.net/kml/2.2">
        <styleUrl>#Parti singole_style_map</styleUrl>
        <name>T03414</name>
        <Polygon>
          <outerBoundaryIs>
            <LinearRing>
              <coordinates>8.52727878004012,39.359032157852 8.52729320092948,39.359027981508 8.52729108739365,39.3589885607013 8.52727844391657,39.3589942310139 8.52727878004012,39.359032157852</coordinates>
            </LinearRing>
          </outerBoundaryIs>
        </Polygon>
      </Placemark>
      <Placemark xmlns="http://www.opengis.net/kml/2.2">
        <styleUrl>#Parti singole_style_map</styleUrl>
        <name>T03415</name>
        <Polygon>
          <outerBoundaryIs>
            <LinearRing>
              <coordinates>8.52729320092948,39.359027981508 8.52744928356736,39.3589827971535 8.52746672813371,39.3589777500396 8.52745269443183,39.3589451648693 8.52743565422359,39.3589504929519 8.52742201340708,39.3589181706808 8.52724172566445,39.3588762866143 8.52726243303177,39.3589588084657 8.52729108739365,39.3589885607013 8.52729320092948,39.359027981508</coordinates>
            </LinearRing>
          </outerBoundaryIs>
          <innerBoundaryIs>
            <LinearRing>
              <coordinates>8.52730008083233,39.3590025414756 8.52728724600662,39.3589748589435 8.52730795538888,39.3589676648857 8.52732095838307,39.3589961567926 8.52730008083233,39.3590025414756</coordinates>
            </LinearRing>
          </innerBoundaryIs>
        </Polygon>
      </Placemark>
      <Placemark xmlns="http://www.opengis.net/kml/2.2">
        <styleUrl>#Parti singole_style_map</styleUrl>
        <name>T01165</name>
        <Polygon>
          <outerBoundaryIs>
            <LinearRing>
              <coordinates>8.58821701045412,39.3329114329742 8.58827719102903,39.3329119073574 8.58827749881481,39.332887147261 8.58821731820822,39.3328866818885 8.58821701045412,39.3329114329742</coordinates>
            </LinearRing>
          </outerBoundaryIs>
        </Polygon>
      </Placemark>
      <Placemark xmlns="http://www.opengis.net/kml/2.2">
        <styleUrl>#Parti singole_style_map</styleUrl>
        <name>T01166</name>
        <Polygon>
          <outerBoundaryIs>
            <LinearRing>
              <coordinates>8.5893598503217,39.330914791398 8.58938586302146,39.3309405364925 8.58951851162922,39.3308753984136 8.58948935456234,39.3308457046063 8.58946722683762,39.3308262176114 8.58933991684355,39.3308950688401 8.5893598503217,39.330914791398</coordinates>
            </LinearRing>
          </outerBoundaryIs>
        </Polygon>
      </Placemark>
      <Placemark xmlns="http://www.opengis.net/kml/2.2">
        <styleUrl>#Parti singole_style_map</styleUrl>
        <name>T01167</name>
        <Polygon>
          <outerBoundaryIs>
            <LinearRing>
              <coordinates>8.5901943660124,39.3311548316256 8.59025040716582,39.3311446668738 8.59023843405019,39.3311048427828 8.59018241613131,39.3311150076108 8.5901943660124,39.3311548316256</coordinates>
            </LinearRing>
          </outerBoundaryIs>
        </Polygon>
      </Placemark>
      <Placemark xmlns="http://www.opengis.net/kml/2.2">
        <styleUrl>#Parti singole_style_map</styleUrl>
        <name>T01168</name>
        <Polygon>
          <outerBoundaryIs>
            <LinearRing>
              <coordinates>8.59036959100538,39.3310367700263 8.59043361810071,39.3310240022124 8.59041431277602,39.3309900362535 8.59035539671754,39.3310017858386 8.59036959100538,39.3310367700263</coordinates>
            </LinearRing>
          </outerBoundaryIs>
        </Polygon>
      </Placemark>
      <Placemark xmlns="http://www.opengis.net/kml/2.2">
        <styleUrl>#Parti singole_style_map</styleUrl>
        <name>T01169</name>
        <Polygon>
          <outerBoundaryIs>
            <LinearRing>
              <coordinates>8.58681588899313,39.3305221445746 8.58700805855915,39.3303506881954 8.58705862779396,39.3299219349915 8.58690903335188,39.3299093024555 8.58689973962546,39.3300295342561 8.58684068819817,39.330099760539 8.58652568792651,39.3303259070121 8.58681588899313,39.3305221445746</coordinates>
            </LinearRing>
          </outerBoundaryIs>
        </Polygon>
      </Placemark>
      <Placemark xmlns="http://www.opengis.net/kml/2.2">
        <styleUrl>#Parti singole_style_map</styleUrl>
        <name>T01534</name>
        <Polygon>
          <outerBoundaryIs>
            <LinearRing>
              <coordinates>8.52387031050696,39.3070123825874 8.52389010125231,39.3070819446727 8.52408615853674,39.3069968033965 8.52452005958813,39.306809561414 8.5248017708833,39.3072023151814 8.52494235651078,39.3071765062152 8.52490570782828,39.3071264375707 8.52485946324373,39.3070632552743 8.52481374365641,39.3070013456046 8.52476866766597,39.3069403215889 8.5247256501657,39.3068784859967 8.52468349325555,39.3068163205106 8.52464194501679,39.3067550585605 8.52459660318066,39.3066922312608 8.52455168677003,39.3066299643416 8.52453287674185,39.3066039007589 8.52448032037305,39.3065942427785 8.52442010353513,39.3066042417183 8.52446597578406,39.3066589346424 8.52442842491417,39.3066770817562 8.52431729690898,39.3067256002537 8.52419661064387,39.3067811168643 8.52415173174185,39.3067065143718 8.52412847305569,39.3066660245044 8.52391429220823,39.3066308806645 8.52388111695922,39.3066605340823 8.5238102620658,39.3066623074995 8.52387031050696,39.3070123825874</coordinates>
            </LinearRing>
          </outerBoundaryIs>
          <innerBoundaryIs>
            <LinearRing>
              <coordinates>8.52434391177762,39.3067843143212 8.5243987945117,39.3067604712832 8.52441694911715,39.3067856942173 8.52436164767882,39.3068097067541 8.52434391177762,39.3067843143212</coordinates>
            </LinearRing>
          </innerBoundaryIs>
          <innerBoundaryIs>
            <LinearRing>
              <coordinates>8.52482310268547,39.3070834789005 8.52483278234737,39.3070773267473 8.52484594744078,39.307076516565 8.52485866389613,39.3070872239758 8.52485302277121,39.3070991523403 8.52483612940381,39.3071031151372 8.52482375829498,39.3070961529484 8.52482310268547,39.3070834789005</coordinates>
            </LinearRing>
          </innerBoundaryIs>
        </Polygon>
      </Placemark>
      <Placemark xmlns="http://www.opengis.net/kml/2.2">
        <styleUrl>#Parti singole_style_map</styleUrl>
        <name>T01535</name>
        <Polygon>
          <outerBoundaryIs>
            <LinearRing>
              <coordinates>8.52426829054835,39.3072413043462 8.52430883464933,39.3073001204336 8.52436416604052,39.3072888671203 8.52446722246301,39.3072694470044 8.52458748820356,39.3072435824332 8.5248017708833,39.3072023151814 8.52452005958813,39.306809561414 8.52408615853674,39.3069968033965 8.52426829054835,39.3072413043462</coordinates>
            </LinearRing>
          </outerBoundaryIs>
        </Polygon>
      </Placemark>
      <Placemark xmlns="http://www.opengis.net/kml/2.2">
        <styleUrl>#Parti singole_style_map</styleUrl>
        <name>T01536</name>
        <Polygon>
          <outerBoundaryIs>
            <LinearRing>
              <coordinates>8.52391389026538,39.3071536946827 8.52397464459469,39.3072663601148 8.52405108201285,39.3073428398571 8.52404972208103,39.3073466908489 8.52414162417693,39.3073866866283 8.52416087644004,39.3073303947878 8.52430883464933,39.3073001204336 8.52426829054835,39.3072413043462 8.52408615853674,39.3069968033965 8.52389010125231,39.3070819446727 8.52391389026538,39.3071536946827</coordinates>
            </LinearRing>
          </outerBoundaryIs>
        </Polygon>
      </Placemark>
      <Placemark xmlns="http://www.opengis.net/kml/2.2">
        <styleUrl>#Parti singole_style_map</styleUrl>
        <name>T01537</name>
        <Polygon>
          <outerBoundaryIs>
            <LinearRing>
              <coordinates>8.52373623285389,39.3082451205996 8.52376319132919,39.3082275430759 8.52414162417693,39.3073866866283 8.52404972208103,39.3073466908489 8.52393498859606,39.3076718750669 8.5237443802401,39.3081964874718 8.52370483243621,39.3082318725409 8.52373623285389,39.3082451205996</coordinates>
            </LinearRing>
          </outerBoundaryIs>
        </Polygon>
      </Placemark>
      <Placemark xmlns="http://www.opengis.net/kml/2.2">
        <styleUrl>#Parti singole_style_map</styleUrl>
        <name>T01538</name>
        <Polygon>
          <outerBoundaryIs>
            <LinearRing>
              <coordinates>8.52373623285389,39.3082451205996 8.5237964546952,39.3082705158464 8.52414162417693,39.3073866866283 8.52376319132919,39.3082275430759 8.52373623285389,39.3082451205996</coordinates>
            </LinearRing>
          </outerBoundaryIs>
        </Polygon>
      </Placemark>
      <Placemark xmlns="http://www.opengis.net/kml/2.2">
        <styleUrl>#Parti singole_style_map</styleUrl>
        <name>T01539</name>
        <Polygon>
          <outerBoundaryIs>
            <LinearRing>
              <coordinates>8.52455168677003,39.3066299643416 8.52459660318066,39.3066922312608 8.52489325378551,39.3065587070197 8.52485637511738,39.3065718110558 8.5248200422869,39.3065865212047 8.52477558575956,39.3066036580622 8.52468951911541,39.306614939177 8.52464047013442,39.3066165769285 8.52459800175187,39.3066158627419 8.52458776152589,39.3066139827209 8.52455168677003,39.3066299643416</coordinates>
            </LinearRing>
          </outerBoundaryIs>
        </Polygon>
      </Placemark>
      <Placemark xmlns="http://www.opengis.net/kml/2.2">
        <styleUrl>#Parti singole_style_map</styleUrl>
        <name>T01540</name>
        <Polygon>
          <outerBoundaryIs>
            <LinearRing>
              <coordinates>8.52464194501679,39.3067550585605 8.52493656681551,39.3066214268034 8.52489325378551,39.3065587070197 8.52459660318066,39.3066922312608 8.52464194501679,39.3067550585605</coordinates>
            </LinearRing>
          </outerBoundaryIs>
        </Polygon>
      </Placemark>
      <Placemark xmlns="http://www.opengis.net/kml/2.2">
        <styleUrl>#Parti singole_style_map</styleUrl>
        <name>T01541</name>
        <Polygon>
          <outerBoundaryIs>
            <LinearRing>
              <coordinates>8.52468349325555,39.3068163205106 8.52498010630513,39.3066815434186 8.52493656681551,39.3066214268034 8.52464194501679,39.3067550585605 8.52468349325555,39.3068163205106</coordinates>
            </LinearRing>
          </outerBoundaryIs>
        </Polygon>
      </Placemark>
      <Placemark xmlns="http://www.opengis.net/kml/2.2">
        <styleUrl>#Parti singole_style_map</styleUrl>
        <name>T01542</name>
        <Polygon>
          <outerBoundaryIs>
            <LinearRing>
              <coordinates>8.5247256501657,39.3068784859967 8.52502497874886,39.3067435126419 8.52498010630513,39.3066815434186 8.52468349325555,39.3068163205106 8.5247256501657,39.3068784859967</coordinates>
            </LinearRing>
          </outerBoundaryIs>
        </Polygon>
      </Placemark>
      <Placemark xmlns="http://www.opengis.net/kml/2.2">
        <styleUrl>#Parti singole_style_map</styleUrl>
        <name>T01543</name>
        <Polygon>
          <outerBoundaryIs>
            <LinearRing>
              <coordinates>8.52476866766597,39.3069403215889 8.52507039138315,39.3068062229257 8.52502497874886,39.3067435126419 8.5247256501657,39.3068784859967 8.52476866766597,39.3069403215889</coordinates>
            </LinearRing>
          </outerBoundaryIs>
        </Polygon>
      </Placemark>
      <Placemark xmlns="http://www.opengis.net/kml/2.2">
        <styleUrl>#Parti singole_style_map</styleUrl>
        <name>T01544</name>
        <Polygon>
          <outerBoundaryIs>
            <LinearRing>
              <coordinates>8.52481374365641,39.3070013456046 8.52511585012481,39.3068689874434 8.52507039138315,39.3068062229257 8.52476866766597,39.3069403215889 8.52481374365641,39.3070013456046</coordinates>
            </LinearRing>
          </outerBoundaryIs>
        </Polygon>
      </Placemark>
      <Placemark xmlns="http://www.opengis.net/kml/2.2">
        <styleUrl>#Parti singole_style_map</styleUrl>
        <name>T01545</name>
        <Polygon>
          <outerBoundaryIs>
            <LinearRing>
              <coordinates>8.52485946324373,39.3070632552743 8.52516112490116,39.3069315259258 8.52511585012481,39.3068689874434 8.52481374365641,39.3070013456046 8.52485946324373,39.3070632552743</coordinates>
            </LinearRing>
          </outerBoundaryIs>
        </Polygon>
      </Placemark>
      <Placemark xmlns="http://www.opengis.net/kml/2.2">
        <styleUrl>#Parti singole_style_map</styleUrl>
        <name>T01546</name>
        <Polygon>
          <outerBoundaryIs>
            <LinearRing>
              <coordinates>8.52490570782828,39.3071264375707 8.52520642301488,39.3069940554747 8.52516112490116,39.3069315259258 8.52485946324373,39.3070632552743 8.52490570782828,39.3071264375707</coordinates>
            </LinearRing>
          </outerBoundaryIs>
        </Polygon>
      </Placemark>
      <Placemark xmlns="http://www.opengis.net/kml/2.2">
        <styleUrl>#Parti singole_style_map</styleUrl>
        <name>T01547</name>
        <Polygon>
          <outerBoundaryIs>
            <LinearRing>
              <coordinates>8.52494235651078,39.3071765062152 8.52500535645185,39.3071649324976 8.5252539987881,39.3070576665676 8.52520642301488,39.3069940554747 8.52490570782828,39.3071264375707 8.52494235651078,39.3071765062152</coordinates>
            </LinearRing>
          </outerBoundaryIs>
        </Polygon>
      </Placemark>
      <Placemark xmlns="http://www.opengis.net/kml/2.2">
        <styleUrl>#Parti singole_style_map</styleUrl>
        <name>T01548</name>
        <Polygon>
          <outerBoundaryIs>
            <LinearRing>
              <coordinates>8.52500535645185,39.3071649324976 8.52529489638472,39.3071123388607 8.5252539987881,39.3070576665676 8.52500535645185,39.3071649324976</coordinates>
            </LinearRing>
          </outerBoundaryIs>
        </Polygon>
      </Placemark>
      <Placemark xmlns="http://www.opengis.net/kml/2.2">
        <styleUrl>#Parti singole_style_map</styleUrl>
        <name>T01549</name>
        <Polygon>
          <outerBoundaryIs>
            <LinearRing>
              <coordinates>8.52493656681551,39.3066214268034 8.52498010630513,39.3066815434186 8.52502497874886,39.3067435126419 8.52507039138315,39.3068062229257 8.52511585012481,39.3068689874434 8.52516112490116,39.3069315259258 8.52520642301488,39.3069940554747 8.5252539987881,39.3070576665676 8.52529489638472,39.3071123388607 8.52535382730417,39.3071021630208 8.52536234119258,39.307035158557 8.52529087562698,39.3069402191244 8.52521809286428,39.306842850407 8.52529555784601,39.3068412472777 8.52524907672423,39.3067770009112 8.52505393746443,39.306507263611 8.52498392966673,39.306524431385 8.52495637601987,39.3065358344755 8.52489325378551,39.3065587070197 8.52493656681551,39.3066214268034</coordinates>
            </LinearRing>
          </outerBoundaryIs>
        </Polygon>
      </Placemark>
      <Placemark xmlns="http://www.opengis.net/kml/2.2">
        <styleUrl>#Parti singole_style_map</styleUrl>
        <name>T01550</name>
        <Polygon>
          <outerBoundaryIs>
            <LinearRing>
              <coordinates>8.52505393746443,39.306507263611 8.52524907672423,39.3067770009112 8.52529206359116,39.3067645163801 8.52515875906108,39.3066039342391 8.52511294777798,39.3064938533931 8.52505890916125,39.3065061395571 8.52505393746443,39.306507263611</coordinates>
            </LinearRing>
          </outerBoundaryIs>
        </Polygon>
      </Placemark>
      <Placemark xmlns="http://www.opengis.net/kml/2.2">
        <styleUrl>#Parti singole_style_map</styleUrl>
        <name>T01551</name>
        <Polygon>
          <outerBoundaryIs>
            <LinearRing>
              <coordinates>8.52529087562698,39.3069402191244 8.52537119412102,39.3069197142443 8.52535276079328,39.306873900996 8.52532598758568,39.3068041664923 8.52529206359116,39.3067645163801 8.52524907672423,39.3067770009112 8.52529555784601,39.3068412472777 8.52521809286428,39.306842850407 8.52529087562698,39.3069402191244</coordinates>
            </LinearRing>
          </outerBoundaryIs>
        </Polygon>
      </Placemark>
      <Placemark xmlns="http://www.opengis.net/kml/2.2">
        <styleUrl>#Parti singole_style_map</styleUrl>
        <name>T01552</name>
        <Polygon>
          <outerBoundaryIs>
            <LinearRing>
              <coordinates>8.52536234119258,39.307035158557 8.52537119412102,39.3069197142443 8.52529087562698,39.3069402191244 8.52536234119258,39.307035158557</coordinates>
            </LinearRing>
          </outerBoundaryIs>
        </Polygon>
      </Placemark>
      <Placemark xmlns="http://www.opengis.net/kml/2.2">
        <styleUrl>#Parti singole_style_map</styleUrl>
        <name>T01553</name>
        <Polygon>
          <outerBoundaryIs>
            <LinearRing>
              <coordinates>8.52455168677003,39.3066299643416 8.52458776152589,39.3066139827209 8.52453287674185,39.3066039007589 8.52455168677003,39.3066299643416</coordinates>
            </LinearRing>
          </outerBoundaryIs>
        </Polygon>
      </Placemark>
      <Placemark xmlns="http://www.opengis.net/kml/2.2">
        <styleUrl>#Parti singole_style_map</styleUrl>
        <name>T03326</name>
        <Polygon>
          <outerBoundaryIs>
            <LinearRing>
              <coordinates>8.5242567858702,39.306354492635 8.52432781342696,39.306412784619 8.52437101163552,39.3064375783345 8.52441140552231,39.3065116668244 8.5244257710969,39.3065740161501 8.52449608579307,39.3065749253225 8.52451553748602,39.3065798795906 8.52450640259656,39.3065672093266 8.52446106796167,39.306505066811 8.52467272413376,39.3064128608778 8.5242567858702,39.306354492635</coordinates>
            </LinearRing>
          </outerBoundaryIs>
        </Polygon>
      </Placemark>
      <Placemark xmlns="http://www.opengis.net/kml/2.2">
        <styleUrl>#Parti singole_style_map</styleUrl>
        <name>T03327</name>
        <Polygon>
          <outerBoundaryIs>
            <LinearRing>
              <coordinates>8.52450640259656,39.3065672093266 8.52480715568302,39.3064358375933 8.52480367453685,39.3064309396028 8.52467272413376,39.3064128608778 8.52446106796167,39.306505066811 8.52450640259656,39.3065672093266</coordinates>
            </LinearRing>
          </outerBoundaryIs>
        </Polygon>
      </Placemark>
      <Placemark xmlns="http://www.opengis.net/kml/2.2">
        <styleUrl>#Parti singole_style_map</styleUrl>
        <name>T03328</name>
        <Polygon>
          <outerBoundaryIs>
            <LinearRing>
              <coordinates>8.52451553748602,39.3065798795906 8.52458984759462,39.3065988083078 8.52462147460299,39.3065990637049 8.52485097465457,39.3064974691883 8.52480715568302,39.3064358375933 8.52450640259656,39.3065672093266 8.52451553748602,39.3065798795906</coordinates>
            </LinearRing>
          </outerBoundaryIs>
        </Polygon>
      </Placemark>
      <Placemark xmlns="http://www.opengis.net/kml/2.2">
        <styleUrl>#Parti singole_style_map</styleUrl>
        <name>T03329</name>
        <Polygon>
          <outerBoundaryIs>
            <LinearRing>
              <coordinates>8.52464087757954,39.3065992240893 8.52468349073272,39.3065973978496 8.52478829730755,39.3065797056294 8.52488323828116,39.3065441860061 8.52485097465457,39.3064974691883 8.52462147460299,39.3065990637049 8.52464087757954,39.3065992240893</coordinates>
            </LinearRing>
          </outerBoundaryIs>
        </Polygon>
      </Placemark>
      <Placemark xmlns="http://www.opengis.net/kml/2.2">
        <styleUrl>#Parti singole_style_map</styleUrl>
        <name>T03330</name>
        <Polygon>
          <outerBoundaryIs>
            <LinearRing>
              <coordinates>8.52480715568302,39.3064358375933 8.52485097465457,39.3064974691883 8.52488323828116,39.3065441860061 8.5249638913634,39.3065153208918 8.52504689964939,39.3064880512111 8.52510309329782,39.3064709531544 8.52480367453685,39.3064309396028 8.52480715568302,39.3064358375933</coordinates>
            </LinearRing>
          </outerBoundaryIs>
        </Polygon>
      </Placemark>
      <Placemark xmlns="http://www.opengis.net/kml/2.2">
        <styleUrl>#Parti singole_style_map</styleUrl>
        <name>T03331</name>
        <Polygon>
          <outerBoundaryIs>
            <LinearRing>
              <coordinates>8.52400625583377,39.305866117962 8.52406850897607,39.3059252121947 8.52408514570958,39.3059621428144 8.52468006119895,39.305707690606 8.52507361970504,39.3062518020351 8.5250819566011,39.3062710017164 8.52511105159308,39.3063129208835 8.52511240888028,39.3062700087147 8.52511523734821,39.3062445111207 8.52511569490849,39.3062214457331 8.52512200619803,39.306197169783 8.52512324829651,39.3061712872654 8.52501532241712,39.305820377528 8.52501978093123,39.3058110967445 8.5248844296175,39.3054134357707 8.52483692515177,39.3052795147167 8.52482471869247,39.3052545774475 8.52481128830532,39.3052562526318 8.52480756307575,39.3052548677963 8.52470557221256,39.305324644081 8.52463810967812,39.3053480484097 8.52454680415752,39.3053778789619 8.52450119016761,39.3054084728966 8.52440988738364,39.3054960976461 8.52434779226619,39.3055386713748 8.52424382441346,39.3056296412195 8.52411347294934,39.3057458950449 8.52402129504663,39.3058102053589 8.52401721579591,39.3058148471725 8.52400625583377,39.305866117962</coordinates>
            </LinearRing>
          </outerBoundaryIs>
        </Polygon>
      </Placemark>
      <Placemark xmlns="http://www.opengis.net/kml/2.2">
        <styleUrl>#Parti singole_style_map</styleUrl>
        <name>T03332</name>
        <Polygon>
          <outerBoundaryIs>
            <LinearRing>
              <coordinates>8.52483692515177,39.3052795147167 8.5248844296175,39.3054134357707 8.52501978093123,39.3058110967445 8.52501532241712,39.305820377528 8.52512324829651,39.3061712872654 8.52512273871234,39.3061488847173 8.52512687273888,39.3057331413248 8.52513375155921,39.3057209779989 8.52514450616609,39.3052249046404 8.52502479064423,39.3052316965078 8.52490545213968,39.3052444728621 8.52482471869247,39.3052545774475 8.52483692515177,39.3052795147167</coordinates>
            </LinearRing>
          </outerBoundaryIs>
        </Polygon>
      </Placemark>
      <Placemark xmlns="http://www.opengis.net/kml/2.2">
        <styleUrl>#Parti singole_style_map</styleUrl>
        <name>T03333</name>
        <Polygon>
          <outerBoundaryIs>
            <LinearRing>
              <coordinates>8.52413414265071,39.306070795399 8.52414030838842,39.3060851565596 8.52435368471786,39.3059940034696 8.52427216823965,39.3059654758241 8.52442193013365,39.3059013556886 8.52476287713688,39.3063735733584 8.52480367453685,39.3064309396028 8.52510309329782,39.3064709531544 8.52510720087379,39.3063575168745 8.52510908369775,39.3063500817668 8.52511105159308,39.3063129208835 8.5250819566011,39.3062710017164 8.52507361970504,39.3062518020351 8.52468006119895,39.305707690606 8.52408514570958,39.3059621428144 8.52413414265071,39.306070795399</coordinates>
            </LinearRing>
          </outerBoundaryIs>
        </Polygon>
      </Placemark>
      <Placemark xmlns="http://www.opengis.net/kml/2.2">
        <styleUrl>#Parti singole_style_map</styleUrl>
        <name>T03334</name>
        <Polygon>
          <outerBoundaryIs>
            <LinearRing>
              <coordinates>8.5241471137216,39.3061009800609 8.52414258359974,39.3061738576607 8.52417880541816,39.3062234382306 8.52419602373577,39.3063046405171 8.5242567858702,39.306354492635 8.52467272413376,39.3064128608778 8.52476287713688,39.3063735733584 8.52442193013365,39.3059013556886 8.52427216823965,39.3059654758241 8.52435368471786,39.3059940034696 8.52414030838842,39.3060851565596 8.5241471137216,39.3061009800609</coordinates>
            </LinearRing>
          </outerBoundaryIs>
        </Polygon>
      </Placemark>
      <Placemark xmlns="http://www.opengis.net/kml/2.2">
        <styleUrl>#Parti singole_style_map</styleUrl>
        <name>T03335</name>
        <Polygon>
          <outerBoundaryIs>
            <LinearRing>
              <coordinates>8.52467272413376,39.3064128608778 8.52480367453685,39.3064309396028 8.52476287713688,39.3063735733584 8.52467272413376,39.3064128608778</coordinates>
            </LinearRing>
          </outerBoundaryIs>
        </Polygon>
      </Placemark>
      <Placemark xmlns="http://www.opengis.net/kml/2.2">
        <styleUrl>#Parti singole_style_map</styleUrl>
        <name>T01172</name>
        <Polygon>
          <outerBoundaryIs>
            <LinearRing>
              <coordinates>8.53487853370457,39.3051286484088 8.5357939168159,39.3052196991361 8.5358692396643,39.3052102411517 8.53594810337228,39.305182712867 8.53607857887795,39.3049532904723 8.53604340869444,39.3049066192027 8.53599903640703,39.3048835011039 8.53594527656353,39.3048733839526 8.53505087293974,39.3047902034755 8.53496661428205,39.3048793154108 8.53490440827416,39.3049816980373 8.53490246869879,39.3050153720964 8.53485578014583,39.3050915867293 8.53487853370457,39.3051286484088</coordinates>
            </LinearRing>
          </outerBoundaryIs>
        </Polygon>
      </Placemark>
      <Placemark xmlns="http://www.opengis.net/kml/2.2">
        <styleUrl>#Parti singole_style_map</styleUrl>
        <name>T01173</name>
        <Polygon>
          <outerBoundaryIs>
            <LinearRing>
              <coordinates>8.53505087293974,39.3047902034755 8.53594527656353,39.3048733839526 8.53599903640703,39.3048835011039 8.53604340869444,39.3049066192027 8.53607857887795,39.3049532904723 8.53610167223058,39.3049126814543 8.53614008332732,39.3049322615899 8.53619457034708,39.3048533743344 8.53622404527239,39.3048158633669 8.53594349216434,39.3047959122625 8.53566775014763,39.3047763040696 8.53537990559941,39.3047558359278 8.53517536575387,39.3047412775657 8.535102696544,39.3047353825469 8.53505087293974,39.3047902034755</coordinates>
            </LinearRing>
          </outerBoundaryIs>
        </Polygon>
      </Placemark>
      <Placemark xmlns="http://www.opengis.net/kml/2.2">
        <styleUrl>#Parti singole_style_map</styleUrl>
        <name>T01174</name>
        <Polygon>
          <outerBoundaryIs>
            <LinearRing>
              <coordinates>8.53480600811471,39.3051710418565 8.53486696549659,39.3051766559554 8.53589757463593,39.305271545531 8.53594810337228,39.305182712867 8.5358692396643,39.3052102411517 8.5357939168159,39.3052196991361 8.53487853370457,39.3051286484088 8.53485578014583,39.3050915867293 8.5348399633199,39.3051173930627 8.53480600811471,39.3051710418565</coordinates>
            </LinearRing>
          </outerBoundaryIs>
        </Polygon>
      </Placemark>
      <Placemark xmlns="http://www.opengis.net/kml/2.2">
        <styleUrl>#Parti singole_style_map</styleUrl>
        <name>T01175</name>
        <Polygon>
          <outerBoundaryIs>
            <LinearRing>
              <coordinates>8.535102696544,39.3047353825469 8.53517536575387,39.3047412775657 8.53537990559941,39.3047558359278 8.53542834891517,39.3047280603393 8.53513166946807,39.3047019516753 8.53511062713826,39.3047269982921 8.535102696544,39.3047353825469</coordinates>
            </LinearRing>
          </outerBoundaryIs>
        </Polygon>
      </Placemark>
      <Placemark xmlns="http://www.opengis.net/kml/2.2">
        <styleUrl>#Parti singole_style_map</styleUrl>
        <name>T01176</name>
        <Polygon>
          <outerBoundaryIs>
            <LinearRing>
              <coordinates>8.53513166946807,39.3047019516753 8.53542834891517,39.3047280603393 8.53537990559941,39.3047558359278 8.53566775014763,39.3047763040696 8.5356777126418,39.3047061869011 8.53554877558953,39.3046590690902 8.53525400370106,39.3045480609823 8.53524156019379,39.3045601486165 8.53517895623396,39.3046456618668 8.53513166946807,39.3047019516753</coordinates>
            </LinearRing>
          </outerBoundaryIs>
        </Polygon>
      </Placemark>
      <Placemark xmlns="http://www.opengis.net/kml/2.2">
        <styleUrl>#Parti singole_style_map</styleUrl>
        <name>T02718</name>
        <Polygon>
          <outerBoundaryIs>
            <LinearRing>
              <coordinates>8.54027174026119,39.3024383219888 8.54152878898025,39.3029429238871 8.5416624540053,39.3027615705129 8.5415638321465,39.3027216791829 8.54160984457339,39.3026588489825 8.54179812868259,39.3027360191437 8.54178048489234,39.3027614588142 8.54222051747104,39.3028944404893 8.54237990006978,39.3030874631144 8.54238692580164,39.3030949695968 8.5424126420499,39.3030819061882 8.54255134964871,39.3022882073985 8.54206802118665,39.3021417748306 8.5417952889641,39.302321634892 8.54167939710592,39.3023424074603 8.54133509846399,39.3023173524371 8.54067608528629,39.3021417025429 8.54054752852395,39.3021625140839 8.54051850012134,39.3022014335959 8.54027174026119,39.3024383219888</coordinates>
            </LinearRing>
          </outerBoundaryIs>
        </Polygon>
      </Placemark>
      <Placemark xmlns="http://www.opengis.net/kml/2.2">
        <styleUrl>#Parti singole_style_map</styleUrl>
        <name>T02719</name>
        <Polygon>
          <outerBoundaryIs>
            <LinearRing>
              <coordinates>8.54054752852395,39.3021625140839 8.54067608528629,39.3021417025429 8.54133509846399,39.3023173524371 8.54167939710592,39.3023424074603 8.5417952889641,39.302321634892 8.54206802118665,39.3021417748306 8.54255134964871,39.3022882073985 8.5424126420499,39.3030819061882 8.54249188527105,39.3030416518973 8.54262585889278,39.3022516918373 8.54204969371322,39.3020746904242 8.54175076791937,39.3022679542403 8.54166984911734,39.3022789167961 8.54133444432411,39.3022612495082 8.54068372165142,39.3020841816283 8.54059680995752,39.3020964533535 8.54054752852395,39.3021625140839</coordinates>
            </LinearRing>
          </outerBoundaryIs>
        </Polygon>
      </Placemark>
      <Placemark xmlns="http://www.opengis.net/kml/2.2">
        <styleUrl>#Parti singole_style_map</styleUrl>
        <name>T02720</name>
        <Polygon>
          <outerBoundaryIs>
            <LinearRing>
              <coordinates>8.54059680995752,39.3020964533535 8.54068372165142,39.3020841816283 8.54133444432411,39.3022612495082 8.54166984911734,39.3022789167961 8.54175076791937,39.3022679542403 8.54204969371322,39.3020746904242 8.54262585889278,39.3022516918373 8.54249188527105,39.3030416518973 8.54257984402662,39.3029969625376 8.54266752488597,39.3029878010356 8.54279099728999,39.3027861413236 8.54314980784203,39.3024064993423 8.54308471887105,39.3023445477352 8.54302705436657,39.3023001329641 8.54295533987721,39.3022030767676 8.54285482009034,39.3020823985261 8.54277814577036,39.301972338369 8.54272430414119,39.3017683777411 8.5426533856192,39.3015759646843 8.54230099011979,39.3010410305894 8.54223392255623,39.3009377658497 8.5421697840268,39.3008050747734 8.54211729162815,39.3004426126226 8.54194030189042,39.3004465563389 8.54185434143703,39.3004573550081 8.5417631949763,39.3005075548222 8.54164180674571,39.3006690341957 8.54153804514284,39.3007773569414 8.541371030983,39.3010437024624 8.54109146371003,39.3014428623999 8.54093552264537,39.3015724961878 8.54081163167577,39.3017507786696 8.54063843939965,39.3020406435453 8.54059680995752,39.3020964533535</coordinates>
            </LinearRing>
          </outerBoundaryIs>
        </Polygon>
      </Placemark>
      <Placemark xmlns="http://www.opengis.net/kml/2.2">
        <styleUrl>#Parti singole_style_map</styleUrl>
        <name>T02722</name>
        <Polygon>
          <outerBoundaryIs>
            <LinearRing>
              <coordinates>8.54266752488597,39.3029878010356 8.54295462437422,39.3029580318399 8.5431719562946,39.3029079122333 8.5432806253175,39.3028868214837 8.54331286012816,39.3027167006912 8.54326254486961,39.3025140967658 8.54314980784203,39.3024064993423 8.54279099728999,39.3027861413236 8.54266752488597,39.3029878010356</coordinates>
            </LinearRing>
          </outerBoundaryIs>
        </Polygon>
      </Placemark>
      <Placemark xmlns="http://www.opengis.net/kml/2.2">
        <styleUrl>#Parti singole_style_map</styleUrl>
        <name>T02723</name>
        <Polygon>
          <outerBoundaryIs>
            <LinearRing>
              <coordinates>8.54295462437422,39.3029580318399 8.54318173416887,39.3029345050355 8.5431719562946,39.3029079122333 8.54295462437422,39.3029580318399</coordinates>
            </LinearRing>
          </outerBoundaryIs>
        </Polygon>
      </Placemark>
      <Placemark xmlns="http://www.opengis.net/kml/2.2">
        <styleUrl>#Parti singole_style_map</styleUrl>
        <name>T01178</name>
        <Polygon>
          <outerBoundaryIs>
            <LinearRing>
              <coordinates>8.5416624540053,39.3027615705129 8.54152878898025,39.3029429238871 8.54177473296886,39.3030368468595 8.54186364656163,39.3030485234555 8.54216292919244,39.30310516232 8.54227382419583,39.3031127531798 8.54237990006978,39.3030874631144 8.54222051747104,39.3028944404893 8.54178048489234,39.3027614588142 8.54175211459461,39.3027973446318 8.5416624540053,39.3027615705129</coordinates>
            </LinearRing>
          </outerBoundaryIs>
        </Polygon>
      </Placemark>
      <Placemark xmlns="http://www.opengis.net/kml/2.2">
        <styleUrl>#Parti singole_style_map</styleUrl>
        <name>T01177</name>
        <Polygon>
          <outerBoundaryIs>
            <LinearRing>
              <coordinates>8.5415638321465,39.3027216791829 8.5416624540053,39.3027615705129 8.54175211459461,39.3027973446318 8.54178048489234,39.3027614588142 8.54179812868259,39.3027360191437 8.54160984457339,39.3026588489825 8.5415638321465,39.3027216791829</coordinates>
            </LinearRing>
          </outerBoundaryIs>
        </Polygon>
      </Placemark>
      <Placemark xmlns="http://www.opengis.net/kml/2.2">
        <styleUrl>#Parti singole_style_map</styleUrl>
        <name>T01183</name>
        <Polygon>
          <outerBoundaryIs>
            <LinearRing>
              <coordinates>8.5168608345423,39.2976820308176 8.51771724240694,39.2976532089561 8.51834635837184,39.2979090598284 8.51837337812861,39.2978195877315 8.51831969927783,39.2978038941935 8.51818100451238,39.2977711518134 8.51792546798205,39.2976442503622 8.51779681061515,39.2975667751568 8.51773764458586,39.2975598439984 8.51745843983145,39.2975562533783 8.51724486046653,39.2975174234234 8.51713166127124,39.2975093125986 8.51693627317582,39.2975841098919 8.51688291692039,39.2976143173222 8.5168608345423,39.2976820308176</coordinates>
            </LinearRing>
          </outerBoundaryIs>
        </Polygon>
      </Placemark>
      <Placemark xmlns="http://www.opengis.net/kml/2.2">
        <styleUrl>#Parti singole_style_map</styleUrl>
        <name>T03336</name>
        <Polygon>
          <outerBoundaryIs>
            <LinearRing>
              <coordinates>8.52302323322809,39.2950202731447 8.52324304617933,39.2950028644801 8.52341943314222,39.2949679500079 8.52361183427884,39.2949484730366 8.52380946303535,39.2950097256592 8.52389914076215,39.2951068942473 8.52398598273983,39.2952580610783 8.52404603187766,39.2952987646401 8.52433830685187,39.2954002667088 8.52385366946961,39.2946315488165 8.52329462144551,39.2944740146942 8.52329774475368,39.2945247034679 8.52316218197519,39.2947571997307 8.5230387790993,39.2948877990309 8.52302323322809,39.2950202731447</coordinates>
            </LinearRing>
          </outerBoundaryIs>
        </Polygon>
      </Placemark>
      <Placemark xmlns="http://www.opengis.net/kml/2.2">
        <styleUrl>#Parti singole_style_map</styleUrl>
        <name>T01446</name>
        <Polygon>
          <outerBoundaryIs>
            <LinearRing>
              <coordinates>8.52090167917812,39.2953255321945 8.52133488422009,39.2952735848031 8.52131132719315,39.2952180993346 8.52121560876654,39.2952420702829 8.5211366316369,39.295281932786 8.52100468023646,39.2952998884745 8.52090167917812,39.2953255321945</coordinates>
            </LinearRing>
          </outerBoundaryIs>
        </Polygon>
      </Placemark>
      <Placemark xmlns="http://www.opengis.net/kml/2.2">
        <styleUrl>#Parti singole_style_map</styleUrl>
        <name>T01447</name>
        <Polygon>
          <outerBoundaryIs>
            <LinearRing>
              <coordinates>8.52287152659227,39.2951827260469 8.52319813629748,39.2951219816132 8.52332062304885,39.2951263941764 8.52355490803096,39.2951706230931 8.52416730368217,39.2954158136427 8.52434419809032,39.2954036607837 8.52433830685187,39.2954002667088 8.52404603187766,39.2952987646401 8.52398598273983,39.2952580610783 8.52389914076215,39.2951068942473 8.52380946303535,39.2950097256592 8.52361183427884,39.2949484730366 8.52341943314222,39.2949679500079 8.52324304617933,39.2950028644801 8.52302323322809,39.2950202731447 8.52267082456906,39.2950481755015 8.52287152659227,39.2951827260469</coordinates>
            </LinearRing>
          </outerBoundaryIs>
        </Polygon>
      </Placemark>
      <Placemark xmlns="http://www.opengis.net/kml/2.2">
        <styleUrl>#Parti singole_style_map</styleUrl>
        <name>T01448</name>
        <Polygon>
          <outerBoundaryIs>
            <LinearRing>
              <coordinates>8.52119676324823,39.2948237537953 8.52125702425356,39.295088293546 8.52126838298613,39.2951606058028 8.52131132719315,39.2952180993346 8.52133488422009,39.2952735848031 8.52162980422568,39.2952347184235 8.52173295785924,39.2952342955302 8.52160811586831,39.2950870165637 8.52139112753941,39.2950284648613 8.52151843474766,39.2946094880825 8.5212860945161,39.2945151818035 8.52123007636819,39.2946422088882 8.52121723093594,39.2947131690633 8.52119739399424,39.294761844124 8.52119676324823,39.2948237537953</coordinates>
            </LinearRing>
          </outerBoundaryIs>
        </Polygon>
      </Placemark>
      <Placemark xmlns="http://www.opengis.net/kml/2.2">
        <styleUrl>#Parti singole_style_map</styleUrl>
        <name>T01449</name>
        <Polygon>
          <outerBoundaryIs>
            <LinearRing>
              <coordinates>8.52139112753941,39.2950284648613 8.52160811586831,39.2950870165637 8.52173295785924,39.2952342955302 8.52193124064751,39.2952351104996 8.52234228734506,39.2955236533277 8.52249315780384,39.2955356621456 8.52251699628589,39.2955072502513 8.52267082456906,39.2950481755015 8.52246558396902,39.2949826096392 8.52207846967115,39.2948345877226 8.52165245956469,39.2946716991955 8.52151843474766,39.2946094880825 8.52139112753941,39.2950284648613</coordinates>
            </LinearRing>
          </outerBoundaryIs>
        </Polygon>
      </Placemark>
      <Placemark xmlns="http://www.opengis.net/kml/2.2">
        <styleUrl>#Parti singole_style_map</styleUrl>
        <name>T03342</name>
        <Polygon>
          <outerBoundaryIs>
            <LinearRing>
              <coordinates>8.51732289960573,39.2952825990115 8.51760714563152,39.295536932495 8.5179827185894,39.2955730090213 8.5180669559036,39.2952637066223 8.5180565455324,39.2952074549891 8.51804810851474,39.2952083841788 8.51801602728482,39.2950367873879 8.51804261682557,39.2950369516069 8.51797318584447,39.2948498188649 8.51797050463248,39.294819757197 8.51795340521747,39.2947834995277 8.51785998308799,39.2946975471506 8.51772617593408,39.2946277636245 8.51746492296327,39.2948013430167 8.51743692496616,39.2949218075688 8.51739130355433,39.2950097245807 8.51736086614924,39.2951493266466 8.51732289960573,39.2952825990115</coordinates>
            </LinearRing>
          </outerBoundaryIs>
        </Polygon>
      </Placemark>
      <Placemark xmlns="http://www.opengis.net/kml/2.2">
        <styleUrl>#Parti singole_style_map</styleUrl>
        <name>T03343</name>
        <Polygon>
          <outerBoundaryIs>
            <LinearRing>
              <coordinates>8.51797318584447,39.2948498188649 8.51804261682557,39.2950369516069 8.51801602728482,39.2950367873879 8.51804810851474,39.2952083841788 8.5180565455324,39.2952074549891 8.5180474092237,39.2951581918955 8.51806819840353,39.2950268394896 8.51797050463248,39.294819757197 8.51797318584447,39.2948498188649</coordinates>
            </LinearRing>
          </outerBoundaryIs>
        </Polygon>
      </Placemark>
      <Placemark xmlns="http://www.opengis.net/kml/2.2">
        <styleUrl>#Parti singole_style_map</styleUrl>
        <name>T03344</name>
        <Polygon>
          <outerBoundaryIs>
            <LinearRing>
              <coordinates>8.5180669559036,39.2952637066223 8.51814557502007,39.2952526157653 8.51814190501943,39.295231443531 8.51832684120565,39.2952574752546 8.51830745127191,39.2951797771329 8.51813620407474,39.2951986661629 8.5180565455324,39.2952074549891 8.5180669559036,39.2952637066223</coordinates>
            </LinearRing>
          </outerBoundaryIs>
        </Polygon>
      </Placemark>
      <Placemark xmlns="http://www.opengis.net/kml/2.2">
        <styleUrl>#Parti singole_style_map</styleUrl>
        <name>T03345</name>
        <Polygon>
          <outerBoundaryIs>
            <LinearRing>
              <coordinates>8.5180565455324,39.2952074549891 8.51813620407474,39.2951986661629 8.51830745127191,39.2951797771329 8.5181819336387,39.2951354385219 8.51820042385005,39.2951008330595 8.5181499798298,39.2950686272827 8.51806819840353,39.2950268394896 8.5180474092237,39.2951581918955 8.5180565455324,39.2952074549891</coordinates>
            </LinearRing>
          </outerBoundaryIs>
        </Polygon>
      </Placemark>
      <Placemark xmlns="http://www.opengis.net/kml/2.2">
        <styleUrl>#Parti singole_style_map</styleUrl>
        <name>T01450</name>
        <Polygon>
          <outerBoundaryIs>
            <LinearRing>
              <coordinates>8.51949126110929,39.2951550725466 8.52002831482326,39.2951197510494 8.5199701698182,39.2953895967398 8.52010531542388,39.295428656849 8.52090167917812,39.2953255321945 8.52100468023646,39.2952998884745 8.5211366316369,39.295281932786 8.52121560876654,39.2952420702829 8.52131132719315,39.2952180993346 8.52126838298613,39.2951606058028 8.52125702425356,39.295088293546 8.52119676324823,39.2948237537953 8.52119739399424,39.294761844124 8.52121723093594,39.2947131690633 8.52123007636819,39.2946422088882 8.5212860945161,39.2945151818035 8.52143119394838,39.2943441436435 8.52175623475398,39.2939173115109 8.52179312837784,39.2938653454803 8.52189224217192,39.2937596342375 8.5220814617707,39.2935750172595 8.52223680234675,39.2932855118536 8.52232065828355,39.2931928300714 8.52216542908561,39.2931233961799 8.5220773788027,39.2930774945989 8.52199938680774,39.2930207313713 8.52173462652483,39.2927597936707 8.52163318943123,39.2926891835359 8.52091471345718,39.2938412682819 8.52030588628796,39.294829617191 8.51991559741646,39.2943511179327 8.51964660999789,39.2948274286028 8.51948943738021,39.29510466838 8.51949126110929,39.2951550725466</coordinates>
            </LinearRing>
          </outerBoundaryIs>
        </Polygon>
      </Placemark>
      <Placemark xmlns="http://www.opengis.net/kml/2.2">
        <styleUrl>#Parti singole_style_map</styleUrl>
        <name>T03346</name>
        <Polygon>
          <outerBoundaryIs>
            <LinearRing>
              <coordinates>8.51874320206664,39.2949138196657 8.51911939183583,39.295179540814 8.5194596928326,39.2951571587806 8.51948943738021,39.29510466838 8.51945902238661,39.2942601535273 8.51907171065073,39.29345651388 8.51925432835495,39.2932090067991 8.51973130331941,39.2941618992525 8.51976593745574,39.2941574017304 8.51954382246041,39.2933875866463 8.51923874024821,39.2928231146994 8.51853282456338,39.2945578119688 8.51874320206664,39.2949138196657</coordinates>
            </LinearRing>
          </outerBoundaryIs>
        </Polygon>
      </Placemark>
      <Placemark xmlns="http://www.opengis.net/kml/2.2">
        <styleUrl>#Parti singole_style_map</styleUrl>
        <name>T03347</name>
        <Polygon>
          <outerBoundaryIs>
            <LinearRing>
              <coordinates>8.5194596928326,39.2951571587806 8.51949126110929,39.2951550725466 8.51948943738021,39.29510466838 8.5194596928326,39.2951571587806</coordinates>
            </LinearRing>
          </outerBoundaryIs>
        </Polygon>
      </Placemark>
      <Placemark xmlns="http://www.opengis.net/kml/2.2">
        <styleUrl>#Parti singole_style_map</styleUrl>
        <name>T01451</name>
        <Polygon>
          <outerBoundaryIs>
            <LinearRing>
              <coordinates>8.51907171065073,39.29345651388 8.51945902238661,39.2942601535273 8.51948943738021,39.29510466838 8.51964660999789,39.2948274286028 8.51991559741646,39.2943511179327 8.51977050252585,39.2941732342893 8.51976593745574,39.2941574017304 8.51973130331941,39.2941618992525 8.51925432835495,39.2932090067991 8.51907171065073,39.29345651388</coordinates>
            </LinearRing>
          </outerBoundaryIs>
        </Polygon>
      </Placemark>
      <Placemark xmlns="http://www.opengis.net/kml/2.2">
        <styleUrl>#Parti singole_style_map</styleUrl>
        <name>T01453</name>
        <Polygon>
          <outerBoundaryIs>
            <LinearRing>
              <coordinates>8.51991559741646,39.2943511179327 8.52030588628796,39.294829617191 8.52091471345718,39.2938412682819 8.52163318943123,39.2926891835359 8.52149687148935,39.2926611494252 8.52131513637686,39.2925831083189 8.52121020441956,39.2925608887368 8.52111837517111,39.2925575102343 8.52097780452803,39.2925619196064 8.52077333560895,39.2927974187485 8.52039241336332,39.2934837169296 8.52055129936422,39.2940551891375 8.52003747455393,39.2941220651326 8.51991559741646,39.2943511179327</coordinates>
            </LinearRing>
          </outerBoundaryIs>
        </Polygon>
      </Placemark>
      <Placemark xmlns="http://www.opengis.net/kml/2.2">
        <styleUrl>#Parti singole_style_map</styleUrl>
        <name>T03348</name>
        <Polygon>
          <outerBoundaryIs>
            <LinearRing>
              <coordinates>8.51954382246041,39.2933875866463 8.51976593745574,39.2941574017304 8.51977050252585,39.2941732342893 8.51991559741646,39.2943511179327 8.52003747455393,39.2941220651326 8.52039241336332,39.2934837169296 8.5201434368016,39.2925881931962 8.52011810918015,39.2925901611813 8.51984700466854,39.2926241571847 8.51974428714849,39.2926207146394 8.51963979545756,39.2926037036255 8.5196223149108,39.2925959994146 8.51923874024821,39.2928231146994 8.51954382246041,39.2933875866463</coordinates>
            </LinearRing>
          </outerBoundaryIs>
        </Polygon>
      </Placemark>
      <Placemark xmlns="http://www.opengis.net/kml/2.2">
        <styleUrl>#Parti singole_style_map</styleUrl>
        <name>T03349</name>
        <Polygon>
          <outerBoundaryIs>
            <LinearRing>
              <coordinates>8.52003747455393,39.2941220651326 8.52055129936422,39.2940551891375 8.52039241336332,39.2934837169296 8.52003747455393,39.2941220651326</coordinates>
            </LinearRing>
          </outerBoundaryIs>
        </Polygon>
      </Placemark>
      <Placemark xmlns="http://www.opengis.net/kml/2.2">
        <styleUrl>#Parti singole_style_map</styleUrl>
        <name>T01454</name>
        <Polygon>
          <outerBoundaryIs>
            <LinearRing>
              <coordinates>8.52039241336332,39.2934837169296 8.52077333560895,39.2927974187485 8.52097780452803,39.2925619196064 8.52083930301423,39.2925662639082 8.52064238801714,39.2925547390473 8.52048696859064,39.2925617794276 8.5201434368016,39.2925881931962 8.52039241336332,39.2934837169296</coordinates>
            </LinearRing>
          </outerBoundaryIs>
        </Polygon>
      </Placemark>
      <Placemark xmlns="http://www.opengis.net/kml/2.2">
        <styleUrl>#Parti singole_style_map</styleUrl>
        <name>T02811</name>
        <Polygon>
          <outerBoundaryIs>
            <LinearRing>
              <coordinates>8.51954382246041,39.2933875866463 8.51976593745574,39.2941574017304 8.51977050252585,39.2941732342893 8.51991559741646,39.2943511179327 8.52003747455393,39.2941220651326 8.52039241336332,39.2934837169296 8.5201434368016,39.2925881931962 8.52011810918015,39.2925901611813 8.51984700466854,39.2926241571847 8.51974428714849,39.2926207146394 8.51963979545756,39.2926037036255 8.5196223149108,39.2925959994146 8.51923874024821,39.2928231146994 8.51954382246041,39.2933875866463</coordinates>
            </LinearRing>
          </outerBoundaryIs>
        </Polygon>
      </Placemark>
      <Placemark xmlns="http://www.opengis.net/kml/2.2">
        <styleUrl>#Parti singole_style_map</styleUrl>
        <name>T03350</name>
        <Polygon>
          <outerBoundaryIs>
            <LinearRing>
              <coordinates>8.5212860945161,39.2945151818035 8.52151843474766,39.2946094880825 8.52165245956469,39.2946716991955 8.52207846967115,39.2948345877226 8.52240788705753,39.2940844691426 8.52175623475398,39.2939173115109 8.52143119394838,39.2943441436435 8.5212860945161,39.2945151818035</coordinates>
            </LinearRing>
          </outerBoundaryIs>
        </Polygon>
      </Placemark>
      <Placemark xmlns="http://www.opengis.net/kml/2.2">
        <styleUrl>#Parti singole_style_map</styleUrl>
        <name>T01455</name>
        <Polygon>
          <outerBoundaryIs>
            <LinearRing>
              <coordinates>8.52207846967115,39.2948345877226 8.52246558396902,39.2949826096392 8.52267082456906,39.2950481755015 8.52292338732234,39.2943954427608 8.52298296921848,39.2942366578583 8.52240788705753,39.2940844691426 8.52207846967115,39.2948345877226</coordinates>
            </LinearRing>
          </outerBoundaryIs>
        </Polygon>
      </Placemark>
      <Placemark xmlns="http://www.opengis.net/kml/2.2">
        <styleUrl>#Parti singole_style_map</styleUrl>
        <name>T03351</name>
        <Polygon>
          <outerBoundaryIs>
            <LinearRing>
              <coordinates>8.52433830685187,39.2954002667088 8.52434419809032,39.2954036607837 8.52437548315649,39.2954022929204 8.52445581757965,39.2953877987826 8.52501319759122,39.2952001129902 8.52503152497893,39.2951805175373 8.52537289656635,39.2951590326636 8.52546794138819,39.295026846483 8.5254435383255,39.2949965612183 8.52540916333716,39.2949112071433 8.52535342089302,39.2945557342887 8.52528402589606,39.2944840055845 8.5252666252557,39.2943991171921 8.52516228069315,39.294316865507 8.5249415703914,39.2942667301937 8.52465440492829,39.2941630248701 8.5245887853789,39.2940870491302 8.52385366946961,39.2946315488165 8.52433830685187,39.2954002667088</coordinates>
            </LinearRing>
          </outerBoundaryIs>
        </Polygon>
      </Placemark>
      <Placemark xmlns="http://www.opengis.net/kml/2.2">
        <styleUrl>#Parti singole_style_map</styleUrl>
        <name>T03352</name>
        <Polygon>
          <outerBoundaryIs>
            <LinearRing>
              <coordinates>8.52471409754438,39.2953411698125 8.52501335038285,39.2952735505221 8.52503416887751,39.2952474144873 8.52516762726051,39.2951984997398 8.52537289656635,39.2951590326636 8.52503152497893,39.2951805175373 8.52501319759122,39.2952001129902 8.52445581757965,39.2953877987826 8.52471409754438,39.2953411698125</coordinates>
            </LinearRing>
          </outerBoundaryIs>
        </Polygon>
      </Placemark>
      <Placemark xmlns="http://www.opengis.net/kml/2.2">
        <styleUrl>#Parti singole_style_map</styleUrl>
        <name>T03353</name>
        <Polygon>
          <outerBoundaryIs>
            <LinearRing>
              <coordinates>8.52537289656635,39.2951590326636 8.5255535608417,39.2951242855891 8.52551874856727,39.2950899030907 8.52546794138819,39.295026846483 8.52537289656635,39.2951590326636</coordinates>
            </LinearRing>
          </outerBoundaryIs>
        </Polygon>
      </Placemark>
      <Placemark xmlns="http://www.opengis.net/kml/2.2">
        <styleUrl>#Parti singole_style_map</styleUrl>
        <name>T01186</name>
        <Polygon>
          <outerBoundaryIs>
            <LinearRing>
              <coordinates>8.52065575814776,39.2976763916929 8.52145066007135,39.2976331512006 8.52277643093556,39.2980593048525 8.52258092295494,39.2978930760106 8.52247974988676,39.2978045996053 8.52244249926211,39.2977809198681 8.52235100239223,39.2977447088498 8.52215780727148,39.2977228936111 8.52205507579218,39.2977203901433 8.52188408207026,39.2976995757348 8.52156948705303,39.2976085362365 8.52148385319278,39.2975901807425 8.52137055346252,39.2975575916641 8.52120177088602,39.2975510402136 8.52096444885242,39.2975889892918 8.52065575814776,39.2976763916929</coordinates>
            </LinearRing>
          </outerBoundaryIs>
        </Polygon>
      </Placemark>
      <Placemark xmlns="http://www.opengis.net/kml/2.2">
        <styleUrl>#Parti singole_style_map</styleUrl>
        <name>T03354</name>
        <Polygon>
          <outerBoundaryIs>
            <LinearRing>
              <coordinates>8.51770957255513,39.2937913520663 8.51806633996005,39.2938779542427 8.51783094438883,39.2946673311907 8.51796753302145,39.2947863874125 8.51797050463248,39.294819757197 8.51806819840353,39.2950268394896 8.5181499798298,39.2950686272827 8.51820042385005,39.2951008330595 8.5181819336387,39.2951354385219 8.51830745127191,39.2951797771329 8.51911939183583,39.295179540814 8.51874320206664,39.2949138196657 8.51853282456338,39.2945578119688 8.51923874024821,39.2928231146994 8.5196223149108,39.2925959994146 8.51939550644749,39.2924961886513 8.51925817400436,39.2923302214591 8.5191720519617,39.292208023323 8.51914732341065,39.2921800871703 8.51911727493213,39.2922076707729 8.51880542285066,39.2924939387521 8.51855584837653,39.2927230296279 8.51846534986396,39.2927065169889 8.51823683311279,39.2927393158807 8.5181349866089,39.2928489323427 8.51807206442822,39.2929742713772 8.51804070276223,39.2930376486296 8.51798466695177,39.2931986803513 8.51794443074532,39.2932169134183 8.51786516199059,39.2934040788538 8.51780104595301,39.2935055435305 8.51777211355609,39.2936170116766 8.51770957255513,39.2937913520663</coordinates>
            </LinearRing>
          </outerBoundaryIs>
        </Polygon>
      </Placemark>
      <Placemark xmlns="http://www.opengis.net/kml/2.2">
        <styleUrl>#Parti singole_style_map</styleUrl>
        <name>T03355</name>
        <Polygon>
          <outerBoundaryIs>
            <LinearRing>
              <coordinates>8.51746492296327,39.2948013430167 8.51772617593408,39.2946277636245 8.51785998308799,39.2946975471506 8.51795340521747,39.2947834995277 8.51797050463248,39.294819757197 8.51796753302145,39.2947863874125 8.51783094438883,39.2946673311907 8.51806633996005,39.2938779542427 8.51770957255513,39.2937913520663 8.51766613001918,39.2939302695834 8.51764073404539,39.2940451223376 8.51759685099408,39.2942008609041 8.51761567607584,39.2943707899598 8.51761815280334,39.2944812619453 8.51755878297228,39.2946141302842 8.51751714069217,39.2946664176707 8.51747610810796,39.2947531733541 8.51746492296327,39.2948013430167</coordinates>
            </LinearRing>
          </outerBoundaryIs>
        </Polygon>
      </Placemark>
      <Placemark xmlns="http://www.opengis.net/kml/2.2">
        <styleUrl>#Parti singole_style_map</styleUrl>
        <name>T03356</name>
        <Polygon>
          <outerBoundaryIs>
            <LinearRing>
              <coordinates>8.51832684120565,39.2952574752546 8.51847505241899,39.2957164070761 8.51847713724302,39.2959891233576 8.51853072193153,39.2961926076118 8.51853155954972,39.2963986127927 8.51888672346716,39.2964031006749 8.51895041133677,39.2963541568212 8.51907167089418,39.2962738595653 8.51915227163875,39.2961936644581 8.5191741022561,39.296084410319 8.51927394040425,39.2960009787074 8.51937399585265,39.2958908403068 8.5194353456276,39.2958835067665 8.51956012365725,39.2957378962318 8.51965277542962,39.2956605979034 8.51980562842704,39.2956217622151 8.5199230188212,39.2956084063148 8.5199701698182,39.2953895967398 8.51949499401643,39.2952586475047 8.51949126110929,39.2951550725466 8.5194596928326,39.2951571587806 8.51911939183583,39.295179540814 8.51830745127191,39.2951797771329 8.51832684120565,39.2952574752546</coordinates>
            </LinearRing>
          </outerBoundaryIs>
        </Polygon>
      </Placemark>
      <Placemark xmlns="http://www.opengis.net/kml/2.2">
        <styleUrl>#Parti singole_style_map</styleUrl>
        <name>T01456</name>
        <Polygon>
          <outerBoundaryIs>
            <LinearRing>
              <coordinates>8.51949499401643,39.2952586475047 8.5199701698182,39.2953895967398 8.52002831482326,39.2951197510494 8.51949126110929,39.2951550725466 8.51949499401643,39.2952586475047</coordinates>
            </LinearRing>
          </outerBoundaryIs>
        </Polygon>
      </Placemark>
      <Placemark xmlns="http://www.opengis.net/kml/2.2">
        <styleUrl>#Parti singole_style_map</styleUrl>
        <name>T01457</name>
        <Polygon>
          <outerBoundaryIs>
            <LinearRing>
              <coordinates>8.52318551139918,39.2942894977063 8.52316670938038,39.2943550543252 8.52314865296137,39.2943517725203 8.52311650583272,39.2944238161729 8.52329462144551,39.2944740146942 8.52385366946961,39.2946315488165 8.5245887853789,39.2940870491302 8.52454910079507,39.2940410947545 8.52449765158557,39.2939891812847 8.52435141424504,39.2938653806624 8.52430696113515,39.2938129821024 8.52427217136344,39.2937874477918 8.52416703018615,39.2936638960717 8.52400782903363,39.2936291574758 8.52364005824396,39.2935910328508 8.52346167046536,39.2935402210143 8.52328690321056,39.2935010384883 8.52298296921848,39.2942366578583 8.52318551139918,39.2942894977063</coordinates>
            </LinearRing>
          </outerBoundaryIs>
        </Polygon>
      </Placemark>
      <Placemark xmlns="http://www.opengis.net/kml/2.2">
        <styleUrl>#Parti singole_style_map</styleUrl>
        <name>T01458</name>
        <Polygon>
          <outerBoundaryIs>
            <LinearRing>
              <coordinates>8.52240788705753,39.2940844691426 8.52298296921848,39.2942366578583 8.52328690321056,39.2935010384883 8.5229955978339,39.2934357335864 8.52289908543814,39.293418262625 8.52272636681046,39.2933592641943 8.52240788705753,39.2940844691426</coordinates>
            </LinearRing>
          </outerBoundaryIs>
        </Polygon>
      </Placemark>
      <Placemark xmlns="http://www.opengis.net/kml/2.2">
        <styleUrl>#Parti singole_style_map</styleUrl>
        <name>T03357</name>
        <Polygon>
          <outerBoundaryIs>
            <LinearRing>
              <coordinates>8.52175623475398,39.2939173115109 8.52240788705753,39.2940844691426 8.52272636681046,39.2933592641943 8.52247818200068,39.2932744736153 8.52232065828355,39.2931928300714 8.52223680234675,39.2932855118536 8.5220814617707,39.2935750172595 8.52189224217192,39.2937596342375 8.52179312837784,39.2938653454803 8.52175623475398,39.2939173115109</coordinates>
            </LinearRing>
          </outerBoundaryIs>
        </Polygon>
      </Placemark>
      <Placemark xmlns="http://www.opengis.net/kml/2.2">
        <styleUrl>#Parti singole_style_map</styleUrl>
        <name>T01184</name>
        <Polygon>
          <outerBoundaryIs>
            <LinearRing>
              <coordinates>8.51834635837184,39.2979090598284 8.51949244805102,39.2980514279632 8.5193727937704,39.297950996486 8.51919202555878,39.2979418245659 8.51897566548858,39.2979395605524 8.51879858281795,39.2979053446209 8.51868745921185,39.2978971537863 8.51852941485801,39.297865223821 8.51837337812861,39.2978195877315 8.51834635837184,39.2979090598284</coordinates>
            </LinearRing>
          </outerBoundaryIs>
        </Polygon>
      </Placemark>
      <Placemark xmlns="http://www.opengis.net/kml/2.2">
        <styleUrl>#Parti singole_style_map</styleUrl>
        <name>T01187</name>
        <Polygon>
          <outerBoundaryIs>
            <LinearRing>
              <coordinates>8.52142240294352,39.2975491006733 8.52148962351949,39.2975636680859 8.52160370617054,39.2975988012739 8.52167127074198,39.2976122526746 8.5217905752082,39.2976486416096 8.52188187810894,39.2976417362675 8.52204701634368,39.2976896577172 8.52217625255026,39.2976998209889 8.52233857612432,39.2977217166921 8.52131454280669,39.2973428714819 8.52142240294352,39.2975491006733</coordinates>
            </LinearRing>
          </outerBoundaryIs>
        </Polygon>
      </Placemark>
      <Placemark xmlns="http://www.opengis.net/kml/2.2">
        <styleUrl>#Parti singole_style_map</styleUrl>
        <name>T01459</name>
        <Polygon>
          <outerBoundaryIs>
            <LinearRing>
              <coordinates>8.5225096560274,39.2955413164716 8.52256504424452,39.2955442650097 8.52270282460949,39.2952077955285 8.52287152659227,39.2951827260469 8.52267082456906,39.2950481755015 8.52251699628589,39.2955072502513 8.52249315780384,39.2955356621456 8.5225096560274,39.2955413164716</coordinates>
            </LinearRing>
          </outerBoundaryIs>
        </Polygon>
      </Placemark>
      <Placemark xmlns="http://www.opengis.net/kml/2.2">
        <styleUrl>#Parti singole_style_map</styleUrl>
        <name>T01185</name>
        <Polygon>
          <outerBoundaryIs>
            <LinearRing>
              <coordinates>8.51639598564673,39.2979631782258 8.51683513904915,39.2977607943897 8.5168608345423,39.2976820308176 8.51688291692039,39.2976143173222 8.51671259844821,39.2977096725348 8.51651741908398,39.2978298116155 8.51648320697091,39.2978434647461 8.51639598564673,39.2979631782258</coordinates>
            </LinearRing>
          </outerBoundaryIs>
        </Polygon>
      </Placemark>
      <Placemark xmlns="http://www.opengis.net/kml/2.2">
        <styleUrl>#Parti singole_style_map</styleUrl>
        <name>T03358</name>
        <Polygon>
          <outerBoundaryIs>
            <LinearRing>
              <coordinates>8.51536748817213,39.2937613724254 8.51482152236181,39.2937719010108 8.51521263896846,39.2940476808546 8.51536748817213,39.2937613724254</coordinates>
            </LinearRing>
          </outerBoundaryIs>
        </Polygon>
      </Placemark>
      <Placemark xmlns="http://www.opengis.net/kml/2.2">
        <styleUrl>#Parti singole_style_map</styleUrl>
        <name>T03337</name>
        <Polygon>
          <outerBoundaryIs>
            <LinearRing>
              <coordinates>8.52267082456906,39.2950481755015 8.52302323322809,39.2950202731447 8.5230387790993,39.2948877990309 8.52316218197519,39.2947571997307 8.52329774475368,39.2945247034679 8.52329462144551,39.2944740146942 8.52311650583272,39.2944238161729 8.52305016222951,39.2944102805082 8.52304887049002,39.2944177810959 8.5230222376866,39.2944223123995 8.52292338732234,39.2943954427608 8.52267082456906,39.2950481755015</coordinates>
            </LinearRing>
          </outerBoundaryIs>
        </Polygon>
      </Placemark>
      <Placemark xmlns="http://www.opengis.net/kml/2.2">
        <styleUrl>#Parti singole_style_map</styleUrl>
        <name>T03338</name>
        <Polygon>
          <outerBoundaryIs>
            <LinearRing>
              <coordinates>8.52292338732234,39.2943954427608 8.5230222376866,39.2944223123995 8.52304887049002,39.2944177810959 8.52305016222951,39.2944102805082 8.52311650583272,39.2944238161729 8.52314865296137,39.2943517725203 8.52316670938038,39.2943550543252 8.52318551139918,39.2942894977063 8.52298296921848,39.2942366578583 8.52292338732234,39.2943954427608</coordinates>
            </LinearRing>
          </outerBoundaryIs>
        </Polygon>
      </Placemark>
      <Placemark xmlns="http://www.opengis.net/kml/2.2">
        <styleUrl>#Parti singole_style_map</styleUrl>
        <name>T01556</name>
        <Polygon>
          <outerBoundaryIs>
            <LinearRing>
              <coordinates>8.51552809930785,39.2927033243634 8.51574983534688,39.2930268743606 8.51584361417244,39.2927709923435 8.51594871590768,39.2927077873501 8.51571519966175,39.2927288736565 8.51552809930785,39.2927033243634</coordinates>
            </LinearRing>
          </outerBoundaryIs>
        </Polygon>
      </Placemark>
      <Placemark xmlns="http://www.opengis.net/kml/2.2">
        <styleUrl>#Parti singole_style_map</styleUrl>
        <name>T03339</name>
        <Polygon>
          <outerBoundaryIs>
            <LinearRing>
              <coordinates>8.51574983534688,39.2930268743606 8.51611691425771,39.293565031788 8.51669872823993,39.2944013870923 8.51694999685433,39.2946831488228 8.51698315523662,39.2946336197226 8.51696948966287,39.2945500341445 8.51696767728228,39.2943717686805 8.51702107433774,39.2942374431486 8.51700336793578,39.2941951096307 8.51698651794188,39.29418844387 8.51701139301483,39.2941309599938 8.51701382050685,39.294125338407 8.51707221210951,39.2940454489762 8.51714008598105,39.2939525514297 8.51725187940149,39.2940142067792 8.51718201917577,39.2941076097544 8.51721285208951,39.294166901723 8.51722783600181,39.2942392384309 8.51714162972161,39.2942762388815 8.51722455362386,39.2942831968457 8.51730267978118,39.2943268262648 8.51742238629607,39.2943238087089 8.51750443877201,39.294358038136 8.5175737704784,39.2943162368467 8.51755805823941,39.2942029977632 8.51759917973985,39.2940812810367 8.51763198437308,39.2939463742411 8.51772859312648,39.2936203634582 8.51778837268636,39.2934462188524 8.5178464069292,39.293347224931 8.51791201480606,39.2931956310689 8.51801038411633,39.2929506962567 8.51788647190127,39.2928926947907 8.51776048579978,39.2928783773126 8.51767178686015,39.2928463461401 8.51750589902777,39.2927543261797 8.51724881827878,39.2925731545423 8.51705135433417,39.2924560253399 8.51700838430499,39.2924013504515 8.51675100847515,39.2924657261394 8.51660898540729,39.2925239667671 8.51638781775734,39.2926026117984 8.51605709530044,39.2926737544073 8.51594871590768,39.2927077873501 8.51584361417244,39.2927709923435 8.51574983534688,39.2930268743606</coordinates>
            </LinearRing>
          </outerBoundaryIs>
          <innerBoundaryIs>
            <LinearRing>
              <coordinates>8.51608010262824,39.2934479653121 8.5162357658227,39.2932229225817 8.51637317974047,39.2930815128473 8.51642413258478,39.2930630635588 8.51653704205572,39.2931341223619 8.51664292379581,39.2931816880871 8.51672462436633,39.2932331089528 8.5165433468603,39.2935390067181 8.5164743996622,39.2935771957215 8.51643038271854,39.293625715412 8.51632149090289,39.2936363008167 8.51617834300251,39.2935678733254 8.51612549558602,39.2935347105525 8.51608010262824,39.2934479653121</coordinates>
            </LinearRing>
          </innerBoundaryIs>
        </Polygon>
      </Placemark>
      <Placemark xmlns="http://www.opengis.net/kml/2.2">
        <styleUrl>#Parti singole_style_map</styleUrl>
        <name>T03359</name>
        <Polygon>
          <outerBoundaryIs>
            <LinearRing>
              <coordinates>8.51384807377898,39.2931589237601 8.5138476670467,39.2931992628024 8.51408175423446,39.2932401129249 8.51415296443045,39.293292347789 8.51409449673785,39.293558873314 8.51399672081019,39.2936639887834 8.51394394831779,39.2937424764614 8.51395578118287,39.2937669357826 8.51424792656712,39.2938053249103 8.51482152236181,39.2937719010108 8.51536748817213,39.2937613724254 8.51547996825708,39.2935534062525 8.51566075434363,39.2932706835358 8.51566257099953,39.2932645278045 8.51566962448419,39.2932405437484 8.51547191763811,39.2929401880198 8.51507556993886,39.2923797583117 8.5149466431335,39.2925312397946 8.51478697616857,39.292660669982 8.51458265949785,39.2927823176712 8.51409578813362,39.2929497217956 8.51384807377898,39.2931589237601</coordinates>
            </LinearRing>
          </outerBoundaryIs>
        </Polygon>
      </Placemark>
      <Placemark xmlns="http://www.opengis.net/kml/2.2">
        <styleUrl>#Parti singole_style_map</styleUrl>
        <name>T03340</name>
        <Polygon>
          <outerBoundaryIs>
            <LinearRing>
              <coordinates>8.51694999685433,39.2946831488228 8.51709035014715,39.2949071778932 8.51733547422071,39.294924243099 8.51727835827262,39.2951711145152 8.51723108316788,39.295302176656 8.51724404731389,39.2953360294429 8.51726575401254,39.2953649986836 8.51732117652175,39.2953392779337 8.51728439446655,39.2952900442506 8.51731698248222,39.2951767081993 8.51735143036064,39.2950120821543 8.51740066968438,39.2949241981874 8.5174221573386,39.2948314414577 8.51747964081851,39.294655872852 8.51753585274412,39.2945961670504 8.51759150805866,39.2944739699667 8.51758406879574,39.2943735333028 8.51750443877201,39.294358038136 8.51742238629607,39.2943238087089 8.51730267978118,39.2943268262648 8.51722455362386,39.2942831968457 8.51714162972161,39.2942762388815 8.51706948847583,39.2942392029713 8.51702107433774,39.2942374431486 8.51696767728228,39.2943717686805 8.51696948966287,39.2945500341445 8.51698315523662,39.2946336197226 8.51694999685433,39.2946831488228</coordinates>
            </LinearRing>
          </outerBoundaryIs>
        </Polygon>
      </Placemark>
      <Placemark xmlns="http://www.opengis.net/kml/2.2">
        <styleUrl>#Parti singole_style_map</styleUrl>
        <name>T03360</name>
        <Polygon>
          <outerBoundaryIs>
            <LinearRing>
              <coordinates>8.51732289960573,39.2952825990115 8.51761339392212,39.2956639005961 8.51813063453237,39.2960815076733 8.51822606126585,39.296328623777 8.51822896993916,39.2963999371752 8.51825467920666,39.2964253816133 8.51834897412761,39.296396298172 8.51853155954972,39.2963986127927 8.51853072193153,39.2961926076118 8.51847713724302,39.2959891233576 8.51847505241899,39.2957164070761 8.51832684120565,39.2952574752546 8.51814190501943,39.295231443531 8.51814557502007,39.2952526157653 8.5180669559036,39.2952637066223 8.5179827185894,39.2955730090213 8.51760714563152,39.295536932495 8.51732289960573,39.2952825990115</coordinates>
            </LinearRing>
          </outerBoundaryIs>
        </Polygon>
      </Placemark>
      <Placemark xmlns="http://www.opengis.net/kml/2.2">
        <styleUrl>#Parti singole_style_map</styleUrl>
        <name>T03361</name>
        <Polygon>
          <outerBoundaryIs>
            <LinearRing>
              <coordinates>8.51853285179786,39.2967159285268 8.51855041076168,39.2967393928659 8.51857503484226,39.2967133998966 8.51862775425765,39.2966405415958 8.51875506284635,39.2965017815106 8.51888672346716,39.2964031006749 8.51853155954972,39.2963986127927 8.51853285179786,39.2967159285268</coordinates>
            </LinearRing>
          </outerBoundaryIs>
        </Polygon>
      </Placemark>
      <Placemark xmlns="http://www.opengis.net/kml/2.2">
        <styleUrl>#Parti singole_style_map</styleUrl>
        <name>T03341</name>
        <Polygon>
          <outerBoundaryIs>
            <LinearRing>
              <coordinates>8.51825467920666,39.2964253816133 8.51848898879616,39.2966573308844 8.51853285179786,39.2967159285268 8.51853155954972,39.2963986127927 8.51834897412761,39.296396298172 8.51825467920666,39.2964253816133</coordinates>
            </LinearRing>
          </outerBoundaryIs>
        </Polygon>
      </Placemark>
      <Placemark xmlns="http://www.opengis.net/kml/2.2">
        <styleUrl>#Parti singole_style_map</styleUrl>
        <name>T01217</name>
        <Polygon>
          <outerBoundaryIs>
            <LinearRing>
              <coordinates>8.53298457695925,39.2974792037985 8.5337104450462,39.2973782946125 8.53383399938791,39.2973605882353 8.53411323839782,39.2973205821765 8.53413253286759,39.2971968529366 8.53416231072493,39.2971115961476 8.53419026901246,39.2970016788895 8.53422368493189,39.2969064077802 8.534374009247,39.296482030599 8.53422839789238,39.2964422963712 8.5339368440728,39.2964547438272 8.53348242988817,39.2965067882154 8.53359111562657,39.2967789946312 8.53331787304601,39.296838342362 8.53317325737236,39.2966557647643 8.5328244183404,39.2967844694008 8.53293281213021,39.2970653795419 8.53255199841568,39.297232385446 8.53252194146341,39.2973435914032 8.53250404997995,39.2974077170225 8.53260212249304,39.2974271630814 8.53298457695925,39.2974792037985</coordinates>
            </LinearRing>
          </outerBoundaryIs>
        </Polygon>
      </Placemark>
      <Placemark xmlns="http://www.opengis.net/kml/2.2">
        <styleUrl>#Parti singole_style_map</styleUrl>
        <name>T01218</name>
        <Polygon>
          <outerBoundaryIs>
            <LinearRing>
              <coordinates>8.53161622097324,39.2972542749789 8.53252194146341,39.2973435914032 8.53255199841568,39.297232385446 8.53293281213021,39.2970653795419 8.5328244183404,39.2967844694008 8.53317325737236,39.2966557647643 8.53331787304601,39.296838342362 8.53359111562657,39.2967789946312 8.53348242988817,39.2965067882154 8.5339368440728,39.2964547438272 8.53422839789238,39.2964422963712 8.534374009247,39.296482030599 8.53422368493189,39.2969064077802 8.53422943086426,39.2969090709097 8.53435576497939,39.2967553050746 8.53441074313712,39.2966716358384 8.53447312661789,39.2966306887337 8.53449533718773,39.2966162614298 8.53452108941341,39.2964716441974 8.53441455367647,39.2964204427875 8.53434806769236,39.2964067778277 8.53426676161889,39.2963703105842 8.53393606732982,39.2963288797593 8.53385843578764,39.2963660891313 8.53378758565789,39.2963862143767 8.53366997750054,39.2963888967375 8.53352283756241,39.2964222590175 8.53328033599835,39.2964663757553 8.53319391121047,39.2964934844935 8.53306524415055,39.2965338585272 8.53298081856283,39.2965881603027 8.53279001923736,39.2966820872609 8.53273357044606,39.296697160652 8.53267568674734,39.2967291953306 8.53253566213922,39.2968067011478 8.5324585801053,39.2968360815226 8.53231583284302,39.2968904908125 8.53227689013336,39.2969219526672 8.53218386206879,39.2969513678648 8.53206673523205,39.2969652057397 8.53186811922648,39.297027544395 8.5317953057951,39.297025386165 8.53174770432821,39.2970388006785 8.53165737903484,39.2972228312773 8.53161622097324,39.2972542749789</coordinates>
            </LinearRing>
          </outerBoundaryIs>
        </Polygon>
      </Placemark>
      <Placemark xmlns="http://www.opengis.net/kml/2.2">
        <styleUrl>#Parti singole_style_map</styleUrl>
        <name>T01219</name>
        <Polygon>
          <outerBoundaryIs>
            <LinearRing>
              <coordinates>8.53400719630815,39.2977803590179 8.53593404904648,39.2973288959784 8.53545980982047,39.2969341202967 8.53548885516781,39.296629711878 8.53538025659965,39.2966044538275 8.53523357541617,39.2967665734785 8.53508225322611,39.2969692313884 8.5348400584439,39.2970404296385 8.53449074814294,39.2970304452503 8.53422943086426,39.2969090709097 8.53422368493189,39.2969064077802 8.53419026901246,39.2970016788895 8.53416231072493,39.2971115961476 8.53413253286759,39.2971968529366 8.53411323839782,39.2973205821765 8.53405998874641,39.2974564749736 8.53409464911683,39.2976544158488 8.53400719630815,39.2977803590179</coordinates>
            </LinearRing>
          </outerBoundaryIs>
        </Polygon>
      </Placemark>
      <Placemark xmlns="http://www.opengis.net/kml/2.2">
        <styleUrl>#Parti singole_style_map</styleUrl>
        <name>T01220</name>
        <Polygon>
          <outerBoundaryIs>
            <LinearRing>
              <coordinates>8.53422943086426,39.2969090709097 8.53449074814294,39.2970304452503 8.5348400584439,39.2970404296385 8.53508225322611,39.2969692313884 8.53523357541617,39.2967665734785 8.53538025659965,39.2966044538275 8.53518358125477,39.2965195896713 8.53514690684852,39.2966027917765 8.53502289491402,39.2967389158692 8.53478897761284,39.2968438830258 8.53463497186775,39.2967932488782 8.53449455798498,39.2967075813897 8.53447312661789,39.2966306887337 8.53441074313712,39.2966716358384 8.53435576497939,39.2967553050746 8.53422943086426,39.2969090709097</coordinates>
            </LinearRing>
          </outerBoundaryIs>
        </Polygon>
      </Placemark>
      <Placemark xmlns="http://www.opengis.net/kml/2.2">
        <styleUrl>#Parti singole_style_map</styleUrl>
        <name>T01221</name>
        <Polygon>
          <outerBoundaryIs>
            <LinearRing>
              <coordinates>8.53545980982047,39.2969341202967 8.53593404904648,39.2973288959784 8.53592118633015,39.2972379090541 8.53587125282706,39.2971269868184 8.53580323303139,39.297039942737 8.5357463538674,39.2969289476766 8.53570418713028,39.2968641729362 8.53564626154634,39.2965975234363 8.53548885516781,39.296629711878 8.53545980982047,39.2969341202967</coordinates>
            </LinearRing>
          </outerBoundaryIs>
        </Polygon>
      </Placemark>
      <Placemark xmlns="http://www.opengis.net/kml/2.2">
        <styleUrl>#Parti singole_style_map</styleUrl>
        <name>T01604</name>
        <Polygon>
          <outerBoundaryIs>
            <LinearRing>
              <coordinates>8.53889384271904,39.3014616458004 8.53893170222011,39.3014272940523 8.53910085018836,39.3012738370348 8.53903638463241,39.3012324569633 8.53877699633594,39.3013400162781 8.53889384271904,39.3014616458004</coordinates>
            </LinearRing>
          </outerBoundaryIs>
        </Polygon>
      </Placemark>
      <Placemark xmlns="http://www.opengis.net/kml/2.2">
        <styleUrl>#Parti singole_style_map</styleUrl>
        <name>T01558</name>
        <Polygon>
          <outerBoundaryIs>
            <LinearRing>
              <coordinates>8.53885539171833,39.3004080933589 8.53892055345061,39.3004174974647 8.53893196566002,39.3003697411494 8.53886682710526,39.3003603461526 8.53885539171833,39.3004080933589</coordinates>
            </LinearRing>
          </outerBoundaryIs>
        </Polygon>
      </Placemark>
      <Placemark xmlns="http://www.opengis.net/kml/2.2">
        <styleUrl>#Parti singole_style_map</styleUrl>
        <name>T01616</name>
        <Polygon>
          <outerBoundaryIs>
            <LinearRing>
              <coordinates>8.53269555667448,39.3000417562151 8.53273356710455,39.3001175263381 8.5327441622209,39.3001635683035 8.53276444473756,39.300162000817 8.53275665010346,39.3001064097932 8.53271617791885,39.3000433077853 8.53274317962439,39.3000027331204 8.53272291992458,39.2999799629071 8.53269555667448,39.3000417562151</coordinates>
            </LinearRing>
          </outerBoundaryIs>
        </Polygon>
      </Placemark>
      <Placemark xmlns="http://www.opengis.net/kml/2.2">
        <styleUrl>#Parti singole_style_map</styleUrl>
        <name>T01632</name>
        <Polygon>
          <outerBoundaryIs>
            <LinearRing>
              <coordinates>8.53897979721305,39.3004256436211 8.53902432462124,39.3004301542014 8.53903404485009,39.3003875002151 8.53898992247397,39.3003813603144 8.53897979721305,39.3004256436211</coordinates>
            </LinearRing>
          </outerBoundaryIs>
        </Polygon>
      </Placemark>
      <Placemark xmlns="http://www.opengis.net/kml/2.2">
        <styleUrl>#Parti singole_style_map</styleUrl>
        <name>T01602</name>
        <Polygon>
          <outerBoundaryIs>
            <LinearRing>
              <coordinates>8.53232631201338,39.2982774789894 8.5324257456248,39.2985056845665 8.53216871781669,39.2985695351506 8.53221668430941,39.2987372777804 8.53345266441169,39.2988578389021 8.53346969469905,39.2988238018506 8.53344661030024,39.2987444334843 8.53347545423058,39.2986847724374 8.53350415127819,39.2986349954883 8.53352739728932,39.2985765464402 8.53362095779095,39.2984532232084 8.53371795459457,39.2983170824899 8.53378513928395,39.2982362287732 8.53380099942446,39.2981722715841 8.53385345207782,39.2980482878253 8.53385407525716,39.297987594506 8.53387226249091,39.2979242052898 8.53385010368807,39.2978608616564 8.53381320235572,39.2977962064593 8.53200081563683,39.2981874621107 8.53208599024933,39.298346467933 8.53232631201338,39.2982774789894</coordinates>
            </LinearRing>
          </outerBoundaryIs>
        </Polygon>
      </Placemark>
      <Placemark xmlns="http://www.opengis.net/kml/2.2">
        <styleUrl>#Parti singole_style_map</styleUrl>
        <name>T01570</name>
        <Polygon>
          <outerBoundaryIs>
            <LinearRing>
              <coordinates>8.53175201562754,39.2976949744408 8.53185846800273,39.2978352303072 8.53172599652987,39.2979047820781 8.53175572313957,39.2979233645755 8.5318461005426,39.2978986336156 8.5319006620641,39.2978728393901 8.53188375068894,39.2978280604406 8.53178001527644,39.2976751285207 8.53206453282183,39.2975673073552 8.53212004783769,39.2975550058207 8.53223916479597,39.2975419958676 8.53244007759761,39.2975407040424 8.53253430958007,39.2975657268911 8.53271510884912,39.2975651286848 8.53282598496814,39.2975531663091 8.53296711389754,39.2975574093151 8.53318568183407,39.2975292451997 8.53325174444198,39.2975456663863 8.53342072217889,39.2976277555538 8.53363168501865,39.297705759763 8.5337203318475,39.2977459151955 8.53381320235572,39.2977962064593 8.53403139743364,39.2978330421792 8.53400719630815,39.2977803590179 8.53383010346601,39.297774576512 8.53366048462849,39.2976928548063 8.53343652187346,39.2976060942138 8.53325845104995,39.2975224367748 8.53318538539973,39.2975057982672 8.53298452615833,39.2975252120354 8.53284425441696,39.2975280999265 8.53271843978483,39.2975385876433 8.53255076027477,39.2975403829266 8.53245668237428,39.297520091308 8.53223187646487,39.2975149616086 8.53211933340762,39.2975264661813 8.5320478451078,39.2975429114439 8.53176340869498,39.2976524899747 8.53172363358867,39.2976678101937 8.53175201562754,39.2976949744408</coordinates>
            </LinearRing>
          </outerBoundaryIs>
        </Polygon>
      </Placemark>
      <Placemark xmlns="http://www.opengis.net/kml/2.2">
        <styleUrl>#Parti singole_style_map</styleUrl>
        <name>T01226</name>
        <Polygon>
          <outerBoundaryIs>
            <LinearRing>
              <coordinates>8.53022038786356,39.2968301916228 8.53057055005953,39.2970213155835 8.53063536391382,39.2969485186475 8.53073210309093,39.2970042253646 8.53110350842764,39.2965967379539 8.53126705578535,39.2966803131443 8.53138803567199,39.2966329629159 8.5310694037087,39.2958913538707 8.53103668693009,39.2958969798052 8.53090938462435,39.2959726066791 8.53084914251828,39.2959983054574 8.53067711456417,39.2961012612575 8.53060219656077,39.2961747022713 8.53056100223036,39.2962497660814 8.53048929954694,39.2963608755563 8.53046966714511,39.2963607602794 8.53042349344061,39.2964676656459 8.53040281159013,39.2965412533452 8.5303510151821,39.2966756185041 8.53011144836475,39.2967919969841 8.53022038786356,39.2968301916228</coordinates>
            </LinearRing>
          </outerBoundaryIs>
        </Polygon>
      </Placemark>
      <Placemark xmlns="http://www.opengis.net/kml/2.2">
        <styleUrl>#Parti singole_style_map</styleUrl>
        <name>T01623</name>
        <Polygon>
          <outerBoundaryIs>
            <LinearRing>
              <coordinates>8.53086613339723,39.2970814106245 8.53136416935512,39.2973681818909 8.53153292217976,39.2974853333749 8.53172363358867,39.2976678101937 8.53176340869498,39.2976524899747 8.53155097579993,39.2974753051213 8.53153153043879,39.2974349311389 8.5315386216259,39.2972880588716 8.53161622097324,39.2972542749789 8.53135346694508,39.2967666229989 8.53121145490556,39.2967038231937 8.53086613339723,39.2970814106245</coordinates>
            </LinearRing>
          </outerBoundaryIs>
        </Polygon>
      </Placemark>
      <Placemark xmlns="http://www.opengis.net/kml/2.2">
        <styleUrl>#Parti singole_style_map</styleUrl>
        <name>T01227</name>
        <Polygon>
          <outerBoundaryIs>
            <LinearRing>
              <coordinates>8.53318538539973,39.2975057982672 8.53325845104995,39.2975224367748 8.53343652187346,39.2976060942138 8.53366048462849,39.2976928548063 8.53383010346601,39.297774576512 8.53400719630815,39.2977803590179 8.53409464911683,39.2976544158488 8.53405998874641,39.2974564749736 8.53411323839782,39.2973205821765 8.53383399938791,39.2973605882353 8.53385468469732,39.2974327474112 8.53380555338463,39.2974425433597 8.53373419145825,39.297455746327 8.53371782349259,39.2974023195806 8.5337104450462,39.2973782946125 8.53306357165717,39.2974709517487 8.53318538539973,39.2975057982672</coordinates>
            </LinearRing>
          </outerBoundaryIs>
        </Polygon>
      </Placemark>
      <Placemark xmlns="http://www.opengis.net/kml/2.2">
        <styleUrl>#Parti singole_style_map</styleUrl>
        <name>T01584</name>
        <Polygon>
          <outerBoundaryIs>
            <LinearRing>
              <coordinates>8.53902432462124,39.3004301542014 8.53907457690257,39.3004370752724 8.53906762722649,39.3004675488176 8.53917049571004,39.3004816976167 8.53919270650368,39.3003842091709 8.53908958325967,39.3003700233394 8.53908403066568,39.3003943751729 8.53903404485009,39.3003875002151 8.53902432462124,39.3004301542014</coordinates>
            </LinearRing>
          </outerBoundaryIs>
        </Polygon>
      </Placemark>
      <Placemark xmlns="http://www.opengis.net/kml/2.2">
        <styleUrl>#Parti singole_style_map</styleUrl>
        <name>T01600</name>
        <Polygon>
          <outerBoundaryIs>
            <LinearRing>
              <coordinates>8.53239053331194,39.2991940152037 8.53235115928304,39.2992047237861 8.53241387794411,39.2993438752042 8.53241465633627,39.2993628277491 8.53250075771585,39.2995538663656 8.53292783204148,39.299530099688 8.53294660055557,39.2994771473127 8.53280831076521,39.2994848548007 8.53254723065354,39.2994994124778 8.53249446544323,39.29938238626 8.53261067181589,39.2993436478189 8.53273393835278,39.299307010071 8.53265104785103,39.2991231209597 8.53260398646147,39.2990116322219 8.53233715177967,39.2990755717586 8.53239053331194,39.2991940152037</coordinates>
            </LinearRing>
          </outerBoundaryIs>
        </Polygon>
      </Placemark>
      <Placemark xmlns="http://www.opengis.net/kml/2.2">
        <styleUrl>#Parti singole_style_map</styleUrl>
        <name>T01588</name>
        <Polygon>
          <outerBoundaryIs>
            <LinearRing>
              <coordinates>8.53243426313387,39.2990202762305 8.53259202125156,39.2989832996875 8.53256495139967,39.298919161174 8.53246359694401,39.2989429204722 8.53246715425924,39.2989520805884 8.5324127252958,39.2989648371816 8.53243426313387,39.2990202762305</coordinates>
            </LinearRing>
          </outerBoundaryIs>
        </Polygon>
      </Placemark>
      <Placemark xmlns="http://www.opengis.net/kml/2.2">
        <styleUrl>#Parti singole_style_map</styleUrl>
        <name>T01605</name>
        <Polygon>
          <outerBoundaryIs>
            <LinearRing>
              <coordinates>8.53657207628075,39.3009626905016 8.53661429904059,39.3009509195747 8.53659919470959,39.3009182047845 8.53655697196699,39.3009299757061 8.53657207628075,39.3009626905016</coordinates>
            </LinearRing>
          </outerBoundaryIs>
        </Polygon>
      </Placemark>
      <Placemark xmlns="http://www.opengis.net/kml/2.2">
        <styleUrl>#Parti singole_style_map</styleUrl>
        <name>T01199</name>
        <Polygon>
          <outerBoundaryIs>
            <LinearRing>
              <coordinates>8.5269101412571,39.2990011505482 8.52713123123196,39.2990420927939 8.52706593882412,39.2989733013234 8.52707954228647,39.2986047395904 8.52695134295909,39.2986279524446 8.5269101412571,39.2990011505482</coordinates>
            </LinearRing>
          </outerBoundaryIs>
        </Polygon>
      </Placemark>
      <Placemark xmlns="http://www.opengis.net/kml/2.2">
        <styleUrl>#Parti singole_style_map</styleUrl>
        <name>T01202</name>
        <Polygon>
          <outerBoundaryIs>
            <LinearRing>
              <coordinates>8.52859503139462,39.2981004095274 8.52894805008546,39.2988791440177 8.52900941848241,39.2990145343515 8.52913853538981,39.2990447381319 8.5291541238902,39.2990046587401 8.52915012173414,39.2989408290557 8.52911829641713,39.2988132624914 8.52906849182597,39.2986136459887 8.52897508856018,39.2982955790208 8.52896440042808,39.2982396065793 8.5289551692883,39.2980632305841 8.52885114470438,39.2979214591102 8.52866440615042,39.2980327592551 8.52864366526286,39.2980923348019 8.52859503139462,39.2981004095274</coordinates>
            </LinearRing>
          </outerBoundaryIs>
        </Polygon>
      </Placemark>
      <Placemark xmlns="http://www.opengis.net/kml/2.2">
        <styleUrl>#Parti singole_style_map</styleUrl>
        <name>T01575</name>
        <Polygon>
          <outerBoundaryIs>
            <LinearRing>
              <coordinates>8.53568177663107,39.3024411771374 8.53570532049383,39.3024410908943 8.53570538153804,39.3024493989621 8.5357440143647,39.3024492557943 8.53574406522674,39.3024591046435 8.53576791056782,39.3024590286015 8.53576766724675,39.3024151367288 8.53568162212331,39.3024154330787 8.53568177663107,39.3024411771374</coordinates>
            </LinearRing>
          </outerBoundaryIs>
        </Polygon>
      </Placemark>
      <Placemark xmlns="http://www.opengis.net/kml/2.2">
        <styleUrl>#Parti singole_style_map</styleUrl>
        <name>T01614</name>
        <Polygon>
          <outerBoundaryIs>
            <LinearRing>
              <coordinates>8.53287091064259,39.2993072808243 8.53294028123475,39.2992886459826 8.53287548196935,39.2991430799114 8.53280611150445,39.2991617147157 8.53287091064259,39.2993072808243</coordinates>
            </LinearRing>
          </outerBoundaryIs>
        </Polygon>
      </Placemark>
      <Placemark xmlns="http://www.opengis.net/kml/2.2">
        <styleUrl>#Parti singole_style_map</styleUrl>
        <name>T01593</name>
        <Polygon>
          <outerBoundaryIs>
            <LinearRing>
              <coordinates>8.53654236841967,39.2985403897162 8.53665637808741,39.2985580902668 8.53673617688978,39.2983243291015 8.53662626097506,39.2983066809778 8.53654236841967,39.2985403897162</coordinates>
            </LinearRing>
          </outerBoundaryIs>
        </Polygon>
      </Placemark>
      <Placemark xmlns="http://www.opengis.net/kml/2.2">
        <styleUrl>#Parti singole_style_map</styleUrl>
        <name>T01591</name>
        <Polygon>
          <outerBoundaryIs>
            <LinearRing>
              <coordinates>8.5371969106529,39.2985254877759 8.53727295324044,39.2982789431864 8.537199728501,39.2982650638268 8.53711958084624,39.2985115289603 8.5371969106529,39.2985254877759</coordinates>
            </LinearRing>
          </outerBoundaryIs>
        </Polygon>
      </Placemark>
      <Placemark xmlns="http://www.opengis.net/kml/2.2">
        <styleUrl>#Parti singole_style_map</styleUrl>
        <name>T01572</name>
        <Polygon>
          <outerBoundaryIs>
            <LinearRing>
              <coordinates>8.53789163206226,39.299410095854 8.53829227708919,39.2994017028392 8.53828504069151,39.2991935188452 8.53800979084265,39.2991992921973 8.53801493910231,39.2993475109789 8.53788954478696,39.2993501396384 8.53789163206226,39.299410095854</coordinates>
            </LinearRing>
          </outerBoundaryIs>
        </Polygon>
      </Placemark>
      <Placemark xmlns="http://www.opengis.net/kml/2.2">
        <styleUrl>#Parti singole_style_map</styleUrl>
        <name>T01578</name>
        <Polygon>
          <outerBoundaryIs>
            <LinearRing>
              <coordinates>8.53769003892092,39.299087605293 8.53773323377251,39.2990882815398 8.53773693644454,39.2989468468963 8.53769374173913,39.2989461616409 8.53769003892092,39.299087605293</coordinates>
            </LinearRing>
          </outerBoundaryIs>
        </Polygon>
      </Placemark>
      <Placemark xmlns="http://www.opengis.net/kml/2.2">
        <styleUrl>#Parti singole_style_map</styleUrl>
        <name>T01582</name>
        <Polygon>
          <outerBoundaryIs>
            <LinearRing>
              <coordinates>8.53645534271917,39.3001623312534 8.53650679135854,39.3001776921761 8.5365351421234,39.3001204072308 8.53648357618176,39.3001052530984 8.53645534271917,39.3001623312534</coordinates>
            </LinearRing>
          </outerBoundaryIs>
        </Polygon>
      </Placemark>
      <Placemark xmlns="http://www.opengis.net/kml/2.2">
        <styleUrl>#Parti singole_style_map</styleUrl>
        <name>T01590</name>
        <Polygon>
          <outerBoundaryIs>
            <LinearRing>
              <coordinates>8.53950524757791,39.3022458412759 8.53960839124572,39.3023121805006 8.53967772647683,39.3023433524249 8.53995114715126,39.3021247452238 8.54010266336173,39.3020036013398 8.53996085169936,39.3018967869486 8.539917389651,39.3018640505503 8.53946875659823,39.3022271168459 8.53950524757791,39.3022458412759</coordinates>
            </LinearRing>
          </outerBoundaryIs>
        </Polygon>
      </Placemark>
      <Placemark xmlns="http://www.opengis.net/kml/2.2">
        <styleUrl>#Parti singole_style_map</styleUrl>
        <name>T01592</name>
        <Polygon>
          <outerBoundaryIs>
            <LinearRing>
              <coordinates>8.53979274637243,39.302466334412 8.53994004524406,39.3024863169855 8.53995735567869,39.3024038658532 8.53996299640991,39.3021465257875 8.53995114715126,39.3021247452238 8.53967772647683,39.3023433524249 8.53979274637243,39.302466334412</coordinates>
            </LinearRing>
          </outerBoundaryIs>
        </Polygon>
      </Placemark>
      <Placemark xmlns="http://www.opengis.net/kml/2.2">
        <styleUrl>#Parti singole_style_map</styleUrl>
        <name>T01577</name>
        <Polygon>
          <outerBoundaryIs>
            <LinearRing>
              <coordinates>8.53502150151401,39.3015367984847 8.53531211970228,39.3017880775277 8.53563311710601,39.3020073361002 8.53581993572501,39.3020961608504 8.53603548409678,39.3021215026795 8.53604073517194,39.3020604674183 8.53580531385347,39.3019255668318 8.53531682600827,39.3015220296667 8.53518170762803,39.3014565320368 8.53502150151401,39.3015367984847</coordinates>
            </LinearRing>
          </outerBoundaryIs>
        </Polygon>
      </Placemark>
      <Placemark xmlns="http://www.opengis.net/kml/2.2">
        <styleUrl>#Parti singole_style_map</styleUrl>
        <name>T01228</name>
        <Polygon>
          <outerBoundaryIs>
            <LinearRing>
              <coordinates>8.53086613339723,39.2970814106245 8.53121145490556,39.2967038231937 8.53135346694508,39.2967666229989 8.53143455852457,39.2967412151865 8.53138803567199,39.2966329629159 8.53126705578535,39.2966803131443 8.53110350842764,39.2965967379539 8.53073210309093,39.2970042253646 8.53086613339723,39.2970814106245</coordinates>
            </LinearRing>
          </outerBoundaryIs>
        </Polygon>
      </Placemark>
      <Placemark xmlns="http://www.opengis.net/kml/2.2">
        <styleUrl>#Parti singole_style_map</styleUrl>
        <name>T01225</name>
        <Polygon>
          <outerBoundaryIs>
            <LinearRing>
              <coordinates>8.5329633064391,39.2962342952963 8.53329327343513,39.2958701829916 8.53375606696314,39.2958899158243 8.53377933428916,39.2956970546915 8.53355883447695,39.295507118056 8.53282131649563,39.2960687399222 8.5329633064391,39.2962342952963</coordinates>
            </LinearRing>
          </outerBoundaryIs>
        </Polygon>
      </Placemark>
      <Placemark xmlns="http://www.opengis.net/kml/2.2">
        <styleUrl>#Parti singole_style_map</styleUrl>
        <name>T01560</name>
        <Polygon>
          <outerBoundaryIs>
            <LinearRing>
              <coordinates>8.53188375068894,39.2978280604406 8.5319006620641,39.2978728393901 8.5318461005426,39.2978986336156 8.53200081563683,39.2981874621107 8.53381320235572,39.2977962064593 8.5337203318475,39.2977459151955 8.53363168501865,39.297705759763 8.53342072217889,39.2976277555538 8.53325174444198,39.2975456663863 8.53318568183407,39.2975292451997 8.53296711389754,39.2975574093151 8.53282598496814,39.2975531663091 8.53271510884912,39.2975651286848 8.53253430958007,39.2975657268911 8.53244007759761,39.2975407040424 8.53223916479597,39.2975419958676 8.53212004783769,39.2975550058207 8.53206453282183,39.2975673073552 8.53178001527644,39.2976751285207 8.53188375068894,39.2978280604406</coordinates>
            </LinearRing>
          </outerBoundaryIs>
        </Polygon>
      </Placemark>
      <Placemark xmlns="http://www.opengis.net/kml/2.2">
        <styleUrl>#Parti singole_style_map</styleUrl>
        <name>T01229</name>
        <Polygon>
          <outerBoundaryIs>
            <LinearRing>
              <coordinates>8.5310694037087,39.2958913538707 8.53138803567199,39.2966329629159 8.53165265599457,39.2965294057207 8.53214531321875,39.2964658264404 8.53244187432379,39.2963510244354 8.53269070288891,39.2961682066754 8.53282131649563,39.2960687399222 8.53218983282111,39.2953323737821 8.53210218220659,39.2953834902105 8.53203224484581,39.2954163771649 8.5319286440876,39.2954490565545 8.53183292879365,39.2955061053908 8.53178517209629,39.2955238263983 8.53160459469526,39.2956588812035 8.53151720139831,39.2957304073782 8.53127430446611,39.2958304655676 8.5311130569956,39.2958838527348 8.5310694037087,39.2958913538707</coordinates>
            </LinearRing>
          </outerBoundaryIs>
        </Polygon>
      </Placemark>
      <Placemark xmlns="http://www.opengis.net/kml/2.2">
        <styleUrl>#Parti singole_style_map</styleUrl>
        <name>T01230</name>
        <Polygon>
          <outerBoundaryIs>
            <LinearRing>
              <coordinates>8.53218983282111,39.2953323737821 8.53282131649563,39.2960687399222 8.53355883447695,39.295507118056 8.53377933428916,39.2956970546915 8.53375606696314,39.2958899158243 8.53329327343513,39.2958701829916 8.5329633064391,39.2962342952963 8.53319391121047,39.2964934844935 8.53328033599835,39.2964663757553 8.53352283756241,39.2964222590175 8.53366997750054,39.2963888967375 8.53378758565789,39.2963862143767 8.53385843578764,39.2963660891313 8.53393606732982,39.2963288797593 8.53426676161889,39.2963703105842 8.53434806769236,39.2964067778277 8.53441455367647,39.2964204427875 8.53452108941341,39.2964716441974 8.53449533718773,39.2966162614298 8.53447312661789,39.2966306887337 8.53449455798498,39.2967075813897 8.53463497186775,39.2967932488782 8.53478897761284,39.2968438830258 8.53502289491402,39.2967389158692 8.53514690684852,39.2966027917765 8.53518358125477,39.2965195896713 8.53536585065558,39.2961824088541 8.53544783698535,39.2959635428356 8.53534652121494,39.2958472700728 8.53508623723085,39.2955894983091 8.53496548907084,39.2954833926772 8.53454953541041,39.2953832877044 8.53441474483683,39.2954031755212 8.53387543428778,39.2953284620365 8.53380251003704,39.2953118064595 8.53361557910288,39.2953250688023 8.53342298392858,39.2952535538069 8.5332980322313,39.2952185687935 8.53324318587356,39.2951305578393 8.53315944744209,39.2950363847657 8.53306612694611,39.2949462459934 8.53297527764171,39.2948664342785 8.53295058901263,39.2948978004118 8.53287090216718,39.2949442998926 8.53282081495695,39.2949638050927 8.53276593550239,39.2949976900686 8.532648390919,39.2950329902685 8.53257942433603,39.2950838937755 8.53250438909889,39.2951126877129 8.5324736591037,39.2951683402418 8.53236960839928,39.2952460445136 8.53228933598185,39.2952671672045 8.53224957809799,39.2952975354927 8.53218983282111,39.2953323737821</coordinates>
            </LinearRing>
          </outerBoundaryIs>
        </Polygon>
      </Placemark>
      <Placemark xmlns="http://www.opengis.net/kml/2.2">
        <styleUrl>#Parti singole_style_map</styleUrl>
        <name>T01231</name>
        <Polygon>
          <outerBoundaryIs>
            <LinearRing>
              <coordinates>8.53267568674734,39.2967291953306 8.53273357044606,39.296697160652 8.53279001923736,39.2966820872609 8.53298081856283,39.2965881603027 8.53306524415055,39.2965338585272 8.53319391121047,39.2964934844935 8.5329633064391,39.2962342952963 8.5326045045811,39.2964488399259 8.53267568674734,39.2967291953306</coordinates>
            </LinearRing>
          </outerBoundaryIs>
        </Polygon>
      </Placemark>
      <Placemark xmlns="http://www.opengis.net/kml/2.2">
        <styleUrl>#Parti singole_style_map</styleUrl>
        <name>T01232</name>
        <Polygon>
          <outerBoundaryIs>
            <LinearRing>
              <coordinates>8.53135346694508,39.2967666229989 8.53161622097324,39.2972542749789 8.53165737903484,39.2972228312773 8.53174770432821,39.2970388006785 8.5317953057951,39.297025386165 8.53186811922648,39.297027544395 8.53206673523205,39.2969652057397 8.53218386206879,39.2969513678648 8.53227689013336,39.2969219526672 8.53231583284302,39.2968904908125 8.5324585801053,39.2968360815226 8.53224784956562,39.2965757723792 8.53176523462787,39.2966375813667 8.53143455852457,39.2967412151865 8.53135346694508,39.2967666229989</coordinates>
            </LinearRing>
          </outerBoundaryIs>
        </Polygon>
      </Placemark>
      <Placemark xmlns="http://www.opengis.net/kml/2.2">
        <styleUrl>#Parti singole_style_map</styleUrl>
        <name>T01569</name>
        <Polygon>
          <outerBoundaryIs>
            <LinearRing>
              <coordinates>8.53518170762803,39.3014565320368 8.53531682600827,39.3015220296667 8.53580531385347,39.3019255668318 8.53604073517194,39.3020604674183 8.53603548409678,39.3021215026795 8.53581993572501,39.3020961608504 8.53622845011496,39.3022876176639 8.53680888727267,39.302460276676 8.53729299870134,39.3025270259094 8.53799134403124,39.3024879920675 8.53753517793422,39.3022634631134 8.53715952258666,39.30194434348 8.53652655449151,39.3014655290933 8.53616893869663,39.3011767629263 8.5360091605307,39.3010485979227 8.53600468006803,39.3010456696098 8.53589627210067,39.3009747197618 8.53571711814841,39.3010882420051 8.53566962205405,39.3011327723288 8.53555978559203,39.3012357581934 8.53528823408952,39.30137367213 8.53518170762803,39.3014565320368</coordinates>
            </LinearRing>
          </outerBoundaryIs>
        </Polygon>
      </Placemark>
      <Placemark xmlns="http://www.opengis.net/kml/2.2">
        <styleUrl>#Parti singole_style_map</styleUrl>
        <name>T01283</name>
        <Polygon>
          <outerBoundaryIs>
            <LinearRing>
              <coordinates>8.52676469768023,39.298955307467 8.52683960287042,39.2989880865603 8.5269101412571,39.2990011505482 8.52695134295909,39.2986279524446 8.52680737563408,39.2986540024542 8.52676469768023,39.298955307467</coordinates>
            </LinearRing>
          </outerBoundaryIs>
        </Polygon>
      </Placemark>
      <Placemark xmlns="http://www.opengis.net/kml/2.2">
        <styleUrl>#Parti singole_style_map</styleUrl>
        <name>T03362</name>
        <Polygon>
          <outerBoundaryIs>
            <LinearRing>
              <coordinates>8.53873443552603,39.3025967980972 8.53996623783712,39.3026926744866 8.53994004524406,39.3024863169855 8.53979274637243,39.302466334412 8.53967772647683,39.3023433524249 8.53958663542557,39.3024110223927 8.53950647316937,39.3023507572 8.53938347184048,39.3022582804409 8.53942412686546,39.3022256516315 8.53944098089959,39.302212869163 8.5394084777389,39.3021961878998 8.53931619874965,39.3021373253153 8.53914584991411,39.301964574073 8.53900137531877,39.3018573064436 8.53799134403124,39.3024879920675 8.53873443552603,39.3025967980972</coordinates>
            </LinearRing>
          </outerBoundaryIs>
        </Polygon>
      </Placemark>
      <Placemark xmlns="http://www.opengis.net/kml/2.2">
        <styleUrl>#Parti singole_style_map</styleUrl>
        <name>T01282</name>
        <Polygon>
          <outerBoundaryIs>
            <LinearRing>
              <coordinates>8.52354694577691,39.2988813156111 8.52365816062517,39.2989857990807 8.52375111066024,39.2990731324768 8.52385435176009,39.299170113279 8.52419440409489,39.2995705054773 8.52445923127284,39.2999088752047 8.52458276621016,39.3000663457433 8.52473641986714,39.3002598106172 8.52603357289671,39.2994635146713 8.52676469768023,39.298955307467 8.52680737563408,39.2986540024542 8.52681001748934,39.2986354061896 8.52598520165583,39.2979822987331 8.52589062713791,39.2980357700589 8.52583021884682,39.298080396942 8.52578849600862,39.2981211713135 8.52568653277429,39.2982331906485 8.52560930520083,39.2982954818164 8.52555579965754,39.2983242238783 8.52544844140361,39.2983678481181 8.52523478458192,39.2984303753761 8.52503226087708,39.2984859914663 8.52496464932809,39.2984964110579 8.52487561257548,39.2985042111147 8.5247936562156,39.2984973796841 8.52467902974874,39.2984581835924 8.52461024008838,39.298459326197 8.5244480572921,39.2985173317429 8.5242984351872,39.2985802722003 8.52409206196156,39.2987194717954 8.52380175481625,39.2988115171146 8.52357779536882,39.2988383800191 8.52350019011518,39.2988585343949 8.52354694577691,39.2988813156111</coordinates>
            </LinearRing>
          </outerBoundaryIs>
        </Polygon>
      </Placemark>
      <Placemark xmlns="http://www.opengis.net/kml/2.2">
        <styleUrl>#Parti singole_style_map</styleUrl>
        <name>T02724</name>
        <Polygon>
          <outerBoundaryIs>
            <LinearRing>
              <coordinates>8.53538025659965,39.2966044538275 8.53548885516781,39.296629711878 8.53564626154634,39.2965975234363 8.53570418713028,39.2968641729362 8.5357463538674,39.2969289476766 8.53580323303139,39.297039942737 8.53587125282706,39.2971269868184 8.53592118633015,39.2972379090541 8.53593404904648,39.2973288959784 8.53690408441965,39.2971960336661 8.53638572733285,39.2967660075935 8.53684036401578,39.2965799191267 8.53710928088772,39.296270130518 8.53706386057792,39.2960214716786 8.536990875926,39.2959469063102 8.53518358125477,39.2965195896713 8.53538025659965,39.2966044538275</coordinates>
            </LinearRing>
          </outerBoundaryIs>
        </Polygon>
      </Placemark>
      <Placemark xmlns="http://www.opengis.net/kml/2.2">
        <styleUrl>#Parti singole_style_map</styleUrl>
        <name>T01583</name>
        <Polygon>
          <outerBoundaryIs>
            <LinearRing>
              <coordinates>8.53275778665887,39.3005090556001 8.53281446419477,39.3006535618737 8.53284357903844,39.3007625815965 8.53284679685675,39.3008071071641 8.53282549350943,39.3008801611171 8.53277733610479,39.3009802563237 8.5327462562856,39.3011160121959 8.53275458610359,39.3011713620729 8.53277413262772,39.3012699991388 8.5327959742638,39.3014002007351 8.53286384091495,39.301628884394 8.53291444495141,39.3017642924747 8.53296474841186,39.30184204014 8.53307099126927,39.301974986333 8.53310792219451,39.3020336677765 8.53313742671714,39.3021051595878 8.53316305085904,39.3021986128064 8.53316664854915,39.3023133869442 8.53315808728382,39.3024428086633 8.53310626957429,39.3026502692565 8.53308309296099,39.302802672545 8.53309922881652,39.3028806524332 8.53328849355491,39.3032172750118 8.53328036999837,39.3032808576329 8.53322122729988,39.3035084817319 8.53327535881173,39.3037730534548 8.53330396913739,39.3038116977885 8.53336818951635,39.3039718404287 8.53339287982917,39.3039389334467 8.53331175797937,39.3037775426202 8.53330826766786,39.3037599938879 8.53325875226904,39.303511083194 8.53331571162336,39.3032699253261 8.53331503707664,39.3032161109981 8.53316313368019,39.3029275660681 8.53312963348549,39.3028639065164 8.53311586699472,39.3027906397029 8.53313655465048,39.3026584733587 8.5331648855866,39.3025332128098 8.53318733734694,39.3024339784617 8.53319586413872,39.3023079896612 8.53319584892069,39.3021916440244 8.53318008984496,39.3021494559744 8.53313215278637,39.3020209789031 8.53300921194742,39.3018527430847 8.53298805159665,39.3018257973745 8.53292926276715,39.3017509260924 8.53286941358961,39.3015495499256 8.53281693801563,39.3013729916491 8.53278381995064,39.3011823283168 8.53278095076644,39.301116782289 8.53280894097919,39.300979977774 8.5328497771995,39.3008873320003 8.53287242887834,39.3008016144733 8.53287164817041,39.3007603245077 8.53282956910466,39.3006161832524 8.53278722583298,39.3004995774868 8.53277928958662,39.3003292982484 8.5327528870726,39.3003094318339 8.53275778665887,39.3005090556001</coordinates>
            </LinearRing>
          </outerBoundaryIs>
        </Polygon>
      </Placemark>
      <Placemark xmlns="http://www.opengis.net/kml/2.2">
        <styleUrl>#Parti singole_style_map</styleUrl>
        <name>T01571</name>
        <Polygon>
          <outerBoundaryIs>
            <LinearRing>
              <coordinates>8.53278722583298,39.3004995774868 8.53282956910466,39.3006161832524 8.53287164817041,39.3007603245077 8.53338924158595,39.3009154657689 8.5331403815039,39.3007797670068 8.53281645084063,39.3004787090349 8.53277928958662,39.3003292982484 8.53278722583298,39.3004995774868</coordinates>
            </LinearRing>
          </outerBoundaryIs>
        </Polygon>
      </Placemark>
      <Placemark xmlns="http://www.opengis.net/kml/2.2">
        <styleUrl>#Parti singole_style_map</styleUrl>
        <name>T01579</name>
        <Polygon>
          <outerBoundaryIs>
            <LinearRing>
              <coordinates>8.53403139743364,39.2978330421792 8.53418785344903,39.2978484822751 8.5344838523522,39.2978643725028 8.53508329719493,39.2978398818457 8.5350776190051,39.2978041949524 8.53539110586946,39.2977657734147 8.53553140285961,39.2977591251105 8.5358133984688,39.2977004378695 8.53599136930925,39.2976733769953 8.53614045354643,39.297626791705 8.53599213294983,39.2974419411664 8.53593404904648,39.2973288959784 8.53400719630815,39.2977803590179 8.53403139743364,39.2978330421792</coordinates>
            </LinearRing>
          </outerBoundaryIs>
        </Polygon>
      </Placemark>
      <Placemark xmlns="http://www.opengis.net/kml/2.2">
        <styleUrl>#Parti singole_style_map</styleUrl>
        <name>T01589</name>
        <Polygon>
          <outerBoundaryIs>
            <LinearRing>
              <coordinates>8.53599213294983,39.2974419411664 8.53614045354643,39.297626791705 8.53627371370054,39.2975933707998 8.53642119033582,39.2975899938799 8.53659241477938,39.297553615208 8.53672804708387,39.2974945588837 8.53678857440977,39.2975327438054 8.53690114845119,39.2977098910914 8.53731758203721,39.2975584298765 8.53690408441965,39.2971960336661 8.53593404904648,39.2973288959784 8.53599213294983,39.2974419411664</coordinates>
            </LinearRing>
          </outerBoundaryIs>
        </Polygon>
      </Placemark>
      <Placemark xmlns="http://www.opengis.net/kml/2.2">
        <styleUrl>#Parti singole_style_map</styleUrl>
        <name>T03363</name>
        <Polygon>
          <outerBoundaryIs>
            <LinearRing>
              <coordinates>8.53363864494389,39.300330340616 8.53370540141884,39.3003300045007 8.53420566202285,39.3003844957005 8.53443982891285,39.3004607171166 8.53457629413854,39.3005273383236 8.53511880558898,39.3008674612796 8.53555978559203,39.3012357581934 8.53566962205405,39.3011327723288 8.53552004740597,39.3010050979141 8.53539400636114,39.300949007853 8.53538576169288,39.3009453346196 8.53538201853108,39.300943157112 8.53489855910786,39.3006608135522 8.53444630709826,39.3003967042956 8.53428687208176,39.3003556893797 8.53418559143359,39.3003296305352 8.53402823448391,39.3003093120572 8.53379516875036,39.3002944658183 8.53371013830986,39.3002890520255 8.53364364421097,39.3002848117812 8.53362538426306,39.3002979031502 8.53363864494389,39.300330340616</coordinates>
            </LinearRing>
          </outerBoundaryIs>
        </Polygon>
      </Placemark>
      <Placemark xmlns="http://www.opengis.net/kml/2.2">
        <styleUrl>#Parti singole_style_map</styleUrl>
        <name>T03364</name>
        <Polygon>
          <outerBoundaryIs>
            <LinearRing>
              <coordinates>8.53402823448391,39.3003093120572 8.53418559143359,39.3003296305352 8.53428687208176,39.3003556893797 8.53439662324264,39.3001869265544 8.53438460138897,39.3001704970612 8.5342725666174,39.3001467380198 8.53411909863189,39.3001346349329 8.534110350868,39.3001945838526 8.53405475107892,39.300189684641 8.53402823448391,39.3003093120572</coordinates>
            </LinearRing>
          </outerBoundaryIs>
        </Polygon>
      </Placemark>
      <Placemark xmlns="http://www.opengis.net/kml/2.2">
        <styleUrl>#Parti singole_style_map</styleUrl>
        <name>T03416</name>
        <Polygon>
          <outerBoundaryIs>
            <LinearRing>
              <coordinates>8.53389334288266,39.3000651505012 8.5338869154562,39.3001092138999 8.53401938352708,39.300120881762 8.53400991887203,39.3001857386113 8.53405475107892,39.300189684641 8.534110350868,39.3001945838526 8.53411909863189,39.3001346349329 8.5342725666174,39.3001467380198 8.53426165754676,39.3001443876172 8.53389334288266,39.3000651505012</coordinates>
            </LinearRing>
          </outerBoundaryIs>
        </Polygon>
      </Placemark>
      <Placemark xmlns="http://www.opengis.net/kml/2.2">
        <styleUrl>#Parti singole_style_map</styleUrl>
        <name>T03365</name>
        <Polygon>
          <outerBoundaryIs>
            <LinearRing>
              <coordinates>8.53379516875036,39.3002944658183 8.53402823448391,39.3003093120572 8.53405475107892,39.300189684641 8.53400991887203,39.3001857386113 8.53401938352708,39.300120881762 8.5338869154562,39.3001092138999 8.53389334288266,39.3000651505012 8.53382846326915,39.3000518340877 8.53379516875036,39.3002944658183</coordinates>
            </LinearRing>
          </outerBoundaryIs>
        </Polygon>
      </Placemark>
      <Placemark xmlns="http://www.opengis.net/kml/2.2">
        <styleUrl>#Parti singole_style_map</styleUrl>
        <name>T03366</name>
        <Polygon>
          <outerBoundaryIs>
            <LinearRing>
              <coordinates>8.53371013830986,39.3002890520255 8.53379516875036,39.3002944658183 8.53382846326915,39.3000518340877 8.53374559768644,39.3000348142575 8.53372206421507,39.3002011377825 8.53371013830986,39.3002890520255</coordinates>
            </LinearRing>
          </outerBoundaryIs>
        </Polygon>
      </Placemark>
      <Placemark xmlns="http://www.opengis.net/kml/2.2">
        <styleUrl>#Parti singole_style_map</styleUrl>
        <name>T03418</name>
        <Polygon>
          <outerBoundaryIs>
            <LinearRing>
              <coordinates>8.53325779118082,39.3002636391122 8.53328665855706,39.3002773520114 8.53348291879582,39.3002618299293 8.53348730168701,39.300275931164 8.53362538426306,39.3002979031502 8.53364364421097,39.3002848117812 8.53371013830986,39.3002890520255 8.53372206421507,39.3002011377825 8.53374559768644,39.3000348142575 8.53333044374106,39.30007934725 8.53329416886256,39.3000791296422 8.53325779118082,39.3002636391122</coordinates>
            </LinearRing>
          </outerBoundaryIs>
        </Polygon>
      </Placemark>
      <Placemark xmlns="http://www.opengis.net/kml/2.2">
        <styleUrl>#Parti singole_style_map</styleUrl>
        <name>T03367</name>
        <Polygon>
          <outerBoundaryIs>
            <LinearRing>
              <coordinates>8.53332986727112,39.3000544034354 8.53361201674396,39.3000073909916 8.53350110094188,39.2999846088454 8.53349906266216,39.3000086230872 8.53327292120597,39.2999969951689 8.5332722108371,39.3000457880205 8.53332986727112,39.3000544034354</coordinates>
            </LinearRing>
          </outerBoundaryIs>
        </Polygon>
      </Placemark>
      <Placemark xmlns="http://www.opengis.net/kml/2.2">
        <styleUrl>#Parti singole_style_map</styleUrl>
        <name>T03368</name>
        <Polygon>
          <outerBoundaryIs>
            <LinearRing>
              <coordinates>8.53281293597919,39.2999802613672 8.5328889642107,39.3000836576087 8.53296872293581,39.3001545312895 8.533069119815,39.3002017717017 8.53325779118082,39.3002636391122 8.53329416886256,39.3000791296422 8.53313633451121,39.3000592225344 8.53296921069464,39.2999957384187 8.53290965839478,39.2999434717832 8.53290231645252,39.2998616525577 8.53282226560502,39.2998452110437 8.53281293597919,39.2999802613672</coordinates>
            </LinearRing>
          </outerBoundaryIs>
        </Polygon>
      </Placemark>
      <Placemark xmlns="http://www.opengis.net/kml/2.2">
        <styleUrl>#Parti singole_style_map</styleUrl>
        <name>T03369</name>
        <Polygon>
          <outerBoundaryIs>
            <LinearRing>
              <coordinates>8.53312957209467,39.2999896241027 8.53312877356946,39.2999989951351 8.53323761698988,39.300005053825 8.53323804178823,39.2999952016722 8.53312957209467,39.2999896241027</coordinates>
            </LinearRing>
          </outerBoundaryIs>
        </Polygon>
      </Placemark>
      <Placemark xmlns="http://www.opengis.net/kml/2.2">
        <styleUrl>#Parti singole_style_map</styleUrl>
        <name>T03419</name>
        <Polygon>
          <outerBoundaryIs>
            <LinearRing>
              <coordinates>8.53323804178823,39.2999952016722 8.53323761698988,39.300005053825 8.53312877356946,39.2999989951351 8.53312811297339,39.3000067475084 8.53321727666846,39.3000375793563 8.5332722108371,39.3000457880205 8.53327292120597,39.2999969951689 8.53323804178823,39.2999952016722</coordinates>
            </LinearRing>
          </outerBoundaryIs>
        </Polygon>
      </Placemark>
      <Placemark xmlns="http://www.opengis.net/kml/2.2">
        <styleUrl>#Parti singole_style_map</styleUrl>
        <name>T03420</name>
        <Polygon>
          <outerBoundaryIs>
            <LinearRing>
              <coordinates>8.53299788362066,39.2999828601565 8.53312957209467,39.2999896241027 8.53313407632553,39.2999366144545 8.53317089664277,39.2999385102834 8.53317053114565,39.2999167300552 8.53306628175982,39.2998965622568 8.53300413499067,39.2998973380608 8.53299788362066,39.2999828601565</coordinates>
            </LinearRing>
          </outerBoundaryIs>
        </Polygon>
      </Placemark>
      <Placemark xmlns="http://www.opengis.net/kml/2.2">
        <styleUrl>#Parti singole_style_map</styleUrl>
        <name>T03370</name>
        <Polygon>
          <outerBoundaryIs>
            <LinearRing>
              <coordinates>8.53282226560502,39.2998452110437 8.53290231645252,39.2998616525577 8.53290049153262,39.2998413532273 8.53284448877157,39.2997767922499 8.53282226560502,39.2998452110437</coordinates>
            </LinearRing>
          </outerBoundaryIs>
        </Polygon>
      </Placemark>
      <Placemark xmlns="http://www.opengis.net/kml/2.2">
        <styleUrl>#Parti singole_style_map</styleUrl>
        <name>T03371</name>
        <Polygon>
          <outerBoundaryIs>
            <LinearRing>
              <coordinates>8.53280898165563,39.2998424905414 8.53282226560502,39.2998452110437 8.53284448877157,39.2997767922499 8.53290049153262,39.2998413532273 8.53290231645252,39.2998616525577 8.53300520596085,39.2998827811359 8.533006315616,39.2998676386734 8.53304723260853,39.2998289850018 8.53320714232442,39.2996779052872 8.5333291935551,39.2996252410837 8.53339116393541,39.2996155418942 8.53345514876407,39.299637784526 8.53349724225298,39.2996524154388 8.53350976150161,39.2996567727361 8.53357429020418,39.2996792067071 8.53372024657352,39.2998094101413 8.53379691362635,39.2999390383828 8.53374559768644,39.3000348142575 8.53382846326915,39.3000518340877 8.53389334288266,39.3000651505012 8.53389589414753,39.3000476980672 8.53403380963531,39.3000598472821 8.53403546227385,39.3000484824506 8.53409668343572,39.3000538637282 8.53414952760193,39.3000091121671 8.53404479942919,39.2999975916078 8.53404800032309,39.2999801057295 8.53390653572926,39.299964536283 8.53385730651788,39.2999591128511 8.53372674768191,39.2997961815195 8.53368676699474,39.2997462824295 8.53366998564856,39.2997253464753 8.53352422586672,39.2996162196965 8.53347765162475,39.2995603290381 8.53314652904732,39.299635221854 8.53306638775084,39.2996533450321 8.5328443380533,39.2997035620217 8.53278587656944,39.2998377662711 8.53280898165563,39.2998424905414</coordinates>
            </LinearRing>
          </outerBoundaryIs>
        </Polygon>
      </Placemark>
      <Placemark xmlns="http://www.opengis.net/kml/2.2">
        <styleUrl>#Parti singole_style_map</styleUrl>
        <name>T03372</name>
        <Polygon>
          <outerBoundaryIs>
            <LinearRing>
              <coordinates>8.53317053114565,39.2999167300552 8.53317027496094,39.2999011856413 8.53317017514928,39.2998952652381 8.53306628175982,39.2998965622568 8.53317053114565,39.2999167300552</coordinates>
            </LinearRing>
          </outerBoundaryIs>
        </Polygon>
      </Placemark>
      <Placemark xmlns="http://www.opengis.net/kml/2.2">
        <styleUrl>#Parti singole_style_map</styleUrl>
        <name>T03421</name>
        <Polygon>
          <outerBoundaryIs>
            <LinearRing>
              <coordinates>8.53335619699329,39.2999421191123 8.53350406963844,39.2999497224697 8.53350110094188,39.2999846088454 8.53361201674396,39.3000073909916 8.53367151864606,39.2999974745127 8.53373659704461,39.2999074755994 8.53366184272295,39.2997797382129 8.53354747206956,39.2996904886522 8.53344500733561,39.2997608024224 8.53344008910586,39.2998185590414 8.53340760472127,39.2998168879337 8.53340531597766,39.2998436854634 8.53336476268504,39.2998415945219 8.53335619699329,39.2999421191123</coordinates>
            </LinearRing>
          </outerBoundaryIs>
        </Polygon>
      </Placemark>
      <Placemark xmlns="http://www.opengis.net/kml/2.2">
        <styleUrl>#Parti singole_style_map</styleUrl>
        <name>T03422</name>
        <Polygon>
          <outerBoundaryIs>
            <LinearRing>
              <coordinates>8.53304723260853,39.2998289850018 8.53314423640747,39.2998248329562 8.53330385269571,39.2996951882882 8.53339796409895,39.2996568019447 8.53345514876407,39.299637784526 8.53339116393541,39.2996155418942 8.5333291935551,39.2996252410837 8.53320714232442,39.2996779052872 8.53304723260853,39.2998289850018</coordinates>
            </LinearRing>
          </outerBoundaryIs>
        </Polygon>
      </Placemark>
      <Placemark xmlns="http://www.opengis.net/kml/2.2">
        <styleUrl>#Parti singole_style_map</styleUrl>
        <name>T03373</name>
        <Polygon>
          <outerBoundaryIs>
            <LinearRing>
              <coordinates>8.53390653572926,39.299964536283 8.53404800032309,39.2999801057295 8.53404479942919,39.2999975916078 8.53414952760193,39.3000091121671 8.53417897476647,39.3000123567822 8.53418206772879,39.2999954020969 8.53428517342162,39.3000067538456 8.53429531929456,39.2999510545277 8.53415692574379,39.2999358220631 8.5341706459966,39.2998605388859 8.53411918018011,39.2998548723315 8.53407970878093,39.2998505242964 8.53406695146037,39.2999204950309 8.53391757182412,39.2999040559052 8.53390653572926,39.299964536283</coordinates>
            </LinearRing>
          </outerBoundaryIs>
        </Polygon>
      </Placemark>
      <Placemark xmlns="http://www.opengis.net/kml/2.2">
        <styleUrl>#Parti singole_style_map</styleUrl>
        <name>T03374</name>
        <Polygon>
          <outerBoundaryIs>
            <LinearRing>
              <coordinates>8.53385730651788,39.2999591128511 8.53390653572926,39.299964536283 8.53391757182412,39.2999040559052 8.53406695146037,39.2999204950309 8.53407970878093,39.2998505242964 8.53411918018011,39.2998548723315 8.53413684166762,39.2997606375038 8.5339062779924,39.2996801047947 8.53392408469746,39.2997317801808 8.53372674768191,39.2997961815195 8.53385730651788,39.2999591128511</coordinates>
            </LinearRing>
          </outerBoundaryIs>
        </Polygon>
      </Placemark>
      <Placemark xmlns="http://www.opengis.net/kml/2.2">
        <styleUrl>#Parti singole_style_map</styleUrl>
        <name>T03375</name>
        <Polygon>
          <outerBoundaryIs>
            <LinearRing>
              <coordinates>8.53413840924698,39.3000575449863 8.53413661142404,39.3000698193143 8.53427080639967,39.300081646987 8.53426165754676,39.3001443876172 8.5342725666174,39.3001467380198 8.53438460138897,39.3001704970612 8.53429933310379,39.3000540624239 8.53431432465265,39.299979424077 8.53433558887632,39.299873516818 8.53425128043159,39.2998467420388 8.53417225651992,39.299794326003 8.53413684166762,39.2997606375038 8.53411918018011,39.2998548723315 8.5341706459966,39.2998605388859 8.53415692574379,39.2999358220631 8.53429531929456,39.2999510545277 8.53428517342162,39.3000067538456 8.53418206772879,39.2999954020969 8.53417897476647,39.3000123567822 8.53414952760193,39.3000091121671 8.53409668343572,39.3000538637282 8.53413840924698,39.3000575449863</coordinates>
            </LinearRing>
          </outerBoundaryIs>
        </Polygon>
      </Placemark>
      <Placemark xmlns="http://www.opengis.net/kml/2.2">
        <styleUrl>#Parti singole_style_map</styleUrl>
        <name>T03376</name>
        <Polygon>
          <outerBoundaryIs>
            <LinearRing>
              <coordinates>8.53372674768191,39.2997961815195 8.53392408469746,39.2997317801808 8.5339062779924,39.2996801047947 8.53413684166762,39.2997606375038 8.53417225651992,39.299794326003 8.53413349115979,39.2996485855518 8.53389368822476,39.2996584107494 8.53368676699474,39.2997462824295 8.53372674768191,39.2997961815195</coordinates>
            </LinearRing>
          </outerBoundaryIs>
        </Polygon>
      </Placemark>
      <Placemark xmlns="http://www.opengis.net/kml/2.2">
        <styleUrl>#Parti singole_style_map</styleUrl>
        <name>T03417</name>
        <Polygon>
          <outerBoundaryIs>
            <LinearRing>
              <coordinates>8.53389334288266,39.3000651505012 8.53426165754676,39.3001443876172 8.53427080639967,39.300081646987 8.53413661142404,39.3000698193143 8.53413840924698,39.3000575449863 8.53409668343572,39.3000538637282 8.53403546227385,39.3000484824506 8.53403380963531,39.3000598472821 8.53389589414753,39.3000476980672 8.53389334288266,39.3000651505012</coordinates>
            </LinearRing>
          </outerBoundaryIs>
        </Polygon>
      </Placemark>
      <Placemark xmlns="http://www.opengis.net/kml/2.2">
        <styleUrl>#Parti singole_style_map</styleUrl>
        <name>T03377</name>
        <Polygon>
          <outerBoundaryIs>
            <LinearRing>
              <coordinates>8.53274317962439,39.3000027331204 8.53275705465735,39.2999567083429 8.53280898165563,39.2998424905414 8.53278587656944,39.2998377662711 8.53272291992458,39.2999799629071 8.53274317962439,39.3000027331204</coordinates>
            </LinearRing>
          </outerBoundaryIs>
        </Polygon>
      </Placemark>
      <Placemark xmlns="http://www.opengis.net/kml/2.2">
        <styleUrl>#Parti singole_style_map</styleUrl>
        <name>T01619</name>
        <Polygon>
          <outerBoundaryIs>
            <LinearRing>
              <coordinates>8.53252194146341,39.2973435914032 8.53161622097324,39.2972542749789 8.5315386216259,39.2972880588716 8.53153153043879,39.2974349311389 8.53157115465585,39.2974578696475 8.53214227685564,39.2973359829518 8.53250404997995,39.2974077170225 8.53252194146341,39.2973435914032</coordinates>
            </LinearRing>
          </outerBoundaryIs>
        </Polygon>
      </Placemark>
      <Placemark xmlns="http://www.opengis.net/kml/2.2">
        <styleUrl>#Parti singole_style_map</styleUrl>
        <name>T01559</name>
        <Polygon>
          <outerBoundaryIs>
            <LinearRing>
              <coordinates>8.53827634609432,39.3013502577067 8.53835417093471,39.3013423488523 8.53850382505234,39.3013494122943 8.53851750027423,39.3014109102185 8.53858961927743,39.3014012214936 8.53857122414089,39.3013184937679 8.53872215942197,39.3012982416967 8.53871349681655,39.3012592903162 8.53855726844403,39.3012802602547 8.53856056914139,39.301295077858 8.53854123069565,39.3012976683029 8.53836845811306,39.3012719241845 8.53828889519432,39.3012725545495 8.53827634609432,39.3013502577067</coordinates>
            </LinearRing>
          </outerBoundaryIs>
        </Polygon>
      </Placemark>
      <Placemark xmlns="http://www.opengis.net/kml/2.2">
        <styleUrl>#Parti singole_style_map</styleUrl>
        <name>T01561</name>
        <MultiGeometry>
          <Polygon>
            <outerBoundaryIs>
              <LinearRing>
                <coordinates>8.53903638463241,39.3012324569633 8.53910085018836,39.3012738370348 8.53906407875155,39.3012502275883 8.53903638463241,39.3012324569633</coordinates>
              </LinearRing>
            </outerBoundaryIs>
          </Polygon>
          <Polygon>
            <outerBoundaryIs>
              <LinearRing>
                <coordinates>8.53904959956192,39.3015902955108 8.53931139710987,39.3014090289449 8.53910085018836,39.3012738370348 8.53893170222011,39.3014272940523 8.53889384271904,39.3014616458004 8.53904959956192,39.3015902955108</coordinates>
              </LinearRing>
            </outerBoundaryIs>
          </Polygon>
        </MultiGeometry>
      </Placemark>
      <Placemark xmlns="http://www.opengis.net/kml/2.2">
        <styleUrl>#Parti singole_style_map</styleUrl>
        <name>T01631</name>
        <Polygon>
          <outerBoundaryIs>
            <LinearRing>
              <coordinates>8.53897546995174,39.3018231885517 8.53900137531877,39.3018573064436 8.53914584991411,39.301964574073 8.53931619874965,39.3021373253153 8.5394084777389,39.3021961878998 8.53944098089959,39.302212869163 8.53946875659823,39.3022271168459 8.539917389651,39.3018640505503 8.53996085169936,39.3018967869486 8.53996350573619,39.3018722794461 8.5399932544932,39.3018278754289 8.54007870146926,39.3016283929434 8.54012611123706,39.3014000971231 8.54011125275381,39.3011985330369 8.54007257783055,39.3011060479213 8.5400304922361,39.3010332105629 8.53991306585399,39.3009751320512 8.5398346656222,39.3010461593359 8.53931139710987,39.3014090289449 8.53904959956192,39.3015902955108 8.53886052176261,39.3017214531622 8.53897546995174,39.3018231885517</coordinates>
            </LinearRing>
          </outerBoundaryIs>
        </Polygon>
      </Placemark>
      <Placemark xmlns="http://www.opengis.net/kml/2.2">
        <styleUrl>#Parti singole_style_map</styleUrl>
        <name>T01189</name>
        <Polygon>
          <outerBoundaryIs>
            <LinearRing>
              <coordinates>8.53023671950809,39.3025978446147 8.53064609146225,39.302732025694 8.53051235643783,39.3025084993994 8.53023671950809,39.3025978446147</coordinates>
            </LinearRing>
          </outerBoundaryIs>
        </Polygon>
      </Placemark>
      <Placemark xmlns="http://www.opengis.net/kml/2.2">
        <styleUrl>#Parti singole_style_map</styleUrl>
        <name>T01191</name>
        <Polygon>
          <outerBoundaryIs>
            <LinearRing>
              <coordinates>8.52975045047294,39.302713946562 8.529795223399,39.3026871136018 8.53018314498991,39.3024546742396 8.53026680805688,39.3024307914545 8.53034164534615,39.3024415730055 8.53045128707097,39.302480139681 8.53047242902345,39.3024663576181 8.53034961368679,39.3024171863034 8.53027115277709,39.3024054440072 8.53016326038335,39.3024347975254 8.52977237592639,39.302673252973 8.52975045047294,39.302713946562</coordinates>
            </LinearRing>
          </outerBoundaryIs>
        </Polygon>
      </Placemark>
      <Placemark xmlns="http://www.opengis.net/kml/2.2">
        <styleUrl>#Parti singole_style_map</styleUrl>
        <name>T02725</name>
        <Polygon>
          <outerBoundaryIs>
            <LinearRing>
              <coordinates>8.53706386057792,39.2960214716786 8.53739828925198,39.2960629264931 8.53758809661024,39.2958525071377 8.53785244193199,39.2955492223131 8.53793365222555,39.2955034373158 8.53801492170767,39.2951877019301 8.53782817113829,39.2950785528335 8.53757807711531,39.2952395437665 8.53750494676932,39.2955710708534 8.53735626348718,39.2957952597397 8.536990875926,39.2959469063102 8.53706386057792,39.2960214716786</coordinates>
            </LinearRing>
          </outerBoundaryIs>
        </Polygon>
      </Placemark>
      <Placemark xmlns="http://www.opengis.net/kml/2.2">
        <styleUrl>#Parti singole_style_map</styleUrl>
        <name>T02732</name>
        <Polygon>
          <outerBoundaryIs>
            <LinearRing>
              <coordinates>8.53793365222555,39.2955034373158 8.5381649096064,39.2953730431589 8.53817132346667,39.2953499652713 8.53819902553569,39.2953537966449 8.53824997235054,39.295325065619 8.53801492170767,39.2951877019301 8.53793365222555,39.2955034373158</coordinates>
            </LinearRing>
          </outerBoundaryIs>
        </Polygon>
      </Placemark>
      <Placemark xmlns="http://www.opengis.net/kml/2.2">
        <styleUrl>#Parti singole_style_map</styleUrl>
        <name>T01234</name>
        <Polygon>
          <outerBoundaryIs>
            <LinearRing>
              <coordinates>8.53518358125477,39.2965195896713 8.536990875926,39.2959469063102 8.53735626348718,39.2957952597397 8.53750494676932,39.2955710708534 8.53757807711531,39.2952395437665 8.53782817113829,39.2950785528335 8.53801492170767,39.2951877019301 8.53804729066418,39.2950620325438 8.53853564912595,39.2951561047923 8.5384776618082,39.2951003780625 8.53839809339788,39.2950587935187 8.53831795957844,39.2950450226067 8.53804672778529,39.2950171391645 8.53785764225451,39.2950302826281 8.53757233101257,39.2949797433966 8.53726099319082,39.2948559693704 8.5371934889246,39.2949265877649 8.53709869994498,39.2950444305903 8.53685515725642,39.2952176014252 8.53675294907248,39.2953085356064 8.53639337069528,39.2954569596087 8.53620313341214,39.295505561773 8.53612961507561,39.2955488982985 8.53567259930577,39.2956780992153 8.53534652121494,39.2958472700728 8.53544783698535,39.2959635428356 8.53536585065558,39.2961824088541 8.53518358125477,39.2965195896713</coordinates>
            </LinearRing>
          </outerBoundaryIs>
        </Polygon>
      </Placemark>
      <Placemark xmlns="http://www.opengis.net/kml/2.2">
        <styleUrl>#Parti singole_style_map</styleUrl>
        <name>T01235</name>
        <Polygon>
          <outerBoundaryIs>
            <LinearRing>
              <coordinates>8.53801492170767,39.2951877019301 8.53824997235054,39.295325065619 8.53819902553569,39.2953537966449 8.53863967440423,39.2954148892445 8.53874761431655,39.2954361589322 8.53867875104383,39.2952936164599 8.53853564912595,39.2951561047923 8.53804729066418,39.2950620325438 8.53801492170767,39.2951877019301</coordinates>
            </LinearRing>
          </outerBoundaryIs>
        </Polygon>
      </Placemark>
      <Placemark xmlns="http://www.opengis.net/kml/2.2">
        <styleUrl>#Parti singole_style_map</styleUrl>
        <name>T01193</name>
        <Polygon>
          <outerBoundaryIs>
            <LinearRing>
              <coordinates>8.52719313262015,39.2989307203539 8.52718641701587,39.2989945876389 8.52720613515677,39.2990251418232 8.52740150786819,39.2990998230684 8.52744797428717,39.298921060149 8.52746005798965,39.2988521867049 8.52746106127577,39.2986961802344 8.52742794316922,39.2985319886394 8.52734497409749,39.2985566921974 8.52718965126899,39.2985848050383 8.52721201064778,39.2987036293617 8.52718169592678,39.2988569396539 8.52719313262015,39.2989307203539</coordinates>
            </LinearRing>
          </outerBoundaryIs>
        </Polygon>
      </Placemark>
      <Placemark xmlns="http://www.opengis.net/kml/2.2">
        <styleUrl>#Parti singole_style_map</styleUrl>
        <name>T01194</name>
        <Polygon>
          <outerBoundaryIs>
            <LinearRing>
              <coordinates>8.52740150786819,39.2990998230684 8.52768469120448,39.2992146606049 8.52765626688138,39.2988525149657 8.5275748263891,39.2985689071775 8.52752924495677,39.2985248401568 8.52742794316922,39.2985319886394 8.52746106127577,39.2986961802344 8.52746005798965,39.2988521867049 8.52744797428717,39.298921060149 8.52740150786819,39.2990998230684</coordinates>
            </LinearRing>
          </outerBoundaryIs>
        </Polygon>
      </Placemark>
      <Placemark xmlns="http://www.opengis.net/kml/2.2">
        <styleUrl>#Parti singole_style_map</styleUrl>
        <name>T01195</name>
        <Polygon>
          <outerBoundaryIs>
            <LinearRing>
              <coordinates>8.5275748263891,39.2985689071775 8.52765626688138,39.2988525149657 8.52768469120448,39.2992146606049 8.52790472771611,39.2992434146955 8.52785922684494,39.2989526633398 8.52781697385926,39.2987429309593 8.52770070886261,39.2984693909781 8.52769441845327,39.2984545879588 8.52762359596194,39.2985062378468 8.52752924495677,39.2985248401568 8.5275748263891,39.2985689071775</coordinates>
            </LinearRing>
          </outerBoundaryIs>
        </Polygon>
      </Placemark>
      <Placemark xmlns="http://www.opengis.net/kml/2.2">
        <styleUrl>#Parti singole_style_map</styleUrl>
        <name>T01196</name>
        <Polygon>
          <outerBoundaryIs>
            <LinearRing>
              <coordinates>8.52770070886261,39.2984693909781 8.52781697385926,39.2987429309593 8.52785922684494,39.2989526633398 8.52790472771611,39.2992434146955 8.52811080113409,39.2992428721468 8.52798220847567,39.2986860504222 8.5278398974548,39.2983484742653 8.52769441845327,39.2984545879588 8.52770070886261,39.2984693909781</coordinates>
            </LinearRing>
          </outerBoundaryIs>
        </Polygon>
      </Placemark>
      <Placemark xmlns="http://www.opengis.net/kml/2.2">
        <styleUrl>#Parti singole_style_map</styleUrl>
        <name>T01197</name>
        <Polygon>
          <outerBoundaryIs>
            <LinearRing>
              <coordinates>8.5278398974548,39.2983484742653 8.52798220847567,39.2986860504222 8.52811080113409,39.2992428721468 8.52823293753312,39.2992118801133 8.52815395247542,39.2985214227823 8.52795235174844,39.2982676544707 8.5278398974548,39.2983484742653</coordinates>
            </LinearRing>
          </outerBoundaryIs>
        </Polygon>
      </Placemark>
      <Placemark xmlns="http://www.opengis.net/kml/2.2">
        <styleUrl>#Parti singole_style_map</styleUrl>
        <name>T01628</name>
        <Polygon>
          <outerBoundaryIs>
            <LinearRing>
              <coordinates>8.53891263988328,39.2978074469952 8.53902384929007,39.2980396690053 8.53905277127536,39.2980362604373 8.53903198108366,39.2979350694097 8.53899354652145,39.2977110471807 8.53892423489626,39.2977176476281 8.53890891213949,39.2977870320788 8.53891263988328,39.2978074469952</coordinates>
            </LinearRing>
          </outerBoundaryIs>
        </Polygon>
      </Placemark>
      <Placemark xmlns="http://www.opengis.net/kml/2.2">
        <styleUrl>#Parti singole_style_map</styleUrl>
        <name>T01624</name>
        <Polygon>
          <outerBoundaryIs>
            <LinearRing>
              <coordinates>8.5378741274211,39.2974157145229 8.53852935571608,39.2975259749207 8.53852921381294,39.2974469688595 8.5384948953338,39.2974492475785 8.53844940704955,39.2972647810189 8.53844912850547,39.2972630498664 8.53810900923814,39.297325909949 8.53794782766087,39.2973854070534 8.5378741274211,39.2974157145229</coordinates>
            </LinearRing>
          </outerBoundaryIs>
        </Polygon>
      </Placemark>
      <Placemark xmlns="http://www.opengis.net/kml/2.2">
        <styleUrl>#Parti singole_style_map</styleUrl>
        <name>T01573</name>
        <Polygon>
          <outerBoundaryIs>
            <LinearRing>
              <coordinates>8.53690408441965,39.2971960336661 8.53731758203721,39.2975584298765 8.53737011413926,39.2975393289436 8.53745033895577,39.2975220771558 8.53742846370256,39.297485641161 8.53733239444309,39.2973255721505 8.5372691891455,39.2973435583452 8.53710523316716,39.2970743252272 8.53690408441965,39.2971960336661</coordinates>
            </LinearRing>
          </outerBoundaryIs>
        </Polygon>
      </Placemark>
      <Placemark xmlns="http://www.opengis.net/kml/2.2">
        <styleUrl>#Parti singole_style_map</styleUrl>
        <name>T01236</name>
        <Polygon>
          <outerBoundaryIs>
            <LinearRing>
              <coordinates>8.53773935997206,39.2962581647341 8.53810441717329,39.2963136967414 8.53847239226911,39.2961882239229 8.5379605284489,39.2961070244073 8.5381649096064,39.2953730431589 8.53793365222555,39.2955034373158 8.53773935997206,39.2962581647341</coordinates>
            </LinearRing>
          </outerBoundaryIs>
        </Polygon>
      </Placemark>
      <Placemark xmlns="http://www.opengis.net/kml/2.2">
        <styleUrl>#Parti singole_style_map</styleUrl>
        <name>T03378</name>
        <Polygon>
          <outerBoundaryIs>
            <LinearRing>
              <coordinates>8.53867712182812,39.2963432444823 8.53867819956368,39.296352187336 8.53875257586531,39.2963635113037 8.53889092699809,39.2960645722669 8.53860807084036,39.2962097479526 8.53867712182812,39.2963432444823</coordinates>
            </LinearRing>
          </outerBoundaryIs>
        </Polygon>
      </Placemark>
      <Placemark xmlns="http://www.opengis.net/kml/2.2">
        <styleUrl>#Parti singole_style_map</styleUrl>
        <name>T01222</name>
        <Polygon>
          <outerBoundaryIs>
            <LinearRing>
              <coordinates>8.53638572733285,39.2967660075935 8.53690408441965,39.2971960336661 8.53710523316716,39.2970743252272 8.53689071859945,39.2967221276624 8.53762996442754,39.2964754817283 8.53767315472868,39.2964607497394 8.5376763144917,39.2964581582144 8.53710928088772,39.296270130518 8.53684036401578,39.2965799191267 8.53638572733285,39.2967660075935</coordinates>
            </LinearRing>
          </outerBoundaryIs>
        </Polygon>
      </Placemark>
      <Placemark xmlns="http://www.opengis.net/kml/2.2">
        <styleUrl>#Parti singole_style_map</styleUrl>
        <name>T01237</name>
        <Polygon>
          <outerBoundaryIs>
            <LinearRing>
              <coordinates>8.53710928088772,39.296270130518 8.5376763144917,39.2964581582144 8.53767315472868,39.2964607497394 8.53810441717329,39.2963136967414 8.53773935997206,39.2962581647341 8.53793365222555,39.2955034373158 8.53785244193199,39.2955492223131 8.53758809661024,39.2958525071377 8.53739828925198,39.2960629264931 8.53706386057792,39.2960214716786 8.53710928088772,39.296270130518</coordinates>
            </LinearRing>
          </outerBoundaryIs>
        </Polygon>
      </Placemark>
      <Placemark xmlns="http://www.opengis.net/kml/2.2">
        <styleUrl>#Parti singole_style_map</styleUrl>
        <name>T03379</name>
        <Polygon>
          <outerBoundaryIs>
            <LinearRing>
              <coordinates>8.53868606977342,39.2964181135403 8.53878581202142,39.2963829258986 8.5387844866089,39.2963675484488 8.53886821908294,39.2961407845767 8.53889092699809,39.2960645722669 8.53875257586531,39.2963635113037 8.53867819956368,39.296352187336 8.53868606977342,39.2964181135403</coordinates>
            </LinearRing>
          </outerBoundaryIs>
        </Polygon>
      </Placemark>
      <Placemark xmlns="http://www.opengis.net/kml/2.2">
        <styleUrl>#Parti singole_style_map</styleUrl>
        <name>T02106</name>
        <Polygon>
          <outerBoundaryIs>
            <LinearRing>
              <coordinates>8.53742846370256,39.297485641161 8.53770524058886,39.2974159986437 8.5380040047254,39.2972916759722 8.53843136696981,39.2971952642572 8.53839880499885,39.2970220582227 8.53733239444309,39.2973255721505 8.53742846370256,39.297485641161</coordinates>
            </LinearRing>
          </outerBoundaryIs>
        </Polygon>
      </Placemark>
      <Placemark xmlns="http://www.opengis.net/kml/2.2">
        <styleUrl>#Parti singole_style_map</styleUrl>
        <name>T02107</name>
        <Polygon>
          <outerBoundaryIs>
            <LinearRing>
              <coordinates>8.53745033895577,39.2975220771558 8.53779647343815,39.2974476551885 8.5378741274211,39.2974157145229 8.53794782766087,39.2973854070534 8.53810900923814,39.297325909949 8.53844912850547,39.2972630498664 8.53843842824976,39.2971936793645 8.53843136696981,39.2971952642572 8.5380040047254,39.2972916759722 8.53770524058886,39.2974159986437 8.53742846370256,39.297485641161 8.53745033895577,39.2975220771558</coordinates>
            </LinearRing>
          </outerBoundaryIs>
        </Polygon>
      </Placemark>
      <Placemark xmlns="http://www.opengis.net/kml/2.2">
        <styleUrl>#Parti singole_style_map</styleUrl>
        <name>T02108</name>
        <Polygon>
          <outerBoundaryIs>
            <LinearRing>
              <coordinates>8.53839979235825,39.2970218098419 8.53874780339669,39.2969348226018 8.53868606977342,39.2964181135403 8.53831383413525,39.2965494450728 8.53839979235825,39.2970218098419</coordinates>
            </LinearRing>
          </outerBoundaryIs>
        </Polygon>
      </Placemark>
      <Placemark xmlns="http://www.opengis.net/kml/2.2">
        <styleUrl>#Parti singole_style_map</styleUrl>
        <name>T02109</name>
        <Polygon>
          <outerBoundaryIs>
            <LinearRing>
              <coordinates>8.53843842824976,39.2971936793645 8.53844912850547,39.2972630498664 8.53844940704955,39.2972647810189 8.5384948953338,39.2974492475785 8.53852921381294,39.2974469688595 8.53865540790873,39.297438584861 8.53865856276421,39.2974632235159 8.53886529945528,39.2974421112263 8.53889244973407,39.2974029413606 8.53890459224844,39.2972332736335 8.53889214823305,39.2971132563278 8.53889320309332,39.2971062592228 8.53885504543143,39.2970450787438 8.53883184410215,39.2970003389302 8.53882207714117,39.2969618607175 8.53841250167106,39.2970254555252 8.53843842824976,39.2971936793645</coordinates>
            </LinearRing>
          </outerBoundaryIs>
        </Polygon>
      </Placemark>
      <Placemark xmlns="http://www.opengis.net/kml/2.2">
        <styleUrl>#Parti singole_style_map</styleUrl>
        <name>T02110</name>
        <Polygon>
          <outerBoundaryIs>
            <LinearRing>
              <coordinates>8.53843136696981,39.2971952642572 8.53843842824976,39.2971936793645 8.53841250167106,39.2970254555252 8.53882207714117,39.2969618607175 8.53881451482096,39.2969320234602 8.53881164831922,39.296773397367 8.53883746732829,39.2965642810906 8.53881369883009,39.2964999768676 8.53880869061003,39.2964467580459 8.53878719026872,39.2963990874857 8.53878581202142,39.2963829258986 8.53868606977342,39.2964181135403 8.53874780339669,39.2969348226018 8.53839979235825,39.2970218098419 8.53843136696981,39.2971952642572</coordinates>
            </LinearRing>
          </outerBoundaryIs>
        </Polygon>
      </Placemark>
      <Placemark xmlns="http://www.opengis.net/kml/2.2">
        <styleUrl>#Parti singole_style_map</styleUrl>
        <name>T01200</name>
        <Polygon>
          <outerBoundaryIs>
            <LinearRing>
              <coordinates>8.52826047651788,39.2984056491214 8.52839244757065,39.2985965920876 8.52849849005229,39.2988603524439 8.52851239543993,39.2990055565716 8.52869579027936,39.2989551634482 8.52858320822619,39.2985176632929 8.52850878199121,39.2984480426727 8.52842002089091,39.2983509534703 8.52844634539475,39.298294058744 8.52848644975778,39.2982160358012 8.52842540585241,39.2981999508747 8.52842756870811,39.2982360048686 8.52841066494177,39.2982743212182 8.52843792709894,39.2982927897099 8.52838406914534,39.2983321106105 8.5283609724119,39.2983175113616 8.52835138261525,39.2983062073576 8.52829786602573,39.2983601266723 8.52826047651788,39.2984056491214</coordinates>
            </LinearRing>
          </outerBoundaryIs>
        </Polygon>
      </Placemark>
      <Placemark xmlns="http://www.opengis.net/kml/2.2">
        <styleUrl>#Parti singole_style_map</styleUrl>
        <name>T01201</name>
        <Polygon>
          <outerBoundaryIs>
            <LinearRing>
              <coordinates>8.52842002089091,39.2983509534703 8.52850878199121,39.2984480426727 8.52858320822619,39.2985176632929 8.52869579027936,39.2989551634482 8.52894805008546,39.2988791440177 8.52859503139462,39.2981004095274 8.52857885881875,39.2981030922443 8.52848644975778,39.2982160358012 8.52844634539475,39.298294058744 8.52842002089091,39.2983509534703</coordinates>
            </LinearRing>
          </outerBoundaryIs>
        </Polygon>
      </Placemark>
      <Placemark xmlns="http://www.opengis.net/kml/2.2">
        <styleUrl>#Parti singole_style_map</styleUrl>
        <name>T01603</name>
        <Polygon>
          <outerBoundaryIs>
            <LinearRing>
              <coordinates>8.53652655449151,39.3014655290933 8.53715952258666,39.30194434348 8.53753517793422,39.3022634631134 8.53799134403124,39.3024879920675 8.53900137531877,39.3018573064436 8.53897546995174,39.3018231885517 8.53886052176261,39.3017214531622 8.53841587992436,39.3018418652274 8.53809796390838,39.3016360434092 8.53827634609432,39.3013502577067 8.53828889519432,39.3012725545495 8.53897979721305,39.3004256436211 8.53898992247397,39.3003813603144 8.5393203807293,39.3000343083093 8.53928858965772,39.2996829649006 8.53922350830585,39.2995182355535 8.5391198875344,39.299292008909 8.53908156414295,39.2994237371067 8.53891598005821,39.3000136215806 8.53791191178468,39.3005827335374 8.53745239569075,39.3008211765601 8.53686437802904,39.3011104129207 8.53652655449151,39.3014655290933</coordinates>
            </LinearRing>
          </outerBoundaryIs>
          <innerBoundaryIs>
            <LinearRing>
              <coordinates>8.53886682710526,39.3003603461526 8.53893196566002,39.3003697411494 8.53892055345061,39.3004174974647 8.53885539171833,39.3004080933589 8.53886682710526,39.3003603461526</coordinates>
            </LinearRing>
          </innerBoundaryIs>
          <innerBoundaryIs>
            <LinearRing>
              <coordinates>8.5366631177945,39.3014510883715 8.53680208423771,39.3013852782912 8.53689885205915,39.301508650012 8.53675990871423,39.3015744512874 8.5366631177945,39.3014510883715</coordinates>
            </LinearRing>
          </innerBoundaryIs>
        </Polygon>
      </Placemark>
      <Placemark xmlns="http://www.opengis.net/kml/2.2">
        <styleUrl>#Parti singole_style_map</styleUrl>
        <name>T01208</name>
        <Polygon>
          <outerBoundaryIs>
            <LinearRing>
              <coordinates>8.53447840273462,39.2988684897685 8.5342608816553,39.2988763955131 8.53408602806796,39.2986130706474 8.53422617014551,39.2985041522997 8.53480802408632,39.2982473698799 8.53523726051568,39.2981882274958 8.53554299314988,39.2980371953664 8.53598698578223,39.2979138360708 8.53611130649313,39.2982155853388 8.53621624016697,39.2981745636878 8.53620611964438,39.298098500385 8.53608311611085,39.2978062356814 8.53599136930925,39.2976733769953 8.5358133984688,39.2977004378695 8.53553140285961,39.2977591251105 8.53539110586946,39.2977657734147 8.5350776190051,39.2978041949524 8.53508329719493,39.2978398818457 8.5344838523522,39.2978643725028 8.53418785344903,39.2978484822751 8.53403139743364,39.2978330421792 8.53381320235572,39.2977962064593 8.53385010368807,39.2978608616564 8.53387226249091,39.2979242052898 8.53385407525716,39.297987594506 8.53385345207782,39.2980482878253 8.53380099942446,39.2981722715841 8.53378513928395,39.2982362287732 8.53371795459457,39.2983170824899 8.53362095779095,39.2984532232084 8.53352739728932,39.2985765464402 8.53350415127819,39.2986349954883 8.53347545423058,39.2986847724374 8.53344661030024,39.2987444334843 8.53346969469905,39.2988238018506 8.53345266441169,39.2988578389021 8.5334207896437,39.2989215786253 8.53339726550654,39.2989939299811 8.53389169122821,39.2989615633888 8.5339870714998,39.2991267414668 8.53428722515892,39.2993196182035 8.53465661969495,39.2993648791986 8.53487295130578,39.2992828913279 8.53484399723392,39.299236758119 8.53492977630945,39.2992042482072 8.53495875343935,39.2992504085194 8.53508297771096,39.2992072844343 8.53486143649299,39.2990043077636 8.53447840273462,39.2988684897685</coordinates>
            </LinearRing>
          </outerBoundaryIs>
        </Polygon>
      </Placemark>
      <Placemark xmlns="http://www.opengis.net/kml/2.2">
        <styleUrl>#Parti singole_style_map</styleUrl>
        <name>T01611</name>
        <Polygon>
          <outerBoundaryIs>
            <LinearRing>
              <coordinates>8.53486143649299,39.2990043077636 8.53508297771096,39.2992072844343 8.53544573452366,39.2990813498975 8.53503605701748,39.2988725130714 8.53486143649299,39.2990043077636</coordinates>
            </LinearRing>
          </outerBoundaryIs>
        </Polygon>
      </Placemark>
      <Placemark xmlns="http://www.opengis.net/kml/2.2">
        <styleUrl>#Parti singole_style_map</styleUrl>
        <name>T01595</name>
        <Polygon>
          <outerBoundaryIs>
            <LinearRing>
              <coordinates>8.53447840273462,39.2988684897685 8.53486143649299,39.2990043077636 8.53503605701748,39.2988725130714 8.53544573452366,39.2990813498975 8.53549038160885,39.2990658496296 8.5355268761321,39.2991239609218 8.5355659287903,39.2991091591414 8.53561837673534,39.2991170636203 8.53564543819002,39.2991530881338 8.53564358269555,39.2991934214533 8.53557979291577,39.2992188021399 8.53561826133713,39.299280084024 8.53555349121873,39.2993046318015 8.53576247510496,39.2996375087736 8.53582358314262,39.2996143519327 8.5358762713438,39.2996982711782 8.53579932809369,39.2997274380448 8.53582037596516,39.2997609425658 8.53590921297114,39.2997272727514 8.53590325662887,39.2997177968076 8.53598619901865,39.2996863560828 8.53602186780434,39.2997431753972 8.53567148832374,39.2998665300011 8.53590382868561,39.2999348298298 8.53624616301129,39.2995159198522 8.53625339511242,39.2993725980926 8.53618343068369,39.2992389433747 8.53608750240148,39.2992805685692 8.53595358792047,39.2991703116577 8.53583536072792,39.2990729483642 8.53550746655188,39.2987253238858 8.53543903839423,39.2986770598677 8.53530513226433,39.298530813656 8.53547948078096,39.2984626324666 8.53542177300469,39.29834707457 8.53523726051568,39.2981882274958 8.53480802408632,39.2982473698799 8.53510634203172,39.2984930937288 8.53447840273462,39.2988684897685</coordinates>
            </LinearRing>
          </outerBoundaryIs>
        </Polygon>
      </Placemark>
      <Placemark xmlns="http://www.opengis.net/kml/2.2">
        <styleUrl>#Parti singole_style_map</styleUrl>
        <name>T01596</name>
        <Polygon>
          <outerBoundaryIs>
            <LinearRing>
              <coordinates>8.53534690264108,39.2999772094592 8.53524431094971,39.3000160951272 8.53540027914471,39.3000622219533 8.53534690264108,39.2999772094592</coordinates>
            </LinearRing>
          </outerBoundaryIs>
        </Polygon>
      </Placemark>
      <Placemark xmlns="http://www.opengis.net/kml/2.2">
        <styleUrl>#Parti singole_style_map</styleUrl>
        <name>T01597</name>
        <Polygon>
          <outerBoundaryIs>
            <LinearRing>
              <coordinates>8.53556957956062,39.3001178539781 8.53557868998483,39.3000204130416 8.5354319877058,39.3000760087431 8.53556957956062,39.3001178539781</coordinates>
            </LinearRing>
          </outerBoundaryIs>
        </Polygon>
      </Placemark>
      <Placemark xmlns="http://www.opengis.net/kml/2.2">
        <styleUrl>#Parti singole_style_map</styleUrl>
        <name>T01608</name>
        <Polygon>
          <outerBoundaryIs>
            <LinearRing>
              <coordinates>8.53697891547207,39.2989344432276 8.53704603536806,39.2991250695752 8.537070760849,39.2991214916197 8.5370544509236,39.2990535403976 8.53703750293741,39.299055995937 8.53703400373424,39.2990414478156 8.53719756104209,39.2990163371249 8.5371996940557,39.2990252661648 8.53731324309771,39.2990056510933 8.53746202151758,39.2990286882862 8.53751241758125,39.2990364936474 8.53750780105187,39.2990172555542 8.53747050073558,39.2990108178159 8.53726176950683,39.2989748191212 8.53718623359273,39.2989947746026 8.53703079048037,39.299013429894 8.53702547438734,39.2989912605331 8.53704255004197,39.2989887874821 8.53702779758545,39.2989273571608 8.53697891547207,39.2989344432276</coordinates>
            </LinearRing>
          </outerBoundaryIs>
        </Polygon>
      </Placemark>
      <Placemark xmlns="http://www.opengis.net/kml/2.2">
        <styleUrl>#Parti singole_style_map</styleUrl>
        <name>T01564</name>
        <Polygon>
          <outerBoundaryIs>
            <LinearRing>
              <coordinates>8.53787936493706,39.2994872324415 8.53796825392284,39.2994877657249 8.5379684368698,39.2994687719795 8.53802769613924,39.2994691334709 8.53802801600532,39.2994381380692 8.53787987943632,39.2994372433415 8.53787936493706,39.2994872324415</coordinates>
            </LinearRing>
          </outerBoundaryIs>
        </Polygon>
      </Placemark>
      <Placemark xmlns="http://www.opengis.net/kml/2.2">
        <styleUrl>#Parti singole_style_map</styleUrl>
        <name>T01626</name>
        <Polygon>
          <outerBoundaryIs>
            <LinearRing>
              <coordinates>8.53705856517474,39.2978998406593 8.53721725699092,39.2980213681123 8.53726713339216,39.2980727290542 8.53747549153378,39.2982054737371 8.53753564651773,39.2982510455304 8.53762076820752,39.2983338674875 8.53774505290427,39.2984325956412 8.5378336454939,39.2985449321395 8.53796177938595,39.2985628316946 8.53798573031658,39.2986170178201 8.53793429224549,39.2987217967418 8.53796897766118,39.2987343511961 8.53806607878648,39.2987856560532 8.53825759595699,39.2987904891901 8.53836985532555,39.2987429078841 8.53857680287958,39.2988367910191 8.53863782900221,39.2987976114134 8.53858196307264,39.2987450829515 8.53863776008662,39.2987092435812 8.53866822294225,39.2987378921443 8.53868280400637,39.2987285248142 8.53872769745303,39.2987707195458 8.53863756757224,39.2988285800203 8.53868823547592,39.2988762130747 8.53870803621683,39.2988825900443 8.53901274391028,39.2989806715194 8.53919901982807,39.2990226152748 8.53921709552175,39.2988217581308 8.53921248460819,39.2987202888264 8.53915733708093,39.2983991646575 8.53912152868221,39.2983279917487 8.53909428450108,39.2982382998053 8.53905277127536,39.2980362604373 8.53902384929007,39.2980396690053 8.53891263988328,39.2978074469952 8.53890891213949,39.2977870320788 8.53892423489626,39.2977176476281 8.53899354652145,39.2977110471807 8.53898616382719,39.297667955964 8.53905027509365,39.2974571352157 8.53901210871113,39.2973318619045 8.53896145084318,39.2972157029199 8.53889320309332,39.2971062592228 8.53889214823305,39.2971132563278 8.53890459224844,39.2972332736335 8.53889244973407,39.2974029413606 8.53886529945528,39.2974421112263 8.53865856276421,39.2974632235159 8.53865540790873,39.297438584861 8.53852921381294,39.2974469688595 8.53852935571608,39.2975259749207 8.5378741274211,39.2974157145229 8.53779647343815,39.2974476551885 8.53745033895577,39.2975220771558 8.53737011413926,39.2975393289436 8.53731758203721,39.2975584298765 8.53690114845119,39.2977098910914 8.53705856517474,39.2978998406593</coordinates>
            </LinearRing>
          </outerBoundaryIs>
          <innerBoundaryIs>
            <LinearRing>
              <coordinates>8.53843323251672,39.2986883294831 8.53856918659691,39.2987374903509 8.5385372221834,39.2987908778798 8.53840125648549,39.2987417079182 8.53843323251672,39.2986883294831</coordinates>
            </LinearRing>
          </innerBoundaryIs>
          <innerBoundaryIs>
            <LinearRing>
              <coordinates>8.53855809388366,39.2977799733651 8.53865176350229,39.2978009522585 8.53874762184691,39.2978347709388 8.53880281926067,39.297868923936 8.53887955891678,39.2979391508856 8.53893042128074,39.2980118522759 8.53897602720495,39.2980832623088 8.5390603969519,39.2982508435418 8.53909786871823,39.2983671845003 8.53908321150034,39.2983881753359 8.53904454992234,39.2984160092675 8.53849850931144,39.2980322878657 8.53855809388366,39.2977799733651</coordinates>
            </LinearRing>
          </innerBoundaryIs>
        </Polygon>
      </Placemark>
      <Placemark xmlns="http://www.opengis.net/kml/2.2">
        <styleUrl>#Parti singole_style_map</styleUrl>
        <name>T01627</name>
        <Polygon>
          <outerBoundaryIs>
            <LinearRing>
              <coordinates>8.53840125648549,39.2987417079182 8.5385372221834,39.2987908778798 8.53856918659691,39.2987374903509 8.53843323251672,39.2986883294831 8.53840125648549,39.2987417079182</coordinates>
            </LinearRing>
          </outerBoundaryIs>
        </Polygon>
      </Placemark>
      <Placemark xmlns="http://www.opengis.net/kml/2.2">
        <styleUrl>#Parti singole_style_map</styleUrl>
        <name>T01209</name>
        <Polygon>
          <outerBoundaryIs>
            <LinearRing>
              <coordinates>8.53555349121873,39.2993046318015 8.53561826133713,39.299280084024 8.53557979291577,39.2992188021399 8.53564358269555,39.2991934214533 8.53564543819002,39.2991530881338 8.53561837673534,39.2991170636203 8.5355659287903,39.2991091591414 8.5355268761321,39.2991239609218 8.53549038160885,39.2990658496296 8.53544573452366,39.2990813498975 8.53508297771096,39.2992072844343 8.53495875343935,39.2992504085194 8.53492977630945,39.2992042482072 8.53484399723392,39.299236758119 8.53487295130578,39.2992828913279 8.53465661969495,39.2993648791986 8.53459988296616,39.2993863859435 8.5350431035991,39.3000923412594 8.53524431094971,39.3000160951272 8.53534690264108,39.2999772094592 8.53540027914471,39.3000622219533 8.53541337372374,39.3000830708492 8.5354319877058,39.3000760087431 8.53557868998483,39.3000204130416 8.53568861777487,39.2999787450334 8.53562781574558,39.2998819080762 8.53567148832374,39.2998665300011 8.53602186780434,39.2997431753972 8.53598619901865,39.2996863560828 8.53590325662887,39.2997177968076 8.53590921297114,39.2997272727514 8.53582037596516,39.2997609425658 8.53579932809369,39.2997274380448 8.5358762713438,39.2996982711782 8.53582358314262,39.2996143519327 8.53576247510496,39.2996375087736 8.53555349121873,39.2993046318015</coordinates>
            </LinearRing>
          </outerBoundaryIs>
        </Polygon>
      </Placemark>
      <Placemark xmlns="http://www.opengis.net/kml/2.2">
        <styleUrl>#Parti singole_style_map</styleUrl>
        <name>T01568</name>
        <Polygon>
          <outerBoundaryIs>
            <LinearRing>
              <coordinates>8.53704603536806,39.2991250695752 8.53697891547207,39.2989344432276 8.53696103125042,39.2988836600445 8.53647435283221,39.2989601777303 8.53660962568618,39.2993444536424 8.53669110568571,39.299327135302 8.53680536585266,39.2996516857216 8.53702563892478,39.2996048781508 8.53691601116553,39.2992934749154 8.53708488575997,39.2992623033559 8.53706696718391,39.2992114299483 8.53715124573694,39.2991935187072 8.53716143446884,39.2992224564328 8.53738935478091,39.2991817337561 8.53740436753792,39.2991790542143 8.53739908063182,39.2991612371359 8.53736712313699,39.2990532073886 8.53727092315438,39.2990658091424 8.53727522630877,39.2990780357041 8.53722427831415,39.2990888711019 8.53723038027344,39.2991061868336 8.53704932507884,39.2991344537539 8.53704603536806,39.2991250695752</coordinates>
            </LinearRing>
          </outerBoundaryIs>
        </Polygon>
      </Placemark>
      <Placemark xmlns="http://www.opengis.net/kml/2.2">
        <styleUrl>#Parti singole_style_map</styleUrl>
        <name>T01205</name>
        <Polygon>
          <outerBoundaryIs>
            <LinearRing>
              <coordinates>8.53192207583672,39.298869000009 8.53191905627125,39.2988644284657 8.53167633387389,39.2987193801557 8.53151002261459,39.2984061127001 8.5315753028403,39.2980634838912 8.53163898376821,39.2979831849775 8.53138713269551,39.2981796213691 8.53139295476339,39.2981952062321 8.53148457662911,39.2984046946674 8.5312662343325,39.298556662958 8.53080034071567,39.2988786640017 8.53084694852667,39.2989308795188 8.53087856902642,39.298966319808 8.53092746624956,39.2990490906594 8.53096233882142,39.2991081249331 8.53104722783038,39.2991622607945 8.53128437739884,39.2993621358331 8.53141694762356,39.2994207886408 8.53179924293246,39.2998460991419 8.5318836372906,39.2999468355227 8.53189216820011,39.2999649362197 8.53195173932645,39.3000125269183 8.53211792025249,39.3000764051693 8.53225889266371,39.3001223136949 8.53231609793085,39.3001595144162 8.53227590962547,39.2998170289304 8.53216340559263,39.2995766587524 8.53213471015639,39.2991907970368 8.53192207583672,39.298869000009</coordinates>
            </LinearRing>
          </outerBoundaryIs>
          <innerBoundaryIs>
            <LinearRing>
              <coordinates>8.53177366670417,39.2990361632401 8.53212017313075,39.2991899276122 8.53186424115454,39.299455307149 8.53155035660925,39.299327651116 8.53177366670417,39.2990361632401</coordinates>
            </LinearRing>
          </innerBoundaryIs>
        </Polygon>
      </Placemark>
      <Placemark xmlns="http://www.opengis.net/kml/2.2">
        <styleUrl>#Parti singole_style_map</styleUrl>
        <name>T01206</name>
        <Polygon>
          <outerBoundaryIs>
            <LinearRing>
              <coordinates>8.53155035660925,39.299327651116 8.53186424115454,39.299455307149 8.53212017313075,39.2991899276122 8.53177366670417,39.2990361632401 8.53155035660925,39.299327651116</coordinates>
            </LinearRing>
          </outerBoundaryIs>
        </Polygon>
      </Placemark>
      <Placemark xmlns="http://www.opengis.net/kml/2.2">
        <styleUrl>#Parti singole_style_map</styleUrl>
        <name>T01612</name>
        <Polygon>
          <outerBoundaryIs>
            <LinearRing>
              <coordinates>8.53809796390838,39.3016360434092 8.53841587992436,39.3018418652274 8.53886052176261,39.3017214531622 8.53904959956192,39.3015902955108 8.53889384271904,39.3014616458004 8.53877699633594,39.3013400162781 8.53903638463241,39.3012324569633 8.53906407875155,39.3012502275883 8.53910085018836,39.3012738370348 8.53931139710987,39.3014090289449 8.5398346656222,39.3010461593359 8.53991306585399,39.3009751320512 8.5397611100591,39.3008999767794 8.53949188343863,39.3006600567866 8.539456878,39.3005440321233 8.5394063648243,39.3003010309111 8.5393203807293,39.3000343083093 8.53898992247397,39.3003813603144 8.53903404485009,39.3003875002151 8.53908403066568,39.3003943751729 8.53908958325967,39.3003700233394 8.53919270650368,39.3003842091709 8.53917049571004,39.3004816976167 8.53906762722649,39.3004675488176 8.53907457690257,39.3004370752724 8.53902432462124,39.3004301542014 8.53897979721305,39.3004256436211 8.53828889519432,39.3012725545495 8.53836845811306,39.3012719241845 8.53854123069565,39.3012976683029 8.53856056914139,39.301295077858 8.53855726844403,39.3012802602547 8.53871349681655,39.3012592903162 8.53872215942197,39.3012982416967 8.53857122414089,39.3013184937679 8.53858961927743,39.3014012214936 8.53851750027423,39.3014109102185 8.53850382505234,39.3013494122943 8.53835417093471,39.3013423488523 8.53827634609432,39.3013502577067 8.53809796390838,39.3016360434092</coordinates>
            </LinearRing>
          </outerBoundaryIs>
        </Polygon>
      </Placemark>
      <Placemark xmlns="http://www.opengis.net/kml/2.2">
        <styleUrl>#Parti singole_style_map</styleUrl>
        <name>T01576</name>
        <Polygon>
          <outerBoundaryIs>
            <LinearRing>
              <coordinates>8.53219555172988,39.2988508532682 8.53227612045119,39.2991654690333 8.53234427620597,39.2993083727623 8.53262466794025,39.2998963007213 8.53273077351323,39.300146952937 8.5327441622209,39.3001635683035 8.53273356710455,39.3001175263381 8.53269555667448,39.3000417562151 8.53272291992458,39.2999799629071 8.53266823030149,39.2999184977767 8.53277902853106,39.2997183385311 8.5328443380533,39.2997035620217 8.53295525312576,39.2996007992814 8.53304773668741,39.2995403846346 8.5331699120438,39.2994166900684 8.53319948588817,39.2993624474331 8.5333383445322,39.2991416847167 8.53337911829355,39.2990546791472 8.53339726550654,39.2989939299811 8.5334207896437,39.2989215786253 8.53345266441169,39.2988578389021 8.53221668430941,39.2987372777804 8.53223156445184,39.2987893471426 8.53216095908737,39.2987914420376 8.53219555172988,39.2988508532682</coordinates>
            </LinearRing>
          </outerBoundaryIs>
          <innerBoundaryIs>
            <LinearRing>
              <coordinates>8.5324127252958,39.2989648371816 8.53246715425924,39.2989520805884 8.53246359694401,39.2989429204722 8.53256495139967,39.298919161174 8.53259202125156,39.2989832996875 8.53243426313387,39.2990202762305 8.5324127252958,39.2989648371816</coordinates>
            </LinearRing>
          </innerBoundaryIs>
          <innerBoundaryIs>
            <LinearRing>
              <coordinates>8.53280611150445,39.2991617147157 8.53287548196935,39.2991430799114 8.53294028123475,39.2992886459826 8.53287091064259,39.2993072808243 8.53280611150445,39.2991617147157</coordinates>
            </LinearRing>
          </innerBoundaryIs>
          <innerBoundaryIs>
            <LinearRing>
              <coordinates>8.53233715177967,39.2990755717586 8.53260398646147,39.2990116322219 8.53265104785103,39.2991231209597 8.53273393835278,39.299307010071 8.53278468059204,39.2994283351529 8.53279035402246,39.2994419189803 8.53280831076521,39.2994848548007 8.53294660055557,39.2994771473127 8.53292783204148,39.299530099688 8.53250075771585,39.2995538663656 8.53241465633627,39.2993628277491 8.53241387794411,39.2993438752042 8.53235115928304,39.2992047237861 8.53239053331194,39.2991940152037 8.53233715177967,39.2990755717586</coordinates>
            </LinearRing>
          </innerBoundaryIs>
        </Polygon>
      </Placemark>
      <Placemark xmlns="http://www.opengis.net/kml/2.2">
        <styleUrl>#Parti singole_style_map</styleUrl>
        <name>T02228</name>
        <Polygon>
          <outerBoundaryIs>
            <LinearRing>
              <coordinates>8.53459988296616,39.2993863859435 8.53465661969495,39.2993648791986 8.53428722515892,39.2993196182035 8.5339870714998,39.2991267414668 8.53389169122821,39.2989615633888 8.53339726550654,39.2989939299811 8.53337911829355,39.2990546791472 8.5333383445322,39.2991416847167 8.53319948588817,39.2993624474331 8.5331699120438,39.2994166900684 8.53304773668741,39.2995403846346 8.53295525312576,39.2996007992814 8.5328443380533,39.2997035620217 8.53306638775084,39.2996533450321 8.53305687165926,39.2996159306234 8.53313842533045,39.2996034087389 8.53314652904732,39.299635221854 8.53347765162475,39.2995603290381 8.53352422586672,39.2996162196965 8.53366998564856,39.2997253464753 8.53368676699474,39.2997462824295 8.53389368822476,39.2996584107494 8.53413349115979,39.2996485855518 8.53417225651992,39.299794326003 8.53425128043159,39.2998467420388 8.53433558887632,39.299873516818 8.53431432465265,39.299979424077 8.5343717724115,39.3000029375713 8.53445307412238,39.3000407022446 8.53459528359411,39.3002151589485 8.53472802550532,39.3002433075943 8.53472835350576,39.3001832979211 8.53484964283851,39.3001843416158 8.53484915171233,39.3002689947879 8.53501593057846,39.3003043615738 8.53503086745859,39.3002308672715 8.53504808141126,39.300146253904 8.53519900206225,39.3001647791991 8.5353191684985,39.3001795321405 8.53548065741982,39.3001993607766 8.53546296423853,39.3002863691299 8.53544097955788,39.3003944813247 8.53552782624999,39.3004128944748 8.53584340947955,39.3000116479341 8.53590382868561,39.2999348298298 8.53567148832374,39.2998665300011 8.53562781574558,39.2998819080762 8.53568861777487,39.2999787450334 8.53557868998483,39.3000204130416 8.53556957956062,39.3001178539781 8.5354319877058,39.3000760087431 8.53541337372374,39.3000830708492 8.53540027914471,39.3000622219533 8.53524431094971,39.3000160951272 8.5350431035991,39.3000923412594 8.53459988296616,39.2993863859435</coordinates>
            </LinearRing>
          </outerBoundaryIs>
        </Polygon>
      </Placemark>
      <Placemark xmlns="http://www.opengis.net/kml/2.2">
        <styleUrl>#Parti singole_style_map</styleUrl>
        <name>T02229</name>
        <Polygon>
          <outerBoundaryIs>
            <LinearRing>
              <coordinates>8.53459528359411,39.3002151589485 8.53445307412238,39.3000407022446 8.5343717724115,39.3000029375713 8.53431432465265,39.299979424077 8.53429933310379,39.3000540624239 8.53438460138897,39.3001704970612 8.5344050650882,39.3001748319952 8.53459528359411,39.3002151589485</coordinates>
            </LinearRing>
          </outerBoundaryIs>
        </Polygon>
      </Placemark>
      <Placemark xmlns="http://www.opengis.net/kml/2.2">
        <styleUrl>#Parti singole_style_map</styleUrl>
        <name>T02226</name>
        <Polygon>
          <outerBoundaryIs>
            <LinearRing>
              <coordinates>8.53472802550532,39.3002433075943 8.53459528359411,39.3002151589485 8.53469630993687,39.3003391082114 8.53543549191657,39.300904949224 8.53539400636114,39.300949007853 8.53552004740597,39.3010050979141 8.53566962205405,39.3011327723288 8.53571711814841,39.3010882420051 8.53589627210067,39.3009747197618 8.53552782624999,39.3004128944748 8.53544097955788,39.3003944813247 8.53501593057846,39.3003043615738 8.53484915171233,39.3002689947879 8.53484879409233,39.3003334916502 8.53472751609925,39.3003324479994 8.53472802550532,39.3002433075943</coordinates>
            </LinearRing>
          </outerBoundaryIs>
          <innerBoundaryIs>
            <LinearRing>
              <coordinates>8.5351628808792,39.300384873386 8.53523294565704,39.3003910913519 8.53522479759615,39.3004464292934 8.53519522340186,39.3004465724426 8.53519628047228,39.300439305065 8.53515542379577,39.3004356817226 8.5351628808792,39.300384873386</coordinates>
            </LinearRing>
          </innerBoundaryIs>
          <innerBoundaryIs>
            <LinearRing>
              <coordinates>8.53524115022896,39.3004148311721 8.53542267100668,39.3004324962627 8.53539776932931,39.3005800724901 8.53530071833209,39.3005701876174 8.53531307929532,39.3004968541945 8.5352298029484,39.3004891958532 8.53524115022896,39.3004148311721</coordinates>
            </LinearRing>
          </innerBoundaryIs>
        </Polygon>
      </Placemark>
      <Placemark xmlns="http://www.opengis.net/kml/2.2">
        <styleUrl>#Parti singole_style_map</styleUrl>
        <name>T02227</name>
        <Polygon>
          <outerBoundaryIs>
            <LinearRing>
              <coordinates>8.53428687208176,39.3003556893797 8.53444630709826,39.3003967042956 8.53489855910786,39.3006608135522 8.53538201853108,39.300943157112 8.53538576169288,39.3009453346196 8.53539400636114,39.300949007853 8.53543549191657,39.300904949224 8.53469630993687,39.3003391082114 8.53459528359411,39.3002151589485 8.5344050650882,39.3001748319952 8.53438460138897,39.3001704970612 8.53439662324264,39.3001869265544 8.53428687208176,39.3003556893797</coordinates>
            </LinearRing>
          </outerBoundaryIs>
        </Polygon>
      </Placemark>
      <Placemark xmlns="http://www.opengis.net/kml/2.2">
        <styleUrl>#Parti singole_style_map</styleUrl>
        <name>T01581</name>
        <Polygon>
          <outerBoundaryIs>
            <LinearRing>
              <coordinates>8.53408602806796,39.2986130706474 8.5342608816553,39.2988763955131 8.53447840273462,39.2988684897685 8.53510634203172,39.2984930937288 8.53480802408632,39.2982473698799 8.53422617014551,39.2985041522997 8.53408602806796,39.2986130706474</coordinates>
            </LinearRing>
          </outerBoundaryIs>
        </Polygon>
      </Placemark>
      <Placemark xmlns="http://www.opengis.net/kml/2.2">
        <styleUrl>#Parti singole_style_map</styleUrl>
        <name>T01629</name>
        <Polygon>
          <outerBoundaryIs>
            <LinearRing>
              <coordinates>8.53542177300469,39.29834707457 8.53547948078096,39.2984626324666 8.53611130649313,39.2982155853388 8.53598698578223,39.2979138360708 8.53554299314988,39.2980371953664 8.53523726051568,39.2981882274958 8.53542177300469,39.29834707457</coordinates>
            </LinearRing>
          </outerBoundaryIs>
        </Polygon>
      </Placemark>
      <Placemark xmlns="http://www.opengis.net/kml/2.2">
        <styleUrl>#Parti singole_style_map</styleUrl>
        <name>T01617</name>
        <Polygon>
          <outerBoundaryIs>
            <LinearRing>
              <coordinates>8.53611402174156,39.2998745038292 8.53653645129231,39.2999852976131 8.536645432216,39.299765385073 8.5362210416278,39.2996496640445 8.53611402174156,39.2998745038292</coordinates>
            </LinearRing>
          </outerBoundaryIs>
        </Polygon>
      </Placemark>
      <Placemark xmlns="http://www.opengis.net/kml/2.2">
        <styleUrl>#Parti singole_style_map</styleUrl>
        <name>T01580</name>
        <Polygon>
          <outerBoundaryIs>
            <LinearRing>
              <coordinates>8.53608750240148,39.2992805685692 8.53618343068369,39.2992389433747 8.5361657273633,39.2991959640263 8.53623978935493,39.2991815178571 8.53622664040882,39.299140791317 8.53620659019104,39.2990808986187 8.5361366911932,39.2990971725095 8.53595358792047,39.2991703116577 8.53608750240148,39.2992805685692</coordinates>
            </LinearRing>
          </outerBoundaryIs>
        </Polygon>
      </Placemark>
      <Placemark xmlns="http://www.opengis.net/kml/2.2">
        <styleUrl>#Parti singole_style_map</styleUrl>
        <name>T01618</name>
        <Polygon>
          <outerBoundaryIs>
            <LinearRing>
              <coordinates>8.5354870689261,39.2984778547408 8.53559189962791,39.2985805442811 8.53580449249723,39.2988408457393 8.53610382654235,39.2987159445743 8.53606945190455,39.298568618345 8.53621560760425,39.2984687953133 8.53611130649313,39.2982155853388 8.53547948078096,39.2984626324666 8.5354870689261,39.2984778547408</coordinates>
            </LinearRing>
          </outerBoundaryIs>
        </Polygon>
      </Placemark>
      <Placemark xmlns="http://www.opengis.net/kml/2.2">
        <styleUrl>#Parti singole_style_map</styleUrl>
        <name>T01622</name>
        <Polygon>
          <outerBoundaryIs>
            <LinearRing>
              <coordinates>8.53608311611085,39.2978062356814 8.53690114845119,39.2977098910914 8.53678857440977,39.2975327438054 8.53672804708387,39.2974945588837 8.53659241477938,39.297553615208 8.53642119033582,39.2975899938799 8.53627371370054,39.2975933707998 8.53614045354643,39.297626791705 8.53599136930925,39.2976733769953 8.53608311611085,39.2978062356814</coordinates>
            </LinearRing>
          </outerBoundaryIs>
        </Polygon>
      </Placemark>
      <Placemark xmlns="http://www.opengis.net/kml/2.2">
        <styleUrl>#Parti singole_style_map</styleUrl>
        <name>T02921</name>
        <Polygon>
          <outerBoundaryIs>
            <LinearRing>
              <coordinates>8.53682811240673,39.3000870992687 8.53707465015549,39.300192279851 8.537177274526,39.3001588801911 8.53704754099289,39.3001474881127 8.53705548091599,39.3000918338364 8.53722344020698,39.3001065677502 8.53722525039557,39.3000940951882 8.53734382100313,39.3001046767677 8.53770850227839,39.2999859874247 8.5376697867175,39.2999478175939 8.53794871395992,39.2998559628048 8.53805511502827,39.2998582956232 8.53828506289602,39.2997934126617 8.53845970026069,39.2997166139797 8.53847965348831,39.2995692336863 8.53818985905709,39.2996499332534 8.53823300091232,39.29967229958 8.53813004304774,39.2998004418242 8.53795131185291,39.2997129455282 8.53767345834402,39.2997635641947 8.53732691762769,39.299831000867 8.53722210114555,39.2998187619611 8.53722039912873,39.2998412187648 8.53697405668144,39.2998296960606 8.53686598863521,39.2998779144283 8.53682811240673,39.3000870992687</coordinates>
            </LinearRing>
          </outerBoundaryIs>
        </Polygon>
      </Placemark>
      <Placemark xmlns="http://www.opengis.net/kml/2.2">
        <styleUrl>#Parti singole_style_map</styleUrl>
        <name>T02922</name>
        <Polygon>
          <outerBoundaryIs>
            <LinearRing>
              <coordinates>8.53543903839423,39.2986770598677 8.53550746655188,39.2987253238858 8.53583536072792,39.2990729483642 8.53595358792047,39.2991703116577 8.5361366911932,39.2990971725095 8.53620659019104,39.2990808986187 8.53622664040882,39.299140791317 8.53623978935493,39.2991815178571 8.5361657273633,39.2991959640263 8.53618343068369,39.2992389433747 8.53625339511242,39.2993725980926 8.53624616301129,39.2995159198522 8.53590382868561,39.2999348298298 8.53648357618176,39.3001052530984 8.5365351421234,39.3001204072308 8.53657909171279,39.3001333414101 8.53643832431602,39.3002720402961 8.53609708102783,39.300404263017 8.53618157192919,39.3007618274599 8.536194317209,39.3009005883417 8.53648460153045,39.3011201096002 8.53683989661548,39.30079905129 8.53702320201976,39.3007133507216 8.53697648325276,39.3007087495581 8.53699721308749,39.3005777810506 8.53711117930787,39.3005885157446 8.53709630423256,39.3006828612226 8.53711017024804,39.3006765008084 8.53712944069304,39.3005540054988 8.53729794666157,39.3005704264745 8.53729545454193,39.300586068076 8.53745126958993,39.300513223821 8.53793352101321,39.300453561471 8.53819601847457,39.3002026838021 8.53813831292861,39.3001158712872 8.53805511502827,39.2998582956232 8.53794871395992,39.2998559628048 8.5376697867175,39.2999478175939 8.53770850227839,39.2999859874247 8.53734382100313,39.3001046767677 8.53738347205474,39.3001082134518 8.5373550687982,39.3002985587986 8.53723435751924,39.300287193798 8.53723764512905,39.3002652298788 8.53720084543802,39.3002619207444 8.53721534965397,39.3001622214388 8.537177274526,39.3001588801911 8.53707465015549,39.300192279851 8.53682811240673,39.3000870992687 8.53686598863521,39.2998779144283 8.53697405668144,39.2998296960606 8.5369232300481,39.2998273131695 8.53693197134356,39.2997152103058 8.5372289650484,39.299729259351 8.53722210114555,39.2998187619611 8.53732691762769,39.299831000867 8.53767345834402,39.2997635641947 8.5375003233971,39.2995046665208 8.53745889809533,39.299478271788 8.53747343903008,39.2994644802175 8.53734575929561,39.2992735502193 8.53738935478091,39.2991817337561 8.53716143446884,39.2992224564328 8.53715124573694,39.2991935187072 8.53706696718391,39.2992114299483 8.53708488575997,39.2992623033559 8.53691601116553,39.2992934749154 8.53702563892478,39.2996048781508 8.53680536585266,39.2996516857216 8.53669110568571,39.299327135302 8.53660962568618,39.2993444536424 8.53647435283221,39.2989601777303 8.53696103125042,39.2988836600445 8.53697891547207,39.2989344432276 8.53702779758545,39.2989273571608 8.53704255004197,39.2989887874821 8.53702547438734,39.2989912605331 8.53703079048037,39.299013429894 8.53718623359273,39.2989947746026 8.53726176950683,39.2989748191212 8.53747050073558,39.2990108178159 8.53774505290427,39.2984325956412 8.53762076820752,39.2983338674875 8.53753564651773,39.2982510455304 8.53747549153378,39.2982054737371 8.53726713339216,39.2980727290542 8.53721725699092,39.2980213681123 8.53705856517474,39.2978998406593 8.53690114845119,39.2977098910914 8.53608311611085,39.2978062356814 8.53620611964438,39.298098500385 8.53621624016697,39.2981745636878 8.53611130649313,39.2982155853388 8.53621560760425,39.2984687953133 8.53606945190455,39.298568618345 8.53610382654235,39.2987159445743 8.53580449249723,39.2988408457393 8.53559189962791,39.2985805442811 8.5354870689261,39.2984778547408 8.53547948078096,39.2984626324666 8.53530513226433,39.298530813656 8.53543903839423,39.2986770598677</coordinates>
            </LinearRing>
          </outerBoundaryIs>
          <innerBoundaryIs>
            <LinearRing>
              <coordinates>8.53655697196699,39.3009299757061 8.53659919470959,39.3009182047845 8.53661429904059,39.3009509195747 8.53657207628075,39.3009626905016 8.53655697196699,39.3009299757061</coordinates>
            </LinearRing>
          </innerBoundaryIs>
          <innerBoundaryIs>
            <LinearRing>
              <coordinates>8.53711958084624,39.2985115289603 8.537199728501,39.2982650638268 8.53727295324044,39.2982789431864 8.5371969106529,39.2985254877759 8.53711958084624,39.2985115289603</coordinates>
            </LinearRing>
          </innerBoundaryIs>
          <innerBoundaryIs>
            <LinearRing>
              <coordinates>8.5366988017481,39.3003350893134 8.53681403957502,39.3003463790122 8.5368093250693,39.3003754196152 8.5368333161363,39.3003777587904 8.5368084854998,39.300530841122 8.53666926791775,39.3005172032478 8.5366988017481,39.3003350893134</coordinates>
            </LinearRing>
          </innerBoundaryIs>
          <innerBoundaryIs>
            <LinearRing>
              <coordinates>8.53621895115738,39.300608930459 8.53623800466687,39.3006108355819 8.53625131677394,39.3005303063338 8.53627664609898,39.3005328345381 8.53628279348153,39.300495539863 8.53620644434378,39.3004870875774 8.53621501057648,39.3004376522101 8.53636775103062,39.3004481549503 8.53635343387027,39.3005404989467 8.53634681400783,39.3005805609814 8.53637678505224,39.3005835548305 8.53635702306394,39.3007030114615 8.53632717941853,39.3007000361363 8.53631880839758,39.3007506246478 8.53621476713341,39.3007402351093 8.53623031389234,39.3006462168085 8.5362130799843,39.3006444901412 8.53621895115738,39.300608930459</coordinates>
            </LinearRing>
          </innerBoundaryIs>
          <innerBoundaryIs>
            <LinearRing>
              <coordinates>8.53662626097506,39.2983066809778 8.53673617688978,39.2983243291015 8.53665637808741,39.2985580902668 8.53654236841967,39.2985403897162 8.53662626097506,39.2983066809778</coordinates>
            </LinearRing>
          </innerBoundaryIs>
          <innerBoundaryIs>
            <LinearRing>
              <coordinates>8.5376323883468,39.3001006339128 8.53812419753413,39.3001460730396 8.53811399218097,39.3002130357832 8.53762220554852,39.3001676237345 8.5376323883468,39.3001006339128</coordinates>
            </LinearRing>
          </innerBoundaryIs>
          <innerBoundaryIs>
            <LinearRing>
              <coordinates>8.5362210416278,39.2996496640445 8.536645432216,39.299765385073 8.53653645129231,39.2999852976131 8.53611402174156,39.2998745038292 8.5362210416278,39.2996496640445</coordinates>
            </LinearRing>
          </innerBoundaryIs>
          <innerBoundaryIs>
            <LinearRing>
              <coordinates>8.53679940017916,39.2983617948858 8.53696928834935,39.2983911521359 8.53696258151361,39.2984145892044 8.53701197495118,39.2984231206549 8.53700928024497,39.2984325531039 8.5370894518509,39.2984464151729 8.53700069684403,39.2987564702445 8.53686535094385,39.298733071449 8.53685097580643,39.2987832756873 8.5366868671681,39.2987549054234 8.53679940017916,39.2983617948858</coordinates>
            </LinearRing>
          </innerBoundaryIs>
        </Polygon>
      </Placemark>
      <Placemark xmlns="http://www.opengis.net/kml/2.2">
        <styleUrl>#Parti singole_style_map</styleUrl>
        <name>T02923</name>
        <Polygon>
          <outerBoundaryIs>
            <LinearRing>
              <coordinates>8.53552782624999,39.3004128944748 8.53589627210067,39.3009747197618 8.53600468006803,39.3010456696098 8.5360091605307,39.3010485979227 8.53616893869663,39.3011767629263 8.53652655449151,39.3014655290933 8.53686437802904,39.3011104129207 8.53745239569075,39.3008211765601 8.53791191178468,39.3005827335374 8.53891598005821,39.3000136215806 8.53908156414295,39.2994237371067 8.5391198875344,39.299292008909 8.53912718033816,39.2991403072795 8.53919901982807,39.2990226152748 8.53901274391028,39.2989806715194 8.53870803621683,39.2988825900443 8.5385935298948,39.2989685662019 8.53862474504354,39.2989956949573 8.53862008435748,39.2989990194283 8.53864843927419,39.2990202078183 8.53861278607363,39.2990490086632 8.53858194997677,39.2990259632378 8.53857614747054,39.2990300941376 8.53854731769455,39.2990088137398 8.53845690038037,39.2990697545772 8.53811628276219,39.2990395415497 8.5381183336017,39.2990186629798 8.53792611654741,39.2990073031143 8.53793493092794,39.2989173216197 8.5378028217433,39.2989095162028 8.53780965960926,39.2988397017344 8.53826509732692,39.2988666320211 8.53825825996946,39.2989364375082 8.53822354011115,39.2989343894345 8.53822248370214,39.2989451349601 8.53840060543964,39.2989554472351 8.53849946965457,39.298886790781 8.53857680287958,39.2988367910191 8.53836985532555,39.2987429078841 8.53825759595699,39.2987904891901 8.53806607878648,39.2987856560532 8.53796897766118,39.2987343511961 8.53793429224549,39.2987217967418 8.53798573031658,39.2986170178201 8.53796177938595,39.2985628316946 8.5378336454939,39.2985449321395 8.53774505290427,39.2984325956412 8.53747050073558,39.2990108178159 8.53750780105187,39.2990172555542 8.53751241758125,39.2990364936474 8.53746202151758,39.2990286882862 8.53739908063182,39.2991612371359 8.53740436753792,39.2991790542143 8.53738935478091,39.2991817337561 8.53734575929561,39.2992735502193 8.53747343903008,39.2994644802175 8.53751291856137,39.2994270897561 8.53770651005317,39.2995504582744 8.53778242310014,39.2994785575001 8.537844174324,39.2995179091025 8.53771421769558,39.2996409919738 8.5375003233971,39.2995046665208 8.53767345834402,39.2997635641947 8.53795131185291,39.2997129455282 8.53781566189144,39.2996465389457 8.53791736718637,39.2995123661747 8.53793413081276,39.299518458587 8.53794458361757,39.2995014269284 8.53798839188622,39.2995226913145 8.53797922504166,39.2995407323888 8.53818985905709,39.2996499332534 8.53847965348831,39.2995692336863 8.53845970026069,39.2997166139797 8.53828506289602,39.2997934126617 8.53805511502827,39.2998582956232 8.53813831292861,39.3001158712872 8.53819601847457,39.3002026838021 8.53793352101321,39.300453561471 8.53745126958993,39.300513223821 8.53729545454193,39.300586068076 8.5372756521769,39.3007101291518 8.53710740988023,39.300694123683 8.53711017024804,39.3006765008084 8.53709630423256,39.3006828612226 8.53709044635582,39.300719988857 8.53702320201976,39.3007133507216 8.53683989661548,39.30079905129 8.53648460153045,39.3011201096002 8.536194317209,39.3009005883417 8.53618157192919,39.3007618274599 8.53609708102783,39.300404263017 8.53643832431602,39.3002720402961 8.53657909171279,39.3001333414101 8.5365351421234,39.3001204072308 8.53650679135854,39.3001776921761 8.53645534271917,39.3001623312534 8.53648357618176,39.3001052530984 8.53590382868561,39.2999348298298 8.53584340947955,39.3000116479341 8.53552782624999,39.3004128944748</coordinates>
            </LinearRing>
          </outerBoundaryIs>
          <innerBoundaryIs>
            <LinearRing>
              <coordinates>8.53769374173913,39.2989461616409 8.53773693644454,39.2989468468963 8.53773323377251,39.2990882815398 8.53769003892092,39.299087605293 8.53769374173913,39.2989461616409</coordinates>
            </LinearRing>
          </innerBoundaryIs>
          <innerBoundaryIs>
            <LinearRing>
              <coordinates>8.53787987943632,39.2994372433415 8.53802801600532,39.2994381380692 8.53802769613924,39.2994691334709 8.5379684368698,39.2994687719795 8.53796825392284,39.2994877657249 8.53787936493706,39.2994872324415 8.53787987943632,39.2994372433415</coordinates>
            </LinearRing>
          </innerBoundaryIs>
          <innerBoundaryIs>
            <LinearRing>
              <coordinates>8.53774232518903,39.2986267735743 8.53781051309875,39.2986289547641 8.5378006321019,39.2988157876153 8.53773244401134,39.2988136064186 8.53774232518903,39.2986267735743</coordinates>
            </LinearRing>
          </innerBoundaryIs>
          <innerBoundaryIs>
            <LinearRing>
              <coordinates>8.53788954478696,39.2993501396384 8.53801493910231,39.2993475109789 8.53800979084265,39.2991992921973 8.53828504069151,39.2991935188452 8.53829227708919,39.2994017028392 8.53789163206226,39.299410095854 8.53788954478696,39.2993501396384</coordinates>
            </LinearRing>
          </innerBoundaryIs>
        </Polygon>
      </Placemark>
      <Placemark xmlns="http://www.opengis.net/kml/2.2">
        <styleUrl>#Parti singole_style_map</styleUrl>
        <name>T02894</name>
        <Polygon>
          <outerBoundaryIs>
            <LinearRing>
              <coordinates>8.52933117210306,39.298288982703 8.52896440042808,39.2982396065793 8.52897508856018,39.2982955790208 8.52906849182597,39.2986136459887 8.52911829641713,39.2988132624914 8.52924529909765,39.2988042584583 8.52926286203067,39.2987498510674 8.52941888538481,39.298791951587 8.52946649018829,39.2987885764691 8.52933117210306,39.298288982703</coordinates>
            </LinearRing>
          </outerBoundaryIs>
        </Polygon>
      </Placemark>
      <Placemark xmlns="http://www.opengis.net/kml/2.2">
        <styleUrl>#Parti singole_style_map</styleUrl>
        <name>T02896</name>
        <Polygon>
          <outerBoundaryIs>
            <LinearRing>
              <coordinates>8.52933117210306,39.298288982703 8.52946649018829,39.2987885764691 8.52947112286573,39.2988059404066 8.52958349741593,39.2988346599796 8.52952649990188,39.2990135007873 8.52955036458424,39.2990866299001 8.52958968149121,39.2990762900417 8.52958071635058,39.298867567805 8.53008512172707,39.2989091857886 8.53004173397404,39.2988501287784 8.52983245329515,39.2986681869219 8.52979581800867,39.2986127854896 8.52973685094035,39.2985585102141 8.52967729233585,39.2984557731886 8.52961695943801,39.2983699730411 8.52952413719887,39.2982695343114 8.52933117210306,39.298288982703</coordinates>
            </LinearRing>
          </outerBoundaryIs>
        </Polygon>
      </Placemark>
      <Placemark xmlns="http://www.opengis.net/kml/2.2">
        <styleUrl>#Parti singole_style_map</styleUrl>
        <name>T01215</name>
        <Polygon>
          <outerBoundaryIs>
            <LinearRing>
              <coordinates>8.53143455852457,39.2967412151865 8.53176523462787,39.2966375813667 8.53224784956562,39.2965757723792 8.5324585801053,39.2968360815226 8.53253566213922,39.2968067011478 8.53267568674734,39.2967291953306 8.5326045045811,39.2964488399259 8.5329633064391,39.2962342952963 8.53282131649563,39.2960687399222 8.53269070288891,39.2961682066754 8.53244187432379,39.2963510244354 8.53214531321875,39.2964658264404 8.53165265599457,39.2965294057207 8.53138803567199,39.2966329629159 8.53143455852457,39.2967412151865</coordinates>
            </LinearRing>
          </outerBoundaryIs>
        </Polygon>
      </Placemark>
      <Placemark xmlns="http://www.opengis.net/kml/2.2">
        <styleUrl>#Parti singole_style_map</styleUrl>
        <name>T01630</name>
        <Polygon>
          <outerBoundaryIs>
            <LinearRing>
              <coordinates>8.53155097579993,39.2974753051213 8.53176340869498,39.2976524899747 8.5320478451078,39.2975429114439 8.53211933340762,39.2975264661813 8.53223187646487,39.2975149616086 8.53245668237428,39.297520091308 8.53255076027477,39.2975403829266 8.53271843978483,39.2975385876433 8.53284425441696,39.2975280999265 8.53298452615833,39.2975252120354 8.53318538539973,39.2975057982672 8.53306357165717,39.2974709517487 8.53298457695925,39.2974792037985 8.53260212249304,39.2974271630814 8.53214227685564,39.2973359829518 8.53157115465585,39.2974578696475 8.53153153043879,39.2974349311389 8.53155097579993,39.2974753051213</coordinates>
            </LinearRing>
          </outerBoundaryIs>
        </Polygon>
      </Placemark>
      <Placemark xmlns="http://www.opengis.net/kml/2.2">
        <styleUrl>#Parti singole_style_map</styleUrl>
        <name>T01216</name>
        <Polygon>
          <outerBoundaryIs>
            <LinearRing>
              <coordinates>8.53371782349259,39.2974023195806 8.53373419145825,39.297455746327 8.53380555338463,39.2974425433597 8.53385468469732,39.2974327474112 8.53383399938791,39.2973605882353 8.5337104450462,39.2973782946125 8.53371782349259,39.2974023195806</coordinates>
            </LinearRing>
          </outerBoundaryIs>
        </Polygon>
      </Placemark>
      <Placemark xmlns="http://www.opengis.net/kml/2.2">
        <styleUrl>#Parti singole_style_map</styleUrl>
        <name>T01639</name>
        <Polygon>
          <outerBoundaryIs>
            <LinearRing>
              <coordinates>8.53988649268502,39.3009278651646 8.54001050336541,39.3009970168062 8.54013405167154,39.3011067054398 8.54015869904913,39.3012497389432 8.54016308781341,39.3014703732425 8.54014032823566,39.3015827452944 8.54014003655759,39.3017866733422 8.54014916004114,39.3019218512451 8.54013646753293,39.3020182060911 8.540093780436,39.3021203443355 8.54005382316535,39.3022341891878 8.54005975635949,39.3023092894371 8.54005846249001,39.3024218364311 8.54013800537689,39.3024492549534 8.54040319171115,39.3021525277893 8.54049985382307,39.3019989715788 8.54056328273641,39.3018728746685 8.54063239131148,39.3017472236496 8.54078626259379,39.3015884146038 8.54079884360901,39.3015869955295 8.54088327273603,39.3012359221181 8.5409363490525,39.301172876758 8.54089592873665,39.3011556150143 8.54084104838989,39.3011327275963 8.54088765011755,39.30106484501 8.5409216804374,39.3010146547809 8.54103010006105,39.3010615415462 8.54106772438253,39.3010168439344 8.54078677747127,39.3007736819095 8.54058673362733,39.3009314796655 8.54067067878508,39.3010356409721 8.54042192126679,39.3012027973781 8.53993870418095,39.3008641590587 8.54049046443697,39.3005254395675 8.5407271509401,39.3003558384996 8.54066261045708,39.3002957528965 8.540648945302,39.3003069262205 8.54043396460854,39.3004311270725 8.54018737550104,39.3006074283724 8.53997839222544,39.3007364367386 8.53980915791385,39.3008964815015 8.53988649268502,39.3009278651646</coordinates>
            </LinearRing>
          </outerBoundaryIs>
        </Polygon>
      </Placemark>
      <Placemark xmlns="http://www.opengis.net/kml/2.2">
        <styleUrl>#Parti singole_style_map</styleUrl>
        <name>T01243</name>
        <Polygon>
          <outerBoundaryIs>
            <LinearRing>
              <coordinates>8.54382185857591,39.3001606078264 8.54428380491593,39.3009966072884 8.54423676045002,39.3008776895219 8.54420541860705,39.3006426948625 8.54424243052314,39.3005436955789 8.54424628989912,39.3005333664611 8.54429333738353,39.3003086536966 8.54430148755134,39.3002536755397 8.5443069201122,39.3002171585908 8.54424979325237,39.3001901190713 8.54415981760527,39.3002139151083 8.54402044638775,39.300200591783 8.54388631254304,39.3001719166387 8.54382185857591,39.3001606078264</coordinates>
            </LinearRing>
          </outerBoundaryIs>
        </Polygon>
      </Placemark>
      <Placemark xmlns="http://www.opengis.net/kml/2.2">
        <styleUrl>#Parti singole_style_map</styleUrl>
        <name>T01664</name>
        <Polygon>
          <outerBoundaryIs>
            <LinearRing>
              <coordinates>8.54263409776383,39.2958724277014 8.54265105982301,39.2958267021757 8.54271960767906,39.2958444523342 8.54280028794799,39.2958671879796 8.54278531050442,39.2959091188253 8.5431098557671,39.2959782352071 8.54313124344108,39.2959384740331 8.54327839476256,39.2957651910089 8.54331798965965,39.2957003434941 8.54331402115296,39.2956222504805 8.54324895629224,39.2954683631563 8.54321543016929,39.2953525435558 8.54311122239017,39.2952262012426 8.54276285931373,39.2952411328719 8.54265534399948,39.2957012634977 8.54259044892369,39.2958634076136 8.54263409776383,39.2958724277014</coordinates>
            </LinearRing>
          </outerBoundaryIs>
        </Polygon>
      </Placemark>
      <Placemark xmlns="http://www.opengis.net/kml/2.2">
        <styleUrl>#Parti singole_style_map</styleUrl>
        <name>T01662</name>
        <Polygon>
          <outerBoundaryIs>
            <LinearRing>
              <coordinates>8.54084104838989,39.3011327275963 8.54089592873665,39.3011556150143 8.5409363490525,39.301172876758 8.54103010006105,39.3010615415462 8.5409216804374,39.3010146547809 8.54088765011755,39.30106484501 8.54084104838989,39.3011327275963</coordinates>
            </LinearRing>
          </outerBoundaryIs>
        </Polygon>
      </Placemark>
      <Placemark xmlns="http://www.opengis.net/kml/2.2">
        <styleUrl>#Parti singole_style_map</styleUrl>
        <name>T01241</name>
        <Polygon>
          <outerBoundaryIs>
            <LinearRing>
              <coordinates>8.54258401606102,39.3002876272046 8.54277723495192,39.3004842064535 8.54286500899905,39.3005065644477 8.54344585308137,39.3013339966416 8.54357970007226,39.3012804308821 8.54428380491593,39.3009966072884 8.54382185857591,39.3001606078264 8.54346962943334,39.300101080271 8.54333783960731,39.300068692291 8.54328458758451,39.3000575713252 8.54318525826756,39.300046647853 8.54304959833263,39.3000850681431 8.54269682055501,39.3002328353525 8.54258401606102,39.3002876272046</coordinates>
            </LinearRing>
          </outerBoundaryIs>
        </Polygon>
      </Placemark>
      <Placemark xmlns="http://www.opengis.net/kml/2.2">
        <styleUrl>#Parti singole_style_map</styleUrl>
        <name>T01242</name>
        <Polygon>
          <outerBoundaryIs>
            <LinearRing>
              <coordinates>8.54372084415601,39.3013835529067 8.54411997037216,39.3017125740614 8.54450246873247,39.3019755346697 8.54457445013613,39.3018529111186 8.5449263416827,39.3020394031974 8.54493774760948,39.3020081357791 8.54499262326738,39.3019049801598 8.54506168878019,39.301833092928 8.54512445209526,39.3017332659906 8.54518144678886,39.3015696660517 8.5452027107667,39.3014452308892 8.54520689227393,39.3013475446589 8.54496959330379,39.3012029507373 8.54483767968062,39.3011445051444 8.54472850891321,39.3010967900002 8.54472017078078,39.3010931440931 8.54453955990567,39.301068666976 8.54442353088385,39.3010413068058 8.54438204070266,39.3010315209281 8.54428380491593,39.3009966072884 8.54357970007226,39.3012804308821 8.54372084415601,39.3013835529067</coordinates>
            </LinearRing>
          </outerBoundaryIs>
        </Polygon>
      </Placemark>
      <Placemark xmlns="http://www.opengis.net/kml/2.2">
        <styleUrl>#Parti singole_style_map</styleUrl>
        <name>T03380</name>
        <Polygon>
          <outerBoundaryIs>
            <LinearRing>
              <coordinates>8.54327785476587,39.30247115802 8.54345457307626,39.3023206528759 8.54342286069526,39.3022981369294 8.54339702443956,39.3022797889412 8.54322026188154,39.302431744541 8.54327785476587,39.30247115802</coordinates>
            </LinearRing>
          </outerBoundaryIs>
        </Polygon>
      </Placemark>
      <Placemark xmlns="http://www.opengis.net/kml/2.2">
        <styleUrl>#Parti singole_style_map</styleUrl>
        <name>T01239</name>
        <Polygon>
          <outerBoundaryIs>
            <LinearRing>
              <coordinates>8.54215696774879,39.3008141431202 8.54222444034317,39.3009584260205 8.54263390913377,39.3015872956049 8.5427089720662,39.3017790761974 8.5427533935948,39.3019460651194 8.54276023651327,39.3019905415908 8.54282468198496,39.3020871097994 8.54297252642629,39.3022567126486 8.54301831391515,39.3023190930944 8.54308254568513,39.3023577037696 8.54324654086131,39.3025300188344 8.54330616884294,39.3027273069971 8.54327998647463,39.3028673559576 8.54368201852879,39.3027912438082 8.54373006024057,39.3029405766378 8.54379776037352,39.3029131884505 8.54413547271011,39.302738561264 8.5442888598817,39.3026445323319 8.54441098616106,39.3026191501054 8.54455362881584,39.302597326191 8.54458928998735,39.3025582604355 8.54469191165196,39.3024447764414 8.54482476079004,39.3022590640621 8.54489215782328,39.302145856541 8.5449263416827,39.3020394031974 8.54457445013613,39.3018529111186 8.54450246873247,39.3019755346697 8.54411997037216,39.3017125740614 8.54372084415601,39.3013835529067 8.54357970007226,39.3012804308821 8.54344585308137,39.3013339966416 8.54286500899905,39.3005065644477 8.54277723495192,39.3004842064535 8.54258401606102,39.3002876272046 8.54237447350771,39.3003893804438 8.54218788661501,39.3004512163158 8.54211236477893,39.3004618670318 8.54215696774879,39.3008141431202</coordinates>
            </LinearRing>
          </outerBoundaryIs>
          <innerBoundaryIs>
            <LinearRing>
              <coordinates>8.54322026188154,39.302431744541 8.54339702443956,39.3022797889412 8.54342286069526,39.3022981369294 8.54351671408229,39.3022152828222 8.54359160618278,39.302266090426 8.54363945084829,39.3022243785737 8.54390346217053,39.3024025545105 8.54380867623073,39.3024897393963 8.54376835931329,39.3024616932997 8.5437484702508,39.3024793933215 8.54371186509041,39.3025119584326 8.54354676880801,39.3026587341006 8.54341354169114,39.3025666179372 8.54337120319487,39.302537356341 8.54333623105909,39.302513169615 8.54330008122874,39.3024881763065 8.54344567123264,39.3023555342366 8.54347930939574,39.3023797517378 8.54350534022915,39.3023985059507 8.54353120473212,39.3023750535865 8.54345457307626,39.3023206528759 8.54327785476587,39.30247115802 8.54322026188154,39.302431744541</coordinates>
            </LinearRing>
          </innerBoundaryIs>
        </Polygon>
      </Placemark>
      <Placemark xmlns="http://www.opengis.net/kml/2.2">
        <styleUrl>#Parti singole_style_map</styleUrl>
        <name>T01660</name>
        <Polygon>
          <outerBoundaryIs>
            <LinearRing>
              <coordinates>8.54042192126679,39.3012027973781 8.54067067878508,39.3010356409721 8.54058673362733,39.3009314796655 8.54078677747127,39.3007736819095 8.54074426406979,39.3007360297391 8.54049046443697,39.3005254395675 8.53993870418095,39.3008641590587 8.54042192126679,39.3012027973781</coordinates>
            </LinearRing>
          </outerBoundaryIs>
        </Polygon>
      </Placemark>
      <Placemark xmlns="http://www.opengis.net/kml/2.2">
        <styleUrl>#Parti singole_style_map</styleUrl>
        <name>T01665</name>
        <Polygon>
          <outerBoundaryIs>
            <LinearRing>
              <coordinates>8.53949981869934,39.3005517710668 8.53954067209196,39.3006726756098 8.53970792745051,39.3007809428049 8.54045693922501,39.2996123020043 8.5402454784317,39.2995179808768 8.54000116097328,39.299369141098 8.539895462223,39.299944747596 8.53944842802869,39.3003099197637 8.53949981869934,39.3005517710668</coordinates>
            </LinearRing>
          </outerBoundaryIs>
        </Polygon>
      </Placemark>
      <Placemark xmlns="http://www.opengis.net/kml/2.2">
        <styleUrl>#Parti singole_style_map</styleUrl>
        <name>T01633</name>
        <Polygon>
          <outerBoundaryIs>
            <LinearRing>
              <coordinates>8.53919127586802,39.2984106345113 8.53922167076078,39.2985539433384 8.53923764674059,39.2986872382645 8.53926603204079,39.2988293136643 8.53924271566227,39.2989257164929 8.53923278894056,39.2990352468191 8.53918016290376,39.2991516363238 8.53917760208794,39.2992909309999 8.5392557243246,39.2994901057208 8.53934060075937,39.2996851081615 8.53935523673457,39.2999396632039 8.53937526131531,39.3000569531589 8.53944842802869,39.3003099197637 8.539895462223,39.299944747596 8.54000116097328,39.299369141098 8.53986995648327,39.2993611523787 8.53974263924976,39.2993227498889 8.53985303191178,39.299060913277 8.54002030120537,39.2988195033558 8.54008355475887,39.298760598448 8.54034192225171,39.2984652679358 8.54046638547149,39.2983583255223 8.54054404738001,39.2982950079838 8.54073933099967,39.298147544675 8.53979589789957,39.2980425274903 8.53915545595308,39.2983270719065 8.53919127586802,39.2984106345113</coordinates>
            </LinearRing>
          </outerBoundaryIs>
        </Polygon>
      </Placemark>
      <Placemark xmlns="http://www.opengis.net/kml/2.2">
        <styleUrl>#Parti singole_style_map</styleUrl>
        <name>T01652</name>
        <Polygon>
          <outerBoundaryIs>
            <LinearRing>
              <coordinates>8.53999695887864,39.2993113120805 8.54031922172843,39.2994688758506 8.54056554192377,39.2995404204113 8.54068995223071,39.2991722855328 8.54056650927426,39.2990344665881 8.5404668733645,39.2990600507885 8.54025864439101,39.2989771859858 8.5401283271529,39.2988621453923 8.54011178270346,39.2988702977132 8.53997695190959,39.2990177016623 8.53999695887864,39.2993113120805</coordinates>
            </LinearRing>
          </outerBoundaryIs>
        </Polygon>
      </Placemark>
      <Placemark xmlns="http://www.opengis.net/kml/2.2">
        <styleUrl>#Parti singole_style_map</styleUrl>
        <name>T01667</name>
        <Polygon>
          <outerBoundaryIs>
            <LinearRing>
              <coordinates>8.54056554192377,39.2995404204113 8.54086555166134,39.2997352890221 8.54101865109617,39.2995057248479 8.54124241464507,39.2991637608254 8.54068995223071,39.2991722855328 8.54056554192377,39.2995404204113</coordinates>
            </LinearRing>
          </outerBoundaryIs>
        </Polygon>
      </Placemark>
      <Placemark xmlns="http://www.opengis.net/kml/2.2">
        <styleUrl>#Parti singole_style_map</styleUrl>
        <name>T01636</name>
        <Polygon>
          <outerBoundaryIs>
            <LinearRing>
              <coordinates>8.53980915791385,39.3008964815015 8.53997839222544,39.3007364367386 8.54018737550104,39.3006074283724 8.54043396460854,39.3004311270725 8.540648945302,39.3003069262205 8.54066261045708,39.3002957528965 8.5410040272643,39.2999386384095 8.54102963361827,39.2998588509229 8.54096049489366,39.2998103170266 8.54071988484891,39.2997237210109 8.54045693922501,39.2996123020043 8.53970792745051,39.3007809428049 8.53980915791385,39.3008964815015</coordinates>
            </LinearRing>
          </outerBoundaryIs>
        </Polygon>
      </Placemark>
      <Placemark xmlns="http://www.opengis.net/kml/2.2">
        <styleUrl>#Parti singole_style_map</styleUrl>
        <name>T01654</name>
        <Polygon>
          <outerBoundaryIs>
            <LinearRing>
              <coordinates>8.54086555166134,39.2997352890221 8.5415870632016,39.2999874053471 8.54201250491616,39.2993727968943 8.54148696755184,39.2991294031742 8.54124241464507,39.2991637608254 8.54101865109617,39.2995057248479 8.54086555166134,39.2997352890221</coordinates>
            </LinearRing>
          </outerBoundaryIs>
        </Polygon>
      </Placemark>
      <Placemark xmlns="http://www.opengis.net/kml/2.2">
        <styleUrl>#Parti singole_style_map</styleUrl>
        <name>T01637</name>
        <Polygon>
          <outerBoundaryIs>
            <LinearRing>
              <coordinates>8.53974263924976,39.2993227498889 8.53986995648327,39.2993611523787 8.54000116097328,39.299369141098 8.5402454784317,39.2995179808768 8.54045693922501,39.2996123020043 8.54071988484891,39.2997237210109 8.54096049489366,39.2998103170266 8.54102963361827,39.2998588509229 8.5412479551716,39.2999222730935 8.54137449340513,39.2999683749804 8.54154097248311,39.3000536142597 8.5415870632016,39.2999874053471 8.54086555166134,39.2997352890221 8.54056554192377,39.2995404204113 8.54031922172843,39.2994688758506 8.53999695887864,39.2993113120805 8.53997695190959,39.2990177016623 8.54011178270346,39.2988702977132 8.5401283271529,39.2988621453923 8.54025864439101,39.2989771859858 8.5404668733645,39.2990600507885 8.54056650927426,39.2990344665881 8.54068995223071,39.2991722855328 8.54124241464507,39.2991637608254 8.54130153978788,39.2990709859209 8.54114939869936,39.2990867132466 8.54087052872345,39.2988870900584 8.54059505446919,39.2984114830173 8.54072912700374,39.2982838897864 8.54078113484175,39.2984087576171 8.54102898094043,39.2986704322066 8.54126304771957,39.29836100119 8.54114852404413,39.2982993671285 8.54087053659698,39.2981905118105 8.54073933099967,39.298147544675 8.54054404738001,39.2982950079838 8.54046638547149,39.2983583255223 8.54034192225171,39.2984652679358 8.54008355475887,39.298760598448 8.54002030120537,39.2988195033558 8.53985303191178,39.299060913277 8.53974263924976,39.2993227498889</coordinates>
            </LinearRing>
          </outerBoundaryIs>
        </Polygon>
      </Placemark>
      <Placemark xmlns="http://www.opengis.net/kml/2.2">
        <styleUrl>#Parti singole_style_map</styleUrl>
        <name>T01638</name>
        <Polygon>
          <outerBoundaryIs>
            <LinearRing>
              <coordinates>8.54059505446919,39.2984114830173 8.54087052872345,39.2988870900584 8.54114939869936,39.2990867132466 8.54130153978788,39.2990709859209 8.54152968549778,39.2990503678179 8.54212779470846,39.2992354867166 8.54238372975707,39.29864855707 8.54218678608389,39.2986258051788 8.54161688675184,39.2984849680015 8.54126304771957,39.29836100119 8.54102898094043,39.2986704322066 8.54078113484175,39.2984087576171 8.54072912700374,39.2982838897864 8.54059505446919,39.2984114830173</coordinates>
            </LinearRing>
          </outerBoundaryIs>
        </Polygon>
      </Placemark>
      <Placemark xmlns="http://www.opengis.net/kml/2.2">
        <styleUrl>#Parti singole_style_map</styleUrl>
        <name>T01640</name>
        <Polygon>
          <outerBoundaryIs>
            <LinearRing>
              <coordinates>8.54087053659698,39.2981905118105 8.54114852404413,39.2982993671285 8.54126304771957,39.29836100119 8.54161688675184,39.2984849680015 8.54218678608389,39.2986258051788 8.54190976014345,39.2985237771984 8.54192261550922,39.2984126452494 8.54158425909452,39.2983347488222 8.54129983681581,39.2983125427394 8.54105736865525,39.298138329404 8.54111843116985,39.2979583840493 8.54134349195487,39.2980064964838 8.5414317436439,39.2979231893928 8.54143804023221,39.2979143927732 8.54103312112878,39.2978115431286 8.5408747696207,39.297982940857 8.54073933099967,39.298147544675 8.54087053659698,39.2981905118105</coordinates>
            </LinearRing>
          </outerBoundaryIs>
        </Polygon>
      </Placemark>
      <Placemark xmlns="http://www.opengis.net/kml/2.2">
        <styleUrl>#Parti singole_style_map</styleUrl>
        <name>T01642</name>
        <Polygon>
          <outerBoundaryIs>
            <LinearRing>
              <coordinates>8.54105736865525,39.298138329404 8.54129983681581,39.2983125427394 8.54158425909452,39.2983347488222 8.54192261550922,39.2984126452494 8.54190976014345,39.2985237771984 8.54218678608389,39.2986258051788 8.54238372975707,39.29864855707 8.54239535833839,39.2983820854236 8.54239689606501,39.2982439760256 8.54242027503397,39.2981497263398 8.54159336371832,39.2979650411401 8.54143804023221,39.2979143927732 8.5414317436439,39.2979231893928 8.54134349195487,39.2980064964838 8.54111843116985,39.2979583840493 8.54105736865525,39.298138329404</coordinates>
            </LinearRing>
          </outerBoundaryIs>
        </Polygon>
      </Placemark>
      <Placemark xmlns="http://www.opengis.net/kml/2.2">
        <styleUrl>#Parti singole_style_map</styleUrl>
        <name>T01649</name>
        <Polygon>
          <outerBoundaryIs>
            <LinearRing>
              <coordinates>8.54143804023221,39.2979143927732 8.54159336371832,39.2979650411401 8.54242027503397,39.2981497263398 8.54246713946839,39.2980231756817 8.5425019313891,39.2978556691106 8.54254580756152,39.297696443004 8.54249765319906,39.2976667977758 8.54219380574829,39.2975738558547 8.54203534746633,39.2980093483023 8.54146772879664,39.297857490316 8.54143804023221,39.2979143927732</coordinates>
            </LinearRing>
          </outerBoundaryIs>
        </Polygon>
      </Placemark>
      <Placemark xmlns="http://www.opengis.net/kml/2.2">
        <styleUrl>#Parti singole_style_map</styleUrl>
        <name>T01658</name>
        <Polygon>
          <outerBoundaryIs>
            <LinearRing>
              <coordinates>8.54142296817425,39.2973063658316 8.54166278653934,39.2974616095489 8.54185188362722,39.2975222573093 8.54201939617023,39.2975211327822 8.54210781150566,39.2975476928451 8.54219615514211,39.2969074273148 8.54184216703466,39.2967878138084 8.54170557709026,39.2967208041159 8.5414114226526,39.2973002831742 8.54142296817425,39.2973063658316</coordinates>
            </LinearRing>
          </outerBoundaryIs>
          <innerBoundaryIs>
            <LinearRing>
              <coordinates>8.54199209114128,39.2969369900315 8.54206987181449,39.2969403778773 8.54206221984249,39.2970734803347 8.54202350482933,39.297072453895 8.54198662126683,39.2969933121862 8.54199209114128,39.2969369900315</coordinates>
            </LinearRing>
          </innerBoundaryIs>
        </Polygon>
      </Placemark>
      <Placemark xmlns="http://www.opengis.net/kml/2.2">
        <styleUrl>#Parti singole_style_map</styleUrl>
        <name>T01657</name>
        <Polygon>
          <outerBoundaryIs>
            <LinearRing>
              <coordinates>8.5407271509401,39.3003558384996 8.5412479551716,39.2999222730935 8.54102963361827,39.2998588509229 8.5410040272643,39.2999386384095 8.54066261045708,39.3002957528965 8.5407271509401,39.3003558384996</coordinates>
            </LinearRing>
          </outerBoundaryIs>
        </Polygon>
      </Placemark>
      <Placemark xmlns="http://www.opengis.net/kml/2.2">
        <styleUrl>#Parti singole_style_map</styleUrl>
        <name>T01635</name>
        <Polygon>
          <outerBoundaryIs>
            <LinearRing>
              <coordinates>8.54184216703466,39.2967878138084 8.54219615514211,39.2969074273148 8.54210781150566,39.2975476928451 8.54219380574829,39.2975738558547 8.54249765319906,39.2976667977758 8.54254580756152,39.297696443004 8.54269532718978,39.2973597076233 8.54272888440197,39.2972160563512 8.542727361202,39.2971792688291 8.54279025457568,39.2970896076105 8.54287607048751,39.2969916745336 8.54289533959335,39.2969122221149 8.54224374293004,39.2967232022947 8.54236042471094,39.2964978811067 8.54231441361348,39.2964562420224 8.54229160524533,39.296418514734 8.54209485312357,39.2963495567483 8.54198555223802,39.2963143272823 8.54170557709026,39.2967208041159 8.54184216703466,39.2967878138084</coordinates>
            </LinearRing>
          </outerBoundaryIs>
        </Polygon>
      </Placemark>
      <Placemark xmlns="http://www.opengis.net/kml/2.2">
        <styleUrl>#Parti singole_style_map</styleUrl>
        <name>T01663</name>
        <Polygon>
          <outerBoundaryIs>
            <LinearRing>
              <coordinates>8.54236042471094,39.2964978811067 8.54268885741608,39.2966132657009 8.5429342807551,39.296675340545 8.54297178902911,39.2964376333522 8.54301884474466,39.2962938277558 8.54302005038232,39.2961994277375 8.5430700000531,39.2960563813673 8.5431098557671,39.2959782352071 8.54278531050442,39.2959091188253 8.54270328609674,39.2958897749074 8.54263409776383,39.2958724277014 8.54259044892369,39.2958634076136 8.5425776700374,39.2958953722684 8.54231441361348,39.2964562420224 8.54236042471094,39.2964978811067</coordinates>
            </LinearRing>
          </outerBoundaryIs>
        </Polygon>
      </Placemark>
      <Placemark xmlns="http://www.opengis.net/kml/2.2">
        <styleUrl>#Parti singole_style_map</styleUrl>
        <name>T01668</name>
        <Polygon>
          <outerBoundaryIs>
            <LinearRing>
              <coordinates>8.54263409776383,39.2958724277014 8.54270328609674,39.2958897749074 8.54278531050442,39.2959091188253 8.54280028794799,39.2958671879796 8.54271960767906,39.2958444523342 8.54265105982301,39.2958267021757 8.54263409776383,39.2958724277014</coordinates>
            </LinearRing>
          </outerBoundaryIs>
        </Polygon>
      </Placemark>
      <Placemark xmlns="http://www.opengis.net/kml/2.2">
        <styleUrl>#Parti singole_style_map</styleUrl>
        <name>T01244</name>
        <Polygon>
          <outerBoundaryIs>
            <LinearRing>
              <coordinates>8.54182886679259,39.300362417483 8.54190293250656,39.3004327490282 8.54209767480938,39.3004274785956 8.54217974571389,39.3004173492494 8.54232251387459,39.3003650094415 8.5426692094345,39.3001951163117 8.54273403685115,39.3001917939171 8.54302562231349,39.3000661416814 8.54304502799139,39.3000602708736 8.54305802575998,39.2999698008303 8.54315877652391,39.2998032019494 8.54327606945887,39.2996928944496 8.54348067269131,39.2995708281756 8.54364179700817,39.2994862915909 8.5438192034751,39.2994499445764 8.54376729665454,39.299387125928 8.54315972240269,39.2992762892067 8.5430320348257,39.2990842390454 8.54302466177408,39.2987879665324 8.54304900324698,39.2984120111384 8.54307638080417,39.2979615043956 8.5428476724379,39.2979141739133 8.54253265071064,39.2978753971203 8.54243173808683,39.2982486003847 8.54242683113126,39.2983431570063 8.54242948962031,39.2984530885428 8.54241374948334,39.2986493329333 8.54239274007752,39.2987981514922 8.54237982717205,39.2989929652815 8.54237923445551,39.2990803663728 8.54235316197281,39.2992088279324 8.54227401466922,39.2993666896977 8.54219193039649,39.2995160427926 8.54212333946223,39.2996822448075 8.54206251949846,39.2998376014996 8.54199526196502,39.2999592960143 8.541882119688,39.3002045171552 8.54182886679259,39.300362417483</coordinates>
            </LinearRing>
          </outerBoundaryIs>
        </Polygon>
      </Placemark>
      <Placemark xmlns="http://www.opengis.net/kml/2.2">
        <styleUrl>#Parti singole_style_map</styleUrl>
        <name>T01641</name>
        <Polygon>
          <outerBoundaryIs>
            <LinearRing>
              <coordinates>8.54229160524533,39.296418514734 8.54231441361348,39.2964562420224 8.5425776700374,39.2958953722684 8.54259044892369,39.2958634076136 8.54265534399948,39.2957012634977 8.54276285931373,39.2952411328719 8.54248993369805,39.2953126678199 8.54237468504102,39.2953700179586 8.54225451366015,39.2954780516397 8.54223510419471,39.2954846882145 8.54238573946258,39.2958109804343 8.54209485312357,39.2963495567483 8.54229160524533,39.296418514734</coordinates>
            </LinearRing>
          </outerBoundaryIs>
        </Polygon>
      </Placemark>
      <Placemark xmlns="http://www.opengis.net/kml/2.2">
        <styleUrl>#Parti singole_style_map</styleUrl>
        <name>T01245</name>
        <Polygon>
          <outerBoundaryIs>
            <LinearRing>
              <coordinates>8.54304502799139,39.3000602708736 8.54317559285994,39.3000135227514 8.54330740588475,39.3000226995437 8.54348105255492,39.3000636497612 8.54353318439044,39.3000722612779 8.54403935313078,39.3001733185345 8.54407944060163,39.3000632482364 8.54415267047558,39.2997427376518 8.54403024919531,39.2994088543796 8.5438192034751,39.2994499445764 8.54364179700817,39.2994862915909 8.54348067269131,39.2995708281756 8.54327606945887,39.2996928944496 8.54315877652391,39.2998032019494 8.54305802575998,39.2999698008303 8.54304502799139,39.3000602708736</coordinates>
            </LinearRing>
          </outerBoundaryIs>
        </Polygon>
      </Placemark>
      <Placemark xmlns="http://www.opengis.net/kml/2.2">
        <styleUrl>#Parti singole_style_map</styleUrl>
        <name>T01246</name>
        <Polygon>
          <outerBoundaryIs>
            <LinearRing>
              <coordinates>8.5430320348257,39.2990842390454 8.54315972240269,39.2992762892067 8.54376729665454,39.299387125928 8.5438192034751,39.2994499445764 8.54403024919531,39.2994088543796 8.54384845615184,39.2988618252249 8.54357086864995,39.2988599615206 8.54334138936082,39.2988343807242 8.54302466177408,39.2987879665324 8.5430320348257,39.2990842390454</coordinates>
            </LinearRing>
          </outerBoundaryIs>
        </Polygon>
      </Placemark>
      <Placemark xmlns="http://www.opengis.net/kml/2.2">
        <styleUrl>#Parti singole_style_map</styleUrl>
        <name>T01247</name>
        <Polygon>
          <outerBoundaryIs>
            <LinearRing>
              <coordinates>8.54302466177408,39.2987879665324 8.54334138936082,39.2988343807242 8.54357086864995,39.2988599615206 8.54384845615184,39.2988618252249 8.54403024919531,39.2994088543796 8.54415267047558,39.2997427376518 8.54407944060163,39.3000632482364 8.54403935313078,39.3001733185345 8.54418271470552,39.3001722043726 8.54423173875823,39.3001396967645 8.54426058611192,39.3000764017598 8.5442701876772,39.299996136363 8.54431333337658,39.2996935021036 8.5443222858373,39.2996006552706 8.54436537776827,39.2995529053576 8.54463422366912,39.2993169055391 8.54473979998051,39.2990581721043 8.54479383073409,39.2989884337647 8.54492016732537,39.2988474155907 8.54496811200086,39.2988112631323 8.54506912529897,39.2986873200605 8.54304900324698,39.2984120111384 8.54302466177408,39.2987879665324</coordinates>
            </LinearRing>
          </outerBoundaryIs>
        </Polygon>
      </Placemark>
      <Placemark xmlns="http://www.opengis.net/kml/2.2">
        <styleUrl>#Parti singole_style_map</styleUrl>
        <name>T01650</name>
        <Polygon>
          <outerBoundaryIs>
            <LinearRing>
              <coordinates>8.54124241464507,39.2991637608254 8.54148696755184,39.2991294031742 8.54201250491616,39.2993727968943 8.5415870632016,39.2999874053471 8.54154097248311,39.3000536142597 8.54183187201951,39.3002004266611 8.54194799073652,39.2999469635237 8.54200440564903,39.2998447164088 8.54209346536535,39.2996644032497 8.54215522136733,39.2995113028856 8.54224639245675,39.2993289795192 8.54231746824465,39.2991995777293 8.5423454199157,39.2990763948078 8.54238372975707,39.29864855707 8.54212779470846,39.2992354867166 8.54152968549778,39.2990503678179 8.54130153978788,39.2990709859209 8.54124241464507,39.2991637608254</coordinates>
            </LinearRing>
          </outerBoundaryIs>
        </Polygon>
      </Placemark>
      <Placemark xmlns="http://www.opengis.net/kml/2.2">
        <styleUrl>#Parti singole_style_map</styleUrl>
        <name>T01666</name>
        <Polygon>
          <outerBoundaryIs>
            <LinearRing>
              <coordinates>8.54049046443697,39.3005254395675 8.54074426406979,39.3007360297391 8.54108306047314,39.3004784724951 8.54120149677602,39.3005186766663 8.54151203564259,39.3001195843993 8.5412479551716,39.2999222730935 8.5407271509401,39.3003558384996 8.54049046443697,39.3005254395675</coordinates>
            </LinearRing>
          </outerBoundaryIs>
        </Polygon>
      </Placemark>
      <Placemark xmlns="http://www.opengis.net/kml/2.2">
        <styleUrl>#Parti singole_style_map</styleUrl>
        <name>T01248</name>
        <Polygon>
          <outerBoundaryIs>
            <LinearRing>
              <coordinates>8.54304900324698,39.2984120111384 8.54506912529897,39.2986873200605 8.54529878479111,39.2984880640793 8.54543732951089,39.2983150421131 8.54527572914359,39.2982642932395 8.54500380893656,39.2981487855811 8.54470970971336,39.2980664848913 8.54431276212521,39.2980156964079 8.54375347105545,39.2979503845532 8.54336796963297,39.2979889874855 8.54310611288991,39.2979654507038 8.54307638080417,39.2979615043956 8.54304900324698,39.2984120111384</coordinates>
            </LinearRing>
          </outerBoundaryIs>
        </Polygon>
      </Placemark>
      <Placemark xmlns="http://www.opengis.net/kml/2.2">
        <styleUrl>#Parti singole_style_map</styleUrl>
        <name>T03381</name>
        <Polygon>
          <outerBoundaryIs>
            <LinearRing>
              <coordinates>8.54341354169114,39.3025666179372 8.54354676880801,39.3026587341006 8.54371186509041,39.3025119584326 8.54368974670602,39.302496139066 8.54367213029107,39.3025121269537 8.54363026241004,39.3024836061712 8.54358206823582,39.3025291011222 8.54352134289926,39.3024844673419 8.5435113816767,39.3024771476424 8.54341354169114,39.3025666179372</coordinates>
            </LinearRing>
          </outerBoundaryIs>
        </Polygon>
      </Placemark>
      <Placemark xmlns="http://www.opengis.net/kml/2.2">
        <styleUrl>#Parti singole_style_map</styleUrl>
        <name>T01651</name>
        <Polygon>
          <outerBoundaryIs>
            <LinearRing>
              <coordinates>8.54224374293004,39.2967232022947 8.54289533959335,39.2969122221149 8.54290499285847,39.2968740728439 8.5429342807551,39.296675340545 8.54268885741608,39.2966132657009 8.54236042471094,39.2964978811067 8.54224374293004,39.2967232022947</coordinates>
            </LinearRing>
          </outerBoundaryIs>
        </Polygon>
      </Placemark>
      <Placemark xmlns="http://www.opengis.net/kml/2.2">
        <styleUrl>#Parti singole_style_map</styleUrl>
        <name>T03383</name>
        <Polygon>
          <outerBoundaryIs>
            <LinearRing>
              <coordinates>8.54303293936019,39.2950596829825 8.54353776498831,39.2951440584115 8.54358717747462,39.2951637063138 8.54372822808896,39.2950811902552 8.54364950574524,39.2949410358969 8.54342953349013,39.2948552922968 8.54299232774455,39.2949831670468 8.54303293936019,39.2950596829825</coordinates>
            </LinearRing>
          </outerBoundaryIs>
        </Polygon>
      </Placemark>
      <Placemark xmlns="http://www.opengis.net/kml/2.2">
        <styleUrl>#Parti singole_style_map</styleUrl>
        <name>T03384</name>
        <Polygon>
          <outerBoundaryIs>
            <LinearRing>
              <coordinates>8.54342953349013,39.2948552922968 8.54364950574524,39.2949410358969 8.54357659034597,39.294812077495 8.54342953349013,39.2948552922968</coordinates>
            </LinearRing>
          </outerBoundaryIs>
        </Polygon>
      </Placemark>
      <Placemark xmlns="http://www.opengis.net/kml/2.2">
        <styleUrl>#Parti singole_style_map</styleUrl>
        <name>T03385</name>
        <Polygon>
          <outerBoundaryIs>
            <LinearRing>
              <coordinates>8.54300452544854,39.2947018297986 8.54298297353346,39.2948595579896 8.54299232774455,39.2949831670468 8.54342953349013,39.2948552922968 8.54306598281895,39.2947059457909 8.54300452544854,39.2947018297986</coordinates>
            </LinearRing>
          </outerBoundaryIs>
        </Polygon>
      </Placemark>
      <Placemark xmlns="http://www.opengis.net/kml/2.2">
        <styleUrl>#Parti singole_style_map</styleUrl>
        <name>T03386</name>
        <Polygon>
          <outerBoundaryIs>
            <LinearRing>
              <coordinates>8.54358717747462,39.2951637063138 8.54389885136493,39.2952876629929 8.54410412157124,39.2951321505171 8.54416946064875,39.2950599787968 8.54401552777582,39.295040543247 8.54364950574524,39.2949410358969 8.54372822808896,39.2950811902552 8.54358717747462,39.2951637063138</coordinates>
            </LinearRing>
          </outerBoundaryIs>
        </Polygon>
      </Placemark>
      <Placemark xmlns="http://www.opengis.net/kml/2.2">
        <styleUrl>#Parti singole_style_map</styleUrl>
        <name>T03387</name>
        <Polygon>
          <outerBoundaryIs>
            <LinearRing>
              <coordinates>8.54364950574524,39.2949410358969 8.54401552777582,39.295040543247 8.54416946064875,39.2950599787968 8.54419136093755,39.295035798875 8.54436761092943,39.2947111590961 8.54456257800518,39.2943486213428 8.54469420644582,39.2941789340295 8.54476510126027,39.294118885034 8.54477667115873,39.2939977097586 8.54488544038567,39.2938318794396 8.54494066816843,39.2936519000844 8.54494938654764,39.2935197476403 8.54500963920854,39.2932818402674 8.5450403997246,39.2932323478093 8.54508109083302,39.2930675936171 8.54520900098921,39.2928805906467 8.54493875209376,39.2928307230422 8.54431943875794,39.292723549823 8.5443308836222,39.2927790373179 8.5444016170904,39.2927705109199 8.54443141968967,39.2929331170813 8.54436067779677,39.2929411298556 8.54382850135397,39.2942082694217 8.54357659034597,39.294812077495 8.54364950574524,39.2949410358969</coordinates>
            </LinearRing>
          </outerBoundaryIs>
        </Polygon>
      </Placemark>
      <Placemark xmlns="http://www.opengis.net/kml/2.2">
        <styleUrl>#Parti singole_style_map</styleUrl>
        <name>T01659</name>
        <Polygon>
          <outerBoundaryIs>
            <LinearRing>
              <coordinates>8.54078677747127,39.3007736819095 8.54106772438253,39.3010168439344 8.54103010006105,39.3010615415462 8.5409363490525,39.301172876758 8.54088327273603,39.3012359221181 8.54079884360901,39.3015869955295 8.54081918789227,39.3015848862448 8.54087573329207,39.3015447326705 8.54095390723237,39.3013876069586 8.54119440278505,39.3011926549962 8.54128819647956,39.3011084598486 8.54148755342963,39.3007732833578 8.54157126053274,39.3006387236849 8.54169203414228,39.3004985792052 8.54183187201951,39.3002004266611 8.54154097248311,39.3000536142597 8.54137449340513,39.2999683749804 8.5412479551716,39.2999222730935 8.54151203564259,39.3001195843993 8.54120149677602,39.3005186766663 8.54108306047314,39.3004784724951 8.54074426406979,39.3007360297391 8.54078677747127,39.3007736819095</coordinates>
            </LinearRing>
          </outerBoundaryIs>
        </Polygon>
      </Placemark>
      <Placemark xmlns="http://www.opengis.net/kml/2.2">
        <styleUrl>#Parti singole_style_map</styleUrl>
        <name>T01647</name>
        <Polygon>
          <outerBoundaryIs>
            <LinearRing>
              <coordinates>8.53907228909914,39.2979690911937 8.53910523992278,39.2980974975413 8.53913035833525,39.2982319009813 8.53914982580496,39.298312019818 8.53915545595308,39.2983270719065 8.53979589789957,39.2980425274903 8.53978749497541,39.2980364751258 8.53963820365858,39.2979786577143 8.53973354501147,39.297919825899 8.53964332733011,39.2978480684268 8.53963261303507,39.2979186425953 8.53960064508883,39.2979196784593 8.53939255270264,39.297926288526 8.53906684188136,39.2979367753949 8.53907228909914,39.2979690911937</coordinates>
            </LinearRing>
          </outerBoundaryIs>
        </Polygon>
      </Placemark>
      <Placemark xmlns="http://www.opengis.net/kml/2.2">
        <styleUrl>#Parti singole_style_map</styleUrl>
        <name>T01648</name>
        <Polygon>
          <outerBoundaryIs>
            <LinearRing>
              <coordinates>8.53904723343656,39.2976113586932 8.53942320480668,39.2975989263354 8.53936835385543,39.2975137025606 8.53910547549654,39.2975208520707 8.53907735327261,39.2975172895676 8.53904723343656,39.2976113586932</coordinates>
            </LinearRing>
          </outerBoundaryIs>
        </Polygon>
      </Placemark>
      <Placemark xmlns="http://www.opengis.net/kml/2.2">
        <styleUrl>#Parti singole_style_map</styleUrl>
        <name>T01643</name>
        <Polygon>
          <outerBoundaryIs>
            <LinearRing>
              <coordinates>8.53881214154384,39.2963945188786 8.53884183057472,39.2965073239513 8.53888750159484,39.2965792569118 8.53884740034171,39.2967858746945 8.53884197301697,39.2969342408054 8.5388645719927,39.2969294195751 8.53886812784405,39.2970077994189 8.53896969158308,39.2971846037336 8.53899873190876,39.2971825472464 8.53900978475038,39.2971841498903 8.53899221596609,39.2967706709837 8.53894690191686,39.2967732847112 8.53894004865132,39.2967714554173 8.53893697410571,39.2967663702279 8.53893344688685,39.2966906846851 8.53954019546965,39.2967160740295 8.53988600193628,39.2967332649722 8.53997193089848,39.2967691158298 8.54007236568393,39.2968743069766 8.54006189221211,39.2971136158563 8.54011285355113,39.2971252518595 8.5404690396924,39.2970487531717 8.54053049274566,39.2969510049215 8.54064025775724,39.2967450941644 8.54086716809586,39.2963144961821 8.54096804479982,39.2961250575508 8.54102314344623,39.2959915025923 8.54090441224829,39.2959621098598 8.54087399075039,39.2960087821934 8.54088366545837,39.2960189483642 8.54085049968446,39.2961944804096 8.54083970364229,39.2962369861646 8.54080898706677,39.2962720065229 8.54075516788207,39.2962789575567 8.54070334855024,39.2962691476117 8.54042236099862,39.2962160373598 8.54015808131624,39.2960766432602 8.54013283192289,39.2960399871802 8.54015705629158,39.2960029409695 8.54039160323648,39.295872762644 8.54046456127913,39.2958172297798 8.54053671585844,39.2957444562904 8.5406614940704,39.295563735511 8.54108731390593,39.2955823110461 8.54108558251277,39.2956041460733 8.5411518363967,39.2956267989187 8.54117077465318,39.295546750761 8.54104462682406,39.2955308719518 8.54067006377048,39.2955531187389 8.5404280720552,39.2955186793831 8.54031019535942,39.2955502465826 8.54049776692729,39.2955577275865 8.54049993026111,39.2955496625736 8.54059099160328,39.2955541761297 8.54056766891483,39.2955881713791 8.54046705936078,39.2957331881485 8.54044068684308,39.2957618370093 8.5403670671827,39.2958192414638 8.54034137013018,39.2958368098503 8.54006494930255,39.2959880156197 8.53984849170737,39.2961094073502 8.53982293226787,39.296118325926 8.53979490102488,39.296118656564 8.53909818619856,39.2960162133675 8.53914772680188,39.2959543802045 8.53906578306751,39.2959688330539 8.53898193672502,39.2960275657291 8.5389429949582,39.2960505778242 8.53894177895744,39.2960591601696 8.538843648089,39.296262304133 8.53880962229076,39.2963649178664 8.53881214154384,39.2963945188786</coordinates>
            </LinearRing>
          </outerBoundaryIs>
        </Polygon>
      </Placemark>
      <Placemark xmlns="http://www.opengis.net/kml/2.2">
        <styleUrl>#Parti singole_style_map</styleUrl>
        <name>T01644</name>
        <Polygon>
          <outerBoundaryIs>
            <LinearRing>
              <coordinates>8.53884180131977,39.2969391959902 8.53885767106018,39.2969896014805 8.53886812784405,39.2970077994189 8.5388645719927,39.2969294195751 8.53884197301697,39.2969342408054 8.53884180131977,39.2969391959902</coordinates>
            </LinearRing>
          </outerBoundaryIs>
        </Polygon>
      </Placemark>
      <Placemark xmlns="http://www.opengis.net/kml/2.2">
        <styleUrl>#Parti singole_style_map</styleUrl>
        <name>T01653</name>
        <Polygon>
          <outerBoundaryIs>
            <LinearRing>
              <coordinates>8.54131242212007,39.2969271396863 8.54149806794186,39.2970099136197 8.54147402722942,39.297113027023 8.54134329310385,39.2972698108385 8.5413406195511,39.2972725485505 8.5414114226526,39.2973002831742 8.54170557709026,39.2967208041159 8.54137394081395,39.2966895006646 8.54131322909531,39.2969225474289 8.54131242212007,39.2969271396863</coordinates>
            </LinearRing>
          </outerBoundaryIs>
        </Polygon>
      </Placemark>
      <Placemark xmlns="http://www.opengis.net/kml/2.2">
        <styleUrl>#Parti singole_style_map</styleUrl>
        <name>T01634</name>
        <Polygon>
          <outerBoundaryIs>
            <LinearRing>
              <coordinates>8.54137394081395,39.2966895006646 8.54170557709026,39.2967208041159 8.54198555223802,39.2963143272823 8.54184230643171,39.2963042299418 8.54181505324408,39.2962972745012 8.54173369485761,39.296438872032 8.54160883926035,39.2964130781803 8.54149159143043,39.2963943515097 8.54148579091737,39.2964017894794 8.54137394081395,39.2966895006646</coordinates>
            </LinearRing>
          </outerBoundaryIs>
        </Polygon>
      </Placemark>
      <Placemark xmlns="http://www.opengis.net/kml/2.2">
        <styleUrl>#Parti singole_style_map</styleUrl>
        <name>T01645</name>
        <Polygon>
          <outerBoundaryIs>
            <LinearRing>
              <coordinates>8.5411518363967,39.2956267989187 8.54131401163036,39.2956822503459 8.54120530742211,39.2958861025237 8.54137455373355,39.2959740561943 8.54149026217047,39.2960419571338 8.54153698681627,39.2960594417604 8.541550146683,39.296065125288 8.54155289994406,39.2960626041407 8.54159255739036,39.2960897203291 8.54169480915513,39.2961406099646 8.54173407978844,39.2961541545171 8.54184628082951,39.2962105076324 8.54185593321328,39.296225899821 8.54181505324408,39.2962972745012 8.54184230643171,39.2963042299418 8.54198555223802,39.2963143272823 8.54209485312357,39.2963495567483 8.54238573946258,39.2958109804343 8.54223510419471,39.2954846882145 8.54216426132381,39.2955059809718 8.54185264953082,39.2955203877133 8.54172097586161,39.2955587140712 8.54161733991292,39.2955707855448 8.54141928129208,39.2955514249891 8.54117077465318,39.295546750761 8.5411518363967,39.2956267989187</coordinates>
            </LinearRing>
          </outerBoundaryIs>
        </Polygon>
      </Placemark>
      <Placemark xmlns="http://www.opengis.net/kml/2.2">
        <styleUrl>#Parti singole_style_map</styleUrl>
        <name>T01646</name>
        <Polygon>
          <outerBoundaryIs>
            <LinearRing>
              <coordinates>8.5404690396924,39.2970487531717 8.5405363061656,39.2970639315122 8.54075067707845,39.2966766706124 8.54131242212007,39.2969271396863 8.54131322909531,39.2969225474289 8.54137394081395,39.2966895006646 8.54148579091737,39.2964017894794 8.54149159143043,39.2963943515097 8.54098104689451,39.2963128010297 8.54101007424897,39.2962629784477 8.54105412596964,39.2961695314212 8.54113482988977,39.2960182182809 8.54102314344623,39.2959915025923 8.54096804479982,39.2961250575508 8.54086716809586,39.2963144961821 8.54064025775724,39.2967450941644 8.54053049274566,39.2969510049215 8.5404690396924,39.2970487531717</coordinates>
            </LinearRing>
          </outerBoundaryIs>
        </Polygon>
      </Placemark>
      <Placemark xmlns="http://www.opengis.net/kml/2.2">
        <styleUrl>#Parti singole_style_map</styleUrl>
        <name>T01655</name>
        <Polygon>
          <outerBoundaryIs>
            <LinearRing>
              <coordinates>8.53942320480668,39.2975989263354 8.53968245137769,39.2975903470637 8.53964332733011,39.2978480684268 8.53973354501147,39.297919825899 8.53963820365858,39.2979786577143 8.53978749497541,39.2980364751258 8.53979589789957,39.2980425274903 8.54073933099967,39.298147544675 8.5408747696207,39.297982940857 8.54103312112878,39.2978115431286 8.54143804023221,39.2979143927732 8.54146772879664,39.297857490316 8.54203534746633,39.2980093483023 8.54219380574829,39.2975738558547 8.54210781150566,39.2975476928451 8.54201939617023,39.2975211327822 8.54185188362722,39.2975222573093 8.54166278653934,39.2974616095489 8.54142296817425,39.2973063658316 8.5414114226526,39.2973002831742 8.5413406195511,39.2972725485505 8.5411051189284,39.2975127361892 8.54091765352965,39.2976301353681 8.54083856143254,39.2976800036098 8.54077823751123,39.2977025804994 8.54071502606568,39.2977144953532 8.54064758320146,39.2977013618405 8.54054079705751,39.2976342882565 8.54039394865384,39.2975664886326 8.54028230724427,39.2975219312993 8.5405363061656,39.2970639315122 8.5404690396924,39.2970487531717 8.54011285355113,39.2971252518595 8.54006189221211,39.2971136158563 8.54006174399819,39.2971167690029 8.5400246754908,39.2974079462302 8.53997121618533,39.2974819737042 8.53986166816317,39.2975002916481 8.53936835385543,39.2975137025606 8.53942320480668,39.2975989263354</coordinates>
            </LinearRing>
          </outerBoundaryIs>
        </Polygon>
      </Placemark>
      <Placemark xmlns="http://www.opengis.net/kml/2.2">
        <styleUrl>#Parti singole_style_map</styleUrl>
        <name>T01656</name>
        <Polygon>
          <outerBoundaryIs>
            <LinearRing>
              <coordinates>8.53899873190876,39.2971825472464 8.53901107801738,39.2972132684709 8.53900978475038,39.2971841498903 8.53899873190876,39.2971825472464</coordinates>
            </LinearRing>
          </outerBoundaryIs>
        </Polygon>
      </Placemark>
      <Placemark xmlns="http://www.opengis.net/kml/2.2">
        <styleUrl>#Parti singole_style_map</styleUrl>
        <name>T01249</name>
        <Polygon>
          <outerBoundaryIs>
            <LinearRing>
              <coordinates>8.54304541851751,39.2950826461302 8.54310721456199,39.2951791498141 8.54314062382202,39.2952184053423 8.5432620340845,39.2953511406578 8.54358717747462,39.2951637063138 8.54353776498831,39.2951440584115 8.54303293936019,39.2950596829825 8.54304541851751,39.2950826461302</coordinates>
            </LinearRing>
          </outerBoundaryIs>
        </Polygon>
      </Placemark>
      <Placemark xmlns="http://www.opengis.net/kml/2.2">
        <styleUrl>#Parti singole_style_map</styleUrl>
        <name>T03382</name>
        <Polygon>
          <outerBoundaryIs>
            <LinearRing>
              <coordinates>8.54358206823582,39.3025291011222 8.54363026241004,39.3024836061712 8.54357129408816,39.3024434395849 8.54352134289926,39.3024844673419 8.54358206823582,39.3025291011222</coordinates>
            </LinearRing>
          </outerBoundaryIs>
        </Polygon>
      </Placemark>
      <Placemark xmlns="http://www.opengis.net/kml/2.2">
        <styleUrl>#Parti singole_style_map</styleUrl>
        <name>T01250</name>
        <Polygon>
          <outerBoundaryIs>
            <LinearRing>
              <coordinates>8.54300452544854,39.2947018297986 8.54306598281895,39.2947059457909 8.54342953349013,39.2948552922968 8.54357659034597,39.294812077495 8.54382850135397,39.2942082694217 8.54436067779677,39.2929411298556 8.54432902945411,39.2929450967435 8.54429501728726,39.2927825551633 8.5443308836222,39.2927790373179 8.54431943875794,39.292723549823 8.5439328086818,39.292654689018 8.54331180788324,39.2926541541438 8.54325240150951,39.2926541101489 8.54324039773297,39.2926900606559 8.54333353395525,39.2929313896792 8.54327704195081,39.2930502259175 8.54327517459384,39.2931305397127 8.54324524810106,39.2932959031999 8.54324125754351,39.2933942119759 8.54317937592473,39.2936569904824 8.54309957997918,39.2938605705691 8.54307464218022,39.2940165554542 8.54305536507884,39.2941793926516 8.54306103351919,39.2942777663763 8.54305871180825,39.294399356243 8.54302612581681,39.2945437683947 8.54300452544854,39.2947018297986</coordinates>
            </LinearRing>
          </outerBoundaryIs>
        </Polygon>
      </Placemark>
      <Placemark xmlns="http://www.opengis.net/kml/2.2">
        <styleUrl>#Parti singole_style_map</styleUrl>
        <name>T01251</name>
        <Polygon>
          <outerBoundaryIs>
            <LinearRing>
              <coordinates>8.54328801285135,39.2954363484087 8.54337671620866,39.2956376795564 8.5435525834137,39.2954958840288 8.54367372268817,39.2954402678571 8.54385027235301,39.295323569261 8.54389885136493,39.2952876629929 8.54358717747462,39.2951637063138 8.5432620340845,39.2953511406578 8.54328801285135,39.2954363484087</coordinates>
            </LinearRing>
          </outerBoundaryIs>
        </Polygon>
      </Placemark>
      <Placemark xmlns="http://www.opengis.net/kml/2.2">
        <styleUrl>#Parti singole_style_map</styleUrl>
        <name>T01252</name>
        <Polygon>
          <outerBoundaryIs>
            <LinearRing>
              <coordinates>8.54432902945411,39.2929450967435 8.54436067779677,39.2929411298556 8.54443141968967,39.2929331170813 8.5444016170904,39.2927705109199 8.5443308836222,39.2927790373179 8.54429501728726,39.2927825551633 8.54432902945411,39.2929450967435</coordinates>
            </LinearRing>
          </outerBoundaryIs>
        </Polygon>
      </Placemark>
      <Placemark xmlns="http://www.opengis.net/kml/2.2">
        <styleUrl>#Parti singole_style_map</styleUrl>
        <name>T01670</name>
        <Polygon>
          <outerBoundaryIs>
            <LinearRing>
              <coordinates>8.51688961395636,39.2888052401291 8.51696976061844,39.2888458506038 8.5170316862373,39.2888416023493 8.51710787718238,39.2887643817797 8.51717615780961,39.2888055736088 8.51724476051747,39.2887324032919 8.51727669896373,39.2885832109604 8.51730109118762,39.2884218409222 8.51711524302578,39.2883523363096 8.51699589279984,39.2884854781668 8.51709432674069,39.28856633405 8.51705353202452,39.2886526761776 8.51701682247359,39.2886794476775 8.51696777807728,39.2886653496132 8.51688154553014,39.2887611083997 8.51688961395636,39.2888052401291</coordinates>
            </LinearRing>
          </outerBoundaryIs>
        </Polygon>
      </Placemark>
      <Placemark xmlns="http://www.opengis.net/kml/2.2">
        <styleUrl>#Parti singole_style_map</styleUrl>
        <name>T01671</name>
        <Polygon>
          <outerBoundaryIs>
            <LinearRing>
              <coordinates>8.51565704372021,39.2884772180692 8.51567898093406,39.2884858064546 8.51570207430341,39.2884948862248 8.51591558416141,39.2884942700021 8.51606189918643,39.2884582503119 8.51620193281645,39.2884419376887 8.51618585095847,39.2885293644361 8.51618843754928,39.2886285916962 8.51626897177014,39.2887172401539 8.5162065949703,39.2887701797942 8.51620601618366,39.2889266386804 8.51655343032416,39.2892278317832 8.51664875289388,39.2892486370074 8.51677239201947,39.2892272546691 8.51695770129815,39.2891207611645 8.51703228368252,39.2890330095066 8.51725724377497,39.289041953627 8.5173169213441,39.2890054467016 8.5174128446813,39.2889033302163 8.51764342190687,39.2888422569402 8.517692345737,39.2887793670426 8.51773943899938,39.2883834621319 8.51716371851929,39.2878012825702 8.51704493419961,39.2877544116183 8.51698612729725,39.2876981391287 8.51697209982654,39.2876437645547 8.51693582423773,39.2875349722579 8.51685070691713,39.2874670658041 8.51670357998773,39.287280970023 8.51668233402093,39.2872562105417 8.51631291744485,39.2869690730306 8.5164126049409,39.2870526919828 8.51660215587193,39.2872339454631 8.51663536730285,39.2873599355244 8.51659869783308,39.2877315004754 8.51639549967836,39.2880857035679 8.51630668962553,39.2881027790452 8.51610637673852,39.2880679938808 8.51603338290901,39.2880698798618 8.51580024581682,39.2882199016712 8.51565734258193,39.2884624598334 8.51565704372021,39.2884772180692</coordinates>
            </LinearRing>
          </outerBoundaryIs>
          <innerBoundaryIs>
            <LinearRing>
              <coordinates>8.51688154553014,39.2887611083997 8.51696777807728,39.2886653496132 8.51701682247359,39.2886794476775 8.51705353202452,39.2886526761776 8.51709432674069,39.28856633405 8.51699589279984,39.2884854781668 8.51711524302578,39.2883523363096 8.51730109118762,39.2884218409222 8.51727669896373,39.2885832109604 8.51724476051747,39.2887324032919 8.51717615780961,39.2888055736088 8.51710787718238,39.2887643817797 8.5170316862373,39.2888416023493 8.51696976061844,39.2888458506038 8.51688961395636,39.2888052401291 8.51688154553014,39.2887611083997</coordinates>
            </LinearRing>
          </innerBoundaryIs>
        </Polygon>
      </Placemark>
      <Placemark xmlns="http://www.opengis.net/kml/2.2">
        <styleUrl>#Parti singole_style_map</styleUrl>
        <name>T01464</name>
        <Polygon>
          <outerBoundaryIs>
            <LinearRing>
              <coordinates>8.52411657704156,39.2935437757644 8.52466785216987,39.2936495890162 8.52470478732038,39.2934403320374 8.52457824231814,39.2932563758343 8.52420451771181,39.2932140927671 8.52411657704156,39.2935437757644</coordinates>
            </LinearRing>
          </outerBoundaryIs>
        </Polygon>
      </Placemark>
      <Placemark xmlns="http://www.opengis.net/kml/2.2">
        <styleUrl>#Parti singole_style_map</styleUrl>
        <name>T01465</name>
        <Polygon>
          <outerBoundaryIs>
            <LinearRing>
              <coordinates>8.52472719768637,39.2932834037184 8.52490886729776,39.2934182514848 8.52484237571202,39.293666683333 8.52521515895676,39.2936307659534 8.52533048247265,39.293045723421 8.52482979787792,39.2928672326562 8.52472007520775,39.2929238490166 8.52472719768637,39.2932834037184</coordinates>
            </LinearRing>
          </outerBoundaryIs>
        </Polygon>
      </Placemark>
      <Placemark xmlns="http://www.opengis.net/kml/2.2">
        <styleUrl>#Parti singole_style_map</styleUrl>
        <name>T01466</name>
        <Polygon>
          <outerBoundaryIs>
            <LinearRing>
              <coordinates>8.52304965176773,39.2930816017446 8.52340342708976,39.2932832054816 8.5235781538692,39.2934206129383 8.52399673422767,39.2934986917039 8.52397241507678,39.2933980151451 8.52356153132581,39.2933068302604 8.52373422191295,39.2928569499476 8.52317061355783,39.2927515232509 8.52304965176773,39.2930816017446</coordinates>
            </LinearRing>
          </outerBoundaryIs>
        </Polygon>
      </Placemark>
      <Placemark xmlns="http://www.opengis.net/kml/2.2">
        <styleUrl>#Parti singole_style_map</styleUrl>
        <name>T01467</name>
        <Polygon>
          <outerBoundaryIs>
            <LinearRing>
              <coordinates>8.52482865879479,39.2927630556797 8.52523440970861,39.2928430959881 8.52562097145283,39.2927992861132 8.52595024235386,39.2923387684517 8.52549601149025,39.2920903668113 8.52533033092116,39.2922203997083 8.52490619923955,39.2920981778204 8.52466484731863,39.2923182687181 8.52482865879479,39.2927630556797</coordinates>
            </LinearRing>
          </outerBoundaryIs>
        </Polygon>
      </Placemark>
      <Placemark xmlns="http://www.opengis.net/kml/2.2">
        <styleUrl>#Parti singole_style_map</styleUrl>
        <name>T01256</name>
        <Polygon>
          <outerBoundaryIs>
            <LinearRing>
              <coordinates>8.52423814317553,39.298576700715 8.52451620807143,39.2984598249544 8.52460720327308,39.2984333901229 8.52467997918312,39.2984327053292 8.52480068734109,39.2984711783777 8.52486277818247,39.2984814067844 8.52492147453688,39.2984756994625 8.52498318820898,39.2984628229362 8.52513473350981,39.2984274800829 8.52533690558618,39.2983758090472 8.5254616645076,39.2983365810063 8.52553828315425,39.2983026530082 8.52561405652679,39.2982599361199 8.52568143517257,39.2982083995629 8.52577677142436,39.2980868289513 8.52580270763857,39.2980602631213 8.52585304269565,39.2980166854873 8.52595040117367,39.2979596753362 8.52558121288371,39.2978978349911 8.52506997775207,39.298157941211 8.52421203490303,39.298534397028 8.52423814317553,39.298576700715</coordinates>
            </LinearRing>
          </outerBoundaryIs>
        </Polygon>
      </Placemark>
      <Placemark xmlns="http://www.opengis.net/kml/2.2">
        <styleUrl>#Parti singole_style_map</styleUrl>
        <name>T01472</name>
        <Polygon>
          <outerBoundaryIs>
            <LinearRing>
              <coordinates>8.52612925494115,39.291390854495 8.52622559253052,39.2914391115275 8.52625767871806,39.2915026682914 8.52629019365899,39.2916161459008 8.52632718685078,39.291705231829 8.52638487811362,39.2918064672926 8.52640232005922,39.2918440587228 8.5264313759521,39.29190478276 8.52654211088342,39.2920984131898 8.52659528161765,39.2921529999363 8.52665928711199,39.2921846174931 8.52673558987356,39.2922601760066 8.5267496112597,39.292287445263 8.52677019810541,39.292352270658 8.52677102086668,39.2924177635429 8.52675770960125,39.2924813066937 8.52669982470645,39.2926237821801 8.52660357519912,39.2928151105532 8.52657446145492,39.2928730117724 8.52658338701164,39.2929715977641 8.52660693406502,39.2930221893612 8.52665733523547,39.2930748815732 8.52669323545745,39.2930114123206 8.52661923709102,39.2929155711406 8.52662680859347,39.2928554557421 8.52670481234108,39.292685543568 8.52681465157127,39.2924219687772 8.52681632774004,39.2923263453703 8.52676322048234,39.2922450783942 8.52659705458689,39.2921170455717 8.52654785000441,39.2920675750048 8.52651799012859,39.2920125604901 8.52644450941754,39.2918349584804 8.52642144443938,39.2917473349528 8.5263419918612,39.2916317199897 8.52633249368475,39.291583735547 8.5262960550519,39.2914760448439 8.52625197565046,39.2914129438512 8.52617960044046,39.2913501420956 8.52612826259502,39.2913505907803 8.52612925494115,39.291390854495</coordinates>
            </LinearRing>
          </outerBoundaryIs>
        </Polygon>
      </Placemark>
      <Placemark xmlns="http://www.opengis.net/kml/2.2">
        <styleUrl>#Parti singole_style_map</styleUrl>
        <name>T01473</name>
        <Polygon>
          <outerBoundaryIs>
            <LinearRing>
              <coordinates>8.52098487997321,39.2907483213557 8.52100374443791,39.2909050495106 8.52099328678606,39.2910238391588 8.52100589143471,39.2911275768217 8.52104341040496,39.2912898962909 8.52107122905802,39.2914871642375 8.52111440839479,39.291589766246 8.52119393831014,39.2916961671647 8.5212758947723,39.2917255908655 8.52135029793991,39.2917624712983 8.52152803126731,39.2917944153428 8.52175206254876,39.291820241976 8.52193543541747,39.2918192836005 8.52207673526886,39.2918596732687 8.52340539453245,39.2915865679314 8.52362370971559,39.2914122315797 8.52365450461599,39.2914008059919 8.52291546410649,39.2905405116423 8.52096869138126,39.2906957405198 8.52098487997321,39.2907483213557</coordinates>
            </LinearRing>
          </outerBoundaryIs>
        </Polygon>
      </Placemark>
      <Placemark xmlns="http://www.opengis.net/kml/2.2">
        <styleUrl>#Parti singole_style_map</styleUrl>
        <name>T02051</name>
        <Polygon>
          <outerBoundaryIs>
            <LinearRing>
              <coordinates>8.5165751388609,39.286457086054 8.5166178880255,39.2865180136404 8.5166931060916,39.2870353676312 8.51678928444439,39.2872583938397 8.51679800711708,39.2872748024607 8.51686444372594,39.2873782055223 8.51699185676763,39.2875309518521 8.51706009095795,39.2875989593261 8.51737873267667,39.2877889920704 8.51742899341837,39.2878048701103 8.51749680690428,39.2878059172707 8.51788373324133,39.2879489527975 8.51825377857706,39.287851827759 8.51879258079841,39.2879154472265 8.5193296691925,39.2879771829012 8.51971659030537,39.288069085761 8.5199226257221,39.2881066455969 8.52007669156348,39.2881305648018 8.52033879801813,39.2881636606211 8.5206153999495,39.2880487521935 8.52055372738269,39.2877526776448 8.52063217411969,39.2874460612842 8.52075892651771,39.2873993945608 8.52126554723016,39.2872082914278 8.52024889573458,39.2864915575203 8.51956361536027,39.2860119028077 8.51939473556006,39.2863813188379 8.51894953402235,39.2864387421531 8.51864117705194,39.2859206324528 8.51864412386666,39.2857883679156 8.51845556232182,39.2857586183122 8.51826880121173,39.285829894551 8.51823269566066,39.2858618681121 8.51808604918357,39.2859319495427 8.51792931527045,39.2860323820011 8.51783278443498,39.2860800899939 8.51776032665274,39.2861494692453 8.51768131706208,39.2862375004203 8.51747297437675,39.2863562262263 8.51733614160304,39.2863832223115 8.51702182467059,39.2863729523217 8.51678896073726,39.2863950257203 8.51664485187003,39.2863941928407 8.51655979804481,39.2864251515542 8.5165751388609,39.286457086054</coordinates>
            </LinearRing>
          </outerBoundaryIs>
        </Polygon>
      </Placemark>
      <Placemark xmlns="http://www.opengis.net/kml/2.2">
        <styleUrl>#Parti singole_style_map</styleUrl>
        <name>T01254</name>
        <Polygon>
          <outerBoundaryIs>
            <LinearRing>
              <coordinates>8.52382529672179,39.2980315697936 8.5243828969746,39.2978010153336 8.52443699063216,39.2977847649866 8.52385521950033,39.2977523528213 8.52382529672179,39.2980315697936</coordinates>
            </LinearRing>
          </outerBoundaryIs>
        </Polygon>
      </Placemark>
      <Placemark xmlns="http://www.opengis.net/kml/2.2">
        <styleUrl>#Parti singole_style_map</styleUrl>
        <name>T01253</name>
        <Polygon>
          <outerBoundaryIs>
            <LinearRing>
              <coordinates>8.52460809688203,39.2980152541499 8.52502869260377,39.297799535877 8.52604212550804,39.2972802578269 8.52656583681582,39.2970069163369 8.52697073395882,39.2968612210363 8.52720747395269,39.2967814118195 8.52710036905425,39.2966415094709 8.52704925227686,39.2965844443967 8.52640982935402,39.2967982161741 8.52444998813673,39.2978022807756 8.52460809688203,39.2980152541499</coordinates>
            </LinearRing>
          </outerBoundaryIs>
        </Polygon>
      </Placemark>
      <Placemark xmlns="http://www.opengis.net/kml/2.2">
        <styleUrl>#Parti singole_style_map</styleUrl>
        <name>T01255</name>
        <Polygon>
          <outerBoundaryIs>
            <LinearRing>
              <coordinates>8.52710036905425,39.2966415094709 8.52720747395269,39.2967814118195 8.52757184285682,39.2966642937153 8.52800595621272,39.2966140192124 8.52787150767344,39.2964564628666 8.52760514693831,39.296486954952 8.52743684402151,39.2965110957965 8.52727392559937,39.2965588031373 8.52708889334661,39.2966287037251 8.52710036905425,39.2966415094709</coordinates>
            </LinearRing>
          </outerBoundaryIs>
        </Polygon>
      </Placemark>
      <Placemark xmlns="http://www.opengis.net/kml/2.2">
        <styleUrl>#Parti singole_style_map</styleUrl>
        <name>T01460</name>
        <Polygon>
          <outerBoundaryIs>
            <LinearRing>
              <coordinates>8.52418349772534,39.2936449328973 8.5242944797678,39.2937655980409 8.52433183475337,39.2937993335282 8.52436996479202,39.2938521928044 8.52449356183659,39.2939492292999 8.52458128185199,39.294037468819 8.52464192006346,39.2941006921403 8.52467262709642,39.2941418161309 8.52495179922207,39.2942425963473 8.52516886955752,39.2942993936878 8.525257414909,39.2943463491965 8.52530695411694,39.2943875859085 8.52535524403295,39.2944609765653 8.52538086268864,39.2945430150579 8.5253929956455,39.2946678352286 8.52542565560666,39.2949023088099 8.52547093313107,39.2950097023817 8.52554457294253,39.2950934775173 8.52555852205499,39.2951057078113 8.52570049745568,39.294997537014 8.52579089959583,39.2950084029633 8.52592555860711,39.2949670161415 8.52626216768041,39.2948829031535 8.526524038764,39.2947434839457 8.52687233328541,39.2947199143479 8.52725932393133,39.294575857161 8.52734865766996,39.2945128030726 8.52733800658736,39.2944085154119 8.52732665248741,39.2941864014274 8.52729972406038,39.2940384720423 8.52722173403662,39.2939065453428 8.52682477683725,39.2934752398592 8.52673526787529,39.293361332361 8.52675154695189,39.2932824471186 8.52671551448543,39.2931245778214 8.52665733523547,39.2930748815732 8.52660693406502,39.2930221893612 8.52658338701164,39.2929715977641 8.52657446145492,39.2928730117724 8.52660357519912,39.2928151105532 8.52653863739607,39.2928529163686 8.52645587439694,39.293007977495 8.5264001171017,39.2930789618333 8.52604640530005,39.2933188270538 8.52593219256101,39.2934084773859 8.5256527466205,39.2935717649862 8.52536507789938,39.2937624738612 8.52512365362989,39.2938159491248 8.52506054098538,39.2938408222397 8.52482337917984,39.2938572444014 8.52468160917433,39.2938306694986 8.52438855449215,39.29370819727 8.52425413355417,39.2936221995177 8.52410227053787,39.2936134778185 8.52418349772534,39.2936449328973</coordinates>
            </LinearRing>
          </outerBoundaryIs>
        </Polygon>
      </Placemark>
      <Placemark xmlns="http://www.opengis.net/kml/2.2">
        <styleUrl>#Parti singole_style_map</styleUrl>
        <name>T03388</name>
        <Polygon>
          <outerBoundaryIs>
            <LinearRing>
              <coordinates>8.51856280481262,39.2897215237866 8.51882026818636,39.2897493145493 8.51885146961847,39.289946047404 8.51880439769232,39.2901736785026 8.51880479202932,39.2904902429744 8.51923829797754,39.2906680765943 8.51925215639165,39.2906644665181 8.51982265207869,39.290515578418 8.51983330341289,39.2905146312047 8.51989693281523,39.2905089918082 8.51979885929158,39.2897858772526 8.51971188644054,39.2897630005786 8.5195401658084,39.2896920263467 8.51946165934209,39.2896553801013 8.51926558732282,39.2894693557541 8.5192592310806,39.2894543807867 8.51862196033479,39.2893770383227 8.51856280481262,39.2897215237866</coordinates>
            </LinearRing>
          </outerBoundaryIs>
        </Polygon>
      </Placemark>
      <Placemark xmlns="http://www.opengis.net/kml/2.2">
        <styleUrl>#Parti singole_style_map</styleUrl>
        <name>T01461</name>
        <Polygon>
          <outerBoundaryIs>
            <LinearRing>
              <coordinates>8.51989693281523,39.2905089918082 8.52024529299018,39.2904781436091 8.52070679907312,39.290444570768 8.52067242856333,39.2903869140622 8.52063294957368,39.2903471945627 8.52049354024497,39.290174795604 8.52025956286057,39.2899931490734 8.51996833733369,39.2898304495958 8.51979885929158,39.2897858772526 8.51989693281523,39.2905089918082</coordinates>
            </LinearRing>
          </outerBoundaryIs>
        </Polygon>
      </Placemark>
      <Placemark xmlns="http://www.opengis.net/kml/2.2">
        <styleUrl>#Parti singole_style_map</styleUrl>
        <name>T03389</name>
        <Polygon>
          <outerBoundaryIs>
            <LinearRing>
              <coordinates>8.51860347300134,39.2915910454466 8.51866101356522,39.2916161709854 8.51877802722472,39.2919852634188 8.51897751705826,39.2920201397034 8.51909380748615,39.2920734409851 8.51918631773712,39.2921686606142 8.51926808551543,39.292288308751 8.51941913301188,39.292466578083 8.51964422867327,39.2925709681579 8.5197500669754,39.2925894534652 8.51981691220848,39.2925920270993 8.51998990800918,39.2925724940213 8.52017455992451,39.2925560363437 8.51989693281523,39.2905089918082 8.51983330341289,39.2905146312047 8.51982265207869,39.290515578418 8.51925215639165,39.2906644665181 8.51923829797754,39.2906680765943 8.51900645649872,39.2908199753159 8.51892731665526,39.2911093591182 8.51866294637149,39.2913171599738 8.51860347300134,39.2915910454466</coordinates>
            </LinearRing>
          </outerBoundaryIs>
        </Polygon>
      </Placemark>
      <Placemark xmlns="http://www.opengis.net/kml/2.2">
        <styleUrl>#Parti singole_style_map</styleUrl>
        <name>T01462</name>
        <Polygon>
          <outerBoundaryIs>
            <LinearRing>
              <coordinates>8.52111137553587,39.2925262504515 8.52123094916512,39.2925320498677 8.52131928067299,39.2925552193357 8.52151632342436,39.292638234207 8.52163728648981,39.2926596994594 8.52175806219757,39.292739354701 8.52187214866607,39.2928477623948 8.52199904046077,39.2929779022517 8.522080360399,39.293044906257 8.5221807945003,39.2931028609052 8.52237602257052,39.2931785592158 8.52237934404843,39.2931266624044 8.52237511491799,39.2930920440841 8.5226035452476,39.2928517390881 8.5227014583033,39.292565664696 8.52265558257588,39.2924345244515 8.522569141573,39.2923071824183 8.52248706610029,39.2922149097339 8.52239841039403,39.292109805819 8.52226462290429,39.2920030838217 8.52215937686837,39.2919248354715 8.52205635467477,39.2918827920147 8.52191468464952,39.2918422656407 8.52176292562933,39.2918427231939 8.52149525463386,39.2918175100413 8.52132897090285,39.291784910223 8.52132196712034,39.2917814843849 8.52091981968881,39.2925348779488 8.52111137553587,39.2925262504515</coordinates>
            </LinearRing>
          </outerBoundaryIs>
        </Polygon>
      </Placemark>
      <Placemark xmlns="http://www.opengis.net/kml/2.2">
        <styleUrl>#Parti singole_style_map</styleUrl>
        <name>T01463</name>
        <Polygon>
          <outerBoundaryIs>
            <LinearRing>
              <coordinates>8.52017455992451,39.2925560363437 8.52048328378249,39.2925285111131 8.52063401160486,39.2925264470835 8.52085186918389,39.2925379410732 8.52091981968881,39.2925348779488 8.52132196712034,39.2917814843849 8.52126461910202,39.2917534685277 8.52117929015214,39.2917220576029 8.5210886515797,39.2916054198817 8.5210387915929,39.2914877245235 8.52100672382226,39.2912878079601 8.52096823551292,39.2911384147978 8.52095926367282,39.291010390315 8.52096674660826,39.2909367318741 8.52095855538349,39.2908132699998 8.52093832142447,39.2907111498641 8.52091061156158,39.2906833639943 8.52085802578313,39.2905846247771 8.52070679907312,39.290444570768 8.52024529299018,39.2904781436091 8.51989693281523,39.2905089918082 8.52017455992451,39.2925560363437</coordinates>
            </LinearRing>
          </outerBoundaryIs>
        </Polygon>
      </Placemark>
      <Placemark xmlns="http://www.opengis.net/kml/2.2">
        <styleUrl>#Parti singole_style_map</styleUrl>
        <name>T01468</name>
        <Polygon>
          <outerBoundaryIs>
            <LinearRing>
              <coordinates>8.52240553384812,39.2931752833467 8.52246151781943,39.2932319019041 8.52262105495436,39.2932971541071 8.52283936712226,39.293366747021 8.52299257511819,39.293402715124 8.52312369177215,39.2934285455829 8.52321866936497,39.2934466318043 8.52335874468143,39.2934766706508 8.52372340603675,39.2935679463626 8.52380306909755,39.2935752196868 8.52383974332672,39.2935827405192 8.52410227053787,39.2936134778185 8.52425413355417,39.2936221995177 8.52438855449215,39.29370819727 8.52468160917433,39.2938306694986 8.52482337917984,39.2938572444014 8.52506054098538,39.2938408222397 8.52512365362989,39.2938159491248 8.52536507789938,39.2937624738612 8.5256527466205,39.2935717649862 8.52593219256101,39.2934084773859 8.52604640530005,39.2933188270538 8.5264001171017,39.2930789618333 8.52645587439694,39.293007977495 8.52653863739607,39.2928529163686 8.52660357519912,39.2928151105532 8.52669982470645,39.2926237821801 8.52675770960125,39.2924813066937 8.52677102086668,39.2924177635429 8.52677019810541,39.292352270658 8.5267496112597,39.292287445263 8.52673558987356,39.2922601760066 8.52665928711199,39.2921846174931 8.52659528161765,39.2921529999363 8.52654211088342,39.2920984131898 8.5264313759521,39.29190478276 8.52640232005922,39.2918440587228 8.52638487811362,39.2918064672926 8.52632718685078,39.291705231829 8.52629019365899,39.2916161459008 8.52600891959733,39.2915961319437 8.52594177352777,39.2916141860623 8.52582212734152,39.2917155100266 8.52557962096755,39.2918684956872 8.52535737045377,39.2920439730104 8.52526183704842,39.2921066128434 8.52506094437184,39.2920403213925 8.52487024797048,39.2920352987292 8.5247297922058,39.2920943846654 8.5245183119418,39.292167011553 8.52439646405552,39.2921426352291 8.52415142817306,39.2921445346941 8.52391031811709,39.2921232472383 8.52383854276946,39.2920919027351 8.52375999668094,39.2919697209575 8.52353426608913,39.2917258060189 8.52269379909714,39.292445349877 8.52273349219235,39.2925819071864 8.52263477706052,39.2928597515752 8.52240918488782,39.2930987887687 8.5224115901665,39.2931321831607 8.52240553384812,39.2931752833467</coordinates>
            </LinearRing>
          </outerBoundaryIs>
          <innerBoundaryIs>
            <LinearRing>
              <coordinates>8.52420451771181,39.2932140927671 8.52457824231814,39.2932563758343 8.52470478732038,39.2934403320374 8.52466785216987,39.2936495890162 8.52411657704156,39.2935437757644 8.52420451771181,39.2932140927671</coordinates>
            </LinearRing>
          </innerBoundaryIs>
          <innerBoundaryIs>
            <LinearRing>
              <coordinates>8.52317061355783,39.2927515232509 8.52373422191295,39.2928569499476 8.52356153132581,39.2933068302604 8.52397241507678,39.2933980151451 8.52399673422767,39.2934986917039 8.5235781538692,39.2934206129383 8.52340342708976,39.2932832054816 8.52304965176773,39.2930816017446 8.52317061355783,39.2927515232509</coordinates>
            </LinearRing>
          </innerBoundaryIs>
          <innerBoundaryIs>
            <LinearRing>
              <coordinates>8.52472007520775,39.2929238490166 8.52482979787792,39.2928672326562 8.52533048247265,39.293045723421 8.52521515895676,39.2936307659534 8.52484237571202,39.293666683333 8.52490886729776,39.2934182514848 8.52472719768637,39.2932834037184 8.52472007520775,39.2929238490166</coordinates>
            </LinearRing>
          </innerBoundaryIs>
          <innerBoundaryIs>
            <LinearRing>
              <coordinates>8.52466484731863,39.2923182687181 8.52490619923955,39.2920981778204 8.52533033092116,39.2922203997083 8.52549601149025,39.2920903668113 8.52595024235386,39.2923387684517 8.52562097145283,39.2927992861132 8.52523440970861,39.2928430959881 8.52482865879479,39.2927630556797 8.52466484731863,39.2923182687181</coordinates>
            </LinearRing>
          </innerBoundaryIs>
        </Polygon>
      </Placemark>
      <Placemark xmlns="http://www.opengis.net/kml/2.2">
        <styleUrl>#Parti singole_style_map</styleUrl>
        <name>T01469</name>
        <Polygon>
          <outerBoundaryIs>
            <LinearRing>
              <coordinates>8.52218726835925,39.2919056041209 8.522433493203,39.292100542698 8.5224987529484,39.2921844836234 8.52260313773866,39.2923042582973 8.52268876766405,39.2924281008388 8.52269379909714,39.292445349877 8.52353426608913,39.2917258060189 8.52340539453245,39.2915865679314 8.52207673526886,39.2918596732687 8.52218726835925,39.2919056041209</coordinates>
            </LinearRing>
          </outerBoundaryIs>
        </Polygon>
      </Placemark>
      <Placemark xmlns="http://www.opengis.net/kml/2.2">
        <styleUrl>#Parti singole_style_map</styleUrl>
        <name>T02812</name>
        <Polygon>
          <outerBoundaryIs>
            <LinearRing>
              <coordinates>8.52375999668094,39.2919697209575 8.52383854276946,39.2920919027351 8.52391031811709,39.2921232472383 8.52415142817306,39.2921445346941 8.52439646405552,39.2921426352291 8.5245183119418,39.292167011553 8.5247297922058,39.2920943846654 8.52487024797048,39.2920352987292 8.52506094437184,39.2920403213925 8.52526183704842,39.2921066128434 8.52535737045377,39.2920439730104 8.52557962096755,39.2918684956872 8.52582212734152,39.2917155100266 8.52594177352777,39.2916141860623 8.52600891959733,39.2915961319437 8.52629019365899,39.2916161459008 8.52625767871806,39.2915026682914 8.52622559253052,39.2914391115275 8.52612925494115,39.291390854495 8.52612826259502,39.2913505907803 8.525897632006,39.2912630766485 8.52573772909209,39.291174940323 8.52559815742588,39.2911412480559 8.52545594331405,39.2911193848638 8.52533758253058,39.2911746510376 8.52521007787021,39.2911193098441 8.52513043650504,39.2910234446658 8.52500336745183,39.291044371335 8.52491017368023,39.2910372688483 8.52478888817343,39.2910431620712 8.52466782422356,39.2910728622627 8.52451473391083,39.2911246337318 8.52438094652752,39.2911786915272 8.52424504267662,39.2912062131019 8.52413182485694,39.2912142110843 8.52353426608913,39.2917258060189 8.52375999668094,39.2919697209575</coordinates>
            </LinearRing>
          </outerBoundaryIs>
        </Polygon>
      </Placemark>
      <Placemark xmlns="http://www.opengis.net/kml/2.2">
        <styleUrl>#Parti singole_style_map</styleUrl>
        <name>T01470</name>
        <Polygon>
          <outerBoundaryIs>
            <LinearRing>
              <coordinates>8.52353426608913,39.2917258060189 8.52413182485694,39.2912142110843 8.52408979310533,39.2912171748685 8.52397699587919,39.2912811757313 8.52365450461599,39.2914008059919 8.52362370971559,39.2914122315797 8.52340539453245,39.2915865679314 8.52353426608913,39.2917258060189</coordinates>
            </LinearRing>
          </outerBoundaryIs>
        </Polygon>
      </Placemark>
      <Placemark xmlns="http://www.opengis.net/kml/2.2">
        <styleUrl>#Parti singole_style_map</styleUrl>
        <name>T01474</name>
        <Polygon>
          <outerBoundaryIs>
            <LinearRing>
              <coordinates>8.51979500673471,39.2897574507068 8.51998441598098,39.2898073404902 8.52028753664847,39.2899720172589 8.52037201790448,39.2900440003956 8.52052773283898,39.2901633397909 8.52066869262552,39.2903362406838 8.5207073315844,39.2903733165843 8.52073981686052,39.2904353627209 8.52088964973068,39.2905740683578 8.52094224058432,39.2906720687069 8.52096869138126,39.2906957405198 8.52291546410649,39.2905405116423 8.52365450461599,39.2914008059919 8.52397699587919,39.2912811757313 8.52408979310533,39.2912171748685 8.52413182485694,39.2912142110843 8.52470667813062,39.2907220463861 8.52491084541658,39.2904595524547 8.52449115916959,39.2901670545209 8.52271291798963,39.289561374318 8.52192789961254,39.2887024797533 8.5216249125733,39.288603558653 8.52112420554489,39.2889124030507 8.52021869904053,39.2886518953038 8.52020866906295,39.2886484929608 8.52003308291572,39.2887329195837 8.51977567731867,39.2896148941975 8.51979500673471,39.2897574507068</coordinates>
            </LinearRing>
          </outerBoundaryIs>
        </Polygon>
      </Placemark>
      <Placemark xmlns="http://www.opengis.net/kml/2.2">
        <styleUrl>#Parti singole_style_map</styleUrl>
        <name>T01475</name>
        <Polygon>
          <outerBoundaryIs>
            <LinearRing>
              <coordinates>8.52424504267662,39.2912062131019 8.52438094652752,39.2911786915272 8.52451473391083,39.2911246337318 8.52466782422356,39.2910728622627 8.52478888817343,39.2910431620712 8.52491017368023,39.2910372688483 8.52500336745183,39.291044371335 8.52513043650504,39.2910234446658 8.52521007787021,39.2911193098441 8.52533758253058,39.2911746510376 8.52545594331405,39.2911193848638 8.52559815742588,39.2911412480559 8.52573772909209,39.291174940323 8.525897632006,39.2912630766485 8.52612826259502,39.2913505907803 8.52617960044046,39.2913501420956 8.52624051950938,39.291362996111 8.52632310258442,39.2913272626617 8.52646710031368,39.2912497713967 8.52657602058769,39.2911860136494 8.52655837330838,39.291089428547 8.52505960140308,39.290563241888 8.52491084541658,39.2904595524547 8.52470667813062,39.2907220463861 8.52413182485694,39.2912142110843 8.52424504267662,39.2912062131019</coordinates>
            </LinearRing>
          </outerBoundaryIs>
        </Polygon>
      </Placemark>
      <Placemark xmlns="http://www.opengis.net/kml/2.2">
        <styleUrl>#Parti singole_style_map</styleUrl>
        <name>T03390</name>
        <Polygon>
          <outerBoundaryIs>
            <LinearRing>
              <coordinates>8.52657602058769,39.2911860136494 8.52668103072779,39.2917610783628 8.52703999246957,39.2916579513644 8.52706914144296,39.2911382352958 8.52666108317525,39.2910231675104 8.52665568504881,39.2911393741853 8.52657602058769,39.2911860136494</coordinates>
            </LinearRing>
          </outerBoundaryIs>
        </Polygon>
      </Placemark>
      <Placemark xmlns="http://www.opengis.net/kml/2.2">
        <styleUrl>#Parti singole_style_map</styleUrl>
        <name>T03391</name>
        <Polygon>
          <outerBoundaryIs>
            <LinearRing>
              <coordinates>8.52637516183679,39.2955761931696 8.52659857024697,39.2957171371978 8.52668721135373,39.2957640559602 8.52737278361477,39.2954667610278 8.52732199616998,39.2954108237341 8.52729015330259,39.2952228310179 8.52637516183679,39.2955761931696</coordinates>
            </LinearRing>
          </outerBoundaryIs>
        </Polygon>
      </Placemark>
      <Placemark xmlns="http://www.opengis.net/kml/2.2">
        <styleUrl>#Parti singole_style_map</styleUrl>
        <name>T02050</name>
        <Polygon>
          <outerBoundaryIs>
            <LinearRing>
              <coordinates>8.51802744919251,39.2880514769767 8.51809458945547,39.2881338062794 8.51821289115523,39.2882647797796 8.5182581890822,39.2884109492545 8.51854025798425,39.2886444300091 8.51875169226167,39.2887302123418 8.51884874267277,39.2887882459992 8.51909780981279,39.2889851227209 8.51915886398508,39.2890912594706 8.51929566675344,39.2892387888365 8.51927878468519,39.2893386294054 8.51929394447364,39.2894549116786 8.51948331316048,39.2896360154988 8.51956516874244,39.2896746488966 8.51972903068744,39.2897400761206 8.51979500673471,39.2897574507068 8.51977567731867,39.2896148941975 8.52003308291572,39.2887329195837 8.52020866906295,39.2886484929608 8.52021869904053,39.2886518953038 8.5203461202105,39.2881645468225 8.52033879801813,39.2881636606211 8.52007669156348,39.2881305648018 8.5199226257221,39.2881066455969 8.51971659030537,39.288069085761 8.5193296691925,39.2879771829012 8.51879258079841,39.2879154472265 8.51825377857706,39.287851827759 8.51788373324133,39.2879489527975 8.51802744919251,39.2880514769767</coordinates>
            </LinearRing>
          </outerBoundaryIs>
        </Polygon>
      </Placemark>
      <Placemark xmlns="http://www.opengis.net/kml/2.2">
        <styleUrl>#Parti singole_style_map</styleUrl>
        <name>T01669</name>
        <Polygon>
          <outerBoundaryIs>
            <LinearRing>
              <coordinates>8.51516600375204,39.2922189704495 8.51530256227907,39.2923628991397 8.51541409913234,39.2925300700838 8.51550422866994,39.292677283254 8.51569519924978,39.292703236155 8.51592572772264,39.2926849217526 8.51615241420981,39.2926284037159 8.51637234385396,39.2925814084541 8.51654124415682,39.2925235591385 8.51675495292125,39.2924384942704 8.51701867624526,39.2923717661085 8.5170709512859,39.2924358326895 8.51729578285734,39.2925680060842 8.517527920898,39.2927406852532 8.51766408853225,39.292815732026 8.51775415250352,39.2928549954162 8.51789151499938,39.2928725948733 8.51801555123238,39.2929260374512 8.51825428967255,39.2926879372651 8.51841453094184,39.292306359216 8.51855696029911,39.2921107234168 8.51877802722472,39.2919852634188 8.51866101356522,39.2916161709854 8.51860347300134,39.2915910454466 8.51816915696729,39.2914022401451 8.5177577642459,39.2913846228008 8.51666740058883,39.2912708617925 8.51612069136903,39.291210335304 8.51605392673734,39.2912770699388 8.51585630284917,39.2913690485855 8.51585092770521,39.2914036091578 8.51574208234614,39.2916030758239 8.5153456029877,39.2919079407049 8.51521522508287,39.2920464230753 8.51516600375204,39.2922189704495</coordinates>
            </LinearRing>
          </outerBoundaryIs>
        </Polygon>
      </Placemark>
      <Placemark xmlns="http://www.opengis.net/kml/2.2">
        <styleUrl>#Parti singole_style_map</styleUrl>
        <name>T01673</name>
        <Polygon>
          <outerBoundaryIs>
            <LinearRing>
              <coordinates>8.51549124522224,39.2895056995088 8.51578474011499,39.2896083004264 8.51594019822359,39.2899470817136 8.51603552887886,39.2902748629472 8.51592408014384,39.2909332593587 8.51585630284917,39.2913690485855 8.51605392673734,39.2912770699388 8.51612069136903,39.291210335304 8.51666740058883,39.2912708617925 8.5177577642459,39.2913846228008 8.51816915696729,39.2914022401451 8.51860347300134,39.2915910454466 8.51866294637149,39.2913171599738 8.51892731665526,39.2911093591182 8.51900645649872,39.2908199753159 8.51923829797754,39.2906680765943 8.51880479202932,39.2904902429744 8.51880439769232,39.2901736785026 8.51885146961847,39.289946047404 8.51882026818636,39.2897493145493 8.51856280481262,39.2897215237866 8.51862196033479,39.2893770383227 8.5192592310806,39.2894543807867 8.51924396507479,39.2893349893886 8.51926012768597,39.2892403179773 8.51918521163874,39.2891671030541 8.5191189763771,39.2890877516523 8.51905540593861,39.2889850195245 8.51880442151042,39.2887938295272 8.5187184144718,39.2887452937114 8.51852195659876,39.2886652950742 8.51823581660271,39.2884302836255 8.51817547377615,39.2882680488828 8.51799405205444,39.2880620072571 8.51786473963628,39.2879997213166 8.51755842491992,39.2879155623642 8.51728631089247,39.2878238493941 8.51716371851929,39.2878012825702 8.51773943899938,39.2883834621319 8.517692345737,39.2887793670426 8.51764342190687,39.2888422569402 8.5174128446813,39.2889033302163 8.5173169213441,39.2890054467016 8.51725724377497,39.289041953627 8.51703228368252,39.2890330095066 8.51695770129815,39.2891207611645 8.51677239201947,39.2892272546691 8.51664875289388,39.2892486370074 8.51655343032416,39.2892278317832 8.51620601618366,39.2889266386804 8.5162065949703,39.2887701797942 8.51626897177014,39.2887172401539 8.51618843754928,39.2886285916962 8.51618585095847,39.2885293644361 8.51620193281645,39.2884419376887 8.51606189918643,39.2884582503119 8.51591558416141,39.2884942700021 8.51570207430341,39.2884948862248 8.51568725590977,39.288802638082 8.51552311245856,39.2890277620916 8.51542058543193,39.2894480433045 8.51549124522224,39.2895056995088</coordinates>
            </LinearRing>
          </outerBoundaryIs>
        </Polygon>
      </Placemark>
      <Placemark xmlns="http://www.opengis.net/kml/2.2">
        <styleUrl>#Parti singole_style_map</styleUrl>
        <name>T01674</name>
        <Polygon>
          <outerBoundaryIs>
            <LinearRing>
              <coordinates>8.52830890791814,39.2945437053173 8.52841066853494,39.2945277995445 8.52857674234705,39.2944687319115 8.52854391921586,39.2944056143482 8.5285429399206,39.2943960230312 8.52850507653919,39.2943737574109 8.52833206849377,39.2944500612652 8.52827622759049,39.2945180636167 8.52830890791814,39.2945437053173</coordinates>
            </LinearRing>
          </outerBoundaryIs>
        </Polygon>
      </Placemark>
      <Placemark xmlns="http://www.opengis.net/kml/2.2">
        <styleUrl>#Parti singole_style_map</styleUrl>
        <name>T01260</name>
        <Polygon>
          <outerBoundaryIs>
            <LinearRing>
              <coordinates>8.53308375075911,39.2949623647239 8.5331423919393,39.2950237374338 8.53322854770262,39.2951240925248 8.53329525839485,39.2952258923478 8.5334325055035,39.2952569169292 8.5336204574032,39.2953238989511 8.53380499994176,39.2953088158856 8.5340146407876,39.2953438873097 8.53441617395042,39.2953975135318 8.53455274242519,39.2953840754526 8.53497028177215,39.2954828892166 8.53509814813839,39.2955823013329 8.5353511871441,39.295839638654 8.53566963534997,39.2956791326225 8.53612510437687,39.2955488442701 8.5362058621559,39.2955050230011 8.53638675144693,39.2954636281553 8.53673682724993,39.2953194914536 8.53685495470759,39.2952272150001 8.53710177361122,39.2950601754449 8.53718524326242,39.2949565965261 8.53726934628776,39.2948677344842 8.53711041556195,39.2947782390227 8.53698985065051,39.2946423199027 8.53688957708017,39.2944909920948 8.53687402728342,39.2943958766582 8.53683333348461,39.29430476097 8.53675317039142,39.2941883483442 8.53666710577407,39.2940313911818 8.5361426098825,39.2944855202299 8.5363037915164,39.2948274958723 8.53599072865311,39.294975824709 8.53572247671989,39.2948464335664 8.53531241209672,39.2949205580378 8.53518231133461,39.2948294810974 8.53619364484645,39.2936408834489 8.53613665510813,39.2935803117819 8.53608181210222,39.2934773985024 8.53297247277199,39.2948731900289 8.53308375075911,39.2949623647239</coordinates>
            </LinearRing>
          </outerBoundaryIs>
        </Polygon>
      </Placemark>
      <Placemark xmlns="http://www.opengis.net/kml/2.2">
        <styleUrl>#Parti singole_style_map</styleUrl>
        <name>T01261</name>
        <Polygon>
          <outerBoundaryIs>
            <LinearRing>
              <coordinates>8.53692923467305,39.2944912941269 8.53702272595318,39.2946247988414 8.53713286147231,39.2947543239124 8.53731280557268,39.2948560402879 8.53760420087536,39.2949669848187 8.53786836550539,39.2950078976748 8.53794755142548,39.2950035627009 8.53740591012814,39.2946399472764 8.53711324530234,39.2942643809085 8.53691364033792,39.294387095765 8.53692923467305,39.2944912941269</coordinates>
            </LinearRing>
          </outerBoundaryIs>
        </Polygon>
      </Placemark>
      <Placemark xmlns="http://www.opengis.net/kml/2.2">
        <styleUrl>#Parti singole_style_map</styleUrl>
        <name>T01262</name>
        <Polygon>
          <outerBoundaryIs>
            <LinearRing>
              <coordinates>8.53613009894553,39.2935107232758 8.5361625443598,39.2935705483227 8.53622573559158,39.2936385244372 8.53637002680992,39.2937387665676 8.53647794398152,39.293810434939 8.53667163554986,39.2939881039498 8.53686429622404,39.2942888542581 8.53691364033792,39.294387095765 8.53711324530234,39.2942643809085 8.53740591012814,39.2946399472764 8.53794755142548,39.2950035627009 8.53776873222784,39.2944840090938 8.53759462395892,39.2939785125177 8.53732121559385,39.2932095903056 8.53718985498562,39.2932816487502 8.53703623919753,39.2933082407509 8.53610740369796,39.2934670481748 8.53613009894553,39.2935107232758</coordinates>
            </LinearRing>
          </outerBoundaryIs>
        </Polygon>
      </Placemark>
      <Placemark xmlns="http://www.opengis.net/kml/2.2">
        <styleUrl>#Parti singole_style_map</styleUrl>
        <name>T01676</name>
        <Polygon>
          <outerBoundaryIs>
            <LinearRing>
              <coordinates>8.53029175991181,39.293387126213 8.53060939059419,39.2939130002382 8.5312091201049,39.2940251773637 8.53219660015304,39.2931862223217 8.53221568084954,39.2932150701095 8.53227459811464,39.2931928524084 8.53276899534127,39.2931186087683 8.532898306111,39.2930764264663 8.53307396156594,39.2928971615005 8.53337789657332,39.2927241776774 8.53335853935134,39.2926286770442 8.53299873185555,39.2926137172743 8.53255093858778,39.2924917165707 8.53204784378867,39.2923525606699 8.53195637189968,39.2923076890073 8.53190623412871,39.2923854926561 8.53192455141962,39.292393117296 8.53180974161874,39.2925319422479 8.53182996881598,39.2925418272561 8.53179360570265,39.2925971866422 8.53002003278281,39.29293555849 8.53029175991181,39.293387126213</coordinates>
            </LinearRing>
          </outerBoundaryIs>
          <innerBoundaryIs>
            <LinearRing>
              <coordinates>8.53193006165183,39.2926729838292 8.53200632182468,39.2926914651441 8.53197551194293,39.2927922787184 8.53189344236677,39.2927737469766 8.53193006165183,39.2926729838292</coordinates>
            </LinearRing>
          </innerBoundaryIs>
          <innerBoundaryIs>
            <LinearRing>
              <coordinates>8.53291765250531,39.2927252862762 8.53295772867395,39.2927095703694 8.53292327893697,39.2926464564961 8.53299830805889,39.2926146707041 8.53302125008971,39.2926470570347 8.5330649681192,39.2926294814896 8.53310546553642,39.2926916914934 8.53303503835554,39.2927184949039 8.53300729330909,39.2927283042835 8.53293432615509,39.2927516733827 8.53291765250531,39.2927252862762</coordinates>
            </LinearRing>
          </innerBoundaryIs>
        </Polygon>
      </Placemark>
      <Placemark xmlns="http://www.opengis.net/kml/2.2">
        <styleUrl>#Parti singole_style_map</styleUrl>
        <name>T01268</name>
        <Polygon>
          <outerBoundaryIs>
            <LinearRing>
              <coordinates>8.52733618061355,39.2954019247645 8.52740855942577,39.2954839184967 8.52752551516259,39.2955935487217 8.52759393558954,39.2956468813612 8.52771994235768,39.2957212533728 8.52779689607999,39.2957783419377 8.52794705652886,39.2959583356161 8.5279745333618,39.2960163406147 8.5279790216227,39.2960542486637 8.52824893302389,39.2963771232619 8.52836767486539,39.2965320384515 8.52928664170848,39.2965445006927 8.52960373195225,39.2966118043792 8.52975022768838,39.2966594052581 8.52996832512911,39.2965262980843 8.53005852486403,39.296363290151 8.53044882892124,39.2963311211994 8.53052319594519,39.2962482078562 8.53056369353069,39.2961680862658 8.53063646654154,39.2960824451948 8.5308377804849,39.29598228373 8.53102108062966,39.2958809409862 8.53110058963029,39.2958648981118 8.53117758141692,39.2958402758972 8.5313320151375,39.2957826351889 8.53149423496347,39.2957051120623 8.53093255815251,39.2955414407126 8.53049475798777,39.2958964789718 8.53010721334717,39.2962099090735 8.52986998275072,39.2959219970454 8.53072214890132,39.2954392762435 8.53110137695197,39.2952067262936 8.53086714604765,39.2949088535301 8.5312091201049,39.2940251773637 8.53060939059419,39.2939130002382 8.53024067576438,39.2941193069848 8.52935622656669,39.2946158603325 8.52926031344791,39.2946659500259 8.52851547526363,39.2951015549441 8.52812416808983,39.2950992295508 8.52809677828375,39.2950990733988 8.52809659420597,39.2951178418664 8.5278113414564,39.2951130801732 8.52773399976761,39.2948464650511 8.52733454752098,39.295391285546 8.52733618061355,39.2954019247645</coordinates>
            </LinearRing>
          </outerBoundaryIs>
        </Polygon>
      </Placemark>
      <Placemark xmlns="http://www.opengis.net/kml/2.2">
        <styleUrl>#Parti singole_style_map</styleUrl>
        <name>T01269</name>
        <Polygon>
          <outerBoundaryIs>
            <LinearRing>
              <coordinates>8.53204784378867,39.2923525606699 8.53255093858778,39.2924917165707 8.53299873185555,39.2926137172743 8.53335853935134,39.2926286770442 8.53337789657332,39.2927241776774 8.53307396156594,39.2928971615005 8.532898306111,39.2930764264663 8.53276899534127,39.2931186087683 8.5328796855144,39.2933462933164 8.53278209154282,39.2934283129904 8.53244981489189,39.293841108382 8.53265784746077,39.2946347928551 8.53295206722925,39.2948586099484 8.53297678532493,39.2948106012323 8.53304192540127,39.2946932825265 8.53310809410328,39.2945607488937 8.53314850964767,39.2945080815457 8.53324187222151,39.2943667003523 8.53328414096091,39.2943125896728 8.53333684704466,39.2942670990004 8.53340884370983,39.2941386613841 8.5334561707427,39.2939584576225 8.53348305001374,39.2938835155602 8.53350681668384,39.293838972014 8.53356347388825,39.2936891084877 8.53367213179134,39.2935841282741 8.53375895889377,39.2935133100195 8.5338597717809,39.2934406014334 8.53397853816107,39.2933692171602 8.53409810163878,39.2933297247139 8.53433227733492,39.2932173981787 8.53464689809961,39.2931483198061 8.53483576300784,39.2930189700583 8.53485957329531,39.2929694164691 8.53485328707083,39.2929205535061 8.53476284798739,39.2928681822892 8.53462392300139,39.2928092284941 8.53451433672607,39.2927379662111 8.53440973320159,39.2926340330551 8.53419191925217,39.2924354490296 8.53398366781252,39.2921502833209 8.533968287354,39.2920442922657 8.53397929785212,39.2919088068699 8.5340011313168,39.2917587314917 8.53404818621441,39.291601593639 8.5341161467444,39.291490142491 8.5330069162414,39.2919093860359 8.53195637189968,39.2923076890073 8.53204784378867,39.2923525606699</coordinates>
            </LinearRing>
          </outerBoundaryIs>
        </Polygon>
      </Placemark>
      <Placemark xmlns="http://www.opengis.net/kml/2.2">
        <styleUrl>#Parti singole_style_map</styleUrl>
        <name>T01270</name>
        <Polygon>
          <outerBoundaryIs>
            <LinearRing>
              <coordinates>8.53010721334717,39.2962099090735 8.53049475798777,39.2958964789718 8.53093255815251,39.2955414407126 8.53149423496347,39.2957051120623 8.53164481101631,39.2955911387468 8.53176218844553,39.2954976299985 8.53180296908408,39.2954843682366 8.53189542201337,39.2954331001556 8.53204331375952,39.2953859115772 8.53209194050845,39.295361156633 8.53222915480725,39.2952838833138 8.53226235712829,39.295254047337 8.53234698802924,39.2952279682977 8.53238791484462,39.2951996771272 8.53245139877052,39.2951414710831 8.5324673466759,39.2950957609937 8.53254413837773,39.2950609279811 8.53263291464427,39.2950130685882 8.53274649859713,39.2949769595579 8.53285434108828,39.2949340423302 8.5328876736313,39.2949159475933 8.5329344079962,39.2948861927866 8.53295206722925,39.2948586099484 8.53265784746077,39.2946347928551 8.53244981489189,39.293841108382 8.53278209154282,39.2934283129904 8.5328796855144,39.2933462933164 8.53276899534127,39.2931186087683 8.53227459811464,39.2931928524084 8.53221568084954,39.2932150701095 8.53219660015304,39.2931862223217 8.5312091201049,39.2940251773637 8.53086714604765,39.2949088535301 8.53110137695197,39.2952067262936 8.53072214890132,39.2954392762435 8.52986998275072,39.2959219970454 8.53010721334717,39.2962099090735</coordinates>
            </LinearRing>
          </outerBoundaryIs>
        </Polygon>
      </Placemark>
      <Placemark xmlns="http://www.opengis.net/kml/2.2">
        <styleUrl>#Parti singole_style_map</styleUrl>
        <name>T01271</name>
        <Polygon>
          <outerBoundaryIs>
            <LinearRing>
              <coordinates>8.52971958373216,39.2967225632692 8.53009153560027,39.296792168852 8.53021310545246,39.2967399835046 8.53034439718406,39.2966750601579 8.53039301652483,39.296538898066 8.53041193447049,39.2964620233672 8.53047000732124,39.2963549768065 8.53008318007784,39.2963839881193 8.52999133380565,39.2965469713976 8.52971958373216,39.2967225632692</coordinates>
            </LinearRing>
          </outerBoundaryIs>
        </Polygon>
      </Placemark>
      <Placemark xmlns="http://www.opengis.net/kml/2.2">
        <styleUrl>#Parti singole_style_map</styleUrl>
        <name>T01675</name>
        <Polygon>
          <outerBoundaryIs>
            <LinearRing>
              <coordinates>8.52812416808983,39.2950992295508 8.52851547526363,39.2951015549441 8.528600715924,39.2949053146947 8.52856120517412,39.2947949901994 8.52846905838155,39.2947175034813 8.52834552108531,39.2945898261743 8.52812211621595,39.2946365145724 8.52812416808983,39.2950992295508</coordinates>
            </LinearRing>
          </outerBoundaryIs>
        </Polygon>
      </Placemark>
      <Placemark xmlns="http://www.opengis.net/kml/2.2">
        <styleUrl>#Parti singole_style_map</styleUrl>
        <name>T01259</name>
        <Polygon>
          <outerBoundaryIs>
            <LinearRing>
              <coordinates>8.529533183589,39.2975942489166 8.52973589956203,39.2972457432122 8.52975898564783,39.2971734719063 8.52987178067481,39.2970290093046 8.52995992792739,39.2969215619236 8.52970418757343,39.2968189061076 8.52970049719713,39.2970253885345 8.52970082904027,39.2971819230947 8.52963573317986,39.297308773324 8.52952240571295,39.297536041512 8.529533183589,39.2975942489166</coordinates>
            </LinearRing>
          </outerBoundaryIs>
        </Polygon>
      </Placemark>
      <Placemark xmlns="http://www.opengis.net/kml/2.2">
        <styleUrl>#Parti singole_style_map</styleUrl>
        <name>T01263</name>
        <Polygon>
          <outerBoundaryIs>
            <LinearRing>
              <coordinates>8.53531241209672,39.2949205580378 8.53572247671989,39.2948464335664 8.53599072865311,39.294975824709 8.5363037915164,39.2948274958723 8.5361426098825,39.2944855202299 8.53666710577407,39.2940313911818 8.53665337865792,39.294006340916 8.53645959015533,39.2938275451557 8.53620558629027,39.2936535820348 8.53619364484645,39.2936408834489 8.53518231133461,39.2948294810974 8.53531241209672,39.2949205580378</coordinates>
            </LinearRing>
          </outerBoundaryIs>
        </Polygon>
      </Placemark>
      <Placemark xmlns="http://www.opengis.net/kml/2.2">
        <styleUrl>#Parti singole_style_map</styleUrl>
        <name>T01680</name>
        <Polygon>
          <outerBoundaryIs>
            <LinearRing>
              <coordinates>8.52813846460917,39.2945523041286 8.52833642307621,39.2944025476583 8.52819029622338,39.294307775654 8.52800771783463,39.2944673888707 8.52813846460917,39.2945523041286</coordinates>
            </LinearRing>
          </outerBoundaryIs>
        </Polygon>
      </Placemark>
      <Placemark xmlns="http://www.opengis.net/kml/2.2">
        <styleUrl>#Parti singole_style_map</styleUrl>
        <name>T01677</name>
        <Polygon>
          <outerBoundaryIs>
            <LinearRing>
              <coordinates>8.53189344236677,39.2927737469766 8.53197551194293,39.2927922787184 8.53200632182468,39.2926914651441 8.53193006165183,39.2926729838292 8.53189344236677,39.2927737469766</coordinates>
            </LinearRing>
          </outerBoundaryIs>
        </Polygon>
      </Placemark>
      <Placemark xmlns="http://www.opengis.net/kml/2.2">
        <styleUrl>#Parti singole_style_map</styleUrl>
        <name>T01679</name>
        <Polygon>
          <outerBoundaryIs>
            <LinearRing>
              <coordinates>8.5285429399206,39.2943960230312 8.52854391921586,39.2944056143482 8.52857674234705,39.2944687319115 8.52894183090486,39.2942836719389 8.52889780596221,39.2942066507112 8.52871207537235,39.294229704642 8.52853242151593,39.2942924388438 8.5285429399206,39.2943960230312</coordinates>
            </LinearRing>
          </outerBoundaryIs>
        </Polygon>
      </Placemark>
      <Placemark xmlns="http://www.opengis.net/kml/2.2">
        <styleUrl>#Parti singole_style_map</styleUrl>
        <name>T03392</name>
        <Polygon>
          <outerBoundaryIs>
            <LinearRing>
              <coordinates>8.52697655815334,39.2927315128862 8.52769757824344,39.2928592489967 8.52778137064053,39.2930491465564 8.52724451894523,39.2932692954574 8.52742593195465,39.2936687995693 8.52790148522928,39.293918469583 8.52797013654845,39.2940563139895 8.52822627773722,39.2940646155674 8.5282974304278,39.2939975944056 8.52831716032782,39.294010721845 8.52832573576405,39.2940029533759 8.52836191242691,39.2939758788192 8.52840772934753,39.2939326962151 8.52979478849987,39.293072628706 8.53002003278281,39.29293555849 8.53179360570265,39.2925971866422 8.53182996881598,39.2925418272561 8.53180974161874,39.2925319422479 8.53192455141962,39.292393117296 8.53190623412871,39.2923854926561 8.53195637189968,39.2923076890073 8.5330069162414,39.2919093860359 8.5341161467444,39.291490142491 8.53417495718317,39.2914155263334 8.5342678159432,39.291322962034 8.53429716121524,39.291297299973 8.53437422424009,39.2911385430317 8.53452059199066,39.2905462264763 8.53465797038154,39.2899854561295 8.53480329626291,39.2893991450454 8.53500101461485,39.2886138441138 8.53515758041604,39.287982226623 8.53515943889433,39.2879747281542 8.53347849853608,39.2880663424131 8.53304676705314,39.2880860378005 8.53250608137085,39.2881203326507 8.53216648022689,39.2882470723359 8.53148507825053,39.2885047027929 8.53041053083423,39.2895009969947 8.53011638568107,39.2899623001996 8.52893921376035,39.2918259115505 8.52893488911922,39.2918327331384 8.52880997789207,39.2920332553417 8.5287247080138,39.2921255756821 8.528457134854,39.292344369824 8.52812946386489,39.2925553416277 8.52779167348057,39.2926239749522 8.52752341542707,39.2926456197334 8.52706761187782,39.2926865323719 8.52697655815334,39.2927315128862</coordinates>
            </LinearRing>
          </outerBoundaryIs>
        </Polygon>
      </Placemark>
      <Placemark xmlns="http://www.opengis.net/kml/2.2">
        <styleUrl>#Parti singole_style_map</styleUrl>
        <name>T01678</name>
        <Polygon>
          <outerBoundaryIs>
            <LinearRing>
              <coordinates>8.52926031344791,39.2946659500259 8.52935622656669,39.2946158603325 8.52929192036528,39.2945420821431 8.52919702564351,39.2945959513745 8.52926031344791,39.2946659500259</coordinates>
            </LinearRing>
          </outerBoundaryIs>
        </Polygon>
      </Placemark>
      <Placemark xmlns="http://www.opengis.net/kml/2.2">
        <styleUrl>#Parti singole_style_map</styleUrl>
        <name>T01265</name>
        <Polygon>
          <outerBoundaryIs>
            <LinearRing>
              <coordinates>8.52664832810207,39.291768279996 8.52709887868448,39.2922432805216 8.52738109106318,39.2921673500591 8.52743383324069,39.2922754039911 8.52769612685026,39.2922903815888 8.52796364894115,39.2921502611434 8.52809077260834,39.2916812038443 8.52770583694734,39.2913290636629 8.52769710412939,39.2914516904645 8.52749559786402,39.2915420692353 8.52728716425991,39.2915813560426 8.52710610803726,39.2916361890382 8.52689457403411,39.2916949796488 8.52664832810207,39.291768279996</coordinates>
            </LinearRing>
          </outerBoundaryIs>
        </Polygon>
      </Placemark>
    </Folder>
  </Document>
</kml>

