<?xml version="1.0" encoding="UTF-8"?>
<kml xmlns="http://www.opengis.net/kml/2.2">
  <Document xmlns="">
    <Folder>
      <name>Patrimonio IGEA</name>
      <Placemark xmlns="http://www.opengis.net/kml/2.2">
        <styleUrl>#Parti singole_style_map</styleUrl>
        <name>F02041</name>
        <Polygon>
          <outerBoundaryIs>
            <LinearRing>
              <coordinates>8.99905982388224,40.2455780783235 8.99921639155063,40.2456996777778 8.99917766296364,40.2457298493528 8.99922263350831,40.2457646345039 8.99926156195823,40.2457349944614 8.99927746920434,40.2457468597889 8.99936664825779,40.2456794083654 8.99915010811573,40.2455097171433 8.99905982388224,40.2455780783235</coordinates>
            </LinearRing>
          </outerBoundaryIs>
        </Polygon>
      </Placemark>
      <Placemark xmlns="http://www.opengis.net/kml/2.2">
        <styleUrl>#Parti singole_style_map</styleUrl>
        <name>T00299</name>
        <Polygon>
          <outerBoundaryIs>
            <LinearRing>
              <coordinates>9.0162523557982,40.269591820732 9.01634983066318,40.2697302337981 9.01650497924169,40.269949595494 9.01660039931886,40.2699014189166 9.01666115973764,40.2698579409446 9.016730575959,40.2698125697826 9.01695115431598,40.2696944817042 9.0170952894623,40.2696003958046 9.01732708999259,40.2694482235445 9.0174216110039,40.2693844334583 9.01751973563197,40.2692933088192 9.01759298244777,40.2691920704601 9.01765283361957,40.2690931223944 9.01778959374234,40.2688673581113 9.01782705156016,40.2687243943195 9.01786824705713,40.2685729072337 9.01791573442531,40.2684209326777 9.01795811562409,40.2683079507391 9.01798310503143,40.2682516123414 9.01804785231354,40.2680812202658 9.01812365276045,40.2679487282053 9.01823066445626,40.2677635634262 9.01831644510929,40.2676154567266 9.01834519271782,40.2674967829229 9.01838283499215,40.2673470619795 9.01845369755933,40.2672264355878 9.01851333343328,40.2671251807187 9.01856176890975,40.2670532705851 9.01820015962986,40.267103904609 9.01796268166854,40.2671387705864 9.01789985718249,40.2671466992221 9.01769797217358,40.267200604732 9.01744657650142,40.2672663463048 9.01722661548978,40.267325118633 9.01695569756224,40.2673980963788 9.01688418381749,40.2674159358418 9.01671530288062,40.267928214603 9.01665036894755,40.2681183000995 9.01657009743548,40.2683543707142 9.01649918090344,40.2685638898165 9.01646020613631,40.2686696633739 9.0165138208731,40.2688001362938 9.01653476951013,40.2688580265515 9.01659556300707,40.2690058411545 9.01661042413815,40.2690832101614 9.0165725886609,40.2691830194905 9.01651132666898,40.2692416870181 9.01643739633189,40.2692945002871 9.01627543398177,40.2694018944269 9.01615227708846,40.2694824716438 9.0162523557982,40.269591820732</coordinates>
            </LinearRing>
          </outerBoundaryIs>
        </Polygon>
      </Placemark>
      <Placemark xmlns="http://www.opengis.net/kml/2.2">
        <styleUrl>#Parti singole_style_map</styleUrl>
        <name>T00286</name>
        <Polygon>
          <outerBoundaryIs>
            <LinearRing>
              <coordinates>9.00968530593267,40.2784636179576 9.00984457557253,40.2786390500772 9.00991531920423,40.2787355327334 9.00999427544754,40.2788455014254 9.01009938609636,40.278991711852 9.01034385646834,40.2788430303085 9.01063555218278,40.2786844880028 9.01073332653971,40.2786168652752 9.01098549460856,40.2784412441833 9.01079032997203,40.2782382397215 9.0106371191818,40.2780795474392 9.01056398994927,40.2780002189323 9.01050484962102,40.2779399345929 9.01034867667324,40.2780259049121 9.01026051050901,40.2780767153412 9.01015527840639,40.2781411760793 9.01002956902048,40.2782191071805 9.00991050726359,40.2783108126554 9.0098394785709,40.2783598915804 9.00972203815261,40.2784412451612 9.00968530593267,40.2784636179576</coordinates>
            </LinearRing>
          </outerBoundaryIs>
        </Polygon>
      </Placemark>
      <Placemark xmlns="http://www.opengis.net/kml/2.2">
        <styleUrl>#Parti singole_style_map</styleUrl>
        <name>T03516</name>
        <Polygon>
          <outerBoundaryIs>
            <LinearRing>
              <coordinates>9.0172639641654,40.2734045805199 9.01436828916436,40.2736400384655 9.01431901173527,40.2737119617526 9.0142941660032,40.2737479204731 9.01421602270181,40.2738226341597 9.01410657492735,40.2739281449676 9.01398748352724,40.2740416389587 9.01383463556379,40.2741601819129 9.01371191293852,40.2742348373708 9.0136162751052,40.2742937775512 9.01351087869935,40.2743741336329 9.01346249829136,40.2744204734423 9.01334687488858,40.2745345159332 9.01317192318983,40.2747132869879 9.01310712631549,40.2747810163045 9.01299792464817,40.2748992560197 9.01287366194413,40.2749903435288 9.01281907194109,40.275046152405 9.0127570372104,40.2751066828734 9.0127111144222,40.2751549230408 9.0123821318919,40.2753975393974 9.01237033590595,40.275406558831 9.01271200907725,40.2752882230691 9.0129373716931,40.2752107827435 9.01311849881061,40.2751484192545 9.01339076512755,40.2750544319725 9.01377940918109,40.2749166098626 9.01384748414711,40.2748928897339 9.01405165279534,40.2748358465311 9.01429504565293,40.2747673926034 9.01449295653726,40.274712592665 9.0147128972047,40.2747670262177 9.01494393790753,40.2748583956762 9.01524025520768,40.2748226725149 9.01547922188832,40.2747964878351 9.01585516776644,40.274757013851 9.01624022894405,40.2747177536157 9.01664219101238,40.2746747328855 9.01704582279545,40.2746317015088 9.01735833429399,40.2745952048044 9.01736309852397,40.2745974293772 9.01740728666192,40.2744477980651 9.01747729097021,40.2741990887278 9.01752470862738,40.2740315105528 9.01771399485884,40.2740753301102 9.01789338967129,40.2741200788044 9.01800017889644,40.2741706041984 9.01816339869664,40.2742503737038 9.01830062386028,40.2743272730752 9.01855563011146,40.2744728670028 9.01867703334476,40.2745396240509 9.018719202685,40.2745036976843 9.01880749822353,40.2743200671132 9.01881282461172,40.2742267129184 9.01877955466969,40.2741584825254 9.01871788398083,40.2740636884943 9.01868462889047,40.2739626735839 9.01867494414729,40.2738584836953 9.0186639784678,40.2737583481476 9.0186396603982,40.2735613207339 9.01863012888595,40.2734141569128 9.01868611708142,40.2732882714777 9.01865888834946,40.2732451217035 9.01856482538387,40.2732343795492 9.01848789120285,40.2732363826591 9.01833407257439,40.2732505871355 9.0181396566112,40.2732834827385 9.01801280082636,40.2733156830301 9.01780988818263,40.2733321646065 9.01752394989013,40.273356478158 9.01740234822064,40.2733765416044 9.0172639641654,40.2734045805199</coordinates>
            </LinearRing>
          </outerBoundaryIs>
        </Polygon>
      </Placemark>
      <Placemark xmlns="http://www.opengis.net/kml/2.2">
        <styleUrl>#Parti singole_style_map</styleUrl>
        <name>T03517</name>
        <Polygon>
          <outerBoundaryIs>
            <LinearRing>
              <coordinates>9.01436828916436,40.2736400384655 9.0172639641654,40.2734045805199 9.01713510028741,40.2731666752266 9.01704091497825,40.2729916400186 9.01703178886982,40.2729961549445 9.01673875274839,40.2730908384669 9.01654926696446,40.2731332083828 9.01628551953394,40.273189588532 9.01618764959701,40.2731935840254 9.01600188398419,40.273202411272 9.01586265521214,40.2732408092103 9.01554362243846,40.273335114795 9.01522121385483,40.273432879466 9.01485602874596,40.2735432524771 9.01443239842676,40.2735464669902 9.01436828916436,40.2736400384655</coordinates>
            </LinearRing>
          </outerBoundaryIs>
        </Polygon>
      </Placemark>
      <Placemark xmlns="http://www.opengis.net/kml/2.2">
        <styleUrl>#Parti singole_style_map</styleUrl>
        <name>T00291</name>
        <Polygon>
          <outerBoundaryIs>
            <LinearRing>
              <coordinates>9.01736309852397,40.2745974293772 9.01749686179469,40.2746600235946 9.01767610879254,40.274627005221 9.01795819109151,40.2746807115649 9.01812180093757,40.2747632198595 9.01837711983833,40.2748855073199 9.0186374509517,40.27500996464 9.01869749851986,40.2747102821032 9.01867703334476,40.2745396240509 9.01855563011146,40.2744728670028 9.01830062386028,40.2743272730752 9.01816339869664,40.2742503737038 9.01800017889644,40.2741706041984 9.01789338967129,40.2741200788044 9.01771399485884,40.2740753301102 9.01752470862738,40.2740315105528 9.01747729097021,40.2741990887278 9.01740728666192,40.2744477980651 9.01736309852397,40.2745974293772</coordinates>
            </LinearRing>
          </outerBoundaryIs>
        </Polygon>
      </Placemark>
      <Placemark xmlns="http://www.opengis.net/kml/2.2">
        <styleUrl>#Parti singole_style_map</styleUrl>
        <name>T00292</name>
        <Polygon>
          <outerBoundaryIs>
            <LinearRing>
              <coordinates>9.0186396603982,40.2735613207339 9.0186639784678,40.2737583481476 9.01867494414729,40.2738584836953 9.01868462889047,40.2739626735839 9.01871788398083,40.2740636884943 9.01877955466969,40.2741584825254 9.01881282461172,40.2742267129184 9.01880749822353,40.2743200671132 9.018719202685,40.2745036976843 9.01867703334476,40.2745396240509 9.01869749851986,40.2747102821032 9.0186374509517,40.27500996464 9.01901877738409,40.2750346700815 9.01937874388956,40.2750594318336 9.01960419341854,40.2749861587759 9.01983010148138,40.2749139122497 9.02006988673272,40.2748357258559 9.02007250012337,40.2747217049671 9.02007387404618,40.2746329280681 9.02010108185079,40.2745181822465 9.0201599092961,40.2744142330432 9.0201661780573,40.2742513996651 9.02022310196183,40.2739943033297 9.02026918252216,40.2738230845364 9.02031416670544,40.2736441089854 9.02033794041974,40.2734934890356 9.02036186087502,40.2733223010414 9.02030223221719,40.2732570216374 9.02037254867054,40.2731098621844 9.01995601705717,40.2731653130337 9.01966500365432,40.2732056781264 9.01961795705355,40.2732094067653 9.01947148024645,40.2732310261061 9.01927621617534,40.2732572569484 9.01917677381023,40.2732742104608 9.01899476442756,40.2732976368101 9.01868611708142,40.2732882714777 9.01863012888595,40.2734141569128 9.0186396603982,40.2735613207339</coordinates>
            </LinearRing>
          </outerBoundaryIs>
        </Polygon>
      </Placemark>
      <Placemark xmlns="http://www.opengis.net/kml/2.2">
        <styleUrl>#Parti singole_style_map</styleUrl>
        <name>T00293</name>
        <Polygon>
          <outerBoundaryIs>
            <LinearRing>
              <coordinates>9.01486413657472,40.2718541068012 9.01524607728511,40.2719781150631 9.01555649099755,40.2720782030268 9.01563168880489,40.2721010404726 9.01577721542134,40.2721476257957 9.01585072714404,40.2720484606711 9.01587280950704,40.2719701136665 9.01589168265694,40.2718995420314 9.01594948757362,40.2717806037407 9.01603092548198,40.2716791941352 9.01602337312907,40.2715712558649 9.01601985302481,40.2714036040297 9.01585603059787,40.2713736794786 9.01547811465916,40.2713026197959 9.01515004689697,40.2712400121636 9.01508916619469,40.2713355805771 9.0150034531745,40.2714699547512 9.01495839831799,40.271597458723 9.01491097121919,40.2717426120062 9.01486413657472,40.2718541068012</coordinates>
            </LinearRing>
          </outerBoundaryIs>
        </Polygon>
      </Placemark>
      <Placemark xmlns="http://www.opengis.net/kml/2.2">
        <styleUrl>#Parti singole_style_map</styleUrl>
        <name>T00294</name>
        <Polygon>
          <outerBoundaryIs>
            <LinearRing>
              <coordinates>9.01589168265694,40.2718995420314 9.01623186535515,40.2719975610781 9.01655660393905,40.2720873829089 9.0166592682299,40.2721206755267 9.01689672257916,40.272204337355 9.01711447106255,40.2723133354325 9.01695447498883,40.2724542354132 9.0168588702623,40.2725791166522 9.01682068618744,40.2726059695175 9.01670758084824,40.2726880323696 9.01658583971541,40.272809565643 9.01651015846972,40.272885226512 9.01637847603716,40.2729991121362 9.01635393888545,40.2730410984177 9.01630729683673,40.2731149893306 9.01628551953394,40.273189588532 9.01654926696446,40.2731332083828 9.01673875274839,40.2730908384669 9.01703178886982,40.2729961549445 9.01704091497825,40.2729916400186 9.01715410918815,40.272935595412 9.01726439834629,40.272880812407 9.01741924170151,40.2728279867442 9.01763639874601,40.2727739894014 9.01788935600408,40.2727104905329 9.01780192699106,40.2725143283232 9.01772165454473,40.2723373725914 9.0176463877523,40.2722321473389 9.017577297064,40.2721307230014 9.01743008224594,40.2720639415536 9.01718603826464,40.2719685247633 9.01700148013166,40.2718989283101 9.01681219905082,40.271849422761 9.01666332204612,40.271810163693 9.01637121048719,40.2717161123309 9.01620167394197,40.271698846995 9.01603092548198,40.2716791941352 9.01594948757362,40.2717806037407 9.01589168265694,40.2718995420314</coordinates>
            </LinearRing>
          </outerBoundaryIs>
        </Polygon>
      </Placemark>
      <Placemark xmlns="http://www.opengis.net/kml/2.2">
        <styleUrl>#Parti singole_style_map</styleUrl>
        <name>T00295</name>
        <Polygon>
          <outerBoundaryIs>
            <LinearRing>
              <coordinates>9.01713510028741,40.2731666752266 9.0172639641654,40.2734045805199 9.01740234822064,40.2733765416044 9.01752394989013,40.273356478158 9.01780988818263,40.2733321646065 9.01801280082636,40.2733156830301 9.0181396566112,40.2732834827385 9.01810521636004,40.2731883958855 9.01803279658282,40.2728655711711 9.01799159545114,40.2726868798974 9.01799101846911,40.2726843664174 9.01788935600408,40.2727104905329 9.01763639874601,40.2727739894014 9.01741924170151,40.2728279867442 9.01726439834629,40.272880812407 9.01715410918815,40.272935595412 9.01704091497825,40.2729916400186 9.01713510028741,40.2731666752266</coordinates>
            </LinearRing>
          </outerBoundaryIs>
        </Polygon>
      </Placemark>
      <Placemark xmlns="http://www.opengis.net/kml/2.2">
        <styleUrl>#Parti singole_style_map</styleUrl>
        <name>T00296</name>
        <Polygon>
          <outerBoundaryIs>
            <LinearRing>
              <coordinates>9.01602337312907,40.2715712558649 9.01603092548198,40.2716791941352 9.01620167394197,40.271698846995 9.01637121048719,40.2717161123309 9.01666332204612,40.271810163693 9.01681219905082,40.271849422761 9.01700148013166,40.2718989283101 9.01718603826464,40.2719685247633 9.01743008224594,40.2720639415536 9.017577297064,40.2721307230014 9.0176463877523,40.2722321473389 9.01772165454473,40.2723373725914 9.01780192699106,40.2725143283232 9.01788935600408,40.2727104905329 9.01799101846911,40.2726843664174 9.01799159545114,40.2726868798974 9.01819195953325,40.272647415914 9.01843599565944,40.2725662952201 9.01865075884381,40.2724953320136 9.01878626080808,40.2723878757579 9.01899703265837,40.2722196671875 9.01916698733538,40.2720831682605 9.01897018554345,40.2720231357043 9.01877436020072,40.2719626612063 9.01858295803915,40.2719038163459 9.01851272129721,40.2718750249546 9.01834977912362,40.271802075834 9.01815341746669,40.2717101942759 9.01815531040375,40.2717075632969 9.01802183661784,40.271652636598 9.01797577257728,40.2716316791969 9.01781878483872,40.2715660799309 9.01764775352587,40.2715908989385 9.01744261469092,40.2716211102374 9.01711537732634,40.2716007882604 9.01711134713503,40.2715695269001 9.01688644287506,40.2715279817486 9.01671842083615,40.2714979238807 9.01649938609753,40.2714563771467 9.01632016656833,40.2714229598271 9.0161901163617,40.2714138153253 9.01601985302481,40.2714036040297 9.01602337312907,40.2715712558649</coordinates>
            </LinearRing>
          </outerBoundaryIs>
        </Polygon>
      </Placemark>
      <Placemark xmlns="http://www.opengis.net/kml/2.2">
        <styleUrl>#Parti singole_style_map</styleUrl>
        <name>T00297</name>
        <Polygon>
          <outerBoundaryIs>
            <LinearRing>
              <coordinates>9.01856482538387,40.2732343795492 9.01865888834946,40.2732451217035 9.01880779763484,40.2730843198232 9.01895066181744,40.2729279062001 9.01911604290498,40.2727484702337 9.01925494107249,40.2726312018603 9.01948202139884,40.2724462506484 9.019653480054,40.2723058137414 9.01976136852325,40.2722159829448 9.01957040445743,40.2721729778291 9.01930160886339,40.2721141469801 9.01916698733538,40.2720831682605 9.01899703265837,40.2722196671875 9.01878626080808,40.2723878757579 9.01865075884381,40.2724953320136 9.01863178587752,40.272665726088 9.0186114769537,40.2728546793246 9.01859257122732,40.2730134064529 9.01856482538387,40.2732343795492</coordinates>
            </LinearRing>
          </outerBoundaryIs>
        </Polygon>
      </Placemark>
      <Placemark xmlns="http://www.opengis.net/kml/2.2">
        <styleUrl>#Parti singole_style_map</styleUrl>
        <name>T00298</name>
        <Polygon>
          <outerBoundaryIs>
            <LinearRing>
              <coordinates>9.01515004689697,40.2712400121636 9.01547811465916,40.2713026197959 9.01585603059787,40.2713736794786 9.01601985302481,40.2714036040297 9.0161901163617,40.2714138153253 9.01632016656833,40.2714229598271 9.01649938609753,40.2714563771467 9.01671842083615,40.2714979238807 9.01688644287506,40.2715279817486 9.01711134713503,40.2715695269001 9.01711537732634,40.2716007882604 9.01744261469092,40.2716211102374 9.01764775352587,40.2715908989385 9.01781878483872,40.2715660799309 9.01797577257728,40.2716316791969 9.01802183661784,40.271652636598 9.01815531040375,40.2717075632969 9.01829594008794,40.2715126904891 9.0183526311029,40.2714683023418 9.018445023406,40.2713981062273 9.01848197881517,40.2712676020968 9.01847634360351,40.2711741234551 9.01836522206967,40.2710031370482 9.01824685191479,40.2709059100259 9.0181167654976,40.2708004682823 9.0179541021245,40.2707025089893 9.01783937874215,40.2706494441242 9.01769523705901,40.2705843832908 9.01743985566925,40.2704717791409 9.01741293034513,40.2704582963277 9.01737314663144,40.2704322385454 9.01719490723033,40.2703106132789 9.01700863475483,40.2701862050457 9.0168319498854,40.270067597076 9.01668453262569,40.2699687599216 9.01662839561361,40.269919370337 9.01651973319058,40.2699715128386 9.01644665304771,40.2699922532071 9.01624052521292,40.2700499225868 9.01591814320192,40.2701398692582 9.01569343217859,40.2702006843721 9.01562059453539,40.2703083450224 9.01550860560168,40.2704810392154 9.01541164779098,40.2706561277901 9.01531035037232,40.2708352439545 9.01524990865851,40.2709455154278 9.01519748460015,40.2710935073875 9.01515004689697,40.2712400121636</coordinates>
            </LinearRing>
          </outerBoundaryIs>
        </Polygon>
      </Placemark>
      <Placemark xmlns="http://www.opengis.net/kml/2.2">
        <styleUrl>#Parti singole_style_map</styleUrl>
        <name>T00283</name>
        <Polygon>
          <outerBoundaryIs>
            <LinearRing>
              <coordinates>9.00800254636022,40.27894164303 9.00820362175339,40.2792491674267 9.00830855302068,40.2791969249634 9.00839531130707,40.2791525306752 9.00866086735113,40.27902191466 9.00884094655583,40.2789327376113 9.00901201363478,40.2788335337215 9.00922896356083,40.2787066227973 9.00947615419834,40.2785740963575 9.00968530593267,40.2784636179576 9.00972203815261,40.2784412451612 9.0098394785709,40.2783598915804 9.00991050726359,40.2783108126554 9.00972067757082,40.2782136009268 9.00949305187178,40.2780956887422 9.00938159778821,40.2779927494038 9.00931738847286,40.277930149489 9.0092692144788,40.2778874586277 9.00909293049015,40.2777355139525 9.00891197313465,40.2778290248999 9.00880646451879,40.2779472603246 9.00875038096113,40.2780519152208 9.00868692376642,40.2781712015521 9.00861361961632,40.2782800198638 9.00854142145445,40.278393144444 9.00843078487526,40.2785295063771 9.00826781077322,40.2787315758449 9.00812984662533,40.2788569211012 9.00800254636022,40.27894164303</coordinates>
            </LinearRing>
          </outerBoundaryIs>
        </Polygon>
      </Placemark>
      <Placemark xmlns="http://www.opengis.net/kml/2.2">
        <styleUrl>#Parti singole_style_map</styleUrl>
        <name>T03518</name>
        <Polygon>
          <outerBoundaryIs>
            <LinearRing>
              <coordinates>9.01662107103325,40.2699308040516 9.01693410081206,40.2701298000833 9.01711881980407,40.2702514248174 9.01734293518578,40.2703999179459 9.01788350728028,40.2706474914624 9.01805299314369,40.2707495219744 9.01819997370453,40.2708732949236 9.01828653469947,40.2709483012129 9.01840787833169,40.2711252952442 9.01841491960674,40.2711991155826 9.01838511654863,40.2713348799559 9.01830544824942,40.2713972270327 9.01823191895969,40.2714580325319 9.01808340824426,40.2716503838933 9.01850558416665,40.2718392865566 9.01876094061451,40.2719211489235 9.01909326001365,40.272022917646 9.0197106362592,40.2721611434 9.01999856699341,40.272213897849 9.02048288371565,40.2723048887024 9.02045800415151,40.2719356057201 9.02043657208509,40.2716892797486 9.02041510444711,40.2714812789305 9.02046354227241,40.2712149764151 9.02048777693861,40.2710759331215 9.02051754287839,40.2709485377604 9.02055710305262,40.2707715630145 9.02059340271222,40.2705865886437 9.02058946237249,40.2703883417244 9.02057541848916,40.2703068378773 9.02056352008688,40.2702417123925 9.02056506600369,40.2701405116911 9.02059361836748,40.2698103732789 9.02059921525911,40.2697264154863 9.0206383100973,40.2694908899082 9.02065777523686,40.2693736316407 9.0205281782455,40.2691367931755 9.0205058069603,40.2690922104939 9.02049103792761,40.2690627799761 9.02048500142935,40.2690340480504 9.01968390065641,40.2690174765613 9.01764229875272,40.26901888983 9.01763467621716,40.269031729755 9.01755531627284,40.2691654088024 9.01749621397904,40.2692499509799 9.01737069337933,40.2693718100419 9.01708173142366,40.2695637122659 9.01689045333889,40.2696908867063 9.01669930868951,40.2697890331391 9.01656812127518,40.2698808013635 9.01662107103325,40.2699308040516</coordinates>
            </LinearRing>
          </outerBoundaryIs>
        </Polygon>
      </Placemark>
      <Placemark xmlns="http://www.opengis.net/kml/2.2">
        <styleUrl>#Parti singole_style_map</styleUrl>
        <name>T03531</name>
        <Polygon>
          <outerBoundaryIs>
            <LinearRing>
              <coordinates>9.01764229875272,40.26901888983 9.01968390065641,40.2690174765613 9.02048500142935,40.2690340480504 9.02047791745418,40.2690003304163 9.02043489333365,40.26879563963 9.02043857157596,40.2685468226245 9.02043901995865,40.26851198393 9.02043975544245,40.2684537212381 9.02047274636622,40.2682984597823 9.02048493738958,40.2682412221467 9.02050576076022,40.2681435316495 9.02053945435559,40.2679792247959 9.0205431889559,40.2679610525655 9.02058226119258,40.2678498630673 9.02062434154706,40.2677300872483 9.02063844066073,40.2676830476845 9.02065286874111,40.2676349359648 9.02066864731023,40.2675801391706 9.02068591664467,40.267515828384 9.02071548688289,40.2674482360782 9.02071131401203,40.2673380181101 9.02069918409635,40.2672839559592 9.02063868818851,40.267015284828 9.02077018417694,40.2667738598518 9.02080836160608,40.2667019505822 9.02098436836554,40.2665686640765 9.02125510859852,40.2663634396824 9.02119623438848,40.2662484386721 9.02118585522208,40.2662281517903 9.02114999567795,40.2661091285006 9.021111474694,40.2659781414378 9.02106104572368,40.2657876776546 9.02105883217197,40.2657792994809 9.02105455625155,40.2657183438984 9.02105157223248,40.2656515681314 9.0210220733534,40.2655634722882 9.02094713783801,40.2653404715281 9.02090689901743,40.2652429809488 9.02088315071964,40.2651915605598 9.02084492722653,40.2651076645056 9.02081991005845,40.265060127299 9.02081432062886,40.2650495334492 9.02079590383609,40.2649718682521 9.02078383558754,40.2649261486111 9.02077725400737,40.2649012933452 9.02073544547339,40.2648227493574 9.02067223579801,40.2647141723841 9.02061613927263,40.2645590885534 9.02059950853181,40.2645145498958 9.02053773185377,40.264358728259 9.02050479212492,40.2642831376572 9.02045824797362,40.2641753594752 9.02041630878519,40.2640896800847 9.02033758494695,40.2638492557021 9.02003439301191,40.2642559656941 9.01990506590642,40.2644659474067 9.01983189795332,40.2646483873672 9.01979663806572,40.2648053969075 9.01972510684196,40.2650384773175 9.01962251676052,40.2652343908239 9.01945675021918,40.2655625519342 9.01935876755249,40.2657542300979 9.01914151101794,40.2660853181534 9.0189435798699,40.2663902759609 9.01882324758835,40.2666629050127 9.01879071263116,40.2667324973618 9.01865776561571,40.2668959455824 9.0185236763508,40.2670563757387 9.01844428697973,40.2671752196854 9.01835008333922,40.2673119221377 9.01827741343537,40.2675818944521 9.01816190251974,40.2677806014329 9.01800730718851,40.268062496305 9.01787127229627,40.2684006686894 9.01780172502254,40.2686598831848 9.01775339552392,40.26883175015 9.01764229875272,40.26901888983</coordinates>
            </LinearRing>
          </outerBoundaryIs>
        </Polygon>
      </Placemark>
      <Placemark xmlns="http://www.opengis.net/kml/2.2">
        <styleUrl>#Parti singole_style_map</styleUrl>
        <name>T03519</name>
        <Polygon>
          <outerBoundaryIs>
            <LinearRing>
              <coordinates>9.02508832658631,40.2700034594342 9.02538174972018,40.2700692807048 9.02586705187235,40.2701750780009 9.02650366726635,40.2701312953374 9.02726521790034,40.2700748492842 9.02788130928591,40.2700635780423 9.02793509918473,40.2700762682214 9.02815280899535,40.2701216405689 9.02840888737164,40.2701733727234 9.02846849642869,40.2700653648864 9.02790219589756,40.269943687542 9.02705544192791,40.2699548231385 9.02587844157119,40.2700310272648 9.02517446341432,40.2698654920016 9.02508832658631,40.2700034594342</coordinates>
            </LinearRing>
          </outerBoundaryIs>
        </Polygon>
      </Placemark>
      <Placemark xmlns="http://www.opengis.net/kml/2.2">
        <styleUrl>#Parti singole_style_map</styleUrl>
        <name>T03532</name>
        <Polygon>
          <outerBoundaryIs>
            <LinearRing>
              <coordinates>9.02517446341432,40.2698654920016 9.02587844157119,40.2700310272648 9.02705544192791,40.2699548231385 9.02790219589756,40.269943687542 9.02846849642869,40.2700653648864 9.02852416820316,40.2699644932677 9.02858705561822,40.2698783138794 9.02870526916401,40.2697100650478 9.02878620761319,40.2695627085981 9.02883974234046,40.2694722970353 9.02888019831972,40.2693816634399 9.02891166741081,40.2693161587307 9.02851690435162,40.2692098927253 9.02826106831502,40.269195458869 9.0280923854853,40.2691870938209 9.02792202538103,40.2691899093552 9.02790945172927,40.2691876690559 9.02750232943936,40.2691977925042 9.02665956396768,40.2692191767491 9.02630202603462,40.2692277441212 9.02592151086299,40.2691852152307 9.02563267836436,40.2691522509027 9.0255620572589,40.2692607281738 9.02547061968842,40.2694041836677 9.0252841694037,40.2696950502407 9.02519004994135,40.2698408664923 9.02517446341432,40.2698654920016</coordinates>
            </LinearRing>
          </outerBoundaryIs>
        </Polygon>
      </Placemark>
      <Placemark xmlns="http://www.opengis.net/kml/2.2">
        <styleUrl>#Parti singole_style_map</styleUrl>
        <name>T03520</name>
        <Polygon>
          <outerBoundaryIs>
            <LinearRing>
              <coordinates>9.02046506643469,40.2720404303562 9.02550205438335,40.2718886282239 9.02551234555075,40.2717138470387 9.02546358291398,40.271494366351 9.0255600340771,40.2713200983383 9.02557028906368,40.27131708703 9.02571053793131,40.2712324869763 9.02557887320679,40.2711855237228 9.02540578455914,40.271138821549 9.0252447564659,40.2710408361204 9.0250276983592,40.2709467453902 9.02494017929215,40.2709099073472 9.02478910834393,40.2708931551826 9.02456303832132,40.2708876440012 9.02436029954434,40.2711047990908 9.02423896104204,40.2712539806089 9.02407946856957,40.2714402697318 9.02394906005546,40.2715877951022 9.02371905007047,40.2714867764861 9.02346949082547,40.2713793918077 9.02335424175842,40.2712488263218 9.02330257107862,40.2712426742794 9.02287573429547,40.2711438460325 9.02286335877333,40.2711367131481 9.02267533593994,40.2710930188674 9.0223588320217,40.2710184111591 9.02199315009271,40.2709688573814 9.0217220475252,40.2709334745294 9.02099710725996,40.2708325047499 9.02055710305262,40.2707715630145 9.02051754287839,40.2709485377604 9.02048777693861,40.2710759331215 9.02046354227241,40.2712149764151 9.02041510444711,40.2714812789305 9.02043657208509,40.2716892797486 9.02045800415151,40.2719356057201 9.02046506643469,40.2720404303562</coordinates>
            </LinearRing>
          </outerBoundaryIs>
        </Polygon>
      </Placemark>
      <Placemark xmlns="http://www.opengis.net/kml/2.2">
        <styleUrl>#Parti singole_style_map</styleUrl>
        <name>T03521</name>
        <Polygon>
          <outerBoundaryIs>
            <LinearRing>
              <coordinates>9.02550205438335,40.2718886282239 9.02046506643469,40.2720404303562 9.02048288371565,40.2723048887024 9.02115213569812,40.2722923557186 9.02176916443406,40.2722772519041 9.02291526607019,40.2722450695549 9.02410120365847,40.2722129397625 9.02526191714486,40.2721970288235 9.02565860173094,40.2721873389758 9.02549595873284,40.2719921539563 9.02550205438335,40.2718886282239</coordinates>
            </LinearRing>
          </outerBoundaryIs>
        </Polygon>
      </Placemark>
      <Placemark xmlns="http://www.opengis.net/kml/2.2">
        <styleUrl>#Parti singole_style_map</styleUrl>
        <name>T03522</name>
        <Polygon>
          <outerBoundaryIs>
            <LinearRing>
              <coordinates>9.02746787111457,40.2718302122518 9.02550205438335,40.2718886282239 9.02549595873284,40.2719921539563 9.02565860173094,40.2721873389758 9.02568730954684,40.2722434690506 9.02601720284423,40.2722118011032 9.02660788012198,40.272157622424 9.02719146595592,40.2721080460773 9.02751678381982,40.2720500590275 9.02746787111457,40.2718302122518</coordinates>
            </LinearRing>
          </outerBoundaryIs>
        </Polygon>
      </Placemark>
      <Placemark xmlns="http://www.opengis.net/kml/2.2">
        <styleUrl>#Parti singole_style_map</styleUrl>
        <name>T03523</name>
        <Polygon>
          <outerBoundaryIs>
            <LinearRing>
              <coordinates>9.02550205438335,40.2718886282239 9.02746787111457,40.2718302122518 9.02745517131034,40.2717731305052 9.02744742983895,40.2715609925568 9.0275017886874,40.2713759307346 9.02697407193136,40.2714725869361 9.02659067035533,40.2715426039256 9.02612536367397,40.2716224669511 9.02581212161692,40.2716690688117 9.02551234555075,40.2717138470387 9.02550205438335,40.2718886282239</coordinates>
            </LinearRing>
          </outerBoundaryIs>
        </Polygon>
      </Placemark>
      <Placemark xmlns="http://www.opengis.net/kml/2.2">
        <styleUrl>#Parti singole_style_map</styleUrl>
        <name>T03524</name>
        <Polygon>
          <outerBoundaryIs>
            <LinearRing>
              <coordinates>9.02816751203486,40.2704407792071 9.02495566750613,40.2703856582972 9.0249270594035,40.2704712608532 9.02483794503282,40.2707380153315 9.02478910834393,40.2708931551826 9.02494017929215,40.2709099073472 9.0250276983592,40.2709467453902 9.0252447564659,40.2710408361204 9.02540578455914,40.271138821549 9.02557887320679,40.2711855237228 9.02571053793131,40.2712324869763 9.02594598146676,40.2712334802312 9.02639386416246,40.2712387047861 9.02664675257678,40.2712156020724 9.02682130010503,40.271200390791 9.02703891976828,40.271009039341 9.02724276433873,40.270993036865 9.02733343340121,40.2709323567804 9.02744964463393,40.2709214465148 9.02755202584167,40.2709144223509 9.02770828788312,40.2709691524966 9.02777916678596,40.2708624036546 9.02787204459697,40.2707683525212 9.02792189279343,40.270717771982 9.02798897854009,40.2706556465127 9.02808547081282,40.2705432425867 9.02816751203486,40.2704407792071</coordinates>
            </LinearRing>
          </outerBoundaryIs>
        </Polygon>
      </Placemark>
      <Placemark xmlns="http://www.opengis.net/kml/2.2">
        <styleUrl>#Parti singole_style_map</styleUrl>
        <name>T03525</name>
        <Polygon>
          <outerBoundaryIs>
            <LinearRing>
              <coordinates>9.02495566750613,40.2703856582972 9.02816751203486,40.2704407792071 9.02821039771261,40.2703919209721 9.0283646836524,40.2702482139076 9.02840888737164,40.2701733727234 9.02815280899535,40.2701216405689 9.02793509918473,40.2700762682214 9.02788130928591,40.2700635780423 9.02726521790034,40.2700748492842 9.02650366726635,40.2701312953374 9.02586705187235,40.2701750780009 9.02538174972018,40.2700692807048 9.02508832658631,40.2700034594342 9.02506268866133,40.270073178161 9.02495566750613,40.2703856582972</coordinates>
            </LinearRing>
          </outerBoundaryIs>
        </Polygon>
      </Placemark>
      <Placemark xmlns="http://www.opengis.net/kml/2.2">
        <styleUrl>#Parti singole_style_map</styleUrl>
        <name>T00315</name>
        <Polygon>
          <outerBoundaryIs>
            <LinearRing>
              <coordinates>9.02563267836436,40.2691522509027 9.02592151086299,40.2691852152307 9.02630202603462,40.2692277441212 9.02665956396768,40.2692191767491 9.02750232943936,40.2691977925042 9.02790945172927,40.2691876690559 9.02792202538103,40.2691899093552 9.0280923854853,40.2691870938209 9.02826106831502,40.269195458869 9.02851690435162,40.2692098927253 9.02891166741081,40.2693161587307 9.02897306623275,40.269188807404 9.02897619827735,40.2691693467375 9.02901171693187,40.269057335458 9.02909164140295,40.2687962467644 9.02910914367604,40.2687446556818 9.02879377376775,40.2687006695483 9.0282830940144,40.2687017578755 9.02792055692617,40.2687014483739 9.02789830364951,40.2686984626135 9.02740019655427,40.2686995620703 9.02667694566031,40.2686996477122 9.02581805349429,40.2686994344191 9.02574561131052,40.2688738686368 9.02563267836436,40.2691522509027</coordinates>
            </LinearRing>
          </outerBoundaryIs>
        </Polygon>
      </Placemark>
      <Placemark xmlns="http://www.opengis.net/kml/2.2">
        <styleUrl>#Parti singole_style_map</styleUrl>
        <name>T03526</name>
        <Polygon>
          <outerBoundaryIs>
            <LinearRing>
              <coordinates>9.02056506600369,40.2701405116911 9.02081642429902,40.2701596571486 9.02118978704517,40.270189915547 9.02160636202485,40.2702218585468 9.02214870596317,40.2702659028306 9.02285466702513,40.2703202284288 9.02303785642904,40.2703363101502 9.02327612315095,40.2702782439194 9.02340662919654,40.2703172278734 9.02348033631958,40.2703468985111 9.02358356032583,40.2703982213173 9.02370556071462,40.2704640090318 9.02389752009602,40.270568476955 9.0242130509415,40.2707201183904 9.02456303832132,40.2708876440012 9.02478910834393,40.2708931551826 9.02483794503282,40.2707380153315 9.0249270594035,40.2704712608532 9.02495566750613,40.2703856582972 9.02506268866133,40.270073178161 9.02508832658631,40.2700034594342 9.02517446341432,40.2698654920016 9.02489117700391,40.2698160631652 9.02348051938565,40.2693741755775 9.02173365129159,40.2691861050827 9.02048500142935,40.2690340480504 9.02049103792761,40.2690627799761 9.0205058069603,40.2690922104939 9.0205281782455,40.2691367931755 9.02065777523686,40.2693736316407 9.0206383100973,40.2694908899082 9.02059921525911,40.2697264154863 9.02059361836748,40.2698103732789 9.02056506600369,40.2701405116911</coordinates>
            </LinearRing>
          </outerBoundaryIs>
        </Polygon>
      </Placemark>
      <Placemark xmlns="http://www.opengis.net/kml/2.2">
        <styleUrl>#Parti singole_style_map</styleUrl>
        <name>T00316</name>
        <Polygon>
          <outerBoundaryIs>
            <LinearRing>
              <coordinates>9.02951144502451,40.2674837429977 9.02952198720942,40.2674665958114 9.02965153814933,40.2672586665152 9.02972608212298,40.2671851414606 9.02986857409699,40.2670434894047 9.02990849580721,40.2670018296287 9.02944534594993,40.2670106408434 9.02882989285713,40.267018974246 9.02821367091096,40.267016952975 9.02791359230749,40.267015204946 9.02790488777604,40.2670114862132 9.02766869441709,40.2670105421648 9.02743867937789,40.2670193081202 9.02707275675716,40.2670300961037 9.02699562001609,40.2670368257457 9.02674776959975,40.2670610452309 9.02643409604261,40.2670918737772 9.02620595505543,40.2671124929837 9.02621888225217,40.2673339905922 9.02622410195056,40.2674827765638 9.02618792920349,40.2675856788514 9.02609793745125,40.2678417677221 9.02601717760288,40.2680671871107 9.02597266300854,40.2681942628826 9.02596700310886,40.268217931332 9.02605632185018,40.2682320019405 9.0265441886214,40.2682184508473 9.02738949384917,40.2681970488287 9.02790848699141,40.2681721691408 9.02791833229554,40.2681754011036 9.02815328943156,40.2681632275276 9.02841059289374,40.2681521111474 9.02872780404475,40.2681620881073 9.0292933166668,40.2681773448493 9.02935062289744,40.2679720015796 9.02942050237888,40.2677143025895 9.02944355521333,40.267635060782 9.0294610375732,40.2675657665396 9.02951144502451,40.2674837429977</coordinates>
            </LinearRing>
          </outerBoundaryIs>
        </Polygon>
      </Placemark>
      <Placemark xmlns="http://www.opengis.net/kml/2.2">
        <styleUrl>#Parti singole_style_map</styleUrl>
        <name>T00317</name>
        <Polygon>
          <outerBoundaryIs>
            <LinearRing>
              <coordinates>9.02063844066073,40.2676830476845 9.02101540327983,40.2676456828854 9.02127339511696,40.2676192035266 9.02161806239341,40.267584725543 9.02206215194133,40.2675367231233 9.02215414313117,40.2675279218554 9.02235937720126,40.2675095943254 9.02284846479161,40.2674669678343 9.02303676330822,40.2674502550412 9.02325134156828,40.2674163111332 9.02350890273335,40.2673735922743 9.02358111159085,40.2673645415689 9.02375554344643,40.2673475511018 9.02401194619643,40.2673234714172 9.02440949825391,40.2672860372947 9.02472413802553,40.2672552230431 9.02521079843637,40.2672095329538 9.02553319966598,40.2671787238445 9.02585642352822,40.2671470217434 9.0261701090833,40.2671154560052 9.02620595505543,40.2671124929837 9.02643409604261,40.2670918737772 9.02674776959975,40.2670610452309 9.02699562001609,40.2670368257457 9.02707275675716,40.2670300961037 9.02743867937789,40.2670193081202 9.02766869441709,40.2670105421648 9.02790488777604,40.2670114862132 9.02791359230749,40.267015204946 9.02821367091096,40.267016952975 9.02882989285713,40.267018974246 9.02944534594993,40.2670106408434 9.02990849580721,40.2670018296287 9.03004898811889,40.2668611868886 9.02972551211967,40.266846079886 9.02931026442509,40.2668257245826 9.02891002372349,40.2668052649865 9.02863897541743,40.2668124307941 9.02833717437677,40.2668240539564 9.02791316778993,40.2668384983464 9.02790349979726,40.2668370051183 9.02764043017894,40.2668568426505 9.02738969689051,40.2668751361287 9.02684711579142,40.2669161453863 9.02667629525928,40.2669302116994 9.02631949478043,40.2669596803339 9.02591539352336,40.2669934557168 9.02584955771485,40.266997091939 9.02560363828968,40.267027975366 9.02540544369643,40.267057577653 9.02518275398289,40.2670951490009 9.02510432458565,40.2671054453075 9.02488356225953,40.2671400516363 9.02463793759525,40.2671756808028 9.02432290328038,40.2672206573841 9.02397890185217,40.2672666840912 9.0237648751885,40.2672948182956 9.02329784843985,40.26735918352 9.02294187349662,40.2674066780173 9.02285858576079,40.2674158205701 9.02284793012798,40.2674150748765 9.0225158485255,40.267449572134 9.02219860796864,40.2674812637739 9.02170819224894,40.2675282392127 9.02123767512796,40.2675744612203 9.02106185449743,40.2675922049137 9.02065286874111,40.2676349359648 9.02063844066073,40.2676830476845</coordinates>
            </LinearRing>
          </outerBoundaryIs>
        </Polygon>
      </Placemark>
      <Placemark xmlns="http://www.opengis.net/kml/2.2">
        <styleUrl>#Parti singole_style_map</styleUrl>
        <name>T00318</name>
        <Polygon>
          <outerBoundaryIs>
            <LinearRing>
              <coordinates>9.02065286874111,40.2676349359648 9.02106185449743,40.2675922049137 9.02123767512796,40.2675744612203 9.02170819224894,40.2675282392127 9.02219860796864,40.2674812637739 9.0225158485255,40.267449572134 9.02284793012798,40.2674150748765 9.02285858576079,40.2674158205701 9.02294187349662,40.2674066780173 9.02329784843985,40.26735918352 9.0237648751885,40.2672948182956 9.02397890185217,40.2672666840912 9.02432290328038,40.2672206573841 9.02463793759525,40.2671756808028 9.02488356225953,40.2671400516363 9.02510432458565,40.2671054453075 9.02518275398289,40.2670951490009 9.02540544369643,40.267057577653 9.02560363828968,40.267027975366 9.02584955771485,40.266997091939 9.02591539352336,40.2669934557168 9.02631949478043,40.2669596803339 9.02667629525928,40.2669302116994 9.02684711579142,40.2669161453863 9.02738969689051,40.2668751361287 9.02764043017894,40.2668568426505 9.02790349979726,40.2668370051183 9.02791316778993,40.2668384983464 9.02833717437677,40.2668240539564 9.02863897541743,40.2668124307941 9.02891002372349,40.2668052649865 9.02931026442509,40.2668257245826 9.02972551211967,40.266846079886 9.03004898811889,40.2668611868886 9.03011989856353,40.2667909148332 9.03011827822621,40.2666090913098 9.02936635468591,40.2666123723707 9.02888305920432,40.2666164114997 9.02850910882048,40.2666330980294 9.02822196362806,40.2666475101819 9.0279163775861,40.2666623584565 9.02787190929273,40.2666604320552 9.02769668145966,40.2666798073493 9.0274240191351,40.2667085477581 9.0271427949957,40.2667379832154 9.02677642536997,40.2667749871758 9.02614164961974,40.2668414201141 9.0259019275745,40.2668689333493 9.02566729479896,40.2668884718216 9.02547697323692,40.2669305232423 9.0250464192019,40.2670223566959 9.02481904024597,40.2670694240542 9.02467158670262,40.2670806355558 9.02459844772543,40.2670855969544 9.02447593141716,40.2671088933446 9.02413192590213,40.2671749299693 9.02397702219344,40.2672050344342 9.02375622645694,40.2672476838453 9.02367909142189,40.2672610600747 9.0234431208049,40.2672950000362 9.02329978541206,40.2673137767063 9.02304028249372,40.267352603501 9.02285245765075,40.2673782713649 9.02284585957164,40.267377632993 9.02262049198171,40.2673978662041 9.02228702151256,40.2674291197558 9.02177629485822,40.2674752704824 9.02139578106524,40.2675102509655 9.02094384538534,40.2675539998758 9.02079475639952,40.2675686032003 9.02066864731023,40.2675801391706 9.02065286874111,40.2676349359648</coordinates>
            </LinearRing>
          </outerBoundaryIs>
        </Polygon>
      </Placemark>
      <Placemark xmlns="http://www.opengis.net/kml/2.2">
        <styleUrl>#Parti singole_style_map</styleUrl>
        <name>T00319</name>
        <Polygon>
          <outerBoundaryIs>
            <LinearRing>
              <coordinates>9.02066864731023,40.2675801391706 9.02079475639952,40.2675686032003 9.02094384538534,40.2675539998758 9.02139578106524,40.2675102509655 9.02177629485822,40.2674752704824 9.02228702151256,40.2674291197558 9.02262049198171,40.2673978662041 9.02284585957164,40.267377632993 9.02285245765075,40.2673782713649 9.02304028249372,40.267352603501 9.02329978541206,40.2673137767063 9.0234431208049,40.2672950000362 9.02367909142189,40.2672610600747 9.02375622645694,40.2672476838453 9.02397702219344,40.2672050344342 9.02413192590213,40.2671749299693 9.02447593141716,40.2671088933446 9.02459844772543,40.2670855969544 9.02467158670262,40.2670806355558 9.02481904024597,40.2670694240542 9.0250464192019,40.2670223566959 9.02547697323692,40.2669305232423 9.02566729479896,40.2668884718216 9.0259019275745,40.2668689333493 9.02614164961974,40.2668414201141 9.02677642536997,40.2667749871758 9.0271427949957,40.2667379832154 9.0274240191351,40.2667085477581 9.02769668145966,40.2666798073493 9.02787190929273,40.2666604320552 9.0279163775861,40.2666623584565 9.02822196362806,40.2666475101819 9.02850910882048,40.2666330980294 9.02888305920432,40.2666164114997 9.02936635468591,40.2666123723707 9.03011827822621,40.2666090913098 9.03011835316545,40.2664311953618 9.02965785912343,40.2664260244451 9.02940995169756,40.2664195102122 9.02904349540186,40.2664113852136 9.02874615514116,40.2664268552716 9.02840752348361,40.2664440373213 9.02816265844022,40.2664572048106 9.02797232598622,40.2664656920111 9.02790853918734,40.266474302002 9.02790186959044,40.2664712134292 9.02770123080581,40.2664993697492 9.0274336877083,40.266534559569 9.02723344814763,40.2665620573117 9.0269609417063,40.266597733688 9.02679642865838,40.2666192133118 9.0265492183379,40.2666526666708 9.02623048155689,40.2666936762237 9.02590724120319,40.2667378661449 9.02579027456513,40.2667544778667 9.02550953462729,40.2667917652821 9.02528715544009,40.2668397333968 9.02486499876538,40.2669310418334 9.02468118034708,40.2669731446231 9.02425582637587,40.2670738300978 9.02365858841881,40.2672157568748 9.02363893759448,40.2672204276011 9.02338189000848,40.267249686885 9.02285379616894,40.2673360449271 9.02254214149634,40.2673639615636 9.02226390905328,40.2673856366653 9.02188270064457,40.2674159611188 9.02123164481275,40.2674695680528 9.02083324271101,40.2675055769609 9.02068591664467,40.267515828384 9.02066864731023,40.2675801391706</coordinates>
            </LinearRing>
          </outerBoundaryIs>
        </Polygon>
      </Placemark>
      <Placemark xmlns="http://www.opengis.net/kml/2.2">
        <styleUrl>#Parti singole_style_map</styleUrl>
        <name>T00320</name>
        <Polygon>
          <outerBoundaryIs>
            <LinearRing>
              <coordinates>9.02068591664467,40.267515828384 9.02083324271101,40.2675055769609 9.02123164481275,40.2674695680528 9.02188270064457,40.2674159611188 9.02226390905328,40.2673856366653 9.02254214149634,40.2673639615636 9.02285379616894,40.2673360449271 9.02338189000848,40.267249686885 9.02363893759448,40.2672204276011 9.02365858841881,40.2672157568748 9.02359638193085,40.2671032533256 9.02353860073097,40.2669995598647 9.02280673861923,40.2671158959391 9.02245068541661,40.2671730288 9.02192194367216,40.2672579142127 9.02141051107768,40.267337730884 9.02121125585716,40.2673692451414 9.02089327873666,40.2674161769229 9.02071548688289,40.2674482360782 9.02068591664467,40.267515828384</coordinates>
            </LinearRing>
          </outerBoundaryIs>
        </Polygon>
      </Placemark>
      <Placemark xmlns="http://www.opengis.net/kml/2.2">
        <styleUrl>#Parti singole_style_map</styleUrl>
        <name>T00321</name>
        <Polygon>
          <outerBoundaryIs>
            <LinearRing>
              <coordinates>9.02353860073097,40.2669995598647 9.02359638193085,40.2671032533256 9.02365858841881,40.2672157568748 9.02425582637587,40.2670738300978 9.02420041166075,40.2668462057453 9.02419011758153,40.2668030897717 9.02414417880731,40.2665985450349 9.02371284203307,40.2667389243429 9.02344420855812,40.266827511773 9.02353860073097,40.2669995598647</coordinates>
            </LinearRing>
          </outerBoundaryIs>
        </Polygon>
      </Placemark>
      <Placemark xmlns="http://www.opengis.net/kml/2.2">
        <styleUrl>#Parti singole_style_map</styleUrl>
        <name>T00322</name>
        <Polygon>
          <outerBoundaryIs>
            <LinearRing>
              <coordinates>9.02420041166075,40.2668462057453 9.02425582637587,40.2670738300978 9.02468118034708,40.2669731446231 9.02486499876538,40.2669310418334 9.02528715544009,40.2668397333968 9.02550953462729,40.2667917652821 9.02579027456513,40.2667544778667 9.02590724120319,40.2667378661449 9.02623048155689,40.2666936762237 9.0265492183379,40.2666526666708 9.02679642865838,40.2666192133118 9.0269609417063,40.266597733688 9.02723344814763,40.2665620573117 9.0274336877083,40.266534559569 9.02770123080581,40.2664993697492 9.02790186959044,40.2664712134292 9.02790853918734,40.266474302002 9.02797232598622,40.2664656920111 9.02816265844022,40.2664572048106 9.02840752348361,40.2664440373213 9.02874615514116,40.2664268552716 9.02904349540186,40.2664113852136 9.02940995169756,40.2664195102122 9.02965785912343,40.2664260244451 9.03011835316545,40.2664311953618 9.0301154371482,40.2661642440976 9.02937216977825,40.2661566938949 9.02901880660706,40.2661534305102 9.02872118155283,40.26616013461 9.02810337504829,40.2661754919126 9.02794146627357,40.2661773054272 9.02791190306392,40.2661851504851 9.02788234801559,40.266184130467 9.0277229674991,40.2662144752553 9.02749417786142,40.2662516380745 9.02708606157178,40.2663212301155 9.0268714193837,40.2663583974441 9.02629722720349,40.2664556558845 9.02593605439885,40.2665172691925 9.02546979332841,40.2665967334539 9.02512018984484,40.2666534497007 9.02474151452435,40.2667141170543 9.02445617982857,40.2667630247673 9.02419011758153,40.2668030897717 9.02420041166075,40.2668462057453</coordinates>
            </LinearRing>
          </outerBoundaryIs>
        </Polygon>
      </Placemark>
      <Placemark xmlns="http://www.opengis.net/kml/2.2">
        <styleUrl>#Parti singole_style_map</styleUrl>
        <name>T00323</name>
        <Polygon>
          <outerBoundaryIs>
            <LinearRing>
              <coordinates>9.02071131401203,40.2673380181101 9.02071548688289,40.2674482360782 9.02089327873666,40.2674161769229 9.02121125585716,40.2673692451414 9.02141051107768,40.267337730884 9.02192194367216,40.2672579142127 9.02245068541661,40.2671730288 9.02280673861923,40.2671158959391 9.02353860073097,40.2669995598647 9.02344420855812,40.266827511773 9.02342568447634,40.266825137034 9.02321718927061,40.2668613323706 9.02285702302375,40.2669231881239 9.02284468591184,40.266923172503 9.02262673521325,40.2669618911914 9.02226102858383,40.2670238903019 9.02191012790939,40.2670849665605 9.02154536011722,40.2671446748932 9.02118370830926,40.2672043634965 9.02069918409635,40.2672839559592 9.02071131401203,40.2673380181101</coordinates>
            </LinearRing>
          </outerBoundaryIs>
        </Polygon>
      </Placemark>
      <Placemark xmlns="http://www.opengis.net/kml/2.2">
        <styleUrl>#Parti singole_style_map</styleUrl>
        <name>T00324</name>
        <Polygon>
          <outerBoundaryIs>
            <LinearRing>
              <coordinates>9.02063868818851,40.267015284828 9.02084380244589,40.266993428394 9.02092993593241,40.2669838723612 9.02110951780091,40.266963875889 9.02135086609637,40.2669395255115 9.02157547810693,40.266913709198 9.02194817801843,40.2668747565155 9.02230734088181,40.2668360304306 9.02243338837573,40.2668210151286 9.02253288942927,40.2667991217394 9.0228410349453,40.2667300877579 9.02285009075817,40.2667300950077 9.0231364449249,40.2666670646075 9.02340136040261,40.2666091279737 9.02376057942951,40.2665350902579 9.02423070548181,40.2664388929664 9.02451053123591,40.2663795272592 9.0246992064786,40.266340621986 9.02508282400647,40.2662607010213 9.02571031476027,40.2661292920199 9.02595335399363,40.2660790842343 9.02610196197851,40.2660481406617 9.02611460516079,40.266204411677 9.02589956856576,40.2662565235774 9.02555297594186,40.2663395653931 9.02540138069717,40.2663728242735 9.02538902016665,40.266372817938 9.02516963656776,40.2664079560621 9.02501075786222,40.2664323419161 9.02477717810987,40.2664659687707 9.02447803122338,40.2665307266595 9.02423309716613,40.2665848237139 9.02414417880731,40.2665985450349 9.02419011758153,40.2668030897717 9.02445617982857,40.2667630247673 9.02474151452435,40.2667141170543 9.02512018984484,40.2666534497007 9.02546979332841,40.2665967334539 9.02593605439885,40.2665172691925 9.02629722720349,40.2664556558845 9.0268714193837,40.2663583974441 9.02708606157178,40.2663212301155 9.02749417786142,40.2662516380745 9.0277229674991,40.2662144752553 9.02788234801559,40.266184130467 9.02791190306392,40.2661851504851 9.02794146627357,40.2661773054272 9.02810337504829,40.2661754919126 9.02872118155283,40.26616013461 9.02901880660706,40.2661534305102 9.02937216977825,40.2661566938949 9.0301154371482,40.2661642440976 9.03011059844266,40.2659110684041 9.03011189783173,40.2658704275038 9.03011503314776,40.2655105626241 9.02983246811502,40.2655254460767 9.02948488026931,40.2655440480084 9.02916785642585,40.2655589204864 9.02890760597317,40.2655580660347 9.02872574911981,40.2655793905159 9.02850414338369,40.265605661434 9.0283080922394,40.265629439216 9.02790565738177,40.2656903569086 9.02789413070045,40.2656871974171 9.02776561907954,40.2657078860494 9.02740010214852,40.2657449728715 9.02695389804508,40.2657894646636 9.02642620264682,40.2658306937635 9.02608517880105,40.2658600139787 9.02609225916305,40.2658922563834 9.02552884379578,40.2659928059945 9.02540361349615,40.2660172751592 9.02493344362766,40.2661097293987 9.02431416718348,40.2662266726998 9.02405958849881,40.2662755910876 9.02380021112549,40.2663246630435 9.02362389399901,40.2663579065814 9.02337097258818,40.26640682312 9.02309364568159,40.2664510050556 9.02285308159468,40.2664923773219 9.02283908608642,40.2664917313777 9.02261932489805,40.2665282701769 9.02232027659177,40.2665777698698 9.02187983543836,40.2666134660236 9.02145911620669,40.2666477424608 9.0211979861851,40.2666682947405 9.02080836160608,40.2667019505822 9.02077018417694,40.2667738598518 9.02063868818851,40.267015284828</coordinates>
            </LinearRing>
          </outerBoundaryIs>
        </Polygon>
      </Placemark>
      <Placemark xmlns="http://www.opengis.net/kml/2.2">
        <styleUrl>#Parti singole_style_map</styleUrl>
        <name>T00369</name>
        <Polygon>
          <outerBoundaryIs>
            <LinearRing>
              <coordinates>9.02281403575136,40.2585942361923 9.0230238308686,40.2585820869017 9.02323974544703,40.2585488544325 9.02344994425302,40.2584795317412 9.0235399578679,40.2584324135145 9.02379715474441,40.2582851779891 9.02385649270798,40.2582522822817 9.02409726388603,40.258047498478 9.02415130172979,40.2579915040475 9.02424397562421,40.2578883473309 9.02436751136042,40.2577685170705 9.02440892524278,40.257729183196 9.02432033377256,40.2576031895071 9.02416845122853,40.2573667196153 9.02414619161364,40.2573345522394 9.0241291075882,40.2573067802996 9.02406382200263,40.2571756283379 9.02398440385957,40.2570153974329 9.02397363486426,40.2569883268992 9.02392555714688,40.2571391151427 9.02391040814952,40.2572654726498 9.02384777101619,40.2574467600512 9.02378307085276,40.2576140294726 9.02363758814171,40.2578609476864 9.02347505277163,40.2580369304626 9.02328928510507,40.2582276026493 9.02323626715826,40.2582768665814 9.02291804974783,40.2584947541117 9.02281403575136,40.2585942361923</coordinates>
            </LinearRing>
          </outerBoundaryIs>
        </Polygon>
      </Placemark>
      <Placemark xmlns="http://www.opengis.net/kml/2.2">
        <styleUrl>#Parti singole_style_map</styleUrl>
        <name>T00325</name>
        <Polygon>
          <outerBoundaryIs>
            <LinearRing>
              <coordinates>9.02608517880105,40.2658600139787 9.02642620264682,40.2658306937635 9.02695389804508,40.2657894646636 9.02740010214852,40.2657449728715 9.02776561907954,40.2657078860494 9.02789413070045,40.2656871974171 9.02790565738177,40.2656903569086 9.0283080922394,40.265629439216 9.02850414338369,40.265605661434 9.02872574911981,40.2655793905159 9.02890760597317,40.2655580660347 9.02916785642585,40.2655589204864 9.02948488026931,40.2655440480084 9.02983246811502,40.2655254460767 9.03011503314776,40.2655105626241 9.03011530238407,40.2654808501636 9.03003123799003,40.2652390463904 9.02967529666665,40.2652732730157 9.0293647371151,40.265303243841 9.02917046144486,40.2653233829172 9.02894887784857,40.2653439788769 9.02862401789107,40.2653765368904 9.02822887744384,40.2654400756095 9.02790512955878,40.2654908389604 9.0278960616389,40.2654895708189 9.02768539607092,40.2655229368275 9.02749097035462,40.265553010283 9.02726411101663,40.2655888118074 9.02690864589318,40.265646075382 9.02653520889259,40.2657005941197 9.0262975399933,40.2657349457092 9.02607758192187,40.2657681487058 9.02608517880105,40.2658600139787</coordinates>
            </LinearRing>
          </outerBoundaryIs>
        </Polygon>
      </Placemark>
      <Placemark xmlns="http://www.opengis.net/kml/2.2">
        <styleUrl>#Parti singole_style_map</styleUrl>
        <name>T00326</name>
        <Polygon>
          <outerBoundaryIs>
            <LinearRing>
              <coordinates>9.02080836160608,40.2667019505822 9.0211979861851,40.2666682947405 9.02145911620669,40.2666477424608 9.02187983543836,40.2666134660236 9.02232027659177,40.2665777698698 9.02261932489805,40.2665282701769 9.02283908608642,40.2664917313777 9.02285308159468,40.2664923773219 9.02309364568159,40.2664510050556 9.02337097258818,40.26640682312 9.02362389399901,40.2663579065814 9.02380021112549,40.2663246630435 9.02405958849881,40.2662755910876 9.02431416718348,40.2662266726998 9.02493344362766,40.2661097293987 9.02540361349615,40.2660172751592 9.02552884379578,40.2659928059945 9.02609225916305,40.2658922563834 9.02608517880105,40.2658600139787 9.02607758192187,40.2657681487058 9.0262975399933,40.2657349457092 9.02653520889259,40.2657005941197 9.02690864589318,40.265646075382 9.02726411101663,40.2655888118074 9.02749097035462,40.265553010283 9.02768539607092,40.2655229368275 9.0278960616389,40.2654895708189 9.02790512955878,40.2654908389604 9.02822887744384,40.2654400756095 9.02862401789107,40.2653765368904 9.02894887784857,40.2653439788769 9.02917046144486,40.2653233829172 9.0293647371151,40.265303243841 9.02967529666665,40.2652732730157 9.03003123799003,40.2652390463904 9.03001948622012,40.2652052558355 9.02981924557361,40.2649747791682 9.0294107587464,40.2650344153239 9.02916529593724,40.2650676305926 9.02899563826671,40.2650940336603 9.02886969059133,40.2651116147069 9.02832628216239,40.2651919743593 9.02803323912664,40.2652349737123 9.02790984457339,40.2652564901306 9.02789829532483,40.2652555018655 9.02762322541635,40.265307369979 9.02735103537407,40.2653565970665 9.02708882914724,40.2654045328903 9.02672635914169,40.2654710770159 9.02630124750267,40.2655578327232 9.02595164311266,40.2656273175493 9.02550073980781,40.2657176796999 9.02529507454702,40.2657617432166 9.02499172018171,40.2658243861818 9.02483746791662,40.2658576719194 9.02441490351931,40.265944465199 9.0240884260445,40.2660070835705 9.02370408980575,40.2660824337155 9.02332759685498,40.266157069299 9.02319263869535,40.2661795559734 9.02285331268254,40.2662313443168 9.02284046998895,40.2662313378028 9.02271401361174,40.266251083466 9.02229372987772,40.2663146067636 9.02144226592057,40.266354018141 9.02125510859852,40.2663634396824 9.02098436836554,40.2665686640765 9.02080836160608,40.2667019505822</coordinates>
            </LinearRing>
          </outerBoundaryIs>
        </Polygon>
      </Placemark>
      <Placemark xmlns="http://www.opengis.net/kml/2.2">
        <styleUrl>#Parti singole_style_map</styleUrl>
        <name>T00327</name>
        <Polygon>
          <outerBoundaryIs>
            <LinearRing>
              <coordinates>9.02125510859852,40.2663634396824 9.02144226592057,40.266354018141 9.02229372987772,40.2663146067636 9.02271401361174,40.266251083466 9.02284046998895,40.2662313378028 9.02285331268254,40.2662313443168 9.02319263869535,40.2661795559734 9.02332759685498,40.266157069299 9.02370408980575,40.2660824337155 9.0240884260445,40.2660070835705 9.02441490351931,40.265944465199 9.02483746791662,40.2658576719194 9.02499172018171,40.2658243861818 9.02529507454702,40.2657617432166 9.02550073980781,40.2657176796999 9.02595164311266,40.2656273175493 9.02630124750267,40.2655578327232 9.02672635914169,40.2654710770159 9.02708882914724,40.2654045328903 9.02735103537407,40.2653565970665 9.02762322541635,40.265307369979 9.02789829532483,40.2652555018655 9.02790984457339,40.2652564901306 9.02803323912664,40.2652349737123 9.02832628216239,40.2651919743593 9.02886969059133,40.2651116147069 9.02899563826671,40.2650940336603 9.02916529593724,40.2650676305926 9.0294107587464,40.2650344153239 9.02981924557361,40.2649747791682 9.02980000651545,40.2649501889045 9.02978793624292,40.2649409214911 9.02977288763926,40.2648977261261 9.02974768059948,40.2648333346534 9.02947629038664,40.2648748096055 9.02887747399391,40.2649666725258 9.02854716611387,40.2650165203531 9.0283885279887,40.2650430910216 9.0283576814021,40.2650460174739 9.02790141506159,40.2651183718531 9.02788856001809,40.2651163928841 9.02762967948083,40.265154752348 9.0273919075318,40.2651899350602 9.02710983029545,40.2652470649723 9.02662908759371,40.2653498801445 9.02623508173226,40.2654325383623 9.02588753681992,40.2655041487104 9.02550064343506,40.2655844154146 9.02547947532323,40.2655870056556 9.0250554930417,40.2656810720223 9.02480995050307,40.2657339091452 9.02476776740837,40.2657401704441 9.02439769635407,40.265807807999 9.02418674786011,40.2658469786389 9.02393154652336,40.2658939689044 9.0235841940312,40.2659576261632 9.0234493901176,40.2659826897421 9.02338867326559,40.2659928732423 9.0230979074105,40.2660424273561 9.02284681900056,40.2660839097898 9.02283916179885,40.2660808931906 9.02250986885771,40.2661356876562 9.02229235477979,40.266171738909 9.0220495366416,40.2661872534895 9.02182247784519,40.2662031250077 9.02162726643986,40.2662174316386 9.02119623438848,40.2662484386721 9.02125510859852,40.2663634396824</coordinates>
            </LinearRing>
          </outerBoundaryIs>
          <innerBoundaryIs>
            <LinearRing>
              <coordinates>9.02452483984347,40.2658057994947 9.02465210395639,40.2657793668445 9.02468536189999,40.2658747674417 9.02455812009293,40.2658982541102 9.02452483984347,40.2658057994947</coordinates>
            </LinearRing>
          </innerBoundaryIs>
        </Polygon>
      </Placemark>
      <Placemark xmlns="http://www.opengis.net/kml/2.2">
        <styleUrl>#Parti singole_style_map</styleUrl>
        <name>T00328</name>
        <Polygon>
          <outerBoundaryIs>
            <LinearRing>
              <coordinates>9.02118585522208,40.2662281517903 9.02119623438848,40.2662484386721 9.02162726643986,40.2662174316386 9.02182247784519,40.2662031250077 9.0220495366416,40.2661872534895 9.02229235477979,40.266171738909 9.02250986885771,40.2661356876562 9.02283916179885,40.2660808931906 9.02284681900056,40.2660839097898 9.0230979074105,40.2660424273561 9.02338867326559,40.2659928732423 9.0234493901176,40.2659826897421 9.0235841940312,40.2659576261632 9.02393154652336,40.2658939689044 9.02418674786011,40.2658469786389 9.02439769635407,40.265807807999 9.02476776740837,40.2657401704441 9.02480995050307,40.2657339091452 9.0250554930417,40.2656810720223 9.02547947532323,40.2655870056556 9.02550064343506,40.2655844154146 9.02588753681992,40.2655041487104 9.02623508173226,40.2654325383623 9.02662908759371,40.2653498801445 9.02710983029545,40.2652470649723 9.0273919075318,40.2651899350602 9.02762967948083,40.265154752348 9.02788856001809,40.2651163928841 9.02790141506159,40.2651183718531 9.0283576814021,40.2650460174739 9.0283885279887,40.2650430910216 9.02854716611387,40.2650165203531 9.02887747399391,40.2649666725258 9.02947629038664,40.2648748096055 9.02974768059948,40.2648333346534 9.02969934934724,40.2647070647327 9.02967821761971,40.2647112053181 9.0292704123772,40.2647661830435 9.02888262299747,40.2648216769346 9.02868348262576,40.2648487624992 9.02847339693814,40.2648851298728 9.02798755750355,40.2649656541232 9.02790023022785,40.2649807023089 9.02789283185423,40.2649781724795 9.02765226389975,40.2650189240882 9.0274121421104,40.2650585579495 9.02727456467463,40.2650804914292 9.02698983120317,40.2651409010219 9.02642149107692,40.2652599610532 9.0258666490347,40.2653762404785 9.02560383354523,40.265433353462 9.02542956716063,40.2654698606446 9.02501054405652,40.2655516552232 9.02476832856787,40.2655999509059 9.02457472525658,40.2656319202323 9.02424430779219,40.2656893235358 9.02400702832134,40.2657307065374 9.02357809729216,40.2658062185271 9.02348418243092,40.2658225259897 9.02303632726372,40.265897760464 9.02284766259339,40.2659322395026 9.02283787670963,40.2659291602522 9.02267996420478,40.2659582455303 9.02245093821433,40.2659977408217 9.02226428367146,40.2660310653454 9.02170615784019,40.2660696569939 9.02138820307047,40.2660920490419 9.02114999567795,40.2661091285006 9.02118585522208,40.2662281517903</coordinates>
            </LinearRing>
          </outerBoundaryIs>
        </Polygon>
      </Placemark>
      <Placemark xmlns="http://www.opengis.net/kml/2.2">
        <styleUrl>#Parti singole_style_map</styleUrl>
        <name>T00306</name>
        <Polygon>
          <outerBoundaryIs>
            <LinearRing>
              <coordinates>9.02055710305262,40.2707715630145 9.02099710725996,40.2708325047499 9.0217220475252,40.2709334745294 9.02199315009271,40.2709688573814 9.0223588320217,40.2710184111591 9.02267533593994,40.2710930188674 9.02286335877333,40.2711367131481 9.02287573429547,40.2711438460325 9.02330257107862,40.2712426742794 9.02336136856214,40.2711772827991 9.02337311299943,40.2710573409001 9.02346632950791,40.2707647303214 9.02349863475534,40.2706507033434 9.02358356032583,40.2703982213173 9.02348033631958,40.2703468985111 9.02340662919654,40.2703172278734 9.02327612315095,40.2702782439194 9.02303785642904,40.2703363101502 9.02285466702513,40.2703202284288 9.02214870596317,40.2702659028306 9.02160636202485,40.2702218585468 9.02118978704517,40.270189915547 9.02081642429902,40.2701596571486 9.02056506600369,40.2701405116911 9.02056352008688,40.2702417123925 9.02057541848916,40.2703068378773 9.02058946237249,40.2703883417244 9.02059340271222,40.2705865886437 9.02055710305262,40.2707715630145</coordinates>
            </LinearRing>
          </outerBoundaryIs>
        </Polygon>
      </Placemark>
      <Placemark xmlns="http://www.opengis.net/kml/2.2">
        <styleUrl>#Parti singole_style_map</styleUrl>
        <name>T00329</name>
        <Polygon>
          <outerBoundaryIs>
            <LinearRing>
              <coordinates>9.02114999567795,40.2661091285006 9.02138820307047,40.2660920490419 9.02170615784019,40.2660696569939 9.02226428367146,40.2660310653454 9.02245093821433,40.2659977408217 9.02267996420478,40.2659582455303 9.02283787670963,40.2659291602522 9.02284766259339,40.2659322395026 9.02303632726372,40.265897760464 9.02348418243092,40.2658225259897 9.02357809729216,40.2658062185271 9.02400702832134,40.2657307065374 9.02424430779219,40.2656893235358 9.02457472525658,40.2656319202323 9.02476832856787,40.2655999509059 9.02501054405652,40.2655516552232 9.02542956716063,40.2654698606446 9.02560383354523,40.265433353462 9.0258666490347,40.2653762404785 9.02642149107692,40.2652599610532 9.02698983120317,40.2651409010219 9.02727456467463,40.2650804914292 9.0274121421104,40.2650585579495 9.02765226389975,40.2650189240882 9.02789283185423,40.2649781724795 9.02790023022785,40.2649807023089 9.02798755750355,40.2649656541232 9.02847339693814,40.2648851298728 9.02868348262576,40.2648487624992 9.02888262299747,40.2648216769346 9.0292704123772,40.2647661830435 9.02967821761971,40.2647112053181 9.02969934934724,40.2647070647327 9.0296974890961,40.2647022002274 9.02966621871433,40.2646218999955 9.02942133503539,40.2646580436581 9.02921044928436,40.2646912593461 9.02890821381257,40.2647378578868 9.02871048751201,40.2647710784256 9.02841908223386,40.2648164838182 9.0281925425705,40.2648503140712 9.02790420648362,40.2648966904239 9.02789350317024,40.264893530736 9.02768109866334,40.2649263115546 9.02743888730725,40.2649746128309 9.02718101087114,40.2650235388672 9.02684092183752,40.2650864924991 9.02659375813462,40.2651347931383 9.02610287397255,40.2652273379191 9.02555443697697,40.2653323619133 9.0249863145066,40.2654468021268 9.02478566247235,40.2654984674508 9.02475681489279,40.2655015907239 9.02459535242209,40.2655304361172 9.02435021696781,40.2655699025056 9.02411378385965,40.2656087629713 9.02389985946893,40.2656452849911 9.02359094689346,40.2656891231847 9.02314217128575,40.2657521057231 9.02284559422086,40.2657946872165 9.02282583635342,40.2657946640258 9.02225092150843,40.2658787851222 9.02177099453735,40.2659206776579 9.021111474694,40.2659781414378 9.02114999567795,40.2661091285006</coordinates>
            </LinearRing>
          </outerBoundaryIs>
        </Polygon>
      </Placemark>
      <Placemark xmlns="http://www.opengis.net/kml/2.2">
        <styleUrl>#Parti singole_style_map</styleUrl>
        <name>T00330</name>
        <Polygon>
          <outerBoundaryIs>
            <LinearRing>
              <coordinates>9.02105455625155,40.2657183438984 9.02118910169539,40.2656929678322 9.02149176802568,40.2656397045428 9.02167547051113,40.2656081295943 9.02205739820027,40.2655415525986 9.02210476733814,40.2655337237098 9.02234220157477,40.2654966870196 9.02261603177715,40.2654512642786 9.02283119127446,40.2654152489071 9.02284457479967,40.2654152553171 9.02289482496795,40.2654070381487 9.02307395192241,40.2653772817313 9.02339513903567,40.2653263882575 9.02348057489979,40.2653130826288 9.02373866821853,40.265268300027 9.02400728592771,40.2652208029255 9.02431928569516,40.2651672510436 9.02464445501049,40.2651088485995 9.02498109013044,40.2650501004523 9.02543877897534,40.264969162486 9.02585881065836,40.2648907986379 9.0260665577266,40.264855211323 9.02624362284943,40.2648230810306 9.02671362780996,40.2647271979836 9.02699159755044,40.2646668086413 9.02706776589468,40.2646566467115 9.02717379271576,40.2646433516195 9.02748239271162,40.2646001706096 9.02775414761305,40.264558682227 9.02788797226524,40.2645367490679 9.02790134481786,40.2645391243196 9.02811606371759,40.2645036758114 9.0283487043624,40.2644660873876 9.02861943470915,40.2644237953996 9.02877459098769,40.2643990541377 9.02904120433346,40.2643559693621 9.02943135101818,40.2642917354028 9.02949326346468,40.2642779717693 9.02940123875417,40.2641408475864 9.02917626725702,40.2641777335 9.02869141837147,40.2642505485784 9.02852296266393,40.2642782750173 9.02820226595387,40.264327768167 9.02789341075592,40.2643754647769 9.02764996441913,40.2644181540512 9.02744406765112,40.2644581312668 9.02707391369676,40.2645296603861 9.0268062544986,40.2645798221112 9.02674504800833,40.2645965481778 9.02648251196679,40.2646671859344 9.02613655480472,40.2647590133625 9.02589581892662,40.2648230682009 9.02572285127754,40.2648685757491 9.02541094651634,40.2649179060749 9.02519712927014,40.2649501240686 9.02497580886712,40.2649830009359 9.02473492075172,40.2650213591058 9.02449301928331,40.2650549961563 9.02437874884958,40.2650730113314 9.02378959019334,40.2651626566771 9.02359503456826,40.2651931740759 9.02335106287059,40.2652291785775 9.02314002069629,40.2652659959266 9.02285023395061,40.2653157113972 9.02283479182458,40.2653141197658 9.02258501221097,40.265358178018 9.02229161405284,40.2654075234046 9.02194722389733,40.2654640128676 9.02186177652907,40.2654796777805 9.02151688506043,40.2655525898544 9.02145819161394,40.2655643485851 9.02131819121375,40.2655949242698 9.02105157223248,40.2656515681314 9.02105455625155,40.2657183438984</coordinates>
            </LinearRing>
          </outerBoundaryIs>
        </Polygon>
      </Placemark>
      <Placemark xmlns="http://www.opengis.net/kml/2.2">
        <styleUrl>#Parti singole_style_map</styleUrl>
        <name>T00331</name>
        <Polygon>
          <outerBoundaryIs>
            <LinearRing>
              <coordinates>9.0210220733534,40.2655634722882 9.02105157223248,40.2656515681314 9.02131819121375,40.2655949242698 9.02145819161394,40.2655643485851 9.02151688506043,40.2655525898544 9.02186177652907,40.2654796777805 9.02194722389733,40.2654640128676 9.02229161405284,40.2654075234046 9.02258501221097,40.265358178018 9.02283479182458,40.2653141197658 9.02285023395061,40.2653157113972 9.02314002069629,40.2652659959266 9.02335106287059,40.2652291785775 9.02359503456826,40.2651931740759 9.02378959019334,40.2651626566771 9.02437874884958,40.2650730113314 9.02449301928331,40.2650549961563 9.02473492075172,40.2650213591058 9.02497580886712,40.2649830009359 9.02519712927014,40.2649501240686 9.02541094651634,40.2649179060749 9.02572285127754,40.2648685757491 9.02589581892662,40.2648230682009 9.02613655480472,40.2647590133625 9.02648251196679,40.2646671859344 9.02674504800833,40.2645965481778 9.0268062544986,40.2645798221112 9.02707391369676,40.2645296603861 9.02744406765112,40.2644581312668 9.02764996441913,40.2644181540512 9.02789341075592,40.2643754647769 9.02820226595387,40.264327768167 9.02852296266393,40.2642782750173 9.02869141837147,40.2642505485784 9.02917626725702,40.2641777335 9.02940123875417,40.2641408475864 9.02931131081294,40.2640109031489 9.029255613482,40.2639269241343 9.02906612907615,40.2639492240555 9.02863876942808,40.2640016277742 9.02833511008495,40.2640396123595 9.0281796112957,40.264059172816 9.02790055261327,40.2640935826947 9.02788921500764,40.2640919997698 9.02769768417924,40.2641162529367 9.02749005838898,40.2641532395844 9.02725525662882,40.2641963674549 9.02679526715608,40.2643301071525 9.02643681598805,40.2644353530602 9.02622379722434,40.2644899696862 9.02593334301146,40.2645637656596 9.02551029044202,40.2646723653693 9.02523426070763,40.2647351381788 9.02495410282596,40.2647986950085 9.02477386466096,40.2648386980522 9.02449181157825,40.2648666046933 9.02422613929311,40.2648907774547 9.02415302716309,40.2648985944893 9.02411491365434,40.2649048637236 9.02365061102004,40.2649763290999 9.02349201733217,40.2650006047065 9.02336225894451,40.2650209643687 9.02320264135537,40.2650436631692 9.02310420821825,40.2650503944207 9.02284369471448,40.2650659051372 9.02283649650201,40.2650635371116 9.02266247937075,40.2650728232402 9.02235287632437,40.265121586307 9.0220882077239,40.2651638895196 9.02182456220425,40.2652069667293 9.02146117874133,40.2652613140754 9.02120268235852,40.2653004609108 9.02094713783801,40.2653404715281 9.0210220733534,40.2655634722882</coordinates>
            </LinearRing>
          </outerBoundaryIs>
        </Polygon>
      </Placemark>
      <Placemark xmlns="http://www.opengis.net/kml/2.2">
        <styleUrl>#Parti singole_style_map</styleUrl>
        <name>T00332</name>
        <Polygon>
          <outerBoundaryIs>
            <LinearRing>
              <coordinates>9.02090689901743,40.2652429809488 9.02094713783801,40.2653404715281 9.02120268235852,40.2653004609108 9.02146117874133,40.2652613140754 9.02182456220425,40.2652069667293 9.0220882077239,40.2651638895196 9.02235287632437,40.265121586307 9.02266247937075,40.2650728232402 9.02283649650201,40.2650635371116 9.02284369471448,40.2650659051372 9.02310420821825,40.2650503944207 9.02320264135537,40.2650436631692 9.02336225894451,40.2650209643687 9.02349201733217,40.2650006047065 9.02365061102004,40.2649763290999 9.02411491365434,40.2649048637236 9.02415302716309,40.2648985944893 9.02422613929311,40.2648907774547 9.02449181157825,40.2648666046933 9.02477386466096,40.2648386980522 9.02495410282596,40.2647986950085 9.02523426070763,40.2647351381788 9.02551029044202,40.2646723653693 9.02593334301146,40.2645637656596 9.02622379722434,40.2644899696862 9.02643681598805,40.2644353530602 9.02679526715608,40.2643301071525 9.02725525662882,40.2641963674549 9.02749005838898,40.2641532395844 9.02769768417924,40.2641162529367 9.02788921500764,40.2640919997698 9.02790055261327,40.2640935826947 9.0281796112957,40.264059172816 9.02833511008495,40.2640396123595 9.02863876942808,40.2640016277742 9.02906612907615,40.2639492240555 9.029255613482,40.2639269241343 9.02914710372412,40.2637665690831 9.02899879806337,40.2635510873656 9.02860743056182,40.2636397621808 9.0282155917523,40.2637287420979 9.02789476753097,40.2638059648028 9.02788654613134,40.2638035973342 9.02759403671056,40.2638726591246 9.02722043363714,40.2639569916292 9.02681876003571,40.2640472303845 9.02653793531431,40.2641086560237 9.02624126209328,40.2642139594135 9.02593571165658,40.2642954346241 9.02574622674247,40.264322044523 9.02547951357055,40.2643548962681 9.02534770896663,40.2643705287639 9.02505781568506,40.2644357276275 9.02482234542896,40.264490986117 9.02447523412715,40.2645820520511 9.02418516635085,40.2646576634169 9.02391840405142,40.2647243862258 9.02376187952716,40.2647447157453 9.02361873750095,40.2647626999682 9.02340375304482,40.2647873651605 9.02320292062571,40.2648249914231 9.02284143676843,40.2648884690678 9.02283353331911,40.2648872273309 9.02251426713828,40.2649452271534 9.02218573339217,40.2650040026351 9.02180798390519,40.2650708135258 9.02147431621275,40.2651130470178 9.02088315071964,40.2651915605598 9.02090689901743,40.2652429809488</coordinates>
            </LinearRing>
          </outerBoundaryIs>
        </Polygon>
      </Placemark>
      <Placemark xmlns="http://www.opengis.net/kml/2.2">
        <styleUrl>#Parti singole_style_map</styleUrl>
        <name>T00333</name>
        <Polygon>
          <outerBoundaryIs>
            <LinearRing>
              <coordinates>9.02084492722653,40.2651076645056 9.02088315071964,40.2651915605598 9.02147431621275,40.2651130470178 9.02180798390519,40.2650708135258 9.02218573339217,40.2650040026351 9.02251426713828,40.2649452271534 9.02283353331911,40.2648872273309 9.02284143676843,40.2648884690678 9.02320292062571,40.2648249914231 9.02340375304482,40.2647873651605 9.02361873750095,40.2647626999682 9.02376187952716,40.2647447157453 9.02391840405142,40.2647243862258 9.02418516635085,40.2646576634169 9.02447523412715,40.2645820520511 9.02482234542896,40.264490986117 9.02505781568506,40.2644357276275 9.02534770896663,40.2643705287639 9.02547951357055,40.2643548962681 9.02574622674247,40.264322044523 9.02593571165658,40.2642954346241 9.02624126209328,40.2642139594135 9.02653793531431,40.2641086560237 9.02681876003571,40.2640472303845 9.02722043363714,40.2639569916292 9.02759403671056,40.2638726591246 9.02788654613134,40.2638035973342 9.02789476753097,40.2638059648028 9.0282155917523,40.2637287420979 9.02860743056182,40.2636397621808 9.02899879806337,40.2635510873656 9.02892940433154,40.2634474714798 9.02884410241404,40.2634635649508 9.0285938434359,40.2635169067895 9.02831523317068,40.2635776785339 9.02807732066777,40.263628673875 9.02789762848054,40.2636688258084 9.02788940709376,40.2636664493308 9.02770504581815,40.2637064759464 9.02734414204228,40.2637836074865 9.02709078868103,40.2638393162177 9.02671021034973,40.2639211891699 9.02649185466909,40.2639769336612 9.02639709816387,40.2639981176693 9.02623722007064,40.2640380463416 9.02599698337515,40.2641089843286 9.02577208283008,40.2641515754525 9.02545959786439,40.2642130414581 9.02535867711832,40.2642310727258 9.02506578214319,40.2642869116827 9.02489481315428,40.2643285075706 9.02473000526844,40.2643669576917 9.02452666210572,40.2644158302855 9.02423106595563,40.2644864608258 9.02405906048627,40.2645264790785 9.02404258469486,40.2645280410455 9.02386388303215,40.2645556366681 9.02361937228832,40.2645901823556 9.02345151280549,40.2646160183645 9.02330732562318,40.2646379484479 9.02315490788861,40.2646653755949 9.02284100512628,40.2647213752185 9.02283484186948,40.2647190069916 9.02270713066201,40.2647409511446 9.02260415006101,40.2647581875952 9.02234666943741,40.2648028504343 9.02209057621854,40.2648475394674 9.02172805677396,40.2649125904413 9.02171467334503,40.264912574893 9.02158730283386,40.2649356979539 9.02138751370207,40.2649670234317 9.02104972168046,40.2650202747204 9.02081991005845,40.265060127299 9.02084492722653,40.2651076645056</coordinates>
            </LinearRing>
          </outerBoundaryIs>
        </Polygon>
      </Placemark>
      <Placemark xmlns="http://www.opengis.net/kml/2.2">
        <styleUrl>#Parti singole_style_map</styleUrl>
        <name>T00334</name>
        <Polygon>
          <outerBoundaryIs>
            <LinearRing>
              <coordinates>9.02081432062886,40.2650495334492 9.02081991005845,40.265060127299 9.02104972168046,40.2650202747204 9.02138751370207,40.2649670234317 9.02158730283386,40.2649356979539 9.02171467334503,40.264912574893 9.02172805677396,40.2649125904413 9.02209057621854,40.2648475394674 9.02234666943741,40.2648028504343 9.02260415006101,40.2647581875952 9.02270713066201,40.2647409511446 9.02283484186948,40.2647190069916 9.02284100512628,40.2647213752185 9.02315490788861,40.2646653755949 9.02330732562318,40.2646379484479 9.02345151280549,40.2646160183645 9.02361937228832,40.2645901823556 9.02386388303215,40.2645556366681 9.02404258469486,40.2645280410455 9.02405906048627,40.2645264790785 9.02423106595563,40.2644864608258 9.02452666210572,40.2644158302855 9.02473000526844,40.2643669576917 9.02489481315428,40.2643285075706 9.02506578214319,40.2642869116827 9.02535867711832,40.2642310727258 9.02545959786439,40.2642130414581 9.02577208283008,40.2641515754525 9.02599698337515,40.2641089843286 9.02623722007064,40.2640380463416 9.02639709816387,40.2639981176693 9.02649185466909,40.2639769336612 9.02671021034973,40.2639211891699 9.02709078868103,40.2638393162177 9.02734414204228,40.2637836074865 9.02770504581815,40.2637064759464 9.02788940709376,40.2636664493308 9.02789762848054,40.2636688258084 9.02807732066777,40.263628673875 9.02831523317068,40.2635776785339 9.0285938434359,40.2635169067895 9.02884410241404,40.2634635649508 9.02892940433154,40.2634474714798 9.02883260368711,40.2633018613199 9.02860403954308,40.2633754595749 9.02833393238677,40.263464491208 9.02806261359555,40.2635544504488 9.02803870706927,40.2635594743031 9.02789556272003,40.2635917794677 9.0278864827825,40.2635892500374 9.02743719789894,40.2636869348638 9.02706284070254,40.2637654380747 9.02673145123815,40.2638348940456 9.02663801259804,40.2638572131126 9.0263763836489,40.2639247242328 9.02606842208795,40.2640016506848 9.02595719127806,40.2640283426228 9.02577931915408,40.2640672205621 9.02543634570917,40.2641441079687 9.02515347335566,40.2642064135942 9.02504018292977,40.2642307446762 9.02485582962603,40.2642691721159 9.02472193509201,40.2642942640193 9.02443182765394,40.2643532720286 9.02407191440498,40.2644248164443 9.02380208894735,40.2644734130712 9.02342980087245,40.2645403362661 9.0232475009718,40.2645701028751 9.02284415399534,40.2646414718665 9.02282560779073,40.2646414574495 9.02246000763164,40.2647025652797 9.02208348301144,40.2647688543046 9.02169522130407,40.264837027194 9.02129185604136,40.2648976607988 9.02102718741032,40.2649391687752 9.02079590383609,40.2649718682521 9.02081432062886,40.2650495334492</coordinates>
            </LinearRing>
          </outerBoundaryIs>
        </Polygon>
      </Placemark>
      <Placemark xmlns="http://www.opengis.net/kml/2.2">
        <styleUrl>#Parti singole_style_map</styleUrl>
        <name>T00335</name>
        <Polygon>
          <outerBoundaryIs>
            <LinearRing>
              <coordinates>9.02079590383609,40.2649718682521 9.02102718741032,40.2649391687752 9.02129185604136,40.2648976607988 9.02169522130407,40.264837027194 9.02208348301144,40.2647688543046 9.02246000763164,40.2647025652797 9.02282560779073,40.2646414574495 9.02284415399534,40.2646414718665 9.0232475009718,40.2645701028751 9.02342980087245,40.2645403362661 9.02380208894735,40.2644734130712 9.02407191440498,40.2644248164443 9.02443182765394,40.2643532720286 9.02472193509201,40.2642942640193 9.02485582962603,40.2642691721159 9.02504018292977,40.2642307446762 9.02515347335566,40.2642064135942 9.02543634570917,40.2641441079687 9.02577931915408,40.2640672205621 9.02595719127806,40.2640283426228 9.02606842208795,40.2640016506848 9.0263763836489,40.2639247242328 9.02663801259804,40.2638572131126 9.02673145123815,40.2638348940456 9.02706284070254,40.2637654380747 9.02743719789894,40.2636869348638 9.0278864827825,40.2635892500374 9.02789556272003,40.2635917794677 9.02803870706927,40.2635594743031 9.02806261359555,40.2635544504488 9.02833393238677,40.263464491208 9.02860403954308,40.2633754595749 9.02883260368711,40.2633018613199 9.02877948504573,40.2632227464092 9.02819539558827,40.2634325689133 9.02801579642859,40.263497568433 9.02789323001406,40.2635234541126 9.02788603115027,40.2635195097874 9.02759147319453,40.263579905194 9.02722705186971,40.2636525506076 9.02720954146062,40.2636541132659 9.02691188191826,40.2637255349435 9.02671370412306,40.2637721218589 9.02631511424839,40.2638678808172 9.0259840086819,40.2639450644915 9.0259232364175,40.2639584025633 9.02584703547948,40.2639740954077 9.02562911240229,40.2640254056404 9.02524803895691,40.2641117154338 9.02496941195999,40.2641737674386 9.02483759003353,40.2642059492894 9.02472017075604,40.264227902498 9.02432422334482,40.2642956173522 9.02409923770001,40.264335033997 9.02407761090749,40.2643365880163 9.02387781510905,40.2643742152405 9.02359724077324,40.264422984749 9.02324296775688,40.2644841017894 9.02322236590824,40.2644911690868 9.02283852893633,40.2645596062085 9.02280455464511,40.2645643066039 9.02246881410654,40.2646238680922 9.02195531325675,40.2647182284764 9.0216208887911,40.264779093594 9.0214366473766,40.2648101370146 9.02119463056682,40.2648540286896 9.02099740630071,40.2648887224794 9.02078383558754,40.2649261486111 9.02079590383609,40.2649718682521</coordinates>
            </LinearRing>
          </outerBoundaryIs>
        </Polygon>
      </Placemark>
      <Placemark xmlns="http://www.opengis.net/kml/2.2">
        <styleUrl>#Parti singole_style_map</styleUrl>
        <name>T00336</name>
        <Polygon>
          <outerBoundaryIs>
            <LinearRing>
              <coordinates>9.02078383558754,40.2649261486111 9.02099740630071,40.2648887224794 9.02119463056682,40.2648540286896 9.0214366473766,40.2648101370146 9.0216208887911,40.264779093594 9.02195531325675,40.2647182284764 9.02246881410654,40.2646238680922 9.02280455464511,40.2645643066039 9.02283852893633,40.2645596062085 9.02322236590824,40.2644911690868 9.02324296775688,40.2644841017894 9.02359724077324,40.264422984749 9.02387781510905,40.2643742152405 9.02407761090749,40.2643365880163 9.02409923770001,40.264335033997 9.02432422334482,40.2642956173522 9.02472017075604,40.264227902498 9.02483759003353,40.2642059492894 9.02496941195999,40.2641737674386 9.02524803895691,40.2641117154338 9.02562911240229,40.2640254056404 9.02584703547948,40.2639740954077 9.0259232364175,40.2639584025633 9.0259840086819,40.2639450644915 9.02631511424839,40.2638678808172 9.02671370412306,40.2637721218589 9.02691188191826,40.2637255349435 9.02720954146062,40.2636541132659 9.02722705186971,40.2636525506076 9.02759147319453,40.263579905194 9.02788603115027,40.2635195097874 9.02789323001406,40.2635234541126 9.02801579642859,40.263497568433 9.02819539558827,40.2634325689133 9.02877948504573,40.2632227464092 9.02869627605879,40.2630963854918 9.02821576659308,40.2632661277109 9.02797903247423,40.2633493575526 9.02789463012128,40.2633799819786 9.02788639701302,40.2633776145126 9.02784213856671,40.2633948957022 9.02770015391649,40.2634152361087 9.02740382466943,40.2634566850711 9.02724863942762,40.2634932085631 9.02704694703009,40.2635418329508 9.02662634592745,40.2636431567456 9.0263155812431,40.263705066129 9.02600789718475,40.2637669739946 9.02592608698965,40.2637831005769 9.02561528188695,40.2638662608316 9.02521724825544,40.2639773495738 9.02489821086972,40.2640652304977 9.02448662290401,40.2641317509986 9.0242090122653,40.2641766744388 9.02390237875759,40.2642275492032 9.02369067962597,40.2642591603687 9.02339434531703,40.2643037612946 9.02314293240357,40.2643398118897 9.02296490690565,40.2643845144947 9.02283471731789,40.2644136846656 9.02259476531651,40.2644710836867 9.02229325165935,40.2645424311506 9.02205502780917,40.2646007116269 9.02191404253463,40.2646336396275 9.02156824178081,40.2647183270799 9.02155075423987,40.2647190960665 9.02138027571524,40.2647599389043 9.0211191888268,40.2648209874315 9.02077725400737,40.2649012933452 9.02078383558754,40.2649261486111</coordinates>
            </LinearRing>
          </outerBoundaryIs>
        </Polygon>
      </Placemark>
      <Placemark xmlns="http://www.opengis.net/kml/2.2">
        <styleUrl>#Parti singole_style_map</styleUrl>
        <name>T00308</name>
        <Polygon>
          <outerBoundaryIs>
            <LinearRing>
              <coordinates>9.02335424175842,40.2712488263218 9.02346949082547,40.2713793918077 9.02371905007047,40.2714867764861 9.02394906005546,40.2715877951022 9.02407946856957,40.2714402697318 9.02423896104204,40.2712539806089 9.02436029954434,40.2711047990908 9.02456303832132,40.2708876440012 9.0242130509415,40.2707201183904 9.02392074004381,40.2705766345719 9.02389752009602,40.270568476955 9.02370556071462,40.2704640090318 9.02358356032583,40.2703982213173 9.02349863475534,40.2706507033434 9.02346632950791,40.2707647303214 9.02337311299943,40.2710573409001 9.02336136856214,40.2711772827991 9.02330257107862,40.2712426742794 9.02335424175842,40.2712488263218</coordinates>
            </LinearRing>
          </outerBoundaryIs>
        </Polygon>
      </Placemark>
      <Placemark xmlns="http://www.opengis.net/kml/2.2">
        <styleUrl>#Parti singole_style_map</styleUrl>
        <name>T00337</name>
        <Polygon>
          <outerBoundaryIs>
            <LinearRing>
              <coordinates>9.02073544547339,40.2648227493574 9.02077725400737,40.2649012933452 9.0211191888268,40.2648209874315 9.02138027571524,40.2647599389043 9.02155075423987,40.2647190960665 9.02156824178081,40.2647183270799 9.02191404253463,40.2646336396275 9.02205502780917,40.2646007116269 9.02229325165935,40.2645424311506 9.02259476531651,40.2644710836867 9.02283471731789,40.2644136846656 9.02296490690565,40.2643845144947 9.02314293240357,40.2643398118897 9.02339434531703,40.2643037612946 9.02369067962597,40.2642591603687 9.02390237875759,40.2642275492032 9.0242090122653,40.2641766744388 9.02448662290401,40.2641317509986 9.02489821086972,40.2640652304977 9.02521724825544,40.2639773495738 9.02561528188695,40.2638662608316 9.02592608698965,40.2637831005769 9.02600789718475,40.2637669739946 9.0263155812431,40.263705066129 9.02662634592745,40.2636431567456 9.02704694703009,40.2635418329508 9.02724863942762,40.2634932085631 9.02740382466943,40.2634566850711 9.02770015391649,40.2634152361087 9.02784213856671,40.2633948957022 9.02788639701302,40.2633776145126 9.02789463012128,40.2633799819786 9.02797903247423,40.2633493575526 9.02821576659308,40.2632661277109 9.02869627605879,40.2630963854918 9.0285487827075,40.2628760019582 9.0282085249532,40.2629857355378 9.02788048212217,40.2630885911771 9.02763994786489,40.2631673166218 9.02739554305487,40.2632437991744 9.02727102715391,40.2632759550676 9.02708784567049,40.2633238004299 9.0269278174637,40.2633657121235 9.02615649544211,40.2635999461051 9.02590701489387,40.263666228205 9.02572753626765,40.2637151066535 9.02571930407552,40.2637150994484 9.02547335772499,40.263768406564 9.02489620827612,40.2638932179329 9.02464716710838,40.2639449473341 9.0241002909703,40.2640510902838 9.02364908936583,40.2641399047285 9.02314440798867,40.2642160880216 9.02313718838349,40.2642198282678 9.02283774181278,40.2642778070685 9.02281773827984,40.2642803875878 9.0224647729966,40.264348538192 9.02229969123439,40.264380912692 9.02203830888245,40.264430251371 9.02179711832062,40.2644781892923 9.0214355198575,40.2645496177085 9.02107533352215,40.2646264142343 9.02067223579801,40.2647141723841 9.02073544547339,40.2648227493574</coordinates>
            </LinearRing>
          </outerBoundaryIs>
        </Polygon>
      </Placemark>
      <Placemark xmlns="http://www.opengis.net/kml/2.2">
        <styleUrl>#Parti singole_style_map</styleUrl>
        <name>T00338</name>
        <Polygon>
          <outerBoundaryIs>
            <LinearRing>
              <coordinates>9.02061613927263,40.2645590885534 9.02067223579801,40.2647141723841 9.02107533352215,40.2646264142343 9.0214355198575,40.2645496177085 9.02179711832062,40.2644781892923 9.02203830888245,40.264430251371 9.02229969123439,40.264380912692 9.0224647729966,40.264348538192 9.02281773827984,40.2642803875878 9.02283774181278,40.2642778070685 9.02313718838349,40.2642198282678 9.02314440798867,40.2642160880216 9.02364908936583,40.2641399047285 9.0241002909703,40.2640510902838 9.02464716710838,40.2639449473341 9.02489620827612,40.2638932179329 9.02547335772499,40.263768406564 9.02571930407552,40.2637150994484 9.02572753626765,40.2637151066535 9.02590701489387,40.263666228205 9.02615649544211,40.2635999461051 9.0269278174637,40.2633657121235 9.02708784567049,40.2633238004299 9.02727102715391,40.2632759550676 9.02739554305487,40.2632437991744 9.02763994786489,40.2631673166218 9.02788048212217,40.2630885911771 9.0282085249532,40.2629857355378 9.0285487827075,40.2628760019582 9.02840047036206,40.2626635014936 9.02804157667817,40.262780635669 9.0278913142959,40.2628300960882 9.02788515071719,40.2628269443275 9.02772768010971,40.2628787576542 9.02758729339911,40.2629222422299 9.02722778212714,40.2630607889351 9.02702295162781,40.2631408832142 9.02695075414703,40.2631663508674 9.02679518540415,40.263213576793 9.02662742350299,40.2632669495642 9.02648307234018,40.2633110643426 9.02629882844292,40.2633809452437 9.02612764781326,40.2634456516517 9.02592433084039,40.2635228606943 9.02575963956583,40.263583321781 9.02544064334132,40.2636483658296 9.02509317674334,40.2637184962847 9.02491001206836,40.2637553199192 9.024743298993,40.2637898064113 9.02451228782591,40.2638449372074 9.02429618798749,40.2638990464173 9.02409170104563,40.2639361344306 9.02373978360545,40.2639987840809 9.02350810833282,40.2640421739944 9.02305560780164,40.264117301384 9.02284467423418,40.2641525145392 9.02283232534661,40.2641509313154 9.02253440463868,40.2641996385511 9.02222571145494,40.2642497254653 9.02209914092707,40.2642692903003 9.0215871210843,40.2643541530636 9.02127158197407,40.2644043107605 9.02094333033256,40.2644575239826 9.02059950853181,40.2645145498958 9.02061613927263,40.2645590885534</coordinates>
            </LinearRing>
          </outerBoundaryIs>
        </Polygon>
      </Placemark>
      <Placemark xmlns="http://www.opengis.net/kml/2.2">
        <styleUrl>#Parti singole_style_map</styleUrl>
        <name>T00339</name>
        <Polygon>
          <outerBoundaryIs>
            <LinearRing>
              <coordinates>9.02053773185377,40.264358728259 9.02059950853181,40.2645145498958 9.02094333033256,40.2644575239826 9.02127158197407,40.2644043107605 9.0215871210843,40.2643541530636 9.02209914092707,40.2642692903003 9.02222571145494,40.2642497254653 9.02253440463868,40.2641996385511 9.02283232534661,40.2641509313154 9.02284467423418,40.2641525145392 9.02305560780164,40.264117301384 9.02350810833282,40.2640421739944 9.02373978360545,40.2639987840809 9.02409170104563,40.2639361344306 9.02429618798749,40.2638990464173 9.02451228782591,40.2638449372074 9.024743298993,40.2637898064113 9.02491001206836,40.2637553199192 9.02509317674334,40.2637184962847 9.02544064334132,40.2636483658296 9.02575963956583,40.263583321781 9.02592433084039,40.2635228606943 9.02612764781326,40.2634456516517 9.02629882844292,40.2633809452437 9.02648307234018,40.2633110643426 9.02662742350299,40.2632669495642 9.02679518540415,40.263213576793 9.02695075414703,40.2631663508674 9.02702295162781,40.2631408832142 9.02722778212714,40.2630607889351 9.02758729339911,40.2629222422299 9.02772768010971,40.2628787576542 9.02788515071719,40.2628269443275 9.0278913142959,40.2628300960882 9.02804157667817,40.262780635669 9.02840047036206,40.2626635014936 9.02829968348547,40.2625134592975 9.02824021053083,40.2624218588835 9.02788713170105,40.2625788209439 9.02788380203068,40.2625749477713 9.02771620497622,40.2626519893071 9.02758328073541,40.2627107157148 9.02748427451432,40.2627747044183 9.02716142601339,40.2628983230556 9.02694802386478,40.2629811850192 9.02677714013036,40.2630491446521 9.02660062226603,40.2631153755395 9.02643767480721,40.2631803147816 9.02642315253044,40.2631843361644 9.02627306336793,40.2632308844625 9.02607713894493,40.2632937674635 9.02581294090953,40.2633740529588 9.02551511075971,40.2634617777697 9.02545771503966,40.263477871685 9.02522591785859,40.2635337698626 9.02491031339973,40.2636129021381 9.02471730803898,40.2636566015886 9.02447259664137,40.2637118793366 9.02419659313979,40.2637739920028 9.02398458368441,40.2638218564011 9.02375207643732,40.2638717696477 9.0235053983001,40.2639235051236 9.02339089623213,40.2639472131984 9.02313633136441,40.2639787688088 9.02283856155657,40.2640185396556 9.02282470772685,40.26401802882 9.02252222196005,40.2640586826711 9.02240450531667,40.2640718135637 9.02202066420062,40.264122409728 9.02174908144734,40.2641559655158 9.02143384570038,40.264195015236 9.02130206479412,40.2642132377746 9.02093803246815,40.2642446731652 9.02050479212492,40.2642831376572 9.02053773185377,40.264358728259</coordinates>
            </LinearRing>
          </outerBoundaryIs>
        </Polygon>
      </Placemark>
      <Placemark xmlns="http://www.opengis.net/kml/2.2">
        <styleUrl>#Parti singole_style_map</styleUrl>
        <name>T00340</name>
        <Polygon>
          <outerBoundaryIs>
            <LinearRing>
              <coordinates>9.02045824797362,40.2641753594752 9.02050479212492,40.2642831376572 9.02093803246815,40.2642446731652 9.02130206479412,40.2642132377746 9.02143384570038,40.264195015236 9.02174908144734,40.2641559655158 9.02202066420062,40.264122409728 9.02240450531667,40.2640718135637 9.02252222196005,40.2640586826711 9.02282470772685,40.26401802882 9.02283856155657,40.2640185396556 9.02313633136441,40.2639787688088 9.02339089623213,40.2639472131984 9.0235053983001,40.2639235051236 9.02375207643732,40.2638717696477 9.02398458368441,40.2638218564011 9.02419659313979,40.2637739920028 9.02447259664137,40.2637118793366 9.02471730803898,40.2636566015886 9.02491031339973,40.2636129021381 9.02522591785859,40.2635337698626 9.02545771503966,40.263477871685 9.02551511075971,40.2634617777697 9.02581294090953,40.2633740529588 9.02607713894493,40.2632937674635 9.02627306336793,40.2632308844625 9.02642315253044,40.2631843361644 9.02643767480721,40.2631803147816 9.02660062226603,40.2631153755395 9.02677714013036,40.2630491446521 9.02694802386478,40.2629811850192 9.02716142601339,40.2628983230556 9.02748427451432,40.2627747044183 9.02758328073541,40.2627107157148 9.02771620497622,40.2626519893071 9.02788380203068,40.2625749477713 9.02788713170105,40.2625788209439 9.02824021053083,40.2624218588835 9.02813734298734,40.2622721684004 9.02799213727769,40.262318348385 9.02788856880761,40.2623525540466 9.02788132380928,40.2623505377044 9.02756155061306,40.2624527598384 9.02746128529763,40.2624844597774 9.02750602554805,40.2625852264237 9.02710851587521,40.2627456650666 9.02688287547722,40.2628377912174 9.02671629421805,40.262900524429 9.02638931592125,40.263024177887 9.02607858657509,40.263141448282 9.02582338270601,40.263213812701 9.02538958661181,40.2633463698692 9.02507845740625,40.2634400875623 9.02478227364896,40.2635311435453 9.02438473624804,40.2636137872244 9.02408150785747,40.2636753376846 9.02389947237858,40.2637140153873 9.02350520165851,40.2637605824698 9.02335285386301,40.2637801177928 9.02299412088177,40.2638233877035 9.0228358461117,40.2638444370532 9.02282728344475,40.263840889084 9.02239017113525,40.263895650054 9.02210526536108,40.2639302002281 9.02183692865222,40.2639618186315 9.02167139692101,40.2639823451998 9.02127256062213,40.2640305812287 9.0211802346101,40.2640446162164 9.02083285259335,40.2640655345239 9.02062184097194,40.264078959354 9.02041630878519,40.2640896800847 9.02045824797362,40.2641753594752</coordinates>
            </LinearRing>
          </outerBoundaryIs>
        </Polygon>
      </Placemark>
      <Placemark xmlns="http://www.opengis.net/kml/2.2">
        <styleUrl>#Parti singole_style_map</styleUrl>
        <name>T00341</name>
        <Polygon>
          <outerBoundaryIs>
            <LinearRing>
              <coordinates>9.02041630878519,40.2640896800847 9.02062184097194,40.264078959354 9.02083285259335,40.2640655345239 9.0211802346101,40.2640446162164 9.02127256062213,40.2640305812287 9.02167139692101,40.2639823451998 9.02183692865222,40.2639618186315 9.02210526536108,40.2639302002281 9.02239017113525,40.263895650054 9.02282728344475,40.263840889084 9.0228358461117,40.2638444370532 9.02299412088177,40.2638233877035 9.02335285386301,40.2637801177928 9.02350520165851,40.2637605824698 9.02389947237858,40.2637140153873 9.02408150785747,40.2636753376846 9.02438473624804,40.2636137872244 9.02478227364896,40.2635311435453 9.02507845740625,40.2634400875623 9.02538958661181,40.2633463698692 9.02582338270601,40.263213812701 9.02607858657509,40.263141448282 9.02638931592125,40.263024177887 9.02671629421805,40.262900524429 9.02688287547722,40.2628377912174 9.02710851587521,40.2627456650666 9.02750602554805,40.2625852264237 9.02746128529763,40.2624844597774 9.02756155061306,40.2624527598384 9.02788132380928,40.2623505377044 9.02788856880761,40.2623525540466 9.02799213727769,40.262318348385 9.02813734298734,40.2622721684004 9.02801681404816,40.2620976796602 9.0279414367969,40.2619634332353 9.02787257801954,40.2618370052124 9.02769727225815,40.2619240307792 9.02746581023514,40.2620356914445 9.02723420601092,40.26211681943 9.02731463947102,40.2622526507573 9.02738595749322,40.2623545824598 9.02701927965921,40.2625045448853 9.0267256067204,40.2626239392736 9.02656083366588,40.2626783022868 9.02616011248293,40.2628124675131 9.02559599098822,40.2630008485366 9.02498815820199,40.2631690014087 9.0245853175333,40.2632795935062 9.02436926868491,40.2633396219037 9.02382707377155,40.2635028900549 9.02366452897769,40.2635522033222 9.02290024437779,40.2635930583404 9.02221640991443,40.263631244436 9.02155108493371,40.2636681437939 9.02117021236696,40.2636911773994 9.02097715881961,40.2637010229884 9.02090819001471,40.2637181077216 9.02069934195011,40.2637660376142 9.02033758494695,40.2638492557021 9.02041630878519,40.2640896800847</coordinates>
            </LinearRing>
          </outerBoundaryIs>
        </Polygon>
      </Placemark>
      <Placemark xmlns="http://www.opengis.net/kml/2.2">
        <styleUrl>#Parti singole_style_map</styleUrl>
        <name>T00342</name>
        <Polygon>
          <outerBoundaryIs>
            <LinearRing>
              <coordinates>9.02033758494695,40.2638492557021 9.02069934195011,40.2637660376142 9.02090819001471,40.2637181077216 9.02097715881961,40.2637010229884 9.02117021236696,40.2636911773994 9.02155108493371,40.2636681437939 9.02221640991443,40.263631244436 9.02290024437779,40.2635930583404 9.02366452897769,40.2635522033222 9.02382707377155,40.2635028900549 9.02436926868491,40.2633396219037 9.0245853175333,40.2632795935062 9.02498815820199,40.2631690014087 9.02559599098822,40.2630008485366 9.02616011248293,40.2628124675131 9.02656083366588,40.2626783022868 9.0267256067204,40.2626239392736 9.02701927965921,40.2625045448853 9.02738595749322,40.2623545824598 9.02731463947102,40.2622526507573 9.02689423196254,40.2624066343932 9.02655220574994,40.262536165782 9.02649049608692,40.262554792779 9.02605530954729,40.2626965872212 9.02576606958579,40.2627897253214 9.02553261283978,40.2628665889371 9.0251351047761,40.2629842540311 9.02454023392919,40.2631614560405 9.02410443600696,40.2632928015755 9.02398231931392,40.2633300616645 9.02373661496538,40.2634030321669 9.02321016953613,40.263439975995 9.02283620311342,40.2634661759565 9.02282504241086,40.2634654303583 9.02201672111621,40.2635216938442 9.02151856811379,40.2635558678579 9.0210215559424,40.2635919765053 9.02071178709966,40.263657546424 9.02038657786963,40.2637280282093 9.02033758494695,40.2638492557021</coordinates>
            </LinearRing>
          </outerBoundaryIs>
        </Polygon>
      </Placemark>
      <Placemark xmlns="http://www.opengis.net/kml/2.2">
        <styleUrl>#Parti singole_style_map</styleUrl>
        <name>T00343</name>
        <Polygon>
          <outerBoundaryIs>
            <LinearRing>
              <coordinates>9.02038657786963,40.2637280282093 9.02071178709966,40.263657546424 9.0210215559424,40.2635919765053 9.02151856811379,40.2635558678579 9.02201672111621,40.2635216938442 9.02282504241086,40.2634654303583 9.02283620311342,40.2634661759565 9.02321016953613,40.263439975995 9.02373661496538,40.2634030321669 9.02398231931392,40.2633300616645 9.02410443600696,40.2632928015755 9.02454023392919,40.2631614560405 9.0251351047761,40.2629842540311 9.02553261283978,40.2628665889371 9.02576606958579,40.2627897253214 9.02605530954729,40.2626965872212 9.02649049608692,40.262554792779 9.02655220574994,40.262536165782 9.02689423196254,40.2624066343932 9.02731463947102,40.2622526507573 9.02723420601092,40.26211681943 9.02697767236643,40.2622039438184 9.02619296877676,40.2624684791722 9.02551953176328,40.2626975337806 9.0246340453613,40.2629983695411 9.02398427868104,40.2632154369764 9.02377017360399,40.2632861037464 9.02359632759806,40.2633006526308 9.02284386230252,40.2633695055556 9.02282551636585,40.2633694820905 9.02224028673995,40.2634230819377 9.02157565359805,40.2634846125101 9.02121659977635,40.2635156965085 9.02103576765866,40.2635322338416 9.02095483777906,40.2635457080427 9.02071368225742,40.2635849137745 9.02045042904314,40.2636244742009 9.02038657786963,40.2637280282093</coordinates>
            </LinearRing>
          </outerBoundaryIs>
        </Polygon>
      </Placemark>
      <Placemark xmlns="http://www.opengis.net/kml/2.2">
        <styleUrl>#Parti singole_style_map</styleUrl>
        <name>T00344</name>
        <Polygon>
          <outerBoundaryIs>
            <LinearRing>
              <coordinates>9.02723420601092,40.26211681943 9.02746581023514,40.2620356914445 9.02769727225815,40.2619240307792 9.02787257801954,40.2618370052124 9.027825434511,40.2617549784446 9.02765973722796,40.2618138658786 9.02745343870773,40.2618882043908 9.02715494386566,40.2619981143006 9.02723420601092,40.26211681943</coordinates>
            </LinearRing>
          </outerBoundaryIs>
        </Polygon>
      </Placemark>
      <Placemark xmlns="http://www.opengis.net/kml/2.2">
        <styleUrl>#Parti singole_style_map</styleUrl>
        <name>T00347</name>
        <Polygon>
          <outerBoundaryIs>
            <LinearRing>
              <coordinates>9.02058128889458,40.2635177011858 9.02095258238395,40.26347660774 9.02139458756873,40.2634288244422 9.02198662384295,40.2633650742111 9.02273842696444,40.2632827942433 9.02283539869196,40.2632741896675 9.02297736218681,40.2632574589208 9.02371079423673,40.263177266362 9.02380165085594,40.263169986565 9.02392615906432,40.2631114824407 9.02419394076014,40.262985154393 9.0244282106296,40.2628744006276 9.02453479753994,40.2628551167025 9.02477207763195,40.26277886692 9.02516838194853,40.2626512211117 9.02544838028685,40.2625623118309 9.02570618825543,40.2624776590849 9.02592949507069,40.2624021757674 9.02623060753798,40.2623005118773 9.02648841353008,40.2622158393669 9.02673897223086,40.2621247533683 9.02702902625753,40.2620189636929 9.02697842488851,40.2619335589215 9.02691924499209,40.2618336962963 9.02707418748471,40.2617572624434 9.02724447440218,40.2616759778577 9.02738949655372,40.2616139786568 9.02769149773297,40.2614846794626 9.02761957333292,40.2613358010225 9.02752006902754,40.2612372094759 9.02708743228902,40.2614663246068 9.0269153554226,40.2615404920903 9.02667160058793,40.2616425411554 9.02671341994912,40.2617060376398 9.02606517371311,40.2619751086722 9.02585266089338,40.2620420040927 9.02575110240036,40.2620753425152 9.02564439476237,40.2621136010076 9.02536413286573,40.2622155922142 9.02522965179594,40.2622652349653 9.02502011352351,40.2623348580082 9.02450201715232,40.2625103767511 9.02406160749272,40.2626585523233 9.023417944782,40.2627688741109 9.02283765317039,40.2628727654623 9.02282481111193,40.2628727589465 9.02204382976886,40.2630100462335 9.02158112856067,40.2630912149671 9.02107745570752,40.2631786686162 9.02073872242151,40.2632407842527 9.0205095654099,40.2635251102628 9.02058128889458,40.2635177011858</coordinates>
            </LinearRing>
          </outerBoundaryIs>
        </Polygon>
      </Placemark>
      <Placemark xmlns="http://www.opengis.net/kml/2.2">
        <styleUrl>#Parti singole_style_map</styleUrl>
        <name>T00359</name>
        <Polygon>
          <outerBoundaryIs>
            <LinearRing>
              <coordinates>9.02441713254308,40.2602842788541 9.02470952630202,40.2601562867369 9.02492782214657,40.2600625536898 9.02487871456379,40.2599992382704 9.02441631448291,40.2602655218212 9.02441713254308,40.2602842788541</coordinates>
            </LinearRing>
          </outerBoundaryIs>
        </Polygon>
      </Placemark>
      <Placemark xmlns="http://www.opengis.net/kml/2.2">
        <styleUrl>#Parti singole_style_map</styleUrl>
        <name>T00367</name>
        <Polygon>
          <outerBoundaryIs>
            <LinearRing>
              <coordinates>9.02203961846839,40.2603902646366 9.02214218691839,40.2602814590087 9.02219579404508,40.260228582785 9.0222774608209,40.2601429436893 9.02236179527015,40.2600524931022 9.02249210134391,40.2599366636964 9.02263258772,40.2598114896176 9.02265732287977,40.2597900789387 9.02275542457989,40.2597284188867 9.02281064914264,40.2596975966411 9.02281993808338,40.2596941983614 9.02314555301438,40.2594959858359 9.02309794468101,40.2593383788139 9.02338136830498,40.2592567172281 9.0236110563761,40.2591925076141 9.02386030973264,40.2591223745116 9.02426153986313,40.2590130915306 9.02438397896798,40.2589788311248 9.02477536814011,40.2588462235171 9.0251671790003,40.2587132811511 9.02503524209941,40.2585613687614 9.02480895775391,40.2583037799431 9.02455074822386,40.2584082421226 9.02426404892033,40.2585239981718 9.02415146301421,40.258552778819 9.02394323525567,40.2586076425745 9.02365145262475,40.2586850548732 9.02345143152348,40.2587035548559 9.02320085759873,40.2587249474324 9.02281154042764,40.2587295011926 9.0228038373674,40.2587275386754 9.02270329507122,40.2587294680841 9.02255905527504,40.2589847271976 9.02251400187594,40.2590838913629 9.02249295249759,40.2592284844427 9.02247207765161,40.2593315089187 9.02239796014286,40.2595935563513 9.02232737139527,40.2597509969547 9.02218532375341,40.2600691395226 9.02209407961833,40.2602127456968 9.0219749281522,40.2603895289703 9.02203961846839,40.2603902646366</coordinates>
            </LinearRing>
          </outerBoundaryIs>
          <innerBoundaryIs>
            <LinearRing>
              <coordinates>9.02382013073574,40.2588590249894 9.02386796133101,40.2588394742743 9.0238884100807,40.2588708492515 9.02384323652839,40.2588887417384 9.02382013073574,40.2588590249894</coordinates>
            </LinearRing>
          </innerBoundaryIs>
        </Polygon>
      </Placemark>
      <Placemark xmlns="http://www.opengis.net/kml/2.2">
        <styleUrl>#Parti singole_style_map</styleUrl>
        <name>T00345</name>
        <Polygon>
          <outerBoundaryIs>
            <LinearRing>
              <coordinates>9.02045042904314,40.2636244742009 9.02071368225742,40.2635849137745 9.02095483777906,40.2635457080427 9.02103576765866,40.2635322338416 9.02121659977635,40.2635156965085 9.02157565359805,40.2634846125101 9.02224028673995,40.2634230819377 9.02282551636585,40.2633694820905 9.02284386230252,40.2633695055556 9.02359632759806,40.2633006526308 9.02377017360399,40.2632861037464 9.02398427868104,40.2632154369764 9.0246340453613,40.2629983695411 9.02551953176328,40.2626975337806 9.02619296877676,40.2624684791722 9.02697767236643,40.2622039438184 9.02723420601092,40.26211681943 9.02715494386566,40.2619981143006 9.02702902625753,40.2620189636929 9.02673897223086,40.2621247533683 9.02648841353008,40.2622158393669 9.02623060753798,40.2623005118773 9.02592949507069,40.2624021757674 9.02570618825543,40.2624776590849 9.02544838028685,40.2625623118309 9.02516838194853,40.2626512211117 9.02477207763195,40.26277886692 9.02453479753994,40.2628551167025 9.0244282106296,40.2628744006276 9.02419394076014,40.262985154393 9.02392615906432,40.2631114824407 9.02380165085594,40.263169986565 9.02371079423673,40.263177266362 9.02297736218681,40.2632574589208 9.02283539869196,40.2632741896675 9.02273842696444,40.2632827942433 9.02198662384295,40.2633650742111 9.02139458756873,40.2634288244422 9.02095258238395,40.26347660774 9.02058128889458,40.2635177011858 9.0205095654099,40.2635251102628 9.02045042904314,40.2636244742009</coordinates>
            </LinearRing>
          </outerBoundaryIs>
        </Polygon>
      </Placemark>
      <Placemark xmlns="http://www.opengis.net/kml/2.2">
        <styleUrl>#Parti singole_style_map</styleUrl>
        <name>T00346</name>
        <Polygon>
          <outerBoundaryIs>
            <LinearRing>
              <coordinates>9.02697842488851,40.2619335589215 9.02710540045254,40.2618820869983 9.02741580274303,40.2617597867525 9.02775780897828,40.2616236580492 9.02775341909576,40.2616151363651 9.02769149773297,40.2614846794626 9.02738949655372,40.2616139786568 9.02724447440218,40.2616759778577 9.02707418748471,40.2617572624434 9.02691924499209,40.2618336962963 9.02697842488851,40.2619335589215</coordinates>
            </LinearRing>
          </outerBoundaryIs>
        </Polygon>
      </Placemark>
      <Placemark xmlns="http://www.opengis.net/kml/2.2">
        <styleUrl>#Parti singole_style_map</styleUrl>
        <name>T00355</name>
        <Polygon>
          <outerBoundaryIs>
            <LinearRing>
              <coordinates>9.02288381487008,40.2608254470915 9.02394107444764,40.2606147810713 9.02386623082197,40.2605332898573 9.02372780945026,40.2605741296669 9.0233788158938,40.2606778146734 9.02305128042636,40.2607742780335 9.02288381487008,40.2608254470915</coordinates>
            </LinearRing>
          </outerBoundaryIs>
        </Polygon>
      </Placemark>
      <Placemark xmlns="http://www.opengis.net/kml/2.2">
        <styleUrl>#Parti singole_style_map</styleUrl>
        <name>T00377</name>
        <Polygon>
          <outerBoundaryIs>
            <LinearRing>
              <coordinates>9.01160192311572,40.2662072897662 9.0119000379328,40.2666493155212 9.01221429347311,40.2664228912356 9.01254396410659,40.2661903922559 9.01279987585553,40.2661203274041 9.01336599485994,40.2659703248224 9.01370162159836,40.2659753407924 9.01414904326896,40.2660285328125 9.01476134531018,40.2660578012592 9.01497592798311,40.2659909259905 9.01501187791902,40.2659797229917 9.01505405566654,40.2659438970081 9.01519234709416,40.2658264082199 9.01541254668948,40.2656376007047 9.01544377383379,40.2654910707651 9.01544460795447,40.2654871066017 9.01549919471031,40.2654081156844 9.01572208711668,40.2652795248114 9.01587841045871,40.2651348249637 9.01592551310047,40.265091241062 9.0163175341668,40.2648750746047 9.01652822146493,40.2647203391034 9.01684357550689,40.2645170737238 9.01685086696279,40.2645170816944 9.01746088718819,40.2641275697661 9.01809125437656,40.2637262764332 9.01862202088417,40.2633833390963 9.01922474227734,40.2629975667813 9.01964369512837,40.2626992565417 9.01916175599794,40.2624490867379 9.01909391706924,40.2624665215695 9.01797656725953,40.26267972003 9.01716573542946,40.2628342676325 9.0160254138833,40.2629289613242 9.01538241690938,40.2629828045744 9.01516086254049,40.2630677269885 9.01485565246371,40.263129028303 9.01430776201762,40.2632061784979 9.01387915817985,40.2632452662963 9.01331809455111,40.2632006447419 9.01283652382656,40.2633121326775 9.01262309638545,40.2638800875909 9.0124878831689,40.2642470022179 9.01275796298014,40.2643927337278 9.0129697050514,40.2644994160189 9.01308149826725,40.2646185506769 9.01328505542288,40.265153369253 9.01329404952087,40.2654480056328 9.01300330946743,40.2655368686178 9.01274656901917,40.2655637978932 9.01235917903174,40.2656523272103 9.01169133022916,40.2658683003481 9.01160192311572,40.2662072897662</coordinates>
            </LinearRing>
          </outerBoundaryIs>
        </Polygon>
      </Placemark>
      <Placemark xmlns="http://www.opengis.net/kml/2.2">
        <styleUrl>#Parti singole_style_map</styleUrl>
        <name>T00370</name>
        <Polygon>
          <outerBoundaryIs>
            <LinearRing>
              <coordinates>9.01651314342595,40.2533895106854 9.01668766070822,40.2535764097858 9.0167742490945,40.2536682917234 9.01678564573965,40.2536791642517 9.0169436748552,40.2537526931016 9.01757251405954,40.2540466897009 9.01843220991267,40.2544495326377 9.01819594737613,40.2546900887582 9.01815930529706,40.2547275547855 9.01819760496202,40.2547333868719 9.01827090963217,40.2546919511031 9.01856272735601,40.254479404819 9.01893185064879,40.2542462593166 9.0191061064091,40.2541350753113 9.01960577713865,40.2536793513353 9.01932988661675,40.2535949172957 9.01876767419834,40.2533691645949 9.0180484996936,40.2529986818748 9.01767020388761,40.2527981034065 9.01713428880477,40.2528321200989 9.01692578564605,40.2527697521651 9.01675752225761,40.2530091244668 9.01664446639478,40.2531618289347 9.01650665463082,40.2533479700122 9.01651314342595,40.2533895106854</coordinates>
            </LinearRing>
          </outerBoundaryIs>
        </Polygon>
      </Placemark>
      <Placemark xmlns="http://www.opengis.net/kml/2.2">
        <styleUrl>#Parti singole_style_map</styleUrl>
        <name>T00379</name>
        <Polygon>
          <outerBoundaryIs>
            <LinearRing>
              <coordinates>9.01544377383379,40.2654910707651 9.0160341977547,40.2659317411245 9.01640242028562,40.2654685089178 9.01761199089558,40.265265717691 9.01876440103422,40.2650732745068 9.01977637916588,40.264902970119 9.01980414548117,40.2648202158072 9.01984324462243,40.2646408987987 9.01991265992458,40.2644548287506 9.02004431444572,40.2642410807805 9.02018572425788,40.2640506648553 9.02034528242542,40.2638305152003 9.02042311646446,40.2636862731652 9.02048761251454,40.2635765026633 9.01979245121276,40.263859501901 9.01887825964226,40.2642294531288 9.01810393347635,40.2645424555229 9.01739673503483,40.2648329288265 9.01662645252503,40.265145875661 9.01621113346403,40.2653127028747 9.01587841045871,40.2651348249637 9.01572208711668,40.2652795248114 9.01549919471031,40.2654081156844 9.01544460795447,40.2654871066017 9.01544377383379,40.2654910707651</coordinates>
            </LinearRing>
          </outerBoundaryIs>
        </Polygon>
      </Placemark>
      <Placemark xmlns="http://www.opengis.net/kml/2.2">
        <styleUrl>#Parti singole_style_map</styleUrl>
        <name>T03533</name>
        <Polygon>
          <outerBoundaryIs>
            <LinearRing>
              <coordinates>9.00034065667579,40.2468656881526 9.00040070111301,40.2468664284392 9.00094694036828,40.2464833116211 9.00133828369595,40.2468779838321 9.0014055823435,40.2468788129731 9.00094516177695,40.2464424332962 9.00034065667579,40.2468656881526</coordinates>
            </LinearRing>
          </outerBoundaryIs>
        </Polygon>
      </Placemark>
      <Placemark xmlns="http://www.opengis.net/kml/2.2">
        <styleUrl>#Parti singole_style_map</styleUrl>
        <name>T03534</name>
        <Polygon>
          <outerBoundaryIs>
            <LinearRing>
              <coordinates>9.00040070111301,40.2468664284392 9.00133828369595,40.2468779838321 9.00094694036828,40.2464833116211 9.00040070111301,40.2468664284392</coordinates>
            </LinearRing>
          </outerBoundaryIs>
        </Polygon>
      </Placemark>
      <Placemark xmlns="http://www.opengis.net/kml/2.2">
        <styleUrl>#Parti singole_style_map</styleUrl>
        <name>T03535</name>
        <Polygon>
          <outerBoundaryIs>
            <LinearRing>
              <coordinates>8.9998637631474,40.2468598074354 9.00011383690986,40.245775095649 9.00031722966746,40.2456359486535 9.00027807351496,40.245606859993 9.00007063173569,40.2457559125357 8.99980858986116,40.2468591269501 8.9998637631474,40.2468598074354</coordinates>
            </LinearRing>
          </outerBoundaryIs>
        </Polygon>
      </Placemark>
      <Placemark xmlns="http://www.opengis.net/kml/2.2">
        <styleUrl>#Parti singole_style_map</styleUrl>
        <name>T03536</name>
        <Polygon>
          <outerBoundaryIs>
            <LinearRing>
              <coordinates>9.00034065667579,40.2468656881526 9.00094516177695,40.2464424332962 9.0014055823435,40.2468788129731 9.00194013981463,40.2468853975032 9.0018881476103,40.2468333247675 9.00189594253072,40.2468243784849 9.0015290262472,40.2465474475918 9.00113815145925,40.2462515061774 9.00103753217464,40.2461753246286 9.00083922183248,40.2460237270392 9.00031722966746,40.2456359486535 9.00011383690986,40.245775095649 8.9998637631474,40.2468598074354 9.00034065667579,40.2468656881526</coordinates>
            </LinearRing>
          </outerBoundaryIs>
        </Polygon>
      </Placemark>
      <Placemark xmlns="http://www.opengis.net/kml/2.2">
        <styleUrl>#Parti singole_style_map</styleUrl>
        <name>T03537</name>
        <Polygon>
          <outerBoundaryIs>
            <LinearRing>
              <coordinates>8.99980858986116,40.2468591269501 9.00007063173569,40.2457559125357 9.00027807351496,40.245606859993 9.00023144556534,40.2455722205695 8.99967530219278,40.2451600906099 8.9991882067173,40.245189700084 8.99865804264683,40.2453000117146 8.99812364433636,40.245409167649 8.99740711109667,40.2456021836794 8.99711514013502,40.2462198857846 8.99696636067869,40.2465212767994 8.99656461240965,40.2467585858339 8.99635812666478,40.2468165083141 8.99980858986116,40.2468591269501</coordinates>
            </LinearRing>
          </outerBoundaryIs>
          <innerBoundaryIs>
            <LinearRing>
              <coordinates>8.99905982388224,40.2455780783235 8.99915010811573,40.2455097171433 8.99936664825779,40.2456794083654 8.99927746920434,40.2457468597889 8.99926156195823,40.2457349944614 8.99922263350831,40.2457646345039 8.99917766296364,40.2457298493528 8.99921639155063,40.2456996777778 8.99905982388224,40.2455780783235</coordinates>
            </LinearRing>
          </innerBoundaryIs>
        </Polygon>
      </Placemark>
    </Folder>
  </Document>
</kml>

