<?xml version="1.0" encoding="UTF-8"?>
<kml xmlns="http://www.opengis.net/kml/2.2">
  <Document xmlns="">
    <Folder>
      <name>Patrimonio IGEA</name>
      <Placemark xmlns="http://www.opengis.net/kml/2.2">
        <styleUrl>#Parti singole_style_map</styleUrl>
        <name>F00284</name>
        <Polygon>
          <outerBoundaryIs>
            <LinearRing>
              <coordinates>8.51535218126232,39.5156982934592 8.51540653273177,39.5157582586313 8.51546115386133,39.5158062231547 8.51550022319211,39.5158556365244 8.51555382990359,39.5158303248428 8.51554315254391,39.5158183506495 8.51561461315963,39.5157716868523 8.51557052782722,39.5157359663117 8.515536328492,39.5157591243809 8.51551651687635,39.5157424627652 8.51548577120746,39.51576413951 8.51539704323489,39.5156724948494 8.51535218126232,39.5156982934592</coordinates>
            </LinearRing>
          </outerBoundaryIs>
        </Polygon>
      </Placemark>
      <Placemark xmlns="http://www.opengis.net/kml/2.2">
        <styleUrl>#Parti singole_style_map</styleUrl>
        <name>F00285</name>
        <Polygon>
          <outerBoundaryIs>
            <LinearRing>
              <coordinates>8.51295809154553,39.5217045766793 8.5130620972244,39.5218298325476 8.51314597411699,39.5217888988746 8.51304195148671,39.5216643908651 8.51295809154553,39.5217045766793</coordinates>
            </LinearRing>
          </outerBoundaryIs>
        </Polygon>
      </Placemark>
      <Placemark xmlns="http://www.opengis.net/kml/2.2">
        <styleUrl>#Parti singole_style_map</styleUrl>
        <name>F00286</name>
        <Polygon>
          <outerBoundaryIs>
            <LinearRing>
              <coordinates>8.51330070393875,39.5253967611932 8.51340301095472,39.5253812956293 8.51335061831599,39.5251733435394 8.51324846296631,39.5251887916734 8.51330070393875,39.5253967611932</coordinates>
            </LinearRing>
          </outerBoundaryIs>
        </Polygon>
      </Placemark>
      <Placemark xmlns="http://www.opengis.net/kml/2.2">
        <styleUrl>#Parti singole_style_map</styleUrl>
        <name>F01558</name>
        <Polygon>
          <outerBoundaryIs>
            <LinearRing>
              <coordinates>8.51947876839299,39.5258043215278 8.51960503837745,39.5258653390119 8.51963047095052,39.5258368004264 8.51950198639112,39.5257729896242 8.51947876839299,39.5258043215278</coordinates>
            </LinearRing>
          </outerBoundaryIs>
        </Polygon>
      </Placemark>
      <Placemark xmlns="http://www.opengis.net/kml/2.2">
        <styleUrl>#Parti singole_style_map</styleUrl>
        <name>F01586</name>
        <Polygon>
          <outerBoundaryIs>
            <LinearRing>
              <coordinates>8.51168061520717,39.5209042246742 8.51179046294963,39.5208543818217 8.511779030128,39.5208190403778 8.51180390122964,39.5208060709428 8.51176907627983,39.5207635671005 8.51161480612767,39.5208272972843 8.51168061520717,39.5209042246742</coordinates>
            </LinearRing>
          </outerBoundaryIs>
        </Polygon>
      </Placemark>
      <Placemark xmlns="http://www.opengis.net/kml/2.2">
        <styleUrl>#Parti singole_style_map</styleUrl>
        <name>F00172</name>
        <Polygon>
          <outerBoundaryIs>
            <LinearRing>
              <coordinates>8.5128416254152,39.5200285936529 8.51290094150627,39.5200442229998 8.51292749779145,39.5199665212826 8.51286202476441,39.5199579392262 8.5128416254152,39.5200285936529</coordinates>
            </LinearRing>
          </outerBoundaryIs>
        </Polygon>
      </Placemark>
      <Placemark xmlns="http://www.opengis.net/kml/2.2">
        <styleUrl>#Parti singole_style_map</styleUrl>
        <name>F00066</name>
        <Polygon>
          <outerBoundaryIs>
            <LinearRing>
              <coordinates>8.51413433789672,39.5162224814426 8.51425424496721,39.5161434307773 8.51422059684147,39.5161141236669 8.51409069325964,39.5161853565778 8.51413433789672,39.5162224814426</coordinates>
            </LinearRing>
          </outerBoundaryIs>
        </Polygon>
      </Placemark>
      <Placemark xmlns="http://www.opengis.net/kml/2.2">
        <styleUrl>#Parti singole_style_map</styleUrl>
        <name>F00067</name>
        <Polygon>
          <outerBoundaryIs>
            <LinearRing>
              <coordinates>8.51413433789672,39.5162224814426 8.51425424496721,39.5161434307773 8.51422059684147,39.5161141236669 8.51409069325964,39.5161853565778 8.51413433789672,39.5162224814426</coordinates>
            </LinearRing>
          </outerBoundaryIs>
        </Polygon>
      </Placemark>
      <Placemark xmlns="http://www.opengis.net/kml/2.2">
        <styleUrl>#Parti singole_style_map</styleUrl>
        <name>F01671</name>
        <Polygon>
          <outerBoundaryIs>
            <LinearRing>
              <coordinates>8.51629343811014,39.4908407046509 8.51635341051351,39.4908923944586 8.51639301520188,39.49086437491 8.51633418691519,39.4908170689202 8.51629343811014,39.4908407046509</coordinates>
            </LinearRing>
          </outerBoundaryIs>
        </Polygon>
      </Placemark>
      <Placemark xmlns="http://www.opengis.net/kml/2.2">
        <styleUrl>#Parti singole_style_map</styleUrl>
        <name>F01670</name>
        <Polygon>
          <outerBoundaryIs>
            <LinearRing>
              <coordinates>8.51252520034115,39.5117444753516 8.51273698961079,39.5118562179227 8.51276926941742,39.5118212941328 8.51255188914133,39.5117056356991 8.51252520034115,39.5117444753516</coordinates>
            </LinearRing>
          </outerBoundaryIs>
        </Polygon>
      </Placemark>
      <Placemark xmlns="http://www.opengis.net/kml/2.2">
        <styleUrl>#Parti singole_style_map</styleUrl>
        <name>F01561</name>
        <Polygon>
          <outerBoundaryIs>
            <LinearRing>
              <coordinates>8.51155497342741,39.4908766908976 8.51163157841586,39.4909041701397 8.51177321427767,39.4906605756658 8.51168995305597,39.4906337713495 8.51165766038365,39.4906884816788 8.51155840980367,39.4906616280831 8.51146557700708,39.490849166831 8.51155497342741,39.4908766908976</coordinates>
            </LinearRing>
          </outerBoundaryIs>
        </Polygon>
      </Placemark>
      <Placemark xmlns="http://www.opengis.net/kml/2.2">
        <styleUrl>#Parti singole_style_map</styleUrl>
        <name>F01698</name>
        <Polygon>
          <outerBoundaryIs>
            <LinearRing>
              <coordinates>8.5066288778026,39.504627643124 8.50669790463507,39.5046223691568 8.50661755787952,39.5043993444963 8.50654848398113,39.5044112987208 8.5066288778026,39.504627643124</coordinates>
            </LinearRing>
          </outerBoundaryIs>
        </Polygon>
      </Placemark>
      <Placemark xmlns="http://www.opengis.net/kml/2.2">
        <styleUrl>#Parti singole_style_map</styleUrl>
        <name>F01699</name>
        <Polygon>
          <outerBoundaryIs>
            <LinearRing>
              <coordinates>8.50712056759928,39.504811217191 8.50719093738094,39.5048193096365 8.50723141910771,39.5045823234603 8.50716823574686,39.5045742615252 8.50712056759928,39.504811217191</coordinates>
            </LinearRing>
          </outerBoundaryIs>
        </Polygon>
      </Placemark>
      <Placemark xmlns="http://www.opengis.net/kml/2.2">
        <styleUrl>#Parti singole_style_map</styleUrl>
        <name>F01701</name>
        <Polygon>
          <outerBoundaryIs>
            <LinearRing>
              <coordinates>8.50711251727518,39.5043235062406 8.5071844103672,39.5043193575612 8.50717604182106,39.5040799373174 8.5071099293692,39.5040796568477 8.50711251727518,39.5043235062406</coordinates>
            </LinearRing>
          </outerBoundaryIs>
        </Polygon>
      </Placemark>
      <Placemark xmlns="http://www.opengis.net/kml/2.2">
        <styleUrl>#Parti singole_style_map</styleUrl>
        <name>F01707</name>
        <Polygon>
          <outerBoundaryIs>
            <LinearRing>
              <coordinates>8.5007806552645,39.4908913656378 8.50083026110609,39.4908612277692 8.5007625449673,39.4908041936553 8.50071974191436,39.4908356803369 8.5007806552645,39.4908913656378</coordinates>
            </LinearRing>
          </outerBoundaryIs>
        </Polygon>
      </Placemark>
      <Placemark xmlns="http://www.opengis.net/kml/2.2">
        <styleUrl>#Parti singole_style_map</styleUrl>
        <name>F01706</name>
        <Polygon>
          <outerBoundaryIs>
            <LinearRing>
              <coordinates>8.500421053191,39.4906879198778 8.50069056989046,39.4906283764227 8.50066890253744,39.4905623028744 8.50040447632429,39.4906245073864 8.500421053191,39.4906879198778</coordinates>
            </LinearRing>
          </outerBoundaryIs>
        </Polygon>
      </Placemark>
      <Placemark xmlns="http://www.opengis.net/kml/2.2">
        <styleUrl>#Parti singole_style_map</styleUrl>
        <name>F01705</name>
        <Polygon>
          <outerBoundaryIs>
            <LinearRing>
              <coordinates>8.50116073451868,39.4906132410591 8.50128536852104,39.490570229008 8.50108191395465,39.4902038239265 8.50095555856357,39.4902494675872 8.50116073451868,39.4906132410591</coordinates>
            </LinearRing>
          </outerBoundaryIs>
        </Polygon>
      </Placemark>
      <Placemark xmlns="http://www.opengis.net/kml/2.2">
        <styleUrl>#Parti singole_style_map</styleUrl>
        <name>F01704</name>
        <Polygon>
          <outerBoundaryIs>
            <LinearRing>
              <coordinates>8.50037740532726,39.4903617888576 8.50072057665218,39.4902431796346 8.50068695032796,39.4901823331302 8.50045810988652,39.4902697632594 8.5004328666747,39.4902274272466 8.50036292858963,39.4902429618219 8.50039836166328,39.490289300492 8.50034546338542,39.4903035887166 8.50037740532726,39.4903617888576</coordinates>
            </LinearRing>
          </outerBoundaryIs>
        </Polygon>
      </Placemark>
      <Placemark xmlns="http://www.opengis.net/kml/2.2">
        <styleUrl>#Parti singole_style_map</styleUrl>
        <name>F01703</name>
        <Polygon>
          <outerBoundaryIs>
            <LinearRing>
              <coordinates>8.50055621310009,39.490126347653 8.50057292225958,39.4901712861746 8.50070433019763,39.4901335822943 8.50069786752187,39.490084728998 8.50055621310009,39.490126347653</coordinates>
            </LinearRing>
          </outerBoundaryIs>
        </Polygon>
      </Placemark>
      <Placemark xmlns="http://www.opengis.net/kml/2.2">
        <styleUrl>#Parti singole_style_map</styleUrl>
        <name>F01697</name>
        <Polygon>
          <outerBoundaryIs>
            <LinearRing>
              <coordinates>8.5059214851994,39.5054741741849 8.50602664202603,39.5055087661467 8.50609840906165,39.5053873376673 8.50599898035598,39.5053557392396 8.5059214851994,39.5054741741849</coordinates>
            </LinearRing>
          </outerBoundaryIs>
        </Polygon>
      </Placemark>
      <Placemark xmlns="http://www.opengis.net/kml/2.2">
        <styleUrl>#Parti singole_style_map</styleUrl>
        <name>F01700</name>
        <Polygon>
          <outerBoundaryIs>
            <LinearRing>
              <coordinates>8.5068689202449,39.5046253220249 8.50693930555655,39.5046311878538 8.50695006279366,39.5043294974048 8.5068839579824,39.5043281034211 8.5068689202449,39.5046253220249</coordinates>
            </LinearRing>
          </outerBoundaryIs>
        </Polygon>
      </Placemark>
      <Placemark xmlns="http://www.opengis.net/kml/2.2">
        <styleUrl>#Parti singole_style_map</styleUrl>
        <name>F01702</name>
        <Polygon>
          <outerBoundaryIs>
            <LinearRing>
              <coordinates>8.50306122716751,39.4882464187727 8.50310460414238,39.4882535322354 8.50313623077618,39.4881170879243 8.50320004355898,39.4881242887398 8.50321986468518,39.4880313410321 8.50310754503696,39.4880199739668 8.50306122716751,39.4882464187727</coordinates>
            </LinearRing>
          </outerBoundaryIs>
        </Polygon>
      </Placemark>
      <Placemark xmlns="http://www.opengis.net/kml/2.2">
        <styleUrl>#Parti singole_style_map</styleUrl>
        <name>F01673</name>
        <Polygon>
          <outerBoundaryIs>
            <LinearRing>
              <coordinates>8.51048741746595,39.4889958751385 8.51050064905957,39.4891792033121 8.51037815756038,39.4893512105288 8.51047434131813,39.4895746337832 8.51053954674655,39.489569297977 8.51058811622877,39.489612984065 8.51080035852788,39.489549356973 8.51083011791151,39.4894358693414 8.51118234974939,39.4892999777789 8.51094446857037,39.4891661693518 8.51066460250935,39.4890640017281 8.51048741746595,39.4889958751385</coordinates>
            </LinearRing>
          </outerBoundaryIs>
        </Polygon>
      </Placemark>
      <Placemark xmlns="http://www.opengis.net/kml/2.2">
        <styleUrl>#Parti singole_style_map</styleUrl>
        <name>F01672</name>
        <Polygon>
          <outerBoundaryIs>
            <LinearRing>
              <coordinates>8.51106860458193,39.4899214813887 8.51113147863834,39.4899044468685 8.51108470196683,39.4897770783752 8.51101522676013,39.4897889421174 8.51106860458193,39.4899214813887</coordinates>
            </LinearRing>
          </outerBoundaryIs>
        </Polygon>
      </Placemark>
      <Placemark xmlns="http://www.opengis.net/kml/2.2">
        <styleUrl>#Parti singole_style_map</styleUrl>
        <name>F01674</name>
        <Polygon>
          <outerBoundaryIs>
            <LinearRing>
              <coordinates>8.51240593784434,39.4903063371201 8.51249684342073,39.4903147836988 8.51247212741988,39.4900955192663 8.51238392269806,39.4900891879466 8.51240593784434,39.4903063371201</coordinates>
            </LinearRing>
          </outerBoundaryIs>
        </Polygon>
      </Placemark>
      <Placemark xmlns="http://www.opengis.net/kml/2.2">
        <styleUrl>#Parti singole_style_map</styleUrl>
        <name>F01609</name>
        <Polygon>
          <outerBoundaryIs>
            <LinearRing>
              <coordinates>8.51231724162854,39.4897876935653 8.51235840799964,39.4899842343694 8.51244125802511,39.4899796728659 8.51240099405906,39.4897834865349 8.51231724162854,39.4897876935653</coordinates>
            </LinearRing>
          </outerBoundaryIs>
        </Polygon>
      </Placemark>
      <Placemark xmlns="http://www.opengis.net/kml/2.2">
        <styleUrl>#Parti singole_style_map</styleUrl>
        <name>F01676</name>
        <Polygon>
          <outerBoundaryIs>
            <LinearRing>
              <coordinates>8.50746491523075,39.4883533844519 8.50765888684838,39.4883135303175 8.50763516774414,39.4882117392112 8.50744212127025,39.4882487919715 8.50746491523075,39.4883533844519</coordinates>
            </LinearRing>
          </outerBoundaryIs>
        </Polygon>
      </Placemark>
      <Placemark xmlns="http://www.opengis.net/kml/2.2">
        <styleUrl>#Parti singole_style_map</styleUrl>
        <name>F01679</name>
        <Polygon>
          <outerBoundaryIs>
            <LinearRing>
              <coordinates>8.50697179398156,39.4887709752869 8.50708690895892,39.4887622100632 8.50707164105257,39.4886749340095 8.50695572683883,39.488684921236 8.50697179398156,39.4887709752869</coordinates>
            </LinearRing>
          </outerBoundaryIs>
        </Polygon>
      </Placemark>
      <Placemark xmlns="http://www.opengis.net/kml/2.2">
        <styleUrl>#Parti singole_style_map</styleUrl>
        <name>F01624</name>
        <Polygon>
          <outerBoundaryIs>
            <LinearRing>
              <coordinates>8.50106564005216,39.4898500003159 8.50109867251116,39.4898822272799 8.50111638941539,39.4898728356124 8.50114471909967,39.489898204558 8.50113175766221,39.4899070906624 8.5011729096388,39.4899430343661 8.50118653861007,39.4899357290797 8.50124048659705,39.4899859293047 8.50122476475991,39.4900011153968 8.50126185522124,39.4900354636765 8.50127959094511,39.4900234421373 8.50137736515783,39.4901153832682 8.5014960357041,39.490038046617 8.50124661095859,39.489793970852 8.50120611527904,39.4897611859047 8.50112294638173,39.48981027148 8.50110270984701,39.4897923010784 8.501072717873,39.489809529818 8.50109227182842,39.4898280232794 8.50106564005216,39.4898500003159</coordinates>
            </LinearRing>
          </outerBoundaryIs>
        </Polygon>
      </Placemark>
      <Placemark xmlns="http://www.opengis.net/kml/2.2">
        <styleUrl>#Parti singole_style_map</styleUrl>
        <name>F01681</name>
        <Polygon>
          <outerBoundaryIs>
            <LinearRing>
              <coordinates>8.5019586678691,39.4890570686991 8.50198501200988,39.4890953365434 8.50197032137712,39.4891024920738 8.50197819223083,39.4891185096303 8.50199554452106,39.4891113655073 8.50202123433017,39.4891480837173 8.5021280023318,39.4891062614897 8.50215631706866,39.4891481469887 8.50221105762812,39.4891236323875 8.50212083798674,39.4889912504109 8.5019586678691,39.4890570686991</coordinates>
            </LinearRing>
          </outerBoundaryIs>
        </Polygon>
      </Placemark>
      <Placemark xmlns="http://www.opengis.net/kml/2.2">
        <styleUrl>#Parti singole_style_map</styleUrl>
        <name>F01677</name>
        <Polygon>
          <outerBoundaryIs>
            <LinearRing>
              <coordinates>8.50728626880747,39.488671699602 8.50734100313764,39.4886718776359 8.5073412173911,39.4886349540858 8.50728428028752,39.4886338386437 8.50728626880747,39.488671699602</coordinates>
            </LinearRing>
          </outerBoundaryIs>
        </Polygon>
      </Placemark>
      <Placemark xmlns="http://www.opengis.net/kml/2.2">
        <styleUrl>#Parti singole_style_map</styleUrl>
        <name>F01678</name>
        <Polygon>
          <outerBoundaryIs>
            <LinearRing>
              <coordinates>8.50715586097596,39.4884123869701 8.50728167352574,39.4883953954162 8.507254295676,39.4882955886753 8.50712927615737,39.48830898843 8.50715586097596,39.4884123869701</coordinates>
            </LinearRing>
          </outerBoundaryIs>
        </Polygon>
      </Placemark>
      <Placemark xmlns="http://www.opengis.net/kml/2.2">
        <styleUrl>#Parti singole_style_map</styleUrl>
        <name>F01562</name>
        <Polygon>
          <outerBoundaryIs>
            <LinearRing>
              <coordinates>8.51398915838041,39.4873572246296 8.51406878371806,39.4873363112323 8.5140115631383,39.487078907085 8.51391503821528,39.4870937128004 8.51398915838041,39.4873572246296</coordinates>
            </LinearRing>
          </outerBoundaryIs>
        </Polygon>
      </Placemark>
      <Placemark xmlns="http://www.opengis.net/kml/2.2">
        <styleUrl>#Parti singole_style_map</styleUrl>
        <name>F01563</name>
        <Polygon>
          <outerBoundaryIs>
            <LinearRing>
              <coordinates>8.51291125664556,39.4885215802013 8.5130437790317,39.488531046943 8.51304250956658,39.4885679750982 8.5131262510943,39.4885740025684 8.51313703298733,39.4885420249203 8.51326638057635,39.488548198333 8.51329366290503,39.4884079401818 8.51293541116423,39.4883763893642 8.51291125664556,39.4885215802013</coordinates>
            </LinearRing>
          </outerBoundaryIs>
        </Polygon>
      </Placemark>
      <Placemark xmlns="http://www.opengis.net/kml/2.2">
        <styleUrl>#Parti singole_style_map</styleUrl>
        <name>F00078</name>
        <Polygon>
          <outerBoundaryIs>
            <LinearRing>
              <coordinates>8.5127309608863,39.4885242571623 8.51280728348532,39.4885302627587 8.51282138866564,39.4884736827646 8.51274403093416,39.4884643840542 8.5127309608863,39.4885242571623</coordinates>
            </LinearRing>
          </outerBoundaryIs>
        </Polygon>
      </Placemark>
      <Placemark xmlns="http://www.opengis.net/kml/2.2">
        <styleUrl>#Parti singole_style_map</styleUrl>
        <name>F00073</name>
        <Polygon>
          <outerBoundaryIs>
            <LinearRing>
              <coordinates>8.50172596620232,39.48968732166 8.50183068827564,39.4896897501265 8.50183996333509,39.4894641367681 8.50175055466234,39.489463753393 8.50172596620232,39.48968732166</coordinates>
            </LinearRing>
          </outerBoundaryIs>
        </Polygon>
      </Placemark>
      <Placemark xmlns="http://www.opengis.net/kml/2.2">
        <styleUrl>#Parti singole_style_map</styleUrl>
        <name>F00074</name>
        <Polygon>
          <outerBoundaryIs>
            <LinearRing>
              <coordinates>8.50172596620232,39.48968732166 8.50183068827564,39.4896897501265 8.50183996333509,39.4894641367681 8.50175055466234,39.489463753393 8.50172596620232,39.48968732166</coordinates>
            </LinearRing>
          </outerBoundaryIs>
        </Polygon>
      </Placemark>
      <Placemark xmlns="http://www.opengis.net/kml/2.2">
        <styleUrl>#Parti singole_style_map</styleUrl>
        <name>F00075</name>
        <Polygon>
          <outerBoundaryIs>
            <LinearRing>
              <coordinates>8.50172596620232,39.48968732166 8.50183068827564,39.4896897501265 8.50183996333509,39.4894641367681 8.50175055466234,39.489463753393 8.50172596620232,39.48968732166</coordinates>
            </LinearRing>
          </outerBoundaryIs>
        </Polygon>
      </Placemark>
      <Placemark xmlns="http://www.opengis.net/kml/2.2">
        <styleUrl>#Parti singole_style_map</styleUrl>
        <name>F00076</name>
        <Polygon>
          <outerBoundaryIs>
            <LinearRing>
              <coordinates>8.50172596620232,39.48968732166 8.50183068827564,39.4896897501265 8.50183996333509,39.4894641367681 8.50175055466234,39.489463753393 8.50172596620232,39.48968732166</coordinates>
            </LinearRing>
          </outerBoundaryIs>
        </Polygon>
      </Placemark>
      <Placemark xmlns="http://www.opengis.net/kml/2.2">
        <styleUrl>#Parti singole_style_map</styleUrl>
        <name>F01630</name>
        <Polygon>
          <outerBoundaryIs>
            <LinearRing>
              <coordinates>8.49454889064918,39.4922479275616 8.49455716039856,39.4922749285924 8.49460611502008,39.4922689468712 8.494599734316,39.492240860883 8.4947597845466,39.4922204221962 8.49476665143537,39.4922463239342 8.49481371959865,39.4922410627075 8.4948068632495,39.4922137034475 8.49484640418074,39.4922087738709 8.4948405279771,39.4921759529845 8.49448886836666,39.492223616517 8.49449993339701,39.49225427364 8.49454889064918,39.4922479275616</coordinates>
            </LinearRing>
          </outerBoundaryIs>
        </Polygon>
      </Placemark>
      <Placemark xmlns="http://www.opengis.net/kml/2.2">
        <styleUrl>#Parti singole_style_map</styleUrl>
        <name>F01631</name>
        <Polygon>
          <outerBoundaryIs>
            <LinearRing>
              <coordinates>8.50001202840675,39.4871402914993 8.50002865252088,39.4873080188233 8.50011141883302,39.4874400343327 8.50021164008905,39.4875184231146 8.50032226361989,39.4875813226834 8.50068349892655,39.4877437736275 8.50091012137348,39.4878466364517 8.50100035382155,39.4879073483692 8.50123178183086,39.4881953400409 8.50138713151356,39.4883980100639 8.50144849778791,39.4887181771939 8.50151076375725,39.4889043821206 8.50167216032968,39.4890634315087 8.50184170190414,39.4889320396476 8.502134677135,39.4887782541546 8.50223705405685,39.4887604648333 8.50234143521191,39.4887616508127 8.50247148081154,39.4887187868265 8.5026537483035,39.4885310073678 8.5028304317968,39.4883532052214 8.50295047394219,39.4882306372945 8.50300682363968,39.4881019581036 8.50275163150123,39.4882740543913 8.50237312146403,39.4885189843681 8.5020003032968,39.4881763629272 8.50231147507465,39.4879734583838 8.50283868121472,39.4876313304247 8.50310813038597,39.4878718162615 8.50317129063431,39.4877272447992 8.50322515298484,39.4876064569408 8.50326939223971,39.4875714696284 8.50333064766213,39.48757349752 8.50340098131522,39.4876054245181 8.50345514224832,39.4877513895746 8.50347948719286,39.4878223330712 8.50353081311567,39.4878618105373 8.50358538625878,39.4878453294916 8.50373993484233,39.4876776130698 8.50381222390563,39.4875441990276 8.50382928047753,39.4874186223724 8.50379130084071,39.4872471732001 8.50380767738324,39.4871191067775 8.50189625021762,39.4870463329938 8.50001343386744,39.4869879954096 8.50001202840675,39.4871402914993</coordinates>
            </LinearRing>
          </outerBoundaryIs>
        </Polygon>
      </Placemark>
      <Placemark xmlns="http://www.opengis.net/kml/2.2">
        <styleUrl>#Parti singole_style_map</styleUrl>
        <name>F01632</name>
        <Polygon>
          <outerBoundaryIs>
            <LinearRing>
              <coordinates>8.50001202840675,39.4871402914993 8.50002865252088,39.4873080188233 8.50011141883302,39.4874400343327 8.50021164008905,39.4875184231146 8.50032226361989,39.4875813226834 8.50068349892655,39.4877437736275 8.50091012137348,39.4878466364517 8.50100035382155,39.4879073483692 8.50123178183086,39.4881953400409 8.50138713151356,39.4883980100639 8.50144849778791,39.4887181771939 8.50151076375725,39.4889043821206 8.50167216032968,39.4890634315087 8.50184170190414,39.4889320396476 8.502134677135,39.4887782541546 8.50223705405685,39.4887604648333 8.50234143521191,39.4887616508127 8.50247148081154,39.4887187868265 8.5026537483035,39.4885310073678 8.5028304317968,39.4883532052214 8.50295047394219,39.4882306372945 8.50300682363968,39.4881019581036 8.50275163150123,39.4882740543913 8.50237312146403,39.4885189843681 8.5020003032968,39.4881763629272 8.50231147507465,39.4879734583838 8.50283868121472,39.4876313304247 8.50310813038597,39.4878718162615 8.50317129063431,39.4877272447992 8.50322515298484,39.4876064569408 8.50326939223971,39.4875714696284 8.50333064766213,39.48757349752 8.50340098131522,39.4876054245181 8.50345514224832,39.4877513895746 8.50347948719286,39.4878223330712 8.50353081311567,39.4878618105373 8.50358538625878,39.4878453294916 8.50373993484233,39.4876776130698 8.50381222390563,39.4875441990276 8.50382928047753,39.4874186223724 8.50379130084071,39.4872471732001 8.50380767738324,39.4871191067775 8.50189625021762,39.4870463329938 8.50001343386744,39.4869879954096 8.50001202840675,39.4871402914993</coordinates>
            </LinearRing>
          </outerBoundaryIs>
        </Polygon>
      </Placemark>
      <Placemark xmlns="http://www.opengis.net/kml/2.2">
        <styleUrl>#Parti singole_style_map</styleUrl>
        <name>F01686</name>
        <Polygon>
          <outerBoundaryIs>
            <LinearRing>
              <coordinates>8.50113342323131,39.4888578549659 8.50132618659131,39.4892194842401 8.50139687200967,39.4891730148244 8.50150835112649,39.4891329735806 8.50162055212634,39.4890862766708 8.50146295159146,39.4889216390565 8.50125213889983,39.488742446351 8.50113342323131,39.4888578549659</coordinates>
            </LinearRing>
          </outerBoundaryIs>
        </Polygon>
      </Placemark>
      <Placemark xmlns="http://www.opengis.net/kml/2.2">
        <styleUrl>#Parti singole_style_map</styleUrl>
        <name>F01682</name>
        <Polygon>
          <outerBoundaryIs>
            <LinearRing>
              <coordinates>8.49712525131155,39.4916676116366 8.49731695462355,39.4917000945662 8.49733800187727,39.4916082980393 8.49714906272912,39.4915779535509 8.49712525131155,39.4916676116366</coordinates>
            </LinearRing>
          </outerBoundaryIs>
        </Polygon>
      </Placemark>
      <Placemark xmlns="http://www.opengis.net/kml/2.2">
        <styleUrl>#Parti singole_style_map</styleUrl>
        <name>F01683</name>
        <Polygon>
          <outerBoundaryIs>
            <LinearRing>
              <coordinates>8.4965557649313,39.4939930929794 8.49661325841271,39.4940205500668 8.49664300741047,39.4939822962713 8.49658550342842,39.4939562967232 8.4965557649313,39.4939930929794</coordinates>
            </LinearRing>
          </outerBoundaryIs>
        </Polygon>
      </Placemark>
      <Placemark xmlns="http://www.opengis.net/kml/2.2">
        <styleUrl>#Parti singole_style_map</styleUrl>
        <name>F01684</name>
        <Polygon>
          <outerBoundaryIs>
            <LinearRing>
              <coordinates>8.4966588172327,39.4939639022076 8.49681946426487,39.4940350472793 8.49685233445504,39.4939987503744 8.49668980277714,39.4939280830403 8.4966588172327,39.4939639022076</coordinates>
            </LinearRing>
          </outerBoundaryIs>
        </Polygon>
      </Placemark>
      <Placemark xmlns="http://www.opengis.net/kml/2.2">
        <styleUrl>#Parti singole_style_map</styleUrl>
        <name>F01685</name>
        <Polygon>
          <outerBoundaryIs>
            <LinearRing>
              <coordinates>8.49736413460685,39.4941588690592 8.49744134413452,39.494148028348 8.49743238276557,39.4940862857798 8.49735580036954,39.4940971291983 8.49736413460685,39.4941588690592</coordinates>
            </LinearRing>
          </outerBoundaryIs>
        </Polygon>
      </Placemark>
      <Placemark xmlns="http://www.opengis.net/kml/2.2">
        <styleUrl>#Parti singole_style_map</styleUrl>
        <name>F01629</name>
        <Polygon>
          <outerBoundaryIs>
            <LinearRing>
              <coordinates>8.49656521103099,39.4919024920019 8.49666214203745,39.4918956241049 8.49664997856766,39.491756373404 8.49655025235793,39.4917595852527 8.49656521103099,39.4919024920019</coordinates>
            </LinearRing>
          </outerBoundaryIs>
        </Polygon>
      </Placemark>
      <Placemark xmlns="http://www.opengis.net/kml/2.2">
        <styleUrl>#Parti singole_style_map</styleUrl>
        <name>F01687</name>
        <Polygon>
          <outerBoundaryIs>
            <LinearRing>
              <coordinates>8.49656521103099,39.4919024920019 8.49666214203745,39.4918956241049 8.49664997856766,39.491756373404 8.49655025235793,39.4917595852527 8.49656521103099,39.4919024920019</coordinates>
            </LinearRing>
          </outerBoundaryIs>
        </Polygon>
      </Placemark>
      <Placemark xmlns="http://www.opengis.net/kml/2.2">
        <styleUrl>#Parti singole_style_map</styleUrl>
        <name>F01564</name>
        <Polygon>
          <outerBoundaryIs>
            <LinearRing>
              <coordinates>8.51782706061467,39.5277615972849 8.51789978982297,39.5277399770981 8.51793131191614,39.527795070774 8.51798428570391,39.5277783602525 8.51792392731225,39.5276600387525 8.51779378919156,39.5277020632493 8.51782706061467,39.5277615972849</coordinates>
            </LinearRing>
          </outerBoundaryIs>
        </Polygon>
      </Placemark>
      <Placemark xmlns="http://www.opengis.net/kml/2.2">
        <styleUrl>#Parti singole_style_map</styleUrl>
        <name>F01666</name>
        <Polygon>
          <outerBoundaryIs>
            <LinearRing>
              <coordinates>8.5180507230735,39.5276768318089 8.51810906016446,39.5278643653414 8.51818174068762,39.5278941716688 8.51822434882463,39.527841111434 8.51815418409429,39.5278068257046 8.51810794205884,39.5276668066563 8.5180507230735,39.5276768318089</coordinates>
            </LinearRing>
          </outerBoundaryIs>
        </Polygon>
      </Placemark>
      <Placemark xmlns="http://www.opengis.net/kml/2.2">
        <styleUrl>#Parti singole_style_map</styleUrl>
        <name>F00218</name>
        <Polygon>
          <outerBoundaryIs>
            <LinearRing>
              <coordinates>8.5080528043384,39.5220088001174 8.50838582195783,39.5221518430229 8.50841267024362,39.5221143836549 8.50807996628528,39.5219714232466 8.5080528043384,39.5220088001174</coordinates>
            </LinearRing>
          </outerBoundaryIs>
        </Polygon>
      </Placemark>
      <Placemark xmlns="http://www.opengis.net/kml/2.2">
        <styleUrl>#Parti singole_style_map</styleUrl>
        <name>F00219</name>
        <Polygon>
          <outerBoundaryIs>
            <LinearRing>
              <coordinates>8.50008765579586,39.521687239926 8.50027177339866,39.5218401261284 8.5003443182409,39.5217857005681 8.50016014594213,39.5216323276871 8.50008765579586,39.521687239926</coordinates>
            </LinearRing>
          </outerBoundaryIs>
        </Polygon>
      </Placemark>
      <Placemark xmlns="http://www.opengis.net/kml/2.2">
        <styleUrl>#Parti singole_style_map</styleUrl>
        <name>F00220</name>
        <Polygon>
          <outerBoundaryIs>
            <LinearRing>
              <coordinates>8.4973894451618,39.5207865407534 8.49746536695354,39.5206947388119 8.4974266945112,39.5206755777762 8.49735056367629,39.5207673247263 8.4973894451618,39.5207865407534</coordinates>
            </LinearRing>
          </outerBoundaryIs>
        </Polygon>
      </Placemark>
      <Placemark xmlns="http://www.opengis.net/kml/2.2">
        <styleUrl>#Parti singole_style_map</styleUrl>
        <name>F00221</name>
        <Polygon>
          <outerBoundaryIs>
            <LinearRing>
              <coordinates>8.4969595791472,39.5207372768281 8.49702478537003,39.520756859259 8.49704534950414,39.5207139781345 8.49697861503108,39.5206949837778 8.4969595791472,39.5207372768281</coordinates>
            </LinearRing>
          </outerBoundaryIs>
        </Polygon>
      </Placemark>
      <Placemark xmlns="http://www.opengis.net/kml/2.2">
        <styleUrl>#Parti singole_style_map</styleUrl>
        <name>F00222</name>
        <Polygon>
          <outerBoundaryIs>
            <LinearRing>
              <coordinates>8.49570535998767,39.5206221022622 8.49592938237557,39.5206815334477 8.49595585265218,39.5206215855895 8.49593154993158,39.5206150918282 8.49594846982191,39.5205759073319 8.49587620058811,39.5205565639557 8.49585990645933,39.5205960845387 8.49573205062203,39.5205622725454 8.49570535998767,39.5206221022622</coordinates>
            </LinearRing>
          </outerBoundaryIs>
        </Polygon>
      </Placemark>
      <Placemark xmlns="http://www.opengis.net/kml/2.2">
        <styleUrl>#Parti singole_style_map</styleUrl>
        <name>F00223</name>
        <Polygon>
          <outerBoundaryIs>
            <LinearRing>
              <coordinates>8.4964361579498,39.5206166406099 8.49644061525394,39.5206373566106 8.4964581878082,39.5206591476274 8.49648392896551,39.5206726665439 8.49651334364621,39.5206769117484 8.4965394177852,39.5206733305301 8.49656249269814,39.5206629875868 8.49658166252785,39.5206456627472 8.49658853738326,39.5206312760463 8.49658961770506,39.5206057365028 8.49657275827265,39.5205786325139 8.49654466264718,39.5205625084439 8.49650984403478,39.5205574649389 8.49647958782634,39.5205634247656 8.49645798763301,39.5205757653634 8.49644080874913,39.520597703081 8.4964361579498,39.5206166406099</coordinates>
            </LinearRing>
          </outerBoundaryIs>
        </Polygon>
      </Placemark>
      <Placemark xmlns="http://www.opengis.net/kml/2.2">
        <styleUrl>#Parti singole_style_map</styleUrl>
        <name>F00224</name>
        <Polygon>
          <outerBoundaryIs>
            <LinearRing>
              <coordinates>8.49878499560012,39.5204865263275 8.49883804762819,39.5204927650941 8.49885394230016,39.5204163451484 8.49885930942128,39.5203915358892 8.4988604727613,39.5203850715055 8.49880777169653,39.5203785729644 8.49880252863794,39.5204039233751 8.49878499560012,39.5204865263275</coordinates>
            </LinearRing>
          </outerBoundaryIs>
        </Polygon>
      </Placemark>
      <Placemark xmlns="http://www.opengis.net/kml/2.2">
        <styleUrl>#Parti singole_style_map</styleUrl>
        <name>F00225</name>
        <Polygon>
          <outerBoundaryIs>
            <LinearRing>
              <coordinates>8.49735678896361,39.5200059354798 8.49742868574105,39.5199752781162 8.49740884005348,39.5199508734291 8.49741700980888,39.5199343478255 8.49737159238117,39.5199213386606 8.49736578114147,39.5199382979506 8.49732377865083,39.5199582902876 8.49735678896361,39.5200059354798</coordinates>
            </LinearRing>
          </outerBoundaryIs>
        </Polygon>
      </Placemark>
      <Placemark xmlns="http://www.opengis.net/kml/2.2">
        <styleUrl>#Parti singole_style_map</styleUrl>
        <name>F00226</name>
        <Polygon>
          <outerBoundaryIs>
            <LinearRing>
              <coordinates>8.49741677251883,39.5198172397991 8.49747526821431,39.5198331978324 8.49750257730033,39.5197744696304 8.49744698719337,39.5197572987787 8.49741677251883,39.5198172397991</coordinates>
            </LinearRing>
          </outerBoundaryIs>
        </Polygon>
      </Placemark>
      <Placemark xmlns="http://www.opengis.net/kml/2.2">
        <styleUrl>#Parti singole_style_map</styleUrl>
        <name>F01587</name>
        <Polygon>
          <outerBoundaryIs>
            <LinearRing>
              <coordinates>8.49887222859208,39.5215053018294 8.49909693155805,39.5213882990071 8.49904589825381,39.5213212494834 8.49881136239526,39.5214418048982 8.49887222859208,39.5215053018294</coordinates>
            </LinearRing>
          </outerBoundaryIs>
        </Polygon>
      </Placemark>
      <Placemark xmlns="http://www.opengis.net/kml/2.2">
        <styleUrl>#Parti singole_style_map</styleUrl>
        <name>F00227</name>
        <Polygon>
          <outerBoundaryIs>
            <LinearRing>
              <coordinates>8.49763480160719,39.5197089599004 8.49772342527531,39.5197528178715 8.49771473721943,39.5197637909051 8.49778955772728,39.5197987500273 8.49782746461485,39.5197529703287 8.49775274493155,39.5197169394395 8.49774527941828,39.5197261607507 8.49765554696382,39.5196828025787 8.49763480160719,39.5197089599004</coordinates>
            </LinearRing>
          </outerBoundaryIs>
        </Polygon>
      </Placemark>
      <Placemark xmlns="http://www.opengis.net/kml/2.2">
        <styleUrl>#Parti singole_style_map</styleUrl>
        <name>F00228</name>
        <Polygon>
          <outerBoundaryIs>
            <LinearRing>
              <coordinates>8.49716634724899,39.5197765737903 8.49742942748051,39.5197288763751 8.49741637196332,39.519688895207 8.49715311210732,39.519737321651 8.49716634724899,39.5197765737903</coordinates>
            </LinearRing>
          </outerBoundaryIs>
        </Polygon>
      </Placemark>
      <Placemark xmlns="http://www.opengis.net/kml/2.2">
        <styleUrl>#Parti singole_style_map</styleUrl>
        <name>F00229</name>
        <Polygon>
          <outerBoundaryIs>
            <LinearRing>
              <coordinates>8.4968031748181,39.5197156592996 8.49692880478609,39.5195580995087 8.49684531860746,39.5195133711635 8.49671660638101,39.5196740440891 8.4968031748181,39.5197156592996</coordinates>
            </LinearRing>
          </outerBoundaryIs>
        </Polygon>
      </Placemark>
      <Placemark xmlns="http://www.opengis.net/kml/2.2">
        <styleUrl>#Parti singole_style_map</styleUrl>
        <name>F00230</name>
        <Polygon>
          <outerBoundaryIs>
            <LinearRing>
              <coordinates>8.49771627884815,39.5194321010081 8.49773037840664,39.5194289362802 8.49776353060286,39.5195069377116 8.49780227042577,39.5194973019762 8.49773890362879,39.5193469342599 8.49768612178801,39.5193598340611 8.49771627884815,39.5194321010081</coordinates>
            </LinearRing>
          </outerBoundaryIs>
        </Polygon>
      </Placemark>
      <Placemark xmlns="http://www.opengis.net/kml/2.2">
        <styleUrl>#Parti singole_style_map</styleUrl>
        <name>F00231</name>
        <Polygon>
          <outerBoundaryIs>
            <LinearRing>
              <coordinates>8.48970132157726,39.5183973042745 8.48985139353144,39.5182082242898 8.48976586929831,39.5181678158719 8.48961755116295,39.5183572638649 8.48970132157726,39.5183973042745</coordinates>
            </LinearRing>
          </outerBoundaryIs>
        </Polygon>
      </Placemark>
      <Placemark xmlns="http://www.opengis.net/kml/2.2">
        <styleUrl>#Parti singole_style_map</styleUrl>
        <name>F00232</name>
        <Polygon>
          <outerBoundaryIs>
            <LinearRing>
              <coordinates>8.49660436258867,39.5181765936347 8.49673958318822,39.5183579534136 8.4967861979054,39.5183371072597 8.4966506483082,39.518156187614 8.49660436258867,39.5181765936347</coordinates>
            </LinearRing>
          </outerBoundaryIs>
        </Polygon>
      </Placemark>
      <Placemark xmlns="http://www.opengis.net/kml/2.2">
        <styleUrl>#Parti singole_style_map</styleUrl>
        <name>F00233</name>
        <Polygon>
          <outerBoundaryIs>
            <LinearRing>
              <coordinates>8.49642290678624,39.517807519657 8.49648135730391,39.5177698936646 8.49646515364937,39.5177551726611 8.49640925827986,39.5177949902179 8.49642290678624,39.517807519657</coordinates>
            </LinearRing>
          </outerBoundaryIs>
        </Polygon>
      </Placemark>
      <Placemark xmlns="http://www.opengis.net/kml/2.2">
        <styleUrl>#Parti singole_style_map</styleUrl>
        <name>F00234</name>
        <Polygon>
          <outerBoundaryIs>
            <LinearRing>
              <coordinates>8.49620100813734,39.5176518594679 8.49640378667278,39.5177890917741 8.49647031331185,39.5177301823967 8.49626902748596,39.5175924521005 8.49620100813734,39.5176518594679</coordinates>
            </LinearRing>
          </outerBoundaryIs>
        </Polygon>
      </Placemark>
      <Placemark xmlns="http://www.opengis.net/kml/2.2">
        <styleUrl>#Parti singole_style_map</styleUrl>
        <name>F00235</name>
        <Polygon>
          <outerBoundaryIs>
            <LinearRing>
              <coordinates>8.49276496716899,39.5176623613148 8.49301515099215,39.5175781077652 8.49297354327306,39.5175054922702 8.49272618877574,39.5175894427258 8.49276496716899,39.5176623613148</coordinates>
            </LinearRing>
          </outerBoundaryIs>
        </Polygon>
      </Placemark>
      <Placemark xmlns="http://www.opengis.net/kml/2.2">
        <styleUrl>#Parti singole_style_map</styleUrl>
        <name>F00236</name>
        <Polygon>
          <outerBoundaryIs>
            <LinearRing>
              <coordinates>8.49494557812051,39.5169748063837 8.49516610409229,39.5170960526238 8.4952238611451,39.5170321141293 8.49500434544053,39.5169111336885 8.49494557812051,39.5169748063837</coordinates>
            </LinearRing>
          </outerBoundaryIs>
        </Polygon>
      </Placemark>
      <Placemark xmlns="http://www.opengis.net/kml/2.2">
        <styleUrl>#Parti singole_style_map</styleUrl>
        <name>F00198</name>
        <Polygon>
          <outerBoundaryIs>
            <LinearRing>
              <coordinates>8.50167493454634,39.5220876302069 8.50187188559766,39.5223207516533 8.50195244571638,39.5222793343058 8.50175940140099,39.5220383817724 8.50167493454634,39.5220876302069</coordinates>
            </LinearRing>
          </outerBoundaryIs>
        </Polygon>
      </Placemark>
      <Placemark xmlns="http://www.opengis.net/kml/2.2">
        <styleUrl>#Parti singole_style_map</styleUrl>
        <name>F00199</name>
        <Polygon>
          <outerBoundaryIs>
            <LinearRing>
              <coordinates>8.50167493454634,39.5220876302069 8.50187188559766,39.5223207516533 8.50195244571638,39.5222793343058 8.50175940140099,39.5220383817724 8.50167493454634,39.5220876302069</coordinates>
            </LinearRing>
          </outerBoundaryIs>
        </Polygon>
      </Placemark>
      <Placemark xmlns="http://www.opengis.net/kml/2.2">
        <styleUrl>#Parti singole_style_map</styleUrl>
        <name>F00200</name>
        <Polygon>
          <outerBoundaryIs>
            <LinearRing>
              <coordinates>8.50167493454634,39.5220876302069 8.50187188559766,39.5223207516533 8.50195244571638,39.5222793343058 8.50175940140099,39.5220383817724 8.50167493454634,39.5220876302069</coordinates>
            </LinearRing>
          </outerBoundaryIs>
        </Polygon>
      </Placemark>
      <Placemark xmlns="http://www.opengis.net/kml/2.2">
        <styleUrl>#Parti singole_style_map</styleUrl>
        <name>F00201</name>
        <Polygon>
          <outerBoundaryIs>
            <LinearRing>
              <coordinates>8.50167493454634,39.5220876302069 8.50187188559766,39.5223207516533 8.50195244571638,39.5222793343058 8.50175940140099,39.5220383817724 8.50167493454634,39.5220876302069</coordinates>
            </LinearRing>
          </outerBoundaryIs>
        </Polygon>
      </Placemark>
      <Placemark xmlns="http://www.opengis.net/kml/2.2">
        <styleUrl>#Parti singole_style_map</styleUrl>
        <name>F00237</name>
        <Polygon>
          <outerBoundaryIs>
            <LinearRing>
              <coordinates>8.49886434314991,39.5168994759045 8.49901887118906,39.5169653320481 8.49904967286094,39.5169237020681 8.49901963269341,39.5169047139327 8.49899835887073,39.5168476049123 8.4989237502347,39.516815891183 8.49886434314991,39.5168994759045</coordinates>
            </LinearRing>
          </outerBoundaryIs>
        </Polygon>
      </Placemark>
      <Placemark xmlns="http://www.opengis.net/kml/2.2">
        <styleUrl>#Parti singole_style_map</styleUrl>
        <name>F00238</name>
        <Polygon>
          <outerBoundaryIs>
            <LinearRing>
              <coordinates>8.49491966224898,39.5166934908167 8.49500072736332,39.5166783725352 8.49498096803344,39.5166166110353 8.49490095209757,39.5166314365248 8.49491966224898,39.5166934908167</coordinates>
            </LinearRing>
          </outerBoundaryIs>
        </Polygon>
      </Placemark>
      <Placemark xmlns="http://www.opengis.net/kml/2.2">
        <styleUrl>#Parti singole_style_map</styleUrl>
        <name>F00239</name>
        <Polygon>
          <outerBoundaryIs>
            <LinearRing>
              <coordinates>8.4940966383833,39.5155232269298 8.49410043083663,39.5155552661079 8.49444702301498,39.5155443497167 8.49444720706221,39.5155237889766 8.49444778834194,39.5154725228081 8.49416702941769,39.5154800046156 8.49416633111262,39.5154704326194 8.49414742649387,39.5154705665498 8.49414688813886,39.5154806287285 8.49409181858854,39.5154820738479 8.4940966383833,39.5155232269298</coordinates>
            </LinearRing>
          </outerBoundaryIs>
        </Polygon>
      </Placemark>
      <Placemark xmlns="http://www.opengis.net/kml/2.2">
        <styleUrl>#Parti singole_style_map</styleUrl>
        <name>F00240</name>
        <Polygon>
          <outerBoundaryIs>
            <LinearRing>
              <coordinates>8.49474513432714,39.5153368866549 8.49482803275799,39.5153446716746 8.49483421990458,39.5153095853768 8.49475199456774,39.5153004247106 8.49474513432714,39.5153368866549</coordinates>
            </LinearRing>
          </outerBoundaryIs>
        </Polygon>
      </Placemark>
      <Placemark xmlns="http://www.opengis.net/kml/2.2">
        <styleUrl>#Parti singole_style_map</styleUrl>
        <name>F00244</name>
        <Polygon>
          <outerBoundaryIs>
            <LinearRing>
              <coordinates>8.49288928030404,39.5157584661168 8.49298336156287,39.5157722120342 8.49299438472232,39.5157297224455 8.49290013335509,39.5157153811137 8.49288928030404,39.5157584661168</coordinates>
            </LinearRing>
          </outerBoundaryIs>
        </Polygon>
      </Placemark>
      <Placemark xmlns="http://www.opengis.net/kml/2.2">
        <styleUrl>#Parti singole_style_map</styleUrl>
        <name>F00245</name>
        <Polygon>
          <outerBoundaryIs>
            <LinearRing>
              <coordinates>8.49384312306666,39.5156589442724 8.49384757082684,39.5156840303494 8.49386733035131,39.5157151569773 8.49390322115792,39.5157323878903 8.49394146845865,39.5157406998349 8.49400617763207,39.5157254389091 8.49403302471904,39.5157032823424 8.49404468115388,39.5156792305162 8.49404346767334,39.5156428776177 8.49403432873926,39.5156182036112 8.49401300782538,39.5155986394558 8.49397343106324,39.5155827801093 8.49394199956532,39.5155794445297 8.49390234637776,39.515585326718 8.49387608387982,39.5155990701671 8.4938466532741,39.5156293697771 8.49384312306666,39.5156589442724</coordinates>
            </LinearRing>
          </outerBoundaryIs>
        </Polygon>
      </Placemark>
      <Placemark xmlns="http://www.opengis.net/kml/2.2">
        <styleUrl>#Parti singole_style_map</styleUrl>
        <name>F00241</name>
        <Polygon>
          <outerBoundaryIs>
            <LinearRing>
              <coordinates>8.49261699304947,39.5153898815831 8.49284521818043,39.515347088018 8.49285197124859,39.5153718508161 8.49289648865217,39.5154632655877 8.49291398861137,39.5154595306134 8.49293825791635,39.5155374856742 8.49296025095066,39.5155317790247 8.49297224157244,39.5155689718795 8.49297740037286,39.5155730310165 8.4934180379777,39.5154879767644 8.49343412913859,39.5155388200612 8.49352354221275,39.5155225858857 8.49350710790405,39.5154709301766 8.4943410416601,39.5153124855153 8.49433008238727,39.5152741439675 8.49431862278582,39.515213373563 8.49424028063467,39.5150089758784 8.49423099885141,39.5149847517786 8.4943011132724,39.5149667390401 8.49427371311981,39.514898438694 8.49493328876613,39.5149721653021 8.49512348529597,39.5149643962124 8.49481553778454,39.5149371978502 8.49483615661372,39.5148417781519 8.4945435572971,39.514772360392 8.49417628279045,39.5147131498334 8.49385962064906,39.5147488480602 8.49350591050832,39.5147777162685 8.49343929501268,39.5147896798417 8.4931519821588,39.514842948086 8.49275990855527,39.5149961241587 8.49269979843831,39.5150092870528 8.49269077141005,39.5150380355931 8.49269257939762,39.5150517481795 8.4926341220379,39.5151574632137 8.49270305813992,39.5152950184104 8.49259253564842,39.5153154486661 8.49261699304947,39.5153898815831</coordinates>
            </LinearRing>
          </outerBoundaryIs>
        </Polygon>
      </Placemark>
      <Placemark xmlns="http://www.opengis.net/kml/2.2">
        <styleUrl>#Parti singole_style_map</styleUrl>
        <name>F00242</name>
        <Polygon>
          <outerBoundaryIs>
            <LinearRing>
              <coordinates>8.49052794287558,39.5182234563948 8.49058541816306,39.518289483715 8.49080890301258,39.5181740773298 8.49078157046312,39.5181414032685 8.49075286565184,39.5181070742982 8.49054047301171,39.5182169698612 8.49052794287558,39.5182234563948</coordinates>
            </LinearRing>
          </outerBoundaryIs>
        </Polygon>
      </Placemark>
      <Placemark xmlns="http://www.opengis.net/kml/2.2">
        <styleUrl>#Parti singole_style_map</styleUrl>
        <name>F00243</name>
        <Polygon>
          <outerBoundaryIs>
            <LinearRing>
              <coordinates>8.49639711043657,39.5205013286015 8.49670944324451,39.5205627088906 8.49675908427774,39.5205724658684 8.49676573963477,39.5205481938971 8.49694245492736,39.5205808467851 8.49694810381625,39.5205686712895 8.496951937863,39.5205693816865 8.49697056223395,39.5205728051614 8.49700050293894,39.5205783139638 8.4970147325505,39.5205378291876 8.4969828927493,39.5205310957737 8.49703035548603,39.5203961826918 8.49702743925657,39.5203956474672 8.49696264439568,39.5203835904268 8.49700035467824,39.5202700796579 8.49702056697136,39.5202098431545 8.49704893845996,39.5201281073334 8.49705161171462,39.5201203970722 8.49698557811696,39.5201075327637 8.49700815902391,39.5200382691764 8.497045682718,39.5199231717632 8.49696601330096,39.5199072569819 8.49687244514539,39.520179260457 8.49685392028695,39.5202410179755 8.4968385984414,39.5202845344774 8.49668650387385,39.5202676029748 8.49662033704413,39.5202602882322 8.49653772146443,39.5202511631746 8.49652552167755,39.5202940714543 8.49652331330561,39.5203018377798 8.49646451775162,39.5202919328964 8.4964557424002,39.5203181689196 8.49641519037552,39.5204448582821 8.49639711043657,39.5205013286015</coordinates>
            </LinearRing>
          </outerBoundaryIs>
        </Polygon>
      </Placemark>
      <Placemark xmlns="http://www.opengis.net/kml/2.2">
        <styleUrl>#Parti singole_style_map</styleUrl>
        <name>F01589</name>
        <Polygon>
          <outerBoundaryIs>
            <LinearRing>
              <coordinates>8.50555035260956,39.5221139397659 8.50587035375729,39.5222084499895 8.50591219684149,39.5221238319573 8.5055872571047,39.5220318147048 8.50555035260956,39.5221139397659</coordinates>
            </LinearRing>
          </outerBoundaryIs>
        </Polygon>
      </Placemark>
      <Placemark xmlns="http://www.opengis.net/kml/2.2">
        <styleUrl>#Parti singole_style_map</styleUrl>
        <name>F00183</name>
        <Polygon>
          <outerBoundaryIs>
            <LinearRing>
              <coordinates>8.49630915799623,39.5158628259092 8.49636441510798,39.5158612183674 8.49636080065148,39.5158188902534 8.49630691831655,39.5158202154243 8.49630915799623,39.5158628259092</coordinates>
            </LinearRing>
          </outerBoundaryIs>
        </Polygon>
      </Placemark>
      <Placemark xmlns="http://www.opengis.net/kml/2.2">
        <styleUrl>#Parti singole_style_map</styleUrl>
        <name>F00184</name>
        <Polygon>
          <outerBoundaryIs>
            <LinearRing>
              <coordinates>8.49672371398149,39.5159176573393 8.49682127127079,39.5159189629546 8.49681865619707,39.515863853545 8.49672032136387,39.515860688434 8.49672371398149,39.5159176573393</coordinates>
            </LinearRing>
          </outerBoundaryIs>
        </Polygon>
      </Placemark>
      <Placemark xmlns="http://www.opengis.net/kml/2.2">
        <styleUrl>#Parti singole_style_map</styleUrl>
        <name>F00185</name>
        <Polygon>
          <outerBoundaryIs>
            <LinearRing>
              <coordinates>8.49822427064975,39.5195958692671 8.49832706247006,39.5197628057475 8.49838248818371,39.519739816515 8.49828821872048,39.5195751964991 8.49822427064975,39.5195958692671</coordinates>
            </LinearRing>
          </outerBoundaryIs>
        </Polygon>
      </Placemark>
      <Placemark xmlns="http://www.opengis.net/kml/2.2">
        <styleUrl>#Parti singole_style_map</styleUrl>
        <name>F01588</name>
        <Polygon>
          <outerBoundaryIs>
            <LinearRing>
              <coordinates>8.50079353203911,39.5206783637697 8.50110373650135,39.5207013121627 8.50111274064603,39.5206185100442 8.50080254818216,39.5205955617273 8.50079353203911,39.5206783637697</coordinates>
            </LinearRing>
          </outerBoundaryIs>
        </Polygon>
      </Placemark>
      <Placemark xmlns="http://www.opengis.net/kml/2.2">
        <styleUrl>#Parti singole_style_map</styleUrl>
        <name>F00216</name>
        <Polygon>
          <outerBoundaryIs>
            <LinearRing>
              <coordinates>8.50229128787782,39.5230093329895 8.50238905866136,39.5230277634584 8.50245609356332,39.5228259944722 8.50235856067676,39.5228068712851 8.50229128787782,39.5230093329895</coordinates>
            </LinearRing>
          </outerBoundaryIs>
        </Polygon>
      </Placemark>
      <Placemark xmlns="http://www.opengis.net/kml/2.2">
        <styleUrl>#Parti singole_style_map</styleUrl>
        <name>F00217</name>
        <Polygon>
          <outerBoundaryIs>
            <LinearRing>
              <coordinates>8.50504579230926,39.5220451417452 8.50532557280977,39.522139716354 8.5053391317132,39.5221160499505 8.50535436464968,39.5221204217441 8.50536778846816,39.5220977549062 8.50535174859179,39.5220923344824 8.50536464167342,39.5220674037972 8.50508734040669,39.5219743355558 8.50504579230926,39.5220451417452</coordinates>
            </LinearRing>
          </outerBoundaryIs>
        </Polygon>
      </Placemark>
      <Placemark xmlns="http://www.opengis.net/kml/2.2">
        <styleUrl>#Parti singole_style_map</styleUrl>
        <name>F01695</name>
        <Polygon>
          <outerBoundaryIs>
            <LinearRing>
              <coordinates>8.49815298115763,39.4938087507094 8.49828878995239,39.4938028439987 8.49828182588792,39.4937612572111 8.49814157878952,39.4937628159185 8.49815298115763,39.4938087507094</coordinates>
            </LinearRing>
          </outerBoundaryIs>
        </Polygon>
      </Placemark>
      <Placemark xmlns="http://www.opengis.net/kml/2.2">
        <styleUrl>#Parti singole_style_map</styleUrl>
        <name>F01668</name>
        <Polygon>
          <outerBoundaryIs>
            <LinearRing>
              <coordinates>8.49839857068461,39.4931638425539 8.49849873582399,39.4932023797218 8.49878030688466,39.4931826276537 8.49877604908007,39.4930970650073 8.49874537486491,39.4930981490731 8.49845601042735,39.4931084876401 8.49840121074803,39.493110449598 8.49839857068461,39.4931638425539</coordinates>
            </LinearRing>
          </outerBoundaryIs>
        </Polygon>
      </Placemark>
      <Placemark xmlns="http://www.opengis.net/kml/2.2">
        <styleUrl>#Parti singole_style_map</styleUrl>
        <name>F01590</name>
        <Polygon>
          <outerBoundaryIs>
            <LinearRing>
              <coordinates>8.49718309360129,39.4938745061327 8.49723422644738,39.4939602446407 8.49729595428299,39.4939749282963 8.49741480172112,39.4939579173248 8.49749396443523,39.4939286967735 8.49745716509981,39.4938307753107 8.49738986695932,39.4938419003181 8.4972459443807,39.4938656866712 8.49719866833152,39.4938660317224 8.49718309360129,39.4938745061327</coordinates>
            </LinearRing>
          </outerBoundaryIs>
        </Polygon>
      </Placemark>
      <Placemark xmlns="http://www.opengis.net/kml/2.2">
        <styleUrl>#Parti singole_style_map</styleUrl>
        <name>F01591</name>
        <Polygon>
          <outerBoundaryIs>
            <LinearRing>
              <coordinates>8.49754369615719,39.4939103415219 8.49766653865356,39.4938650010077 8.49790155652824,39.4937778956512 8.49793360912031,39.4938196259397 8.49801033982427,39.4938002518494 8.49793175150613,39.4936931846748 8.49788458138275,39.4937030634138 8.49785277427973,39.4936579372698 8.49777353370121,39.4936834995289 8.49778769726078,39.4937094835299 8.49761732447965,39.4937646922368 8.49758665593051,39.4937746331951 8.49759294757514,39.4938036737294 8.49749337365885,39.4938428255814 8.49754369615719,39.4939103415219</coordinates>
            </LinearRing>
          </outerBoundaryIs>
        </Polygon>
      </Placemark>
      <Placemark xmlns="http://www.opengis.net/kml/2.2">
        <styleUrl>#Parti singole_style_map</styleUrl>
        <name>F01592</name>
        <Polygon>
          <outerBoundaryIs>
            <LinearRing>
              <coordinates>8.49365794713891,39.5137072414749 8.49379236155358,39.5136033616192 8.49385781453421,39.513538267934 8.49382027192531,39.5135179843179 8.49377303091495,39.513492450464 8.4935787194289,39.5136588350878 8.49365794713891,39.5137072414749</coordinates>
            </LinearRing>
          </outerBoundaryIs>
        </Polygon>
      </Placemark>
      <Placemark xmlns="http://www.opengis.net/kml/2.2">
        <styleUrl>#Parti singole_style_map</styleUrl>
        <name>F01694</name>
        <Polygon>
          <outerBoundaryIs>
            <LinearRing>
              <coordinates>8.49849585907872,39.495904479779 8.49875582381832,39.495765997072 8.49873340150946,39.4957373301026 8.49873279679192,39.4957048613201 8.49870769231648,39.4956995584185 8.49852431352006,39.4957935682878 8.49846512158032,39.495866686338 8.49849585907872,39.495904479779</coordinates>
            </LinearRing>
          </outerBoundaryIs>
        </Polygon>
      </Placemark>
      <Placemark xmlns="http://www.opengis.net/kml/2.2">
        <styleUrl>#Parti singole_style_map</styleUrl>
        <name>F01667</name>
        <Polygon>
          <outerBoundaryIs>
            <LinearRing>
              <coordinates>8.49839857068461,39.4931638425539 8.49849873582399,39.4932023797218 8.49878030688466,39.4931826276537 8.49877604908007,39.4930970650073 8.49874537486491,39.4930981490731 8.49845601042735,39.4931084876401 8.49840121074803,39.493110449598 8.49839857068461,39.4931638425539</coordinates>
            </LinearRing>
          </outerBoundaryIs>
        </Polygon>
      </Placemark>
      <Placemark xmlns="http://www.opengis.net/kml/2.2">
        <styleUrl>#Parti singole_style_map</styleUrl>
        <name>F01569</name>
        <Polygon>
          <outerBoundaryIs>
            <LinearRing>
              <coordinates>8.5114576209307,39.5201303103384 8.51148744417913,39.5202307025267 8.51162634125307,39.5202023454347 8.51161306712141,39.5201674827866 8.51167550144837,39.5201481748627 8.51167423553667,39.5201395646919 8.51173907368944,39.5201308359364 8.51171962760956,39.5200652852609 8.51171934319509,39.5200494259137 8.51171918957365,39.5200315037543 8.51169967242465,39.5200076434968 8.51178408598826,39.5199762549691 8.5117473165623,39.5199058199805 8.5116562556337,39.519936198413 8.51167971794171,39.5199748071252 8.51161418083509,39.5200052657858 8.51143280383821,39.5200460045851 8.5114576209307,39.5201303103384</coordinates>
            </LinearRing>
          </outerBoundaryIs>
        </Polygon>
      </Placemark>
      <Placemark xmlns="http://www.opengis.net/kml/2.2">
        <styleUrl>#Parti singole_style_map</styleUrl>
        <name>F00156</name>
        <Polygon>
          <outerBoundaryIs>
            <LinearRing>
              <coordinates>8.49458690483461,39.514598649865 8.49464186370197,39.5146011415366 8.49465295272969,39.5145670496821 8.49459218907752,39.5145645597927 8.49458690483461,39.514598649865</coordinates>
            </LinearRing>
          </outerBoundaryIs>
        </Polygon>
      </Placemark>
      <Placemark xmlns="http://www.opengis.net/kml/2.2">
        <styleUrl>#Parti singole_style_map</styleUrl>
        <name>F00157</name>
        <Polygon>
          <outerBoundaryIs>
            <LinearRing>
              <coordinates>8.50912414578926,39.5185522423158 8.50918859162068,39.5185621470354 8.50919816058613,39.5185278720038 8.5093673814372,39.5185604942047 8.50935625800278,39.5185947626847 8.50943233334811,39.5186089305676 8.50947078244789,39.5184471480348 8.50916569617515,39.5183916770401 8.50912414578926,39.5185522423158</coordinates>
            </LinearRing>
          </outerBoundaryIs>
        </Polygon>
      </Placemark>
      <Placemark xmlns="http://www.opengis.net/kml/2.2">
        <styleUrl>#Parti singole_style_map</styleUrl>
        <name>F00169</name>
        <Polygon>
          <outerBoundaryIs>
            <LinearRing>
              <coordinates>8.50845643909883,39.5062784509189 8.51006723007369,39.5090234860931 8.51044489972479,39.5096539902296 8.51083955221893,39.509750080903 8.51286987397019,39.5095199646043 8.5128036720123,39.5093607808041 8.51267418414991,39.5092011152551 8.51252403079163,39.5090575273779 8.51232476398047,39.5089095343284 8.51219103374012,39.5088410980458 8.51199896617636,39.5087681907223 8.51180989631701,39.5086725626133 8.51170430553758,39.5086089654305 8.51154497395253,39.508479222623 8.51140389841519,39.5083255168133 8.51129340988598,39.5081626048012 8.51114188976412,39.5079525671858 8.51109592474866,39.5078143805181 8.51098240334294,39.5074605715394 8.51090433803972,39.5073402703247 8.51078246908571,39.5071866986595 8.5106463188792,39.5070278947767 8.51053531279069,39.5069674002961 8.5104368262441,39.5069229337893 8.51035401349303,39.5068941842108 8.51027565185424,39.5068924753269 8.51020320301582,39.5069017929361 8.50993044318235,39.5067874908743 8.50964832876937,39.5066207986496 8.50941465544378,39.50650943553 8.50904780233991,39.5063270213568 8.50888376218117,39.5062264754867 8.50877976179092,39.5061576203218 8.50871488812106,39.5061401723018 8.50853168959218,39.5062098942921 8.50845643909883,39.5062784509189</coordinates>
            </LinearRing>
          </outerBoundaryIs>
        </Polygon>
      </Placemark>
      <Placemark xmlns="http://www.opengis.net/kml/2.2">
        <styleUrl>#Parti singole_style_map</styleUrl>
        <name>F01570</name>
        <Polygon>
          <outerBoundaryIs>
            <LinearRing>
              <coordinates>8.51150829794996,39.5197884288802 8.51158221270746,39.5199287058977 8.51175205160996,39.5198742587327 8.5117253888928,39.5198341498802 8.5116415319423,39.5198608373227 8.51160887654501,39.5197860676032 8.51158041183565,39.5197939310626 8.51156664039525,39.5197735999523 8.51150829794996,39.5197884288802</coordinates>
            </LinearRing>
          </outerBoundaryIs>
        </Polygon>
      </Placemark>
      <Placemark xmlns="http://www.opengis.net/kml/2.2">
        <styleUrl>#Parti singole_style_map</styleUrl>
        <name>F00114</name>
        <Polygon>
          <outerBoundaryIs>
            <LinearRing>
              <coordinates>8.50934727728415,39.5205411702341 8.50958217287348,39.52036814599 8.50952797417084,39.5203263525902 8.50929427555274,39.5205028687733 8.50934727728415,39.5205411702341</coordinates>
            </LinearRing>
          </outerBoundaryIs>
        </Polygon>
      </Placemark>
      <Placemark xmlns="http://www.opengis.net/kml/2.2">
        <styleUrl>#Parti singole_style_map</styleUrl>
        <name>F01571</name>
        <Polygon>
          <outerBoundaryIs>
            <LinearRing>
              <coordinates>8.50931352666466,39.5199762793008 8.50934380535321,39.5199537192285 8.50935255917116,39.5199595858753 8.50947381630651,39.5198606601563 8.5094144917424,39.5198149706211 8.50926407077846,39.519938389255 8.50931352666466,39.5199762793008</coordinates>
            </LinearRing>
          </outerBoundaryIs>
        </Polygon>
      </Placemark>
      <Placemark xmlns="http://www.opengis.net/kml/2.2">
        <styleUrl>#Parti singole_style_map</styleUrl>
        <name>F01572</name>
        <Polygon>
          <outerBoundaryIs>
            <LinearRing>
              <coordinates>8.50982077707005,39.519662807608 8.50989274311068,39.5197339503475 8.51005401092236,39.519626254588 8.51002785725633,39.5196015911715 8.51006630768731,39.5195733167961 8.51002490880933,39.5195377947235 8.50997511741731,39.5195674538852 8.50999008932365,39.5195824381212 8.50987747919003,39.5196562801155 8.50985150218155,39.5196379336348 8.50982077707005,39.519662807608</coordinates>
            </LinearRing>
          </outerBoundaryIs>
        </Polygon>
      </Placemark>
      <Placemark xmlns="http://www.opengis.net/kml/2.2">
        <styleUrl>#Parti singole_style_map</styleUrl>
        <name>F00214</name>
        <Polygon>
          <outerBoundaryIs>
            <LinearRing>
              <coordinates>8.51166746986586,39.520253363538 8.51174743564588,39.5202092608095 8.51183290696634,39.5201298787543 8.51189830379375,39.5200164794453 8.51199609990903,39.5198566418989 8.51201232777762,39.5197720942127 8.51197912185356,39.5197077742472 8.51193936088123,39.5197006872772 8.51181743972778,39.5196873622957 8.51176938219143,39.5196589400182 8.51170410765133,39.5195673100783 8.51169274884661,39.5194766185686 8.51168521945178,39.5193308721115 8.5116666200342,39.519252449238 8.51163312857433,39.5191210551847 8.51157090829814,39.519026969177 8.51151722895663,39.518969149528 8.51141346445473,39.5188884762845 8.51126089085806,39.5188203381891 8.51118573738198,39.5187922251484 8.51107477109609,39.5187830271592 8.51095937514537,39.518801625259 8.51088424524927,39.5188132656338 8.51077768674462,39.5188274586777 8.51075998223256,39.5188255460102 8.5106530690282,39.5188107242312 8.51051495411177,39.5187678208851 8.51046569385984,39.5187435107125 8.51036066631554,39.5186888349765 8.51024904698233,39.5186318967964 8.51021352967524,39.5185888759694 8.51020895100418,39.5185401739299 8.50900431610819,39.5182834664633 8.50902225518963,39.5182982921716 8.50893758812978,39.5183707196196 8.50889830629776,39.5184229034898 8.50888919774595,39.5184508960728 8.50888789302684,39.5184808588653 8.50889385564191,39.5185559039574 8.50889679922454,39.5186218899286 8.50885570640136,39.5186239867952 8.50883451806391,39.5186294565735 8.50880723923017,39.5186390994018 8.50878901915986,39.5186492760969 8.50876642114935,39.5186748329041 8.50876331398832,39.5186832263884 8.508765591634,39.5186967875336 8.5088477190206,39.5187388345393 8.50831012220374,39.5187715563655 8.50826750343956,39.5186552149887 8.50825085927429,39.5186827521363 8.50816041239636,39.5188305258248 8.5080853785359,39.5189520906314 8.50815161577841,39.5189774468072 8.50809912745043,39.5190545510731 8.50798173400405,39.5192257094013 8.50793672777712,39.5192448639113 8.50795654728053,39.5192586435403 8.50793347755785,39.5192784405933 8.5078990721205,39.5192543994967 8.50790958760715,39.5192447038932 8.5078832986562,39.5192327349534 8.50777942757337,39.5193817939945 8.5080256478156,39.5193662220172 8.50802768285198,39.519386116398 8.50805100279694,39.5193803134033 8.50805962910236,39.5194009204808 8.50802998023185,39.5194083996228 8.50789213128545,39.5194168530793 8.50789671075656,39.5194536886201 8.50779864494049,39.5194594091696 8.50779564523518,39.5194229227106 8.50774876467208,39.519425769548 8.5077082879577,39.5194838496956 8.50761969377745,39.5196094924509 8.50753504995289,39.5197325208711 8.50764673297487,39.5198412982453 8.50760690398862,39.5198801080392 8.50760934384809,39.519883857661 8.50767568521092,39.5198978705629 8.50797178725742,39.5199638191642 8.50824025400146,39.5200223246416 8.50885097162925,39.5201573149483 8.50885939592981,39.5201703164064 8.50889157283903,39.5201590724212 8.50888097926554,39.5201402321218 8.50911353256658,39.520061861257 8.50913909245597,39.5201096878821 8.50888493652526,39.5201977526674 8.50897375194821,39.5202633717989 8.50907605314644,39.5203402656946 8.50920204672321,39.5204328744752 8.50929427555274,39.5205028687733 8.50952797417084,39.5203263525902 8.50958217287348,39.52036814599 8.50934727728415,39.5205411702341 8.50941526452987,39.5205975015212 8.50942428949427,39.5206028737402 8.50944762035251,39.5205806897658 8.50949928195519,39.5206110654335 8.50947227781248,39.520636126217 8.5094991970743,39.5206693978352 8.50957789759257,39.5207656539034 8.50961291916176,39.5208081321986 8.50947612587959,39.5208844035887 8.509408589409,39.5209226284536 8.50930216109094,39.5209855664678 8.50916778574373,39.5210653166751 8.50937738250395,39.5211860032094 8.50940623072294,39.5211518768555 8.50944171196869,39.521167082929 8.50941602899573,39.5212010965149 8.50958320308305,39.5212267609733 8.50985036111422,39.5212654615531 8.50991831732329,39.5212304278551 8.50997193169831,39.5212909240092 8.50995570822084,39.521301658933 8.51006222939627,39.5214108086476 8.5102837850798,39.5214806717687 8.51040472257233,39.5215234579312 8.51062118541828,39.5215946685114 8.51081423931725,39.5215666937217 8.51099139170888,39.5215400392594 8.51107358340009,39.5215470618731 8.51105395193327,39.5214714908564 8.51095198481281,39.5214508785188 8.51072215405458,39.5214824649497 8.51059046154824,39.5214586185304 8.5105442804288,39.521439556362 8.51050672101048,39.5214137457421 8.51042355003906,39.5213573691264 8.51036011889996,39.5212766126634 8.51034063715205,39.5212344884312 8.51034030318346,39.5211611611093 8.51039561410694,39.5210812565369 8.51043303326932,39.5210491753506 8.5104942339368,39.5210019399111 8.51053682355879,39.5209890093707 8.51056826270556,39.5209817804136 8.5107644568017,39.5209421055254 8.51087759256058,39.5208913313024 8.51090537335457,39.5208633000598 8.51095712598992,39.5207830288303 8.51101880650434,39.5206341768285 8.51104739826208,39.5205270294096 8.51096885188345,39.5205444851235 8.51092703693862,39.5203360447124 8.51120294038476,39.5203068322341 8.51121114756739,39.5203392408229 8.51125748152317,39.5203347774448 8.51126248484722,39.5203678393131 8.51133518282049,39.5203432226294 8.51144015480024,39.5203166872914 8.51166746986586,39.520253363538</coordinates>
            </LinearRing>
          </outerBoundaryIs>
          <innerBoundaryIs>
            <LinearRing>
              <coordinates>8.50930234580357,39.5195881668872 8.50925639968114,39.5196069935656 8.50923448243681,39.5195771669377 8.5092854282862,39.5195587308112 8.50930234580357,39.5195881668872</coordinates>
            </LinearRing>
          </innerBoundaryIs>
          <innerBoundaryIs>
            <LinearRing>
              <coordinates>8.51154837793467,39.519662047558 8.51150550339075,39.5196726165735 8.51147962930827,39.5196229330162 8.51152205784136,39.519612920774 8.51154837793467,39.519662047558</coordinates>
            </LinearRing>
          </innerBoundaryIs>
          <innerBoundaryIs>
            <LinearRing>
              <coordinates>8.51040111829178,39.5206505868258 8.51036613126235,39.5206875708555 8.51033720429804,39.5206717439491 8.51032300722084,39.5206639983069 8.51039199125805,39.520585223593 8.51043812163459,39.520611421777 8.51040111829178,39.5206505868258</coordinates>
            </LinearRing>
          </innerBoundaryIs>
          <innerBoundaryIs>
            <LinearRing>
              <coordinates>8.51051065427554,39.5208770450897 8.51049912796645,39.520848478882 8.51067634363667,39.5207993174002 8.51068885088298,39.5208306809194 8.51051065427554,39.5208770450897</coordinates>
            </LinearRing>
          </innerBoundaryIs>
          <innerBoundaryIs>
            <LinearRing>
              <coordinates>8.50954668486073,39.5211357378061 8.50951524966144,39.521110979898 8.5096359574881,39.5210192779833 8.50966979618393,39.5210463616546 8.50954668486073,39.5211357378061</coordinates>
            </LinearRing>
          </innerBoundaryIs>
          <innerBoundaryIs>
            <LinearRing>
              <coordinates>8.50995759898483,39.5186771879425 8.50987948240421,39.5187016097162 8.50983484408338,39.5187148917913 8.50981393060752,39.518677987396 8.50986136341305,39.518664356707 8.50985514972959,39.5186513195941 8.50993441652881,39.5186287588139 8.50995759898483,39.5186771879425</coordinates>
            </LinearRing>
          </innerBoundaryIs>
          <innerBoundaryIs>
            <LinearRing>
              <coordinates>8.50985258911751,39.5209073921671 8.50981702637059,39.5208839324289 8.50991376393572,39.5208059779183 8.50994623067983,39.5207783541183 8.50998144409344,39.5208018573952 8.50985258911751,39.5209073921671</coordinates>
            </LinearRing>
          </innerBoundaryIs>
          <innerBoundaryIs>
            <LinearRing>
              <coordinates>8.51099619481744,39.5193056731094 8.51090204314491,39.5192875083906 8.51091145106596,39.5192598593049 8.51088909697885,39.5192557195536 8.51090124678359,39.5192136745202 8.51095597297607,39.5192234017987 8.51095422392812,39.5192289447891 8.5110185362981,39.5192419831392 8.51099619481744,39.5193056731094</coordinates>
            </LinearRing>
          </innerBoundaryIs>
          <innerBoundaryIs>
            <LinearRing>
              <coordinates>8.51147061143524,39.5198189865545 8.5114193381065,39.5198427023051 8.51141586759749,39.5198382456236 8.51138542810556,39.5198523178455 8.51138195797733,39.5198478071026 8.51137616897968,39.5198504678258 8.51132363249197,39.519782236979 8.5114113327113,39.5197416900472 8.51142292219242,39.5197363866659 8.51143616943033,39.5197534898962 8.51142450964159,39.5197588650655 8.51147061143524,39.5198189865545</coordinates>
            </LinearRing>
          </innerBoundaryIs>
          <innerBoundaryIs>
            <LinearRing>
              <coordinates>8.50935255917116,39.5199595858753 8.50934380535321,39.5199537192285 8.50931352666466,39.5199762793008 8.50926407077846,39.519938389255 8.5094144917424,39.5198149706211 8.50947381630651,39.5198606601563 8.50935255917116,39.5199595858753</coordinates>
            </LinearRing>
          </innerBoundaryIs>
          <innerBoundaryIs>
            <LinearRing>
              <coordinates>8.50979822859397,39.5186113709483 8.50951498986466,39.5186555513163 8.50950197352464,39.5186057413962 8.50961529339288,39.5185895597534 8.50978446294191,39.5185638645378 8.50979822859397,39.5186113709483</coordinates>
            </LinearRing>
          </innerBoundaryIs>
          <innerBoundaryIs>
            <LinearRing>
              <coordinates>8.51138703010551,39.5196752899368 8.51129842107415,39.5197094086737 8.51125482237236,39.5196457385732 8.51126535384974,39.5196419985507 8.51121072258931,39.5195656135137 8.51123874725436,39.519554135157 8.51123132045896,39.5195415074892 8.51126467635182,39.5195312589397 8.51130515101987,39.5195858515191 8.51131674896348,39.5195826565973 8.51133411625326,39.5196144369529 8.51134998945152,39.5196087731658 8.51138703010551,39.5196752899368</coordinates>
            </LinearRing>
          </innerBoundaryIs>
          <innerBoundaryIs>
            <LinearRing>
              <coordinates>8.50909092349456,39.5196001493481 8.50906606911203,39.5195628497366 8.50913464353881,39.5195340091821 8.50912243094424,39.5195170992788 8.5091876429056,39.5194899474332 8.50917740458492,39.5194768302089 8.5092418813695,39.5194351235694 8.50927582309123,39.5194771829376 8.50930442293113,39.5194633647958 8.50932831308526,39.5194988311906 8.50909092349456,39.5196001493481</coordinates>
            </LinearRing>
          </innerBoundaryIs>
          <innerBoundaryIs>
            <LinearRing>
              <coordinates>8.5116415319423,39.5198608373227 8.5117253888928,39.5198341498802 8.51175205160996,39.5198742587327 8.51158221270746,39.5199287058977 8.51150829794996,39.5197884288802 8.51156664039525,39.5197735999523 8.51158041183565,39.5197939310626 8.51160887654501,39.5197860676032 8.5116415319423,39.5198608373227</coordinates>
            </LinearRing>
          </innerBoundaryIs>
          <innerBoundaryIs>
            <LinearRing>
              <coordinates>8.50989274311068,39.5197339503475 8.50982077707005,39.519662807608 8.50985150218155,39.5196379336348 8.50987747919003,39.5196562801155 8.50999008932365,39.5195824381212 8.50997511741731,39.5195674538852 8.51002490880933,39.5195377947235 8.51006630768731,39.5195733167961 8.51002785725633,39.5196015911715 8.51005401092236,39.519626254588 8.50989274311068,39.5197339503475</coordinates>
            </LinearRing>
          </innerBoundaryIs>
          <innerBoundaryIs>
            <LinearRing>
              <coordinates>8.51114525285552,39.5202199463093 8.51084957126515,39.5202426690375 8.51083401102261,39.5201904698428 8.51104376431622,39.520152941963 8.51104558387749,39.5201589054389 8.51107845604258,39.5201529798589 8.51108139634552,39.5201716525929 8.51113652641799,39.52016537917 8.51114525285552,39.5202199463093</coordinates>
            </LinearRing>
          </innerBoundaryIs>
          <innerBoundaryIs>
            <LinearRing>
              <coordinates>8.50768970245919,39.5197202375899 8.50766034975815,39.519685774885 8.50769961590613,39.5196640372292 8.50767436104682,39.5196341240815 8.50775857343393,39.5195918801977 8.50776488099766,39.5195998179805 8.50783453653055,39.5195662343403 8.50785271428912,39.5195868098171 8.50798095726806,39.5195235420275 8.5080102984912,39.5195579955936 8.50768970245919,39.5197202375899</coordinates>
            </LinearRing>
          </innerBoundaryIs>
          <innerBoundaryIs>
            <LinearRing>
              <coordinates>8.51028112819851,39.5210972628141 8.51029033118203,39.5211054649539 8.51025514062658,39.5211448808729 8.51024530224945,39.5211939726218 8.51025829001536,39.5212032989893 8.51021577662088,39.521245080765 8.51013481548198,39.5211921642087 8.51017733552188,39.5211510943049 8.51012809848501,39.5211182963806 8.51031327885721,39.5209573510763 8.51036359075244,39.5209348661806 8.51038907492249,39.5209572110453 8.51035541904596,39.5209851993787 8.51039826483494,39.5210169430944 8.51034462370154,39.521066183607 8.51032578554642,39.5210533365863 8.51028112819851,39.5210972628141</coordinates>
            </LinearRing>
          </innerBoundaryIs>
          <innerBoundaryIs>
            <LinearRing>
              <coordinates>8.50892736334489,39.5197423796198 8.50885699720067,39.5197513897858 8.50876141864905,39.5197639965317 8.50871900635736,39.5195736274755 8.50877816961888,39.5195661918758 8.50880058669185,39.5195630429555 8.50884047876374,39.5195580757532 8.50888649041816,39.5195530713372 8.50892736334489,39.5197423796198</coordinates>
            </LinearRing>
          </innerBoundaryIs>
          <innerBoundaryIs>
            <LinearRing>
              <coordinates>8.51081807896787,39.5205276317294 8.51085922211995,39.5205234890429 8.51087164366523,39.5205803243365 8.51084359123565,39.5205840896574 8.51084759939894,39.520616363454 8.51083026953506,39.5206190206029 8.51084412967163,39.5206896837757 8.51081685713915,39.5206966960864 8.51077277266804,39.5207518968199 8.51073457492966,39.5207308770688 8.5107650482306,39.5206921799794 8.51071793950159,39.5204275379046 8.51068857462784,39.5204310003199 8.5106532065262,39.5203036167079 8.51075774595588,39.5202840361258 8.51077388954734,39.5203674765411 8.51077976263848,39.5204141566751 8.5107892103298,39.5204587524598 8.51080115074204,39.5204565141257 8.51081807896787,39.5205276317294</coordinates>
            </LinearRing>
          </innerBoundaryIs>
          <innerBoundaryIs>
            <LinearRing>
              <coordinates>8.5113646132473,39.5193980473886 8.51121865765893,39.5194610011129 8.51120138417777,39.5194374205201 8.51116934017653,39.5194513778115 8.51115854281641,39.5194283470626 8.51109035495423,39.5193309289051 8.51111590575825,39.5193205123928 8.51107689939947,39.5192639526668 8.51106495476631,39.5192469269598 8.51121382475277,39.5191847335447 8.5113646132473,39.5193980473886</coordinates>
            </LinearRing>
          </innerBoundaryIs>
          <innerBoundaryIs>
            <LinearRing>
              <coordinates>8.51173907368944,39.5201308359364 8.51167423553667,39.5201395646919 8.51167550144837,39.5201481748627 8.51161306712141,39.5201674827866 8.51162634125307,39.5202023454347 8.51148744417913,39.5202307025267 8.5114576209307,39.5201303103384 8.51143280383821,39.5200460045851 8.51161418083509,39.5200052657858 8.51167971794171,39.5199748071252 8.5116562556337,39.519936198413 8.5117473165623,39.5199058199805 8.51178408598826,39.5199762549691 8.51169967242465,39.5200076434968 8.51171918957365,39.5200315037543 8.51171934319509,39.5200494259137 8.51171962760956,39.5200652852609 8.51173907368944,39.5201308359364</coordinates>
            </LinearRing>
          </innerBoundaryIs>
          <innerBoundaryIs>
            <LinearRing>
              <coordinates>8.51039360761979,39.5201531949225 8.51037009645355,39.5201547447125 8.5103798805389,39.5201977831656 8.51035326927888,39.5202580581152 8.51021796656131,39.520278121331 8.5101214198731,39.5200361837706 8.51056517801278,39.5199418872404 8.51061188845355,39.519996425237 8.51064278550118,39.5200431297092 8.51041360893973,39.5201047767072 8.51039360761979,39.5201531949225</coordinates>
            </LinearRing>
          </innerBoundaryIs>
          <innerBoundaryIs>
            <LinearRing>
              <coordinates>8.51086342536341,39.5196396670939 8.51082268559525,39.5196460820814 8.51082334236705,39.5196486437763 8.51083357284479,39.5196695547443 8.51085930737495,39.5197241394672 8.5108746129056,39.5197595784064 8.51088768642424,39.5197931247899 8.51089311620584,39.5198134659095 8.51085266886795,39.519824612553 8.51086278929459,39.5198496047266 8.51080159962303,39.5198623128968 8.51073918722662,39.5198735291831 8.51073685375558,39.5198645450826 8.51066463307188,39.5198725934386 8.51064702729361,39.5197836956022 8.51057301931789,39.5197911416917 8.51055659079956,39.5197201613045 8.51057550436177,39.5197172585793 8.51052666939048,39.5194915336695 8.51064407295365,39.5194754853699 8.51077636288148,39.5194485070629 8.51077265257943,39.5194218749687 8.51090622693152,39.519407462301 8.51092884227575,39.5195169337222 8.51099371053713,39.5195104761066 8.51101194432515,39.5195994576318 8.5109468118277,39.5196070854858 8.51093756261029,39.5195607335317 8.51085066967521,39.5195741083996 8.51086342536341,39.5196396670939</coordinates>
            </LinearRing>
          </innerBoundaryIs>
        </Polygon>
      </Placemark>
      <Placemark xmlns="http://www.opengis.net/kml/2.2">
        <styleUrl>#Parti singole_style_map</styleUrl>
        <name>F00215</name>
        <Polygon>
          <outerBoundaryIs>
            <LinearRing>
              <coordinates>8.51166746986586,39.520253363538 8.51174743564588,39.5202092608095 8.51183290696634,39.5201298787543 8.51189830379375,39.5200164794453 8.51199609990903,39.5198566418989 8.51201232777762,39.5197720942127 8.51197912185356,39.5197077742472 8.51193936088123,39.5197006872772 8.51181743972778,39.5196873622957 8.51176938219143,39.5196589400182 8.51170410765133,39.5195673100783 8.51169274884661,39.5194766185686 8.51168521945178,39.5193308721115 8.5116666200342,39.519252449238 8.51163312857433,39.5191210551847 8.51157090829814,39.519026969177 8.51151722895663,39.518969149528 8.51141346445473,39.5188884762845 8.51126089085806,39.5188203381891 8.51118573738198,39.5187922251484 8.51107477109609,39.5187830271592 8.51095937514537,39.518801625259 8.51088424524927,39.5188132656338 8.51077768674462,39.5188274586777 8.51075998223256,39.5188255460102 8.5106530690282,39.5188107242312 8.51051495411177,39.5187678208851 8.51046569385984,39.5187435107125 8.51036066631554,39.5186888349765 8.51024904698233,39.5186318967964 8.51021352967524,39.5185888759694 8.51020895100418,39.5185401739299 8.50900431610819,39.5182834664633 8.50902225518963,39.5182982921716 8.50893758812978,39.5183707196196 8.50889830629776,39.5184229034898 8.50888919774595,39.5184508960728 8.50888789302684,39.5184808588653 8.50889385564191,39.5185559039574 8.50889679922454,39.5186218899286 8.50885570640136,39.5186239867952 8.50883451806391,39.5186294565735 8.50880723923017,39.5186390994018 8.50878901915986,39.5186492760969 8.50876642114935,39.5186748329041 8.50876331398832,39.5186832263884 8.508765591634,39.5186967875336 8.5088477190206,39.5187388345393 8.50831012220374,39.5187715563655 8.50826750343956,39.5186552149887 8.50825085927429,39.5186827521363 8.50816041239636,39.5188305258248 8.5080853785359,39.5189520906314 8.50815161577841,39.5189774468072 8.50809912745043,39.5190545510731 8.50798173400405,39.5192257094013 8.50793672777712,39.5192448639113 8.50795654728053,39.5192586435403 8.50793347755785,39.5192784405933 8.5078990721205,39.5192543994967 8.50790958760715,39.5192447038932 8.5078832986562,39.5192327349534 8.50777942757337,39.5193817939945 8.5080256478156,39.5193662220172 8.50802768285198,39.519386116398 8.50805100279694,39.5193803134033 8.50805962910236,39.5194009204808 8.50802998023185,39.5194083996228 8.50789213128545,39.5194168530793 8.50789671075656,39.5194536886201 8.50779864494049,39.5194594091696 8.50779564523518,39.5194229227106 8.50774876467208,39.519425769548 8.5077082879577,39.5194838496956 8.50761969377745,39.5196094924509 8.50753504995289,39.5197325208711 8.50764673297487,39.5198412982453 8.50760690398862,39.5198801080392 8.50760934384809,39.519883857661 8.50767568521092,39.5198978705629 8.50797178725742,39.5199638191642 8.50824025400146,39.5200223246416 8.50885097162925,39.5201573149483 8.50885939592981,39.5201703164064 8.50889157283903,39.5201590724212 8.50888097926554,39.5201402321218 8.50911353256658,39.520061861257 8.50913909245597,39.5201096878821 8.50888493652526,39.5201977526674 8.50897375194821,39.5202633717989 8.50907605314644,39.5203402656946 8.50920204672321,39.5204328744752 8.50929427555274,39.5205028687733 8.50952797417084,39.5203263525902 8.50958217287348,39.52036814599 8.50934727728415,39.5205411702341 8.50941526452987,39.5205975015212 8.50942428949427,39.5206028737402 8.50944762035251,39.5205806897658 8.50949928195519,39.5206110654335 8.50947227781248,39.520636126217 8.5094991970743,39.5206693978352 8.50957789759257,39.5207656539034 8.50961291916176,39.5208081321986 8.50947612587959,39.5208844035887 8.509408589409,39.5209226284536 8.50930216109094,39.5209855664678 8.50916778574373,39.5210653166751 8.50937738250395,39.5211860032094 8.50940623072294,39.5211518768555 8.50944171196869,39.521167082929 8.50941602899573,39.5212010965149 8.50958320308305,39.5212267609733 8.50985036111422,39.5212654615531 8.50991831732329,39.5212304278551 8.50997193169831,39.5212909240092 8.50995570822084,39.521301658933 8.51006222939627,39.5214108086476 8.5102837850798,39.5214806717687 8.51040472257233,39.5215234579312 8.51062118541828,39.5215946685114 8.51081423931725,39.5215666937217 8.51099139170888,39.5215400392594 8.51107358340009,39.5215470618731 8.51105395193327,39.5214714908564 8.51095198481281,39.5214508785188 8.51072215405458,39.5214824649497 8.51059046154824,39.5214586185304 8.5105442804288,39.521439556362 8.51050672101048,39.5214137457421 8.51042355003906,39.5213573691264 8.51036011889996,39.5212766126634 8.51034063715205,39.5212344884312 8.51034030318346,39.5211611611093 8.51039561410694,39.5210812565369 8.51043303326932,39.5210491753506 8.5104942339368,39.5210019399111 8.51053682355879,39.5209890093707 8.51056826270556,39.5209817804136 8.5107644568017,39.5209421055254 8.51087759256058,39.5208913313024 8.51090537335457,39.5208633000598 8.51095712598992,39.5207830288303 8.51101880650434,39.5206341768285 8.51104739826208,39.5205270294096 8.51096885188345,39.5205444851235 8.51092703693862,39.5203360447124 8.51120294038476,39.5203068322341 8.51121114756739,39.5203392408229 8.51125748152317,39.5203347774448 8.51126248484722,39.5203678393131 8.51133518282049,39.5203432226294 8.51144015480024,39.5203166872914 8.51166746986586,39.520253363538</coordinates>
            </LinearRing>
          </outerBoundaryIs>
          <innerBoundaryIs>
            <LinearRing>
              <coordinates>8.50930234580357,39.5195881668872 8.50925639968114,39.5196069935656 8.50923448243681,39.5195771669377 8.5092854282862,39.5195587308112 8.50930234580357,39.5195881668872</coordinates>
            </LinearRing>
          </innerBoundaryIs>
          <innerBoundaryIs>
            <LinearRing>
              <coordinates>8.51154837793467,39.519662047558 8.51150550339075,39.5196726165735 8.51147962930827,39.5196229330162 8.51152205784136,39.519612920774 8.51154837793467,39.519662047558</coordinates>
            </LinearRing>
          </innerBoundaryIs>
          <innerBoundaryIs>
            <LinearRing>
              <coordinates>8.51040111829178,39.5206505868258 8.51036613126235,39.5206875708555 8.51033720429804,39.5206717439491 8.51032300722084,39.5206639983069 8.51039199125805,39.520585223593 8.51043812163459,39.520611421777 8.51040111829178,39.5206505868258</coordinates>
            </LinearRing>
          </innerBoundaryIs>
          <innerBoundaryIs>
            <LinearRing>
              <coordinates>8.51051065427554,39.5208770450897 8.51049912796645,39.520848478882 8.51067634363667,39.5207993174002 8.51068885088298,39.5208306809194 8.51051065427554,39.5208770450897</coordinates>
            </LinearRing>
          </innerBoundaryIs>
          <innerBoundaryIs>
            <LinearRing>
              <coordinates>8.50954668486073,39.5211357378061 8.50951524966144,39.521110979898 8.5096359574881,39.5210192779833 8.50966979618393,39.5210463616546 8.50954668486073,39.5211357378061</coordinates>
            </LinearRing>
          </innerBoundaryIs>
          <innerBoundaryIs>
            <LinearRing>
              <coordinates>8.50995759898483,39.5186771879425 8.50987948240421,39.5187016097162 8.50983484408338,39.5187148917913 8.50981393060752,39.518677987396 8.50986136341305,39.518664356707 8.50985514972959,39.5186513195941 8.50993441652881,39.5186287588139 8.50995759898483,39.5186771879425</coordinates>
            </LinearRing>
          </innerBoundaryIs>
          <innerBoundaryIs>
            <LinearRing>
              <coordinates>8.50985258911751,39.5209073921671 8.50981702637059,39.5208839324289 8.50991376393572,39.5208059779183 8.50994623067983,39.5207783541183 8.50998144409344,39.5208018573952 8.50985258911751,39.5209073921671</coordinates>
            </LinearRing>
          </innerBoundaryIs>
          <innerBoundaryIs>
            <LinearRing>
              <coordinates>8.51099619481744,39.5193056731094 8.51090204314491,39.5192875083906 8.51091145106596,39.5192598593049 8.51088909697885,39.5192557195536 8.51090124678359,39.5192136745202 8.51095597297607,39.5192234017987 8.51095422392812,39.5192289447891 8.5110185362981,39.5192419831392 8.51099619481744,39.5193056731094</coordinates>
            </LinearRing>
          </innerBoundaryIs>
          <innerBoundaryIs>
            <LinearRing>
              <coordinates>8.51147061143524,39.5198189865545 8.5114193381065,39.5198427023051 8.51141586759749,39.5198382456236 8.51138542810556,39.5198523178455 8.51138195797733,39.5198478071026 8.51137616897968,39.5198504678258 8.51132363249197,39.519782236979 8.5114113327113,39.5197416900472 8.51142292219242,39.5197363866659 8.51143616943033,39.5197534898962 8.51142450964159,39.5197588650655 8.51147061143524,39.5198189865545</coordinates>
            </LinearRing>
          </innerBoundaryIs>
          <innerBoundaryIs>
            <LinearRing>
              <coordinates>8.50935255917116,39.5199595858753 8.50934380535321,39.5199537192285 8.50931352666466,39.5199762793008 8.50926407077846,39.519938389255 8.5094144917424,39.5198149706211 8.50947381630651,39.5198606601563 8.50935255917116,39.5199595858753</coordinates>
            </LinearRing>
          </innerBoundaryIs>
          <innerBoundaryIs>
            <LinearRing>
              <coordinates>8.50979822859397,39.5186113709483 8.50951498986466,39.5186555513163 8.50950197352464,39.5186057413962 8.50961529339288,39.5185895597534 8.50978446294191,39.5185638645378 8.50979822859397,39.5186113709483</coordinates>
            </LinearRing>
          </innerBoundaryIs>
          <innerBoundaryIs>
            <LinearRing>
              <coordinates>8.51138703010551,39.5196752899368 8.51129842107415,39.5197094086737 8.51125482237236,39.5196457385732 8.51126535384974,39.5196419985507 8.51121072258931,39.5195656135137 8.51123874725436,39.519554135157 8.51123132045896,39.5195415074892 8.51126467635182,39.5195312589397 8.51130515101987,39.5195858515191 8.51131674896348,39.5195826565973 8.51133411625326,39.5196144369529 8.51134998945152,39.5196087731658 8.51138703010551,39.5196752899368</coordinates>
            </LinearRing>
          </innerBoundaryIs>
          <innerBoundaryIs>
            <LinearRing>
              <coordinates>8.50909092349456,39.5196001493481 8.50906606911203,39.5195628497366 8.50913464353881,39.5195340091821 8.50912243094424,39.5195170992788 8.5091876429056,39.5194899474332 8.50917740458492,39.5194768302089 8.5092418813695,39.5194351235694 8.50927582309123,39.5194771829376 8.50930442293113,39.5194633647958 8.50932831308526,39.5194988311906 8.50909092349456,39.5196001493481</coordinates>
            </LinearRing>
          </innerBoundaryIs>
          <innerBoundaryIs>
            <LinearRing>
              <coordinates>8.5116415319423,39.5198608373227 8.5117253888928,39.5198341498802 8.51175205160996,39.5198742587327 8.51158221270746,39.5199287058977 8.51150829794996,39.5197884288802 8.51156664039525,39.5197735999523 8.51158041183565,39.5197939310626 8.51160887654501,39.5197860676032 8.5116415319423,39.5198608373227</coordinates>
            </LinearRing>
          </innerBoundaryIs>
          <innerBoundaryIs>
            <LinearRing>
              <coordinates>8.50989274311068,39.5197339503475 8.50982077707005,39.519662807608 8.50985150218155,39.5196379336348 8.50987747919003,39.5196562801155 8.50999008932365,39.5195824381212 8.50997511741731,39.5195674538852 8.51002490880933,39.5195377947235 8.51006630768731,39.5195733167961 8.51002785725633,39.5196015911715 8.51005401092236,39.519626254588 8.50989274311068,39.5197339503475</coordinates>
            </LinearRing>
          </innerBoundaryIs>
          <innerBoundaryIs>
            <LinearRing>
              <coordinates>8.51114525285552,39.5202199463093 8.51084957126515,39.5202426690375 8.51083401102261,39.5201904698428 8.51104376431622,39.520152941963 8.51104558387749,39.5201589054389 8.51107845604258,39.5201529798589 8.51108139634552,39.5201716525929 8.51113652641799,39.52016537917 8.51114525285552,39.5202199463093</coordinates>
            </LinearRing>
          </innerBoundaryIs>
          <innerBoundaryIs>
            <LinearRing>
              <coordinates>8.50768970245919,39.5197202375899 8.50766034975815,39.519685774885 8.50769961590613,39.5196640372292 8.50767436104682,39.5196341240815 8.50775857343393,39.5195918801977 8.50776488099766,39.5195998179805 8.50783453653055,39.5195662343403 8.50785271428912,39.5195868098171 8.50798095726806,39.5195235420275 8.5080102984912,39.5195579955936 8.50768970245919,39.5197202375899</coordinates>
            </LinearRing>
          </innerBoundaryIs>
          <innerBoundaryIs>
            <LinearRing>
              <coordinates>8.51028112819851,39.5210972628141 8.51029033118203,39.5211054649539 8.51025514062658,39.5211448808729 8.51024530224945,39.5211939726218 8.51025829001536,39.5212032989893 8.51021577662088,39.521245080765 8.51013481548198,39.5211921642087 8.51017733552188,39.5211510943049 8.51012809848501,39.5211182963806 8.51031327885721,39.5209573510763 8.51036359075244,39.5209348661806 8.51038907492249,39.5209572110453 8.51035541904596,39.5209851993787 8.51039826483494,39.5210169430944 8.51034462370154,39.521066183607 8.51032578554642,39.5210533365863 8.51028112819851,39.5210972628141</coordinates>
            </LinearRing>
          </innerBoundaryIs>
          <innerBoundaryIs>
            <LinearRing>
              <coordinates>8.50892736334489,39.5197423796198 8.50885699720067,39.5197513897858 8.50876141864905,39.5197639965317 8.50871900635736,39.5195736274755 8.50877816961888,39.5195661918758 8.50880058669185,39.5195630429555 8.50884047876374,39.5195580757532 8.50888649041816,39.5195530713372 8.50892736334489,39.5197423796198</coordinates>
            </LinearRing>
          </innerBoundaryIs>
          <innerBoundaryIs>
            <LinearRing>
              <coordinates>8.51081807896787,39.5205276317294 8.51085922211995,39.5205234890429 8.51087164366523,39.5205803243365 8.51084359123565,39.5205840896574 8.51084759939894,39.520616363454 8.51083026953506,39.5206190206029 8.51084412967163,39.5206896837757 8.51081685713915,39.5206966960864 8.51077277266804,39.5207518968199 8.51073457492966,39.5207308770688 8.5107650482306,39.5206921799794 8.51071793950159,39.5204275379046 8.51068857462784,39.5204310003199 8.5106532065262,39.5203036167079 8.51075774595588,39.5202840361258 8.51077388954734,39.5203674765411 8.51077976263848,39.5204141566751 8.5107892103298,39.5204587524598 8.51080115074204,39.5204565141257 8.51081807896787,39.5205276317294</coordinates>
            </LinearRing>
          </innerBoundaryIs>
          <innerBoundaryIs>
            <LinearRing>
              <coordinates>8.5113646132473,39.5193980473886 8.51121865765893,39.5194610011129 8.51120138417777,39.5194374205201 8.51116934017653,39.5194513778115 8.51115854281641,39.5194283470626 8.51109035495423,39.5193309289051 8.51111590575825,39.5193205123928 8.51107689939947,39.5192639526668 8.51106495476631,39.5192469269598 8.51121382475277,39.5191847335447 8.5113646132473,39.5193980473886</coordinates>
            </LinearRing>
          </innerBoundaryIs>
          <innerBoundaryIs>
            <LinearRing>
              <coordinates>8.51173907368944,39.5201308359364 8.51167423553667,39.5201395646919 8.51167550144837,39.5201481748627 8.51161306712141,39.5201674827866 8.51162634125307,39.5202023454347 8.51148744417913,39.5202307025267 8.5114576209307,39.5201303103384 8.51143280383821,39.5200460045851 8.51161418083509,39.5200052657858 8.51167971794171,39.5199748071252 8.5116562556337,39.519936198413 8.5117473165623,39.5199058199805 8.51178408598826,39.5199762549691 8.51169967242465,39.5200076434968 8.51171918957365,39.5200315037543 8.51171934319509,39.5200494259137 8.51171962760956,39.5200652852609 8.51173907368944,39.5201308359364</coordinates>
            </LinearRing>
          </innerBoundaryIs>
          <innerBoundaryIs>
            <LinearRing>
              <coordinates>8.51039360761979,39.5201531949225 8.51037009645355,39.5201547447125 8.5103798805389,39.5201977831656 8.51035326927888,39.5202580581152 8.51021796656131,39.520278121331 8.5101214198731,39.5200361837706 8.51056517801278,39.5199418872404 8.51061188845355,39.519996425237 8.51064278550118,39.5200431297092 8.51041360893973,39.5201047767072 8.51039360761979,39.5201531949225</coordinates>
            </LinearRing>
          </innerBoundaryIs>
          <innerBoundaryIs>
            <LinearRing>
              <coordinates>8.51086342536341,39.5196396670939 8.51082268559525,39.5196460820814 8.51082334236705,39.5196486437763 8.51083357284479,39.5196695547443 8.51085930737495,39.5197241394672 8.5108746129056,39.5197595784064 8.51088768642424,39.5197931247899 8.51089311620584,39.5198134659095 8.51085266886795,39.519824612553 8.51086278929459,39.5198496047266 8.51080159962303,39.5198623128968 8.51073918722662,39.5198735291831 8.51073685375558,39.5198645450826 8.51066463307188,39.5198725934386 8.51064702729361,39.5197836956022 8.51057301931789,39.5197911416917 8.51055659079956,39.5197201613045 8.51057550436177,39.5197172585793 8.51052666939048,39.5194915336695 8.51064407295365,39.5194754853699 8.51077636288148,39.5194485070629 8.51077265257943,39.5194218749687 8.51090622693152,39.519407462301 8.51092884227575,39.5195169337222 8.51099371053713,39.5195104761066 8.51101194432515,39.5195994576318 8.5109468118277,39.5196070854858 8.51093756261029,39.5195607335317 8.51085066967521,39.5195741083996 8.51086342536341,39.5196396670939</coordinates>
            </LinearRing>
          </innerBoundaryIs>
        </Polygon>
      </Placemark>
      <Placemark xmlns="http://www.opengis.net/kml/2.2">
        <styleUrl>#Parti singole_style_map</styleUrl>
        <name>F00131</name>
        <Polygon>
          <outerBoundaryIs>
            <LinearRing>
              <coordinates>8.51121072258931,39.5195656135137 8.51126535384974,39.5196419985507 8.51125482237236,39.5196457385732 8.51129842107415,39.5197094086737 8.51138703010551,39.5196752899368 8.51134998945152,39.5196087731658 8.51133411625326,39.5196144369529 8.51131674896348,39.5195826565973 8.51130515101987,39.5195858515191 8.51126467635182,39.5195312589397 8.51123132045896,39.5195415074892 8.51123874725436,39.519554135157 8.51121072258931,39.5195656135137</coordinates>
            </LinearRing>
          </outerBoundaryIs>
        </Polygon>
      </Placemark>
      <Placemark xmlns="http://www.opengis.net/kml/2.2">
        <styleUrl>#Parti singole_style_map</styleUrl>
        <name>F00132</name>
        <Polygon>
          <outerBoundaryIs>
            <LinearRing>
              <coordinates>8.51121072258931,39.5195656135137 8.51126535384974,39.5196419985507 8.51125482237236,39.5196457385732 8.51129842107415,39.5197094086737 8.51138703010551,39.5196752899368 8.51134998945152,39.5196087731658 8.51133411625326,39.5196144369529 8.51131674896348,39.5195826565973 8.51130515101987,39.5195858515191 8.51126467635182,39.5195312589397 8.51123132045896,39.5195415074892 8.51123874725436,39.519554135157 8.51121072258931,39.5195656135137</coordinates>
            </LinearRing>
          </outerBoundaryIs>
        </Polygon>
      </Placemark>
      <Placemark xmlns="http://www.opengis.net/kml/2.2">
        <styleUrl>#Parti singole_style_map</styleUrl>
        <name>F01573</name>
        <Polygon>
          <outerBoundaryIs>
            <LinearRing>
              <coordinates>8.51150550339075,39.5196726165735 8.51154837793467,39.519662047558 8.51152205784136,39.519612920774 8.51147962930827,39.5196229330162 8.51150550339075,39.5196726165735</coordinates>
            </LinearRing>
          </outerBoundaryIs>
        </Polygon>
      </Placemark>
      <Placemark xmlns="http://www.opengis.net/kml/2.2">
        <styleUrl>#Parti singole_style_map</styleUrl>
        <name>F01604</name>
        <Polygon>
          <outerBoundaryIs>
            <LinearRing>
              <coordinates>8.51090204314491,39.5192875083906 8.51099619481744,39.5193056731094 8.5110185362981,39.5192419831392 8.51095422392812,39.5192289447891 8.51092404259935,39.5192228348742 8.51091145106596,39.5192598593049 8.51090204314491,39.5192875083906</coordinates>
            </LinearRing>
          </outerBoundaryIs>
        </Polygon>
      </Placemark>
      <Placemark xmlns="http://www.opengis.net/kml/2.2">
        <styleUrl>#Parti singole_style_map</styleUrl>
        <name>F00246</name>
        <Polygon>
          <outerBoundaryIs>
            <LinearRing>
              <coordinates>8.50107061351427,39.5188370052075 8.50111841282973,39.5188195510805 8.50106166364526,39.518639502412 8.50101187217868,39.5186457101503 8.50107061351427,39.5188370052075</coordinates>
            </LinearRing>
          </outerBoundaryIs>
        </Polygon>
      </Placemark>
      <Placemark xmlns="http://www.opengis.net/kml/2.2">
        <styleUrl>#Parti singole_style_map</styleUrl>
        <name>F00247</name>
        <Polygon>
          <outerBoundaryIs>
            <LinearRing>
              <coordinates>8.49899496217895,39.5156128976385 8.49912264163822,39.5157964657731 8.49916935318833,39.5157763759335 8.49904317237864,39.5155930756112 8.49899496217895,39.5156128976385</coordinates>
            </LinearRing>
          </outerBoundaryIs>
        </Polygon>
      </Placemark>
      <Placemark xmlns="http://www.opengis.net/kml/2.2">
        <styleUrl>#Parti singole_style_map</styleUrl>
        <name>F00248</name>
        <Polygon>
          <outerBoundaryIs>
            <LinearRing>
              <coordinates>8.49937489033316,39.5155458408871 8.4995305135771,39.5157147881185 8.4995739352591,39.5156911158569 8.49941811563006,39.5155219696097 8.49937489033316,39.5155458408871</coordinates>
            </LinearRing>
          </outerBoundaryIs>
        </Polygon>
      </Placemark>
      <Placemark xmlns="http://www.opengis.net/kml/2.2">
        <styleUrl>#Parti singole_style_map</styleUrl>
        <name>F00249</name>
        <Polygon>
          <outerBoundaryIs>
            <LinearRing>
              <coordinates>8.49919380807506,39.5155170563133 8.49923925671063,39.5155108008471 8.49922519599606,39.5154649678239 8.49918036124338,39.5154732172114 8.49919380807506,39.5155170563133</coordinates>
            </LinearRing>
          </outerBoundaryIs>
        </Polygon>
      </Placemark>
      <Placemark xmlns="http://www.opengis.net/kml/2.2">
        <styleUrl>#Parti singole_style_map</styleUrl>
        <name>F00250</name>
        <Polygon>
          <outerBoundaryIs>
            <LinearRing>
              <coordinates>8.4992114530738,39.5153490088679 8.49931408668551,39.5152508333355 8.49926993063806,39.5152229272784 8.49916692230147,39.5153214435488 8.4992114530738,39.5153490088679</coordinates>
            </LinearRing>
          </outerBoundaryIs>
        </Polygon>
      </Placemark>
      <Placemark xmlns="http://www.opengis.net/kml/2.2">
        <styleUrl>#Parti singole_style_map</styleUrl>
        <name>F00251</name>
        <Polygon>
          <outerBoundaryIs>
            <LinearRing>
              <coordinates>8.49670419149278,39.5151737440993 8.49674940121678,39.5151844640086 8.49676946375783,39.5151592859893 8.49671884576332,39.51514519983 8.49670419149278,39.5151737440993</coordinates>
            </LinearRing>
          </outerBoundaryIs>
        </Polygon>
      </Placemark>
      <Placemark xmlns="http://www.opengis.net/kml/2.2">
        <styleUrl>#Parti singole_style_map</styleUrl>
        <name>F00252</name>
        <Polygon>
          <outerBoundaryIs>
            <LinearRing>
              <coordinates>8.49663944887469,39.515158353287 8.49669603894112,39.5151718346328 8.49671073949886,39.5151417137595 8.49666503723567,39.5151283246473 8.49664401005365,39.5151485427945 8.49663944887469,39.515158353287</coordinates>
            </LinearRing>
          </outerBoundaryIs>
        </Polygon>
      </Placemark>
      <Placemark xmlns="http://www.opengis.net/kml/2.2">
        <styleUrl>#Parti singole_style_map</styleUrl>
        <name>F00253</name>
        <Polygon>
          <outerBoundaryIs>
            <LinearRing>
              <coordinates>8.49647247171352,39.5148794721532 8.49659571396968,39.5151496039751 8.49664595796338,39.5151349366454 8.49662823307366,39.5150957640772 8.49664843920105,39.5150893642017 8.49662745667823,39.5150502496006 8.49660871354873,39.5150554213986 8.49659091978161,39.5150193480749 8.4966208855056,39.5150113956697 8.49658959103109,39.5149424032168 8.49656103358943,39.5149502626036 8.49652118373253,39.514865897495 8.49647247171352,39.5148794721532</coordinates>
            </LinearRing>
          </outerBoundaryIs>
        </Polygon>
      </Placemark>
      <Placemark xmlns="http://www.opengis.net/kml/2.2">
        <styleUrl>#Parti singole_style_map</styleUrl>
        <name>F00254</name>
        <Polygon>
          <outerBoundaryIs>
            <LinearRing>
              <coordinates>8.49512322245155,39.5147180529976 8.49523000843629,39.5147266263273 8.49523099209119,39.5147193052133 8.49532922144777,39.5147271654984 8.49533381677029,39.5146853505575 8.49524143536451,39.5146779662016 8.49525045296344,39.5146102117534 8.49516769859913,39.514601923084 8.49516225774901,39.5146384002364 8.49513553851445,39.5146365901806 8.49512322245155,39.5147180529976</coordinates>
            </LinearRing>
          </outerBoundaryIs>
        </Polygon>
      </Placemark>
      <Placemark xmlns="http://www.opengis.net/kml/2.2">
        <styleUrl>#Parti singole_style_map</styleUrl>
        <name>F00255</name>
        <Polygon>
          <outerBoundaryIs>
            <LinearRing>
              <coordinates>8.49419674734146,39.5147112296367 8.49428908649858,39.5147260301297 8.49428739821612,39.514636460227 8.49419525856229,39.5146374646978 8.49419674734146,39.5147112296367</coordinates>
            </LinearRing>
          </outerBoundaryIs>
        </Polygon>
      </Placemark>
      <Placemark xmlns="http://www.opengis.net/kml/2.2">
        <styleUrl>#Parti singole_style_map</styleUrl>
        <name>F00256</name>
        <Polygon>
          <outerBoundaryIs>
            <LinearRing>
              <coordinates>8.4949399482744,39.51450267563 8.49501454300254,39.5145084241239 8.49498588436943,39.5147052380533 8.49505387721636,39.5147118498439 8.49509992571422,39.5143963554902 8.49503978658656,39.5143895706277 8.49504602805759,39.5143485647697 8.49496531559651,39.5143410777399 8.4949399482744,39.51450267563</coordinates>
            </LinearRing>
          </outerBoundaryIs>
        </Polygon>
      </Placemark>
      <Placemark xmlns="http://www.opengis.net/kml/2.2">
        <styleUrl>#Parti singole_style_map</styleUrl>
        <name>F00257</name>
        <Polygon>
          <outerBoundaryIs>
            <LinearRing>
              <coordinates>8.49434162328288,39.5146342724915 8.49455211859742,39.5146425049083 8.49455543250841,39.5145913767652 8.49450466984772,39.5145893358072 8.49450748771272,39.5145472608757 8.49440544174511,39.5145427981965 8.49440326379419,39.5145912642254 8.49434341569941,39.5145892467273 8.49434162328288,39.5146342724915</coordinates>
            </LinearRing>
          </outerBoundaryIs>
        </Polygon>
      </Placemark>
      <Placemark xmlns="http://www.opengis.net/kml/2.2">
        <styleUrl>#Parti singole_style_map</styleUrl>
        <name>F00258</name>
        <Polygon>
          <outerBoundaryIs>
            <LinearRing>
              <coordinates>8.49691152008589,39.5144026110928 8.49706819946373,39.5145739449338 8.49711049440511,39.5145484486258 8.49695720847357,39.514377571041 8.49691152008589,39.5144026110928</coordinates>
            </LinearRing>
          </outerBoundaryIs>
        </Polygon>
      </Placemark>
      <Placemark xmlns="http://www.opengis.net/kml/2.2">
        <styleUrl>#Parti singole_style_map</styleUrl>
        <name>F00259</name>
        <Polygon>
          <outerBoundaryIs>
            <LinearRing>
              <coordinates>8.49776392448988,39.5144676416543 8.49789984859439,39.5145394828123 8.49792858434386,39.5145068274696 8.49779398170081,39.5144356408006 8.49776392448988,39.5144676416543</coordinates>
            </LinearRing>
          </outerBoundaryIs>
        </Polygon>
      </Placemark>
      <Placemark xmlns="http://www.opengis.net/kml/2.2">
        <styleUrl>#Parti singole_style_map</styleUrl>
        <name>F00260</name>
        <Polygon>
          <outerBoundaryIs>
            <LinearRing>
              <coordinates>8.49783980103907,39.5142083283219 8.49801154498293,39.5143686072853 8.49805177906691,39.5143416871076 8.49787977087318,39.5141825603815 8.49783980103907,39.5142083283219</coordinates>
            </LinearRing>
          </outerBoundaryIs>
        </Polygon>
      </Placemark>
      <Placemark xmlns="http://www.opengis.net/kml/2.2">
        <styleUrl>#Parti singole_style_map</styleUrl>
        <name>F00261</name>
        <Polygon>
          <outerBoundaryIs>
            <LinearRing>
              <coordinates>8.49593285899296,39.5141407457448 8.49599300365844,39.5141403129042 8.4959928645978,39.5140951976358 8.49593221049066,39.5140953038945 8.49593285899296,39.5141407457448</coordinates>
            </LinearRing>
          </outerBoundaryIs>
        </Polygon>
      </Placemark>
      <Placemark xmlns="http://www.opengis.net/kml/2.2">
        <styleUrl>#Parti singole_style_map</styleUrl>
        <name>F00262</name>
        <Polygon>
          <outerBoundaryIs>
            <LinearRing>
              <coordinates>8.49645302603413,39.5138129626304 8.49661278417323,39.5139796701282 8.49665497954566,39.5139550475524 8.49660462571362,39.5139012900523 8.49663270487838,39.5138871123464 8.49660145990121,39.5138548191288 8.49657456722931,39.513870614816 8.496495327354,39.5137881603646 8.49645302603413,39.5138129626304</coordinates>
            </LinearRing>
          </outerBoundaryIs>
        </Polygon>
      </Placemark>
      <Placemark xmlns="http://www.opengis.net/kml/2.2">
        <styleUrl>#Parti singole_style_map</styleUrl>
        <name>F00263</name>
        <Polygon>
          <outerBoundaryIs>
            <LinearRing>
              <coordinates>8.49597577567987,39.5139585180525 8.49602661553252,39.5139530440964 8.4959927862367,39.5137505255687 8.49593902462239,39.5137546803368 8.49597577567987,39.5139585180525</coordinates>
            </LinearRing>
          </outerBoundaryIs>
        </Polygon>
      </Placemark>
      <Placemark xmlns="http://www.opengis.net/kml/2.2">
        <styleUrl>#Parti singole_style_map</styleUrl>
        <name>F00264</name>
        <Polygon>
          <outerBoundaryIs>
            <LinearRing>
              <coordinates>8.50954668486073,39.5211357378061 8.50966979618393,39.5210463616546 8.5096359574881,39.5210192779833 8.50951524966144,39.521110979898 8.50954668486073,39.5211357378061</coordinates>
            </LinearRing>
          </outerBoundaryIs>
        </Polygon>
      </Placemark>
      <Placemark xmlns="http://www.opengis.net/kml/2.2">
        <styleUrl>#Parti singole_style_map</styleUrl>
        <name>F00265</name>
        <Polygon>
          <outerBoundaryIs>
            <LinearRing>
              <coordinates>8.50985258911751,39.5209073921671 8.50998144409344,39.5208018573952 8.50994623067983,39.5207783541183 8.50991376393572,39.5208059779183 8.50981702637059,39.5208839324289 8.50985258911751,39.5209073921671</coordinates>
            </LinearRing>
          </outerBoundaryIs>
        </Polygon>
      </Placemark>
      <Placemark xmlns="http://www.opengis.net/kml/2.2">
        <styleUrl>#Parti singole_style_map</styleUrl>
        <name>F00266</name>
        <Polygon>
          <outerBoundaryIs>
            <LinearRing>
              <coordinates>8.51033720429804,39.5206717439491 8.51036613126235,39.5206875708555 8.51040111829178,39.5206505868258 8.51043812163459,39.520611421777 8.51039199125805,39.520585223593 8.51032300722084,39.5206639983069 8.51033720429804,39.5206717439491</coordinates>
            </LinearRing>
          </outerBoundaryIs>
        </Polygon>
      </Placemark>
      <Placemark xmlns="http://www.opengis.net/kml/2.2">
        <styleUrl>#Parti singole_style_map</styleUrl>
        <name>F00267</name>
        <Polygon>
          <outerBoundaryIs>
            <LinearRing>
              <coordinates>8.50942428949427,39.5206028737402 8.50946489628827,39.5206270126519 8.50947227781248,39.520636126217 8.50949928195519,39.5206110654335 8.50944762035251,39.5205806897658 8.50942428949427,39.5206028737402</coordinates>
            </LinearRing>
          </outerBoundaryIs>
        </Polygon>
      </Placemark>
      <Placemark xmlns="http://www.opengis.net/kml/2.2">
        <styleUrl>#Parti singole_style_map</styleUrl>
        <name>F00268</name>
        <Polygon>
          <outerBoundaryIs>
            <LinearRing>
              <coordinates>8.51084957126515,39.5202426690375 8.51114525285552,39.5202199463093 8.51113652641799,39.52016537917 8.51108139634552,39.5201716525929 8.51107845604258,39.5201529798589 8.51104558387749,39.5201589054389 8.51104376431622,39.520152941963 8.51083401102261,39.5201904698428 8.51084957126515,39.5202426690375</coordinates>
            </LinearRing>
          </outerBoundaryIs>
        </Polygon>
      </Placemark>
      <Placemark xmlns="http://www.opengis.net/kml/2.2">
        <styleUrl>#Parti singole_style_map</styleUrl>
        <name>F00269</name>
        <Polygon>
          <outerBoundaryIs>
            <LinearRing>
              <coordinates>8.50768970245919,39.5197202375899 8.5080102984912,39.5195579955936 8.50798095726806,39.5195235420275 8.50785271428912,39.5195868098171 8.50783453653055,39.5195662343403 8.50776488099766,39.5195998179805 8.50775857343393,39.5195918801977 8.50767436104682,39.5196341240815 8.50769961590613,39.5196640372292 8.50766034975815,39.519685774885 8.50768970245919,39.5197202375899</coordinates>
            </LinearRing>
          </outerBoundaryIs>
        </Polygon>
      </Placemark>
      <Placemark xmlns="http://www.opengis.net/kml/2.2">
        <styleUrl>#Parti singole_style_map</styleUrl>
        <name>F00270</name>
        <Polygon>
          <outerBoundaryIs>
            <LinearRing>
              <coordinates>8.50925639968114,39.5196069935656 8.50930234580357,39.5195881668872 8.5092854282862,39.5195587308112 8.50923448243681,39.5195771669377 8.50925639968114,39.5196069935656</coordinates>
            </LinearRing>
          </outerBoundaryIs>
        </Polygon>
      </Placemark>
      <Placemark xmlns="http://www.opengis.net/kml/2.2">
        <styleUrl>#Parti singole_style_map</styleUrl>
        <name>F00271</name>
        <Polygon>
          <outerBoundaryIs>
            <LinearRing>
              <coordinates>8.50909092349456,39.5196001493481 8.50932831308526,39.5194988311906 8.50930442293113,39.5194633647958 8.50927582309123,39.5194771829376 8.5092418813695,39.5194351235694 8.50917740458492,39.5194768302089 8.5091876429056,39.5194899474332 8.50912243094424,39.5195170992788 8.50913464353881,39.5195340091821 8.50906606911203,39.5195628497366 8.50909092349456,39.5196001493481</coordinates>
            </LinearRing>
          </outerBoundaryIs>
        </Polygon>
      </Placemark>
      <Placemark xmlns="http://www.opengis.net/kml/2.2">
        <styleUrl>#Parti singole_style_map</styleUrl>
        <name>F00272</name>
        <Polygon>
          <outerBoundaryIs>
            <LinearRing>
              <coordinates>8.50774876467208,39.519425769548 8.50779564523518,39.5194229227106 8.50779864494049,39.5194594091696 8.50789671075656,39.5194536886201 8.50789213128545,39.5194168530793 8.50802998023185,39.5194083996228 8.50805962910236,39.5194009204808 8.50805100279694,39.5193803134033 8.50802768285198,39.519386116398 8.5080256478156,39.5193662220172 8.50777942757337,39.5193817939945 8.50774876467208,39.519425769548</coordinates>
            </LinearRing>
          </outerBoundaryIs>
        </Polygon>
      </Placemark>
      <Placemark xmlns="http://www.opengis.net/kml/2.2">
        <styleUrl>#Parti singole_style_map</styleUrl>
        <name>F00273</name>
        <Polygon>
          <outerBoundaryIs>
            <LinearRing>
              <coordinates>8.5078990721205,39.5192543994967 8.50793347755785,39.5192784405933 8.50795654728053,39.5192586435403 8.50793672777712,39.5192448639113 8.50790958760715,39.5192447038932 8.5078990721205,39.5192543994967</coordinates>
            </LinearRing>
          </outerBoundaryIs>
        </Polygon>
      </Placemark>
      <Placemark xmlns="http://www.opengis.net/kml/2.2">
        <styleUrl>#Parti singole_style_map</styleUrl>
        <name>F00275</name>
        <Polygon>
          <outerBoundaryIs>
            <LinearRing>
              <coordinates>8.50951498986466,39.5186555513163 8.50979822859397,39.5186113709483 8.50978446294191,39.5185638645378 8.50961529339288,39.5185895597534 8.50950197352464,39.5186057413962 8.50951498986466,39.5186555513163</coordinates>
            </LinearRing>
          </outerBoundaryIs>
        </Polygon>
      </Placemark>
      <Placemark xmlns="http://www.opengis.net/kml/2.2">
        <styleUrl>#Parti singole_style_map</styleUrl>
        <name>F00276</name>
        <Polygon>
          <outerBoundaryIs>
            <LinearRing>
              <coordinates>8.50887002985204,39.5201867331042 8.50888493652526,39.5201977526674 8.50913909245597,39.5201096878821 8.50911353256658,39.520061861257 8.50888097926554,39.5201402321218 8.50889157283903,39.5201590724212 8.50885939592981,39.5201703164064 8.50887002985204,39.5201867331042</coordinates>
            </LinearRing>
          </outerBoundaryIs>
        </Polygon>
      </Placemark>
      <Placemark xmlns="http://www.opengis.net/kml/2.2">
        <styleUrl>#Parti singole_style_map</styleUrl>
        <name>F00277</name>
        <Polygon>
          <outerBoundaryIs>
            <LinearRing>
              <coordinates>8.51137616897968,39.5198504678258 8.51138195797733,39.5198478071026 8.51138542810556,39.5198523178455 8.51141586759749,39.5198382456236 8.5114193381065,39.5198427023051 8.51147061143524,39.5198189865545 8.51142450964159,39.5197588650655 8.51143616943033,39.5197534898962 8.51142292219242,39.5197363866659 8.5114113327113,39.5197416900472 8.51132363249197,39.519782236979 8.51137616897968,39.5198504678258</coordinates>
            </LinearRing>
          </outerBoundaryIs>
        </Polygon>
      </Placemark>
      <Placemark xmlns="http://www.opengis.net/kml/2.2">
        <styleUrl>#Parti singole_style_map</styleUrl>
        <name>F00278</name>
        <Polygon>
          <outerBoundaryIs>
            <LinearRing>
              <coordinates>8.5066636158953,39.521332685736 8.50676238510384,39.5212674290075 8.50669574125558,39.5212105342336 8.50659841129794,39.521274625679 8.5066636158953,39.521332685736</coordinates>
            </LinearRing>
          </outerBoundaryIs>
        </Polygon>
      </Placemark>
      <Placemark xmlns="http://www.opengis.net/kml/2.2">
        <styleUrl>#Parti singole_style_map</styleUrl>
        <name>F00279</name>
        <Polygon>
          <outerBoundaryIs>
            <LinearRing>
              <coordinates>8.50615314557727,39.5212694448044 8.50627081997425,39.5213142487108 8.50631778030793,39.5212362928659 8.50638198079419,39.5212603348922 8.50640363275085,39.521227332027 8.50633863251921,39.5212045120162 8.5063494982936,39.5211881414066 8.50623277590649,39.5211436389661 8.50615314557727,39.5212694448044</coordinates>
            </LinearRing>
          </outerBoundaryIs>
        </Polygon>
      </Placemark>
      <Placemark xmlns="http://www.opengis.net/kml/2.2">
        <styleUrl>#Parti singole_style_map</styleUrl>
        <name>F00280</name>
        <Polygon>
          <outerBoundaryIs>
            <LinearRing>
              <coordinates>8.50582081851845,39.521127056189 8.5058872053772,39.5211003166701 8.50589781537603,39.5211479182184 8.50591159290238,39.5211491481607 8.50599823298346,39.5211537965397 8.50600611478283,39.5210643937168 8.50582392760741,39.521054482355 8.50582081851845,39.521127056189</coordinates>
            </LinearRing>
          </outerBoundaryIs>
        </Polygon>
      </Placemark>
      <Placemark xmlns="http://www.opengis.net/kml/2.2">
        <styleUrl>#Parti singole_style_map</styleUrl>
        <name>F01582</name>
        <Polygon>
          <outerBoundaryIs>
            <LinearRing>
              <coordinates>8.50826750343956,39.5186552149887 8.50831012220374,39.5187715563655 8.5088477190206,39.5187388345393 8.508765591634,39.5186967875336 8.50876331398832,39.5186832263884 8.50876642114935,39.5186748329041 8.50878901915986,39.5186492760969 8.50880723923017,39.5186390994018 8.50883451806391,39.5186294565735 8.50885570640136,39.5186239867952 8.50889679922454,39.5186218899286 8.50889385564191,39.5185559039574 8.50888789302684,39.5184808588653 8.50888919774595,39.5184508960728 8.50889830629776,39.5184229034898 8.50893758812978,39.5183707196196 8.50902225518963,39.5182982921716 8.50900431610819,39.5182834664633 8.50894455979645,39.5182332426656 8.50884432687846,39.5183040544709 8.50872829028318,39.518411903833 8.5086627092694,39.5184436671481 8.50843716156789,39.5184581025607 8.50821089482666,39.5184952855369 8.50826750343956,39.5186552149887</coordinates>
            </LinearRing>
          </outerBoundaryIs>
          <innerBoundaryIs>
            <LinearRing>
              <coordinates>8.50887023177461,39.5183358262445 8.50894806901011,39.5182717946195 8.50899025476045,39.5182978235341 8.50891220846806,39.5183634581395 8.50887023177461,39.5183358262445</coordinates>
            </LinearRing>
          </innerBoundaryIs>
        </Polygon>
      </Placemark>
      <Placemark xmlns="http://www.opengis.net/kml/2.2">
        <styleUrl>#Parti singole_style_map</styleUrl>
        <name>F00283</name>
        <Polygon>
          <outerBoundaryIs>
            <LinearRing>
              <coordinates>8.49719254000783,39.5150274769002 8.49749827320634,39.5152135383161 8.49752875262067,39.5151795120408 8.49751377532755,39.5151706171471 8.49732444570322,39.5150581512128 8.49733836301288,39.5150446509055 8.4973398625106,39.5150431977223 8.49730115078654,39.5150170174255 8.49728615541422,39.5150316033116 8.49722290667015,39.5149945765058 8.49719254000783,39.5150274769002</coordinates>
            </LinearRing>
          </outerBoundaryIs>
        </Polygon>
      </Placemark>
      <Placemark xmlns="http://www.opengis.net/kml/2.2">
        <styleUrl>#Parti singole_style_map</styleUrl>
        <name>F01583</name>
        <Polygon>
          <outerBoundaryIs>
            <LinearRing>
              <coordinates>8.50891220846806,39.5183634581395 8.50899025476045,39.5182978235341 8.50894806901011,39.5182717946195 8.50887023177461,39.5183358262445 8.50891220846806,39.5183634581395</coordinates>
            </LinearRing>
          </outerBoundaryIs>
        </Polygon>
      </Placemark>
      <Placemark xmlns="http://www.opengis.net/kml/2.2">
        <styleUrl>#Parti singole_style_map</styleUrl>
        <name>F01559</name>
        <Polygon>
          <outerBoundaryIs>
            <LinearRing>
              <coordinates>8.50983642924331,39.5212845046263 8.50988089628911,39.5213388081807 8.51005951397834,39.5214793115992 8.51008745530449,39.5214599671729 8.51008934438821,39.5214461082715 8.51006453275004,39.5214009070203 8.50992796602046,39.5212976584523 8.5099470561881,39.5212746725926 8.50990342749418,39.5212252291577 8.50983857243511,39.5212477606105 8.50983642924331,39.5212845046263</coordinates>
            </LinearRing>
          </outerBoundaryIs>
        </Polygon>
      </Placemark>
      <Placemark xmlns="http://www.opengis.net/kml/2.2">
        <styleUrl>#Parti singole_style_map</styleUrl>
        <name>F01584</name>
        <Polygon>
          <outerBoundaryIs>
            <LinearRing>
              <coordinates>8.50672419783521,39.5212253418811 8.50678726603136,39.5212696610843 8.50676503398872,39.5212958858046 8.50680576564021,39.5213302528737 8.5068310867062,39.5213064650337 8.50686371825773,39.5213264442691 8.50690002545466,39.5212972067625 8.50687925817534,39.5212775662324 8.50689646629841,39.5212625650315 8.50685589367479,39.5212205218843 8.50683203764912,39.5212362156809 8.50677345792657,39.5211839954968 8.50672419783521,39.5212253418811</coordinates>
            </LinearRing>
          </outerBoundaryIs>
        </Polygon>
      </Placemark>
      <Placemark xmlns="http://www.opengis.net/kml/2.2">
        <styleUrl>#Parti singole_style_map</styleUrl>
        <name>F01585</name>
        <Polygon>
          <outerBoundaryIs>
            <LinearRing>
              <coordinates>8.49537416064852,39.5145839885433 8.49553483078357,39.5145988685991 8.49554231373357,39.5145630940907 8.4955471135893,39.5145251454543 8.49538862792268,39.5145058147972 8.49537416064852,39.5145839885433</coordinates>
            </LinearRing>
          </outerBoundaryIs>
        </Polygon>
      </Placemark>
      <Placemark xmlns="http://www.opengis.net/kml/2.2">
        <styleUrl>#Parti singole_style_map</styleUrl>
        <name>F01576</name>
        <Polygon>
          <outerBoundaryIs>
            <LinearRing>
              <coordinates>8.49560999007216,39.5132342668137 8.49570264407956,39.5130670590881 8.49565228897165,39.5130538566155 8.49556152230503,39.5132174413374 8.49560999007216,39.5132342668137</coordinates>
            </LinearRing>
          </outerBoundaryIs>
        </Polygon>
      </Placemark>
      <Placemark xmlns="http://www.opengis.net/kml/2.2">
        <styleUrl>#Parti singole_style_map</styleUrl>
        <name>F01560</name>
        <Polygon>
          <outerBoundaryIs>
            <LinearRing>
              <coordinates>8.50556774862624,39.5212183530118 8.50556850670668,39.5212328448171 8.50569907174565,39.5212611612387 8.50590756838758,39.5211916867383 8.50589781537603,39.5211479182184 8.5058872053772,39.5211003166701 8.50582081851845,39.521127056189 8.50567773087081,39.5211846720068 8.50556173320332,39.5211463079986 8.50556774862624,39.5212183530118</coordinates>
            </LinearRing>
          </outerBoundaryIs>
        </Polygon>
      </Placemark>
      <Placemark xmlns="http://www.opengis.net/kml/2.2">
        <styleUrl>#Parti singole_style_map</styleUrl>
        <name>F01577</name>
        <Polygon>
          <outerBoundaryIs>
            <LinearRing>
              <coordinates>8.49846921723685,39.5162014985754 8.49856373093705,39.5163752650559 8.49859644185522,39.5163641613727 8.49850206268884,39.5161910892935 8.49846921723685,39.5162014985754</coordinates>
            </LinearRing>
          </outerBoundaryIs>
        </Polygon>
      </Placemark>
      <Placemark xmlns="http://www.opengis.net/kml/2.2">
        <styleUrl>#Parti singole_style_map</styleUrl>
        <name>F01580</name>
        <Polygon>
          <outerBoundaryIs>
            <LinearRing>
              <coordinates>8.49566423434202,39.5143433301913 8.49575348927682,39.5143390232679 8.49575052305733,39.5141653545285 8.4956645880593,39.5141674503146 8.49566423434202,39.5143433301913</coordinates>
            </LinearRing>
          </outerBoundaryIs>
        </Polygon>
      </Placemark>
      <Placemark xmlns="http://www.opengis.net/kml/2.2">
        <styleUrl>#Parti singole_style_map</styleUrl>
        <name>F01581</name>
        <Polygon>
          <outerBoundaryIs>
            <LinearRing>
              <coordinates>8.49529779368718,39.514358705197 8.4953779325346,39.5143747312858 8.49543546589905,39.5142240493466 8.49535968658452,39.5142148540357 8.49529779368718,39.514358705197</coordinates>
            </LinearRing>
          </outerBoundaryIs>
        </Polygon>
      </Placemark>
      <Placemark xmlns="http://www.opengis.net/kml/2.2">
        <styleUrl>#Parti singole_style_map</styleUrl>
        <name>F01574</name>
        <Polygon>
          <outerBoundaryIs>
            <LinearRing>
              <coordinates>8.51149049000982,39.5123979547265 8.51159615777221,39.5124314308798 8.51163747186483,39.5123440962874 8.511533121466,39.5123152029559 8.51149049000982,39.5123979547265</coordinates>
            </LinearRing>
          </outerBoundaryIs>
        </Polygon>
      </Placemark>
      <Placemark xmlns="http://www.opengis.net/kml/2.2">
        <styleUrl>#Parti singole_style_map</styleUrl>
        <name>F01575</name>
        <Polygon>
          <outerBoundaryIs>
            <LinearRing>
              <coordinates>8.51112278942421,39.5120144331808 8.51126639568833,39.5121084564879 8.51141248482676,39.5119645003259 8.51126624986501,39.5118687992277 8.51112278942421,39.5120144331808</coordinates>
            </LinearRing>
          </outerBoundaryIs>
        </Polygon>
      </Placemark>
      <Placemark xmlns="http://www.opengis.net/kml/2.2">
        <styleUrl>#Parti singole_style_map</styleUrl>
        <name>F01566</name>
        <Polygon>
          <outerBoundaryIs>
            <LinearRing>
              <coordinates>8.51017733552188,39.5211510943049 8.51013481548198,39.5211921642087 8.51021577662088,39.521245080765 8.51025829001536,39.5212032989893 8.51024530224945,39.5211939726218 8.51025514062658,39.5211448808729 8.51029033118203,39.5211054649539 8.51028112819851,39.5210972628141 8.51032578554642,39.5210533365863 8.51034462370154,39.521066183607 8.51039826483494,39.5210169430944 8.51035541904596,39.5209851993787 8.51038907492249,39.5209572110453 8.51036359075244,39.5209348661806 8.51031327885721,39.5209573510763 8.51012809848501,39.5211182963806 8.51017733552188,39.5211510943049</coordinates>
            </LinearRing>
          </outerBoundaryIs>
        </Polygon>
      </Placemark>
      <Placemark xmlns="http://www.opengis.net/kml/2.2">
        <styleUrl>#Parti singole_style_map</styleUrl>
        <name>F00135</name>
        <Polygon>
          <outerBoundaryIs>
            <LinearRing>
              <coordinates>8.49371427059539,39.5147036046169 8.49389014834688,39.5146923692397 8.49387980797738,39.5146377306786 8.49385023403888,39.5146365656434 8.49384710288614,39.5146063944694 8.49379063866113,39.5146061574522 8.49379095923145,39.5145908503201 8.49372806191602,39.5145970366275 8.49371427059539,39.5147036046169</coordinates>
            </LinearRing>
          </outerBoundaryIs>
        </Polygon>
      </Placemark>
      <Placemark xmlns="http://www.opengis.net/kml/2.2">
        <styleUrl>#Parti singole_style_map</styleUrl>
        <name>F01567</name>
        <Polygon>
          <outerBoundaryIs>
            <LinearRing>
              <coordinates>8.51051065427554,39.5208770450897 8.51068885088298,39.5208306809194 8.51067634363667,39.5207993174002 8.51049912796645,39.520848478882 8.51051065427554,39.5208770450897</coordinates>
            </LinearRing>
          </outerBoundaryIs>
        </Polygon>
      </Placemark>
      <Placemark xmlns="http://www.opengis.net/kml/2.2">
        <styleUrl>#Parti singole_style_map</styleUrl>
        <name>F01696</name>
        <Polygon>
          <outerBoundaryIs>
            <LinearRing>
              <coordinates>8.49456548887639,39.5141222172295 8.49465476593786,39.5140105442927 8.49456314071443,39.5139631839057 8.49447299479656,39.5140775560874 8.49456548887639,39.5141222172295</coordinates>
            </LinearRing>
          </outerBoundaryIs>
        </Polygon>
      </Placemark>
      <Placemark xmlns="http://www.opengis.net/kml/2.2">
        <styleUrl>#Parti singole_style_map</styleUrl>
        <name>F01568</name>
        <Polygon>
          <outerBoundaryIs>
            <LinearRing>
              <coordinates>8.51068857462784,39.5204310003199 8.51071793950159,39.5204275379046 8.5107650482306,39.5206921799794 8.51073457492966,39.5207308770688 8.51077277266804,39.5207518968199 8.51081685713915,39.5206966960864 8.51084412967163,39.5206896837757 8.51083026953506,39.5206190206029 8.51084759939894,39.520616363454 8.51084359123565,39.5205840896574 8.51087164366523,39.5205803243365 8.51085922211995,39.5205234890429 8.51081807896787,39.5205276317294 8.51080115074204,39.5204565141257 8.5107892103298,39.5204587524598 8.51077976263848,39.5204141566751 8.51077388954734,39.5203674765411 8.51075774595588,39.5202840361258 8.5106532065262,39.5203036167079 8.51068857462784,39.5204310003199</coordinates>
            </LinearRing>
          </outerBoundaryIs>
        </Polygon>
      </Placemark>
      <Placemark xmlns="http://www.opengis.net/kml/2.2">
        <styleUrl>#Parti singole_style_map</styleUrl>
        <name>F00098</name>
        <Polygon>
          <outerBoundaryIs>
            <LinearRing>
              <coordinates>8.51029422696764,39.5185978030167 8.5105191595881,39.5187156598702 8.51063773517278,39.5187528584637 8.51072019861399,39.5187637839354 8.51082273366921,39.5187625848962 8.51105869344828,39.5187332946306 8.51116990021465,39.5187397094596 8.51126973026199,39.5187775133087 8.5114295610392,39.5188492680212 8.51153908340608,39.5189317044532 8.51162439178539,39.5190164717688 8.51166938088801,39.5190892389903 8.51168412575661,39.519123377985 8.51168594774395,39.5191422802745 8.51186123209398,39.5190591850068 8.51226758500517,39.5196040246157 8.51216751104829,39.5196307254414 8.51205805720573,39.5195997117596 8.51183207695238,39.5196455618888 8.51204303517107,39.5196649193755 8.51207194540639,39.5196798087172 8.51210732685809,39.5197241979689 8.51211009361302,39.5197427708365 8.51206791018452,39.5198457076909 8.51196758941795,39.520010571457 8.51186118978714,39.5201513160087 8.51183354221897,39.5201770323938 8.51197160531822,39.5202643908382 8.51193237633265,39.5203573656288 8.51178088159501,39.5204717817006 8.51177419938488,39.5204574632596 8.51152138649126,39.520511894945 8.51147291619087,39.5203962599941 8.51153760106238,39.5203828813859 8.51152570546426,39.5203505203823 8.51130025110755,39.5204089050228 8.51125335710296,39.5204301793052 8.51116164568706,39.5204934512606 8.51112441104924,39.5204960066677 8.51109410359198,39.5205857209411 8.51099290169788,39.5208110032836 8.51097042352084,39.5208460218422 8.51094662390939,39.5208737184595 8.51087455511695,39.5209179890362 8.51075052083646,39.5209717177884 8.51055310472548,39.5210313183133 8.51046209551314,39.5210739230112 8.51043094281317,39.5210999846979 8.51037467571189,39.5211702712543 8.51037767502586,39.521223570878 8.51042675876764,39.5212815248395 8.51047493744237,39.5213242475398 8.51057888063962,39.5213798376392 8.51063584182246,39.5214012158066 8.51069477494848,39.5214101770334 8.51091222442219,39.5213772860932 8.51108409154082,39.5214090771447 8.51114850936069,39.5215035510586 8.51119404312393,39.5215552185789 8.51132224726071,39.5216501860453 8.51137700874894,39.5216750686169 8.51142581452239,39.5216782563155 8.51170834186687,39.5216309237476 8.51181161137526,39.5216334301703 8.51187289022071,39.5216563486199 8.51194828738588,39.5216949952867 8.5119944294434,39.5217346633147 8.51203974590103,39.5217942136124 8.51206880197597,39.5218648233262 8.51206893176159,39.5221220682395 8.5120775089022,39.5221964303172 8.51209232369277,39.5222373182598 8.51214051363164,39.5223069180687 8.51216804249793,39.5223248470653 8.51221413024803,39.5223474222166 8.51231532432855,39.5223640296241 8.51251525784019,39.5223822767588 8.51270239891327,39.5223731866671 8.51302410154757,39.522317374357 8.5132467641694,39.5222962413474 8.51356883202141,39.5223329829679 8.5136901381645,39.5223334548388 8.51379818095987,39.5223056417661 8.51417088017012,39.5221656491468 8.51445157162685,39.5220762691362 8.51466548785326,39.5220312285316 8.51481611449053,39.5220229105291 8.51495855949546,39.5220300378833 8.51499973393665,39.5220398778674 8.51505488614733,39.5220623455759 8.51508476993617,39.5220846897572 8.5148033851257,39.5217508270462 8.51393123588448,39.5206536713598 8.51278040034261,39.5192061637003 8.51212677803708,39.5183683804042 8.51174691359147,39.517894562735 8.51156712769749,39.5179447783001 8.51143922578704,39.5179519803095 8.51125006516885,39.5179123140878 8.51112849857646,39.5179185602857 8.51098406382595,39.517965797135 8.51088109324736,39.5180673333693 8.51069242691874,39.5183747817401 8.51027270026178,39.5185786013874 8.51029422696764,39.5185978030167</coordinates>
            </LinearRing>
          </outerBoundaryIs>
          <innerBoundaryIs>
            <LinearRing>
              <coordinates>8.51286202476441,39.5199579392262 8.51292749779145,39.5199665212826 8.51290094150627,39.5200442229998 8.5128416254152,39.5200285936529 8.51286202476441,39.5199579392262</coordinates>
            </LinearRing>
          </innerBoundaryIs>
          <innerBoundaryIs>
            <LinearRing>
              <coordinates>8.51161480612767,39.5208272972843 8.51176907627983,39.5207635671005 8.51180390122964,39.5208060709428 8.511779030128,39.5208190403778 8.51179046294963,39.5208543818217 8.51168061520717,39.5209042246742 8.51161480612767,39.5208272972843</coordinates>
            </LinearRing>
          </innerBoundaryIs>
          <innerBoundaryIs>
            <LinearRing>
              <coordinates>8.51304195148671,39.5216643908651 8.51314597411699,39.5217888988746 8.5130620972244,39.5218298325476 8.51295809154553,39.5217045766793 8.51304195148671,39.5216643908651</coordinates>
            </LinearRing>
          </innerBoundaryIs>
        </Polygon>
      </Placemark>
      <Placemark xmlns="http://www.opengis.net/kml/2.2">
        <styleUrl>#Parti singole_style_map</styleUrl>
        <name>F00099</name>
        <Polygon>
          <outerBoundaryIs>
            <LinearRing>
              <coordinates>8.51096885188345,39.5205444851235 8.51104739826208,39.5205270294096 8.51112485797667,39.5205400869981 8.51120308882003,39.5205526792436 8.51130178650868,39.5204869047499 8.51126563411351,39.5204496121419 8.51116794520152,39.5205108947045 8.51104208882789,39.5204928399555 8.51103353782377,39.5204547263806 8.51104249897532,39.5204509707588 8.51103999739359,39.520436093213 8.51105049669338,39.5204236941648 8.51110862410946,39.5204147302781 8.51110350009916,39.5203872723103 8.51126248484722,39.5203678393131 8.51125748152317,39.5203347774448 8.51121114756739,39.5203392408229 8.51120294038476,39.5203068322341 8.51092703693862,39.5203360447124 8.51096885188345,39.5205444851235</coordinates>
            </LinearRing>
          </outerBoundaryIs>
        </Polygon>
      </Placemark>
      <Placemark xmlns="http://www.opengis.net/kml/2.2">
        <styleUrl>#Parti singole_style_map</styleUrl>
        <name>F00100</name>
        <Polygon>
          <outerBoundaryIs>
            <LinearRing>
              <coordinates>8.51096885188345,39.5205444851235 8.51104739826208,39.5205270294096 8.51112485797667,39.5205400869981 8.51120308882003,39.5205526792436 8.51130178650868,39.5204869047499 8.51126563411351,39.5204496121419 8.51116794520152,39.5205108947045 8.51104208882789,39.5204928399555 8.51103353782377,39.5204547263806 8.51104249897532,39.5204509707588 8.51103999739359,39.520436093213 8.51105049669338,39.5204236941648 8.51110862410946,39.5204147302781 8.51110350009916,39.5203872723103 8.51126248484722,39.5203678393131 8.51125748152317,39.5203347774448 8.51121114756739,39.5203392408229 8.51120294038476,39.5203068322341 8.51092703693862,39.5203360447124 8.51096885188345,39.5205444851235</coordinates>
            </LinearRing>
          </outerBoundaryIs>
        </Polygon>
      </Placemark>
      <Placemark xmlns="http://www.opengis.net/kml/2.2">
        <styleUrl>#Parti singole_style_map</styleUrl>
        <name>F00101</name>
        <Polygon>
          <outerBoundaryIs>
            <LinearRing>
              <coordinates>8.51096885188345,39.5205444851235 8.51104739826208,39.5205270294096 8.51112485797667,39.5205400869981 8.51120308882003,39.5205526792436 8.51130178650868,39.5204869047499 8.51126563411351,39.5204496121419 8.51116794520152,39.5205108947045 8.51104208882789,39.5204928399555 8.51103353782377,39.5204547263806 8.51104249897532,39.5204509707588 8.51103999739359,39.520436093213 8.51105049669338,39.5204236941648 8.51110862410946,39.5204147302781 8.51110350009916,39.5203872723103 8.51126248484722,39.5203678393131 8.51125748152317,39.5203347774448 8.51121114756739,39.5203392408229 8.51120294038476,39.5203068322341 8.51092703693862,39.5203360447124 8.51096885188345,39.5205444851235</coordinates>
            </LinearRing>
          </outerBoundaryIs>
        </Polygon>
      </Placemark>
      <Placemark xmlns="http://www.opengis.net/kml/2.2">
        <styleUrl>#Parti singole_style_map</styleUrl>
        <name>F01669</name>
        <Polygon>
          <outerBoundaryIs>
            <LinearRing>
              <coordinates>8.5116563442448,39.5111679856482 8.51168249582341,39.5111344690371 8.51173580751834,39.5111559304601 8.511777350206,39.5111005924303 8.51172648161653,39.5110724466217 8.51175803950668,39.5110276807963 8.51171091602723,39.5110062544042 8.51160994268895,39.5111447872158 8.5116563442448,39.5111679856482</coordinates>
            </LinearRing>
          </outerBoundaryIs>
        </Polygon>
      </Placemark>
      <Placemark xmlns="http://www.opengis.net/kml/2.2">
        <styleUrl>#Parti singole_style_map</styleUrl>
        <name>F01565</name>
        <Polygon>
          <outerBoundaryIs>
            <LinearRing>
              <coordinates>8.51345519398227,39.5148695955147 8.51342804466297,39.5148943142488 8.51347111268645,39.5149272201226 8.51348643772661,39.5149199138624 8.5134964181494,39.5149000068078 8.513536737207,39.5149334327538 8.51355041783913,39.5149217225619 8.51357872711447,39.5148974771931 8.51350420630988,39.5148391927198 8.5134673418096,39.5148091691117 8.51342278048065,39.5148418701462 8.51345519398227,39.5148695955147</coordinates>
            </LinearRing>
          </outerBoundaryIs>
        </Polygon>
      </Placemark>
      <Placemark xmlns="http://www.opengis.net/kml/2.2">
        <styleUrl>#Parti singole_style_map</styleUrl>
        <name>F01578</name>
        <Polygon>
          <outerBoundaryIs>
            <LinearRing>
              <coordinates>8.49901431181653,39.5165299069191 8.49905349045243,39.5165026664937 8.49899889856796,39.5164586048912 8.49907543367246,39.5163986649381 8.49904022201802,39.5163725003161 8.49892982798704,39.5164624517338 8.49901431181653,39.5165299069191</coordinates>
            </LinearRing>
          </outerBoundaryIs>
        </Polygon>
      </Placemark>
      <Placemark xmlns="http://www.opengis.net/kml/2.2">
        <styleUrl>#Parti singole_style_map</styleUrl>
        <name>F01579</name>
        <Polygon>
          <outerBoundaryIs>
            <LinearRing>
              <coordinates>8.49470518012205,39.5145997140052 8.49478179617173,39.5145882076722 8.49475938649437,39.5144203741386 8.49468285511457,39.5144282496678 8.49470518012205,39.5145997140052</coordinates>
            </LinearRing>
          </outerBoundaryIs>
        </Polygon>
      </Placemark>
      <Placemark xmlns="http://www.opengis.net/kml/2.2">
        <styleUrl>#Parti singole_style_map</styleUrl>
        <name>F01556</name>
        <Polygon>
          <outerBoundaryIs>
            <LinearRing>
              <coordinates>8.53805833625842,39.5375300624297 8.5381564646049,39.5376885743044 8.53826705108428,39.5377794412911 8.53831132353562,39.537785519029 8.53843252125494,39.5379117754159 8.53852700360858,39.5378620986807 8.53817909964615,39.5374426923172 8.53809114762264,39.537485078387 8.53805833625842,39.5375300624297</coordinates>
            </LinearRing>
          </outerBoundaryIs>
        </Polygon>
      </Placemark>
      <Placemark xmlns="http://www.opengis.net/kml/2.2">
        <styleUrl>#Parti singole_style_map</styleUrl>
        <name>F01689</name>
        <Polygon>
          <outerBoundaryIs>
            <LinearRing>
              <coordinates>8.54176227343093,39.5388127265014 8.54182532527921,39.5389219186922 8.5419097898316,39.5388930675303 8.54187947209042,39.5388069357002 8.54183281955247,39.5388051838821 8.54180078631726,39.5387993900382 8.54176227343093,39.5388127265014</coordinates>
            </LinearRing>
          </outerBoundaryIs>
        </Polygon>
      </Placemark>
      <Placemark xmlns="http://www.opengis.net/kml/2.2">
        <styleUrl>#Parti singole_style_map</styleUrl>
        <name>F01603</name>
        <Polygon>
          <outerBoundaryIs>
            <LinearRing>
              <coordinates>8.5375059594318,39.5367214428822 8.53771286609367,39.536965580584 8.53775150350095,39.5369439654933 8.53754201198828,39.5367017998318 8.5375059594318,39.5367214428822</coordinates>
            </LinearRing>
          </outerBoundaryIs>
        </Polygon>
      </Placemark>
      <Placemark xmlns="http://www.opengis.net/kml/2.2">
        <styleUrl>#Parti singole_style_map</styleUrl>
        <name>F01601</name>
        <Polygon>
          <outerBoundaryIs>
            <LinearRing>
              <coordinates>8.53777180732232,39.5370547197386 8.53804243306074,39.5373733191878 8.5380933675635,39.5373451393397 8.53781779917911,39.5370313408462 8.53777180732232,39.5370547197386</coordinates>
            </LinearRing>
          </outerBoundaryIs>
        </Polygon>
      </Placemark>
      <Placemark xmlns="http://www.opengis.net/kml/2.2">
        <styleUrl>#Parti singole_style_map</styleUrl>
        <name>F01690</name>
        <Polygon>
          <outerBoundaryIs>
            <LinearRing>
              <coordinates>8.5415322124445,39.5405509961045 8.54172621879897,39.5404752376068 8.5416551302557,39.5403694342807 8.54146426104133,39.5404427884943 8.5415322124445,39.5405509961045</coordinates>
            </LinearRing>
          </outerBoundaryIs>
        </Polygon>
      </Placemark>
      <Placemark xmlns="http://www.opengis.net/kml/2.2">
        <styleUrl>#Parti singole_style_map</styleUrl>
        <name>F01557</name>
        <Polygon>
          <outerBoundaryIs>
            <LinearRing>
              <coordinates>8.53858937329847,39.5385773492021 8.53864624409193,39.5388423515457 8.53898882775412,39.538813608486 8.53885173358553,39.5384709074229 8.53875752222083,39.5384479625398 8.53865782900377,39.538460289119 8.53861492386468,39.5385041970333 8.53858937329847,39.5385773492021</coordinates>
            </LinearRing>
          </outerBoundaryIs>
        </Polygon>
      </Placemark>
      <Placemark xmlns="http://www.opengis.net/kml/2.2">
        <styleUrl>#Parti singole_style_map</styleUrl>
        <name>F01688</name>
        <Polygon>
          <outerBoundaryIs>
            <LinearRing>
              <coordinates>8.53982685934991,39.5393209495358 8.53990400306791,39.5393681987769 8.54002097054827,39.5394398433749 8.54007326776658,39.5393957378734 8.53995461961943,39.5393248435348 8.53987423433692,39.5392768156102 8.53982685934991,39.5393209495358</coordinates>
            </LinearRing>
          </outerBoundaryIs>
        </Polygon>
      </Placemark>
      <Placemark xmlns="http://www.opengis.net/kml/2.2">
        <styleUrl>#Parti singole_style_map</styleUrl>
        <name>F00079</name>
        <Polygon>
          <outerBoundaryIs>
            <LinearRing>
              <coordinates>8.52443624019703,39.532735676849 8.52475504363266,39.5328491388064 8.52481487242238,39.532747001643 8.52463060553148,39.5326829663428 8.5246487580776,39.5326516572234 8.52450956775469,39.5326027261808 8.52443624019703,39.532735676849</coordinates>
            </LinearRing>
          </outerBoundaryIs>
        </Polygon>
      </Placemark>
      <Placemark xmlns="http://www.opengis.net/kml/2.2">
        <styleUrl>#Parti singole_style_map</styleUrl>
        <name>F01594</name>
        <Polygon>
          <outerBoundaryIs>
            <LinearRing>
              <coordinates>8.52365998399329,39.5323300164615 8.52374003048205,39.5323719753955 8.52376306411608,39.5323471871272 8.52381048131222,39.5323713072179 8.52383915155124,39.5323355362282 8.52379605662027,39.5323119123835 8.52381723314815,39.532287595004 8.52373718670878,39.532245636123 8.52369250249838,39.5322943222313 8.52365998399329,39.5323300164615</coordinates>
            </LinearRing>
          </outerBoundaryIs>
        </Polygon>
      </Placemark>
      <Placemark xmlns="http://www.opengis.net/kml/2.2">
        <styleUrl>#Parti singole_style_map</styleUrl>
        <name>F01595</name>
        <Polygon>
          <outerBoundaryIs>
            <LinearRing>
              <coordinates>8.52355851976984,39.532305283227 8.52357170660106,39.5322816791821 8.52340657510469,39.5321912592137 8.52327524682633,39.5321215118671 8.52333687715148,39.5320532554669 8.52346123773093,39.5321187797093 8.52343895169104,39.5321433306618 8.52344659639001,39.532147556476 8.52352642636443,39.5321901780056 8.52353301675716,39.5321835638293 8.52357146958684,39.532204169499 8.52355623489312,39.532220710036 8.52359428483076,39.5322412647654 8.52362942391228,39.5321783666623 8.52382819899241,39.5316421769538 8.52375124709341,39.53160715379 8.52389343321624,39.5313010981989 8.52363296594933,39.5311977453412 8.52317999242892,39.5317786998752 8.5230708476618,39.5318112024319 8.52294183535208,39.5320007538759 8.52301177357247,39.5320031044619 8.52337297835978,39.5321738366523 8.52355851976984,39.532305283227</coordinates>
            </LinearRing>
          </outerBoundaryIs>
          <innerBoundaryIs>
            <LinearRing>
              <coordinates>8.52316066517994,39.5320451919119 8.52303473238434,39.5319786122796 8.52306658953697,39.5319406435136 8.52308503847134,39.5319491081636 8.5231146075974,39.5319156739762 8.5231573326628,39.531938569317 8.52315915252064,39.5319364795635 8.5232252701626,39.5319710056457 8.52316066517994,39.5320451919119</coordinates>
            </LinearRing>
          </innerBoundaryIs>
          <innerBoundaryIs>
            <LinearRing>
              <coordinates>8.52353567365709,39.5314475796905 8.52357496502374,39.5313785324418 8.52361635253447,39.5313989753671 8.52363506913522,39.5313682928323 8.52371201222634,39.5314039116496 8.52369466410641,39.5314325025836 8.52373655802746,39.5314449081811 8.52369052966209,39.5315090343331 8.52353567365709,39.5314475796905</coordinates>
            </LinearRing>
          </innerBoundaryIs>
          <innerBoundaryIs>
            <LinearRing>
              <coordinates>8.52344568343062,39.5317196480347 8.52346305984482,39.5316777172794 8.52353427779639,39.5316941198166 8.52351615841847,39.5317360475347 8.52344568343062,39.5317196480347</coordinates>
            </LinearRing>
          </innerBoundaryIs>
        </Polygon>
      </Placemark>
      <Placemark xmlns="http://www.opengis.net/kml/2.2">
        <styleUrl>#Parti singole_style_map</styleUrl>
        <name>F01691</name>
        <Polygon>
          <outerBoundaryIs>
            <LinearRing>
              <coordinates>8.52303473238434,39.5319786122796 8.52316066517994,39.5320451919119 8.5232252701626,39.5319710056457 8.52315915252064,39.5319364795635 8.5231573326628,39.531938569317 8.5231146075974,39.5319156739762 8.52308503847134,39.5319491081636 8.52306658953697,39.5319406435136 8.52303473238434,39.5319786122796</coordinates>
            </LinearRing>
          </outerBoundaryIs>
        </Polygon>
      </Placemark>
      <Placemark xmlns="http://www.opengis.net/kml/2.2">
        <styleUrl>#Parti singole_style_map</styleUrl>
        <name>F01597</name>
        <Polygon>
          <outerBoundaryIs>
            <LinearRing>
              <coordinates>8.52327524682633,39.5321215118671 8.52340657510469,39.5321912592137 8.52344659639001,39.532147556476 8.52343895169104,39.5321433306618 8.52346123773093,39.5321187797093 8.52333687715148,39.5320532554669 8.52327524682633,39.5321215118671</coordinates>
            </LinearRing>
          </outerBoundaryIs>
        </Polygon>
      </Placemark>
      <Placemark xmlns="http://www.opengis.net/kml/2.2">
        <styleUrl>#Parti singole_style_map</styleUrl>
        <name>F01598</name>
        <Polygon>
          <outerBoundaryIs>
            <LinearRing>
              <coordinates>8.52340657510469,39.5321912592137 8.52357170660106,39.5322816791821 8.52365998399329,39.5323300164615 8.52369250249838,39.5322943222313 8.52359428483076,39.5322412647654 8.52355623489312,39.532220710036 8.52357146958684,39.532204169499 8.52353301675716,39.5321835638293 8.52352642636443,39.5321901780056 8.52344659639001,39.532147556476 8.52340657510469,39.5321912592137</coordinates>
            </LinearRing>
          </outerBoundaryIs>
        </Polygon>
      </Placemark>
      <Placemark xmlns="http://www.opengis.net/kml/2.2">
        <styleUrl>#Parti singole_style_map</styleUrl>
        <name>F01599</name>
        <Polygon>
          <outerBoundaryIs>
            <LinearRing>
              <coordinates>8.52383464237887,39.5323694611725 8.52394737076954,39.532421602726 8.52397794381306,39.5323786617958 8.52386769700959,39.5323250949032 8.52383464237887,39.5323694611725</coordinates>
            </LinearRing>
          </outerBoundaryIs>
        </Polygon>
      </Placemark>
      <Placemark xmlns="http://www.opengis.net/kml/2.2">
        <styleUrl>#Parti singole_style_map</styleUrl>
        <name>F00035</name>
        <Polygon>
          <outerBoundaryIs>
            <LinearRing>
              <coordinates>8.60029578642824,39.5447546143502 8.60067874975084,39.5447090332828 8.60061627469181,39.5446303928148 8.60046700288767,39.5444425102246 8.60031111776229,39.5444518941325 8.59993825183444,39.5444295801542 8.60029578642824,39.5447546143502</coordinates>
            </LinearRing>
          </outerBoundaryIs>
        </Polygon>
      </Placemark>
      <Placemark xmlns="http://www.opengis.net/kml/2.2">
        <styleUrl>#Parti singole_style_map</styleUrl>
        <name>F00036</name>
        <Polygon>
          <outerBoundaryIs>
            <LinearRing>
              <coordinates>8.60029578642824,39.5447546143502 8.60067874975084,39.5447090332828 8.60061627469181,39.5446303928148 8.60046700288767,39.5444425102246 8.60031111776229,39.5444518941325 8.59993825183444,39.5444295801542 8.60029578642824,39.5447546143502</coordinates>
            </LinearRing>
          </outerBoundaryIs>
        </Polygon>
      </Placemark>
      <Placemark xmlns="http://www.opengis.net/kml/2.2">
        <styleUrl>#Parti singole_style_map</styleUrl>
        <name>F00037</name>
        <Polygon>
          <outerBoundaryIs>
            <LinearRing>
              <coordinates>8.5802671314502,39.5529599335459 8.58040316354107,39.5529651285206 8.58051720385981,39.5529538001368 8.58089487064103,39.5528908844565 8.58141931883795,39.5528029525839 8.58143792546772,39.5526585758579 8.58017083111277,39.5525349489811 8.5802671314502,39.5529599335459</coordinates>
            </LinearRing>
          </outerBoundaryIs>
        </Polygon>
      </Placemark>
      <Placemark xmlns="http://www.opengis.net/kml/2.2">
        <styleUrl>#Parti singole_style_map</styleUrl>
        <name>F00038</name>
        <Polygon>
          <outerBoundaryIs>
            <LinearRing>
              <coordinates>8.59551298732193,39.5436818126603 8.59843786464381,39.5457645027496 8.59855357347525,39.5456954064135 8.59873139333529,39.5455598934729 8.59881007794384,39.5454771715149 8.59883681184425,39.5454244455243 8.59883525241607,39.5453658732211 8.59589872240116,39.5435151225517 8.59551298732193,39.5436818126603</coordinates>
            </LinearRing>
          </outerBoundaryIs>
        </Polygon>
      </Placemark>
      <Placemark xmlns="http://www.opengis.net/kml/2.2">
        <styleUrl>#Parti singole_style_map</styleUrl>
        <name>F00047</name>
        <Polygon>
          <outerBoundaryIs>
            <LinearRing>
              <coordinates>8.59551298732193,39.5436818126603 8.59843786464381,39.5457645027496 8.59855357347525,39.5456954064135 8.59873139333529,39.5455598934729 8.59881007794384,39.5454771715149 8.59883681184425,39.5454244455243 8.59883525241607,39.5453658732211 8.59589872240116,39.5435151225517 8.59551298732193,39.5436818126603</coordinates>
            </LinearRing>
          </outerBoundaryIs>
        </Polygon>
      </Placemark>
      <Placemark xmlns="http://www.opengis.net/kml/2.2">
        <styleUrl>#Parti singole_style_map</styleUrl>
        <name>F00039</name>
        <Polygon>
          <outerBoundaryIs>
            <LinearRing>
              <coordinates>8.59551298732193,39.5436818126603 8.59843786464381,39.5457645027496 8.59855357347525,39.5456954064135 8.59873139333529,39.5455598934729 8.59881007794384,39.5454771715149 8.59883681184425,39.5454244455243 8.59883525241607,39.5453658732211 8.59589872240116,39.5435151225517 8.59551298732193,39.5436818126603</coordinates>
            </LinearRing>
          </outerBoundaryIs>
        </Polygon>
      </Placemark>
      <Placemark xmlns="http://www.opengis.net/kml/2.2">
        <styleUrl>#Parti singole_style_map</styleUrl>
        <name>F00040</name>
        <Polygon>
          <outerBoundaryIs>
            <LinearRing>
              <coordinates>8.59551298732193,39.5436818126603 8.59843786464381,39.5457645027496 8.59855357347525,39.5456954064135 8.59873139333529,39.5455598934729 8.59881007794384,39.5454771715149 8.59883681184425,39.5454244455243 8.59883525241607,39.5453658732211 8.59589872240116,39.5435151225517 8.59551298732193,39.5436818126603</coordinates>
            </LinearRing>
          </outerBoundaryIs>
        </Polygon>
      </Placemark>
      <Placemark xmlns="http://www.opengis.net/kml/2.2">
        <styleUrl>#Parti singole_style_map</styleUrl>
        <name>F00041</name>
        <Polygon>
          <outerBoundaryIs>
            <LinearRing>
              <coordinates>8.59551298732193,39.5436818126603 8.59843786464381,39.5457645027496 8.59855357347525,39.5456954064135 8.59873139333529,39.5455598934729 8.59881007794384,39.5454771715149 8.59883681184425,39.5454244455243 8.59883525241607,39.5453658732211 8.59589872240116,39.5435151225517 8.59551298732193,39.5436818126603</coordinates>
            </LinearRing>
          </outerBoundaryIs>
        </Polygon>
      </Placemark>
      <Placemark xmlns="http://www.opengis.net/kml/2.2">
        <styleUrl>#Parti singole_style_map</styleUrl>
        <name>F00042</name>
        <Polygon>
          <outerBoundaryIs>
            <LinearRing>
              <coordinates>8.59551298732193,39.5436818126603 8.59843786464381,39.5457645027496 8.59855357347525,39.5456954064135 8.59873139333529,39.5455598934729 8.59881007794384,39.5454771715149 8.59883681184425,39.5454244455243 8.59883525241607,39.5453658732211 8.59589872240116,39.5435151225517 8.59551298732193,39.5436818126603</coordinates>
            </LinearRing>
          </outerBoundaryIs>
        </Polygon>
      </Placemark>
      <Placemark xmlns="http://www.opengis.net/kml/2.2">
        <styleUrl>#Parti singole_style_map</styleUrl>
        <name>F00043</name>
        <Polygon>
          <outerBoundaryIs>
            <LinearRing>
              <coordinates>8.59551298732193,39.5436818126603 8.59843786464381,39.5457645027496 8.59855357347525,39.5456954064135 8.59873139333529,39.5455598934729 8.59881007794384,39.5454771715149 8.59883681184425,39.5454244455243 8.59883525241607,39.5453658732211 8.59589872240116,39.5435151225517 8.59551298732193,39.5436818126603</coordinates>
            </LinearRing>
          </outerBoundaryIs>
        </Polygon>
      </Placemark>
      <Placemark xmlns="http://www.opengis.net/kml/2.2">
        <styleUrl>#Parti singole_style_map</styleUrl>
        <name>F00044</name>
        <Polygon>
          <outerBoundaryIs>
            <LinearRing>
              <coordinates>8.59551298732193,39.5436818126603 8.59843786464381,39.5457645027496 8.59855357347525,39.5456954064135 8.59873139333529,39.5455598934729 8.59881007794384,39.5454771715149 8.59883681184425,39.5454244455243 8.59883525241607,39.5453658732211 8.59589872240116,39.5435151225517 8.59551298732193,39.5436818126603</coordinates>
            </LinearRing>
          </outerBoundaryIs>
        </Polygon>
      </Placemark>
      <Placemark xmlns="http://www.opengis.net/kml/2.2">
        <styleUrl>#Parti singole_style_map</styleUrl>
        <name>F00045</name>
        <Polygon>
          <outerBoundaryIs>
            <LinearRing>
              <coordinates>8.59551298732193,39.5436818126603 8.59843786464381,39.5457645027496 8.59855357347525,39.5456954064135 8.59873139333529,39.5455598934729 8.59881007794384,39.5454771715149 8.59883681184425,39.5454244455243 8.59883525241607,39.5453658732211 8.59589872240116,39.5435151225517 8.59551298732193,39.5436818126603</coordinates>
            </LinearRing>
          </outerBoundaryIs>
        </Polygon>
      </Placemark>
      <Placemark xmlns="http://www.opengis.net/kml/2.2">
        <styleUrl>#Parti singole_style_map</styleUrl>
        <name>F00046</name>
        <Polygon>
          <outerBoundaryIs>
            <LinearRing>
              <coordinates>8.59551298732193,39.5436818126603 8.59843786464381,39.5457645027496 8.59855357347525,39.5456954064135 8.59873139333529,39.5455598934729 8.59881007794384,39.5454771715149 8.59883681184425,39.5454244455243 8.59883525241607,39.5453658732211 8.59589872240116,39.5435151225517 8.59551298732193,39.5436818126603</coordinates>
            </LinearRing>
          </outerBoundaryIs>
        </Polygon>
      </Placemark>
      <Placemark xmlns="http://www.opengis.net/kml/2.2">
        <styleUrl>#Parti singole_style_map</styleUrl>
        <name>F00048</name>
        <Polygon>
          <outerBoundaryIs>
            <LinearRing>
              <coordinates>8.59846525291712,39.54306240962 8.59989557508456,39.5443790745752 8.60033827001607,39.5443990070394 8.60042883416909,39.5443952640575 8.59929119619927,39.5429640588752 8.59846525291712,39.54306240962</coordinates>
            </LinearRing>
          </outerBoundaryIs>
        </Polygon>
      </Placemark>
      <Placemark xmlns="http://www.opengis.net/kml/2.2">
        <styleUrl>#Parti singole_style_map</styleUrl>
        <name>F00057</name>
        <Polygon>
          <outerBoundaryIs>
            <LinearRing>
              <coordinates>8.59846525291712,39.54306240962 8.59989557508456,39.5443790745752 8.60033827001607,39.5443990070394 8.60042883416909,39.5443952640575 8.59929119619927,39.5429640588752 8.59846525291712,39.54306240962</coordinates>
            </LinearRing>
          </outerBoundaryIs>
        </Polygon>
      </Placemark>
      <Placemark xmlns="http://www.opengis.net/kml/2.2">
        <styleUrl>#Parti singole_style_map</styleUrl>
        <name>F00049</name>
        <Polygon>
          <outerBoundaryIs>
            <LinearRing>
              <coordinates>8.59846525291712,39.54306240962 8.59989557508456,39.5443790745752 8.60033827001607,39.5443990070394 8.60042883416909,39.5443952640575 8.59929119619927,39.5429640588752 8.59846525291712,39.54306240962</coordinates>
            </LinearRing>
          </outerBoundaryIs>
        </Polygon>
      </Placemark>
      <Placemark xmlns="http://www.opengis.net/kml/2.2">
        <styleUrl>#Parti singole_style_map</styleUrl>
        <name>F00050</name>
        <Polygon>
          <outerBoundaryIs>
            <LinearRing>
              <coordinates>8.59846525291712,39.54306240962 8.59989557508456,39.5443790745752 8.60033827001607,39.5443990070394 8.60042883416909,39.5443952640575 8.59929119619927,39.5429640588752 8.59846525291712,39.54306240962</coordinates>
            </LinearRing>
          </outerBoundaryIs>
        </Polygon>
      </Placemark>
      <Placemark xmlns="http://www.opengis.net/kml/2.2">
        <styleUrl>#Parti singole_style_map</styleUrl>
        <name>F00051</name>
        <Polygon>
          <outerBoundaryIs>
            <LinearRing>
              <coordinates>8.59846525291712,39.54306240962 8.59989557508456,39.5443790745752 8.60033827001607,39.5443990070394 8.60042883416909,39.5443952640575 8.59929119619927,39.5429640588752 8.59846525291712,39.54306240962</coordinates>
            </LinearRing>
          </outerBoundaryIs>
        </Polygon>
      </Placemark>
      <Placemark xmlns="http://www.opengis.net/kml/2.2">
        <styleUrl>#Parti singole_style_map</styleUrl>
        <name>F00052</name>
        <Polygon>
          <outerBoundaryIs>
            <LinearRing>
              <coordinates>8.59846525291712,39.54306240962 8.59989557508456,39.5443790745752 8.60033827001607,39.5443990070394 8.60042883416909,39.5443952640575 8.59929119619927,39.5429640588752 8.59846525291712,39.54306240962</coordinates>
            </LinearRing>
          </outerBoundaryIs>
        </Polygon>
      </Placemark>
      <Placemark xmlns="http://www.opengis.net/kml/2.2">
        <styleUrl>#Parti singole_style_map</styleUrl>
        <name>F00053</name>
        <Polygon>
          <outerBoundaryIs>
            <LinearRing>
              <coordinates>8.59846525291712,39.54306240962 8.59989557508456,39.5443790745752 8.60033827001607,39.5443990070394 8.60042883416909,39.5443952640575 8.59929119619927,39.5429640588752 8.59846525291712,39.54306240962</coordinates>
            </LinearRing>
          </outerBoundaryIs>
        </Polygon>
      </Placemark>
      <Placemark xmlns="http://www.opengis.net/kml/2.2">
        <styleUrl>#Parti singole_style_map</styleUrl>
        <name>F00054</name>
        <Polygon>
          <outerBoundaryIs>
            <LinearRing>
              <coordinates>8.59846525291712,39.54306240962 8.59989557508456,39.5443790745752 8.60033827001607,39.5443990070394 8.60042883416909,39.5443952640575 8.59929119619927,39.5429640588752 8.59846525291712,39.54306240962</coordinates>
            </LinearRing>
          </outerBoundaryIs>
        </Polygon>
      </Placemark>
      <Placemark xmlns="http://www.opengis.net/kml/2.2">
        <styleUrl>#Parti singole_style_map</styleUrl>
        <name>F00055</name>
        <Polygon>
          <outerBoundaryIs>
            <LinearRing>
              <coordinates>8.59846525291712,39.54306240962 8.59989557508456,39.5443790745752 8.60033827001607,39.5443990070394 8.60042883416909,39.5443952640575 8.59929119619927,39.5429640588752 8.59846525291712,39.54306240962</coordinates>
            </LinearRing>
          </outerBoundaryIs>
        </Polygon>
      </Placemark>
      <Placemark xmlns="http://www.opengis.net/kml/2.2">
        <styleUrl>#Parti singole_style_map</styleUrl>
        <name>F00056</name>
        <Polygon>
          <outerBoundaryIs>
            <LinearRing>
              <coordinates>8.59846525291712,39.54306240962 8.59989557508456,39.5443790745752 8.60033827001607,39.5443990070394 8.60042883416909,39.5443952640575 8.59929119619927,39.5429640588752 8.59846525291712,39.54306240962</coordinates>
            </LinearRing>
          </outerBoundaryIs>
        </Polygon>
      </Placemark>
      <Placemark xmlns="http://www.opengis.net/kml/2.2">
        <styleUrl>#Parti singole_style_map</styleUrl>
        <name>T02622</name>
        <Polygon>
          <outerBoundaryIs>
            <LinearRing>
              <coordinates>8.47852392953433,39.60687935718 8.47875822647927,39.6070450341246 8.47903509364211,39.6073496942847 8.47906181952923,39.6073226845818 8.47897581673089,39.6072081488149 8.47887258194222,39.6070678025903 8.47876860824121,39.606920425021 8.47869117028866,39.6068086755906 8.47865821587601,39.6067638551899 8.47854731908128,39.6068545581201 8.47852392953433,39.60687935718</coordinates>
            </LinearRing>
          </outerBoundaryIs>
        </Polygon>
      </Placemark>
      <Placemark xmlns="http://www.opengis.net/kml/2.2">
        <styleUrl>#Parti singole_style_map</styleUrl>
        <name>T02623</name>
        <Polygon>
          <outerBoundaryIs>
            <LinearRing>
              <coordinates>8.47881767561445,39.6067303775138 8.47904533518194,39.6070650999442 8.4792124634535,39.6072782104459 8.47914445155526,39.6063643370733 8.47899566035224,39.6065285736367 8.47883356663021,39.6066430591967 8.47881767561445,39.6067303775138</coordinates>
            </LinearRing>
          </outerBoundaryIs>
        </Polygon>
      </Placemark>
      <Placemark xmlns="http://www.opengis.net/kml/2.2">
        <styleUrl>#Parti singole_style_map</styleUrl>
        <name>T00001</name>
        <Polygon>
          <outerBoundaryIs>
            <LinearRing>
              <coordinates>8.56066845139269,39.5574475578626 8.56287673566412,39.5583639371212 8.56390910006691,39.5587881385667 8.56454143934686,39.5589380005827 8.56462648332502,39.5587966240131 8.56472922474066,39.5585707793908 8.56464112541897,39.5584173376641 8.56465688167051,39.5584069087837 8.56475071747276,39.5583448464108 8.56479327561611,39.5583166776366 8.56498940329755,39.5582604856446 8.56552308531112,39.5583960878855 8.56564241997926,39.5583626376889 8.5658299689526,39.5583100703576 8.5661315282025,39.5582583071821 8.5667037392077,39.5583288586666 8.5672178942276,39.5578279579965 8.56765361415868,39.557596359265 8.56818617022946,39.5574332546752 8.56848943539743,39.5573551546892 8.56926897785805,39.5572934361706 8.5696757569349,39.5572377380959 8.56994957251873,39.5570274616234 8.57009434742976,39.5568923210344 8.57009289866894,39.5568574008717 8.56840659308627,39.5568672740804 8.56682574715906,39.5568861571083 8.56640488356738,39.5570053600747 8.56597540262179,39.5569849782497 8.56538446362481,39.5572274149026 8.56491803960512,39.5573572812967 8.56422027560784,39.5572981885389 8.56282553790023,39.5571770650976 8.56280016198769,39.5571734735783 8.56247157349134,39.5573109310737 8.56222725324678,39.5574102314976 8.56199449217976,39.5573096191354 8.5614287537103,39.5573463181417 8.56112139505057,39.5573635198588 8.56100773143856,39.5573799214093 8.56066845139269,39.5574475578626</coordinates>
            </LinearRing>
          </outerBoundaryIs>
        </Polygon>
      </Placemark>
      <Placemark xmlns="http://www.opengis.net/kml/2.2">
        <styleUrl>#Parti singole_style_map</styleUrl>
        <name>T00095</name>
        <Polygon>
          <outerBoundaryIs>
            <LinearRing>
              <coordinates>8.56390910006691,39.5587881385667 8.56602305310147,39.5596449512953 8.56612054522942,39.5595398324247 8.56618364035308,39.5594588856604 8.56628012245439,39.5591870639435 8.56637651144165,39.5587077984094 8.56615928865521,39.5588820475365 8.56559988775708,39.5589739963995 8.56499801095516,39.5589019317639 8.56496244498543,39.5588859584788 8.56492268764892,39.5588440649629 8.56510271154591,39.5587256235895 8.56507912697317,39.5586904673015 8.56496234115684,39.5587126726422 8.56464112541897,39.5584173376641 8.56472922474066,39.5585707793908 8.56462648332502,39.5587966240131 8.56454143934686,39.5589380005827 8.56390910006691,39.5587881385667</coordinates>
            </LinearRing>
          </outerBoundaryIs>
        </Polygon>
      </Placemark>
      <Placemark xmlns="http://www.opengis.net/kml/2.2">
        <styleUrl>#Parti singole_style_map</styleUrl>
        <name>T00096</name>
        <Polygon>
          <outerBoundaryIs>
            <LinearRing>
              <coordinates>8.56680358350104,39.5599618464164 8.57032222678294,39.5613852151979 8.57000626218494,39.5607092218672 8.56963241796346,39.5598898219664 8.56943815263026,39.5594511938701 8.56932558039894,39.5594847361107 8.56913548541589,39.5591194034529 8.56927486243776,39.5590824828587 8.56918042919412,39.5588693010212 8.56923786310068,39.5587620125869 8.56960291958459,39.557998917022 8.56985879627285,39.5574561314013 8.56969471859298,39.5574485315445 8.56949941608567,39.5573967915235 8.56902796704802,39.5575271423454 8.56907120237884,39.5576730709361 8.56846487542854,39.5578749559586 8.56773213832438,39.558111570432 8.56762376044344,39.5586598201774 8.56757551715577,39.5596628075855 8.56734123826081,39.5596634306291 8.5669917283184,39.5598851679833 8.56680358350104,39.5599618464164</coordinates>
            </LinearRing>
          </outerBoundaryIs>
        </Polygon>
      </Placemark>
      <Placemark xmlns="http://www.opengis.net/kml/2.2">
        <styleUrl>#Parti singole_style_map</styleUrl>
        <name>T00097</name>
        <Polygon>
          <outerBoundaryIs>
            <LinearRing>
              <coordinates>8.56913548541589,39.5591194034529 8.56932558039894,39.5594847361107 8.56943815263026,39.5594511938701 8.56927486243776,39.5590824828587 8.56913548541589,39.5591194034529</coordinates>
            </LinearRing>
          </outerBoundaryIs>
        </Polygon>
      </Placemark>
      <Placemark xmlns="http://www.opengis.net/kml/2.2">
        <styleUrl>#Parti singole_style_map</styleUrl>
        <name>T02624</name>
        <Polygon>
          <outerBoundaryIs>
            <LinearRing>
              <coordinates>8.56773213832438,39.558111570432 8.56846487542854,39.5578749559586 8.56907120237884,39.5576730709361 8.56902796704802,39.5575271423454 8.56949941608567,39.5573967915235 8.56969471859298,39.5574485315445 8.56985879627285,39.5574561314013 8.56987566272528,39.5574203510229 8.56969869438704,39.5574117122941 8.56968729694698,39.5573724843961 8.56992464611265,39.5573164367994 8.56997262666602,39.557214672294 8.56969040356714,39.5572936380254 8.56902214094232,39.5574247640602 8.56758088686674,39.5578810742615 8.56773213832438,39.558111570432</coordinates>
            </LinearRing>
          </outerBoundaryIs>
          <innerBoundaryIs>
            <LinearRing>
              <coordinates>8.56845376719047,39.5576934839017 8.5689096632273,39.5575562749262 8.56896175014759,39.5576543648556 8.56851775033421,39.5577989886358 8.56845376719047,39.5576934839017</coordinates>
            </LinearRing>
          </innerBoundaryIs>
          <innerBoundaryIs>
            <LinearRing>
              <coordinates>8.56785471975427,39.5578774713647 8.56835880992116,39.5577212159852 8.56840682824004,39.5578277066271 8.56822232061938,39.5578858938227 8.56821653586443,39.5579120921954 8.56820519609437,39.5579274665998 8.56818305288006,39.55793743972 8.5681587786366,39.5579400525319 8.56813282496181,39.5579319368731 8.56812026432859,39.5579189604234 8.56790945181702,39.5579824013854 8.56785471975427,39.5578774713647</coordinates>
            </LinearRing>
          </innerBoundaryIs>
        </Polygon>
      </Placemark>
      <Placemark xmlns="http://www.opengis.net/kml/2.2">
        <styleUrl>#Parti singole_style_map</styleUrl>
        <name>T00099</name>
        <Polygon>
          <outerBoundaryIs>
            <LinearRing>
              <coordinates>8.56608831229303,39.5596705951041 8.56666607806092,39.5599014961966 8.56671360223335,39.5586516252297 8.56690921379378,39.5584407578222 8.56706465565241,39.558356821139 8.56719077533239,39.5582691708544 8.56741421382846,39.5580642629647 8.56752069364013,39.557877678485 8.56758088686674,39.5578810742615 8.56902214094232,39.5574247640602 8.56969040356714,39.5572936380254 8.5685290004547,39.5574170040306 8.568214808748,39.557490756582 8.56763409546773,39.5576803794332 8.56733841657768,39.5578390842774 8.56723925161235,39.5579162751516 8.5667178794019,39.5584021829244 8.56645460097824,39.5587216684548 8.56633892448519,39.5592308121511 8.56624678706525,39.559485404495 8.56615071420106,39.559605638991 8.56608831229303,39.5596705951041</coordinates>
            </LinearRing>
          </outerBoundaryIs>
          <innerBoundaryIs>
            <LinearRing>
              <coordinates>8.56615668435007,39.5596357285525 8.56639680842266,39.5597001928507 8.56640904342157,39.5596776317793 8.56647018625393,39.5596951327441 8.56644348924937,39.5597408502712 8.56614143411606,39.5596639367785 8.56615668435007,39.5596357285525</coordinates>
            </LinearRing>
          </innerBoundaryIs>
        </Polygon>
      </Placemark>
      <Placemark xmlns="http://www.opengis.net/kml/2.2">
        <styleUrl>#Parti singole_style_map</styleUrl>
        <name>T02625</name>
        <Polygon>
          <outerBoundaryIs>
            <LinearRing>
              <coordinates>8.45664637597052,39.5451724903508 8.45691093043657,39.5451545357668 8.45706872981052,39.5451112133054 8.45721273490678,39.5450757551972 8.45754581902299,39.5450002735187 8.45835706455557,39.5448401627232 8.45882721049891,39.5446787278219 8.45913801063151,39.5445799813684 8.45929987231069,39.5445077518438 8.45948924622025,39.5444294330418 8.45949267046899,39.5444080946559 8.45931528136593,39.5443668129772 8.45884152494482,39.5444691257318 8.45853499524206,39.5446323146698 8.45832408969894,39.544680707536 8.45807650057305,39.5447471295993 8.45784967638263,39.5447772466038 8.45762803636107,39.5447991880352 8.45754508419027,39.5448107843083 8.45685237409594,39.5450821798823 8.45664637597052,39.5451724903508</coordinates>
            </LinearRing>
          </outerBoundaryIs>
        </Polygon>
      </Placemark>
      <Placemark xmlns="http://www.opengis.net/kml/2.2">
        <styleUrl>#Parti singole_style_map</styleUrl>
        <name>T00002</name>
        <Polygon>
          <outerBoundaryIs>
            <LinearRing>
              <coordinates>8.45250980932666,39.5469003352191 8.45271294921528,39.5466419773844 8.45263628565079,39.5466082781843 8.45243088817443,39.5468577050898 8.45250980932666,39.5469003352191</coordinates>
            </LinearRing>
          </outerBoundaryIs>
        </Polygon>
      </Placemark>
      <Placemark xmlns="http://www.opengis.net/kml/2.2">
        <styleUrl>#Parti singole_style_map</styleUrl>
        <name>T02626</name>
        <Polygon>
          <outerBoundaryIs>
            <LinearRing>
              <coordinates>8.47742691218904,39.5519072153582 8.47747630143666,39.5520244357308 8.47801243005642,39.5520078618886 8.47803261115856,39.5517441593368 8.47752614227117,39.5516535635708 8.47746008124694,39.5517866001396 8.47742691218904,39.5519072153582</coordinates>
            </LinearRing>
          </outerBoundaryIs>
        </Polygon>
      </Placemark>
      <Placemark xmlns="http://www.opengis.net/kml/2.2">
        <styleUrl>#Parti singole_style_map</styleUrl>
        <name>T00003</name>
        <Polygon>
          <outerBoundaryIs>
            <LinearRing>
              <coordinates>8.50104735834775,39.5533412944176 8.50200682566147,39.5536875410291 8.50119267502376,39.5532877669692 8.5006469564171,39.5530164295938 8.50104735834775,39.5533412944176</coordinates>
            </LinearRing>
          </outerBoundaryIs>
        </Polygon>
      </Placemark>
      <Placemark xmlns="http://www.opengis.net/kml/2.2">
        <styleUrl>#Parti singole_style_map</styleUrl>
        <name>T00006</name>
        <Polygon>
          <outerBoundaryIs>
            <LinearRing>
              <coordinates>8.49775072294212,39.5533012974713 8.49831762584342,39.5531143159841 8.49844461590536,39.5529213781582 8.49827357030607,39.5528399434836 8.49775072294212,39.5533012974713</coordinates>
            </LinearRing>
          </outerBoundaryIs>
        </Polygon>
      </Placemark>
      <Placemark xmlns="http://www.opengis.net/kml/2.2">
        <styleUrl>#Parti singole_style_map</styleUrl>
        <name>T00007</name>
        <Polygon>
          <outerBoundaryIs>
            <LinearRing>
              <coordinates>8.4996362060177,39.5524620300531 8.49986912695472,39.5526178836387 8.50032296424631,39.552711786802 8.49919753625312,39.5522501642106 8.4996362060177,39.5524620300531</coordinates>
            </LinearRing>
          </outerBoundaryIs>
        </Polygon>
      </Placemark>
      <Placemark xmlns="http://www.opengis.net/kml/2.2">
        <styleUrl>#Parti singole_style_map</styleUrl>
        <name>T00004</name>
        <Polygon>
          <outerBoundaryIs>
            <LinearRing>
              <coordinates>8.47838495938867,39.5508900923075 8.47878823468729,39.5509633721063 8.47919547650678,39.5511755253636 8.4794092010932,39.5513625092931 8.47985116496267,39.5514097569856 8.48039566677457,39.5512250151673 8.48065176377378,39.5510637326981 8.48118748894185,39.5507238723525 8.48088225415019,39.5507432410858 8.47993117837434,39.5507950841491 8.47868541326548,39.5508658791796 8.47838495938867,39.5508900923075</coordinates>
            </LinearRing>
          </outerBoundaryIs>
        </Polygon>
      </Placemark>
      <Placemark xmlns="http://www.opengis.net/kml/2.2">
        <styleUrl>#Parti singole_style_map</styleUrl>
        <name>T00005</name>
        <Polygon>
          <outerBoundaryIs>
            <LinearRing>
              <coordinates>8.48241615066097,39.5509881558811 8.48280112607323,39.5512317241885 8.48328875502997,39.5515183394437 8.48346249702854,39.5516100347821 8.48371721836735,39.5517213267585 8.48389673787419,39.5515865202484 8.4841715053932,39.5515497626632 8.48468148933996,39.5515581084613 8.48500056730593,39.5515919786937 8.48518026068194,39.5516378536658 8.48520357175071,39.5516459851324 8.48502909217891,39.5514648803323 8.48491942269478,39.5513430979202 8.48480527013305,39.5512609586739 8.48475016524645,39.5512428919334 8.48437060926008,39.5511670890995 8.48362381304016,39.551023427458 8.48332941818176,39.5508273434498 8.48321209038857,39.550814252144 8.48242392898899,39.5507012408485 8.48241615066097,39.5509881558811</coordinates>
            </LinearRing>
          </outerBoundaryIs>
        </Polygon>
      </Placemark>
      <Placemark xmlns="http://www.opengis.net/kml/2.2">
        <styleUrl>#Parti singole_style_map</styleUrl>
        <name>T00091</name>
        <Polygon>
          <outerBoundaryIs>
            <LinearRing>
              <coordinates>8.52280516642186,39.5329714484437 8.52320766365573,39.5332351478066 8.52368580815413,39.5335382156423 8.52411023340771,39.534020023903 8.52432699182282,39.534266937904 8.52439622711,39.534341889737 8.52470507702639,39.5343329813611 8.52575523435837,39.5343784599963 8.52619585712955,39.534396215474 8.5263680538622,39.5341662812516 8.52638003208382,39.5336266223826 8.52469197408992,39.5331532277479 8.52380549017284,39.5329026515405 8.52313409887157,39.5324537071442 8.52294607001931,39.5323745995077 8.52290538573826,39.5325231653806 8.52280516642186,39.5329714484437</coordinates>
            </LinearRing>
          </outerBoundaryIs>
        </Polygon>
      </Placemark>
      <Placemark xmlns="http://www.opengis.net/kml/2.2">
        <styleUrl>#Parti singole_style_map</styleUrl>
        <name>T00106</name>
        <Polygon>
          <outerBoundaryIs>
            <LinearRing>
              <coordinates>8.52855588607193,39.5345902143589 8.52883779487911,39.5348656676981 8.52913285569693,39.534829507564 8.52946702114543,39.5344943452732 8.52937874691151,39.5344963663492 8.528996853622,39.5343990118664 8.52821427332357,39.5341689024418 8.52855588607193,39.5345902143589</coordinates>
            </LinearRing>
          </outerBoundaryIs>
        </Polygon>
      </Placemark>
      <Placemark xmlns="http://www.opengis.net/kml/2.2">
        <styleUrl>#Parti singole_style_map</styleUrl>
        <name>T00092</name>
        <Polygon>
          <outerBoundaryIs>
            <LinearRing>
              <coordinates>8.52123953960227,39.5340580175848 8.5213255618303,39.5350540095682 8.52134888017403,39.5353046909132 8.52228657927946,39.5354629066863 8.5226328804265,39.5355218702039 8.52296450889652,39.5360326656078 8.52302489606402,39.5360267505684 8.52353563516068,39.5359105867523 8.52385489979767,39.5358397235534 8.52455528203381,39.5358622350476 8.52479224084218,39.5358698453595 8.52568590372366,39.536294008568 8.52647371296379,39.5366729432274 8.52796039960828,39.5340945361621 8.5272984591451,39.5338950502373 8.52638003208382,39.5336266223826 8.5263680538622,39.5341662812516 8.52619585712955,39.534396215474 8.52575523435837,39.5343784599963 8.52470507702639,39.5343329813611 8.52439622711,39.534341889737 8.52432699182282,39.534266937904 8.52411023340771,39.534020023903 8.52368580815413,39.5335382156423 8.52320766365573,39.5332351478066 8.52280516642186,39.5329714484437 8.52229602932499,39.53313184728 8.52119312026885,39.5334965119079 8.52123953960227,39.5340580175848</coordinates>
            </LinearRing>
          </outerBoundaryIs>
        </Polygon>
      </Placemark>
      <Placemark xmlns="http://www.opengis.net/kml/2.2">
        <styleUrl>#Parti singole_style_map</styleUrl>
        <name>T00011</name>
        <Polygon>
          <outerBoundaryIs>
            <LinearRing>
              <coordinates>8.52578787945792,39.5379747090273 8.52689441339703,39.5382823907886 8.52708357472811,39.538483892375 8.5273428353366,39.5387560492932 8.5278897280669,39.538939037996 8.5281916298969,39.5390894841606 8.52816235386838,39.5390083897701 8.5284355573535,39.5387399295085 8.52893535214968,39.5382477883264 8.52912768803399,39.5380650196228 8.52982137978619,39.5383426256923 8.53019382188929,39.538488495666 8.53005443609191,39.5389315353481 8.53012980292288,39.5390341160609 8.53057738652127,39.5396654477379 8.53112067518555,39.5397897677192 8.53214402134489,39.5400281439548 8.53223426663627,39.5400438249375 8.53239304255256,39.5400803702882 8.53278038357921,39.539952180963 8.53248198906594,39.5399324730823 8.5322434154463,39.5396572303195 8.53218968832298,39.5396102865727 8.53190097952137,39.5392717691279 8.53163899001138,39.5389802482473 8.53151719338257,39.5386263194144 8.53172476065549,39.5378424412582 8.53181759348863,39.5375074524566 8.52975353109323,39.5373509577435 8.52828031533421,39.5372428611288 8.52712039801239,39.5369804591465 8.52647371296379,39.5366729432274 8.52573666743716,39.5379454507516 8.52578787945792,39.5379747090273</coordinates>
            </LinearRing>
          </outerBoundaryIs>
        </Polygon>
      </Placemark>
      <Placemark xmlns="http://www.opengis.net/kml/2.2">
        <styleUrl>#Parti singole_style_map</styleUrl>
        <name>T00012</name>
        <Polygon>
          <outerBoundaryIs>
            <LinearRing>
              <coordinates>8.52712039801239,39.5369804591465 8.52828031533421,39.5372428611288 8.52975353109323,39.5373509577435 8.53181759348863,39.5375074524566 8.53172476065549,39.5378424412582 8.53151719338257,39.5386263194144 8.53163899001138,39.5389802482473 8.53190097952137,39.5392717691279 8.53218968832298,39.5396102865727 8.5322434154463,39.5396572303195 8.53248198906594,39.5399324730823 8.53278038357921,39.539952180963 8.53360958852085,39.539685997938 8.53400547731163,39.5398952921719 8.53475808525653,39.5402956270302 8.53484666192712,39.5403365100875 8.53509017482775,39.5407557877063 8.53502066424587,39.5411585125534 8.5350196905105,39.541311287076 8.5352536960715,39.5415062602051 8.53560076590748,39.5416149069388 8.53612367324137,39.5416386933912 8.53637910323425,39.5416962438417 8.53676396079715,39.5420412696193 8.53696062465856,39.5425903477451 8.53706838032248,39.5427543319937 8.53714321108174,39.5428154316417 8.53734162312428,39.5429200927638 8.53783982624836,39.5430783146655 8.53836908710723,39.543053073335 8.53899275824463,39.5430778600619 8.5395021843519,39.5432871986943 8.53986116204333,39.5436055852742 8.5400089937222,39.5436781540383 8.54012828779782,39.5438849439425 8.54024631614763,39.5441936260034 8.54032515255883,39.5442850049941 8.54090406544339,39.5445179130594 8.5413208786642,39.5445263447075 8.54173611676586,39.5444593796056 8.5426310247383,39.5444802611074 8.54312479055097,39.5445981849352 8.54371993672235,39.5447195324637 8.54419273523114,39.5448586786989 8.54437577740992,39.5448692361677 8.54463591584036,39.544919722885 8.54491706246881,39.5448578520154 8.54514296240949,39.5447480366305 8.54573219367842,39.5446708090912 8.54614589670291,39.5446852751939 8.54657561682086,39.5446670950276 8.54674932030604,39.54473918858 8.54685385531228,39.5448584781882 8.54682295121171,39.5447591904169 8.54678867518386,39.5445396742639 8.546595169728,39.5444131714477 8.5464037798896,39.5443478834344 8.5462675508821,39.5442901810355 8.54593679787669,39.5440323115016 8.54584401155205,39.5438714755238 8.54580614521246,39.5436694519992 8.54557208654523,39.5433771347627 8.54548283054926,39.5433496194771 8.54541991350411,39.5433840538215 8.54540042690319,39.5434668181152 8.54543464624297,39.5436728821308 8.54526452758099,39.5437848537432 8.54486464538306,39.5438627580551 8.54460478028719,39.543836889018 8.54408833664273,39.5436441331217 8.54355711034933,39.5433279840459 8.54337544600932,39.5431913858249 8.54305149652248,39.5429100269738 8.54298328253338,39.5428063385049 8.54300654429144,39.5426257737976 8.54339748974289,39.541925905647 8.54341385430049,39.5418545724627 8.5430217551435,39.5411558682977 8.54236203905053,39.5408402081767 8.54189148534784,39.5406192679047 8.54183878230367,39.5405924436174 8.5417596958246,39.5405906629306 8.54150986131876,39.5407365806915 8.54097593475433,39.5408051303875 8.54063042927526,39.5409613993454 8.54039293185999,39.5410747912929 8.54034552045679,39.5411577956535 8.54117779649109,39.5418096470817 8.54146239159386,39.5421115164038 8.54116883504107,39.5424931230219 8.54099913769091,39.5425194112605 8.54049541169206,39.5423105792612 8.54031444071087,39.5420649905645 8.54017134555912,39.5419347300406 8.53980120077393,39.5416008474506 8.5397296748156,39.5413618274389 8.53951416259032,39.5409096478425 8.53954581179639,39.5401500978469 8.5395034075143,39.5399633626692 8.53921368771834,39.5396700279155 8.5389700389265,39.5393260843087 8.53886535384884,39.5392467926322 8.5384564150778,39.5393894590633 8.53832346782399,39.5393903542941 8.53825351216762,39.5393508273715 8.53820433113634,39.5392460043421 8.53821012838234,39.5391158557235 8.53807904992515,39.5388596854965 8.5380212632578,39.5388049614163 8.53778077628185,39.5387626383531 8.53752752281171,39.5387782992439 8.53745323348708,39.5387484046032 8.53739393383495,39.5386867903231 8.53740841832217,39.5386032325113 8.53762896455461,39.538376573822 8.53767069789714,39.5383199480855 8.53760004193601,39.5382143635273 8.53732521545104,39.5380952162074 8.53712703588408,39.5379996563183 8.5367874443433,39.5377627734074 8.53669411873333,39.5377328744388 8.53649900037507,39.5377843376199 8.5363751713973,39.5378685761784 8.53627270787547,39.5379544677008 8.53625907587437,39.5379989511456 8.53620765781668,39.5381065359557 8.53622150566873,39.5381816559929 8.53621107076783,39.5382213407007 8.53617566913397,39.5382828477449 8.53605174674615,39.5383774203805 8.53589914820138,39.5384549209309 8.53566530258505,39.5385740123644 8.53549790929225,39.5388194861454 8.53539926510341,39.5388401125998 8.53527969172098,39.5388651153237 8.53517828561518,39.5388863162079 8.53516441669046,39.5388563375282 8.53464333460374,39.5385277900351 8.53402986285089,39.5381468081081 8.53357738562897,39.5378623570931 8.53273111230637,39.537335376475 8.5322894222629,39.5370542255498 8.53220918516024,39.537006102814 8.5318152814512,39.5367522905448 8.5311650132834,39.536345069321 8.53068680070628,39.5360461497275 8.52985986468626,39.5355260110088 8.52889885805525,39.5349212926597 8.52864148258004,39.5347861302171 8.52817484863385,39.5345212070413 8.52797148945786,39.5340978789997 8.52796039960828,39.5340945361621 8.52647371296379,39.5366729432274 8.52712039801239,39.5369804591465</coordinates>
            </LinearRing>
          </outerBoundaryIs>
          <innerBoundaryIs>
            <LinearRing>
              <coordinates>8.54566444222354,39.5436661766379 8.54576882989145,39.5436594758399 8.54577136582164,39.5437256392741 8.54566806858,39.543727514827 8.54566444222354,39.5436661766379</coordinates>
            </LinearRing>
          </innerBoundaryIs>
        </Polygon>
      </Placemark>
      <Placemark xmlns="http://www.opengis.net/kml/2.2">
        <styleUrl>#Parti singole_style_map</styleUrl>
        <name>T00008</name>
        <Polygon>
          <outerBoundaryIs>
            <LinearRing>
              <coordinates>8.53359706400095,39.5400061102242 8.53383804149632,39.5401075243664 8.53418639897934,39.5401649660228 8.53452341521273,39.5402844150373 8.53484666192712,39.5403365100875 8.53475808525653,39.5402956270302 8.53400547731163,39.5398952921719 8.53360958852085,39.539685997938 8.53278038357921,39.539952180963 8.53359706400095,39.5400061102242</coordinates>
            </LinearRing>
          </outerBoundaryIs>
        </Polygon>
      </Placemark>
      <Placemark xmlns="http://www.opengis.net/kml/2.2">
        <styleUrl>#Parti singole_style_map</styleUrl>
        <name>T00009</name>
        <Polygon>
          <outerBoundaryIs>
            <LinearRing>
              <coordinates>8.53980120077393,39.5416008474506 8.54017134555912,39.5419347300406 8.54031444071087,39.5420649905645 8.54049541169206,39.5423105792612 8.54099913769091,39.5425194112605 8.54116883504107,39.5424931230219 8.54146239159386,39.5421115164038 8.54117779649109,39.5418096470817 8.54034552045679,39.5411577956535 8.54024489295753,39.5413339719699 8.54016764522585,39.5414360230224 8.54008751367886,39.5414548976481 8.53997705281258,39.5414635515596 8.53985859858728,39.5414402772796 8.5397296748156,39.5413618274389 8.53980120077393,39.5416008474506</coordinates>
            </LinearRing>
          </outerBoundaryIs>
        </Polygon>
      </Placemark>
      <Placemark xmlns="http://www.opengis.net/kml/2.2">
        <styleUrl>#Parti singole_style_map</styleUrl>
        <name>T00010</name>
        <Polygon>
          <outerBoundaryIs>
            <LinearRing>
              <coordinates>8.54566806858,39.543727514827 8.54577136582164,39.5437256392741 8.54576882989145,39.5436594758399 8.54566444222354,39.5436661766379 8.54566806858,39.543727514827</coordinates>
            </LinearRing>
          </outerBoundaryIs>
        </Polygon>
      </Placemark>
      <Placemark xmlns="http://www.opengis.net/kml/2.2">
        <styleUrl>#Parti singole_style_map</styleUrl>
        <name>T00089</name>
        <Polygon>
          <outerBoundaryIs>
            <LinearRing>
              <coordinates>8.52109616799604,39.5358216509041 8.5214976928658,39.5363671669432 8.5218166489205,39.536801091598 8.522123541159,39.5371435292985 8.52224159123713,39.5372712672608 8.52233061164481,39.5373560958532 8.52270562503845,39.5377689031669 8.52263219199681,39.537823978616 8.52287151015522,39.5378397478518 8.52369085697547,39.5376896295273 8.52375037799865,39.5376778448649 8.52396097643182,39.537668085076 8.52417901175641,39.537627513151 8.52452505638769,39.5376900650879 8.52470816793031,39.5376667931176 8.52505919535033,39.5377001074447 8.52559093723657,39.5378621771843 8.52573666743716,39.5379454507516 8.52647371296379,39.5366729432274 8.52568590372366,39.536294008568 8.52479224084218,39.5358698453595 8.52455528203381,39.5358622350476 8.52398402465037,39.5361757510431 8.52323301584831,39.5365958751073 8.52268640600666,39.5365798083123 8.52265799788489,39.5362000249296 8.52264020987262,39.5360788895479 8.52273480992296,39.535991238745 8.52296450889652,39.5360326656078 8.5226328804265,39.5355218702039 8.52228657927946,39.5354629066863 8.52134888017403,39.5353046909132 8.52109616799604,39.5358216509041</coordinates>
            </LinearRing>
          </outerBoundaryIs>
        </Polygon>
      </Placemark>
      <Placemark xmlns="http://www.opengis.net/kml/2.2">
        <styleUrl>#Parti singole_style_map</styleUrl>
        <name>T00090</name>
        <Polygon>
          <outerBoundaryIs>
            <LinearRing>
              <coordinates>8.52265799788489,39.5362000249296 8.52268640600666,39.5365798083123 8.52323301584831,39.5365958751073 8.52398402465037,39.5361757510431 8.52455528203381,39.5358622350476 8.52385489979767,39.5358397235534 8.52353563516068,39.5359105867523 8.52302489606402,39.5360267505684 8.52296450889652,39.5360326656078 8.52273480992296,39.535991238745 8.52264020987262,39.5360788895479 8.52265799788489,39.5362000249296</coordinates>
            </LinearRing>
          </outerBoundaryIs>
        </Polygon>
      </Placemark>
      <Placemark xmlns="http://www.opengis.net/kml/2.2">
        <styleUrl>#Parti singole_style_map</styleUrl>
        <name>T00124</name>
        <Polygon>
          <outerBoundaryIs>
            <LinearRing>
              <coordinates>8.51773051100551,39.5271450718979 8.51776849277596,39.5271611237639 8.51778741421358,39.5271371628243 8.51778782202753,39.5271236310404 8.51775912539674,39.5271108794597 8.51773051100551,39.5271450718979</coordinates>
            </LinearRing>
          </outerBoundaryIs>
        </Polygon>
      </Placemark>
      <Placemark xmlns="http://www.opengis.net/kml/2.2">
        <styleUrl>#Parti singole_style_map</styleUrl>
        <name>T00125</name>
        <Polygon>
          <outerBoundaryIs>
            <LinearRing>
              <coordinates>8.51819886512177,39.5268119763422 8.51834848963627,39.5267043470619 8.51831523333824,39.5266762862231 8.51827169418578,39.526710137587 8.51816497394129,39.5267865528468 8.51819886512177,39.5268119763422</coordinates>
            </LinearRing>
          </outerBoundaryIs>
        </Polygon>
      </Placemark>
      <Placemark xmlns="http://www.opengis.net/kml/2.2">
        <styleUrl>#Parti singole_style_map</styleUrl>
        <name>T00126</name>
        <Polygon>
          <outerBoundaryIs>
            <LinearRing>
              <coordinates>8.51857456123286,39.5269897485922 8.51862482137115,39.5269278578707 8.51858482812997,39.5269082298665 8.51853413848659,39.5269699746257 8.51857456123286,39.5269897485922</coordinates>
            </LinearRing>
          </outerBoundaryIs>
        </Polygon>
      </Placemark>
      <Placemark xmlns="http://www.opengis.net/kml/2.2">
        <styleUrl>#Parti singole_style_map</styleUrl>
        <name>T02580</name>
        <Polygon>
          <outerBoundaryIs>
            <LinearRing>
              <coordinates>8.51746584057173,39.5306854716505 8.51752749689157,39.5305494830434 8.51811190476202,39.5296696835725 8.51838969573969,39.5291990653661 8.51788537923355,39.5291967389742 8.51746315957653,39.5292618782142 8.51746584057173,39.5306854716505</coordinates>
            </LinearRing>
          </outerBoundaryIs>
        </Polygon>
      </Placemark>
      <Placemark xmlns="http://www.opengis.net/kml/2.2">
        <styleUrl>#Parti singole_style_map</styleUrl>
        <name>T02581</name>
        <Polygon>
          <outerBoundaryIs>
            <LinearRing>
              <coordinates>8.51746315957653,39.5292618782142 8.51788537923355,39.5291967389742 8.51838969573969,39.5291990653661 8.51844641912164,39.5291029533917 8.51851747759767,39.5290252728145 8.51871395800481,39.5289114310042 8.51890903245636,39.5288376518474 8.51894615825599,39.5288059722122 8.51895955952818,39.5287136721175 8.51892576499416,39.5284803365269 8.51887123801249,39.5283950714491 8.51873574409194,39.5282472007042 8.51861054858272,39.5281615165377 8.51844369285991,39.5279371171111 8.51803872360185,39.5280663031367 8.51760606193521,39.5278375105489 8.51746029047625,39.5277444773844 8.51746315957653,39.5292618782142</coordinates>
            </LinearRing>
          </outerBoundaryIs>
        </Polygon>
      </Placemark>
      <Placemark xmlns="http://www.opengis.net/kml/2.2">
        <styleUrl>#Parti singole_style_map</styleUrl>
        <name>T02582</name>
        <Polygon>
          <outerBoundaryIs>
            <LinearRing>
              <coordinates>8.51451334228947,39.5261192993416 8.5150398056377,39.5290072191807 8.51746584057173,39.5306854716505 8.51746315957653,39.5292618782142 8.51743018472283,39.5292669671985 8.51717809961468,39.5292476647628 8.51653628997819,39.5292333538787 8.5160618311896,39.5290834109564 8.51577311164618,39.5286551284536 8.5158874908522,39.5280935606143 8.51590349060539,39.527743432881 8.51582726381474,39.5273139994898 8.51567781190705,39.5271216011402 8.51540662273572,39.5268792822794 8.51526814666487,39.5267902593497 8.51465186529009,39.5264166866666 8.51451334228947,39.5261192993416</coordinates>
            </LinearRing>
          </outerBoundaryIs>
        </Polygon>
      </Placemark>
      <Placemark xmlns="http://www.opengis.net/kml/2.2">
        <styleUrl>#Parti singole_style_map</styleUrl>
        <name>T02583</name>
        <Polygon>
          <outerBoundaryIs>
            <LinearRing>
              <coordinates>8.51438134321583,39.5253952470797 8.51451334228947,39.5261192993416 8.51465186529009,39.5264166866666 8.51526814666487,39.5267902593497 8.51540662273572,39.5268792822794 8.51567781190705,39.5271216011402 8.51582726381474,39.5273139994898 8.51590349060539,39.527743432881 8.5158874908522,39.5280935606143 8.51577311164618,39.5286551284536 8.5160618311896,39.5290834109564 8.51653628997819,39.5292333538787 8.51717809961468,39.5292476647628 8.51743018472283,39.5292669671985 8.51746315957653,39.5292618782142 8.51746029047625,39.5277444773844 8.51760606193521,39.5278375105489 8.51757480576116,39.5277726146804 8.51772242273032,39.5271604819773 8.51774627973711,39.5271412268947 8.51784888502507,39.5267634993731 8.51783450522905,39.5266725887804 8.51783775093932,39.5261935603647 8.51768821413599,39.5261759731461 8.51755796037976,39.5261342731552 8.51746300377952,39.5260762037632 8.51738913329443,39.5259772880843 8.51736234259571,39.5258574478266 8.51737080983596,39.5255555656661 8.51735698695499,39.5254549261801 8.51731660732684,39.5253149184334 8.51721829557492,39.5251636502993 8.51717653468719,39.5251373918849 8.51711163627616,39.5251391314091 8.51706145400495,39.5251847492046 8.51697383401627,39.5253088532632 8.51691806922963,39.5253608450985 8.51662636377665,39.5255353776094 8.51644275620042,39.5256008031214 8.51602473486932,39.5257177189016 8.51590929998169,39.5257170126254 8.51577067643402,39.5256946388981 8.51541619512111,39.5256051930154 8.51501915833671,39.525533652068 8.51448750222025,39.5253796164583 8.51438134321583,39.5253952470797</coordinates>
            </LinearRing>
          </outerBoundaryIs>
        </Polygon>
      </Placemark>
      <Placemark xmlns="http://www.opengis.net/kml/2.2">
        <styleUrl>#Parti singole_style_map</styleUrl>
        <name>T02619</name>
        <Polygon>
          <outerBoundaryIs>
            <LinearRing>
              <coordinates>8.51762082176251,39.5278281650888 8.51802529810858,39.5280711400246 8.51809319068839,39.528049040124 8.5184555710988,39.5279356075725 8.51838548902658,39.5278116325831 8.51834608460576,39.5277236097277 8.51833788739045,39.5276706492146 8.51833373884527,39.5275807181929 8.51833796748146,39.5274419950713 8.51835228974754,39.527403355205 8.51840882574535,39.5272971148578 8.51855122108813,39.5270941894066 8.51873639159733,39.5268870259577 8.51881512320084,39.5267997179083 8.51889108309284,39.5267110738089 8.51889966729746,39.5266979362973 8.51902050778191,39.5265563171882 8.51916987690685,39.5263927137665 8.51931095530314,39.5262923732368 8.51947124154544,39.5262309464144 8.51952389177662,39.526210314362 8.51961297663963,39.5261719294945 8.51967223561285,39.5261343853303 8.51966568532842,39.5261023085846 8.51965391406951,39.5260731656286 8.51957329382711,39.5260128325819 8.51946019887275,39.5259578794441 8.51943384814898,39.5259542113581 8.51936074312591,39.5259547558542 8.51928954655052,39.525973797351 8.51924571985074,39.5259870683561 8.51918141125617,39.5260111300039 8.51908755641914,39.5260460979079 8.51884359453111,39.5260634776416 8.51867615061238,39.5260831111727 8.51841248451287,39.5261805009593 8.51810805201268,39.5262034851202 8.5178523147735,39.5261923053126 8.51784324829551,39.5266701472385 8.51785282093194,39.5267361243839 8.51775912539674,39.5271108794597 8.51778782202753,39.5271236310404 8.51778741421358,39.5271371628243 8.51776849277596,39.5271611237639 8.51773051100551,39.5271450718979 8.51758340168783,39.5277679199719 8.51762082176251,39.5278281650888</coordinates>
            </LinearRing>
          </outerBoundaryIs>
          <innerBoundaryIs>
            <LinearRing>
              <coordinates>8.51853413848659,39.5269699746257 8.51858482812997,39.5269082298665 8.51862482137115,39.5269278578707 8.51857456123286,39.5269897485922 8.51853413848659,39.5269699746257</coordinates>
            </LinearRing>
          </innerBoundaryIs>
          <innerBoundaryIs>
            <LinearRing>
              <coordinates>8.51816497394129,39.5267865528468 8.51827169418578,39.526710137587 8.51831523333824,39.5266762862231 8.51834848963627,39.5267043470619 8.51819886512177,39.5268119763422 8.51816497394129,39.5267865528468</coordinates>
            </LinearRing>
          </innerBoundaryIs>
          <innerBoundaryIs>
            <LinearRing>
              <coordinates>8.51779378919156,39.5277020632493 8.51792392731225,39.5276600387525 8.51798428570391,39.5277783602525 8.51793131191614,39.527795070774 8.51789978982297,39.5277399770981 8.51782706061467,39.5277615972849 8.51779378919156,39.5277020632493</coordinates>
            </LinearRing>
          </innerBoundaryIs>
          <innerBoundaryIs>
            <LinearRing>
              <coordinates>8.5180507230735,39.5276768318089 8.51810794205884,39.5276668066563 8.51815418409429,39.5278068257046 8.51822434882463,39.527841111434 8.51818174068762,39.5278941716688 8.51810906016446,39.5278643653414 8.5180507230735,39.5276768318089</coordinates>
            </LinearRing>
          </innerBoundaryIs>
        </Polygon>
      </Placemark>
      <Placemark xmlns="http://www.opengis.net/kml/2.2">
        <styleUrl>#Parti singole_style_map</styleUrl>
        <name>T00138</name>
        <Polygon>
          <outerBoundaryIs>
            <LinearRing>
              <coordinates>8.49054047301171,39.5182169698612 8.49075286565184,39.5181070742982 8.49078157046312,39.5181414032685 8.49083244111322,39.5181178570464 8.49077154852513,39.5180498235876 8.49050359610287,39.5181770276083 8.49054047301171,39.5182169698612</coordinates>
            </LinearRing>
          </outerBoundaryIs>
        </Polygon>
      </Placemark>
      <Placemark xmlns="http://www.opengis.net/kml/2.2">
        <styleUrl>#Parti singole_style_map</styleUrl>
        <name>T00140</name>
        <Polygon>
          <outerBoundaryIs>
            <LinearRing>
              <coordinates>8.49670862813702,39.5205676430083 8.49693149502792,39.5206164080629 8.496951937863,39.5205693816865 8.49694810381625,39.5205686712895 8.49694245492736,39.5205808467851 8.49676573963477,39.5205481938971 8.49675908427774,39.5205724658684 8.49670944324451,39.5205627088906 8.49670862813702,39.5205676430083</coordinates>
            </LinearRing>
          </outerBoundaryIs>
        </Polygon>
      </Placemark>
      <Placemark xmlns="http://www.opengis.net/kml/2.2">
        <styleUrl>#Parti singole_style_map</styleUrl>
        <name>T00141</name>
        <Polygon>
          <outerBoundaryIs>
            <LinearRing>
              <coordinates>8.49696264439568,39.5203835904268 8.49702743925657,39.5203956474672 8.49705391556932,39.5203347172563 8.49699492672007,39.5203193425464 8.49706451475998,39.5201315175963 8.49704893845996,39.5201281073334 8.49702056697136,39.5202098431545 8.49700035467824,39.5202700796579 8.49696264439568,39.5203835904268</coordinates>
            </LinearRing>
          </outerBoundaryIs>
        </Polygon>
      </Placemark>
      <Placemark xmlns="http://www.opengis.net/kml/2.2">
        <styleUrl>#Parti singole_style_map</styleUrl>
        <name>T00142</name>
        <Polygon>
          <outerBoundaryIs>
            <LinearRing>
              <coordinates>8.49662033704413,39.5202602882322 8.49668650387385,39.5202676029748 8.4968385984414,39.5202845344774 8.49685392028695,39.5202410179755 8.49687244514539,39.520179260457 8.49696601330096,39.5199072569819 8.497045682718,39.5199231717632 8.49700815902391,39.5200382691764 8.49706880322828,39.519859722148 8.49697701304836,39.5198468184031 8.49681467112126,39.5202808357224 8.49662454862219,39.5202473856987 8.49662033704413,39.5202602882322</coordinates>
            </LinearRing>
          </outerBoundaryIs>
        </Polygon>
      </Placemark>
      <Placemark xmlns="http://www.opengis.net/kml/2.2">
        <styleUrl>#Parti singole_style_map</styleUrl>
        <name>T00143</name>
        <Polygon>
          <outerBoundaryIs>
            <LinearRing>
              <coordinates>8.49641519037552,39.5204448582821 8.4964557424002,39.5203181689196 8.49646451775162,39.5202919328964 8.49652331330561,39.5203018377798 8.49652552167755,39.5202940714543 8.49644731606065,39.5202800097756 8.49639095790638,39.5204399146945 8.49641519037552,39.5204448582821</coordinates>
            </LinearRing>
          </outerBoundaryIs>
        </Polygon>
      </Placemark>
      <Placemark xmlns="http://www.opengis.net/kml/2.2">
        <styleUrl>#Parti singole_style_map</styleUrl>
        <name>T00149</name>
        <Polygon>
          <outerBoundaryIs>
            <LinearRing>
              <coordinates>8.49288928030404,39.5157584661168 8.49298336156287,39.5157722120342 8.49299438472232,39.5157297224455 8.49290013335509,39.5157153811137 8.49288928030404,39.5157584661168</coordinates>
            </LinearRing>
          </outerBoundaryIs>
        </Polygon>
      </Placemark>
      <Placemark xmlns="http://www.opengis.net/kml/2.2">
        <styleUrl>#Parti singole_style_map</styleUrl>
        <name>T00150</name>
        <Polygon>
          <outerBoundaryIs>
            <LinearRing>
              <coordinates>8.49384312306666,39.5156589442724 8.49384757082684,39.5156840303494 8.49386733035131,39.5157151569773 8.49390322115792,39.5157323878903 8.49394146845865,39.5157406998349 8.49400617763207,39.5157254389091 8.49403302471904,39.5157032823424 8.49404468115388,39.5156792305162 8.49404346767334,39.5156428776177 8.49403432873926,39.5156182036112 8.49401300782538,39.5155986394558 8.49397343106324,39.5155827801093 8.49394199956532,39.5155794445297 8.49390234637776,39.515585326718 8.49387608387982,39.5155990701671 8.4938466532741,39.5156293697771 8.49384312306666,39.5156589442724</coordinates>
            </LinearRing>
          </outerBoundaryIs>
        </Polygon>
      </Placemark>
      <Placemark xmlns="http://www.opengis.net/kml/2.2">
        <styleUrl>#Parti singole_style_map</styleUrl>
        <name>T00148</name>
        <Polygon>
          <outerBoundaryIs>
            <LinearRing>
              <coordinates>8.4888614641956,39.5182403015224 8.48895553510537,39.5183716081707 8.48906589794445,39.5185578141333 8.4891080227139,39.5186879641081 8.48918252328531,39.5189594389711 8.48924464807848,39.5191989178179 8.48930081465862,39.5192196361744 8.48976643155794,39.5191682690878 8.48982660467272,39.5191979159838 8.48992348901741,39.5192011706679 8.49011033743752,39.5192726317682 8.49026247844866,39.519211128323 8.49062922571722,39.5192274688706 8.49077533097779,39.5191082903271 8.49071340406916,39.5189078818546 8.49086547004011,39.51879914524 8.4908041617051,39.5189312109451 8.49087051173801,39.5191170060119 8.49075253082615,39.519214710257 8.49063329271667,39.5193045158367 8.49145278537487,39.5192111553038 8.49608730364638,39.5213229956611 8.4965410950043,39.5216713465246 8.49810795975458,39.5219229368267 8.4993836379665,39.5217027062121 8.49925336338637,39.5202727583308 8.50008955779967,39.5195751594592 8.50052592294432,39.5191292870877 8.50039033938843,39.5188687835694 8.50040830661197,39.5186457835232 8.50043720015834,39.5184727295673 8.50039829934863,39.5183491750439 8.50034461500476,39.518139283168 8.50006007430364,39.5179962906821 8.49983388509046,39.517863424054 8.49969812928486,39.5177815484162 8.49930266330914,39.5175484146587 8.49922924839968,39.5174055009739 8.49917504532638,39.5172505692157 8.49911235329061,39.5170741652876 8.49904199630636,39.5170351716118 8.49907005472833,39.5169365936167 8.49904967286094,39.5169237020681 8.49901887118906,39.5169653320481 8.49886434314991,39.5168994759045 8.4989237502347,39.516815891183 8.49899835887073,39.5168476049123 8.49889419693643,39.5167923008439 8.49874423356644,39.5167938253465 8.49858339480474,39.516699721291 8.49843945604696,39.5166739881701 8.49823294030405,39.5165289763532 8.49812927695371,39.5163948965634 8.4981126096994,39.5162103203207 8.49804408997646,39.5161199481437 8.49792873870483,39.5159936115879 8.49776535767527,39.5158910977915 8.49777292179949,39.5158084067789 8.49768016061696,39.5158696092451 8.49759404599926,39.5158156524982 8.49767683249048,39.5157390263591 8.49758788063408,39.5156849221836 8.4974789628381,39.5156991018555 8.497200404398,39.5156868949445 8.49691250427355,39.5155812820117 8.49675856781496,39.5155550259669 8.49642734704905,39.5154849050148 8.49618449304247,39.5154547667324 8.49600267183899,39.5153691278983 8.49576452810473,39.515236318595 8.4954995401207,39.515133531737 8.49525226249466,39.5150269467897 8.49518980918369,39.5150151602339 8.49491850282148,39.5150300193341 8.49445656815209,39.5149693889046 8.4943011132724,39.5149667390401 8.49423099885141,39.5149847517786 8.49424028063467,39.5150089758784 8.49431862278582,39.515213373563 8.49433008238727,39.5152741439675 8.4943410416601,39.5153124855153 8.49350710790405,39.5154709301766 8.49352354221275,39.5155225858857 8.49343412913859,39.5155388200612 8.4934180379777,39.5154879767644 8.49297740037286,39.5155730310165 8.49297224157244,39.5155689718795 8.49296025095066,39.5155317790247 8.49293825791635,39.5155374856742 8.49291398861137,39.5154595306134 8.49289648865217,39.5154632655877 8.49285197124859,39.5153718508161 8.49284521818043,39.515347088018 8.49261699304947,39.5153898815831 8.49259253564842,39.5153154486661 8.49270305813992,39.5152950184104 8.4926341220379,39.5151574632137 8.4926182808617,39.5151794332603 8.49253983870106,39.5152227185819 8.4922691408045,39.5153119543101 8.49206798531984,39.515619723325 8.49185428466557,39.5158959820894 8.49161890135712,39.5161494756082 8.49154590280557,39.5162771296209 8.49147522622348,39.5163463979045 8.49120716319108,39.5164977958081 8.49096226929389,39.516577941942 8.49087139286241,39.5166668268936 8.49076102200483,39.5168396655078 8.49061671896118,39.5170598936379 8.49054297970136,39.5171818672504 8.49042358984357,39.517294459067 8.49032228806454,39.5175233541316 8.49023413634512,39.5176100249737 8.49011670819796,39.5177023698925 8.48998754461484,39.5177577479238 8.48983589848232,39.5178044943141 8.48966638122021,39.5178245094982 8.48942501213914,39.5177910568345 8.48936426188566,39.5177879695868 8.48930805883566,39.5177946064025 8.48924967570595,39.5178304450344 8.48912483283886,39.5179707452595 8.48903646189434,39.518026743121 8.48894521311199,39.5180975952665 8.48885640640433,39.5182050309341 8.4888614641956,39.5182403015224</coordinates>
            </LinearRing>
          </outerBoundaryIs>
          <innerBoundaryIs>
            <LinearRing>
              <coordinates>8.49640925827986,39.5177949902179 8.49646515364937,39.5177551726611 8.49648135730391,39.5177698936646 8.49642290678624,39.517807519657 8.49640925827986,39.5177949902179</coordinates>
            </LinearRing>
          </innerBoundaryIs>
          <innerBoundaryIs>
            <LinearRing>
              <coordinates>8.49630691831655,39.5158202154243 8.49636080065148,39.5158188902534 8.49636441510798,39.5158612183674 8.49630915799623,39.5158628259092 8.49630691831655,39.5158202154243</coordinates>
            </LinearRing>
          </innerBoundaryIs>
          <innerBoundaryIs>
            <LinearRing>
              <coordinates>8.49475199456774,39.5153004247106 8.49483421990458,39.5153095853768 8.49482803275799,39.5153446716746 8.49474513432714,39.5153368866549 8.49475199456774,39.5153004247106</coordinates>
            </LinearRing>
          </innerBoundaryIs>
          <innerBoundaryIs>
            <LinearRing>
              <coordinates>8.49697861503108,39.5206949837778 8.49704534950414,39.5207139781345 8.49702478537003,39.520756859259 8.4969595791472,39.5207372768281 8.49697861503108,39.5206949837778</coordinates>
            </LinearRing>
          </innerBoundaryIs>
          <innerBoundaryIs>
            <LinearRing>
              <coordinates>8.49744698719337,39.5197572987787 8.49750257730033,39.5197744696304 8.49747526821431,39.5198331978324 8.49741677251883,39.5198172397991 8.49744698719337,39.5197572987787</coordinates>
            </LinearRing>
          </innerBoundaryIs>
          <innerBoundaryIs>
            <LinearRing>
              <coordinates>8.49290013335509,39.5157153811137 8.49299438472232,39.5157297224455 8.49298336156287,39.5157722120342 8.49288928030404,39.5157584661168 8.49290013335509,39.5157153811137</coordinates>
            </LinearRing>
          </innerBoundaryIs>
          <innerBoundaryIs>
            <LinearRing>
              <coordinates>8.49732377865083,39.5199582902876 8.49736578114147,39.5199382979506 8.49737159238117,39.5199213386606 8.49741700980888,39.5199343478255 8.49740884005348,39.5199508734291 8.49742868574105,39.5199752781162 8.49735678896361,39.5200059354798 8.49732377865083,39.5199582902876</coordinates>
            </LinearRing>
          </innerBoundaryIs>
          <innerBoundaryIs>
            <LinearRing>
              <coordinates>8.49735056367629,39.5207673247263 8.4974266945112,39.5206755777762 8.49746536695354,39.5206947388119 8.4973894451618,39.5207865407534 8.49735056367629,39.5207673247263</coordinates>
            </LinearRing>
          </innerBoundaryIs>
          <innerBoundaryIs>
            <LinearRing>
              <coordinates>8.49490095209757,39.5166314365248 8.49498096803344,39.5166166110353 8.49500072736332,39.5166783725352 8.49491966224898,39.5166934908167 8.49490095209757,39.5166314365248</coordinates>
            </LinearRing>
          </innerBoundaryIs>
          <innerBoundaryIs>
            <LinearRing>
              <coordinates>8.49672032136387,39.515860688434 8.49681865619707,39.515863853545 8.49682127127079,39.5159189629546 8.49672371398149,39.5159176573393 8.49672032136387,39.515860688434</coordinates>
            </LinearRing>
          </innerBoundaryIs>
          <innerBoundaryIs>
            <LinearRing>
              <coordinates>8.49880252863794,39.5204039233751 8.49880777169653,39.5203785729644 8.4988604727613,39.5203850715055 8.49885930942128,39.5203915358892 8.49885394230016,39.5204163451484 8.49883804762819,39.5204927650941 8.49878499560012,39.5204865263275 8.49880252863794,39.5204039233751</coordinates>
            </LinearRing>
          </innerBoundaryIs>
          <innerBoundaryIs>
            <LinearRing>
              <coordinates>8.49822759178373,39.5180958018429 8.49828969181788,39.5180811670036 8.49833116448485,39.5181782069758 8.49826540489509,39.5181937540932 8.49822759178373,39.5180958018429</coordinates>
            </LinearRing>
          </innerBoundaryIs>
          <innerBoundaryIs>
            <LinearRing>
              <coordinates>8.49768612178801,39.5193598340611 8.49773890362879,39.5193469342599 8.49780227042577,39.5194973019762 8.49776353060286,39.5195069377116 8.49773037840664,39.5194289362802 8.49771627884815,39.5194321010081 8.49768612178801,39.5193598340611</coordinates>
            </LinearRing>
          </innerBoundaryIs>
          <innerBoundaryIs>
            <LinearRing>
              <coordinates>8.49765554696382,39.5196828025787 8.49774527941828,39.5197261607507 8.49775274493155,39.5197169394395 8.49782746461485,39.5197529703287 8.49778955772728,39.5197987500273 8.49771473721943,39.5197637909051 8.49772342527531,39.5197528178715 8.49763480160719,39.5197089599004 8.49765554696382,39.5196828025787</coordinates>
            </LinearRing>
          </innerBoundaryIs>
          <innerBoundaryIs>
            <LinearRing>
              <coordinates>8.49732699892468,39.5195054370188 8.49742125962417,39.5195467426644 8.4973739012455,39.5196173768255 8.49727661067466,39.5195783826898 8.49732699892468,39.5195054370188</coordinates>
            </LinearRing>
          </innerBoundaryIs>
          <innerBoundaryIs>
            <LinearRing>
              <coordinates>8.49715311210732,39.519737321651 8.49741637196332,39.519688895207 8.49742942748051,39.5197288763751 8.49716634724899,39.5197765737903 8.49715311210732,39.519737321651</coordinates>
            </LinearRing>
          </innerBoundaryIs>
          <innerBoundaryIs>
            <LinearRing>
              <coordinates>8.4966506483082,39.518156187614 8.4967861979054,39.5183371072597 8.49673958318822,39.5183579534136 8.49660436258867,39.5181765936347 8.4966506483082,39.518156187614</coordinates>
            </LinearRing>
          </innerBoundaryIs>
          <innerBoundaryIs>
            <LinearRing>
              <coordinates>8.49828821872048,39.5195751964991 8.49838248818371,39.519739816515 8.49832706247006,39.5197628057475 8.49822427064975,39.5195958692671 8.49828821872048,39.5195751964991</coordinates>
            </LinearRing>
          </innerBoundaryIs>
          <innerBoundaryIs>
            <LinearRing>
              <coordinates>8.49644080874913,39.520597703081 8.49645798763301,39.5205757653634 8.49647958782634,39.5205634247656 8.49650984403478,39.5205574649389 8.49654466264718,39.5205625084439 8.49657275827265,39.5205786325139 8.49658961770506,39.5206057365028 8.49658853738326,39.5206312760463 8.49658166252785,39.5206456627472 8.49656249269814,39.5206629875868 8.4965394177852,39.5206733305301 8.49651334364621,39.5206769117484 8.49648392896551,39.5206726665439 8.4964581878082,39.5206591476274 8.49644061525394,39.5206373566106 8.4964361579498,39.5206166406099 8.49644080874913,39.520597703081</coordinates>
            </LinearRing>
          </innerBoundaryIs>
          <innerBoundaryIs>
            <LinearRing>
              <coordinates>8.49573205062203,39.5205622725454 8.49585990645933,39.5205960845387 8.49587620058811,39.5205565639557 8.49594846982191,39.5205759073319 8.49593154993158,39.5206150918282 8.49595585265218,39.5206215855895 8.49592938237557,39.5206815334477 8.49570535998767,39.5206221022622 8.49573205062203,39.5205622725454</coordinates>
            </LinearRing>
          </innerBoundaryIs>
          <innerBoundaryIs>
            <LinearRing>
              <coordinates>8.49564370881646,39.5156782637223 8.49573378866713,39.5156534348998 8.49576137347845,39.5157044899531 8.49583412484847,39.5156886502146 8.49587768056649,39.5157752751966 8.49578767799538,39.5158006631049 8.49575852739982,39.5157521692022 8.49568885758508,39.5157729869548 8.49564370881646,39.5156782637223</coordinates>
            </LinearRing>
          </innerBoundaryIs>
          <innerBoundaryIs>
            <LinearRing>
              <coordinates>8.49671660638101,39.5196740440891 8.49684531860746,39.5195133711635 8.49692880478609,39.5195580995087 8.4968031748181,39.5197156592996 8.49671660638101,39.5196740440891</coordinates>
            </LinearRing>
          </innerBoundaryIs>
          <innerBoundaryIs>
            <LinearRing>
              <coordinates>8.49500434544053,39.5169111336885 8.4952238611451,39.5170321141293 8.49516610409229,39.5170960526238 8.49494557812051,39.5169748063837 8.49500434544053,39.5169111336885</coordinates>
            </LinearRing>
          </innerBoundaryIs>
          <innerBoundaryIs>
            <LinearRing>
              <coordinates>8.49626902748596,39.5175924521005 8.49647031331185,39.5177301823967 8.49640378667278,39.5177890917741 8.49620100813734,39.5176518594679 8.49626902748596,39.5175924521005</coordinates>
            </LinearRing>
          </innerBoundaryIs>
          <innerBoundaryIs>
            <LinearRing>
              <coordinates>8.49272618877574,39.5175894427258 8.49297354327306,39.5175054922702 8.49301515099215,39.5175781077652 8.49276496716899,39.5176623613148 8.49272618877574,39.5175894427258</coordinates>
            </LinearRing>
          </innerBoundaryIs>
          <innerBoundaryIs>
            <LinearRing>
              <coordinates>8.49881136239526,39.5214418048982 8.49904589825381,39.5213212494834 8.49909693155805,39.5213882990071 8.49887222859208,39.5215053018294 8.49881136239526,39.5214418048982</coordinates>
            </LinearRing>
          </innerBoundaryIs>
          <innerBoundaryIs>
            <LinearRing>
              <coordinates>8.48961755116295,39.5183572638649 8.48976586929831,39.5181678158719 8.48985139353144,39.5182082242898 8.48970132157726,39.5183973042745 8.48961755116295,39.5183572638649</coordinates>
            </LinearRing>
          </innerBoundaryIs>
          <innerBoundaryIs>
            <LinearRing>
              <coordinates>8.4938466532741,39.5156293697771 8.49387608387982,39.5155990701671 8.49390234637776,39.515585326718 8.49394199956532,39.5155794445297 8.49397343106324,39.5155827801093 8.49401300782538,39.5155986394558 8.49403432873926,39.5156182036112 8.49404346767334,39.5156428776177 8.49404468115388,39.5156792305162 8.49403302471904,39.5157032823424 8.49400617763207,39.5157254389091 8.49394146845865,39.5157406998349 8.49390322115792,39.5157323878903 8.49386733035131,39.5157151569773 8.49384757082684,39.5156840303494 8.49384312306666,39.5156589442724 8.4938466532741,39.5156293697771</coordinates>
            </LinearRing>
          </innerBoundaryIs>
          <innerBoundaryIs>
            <LinearRing>
              <coordinates>8.49409181858854,39.5154820738479 8.49414688813886,39.5154806287285 8.49414742649387,39.5154705665498 8.49416633111262,39.5154704326194 8.49416702941769,39.5154800046156 8.49444778834194,39.5154725228081 8.49444720706221,39.5155237889766 8.49444702301498,39.5155443497167 8.49410043083663,39.5155552661079 8.4940966383833,39.5155232269298 8.49409181858854,39.5154820738479</coordinates>
            </LinearRing>
          </innerBoundaryIs>
          <innerBoundaryIs>
            <LinearRing>
              <coordinates>8.49050359610287,39.5181770276083 8.49077154852513,39.5180498235876 8.49083244111322,39.5181178570464 8.49078157046312,39.5181414032685 8.49080890301258,39.5181740773298 8.49058541816306,39.518289483715 8.49052794287558,39.5182234563948 8.49054047301171,39.5182169698612 8.49050359610287,39.5181770276083</coordinates>
            </LinearRing>
          </innerBoundaryIs>
          <innerBoundaryIs>
            <LinearRing>
              <coordinates>8.49639095790638,39.5204399146945 8.49644731606065,39.5202800097756 8.49652552167755,39.5202940714543 8.49653772146443,39.5202511631746 8.49662033704413,39.5202602882322 8.49662454862219,39.5202473856987 8.49681467112126,39.5202808357224 8.49697701304836,39.5198468184031 8.49706880322828,39.519859722148 8.49700815902391,39.5200382691764 8.49698557811696,39.5201075327637 8.49705161171462,39.5201203970722 8.49704893845996,39.5201281073334 8.49706451475998,39.5201315175963 8.49699492672007,39.5203193425464 8.49705391556932,39.5203347172563 8.49702743925657,39.5203956474672 8.49703035548603,39.5203961826918 8.4969828927493,39.5205310957737 8.4970147325505,39.5205378291876 8.49700050293894,39.5205783139638 8.49697056223395,39.5205728051614 8.496951937863,39.5205693816865 8.49693149502792,39.5206164080629 8.49670862813702,39.5205676430083 8.49670944324451,39.5205627088906 8.49639711043657,39.5205013286015 8.49641519037552,39.5204448582821 8.49639095790638,39.5204399146945</coordinates>
            </LinearRing>
          </innerBoundaryIs>
        </Polygon>
      </Placemark>
      <Placemark xmlns="http://www.opengis.net/kml/2.2">
        <styleUrl>#Parti singole_style_map</styleUrl>
        <name>T02584</name>
        <Polygon>
          <outerBoundaryIs>
            <LinearRing>
              <coordinates>8.49639711043657,39.5205013286015 8.49670944324451,39.5205627088906 8.49675908427774,39.5205724658684 8.49676573963477,39.5205481938971 8.49694245492736,39.5205808467851 8.49694810381625,39.5205686712895 8.496951937863,39.5205693816865 8.49697056223395,39.5205728051614 8.49700050293894,39.5205783139638 8.4970147325505,39.5205378291876 8.4969828927493,39.5205310957737 8.49703035548603,39.5203961826918 8.49702743925657,39.5203956474672 8.49696264439568,39.5203835904268 8.49700035467824,39.5202700796579 8.49702056697136,39.5202098431545 8.49704893845996,39.5201281073334 8.49705161171462,39.5201203970722 8.49698557811696,39.5201075327637 8.49700815902391,39.5200382691764 8.497045682718,39.5199231717632 8.49696601330096,39.5199072569819 8.49687244514539,39.520179260457 8.49685392028695,39.5202410179755 8.4968385984414,39.5202845344774 8.49668650387385,39.5202676029748 8.49662033704413,39.5202602882322 8.49653772146443,39.5202511631746 8.49652552167755,39.5202940714543 8.49652331330561,39.5203018377798 8.49646451775162,39.5202919328964 8.4964557424002,39.5203181689196 8.49641519037552,39.5204448582821 8.49639711043657,39.5205013286015</coordinates>
            </LinearRing>
          </outerBoundaryIs>
        </Polygon>
      </Placemark>
      <Placemark xmlns="http://www.opengis.net/kml/2.2">
        <styleUrl>#Parti singole_style_map</styleUrl>
        <name>T02577</name>
        <Polygon>
          <outerBoundaryIs>
            <LinearRing>
              <coordinates>8.50345697656722,39.5219084325161 8.50348701886507,39.5220941192195 8.50403108385436,39.5222010170664 8.50418567774077,39.522264857298 8.50436559991307,39.5222991975229 8.50451487229159,39.5222803360236 8.50475750855529,39.5221092648188 8.50470627036013,39.5220178259972 8.50392128963009,39.5218288549926 8.50363444263182,39.5216177885676 8.50335838401553,39.5218340904666 8.50345697656722,39.5219084325161</coordinates>
            </LinearRing>
          </outerBoundaryIs>
        </Polygon>
      </Placemark>
      <Placemark xmlns="http://www.opengis.net/kml/2.2">
        <styleUrl>#Parti singole_style_map</styleUrl>
        <name>T02578</name>
        <Polygon>
          <outerBoundaryIs>
            <LinearRing>
              <coordinates>8.50301517609629,39.5217219129568 8.50322430071694,39.5217329981301 8.50335838401553,39.5218340904666 8.50363444263182,39.5216177885676 8.50392128963009,39.5218288549926 8.50470627036013,39.5220178259972 8.50464294656915,39.5219048189982 8.50443388358861,39.521582349369 8.50430999186667,39.5214238430129 8.50401253999523,39.5211009593607 8.50360657226466,39.5210030942858 8.50324191274948,39.5207835400053 8.503036121306,39.520907416541 8.50294730892495,39.5216607399234 8.50301517609629,39.5217219129568</coordinates>
            </LinearRing>
          </outerBoundaryIs>
        </Polygon>
      </Placemark>
      <Placemark xmlns="http://www.opengis.net/kml/2.2">
        <styleUrl>#Parti singole_style_map</styleUrl>
        <name>T00108</name>
        <Polygon>
          <outerBoundaryIs>
            <LinearRing>
              <coordinates>8.50198574012489,39.5234337063442 8.50405574590158,39.5241103793292 8.50528367770598,39.5245172587891 8.50640881988262,39.5248864669794 8.50829478988887,39.5254992462357 8.51177089713421,39.5267545104005 8.51226612057135,39.5262898480977 8.51253593877342,39.5260411520076 8.51275289425915,39.5258396277512 8.51318213740927,39.5254446947387 8.51310790343357,39.5253904298933 8.51303199623462,39.5252443249491 8.51307610085691,39.5251364582494 8.51311173640508,39.5250917002579 8.50983209452044,39.5239066214415 8.51019516219312,39.5232557075355 8.51007985496091,39.5232788012506 8.50997614027597,39.5232863198803 8.50470627036013,39.5220178259972 8.50475750855529,39.5221092648188 8.50451487229159,39.5222803360236 8.50436559991307,39.5222991975229 8.50418567774077,39.522264857298 8.50403108385436,39.5222010170664 8.50348701886507,39.5220941192195 8.50345697656722,39.5219084325161 8.50335838401553,39.5218340904666 8.50216217269424,39.5227713311015 8.50214249226177,39.5229318644831 8.50206562959431,39.5231135071835 8.50198574012489,39.5234337063442</coordinates>
            </LinearRing>
          </outerBoundaryIs>
          <innerBoundaryIs>
            <LinearRing>
              <coordinates>8.50235856067676,39.5228068712851 8.50245609356332,39.5228259944722 8.50238905866136,39.5230277634584 8.50229128787782,39.5230093329895 8.50235856067676,39.5228068712851</coordinates>
            </LinearRing>
          </innerBoundaryIs>
        </Polygon>
      </Placemark>
      <Placemark xmlns="http://www.opengis.net/kml/2.2">
        <styleUrl>#Parti singole_style_map</styleUrl>
        <name>T00109</name>
        <Polygon>
          <outerBoundaryIs>
            <LinearRing>
              <coordinates>8.4965410950043,39.5216713465246 8.5005443760758,39.5229625951882 8.50062243431452,39.5229880154744 8.50198574012489,39.5234337063442 8.50206562959431,39.5231135071835 8.50214249226177,39.5229318644831 8.50216217269424,39.5227713311015 8.50335838401553,39.5218340904666 8.50322430071694,39.5217329981301 8.50301517609629,39.5217219129568 8.50294730892495,39.5216607399234 8.503036121306,39.520907416541 8.50324191274948,39.5207835400053 8.50360657226466,39.5210030942858 8.50401253999523,39.5211009593607 8.50430999186667,39.5214238430129 8.50443388358861,39.521582349369 8.50464294656915,39.5219048189982 8.50470627036013,39.5220178259972 8.50997614027597,39.5232863198803 8.50988772131698,39.523254627022 8.50979365446447,39.5231575494866 8.5097083017883,39.5229232726466 8.50963287901833,39.5227312149103 8.50955059155629,39.522570691249 8.50949672774374,39.5224976154676 8.50942098583075,39.5224204286684 8.50930776113016,39.5223577793047 8.50909610511697,39.5222878029916 8.50893012951041,39.5222221641562 8.508763594697,39.5221649293376 8.50864833170755,39.5221489441146 8.50843204280752,39.5220630167686 8.50817586028643,39.5219475375001 8.50804611853176,39.5218830329317 8.50790583120079,39.5218094011527 8.50778898608164,39.5217605748068 8.50751627722938,39.5216923371931 8.50716376292934,39.5215791863791 8.50681726196234,39.5215485854559 8.50628978169449,39.5215230080821 8.50602747960806,39.5213656541905 8.50593196995333,39.5213451910562 8.50580059399337,39.5213425958812 8.50571023562004,39.5214012289601 8.50560461769026,39.5214002118449 8.50537945946281,39.5213452365378 8.50510130670977,39.521262706761 8.50481439696252,39.5211470531312 8.50438314848131,39.5208821850202 8.50424040549099,39.5208144130621 8.50408109099737,39.5207293785114 8.50398978568387,39.5206382098032 8.50395427177688,39.5205607947429 8.503955504331,39.5204889788189 8.50398457220672,39.520429229425 8.50412343030538,39.5202515262224 8.50413379929799,39.5201905796874 8.50411687646663,39.5201213082569 8.50409122580478,39.5200850854283 8.50374792877357,39.5200485332275 8.5036571283205,39.5200401982005 8.5033551502537,39.5199732854332 8.50303327803675,39.5198967268335 8.50277292932231,39.5198310808897 8.50254110591469,39.5197721070183 8.50248758173695,39.5197163382363 8.50244843109208,39.5196679023157 8.50239877871474,39.5195880294709 8.50221562635932,39.5194386196874 8.50202494065346,39.5196271901609 8.50186071244402,39.5196541747222 8.50216567923134,39.5201833061113 8.50212418064837,39.5202957661527 8.50169188811491,39.5204312116771 8.50125015079009,39.5204442550256 8.50099627227304,39.5204806566293 8.5006507075413,39.5205040041035 8.50023818623743,39.5204564667325 8.5000293204565,39.5203045191316 8.50008955779967,39.5195751594592 8.49925336338637,39.5202727583308 8.4993836379665,39.5217027062121 8.49810795975458,39.5219229368267 8.4965410950043,39.5216713465246</coordinates>
            </LinearRing>
          </outerBoundaryIs>
          <innerBoundaryIs>
            <LinearRing>
              <coordinates>8.50807996628528,39.5219714232466 8.50841267024362,39.5221143836549 8.50838582195783,39.5221518430229 8.5080528043384,39.5220088001174 8.50807996628528,39.5219714232466</coordinates>
            </LinearRing>
          </innerBoundaryIs>
          <innerBoundaryIs>
            <LinearRing>
              <coordinates>8.50016014594213,39.5216323276871 8.5003443182409,39.5217857005681 8.50027177339866,39.5218401261284 8.50008765579586,39.521687239926 8.50016014594213,39.5216323276871</coordinates>
            </LinearRing>
          </innerBoundaryIs>
          <innerBoundaryIs>
            <LinearRing>
              <coordinates>8.50508734040669,39.5219743355558 8.50536464167342,39.5220674037972 8.50535174859179,39.5220923344824 8.50536778846816,39.5220977549062 8.50535436464968,39.5221204217441 8.5053391317132,39.5221160499505 8.50532557280977,39.522139716354 8.50504579230926,39.5220451417452 8.50508734040669,39.5219743355558</coordinates>
            </LinearRing>
          </innerBoundaryIs>
          <innerBoundaryIs>
            <LinearRing>
              <coordinates>8.50080254818216,39.5205955617273 8.50111274064603,39.5206185100442 8.50110373650135,39.5207013121627 8.50079353203911,39.5206783637697 8.50080254818216,39.5205955617273</coordinates>
            </LinearRing>
          </innerBoundaryIs>
          <innerBoundaryIs>
            <LinearRing>
              <coordinates>8.50175940140099,39.5220383817724 8.50195244571638,39.5222793343058 8.50187188559766,39.5223207516533 8.50167493454634,39.5220876302069 8.50175940140099,39.5220383817724</coordinates>
            </LinearRing>
          </innerBoundaryIs>
          <innerBoundaryIs>
            <LinearRing>
              <coordinates>8.5055872571047,39.5220318147048 8.50591219684149,39.5221238319573 8.50587035375729,39.5222084499895 8.50555035260956,39.5221139397659 8.5055872571047,39.5220318147048</coordinates>
            </LinearRing>
          </innerBoundaryIs>
        </Polygon>
      </Placemark>
      <Placemark xmlns="http://www.opengis.net/kml/2.2">
        <styleUrl>#Parti singole_style_map</styleUrl>
        <name>T00130</name>
        <Polygon>
          <outerBoundaryIs>
            <LinearRing>
              <coordinates>8.5000293204565,39.5203045191316 8.50023818623743,39.5204564667325 8.5006507075413,39.5205040041035 8.50099627227304,39.5204806566293 8.50125015079009,39.5204442550256 8.50169188811491,39.5204312116771 8.50212418064837,39.5202957661527 8.50216567923134,39.5201833061113 8.50186071244402,39.5196541747222 8.50173961337514,39.5196498169701 8.50150585618061,39.5196271893479 8.50123231178828,39.5194306626141 8.50104327380201,39.5193595073043 8.50071769373686,39.5192913600216 8.50052592294432,39.5191292870877 8.50008955779967,39.5195751594592 8.5000293204565,39.5203045191316</coordinates>
            </LinearRing>
          </outerBoundaryIs>
          <innerBoundaryIs>
            <LinearRing>
              <coordinates>8.50070948024759,39.5200041484654 8.50086749466223,39.5199677861332 8.50088359358454,39.5200086990439 8.50072744956105,39.5200470426945 8.50070948024759,39.5200041484654</coordinates>
            </LinearRing>
          </innerBoundaryIs>
        </Polygon>
      </Placemark>
      <Placemark xmlns="http://www.opengis.net/kml/2.2">
        <styleUrl>#Parti singole_style_map</styleUrl>
        <name>T00131</name>
        <Polygon>
          <outerBoundaryIs>
            <LinearRing>
              <coordinates>8.48796519332703,39.5189914274383 8.48821402870818,39.5190763739009 8.48830735805206,39.5190979412378 8.48856960255042,39.5190805708737 8.48871058494197,39.5190464206828 8.48885064723329,39.5189965342723 8.48891487307534,39.5189969790398 8.48899301665847,39.5190571692826 8.48898779574456,39.5191615217356 8.48900460836371,39.5192024934837 8.48902501252547,39.5192883343439 8.48907387611286,39.5193229326032 8.48907983858937,39.5191840649172 8.48907651845783,39.5190640960713 8.48904233768263,39.5189865201477 8.48894326854119,39.5188862321083 8.48866118480174,39.5187679108374 8.48857320740146,39.5189317814904 8.4885016922702,39.5189845553657 8.48842698121634,39.5190083379687 8.48824006596105,39.5189985854763 8.4880687053839,39.5189428405318 8.48796519332703,39.5189914274383</coordinates>
            </LinearRing>
          </outerBoundaryIs>
        </Polygon>
      </Placemark>
      <Placemark xmlns="http://www.opengis.net/kml/2.2">
        <styleUrl>#Parti singole_style_map</styleUrl>
        <name>T00132</name>
        <Polygon>
          <outerBoundaryIs>
            <LinearRing>
              <coordinates>8.49826540489509,39.5181937540932 8.49833116448485,39.5181782069758 8.49828969181788,39.5180811670036 8.49822759178373,39.5180958018429 8.49826540489509,39.5181937540932</coordinates>
            </LinearRing>
          </outerBoundaryIs>
        </Polygon>
      </Placemark>
      <Placemark xmlns="http://www.opengis.net/kml/2.2">
        <styleUrl>#Parti singole_style_map</styleUrl>
        <name>T00133</name>
        <Polygon>
          <outerBoundaryIs>
            <LinearRing>
              <coordinates>8.48824461927843,39.5189266762383 8.48839646536294,39.5189355714797 8.48846840094293,39.518917444159 8.48851360597617,39.5188766553086 8.48856218042124,39.5187334160363 8.48859988130261,39.518662553741 8.48854751779169,39.5183456648849 8.48854857302198,39.5182510252333 8.48852992355822,39.5181465496697 8.48865986975432,39.5179308652645 8.48892775374226,39.5177371781073 8.48910387251606,39.5176021764098 8.4891977624204,39.5175629078766 8.48942539226702,39.517550221894 8.48952654189751,39.5175727867283 8.48959657674887,39.5175534519779 8.48973131483151,39.5174739422192 8.48991365290892,39.5173917039577 8.4900934869265,39.5172795942428 8.49022227411636,39.5171196858025 8.49020496323204,39.5168859904529 8.49022884000039,39.5167739348567 8.49031975912236,39.5166300336265 8.49047940678968,39.5164908938904 8.49060463221783,39.5164471213308 8.49066569527271,39.516458192438 8.49078412489062,39.5164497013076 8.49080232393712,39.5164697479345 8.49067391560959,39.5165176785273 8.49062418722557,39.5165092430848 8.49052958546419,39.5165363907885 8.49039557484475,39.5166583792983 8.49032126759209,39.5167975780053 8.49029632377844,39.5169457963337 8.49029681193289,39.5170349284878 8.49030962753152,39.51713572001 8.49012110249176,39.5173800272578 8.48994767131624,39.5174390403274 8.48977111681063,39.5175178440842 8.48963822315075,39.5176218970695 8.48954534060382,39.5176443661541 8.48943764526443,39.517622844795 8.4892314370025,39.5176332913183 8.48915312011943,39.5176619961935 8.48902233388354,39.5177656432626 8.48875218748556,39.5179537613187 8.48861468415212,39.5181847030564 8.48864333479374,39.5183515199143 8.48868746322015,39.518692051575 8.4889911438248,39.5188683590251 8.48911227711875,39.5189661310711 8.48915963818643,39.5192136002491 8.48930081465862,39.5192196361744 8.48924464807848,39.5191989178179 8.48918252328531,39.5189594389711 8.4891080227139,39.5186879641081 8.48906589794445,39.5185578141333 8.48895553510537,39.5183716081707 8.4888614641956,39.5182403015224 8.48885640640433,39.5182050309341 8.48894521311199,39.5180975952665 8.48903646189434,39.518026743121 8.48912483283886,39.5179707452595 8.48924967570595,39.5178304450344 8.48930805883566,39.5177946064025 8.48936426188566,39.5177879695868 8.48942501213914,39.5177910568345 8.48966638122021,39.5178245094982 8.48983589848232,39.5178044943141 8.48998754461484,39.5177577479238 8.49011670819796,39.5177023698925 8.49023413634512,39.5176100249737 8.49032228806454,39.5175233541316 8.49042358984357,39.517294459067 8.49054297970136,39.5171818672504 8.49061671896118,39.5170598936379 8.49076102200483,39.5168396655078 8.49087139286241,39.5166668268936 8.49096226929389,39.516577941942 8.49120716319108,39.5164977958081 8.49147522622348,39.5163463979045 8.49154590280557,39.5162771296209 8.49161890135712,39.5161494756082 8.49185428466557,39.5158959820894 8.49206798531984,39.515619723325 8.4922691408045,39.5153119543101 8.49253983870106,39.5152227185819 8.4926182808617,39.5151794332603 8.4926341220379,39.5151574632137 8.49269257939762,39.5150517481795 8.49269077141005,39.5150380355931 8.4923421692498,39.5150121848905 8.49220473403931,39.5150446250545 8.49210526311622,39.5151001713056 8.49197088944246,39.5151913357953 8.49188825784226,39.5152778608809 8.49172380570367,39.5154704127417 8.49146096792285,39.5157814969033 8.49137826509591,39.5158584703696 8.4912934769501,39.5159071422564 8.49112402007699,39.5159833031167 8.49072275158025,39.5160512664991 8.49051030521526,39.5161311754983 8.4904550647288,39.5161718310301 8.49037561960034,39.5162421684519 8.49032904289275,39.5163022881658 8.49029024408645,39.5163598560271 8.49025040954573,39.5164381430509 8.49022240113954,39.5165457024021 8.49018637604582,39.5167186414358 8.49014446829178,39.516984856422 8.49009903228108,39.517127470451 8.49008411457957,39.517155021579 8.48996298653375,39.5173047367879 8.48989412074886,39.5173694257941 8.48974879914073,39.5174422486582 8.48962541096235,39.5174731075683 8.48922052945982,39.5174850597778 8.48913452220217,39.5175107123734 8.48900407169705,39.5176241370893 8.4888144905695,39.5177689637073 8.48864951323456,39.5178963642494 8.48855772573708,39.5179898656415 8.48847212183756,39.5180666350101 8.48844456127408,39.5181158901498 8.48841741904039,39.5181953136435 8.48841802306717,39.5182778417344 8.48843300569676,39.5183334833063 8.48847592347463,39.5184267397857 8.4885455218779,39.5186461409193 8.48852003510598,39.5187393394709 8.48845273923945,39.5188005655447 8.48831265880267,39.5188434323669 8.48817970890783,39.5188990620028 8.48824461927843,39.5189266762383</coordinates>
            </LinearRing>
          </outerBoundaryIs>
        </Polygon>
      </Placemark>
      <Placemark xmlns="http://www.opengis.net/kml/2.2">
        <styleUrl>#Parti singole_style_map</styleUrl>
        <name>T00134</name>
        <Polygon>
          <outerBoundaryIs>
            <LinearRing>
              <coordinates>8.49481553778454,39.5149371978502 8.49512348529597,39.5149643962124 8.49517438276911,39.5149623197716 8.49527350846502,39.5149733556309 8.49555620838001,39.5151008180821 8.49580270880834,39.5151943340504 8.49604346366621,39.5153328311031 8.4962126374588,39.5153994753415 8.49641525744366,39.5154225192377 8.49605034208692,39.5151747118615 8.49602553394785,39.5152110239409 8.4959819591036,39.5151946253335 8.49597243185087,39.5152090815977 8.49584175578045,39.5151564169052 8.49587977136576,39.5150906083398 8.49562226430815,39.5150054243414 8.49531522157469,39.5149046349605 8.49514143948623,39.514885075326 8.49514897451692,39.5148517789087 8.49484410086689,39.5148050055515 8.49483615661372,39.5148417781519 8.49481553778454,39.5149371978502</coordinates>
            </LinearRing>
          </outerBoundaryIs>
        </Polygon>
      </Placemark>
      <Placemark xmlns="http://www.opengis.net/kml/2.2">
        <styleUrl>#Parti singole_style_map</styleUrl>
        <name>T00135</name>
        <Polygon>
          <outerBoundaryIs>
            <LinearRing>
              <coordinates>8.49584175578045,39.5151564169052 8.49597243185087,39.5152090815977 8.4959819591036,39.5151946253335 8.49602553394785,39.5152110239409 8.49605034208692,39.5151747118615 8.49587977136576,39.5150906083398 8.49584175578045,39.5151564169052</coordinates>
            </LinearRing>
          </outerBoundaryIs>
        </Polygon>
      </Placemark>
      <Placemark xmlns="http://www.opengis.net/kml/2.2">
        <styleUrl>#Parti singole_style_map</styleUrl>
        <name>T00136</name>
        <Polygon>
          <outerBoundaryIs>
            <LinearRing>
              <coordinates>8.4969397299491,39.5155291040357 8.49722349023467,39.5156296441971 8.49749005775988,39.5156430516183 8.49759964783785,39.5156162874307 8.49738794307269,39.515607541706 8.4972369542983,39.5155903003539 8.49716957490254,39.5155791332742 8.4969397299491,39.5155291040357</coordinates>
            </LinearRing>
          </outerBoundaryIs>
        </Polygon>
      </Placemark>
      <Placemark xmlns="http://www.opengis.net/kml/2.2">
        <styleUrl>#Parti singole_style_map</styleUrl>
        <name>T00137</name>
        <Polygon>
          <outerBoundaryIs>
            <LinearRing>
              <coordinates>8.49765734776797,39.515651785312 8.49779137623558,39.5157625970188 8.49785384062403,39.515827894495 8.49783623414276,39.5158706534328 8.49797872379911,39.5159648684521 8.49811375575234,39.5160996425506 8.49818897074313,39.5161940081476 8.49819427219301,39.5163754087051 8.49828843566149,39.5164959589674 8.49847230587103,39.5166306732452 8.49862113654306,39.5166539496022 8.49876797530368,39.5167406858352 8.49892027223035,39.5167398020895 8.49906472620324,39.5168152827875 8.49908846712485,39.5168868459694 8.49913506795496,39.5169194930458 8.49911101337509,39.5170080958816 8.49915935655961,39.5170378851802 8.49924974322291,39.5172407996791 8.49929312646193,39.5173877737117 8.49936802472946,39.5175331175239 8.49973486390593,39.5176832058646 8.4994830204823,39.5175266390668 8.49936656617961,39.5173847474029 8.49932128527979,39.5171974710914 8.49916942428977,39.5168219062817 8.49908548839541,39.516749362746 8.49890104682252,39.5167084623771 8.49872234957425,39.5166549990926 8.49856769901128,39.5165772033565 8.49846614147679,39.5165205856289 8.49835836275425,39.5164458572446 8.49831758786091,39.5163586775541 8.49829525911668,39.5161977379756 8.49825055281215,39.5160991972915 8.49814302000762,39.5159549011144 8.49804953559066,39.5158597267104 8.49797207971686,39.5157842189376 8.49786495767477,39.5157025369633 8.49770198881181,39.5156414002301 8.49765734776797,39.515651785312</coordinates>
            </LinearRing>
          </outerBoundaryIs>
        </Polygon>
      </Placemark>
      <Placemark xmlns="http://www.opengis.net/kml/2.2">
        <styleUrl>#Parti singole_style_map</styleUrl>
        <name>T00144</name>
        <Polygon>
          <outerBoundaryIs>
            <LinearRing>
              <coordinates>8.49727661067466,39.5195783826898 8.4973739012455,39.5196173768255 8.49742125962417,39.5195467426644 8.49732699892468,39.5195054370188 8.49727661067466,39.5195783826898</coordinates>
            </LinearRing>
          </outerBoundaryIs>
        </Polygon>
      </Placemark>
      <Placemark xmlns="http://www.opengis.net/kml/2.2">
        <styleUrl>#Parti singole_style_map</styleUrl>
        <name>T00145</name>
        <Polygon>
          <outerBoundaryIs>
            <LinearRing>
              <coordinates>8.49822427064975,39.5195958692671 8.49832706247006,39.5197628057475 8.49838248818371,39.519739816515 8.49828821872048,39.5195751964991 8.49822427064975,39.5195958692671</coordinates>
            </LinearRing>
          </outerBoundaryIs>
        </Polygon>
      </Placemark>
      <Placemark xmlns="http://www.opengis.net/kml/2.2">
        <styleUrl>#Parti singole_style_map</styleUrl>
        <name>T00146</name>
        <Polygon>
          <outerBoundaryIs>
            <LinearRing>
              <coordinates>8.49759404599926,39.5158156524982 8.49768016061696,39.5158696092451 8.49777292179949,39.5158084067789 8.49771163730955,39.5157601889105 8.49767683249048,39.5157390263591 8.49759404599926,39.5158156524982</coordinates>
            </LinearRing>
          </outerBoundaryIs>
        </Polygon>
      </Placemark>
      <Placemark xmlns="http://www.opengis.net/kml/2.2">
        <styleUrl>#Parti singole_style_map</styleUrl>
        <name>T00147</name>
        <Polygon>
          <outerBoundaryIs>
            <LinearRing>
              <coordinates>8.50072744956105,39.5200470426945 8.50088359358454,39.5200086990439 8.50086749466223,39.5199677861332 8.50070948024759,39.5200041484654 8.50072744956105,39.5200470426945</coordinates>
            </LinearRing>
          </outerBoundaryIs>
        </Polygon>
      </Placemark>
      <Placemark xmlns="http://www.opengis.net/kml/2.2">
        <styleUrl>#Parti singole_style_map</styleUrl>
        <name>T00151</name>
        <Polygon>
          <outerBoundaryIs>
            <LinearRing>
              <coordinates>8.49194343583646,39.5100653889825 8.49203851062274,39.5102625631637 8.49205713815812,39.5103513422329 8.49204738045611,39.5103894222471 8.49199471633179,39.5104300537852 8.49215334564794,39.5106422106026 8.49229582767077,39.5107700951665 8.49243518053459,39.5108613209007 8.49250682475054,39.5109234627275 8.49258807125921,39.5109305122866 8.49281430097932,39.5110848108094 8.49296443151691,39.5111865619641 8.49332297524504,39.5113800010791 8.49354350733856,39.5115039986459 8.49359120068038,39.5115471317292 8.49350280224996,39.5118758663753 8.49332847705883,39.5125194162298 8.49324204226779,39.5128785149493 8.49367047539659,39.5129546641213 8.49383648897456,39.5130741345688 8.49381071072595,39.513274402743 8.49384019936691,39.5134570262328 8.49382027192531,39.5135179843179 8.49385781453421,39.513538267934 8.49379236155358,39.5136033616192 8.49373747978156,39.5137713361012 8.49372586437315,39.5138410163362 8.49383806226352,39.5137577092793 8.49398549514602,39.5136696269488 8.49407326197572,39.5136362475432 8.494265883501,39.5132601215313 8.49428768636269,39.5130223890586 8.49434673225371,39.5127708166456 8.49464446024406,39.5124461548101 8.49472943529408,39.5123322825675 8.49473774731331,39.5122527665945 8.49467825941736,39.5118130474446 8.49467178337469,39.5115959966614 8.49452798931913,39.5113482449884 8.4943391035986,39.5112087451133 8.49422013172254,39.5110287415807 8.49417248075585,39.5110006021134 8.49401498258112,39.5106380706809 8.49389230956349,39.5103640820129 8.49382558016727,39.510284996007 8.49364179004815,39.5101667995695 8.49358319913047,39.5101699861228 8.49328848763168,39.5100979610109 8.4930315000428,39.510038678193 8.49269274642054,39.5098984944944 8.49241006433119,39.5098440717973 8.49203223646582,39.5096550056305 8.49195649321088,39.5096591615636 8.49188796936392,39.5098633511885 8.49194343583646,39.5100653889825</coordinates>
            </LinearRing>
          </outerBoundaryIs>
        </Polygon>
      </Placemark>
      <Placemark xmlns="http://www.opengis.net/kml/2.2">
        <styleUrl>#Parti singole_style_map</styleUrl>
        <name>T00013</name>
        <Polygon>
          <outerBoundaryIs>
            <LinearRing>
              <coordinates>8.49339966005523,39.5096236107672 8.49359689587384,39.5097801150333 8.49377696138288,39.5099737657949 8.49378463999344,39.5100600640986 8.49371200816402,39.5101370651821 8.49364179004815,39.5101667995695 8.49382558016727,39.510284996007 8.49389230956349,39.5103640820129 8.49401498258112,39.5106380706809 8.49417248075585,39.5110006021134 8.49422013172254,39.5110287415807 8.49440022711473,39.5106143658653 8.49449383332996,39.5104055895369 8.49478180022109,39.5098148548866 8.49497842715435,39.509651307422 8.49504674738254,39.5094354106509 8.49515292347185,39.5091110949051 8.49524268862025,39.5088313899502 8.49533734763439,39.5087641066038 8.49547070388923,39.5087067223947 8.49573539374794,39.5085739961637 8.49587669414893,39.5084602773605 8.49571807057084,39.5085551614691 8.49543945783216,39.5085576550009 8.49525360713577,39.5085797068812 8.49491587399947,39.5084884691508 8.49484499106877,39.5085171471792 8.4948629543086,39.5085760356893 8.49492850742645,39.5087162690949 8.49490391508604,39.5087968856922 8.49487003968852,39.5088808137619 8.49464289401885,39.5092142261353 8.49448381231293,39.5094054990098 8.49437001617759,39.5094712837397 8.49419037607668,39.5094674292255 8.49400136816806,39.5094497117937 8.49386563674239,39.5093900938944 8.49380162041795,39.5093764256352 8.49367581603288,39.5094618989836 8.4936579279882,39.5094632266313 8.49342810724836,39.5094802093476 8.49339966005523,39.5096236107672</coordinates>
            </LinearRing>
          </outerBoundaryIs>
        </Polygon>
      </Placemark>
      <Placemark xmlns="http://www.opengis.net/kml/2.2">
        <styleUrl>#Parti singole_style_map</styleUrl>
        <name>T00014</name>
        <Polygon>
          <outerBoundaryIs>
            <LinearRing>
              <coordinates>8.49367581603288,39.5094618989836 8.49380162041795,39.5093764256352 8.49386563674239,39.5093900938944 8.49400136816806,39.5094497117937 8.49419037607668,39.5094674292255 8.49437001617759,39.5094712837397 8.49448381231293,39.5094054990098 8.49464289401885,39.5092142261353 8.49487003968852,39.5088808137619 8.49490391508604,39.5087968856922 8.49492850742645,39.5087162690949 8.4948629543086,39.5085760356893 8.49484499106877,39.5085171471792 8.49491587399947,39.5084884691508 8.49525360713577,39.5085797068812 8.49543945783216,39.5085576550009 8.49571807057084,39.5085551614691 8.49587669414893,39.5084602773605 8.49573539374794,39.5085739961637 8.49547070388923,39.5087067223947 8.49533734763439,39.5087641066038 8.49545964920216,39.5087571502356 8.49560242084846,39.5087649424174 8.49575758499146,39.5086997505037 8.49585021817672,39.5085892083743 8.49611918471138,39.5085373134484 8.49639366927611,39.5085620205908 8.49661575548244,39.5085089932199 8.49679546354679,39.5084015937628 8.49704735980187,39.5083923046669 8.49727379031834,39.5084706113588 8.49756079614872,39.5085881943237 8.49788117444447,39.5085685673915 8.49815073406113,39.5084954690239 8.49836002848642,39.5083528744601 8.49845073619214,39.5081536422768 8.49850408392727,39.5079412288228 8.49856927601426,39.5078140230783 8.49844869420327,39.5076792216308 8.49824098844728,39.5075109038104 8.49827210495066,39.5074039954843 8.49826621960351,39.5071146664 8.49821843826298,39.5069577253427 8.49814520527232,39.5067121928739 8.49825100072244,39.506535137314 8.49855751819666,39.5064165962855 8.49896494981797,39.5063416942417 8.49919225808287,39.5060105985642 8.49904991028003,39.5055091094904 8.49921426423384,39.5052674310988 8.49927272661596,39.5052151348263 8.49942801935392,39.5050948132857 8.49953808064163,39.5050226731777 8.49950398035102,39.5049785648597 8.49954705400384,39.5049570715524 8.49958503888618,39.5050044583311 8.49968802779373,39.5050522962494 8.50006929390481,39.5049803050872 8.50030726900198,39.5049690297888 8.50035744790888,39.5049201122539 8.5004266417918,39.504692925911 8.50053525635333,39.5046211750843 8.50055344439884,39.5045615417899 8.5009038604019,39.5044701421425 8.50104281696517,39.5044150461362 8.5017046008042,39.504256484345 8.50190313564329,39.5041046826078 8.50195438407823,39.5040100054633 8.50194738637754,39.5038759016673 8.50191098388734,39.5036850238208 8.50184443476534,39.503529850804 8.50189747621735,39.5032997379816 8.50219775881783,39.5030969769364 8.5024967948943,39.5030311759072 8.50261454312652,39.5030414382702 8.50235867099052,39.5029440851051 8.50213740666066,39.5027645702538 8.5020452092199,39.5027661033328 8.50200373734117,39.5027541580707 8.50200888023294,39.502705019713 8.50206063674194,39.5026334922324 8.50211271736264,39.5025996293294 8.50218845438203,39.5025984491524 8.50238865747778,39.5026635054859 8.5025043674253,39.5027262444477 8.50265891264012,39.5027727507336 8.50282843002623,39.5027372817607 8.50282297625745,39.5027273380397 8.50261823242448,39.5027280745221 8.50241455321341,39.5026464517051 8.50231776750552,39.5025689627058 8.50220981102486,39.5024238031745 8.50209299161098,39.5023341182514 8.50203597933139,39.5022556641626 8.50196134442316,39.5022800866285 8.50192040435357,39.5023191060899 8.50186311015928,39.5023094446413 8.50182851212197,39.5022633525757 8.50192840407679,39.502185913522 8.50204193366685,39.5021417539531 8.50225762675578,39.5022525413014 8.50243508232991,39.5023692915231 8.50262112060211,39.5024405940294 8.50266581543479,39.5024213770979 8.50259047578245,39.5023946002078 8.5023672630741,39.502219348338 8.50228786833039,39.502143168216 8.50219996504544,39.502033703432 8.5020930619946,39.5018910171278 8.50204441602695,39.5018593084908 8.50184957293465,39.5018485888674 8.50180055761283,39.5017660422116 8.50182166940339,39.5017445980307 8.50188213230705,39.5017648692444 8.50202812218744,39.5017696218196 8.50211764694632,39.5017871161443 8.502265082435,39.5018810139024 8.5025511671154,39.5020321892594 8.50265574566249,39.5020378359574 8.5027345634273,39.5019878415843 8.50295646448553,39.5018951737237 8.50327845085551,39.5018314150767 8.50326553653373,39.5018189436132 8.50297648263576,39.5018721027929 8.50278712229657,39.501894953689 8.50271404926834,39.5019238884949 8.5026081421144,39.5018925566949 8.50244319583826,39.5017880963444 8.50225153224344,39.5016073478869 8.50214249903922,39.5015057036 8.50200814515753,39.5014839985356 8.50163232571262,39.5014624471314 8.50159278216313,39.5014818659752 8.50155229146745,39.5014629417473 8.50156515211475,39.5014161611779 8.50191805996082,39.5013594048261 8.50221609354829,39.5013743688737 8.50246137142596,39.5014967888139 8.50263372234875,39.50156912294 8.50283359765119,39.5015802952793 8.5030088297907,39.5015079351228 8.50311572248505,39.5014433466954 8.50322230559156,39.5013144410367 8.50327497859289,39.5012657761461 8.50339327016464,39.5012303756359 8.50363164503203,39.5013538628677 8.50373875842586,39.5013888841191 8.50375295629483,39.501368085827 8.50355004342015,39.5012853780078 8.50342510763309,39.5011693315087 8.5033444425085,39.5011441451923 8.50324698160376,39.5011632088715 8.50303531421307,39.5013053968575 8.50281030290249,39.5013321499448 8.50267817612078,39.501304778671 8.50264218938431,39.501272376612 8.50268615782699,39.5012423801908 8.50284745246773,39.501250413939 8.50294077660278,39.5012243318625 8.50329029711871,39.5009456321571 8.50337530324448,39.5009312005785 8.5035617510516,39.5010066571091 8.5033714274407,39.500905468498 8.50329617500227,39.5009041916986 8.50304038172415,39.5010366220598 8.50289266002284,39.5010694364679 8.50275263380562,39.5010440768255 8.50249864946578,39.5009455787059 8.5023175995132,39.5008750181897 8.50219278428184,39.5008776911294 8.50199439446344,39.5008460976169 8.50192442064632,39.5006659602619 8.50193448819199,39.5005607536294 8.50134361865629,39.5007108992856 8.50126564593133,39.5009810369912 8.50116899849364,39.5010147802644 8.50109628947587,39.5008465783876 8.50110012065365,39.5007743949817 8.50063599370431,39.5008926169621 8.4998306752323,39.5011024995843 8.49865181633333,39.5014069686708 8.49769390733271,39.5016468941206 8.49696047063927,39.5018377043425 8.49609440912914,39.5020584167368 8.49460797460416,39.502444846847 8.4936579279882,39.5094632266313 8.49367581603288,39.5094618989836</coordinates>
            </LinearRing>
          </outerBoundaryIs>
          <innerBoundaryIs>
            <LinearRing>
              <coordinates>8.50004889454848,39.5046913279763 8.50019026526303,39.5046971352212 8.50019435783271,39.5047427901704 8.50022803394243,39.5047731016422 8.50022362743185,39.5047858413192 8.50006491955357,39.5047793107663 8.50004889454848,39.5046913279763</coordinates>
            </LinearRing>
          </innerBoundaryIs>
          <innerBoundaryIs>
            <LinearRing>
              <coordinates>8.49840140920557,39.501586265795 8.49851415725274,39.5016056652232 8.49843930585049,39.5018023982053 8.49830207271123,39.5017784418663 8.49840140920557,39.501586265795</coordinates>
            </LinearRing>
          </innerBoundaryIs>
        </Polygon>
      </Placemark>
      <Placemark xmlns="http://www.opengis.net/kml/2.2">
        <styleUrl>#Parti singole_style_map</styleUrl>
        <name>T00016</name>
        <Polygon>
          <outerBoundaryIs>
            <LinearRing>
              <coordinates>8.49953808064163,39.5050226731777 8.49958503888618,39.5050044583311 8.49954705400384,39.5049570715524 8.49950398035102,39.5049785648597 8.49953808064163,39.5050226731777</coordinates>
            </LinearRing>
          </outerBoundaryIs>
        </Polygon>
      </Placemark>
      <Placemark xmlns="http://www.opengis.net/kml/2.2">
        <styleUrl>#Parti singole_style_map</styleUrl>
        <name>T00017</name>
        <Polygon>
          <outerBoundaryIs>
            <LinearRing>
              <coordinates>8.50006491955357,39.5047793107663 8.50022362743185,39.5047858413192 8.50022803394243,39.5047731016422 8.50019435783271,39.5047427901704 8.50019026526303,39.5046971352212 8.50004889454848,39.5046913279763 8.50006491955357,39.5047793107663</coordinates>
            </LinearRing>
          </outerBoundaryIs>
        </Polygon>
      </Placemark>
      <Placemark xmlns="http://www.opengis.net/kml/2.2">
        <styleUrl>#Parti singole_style_map</styleUrl>
        <name>T00018</name>
        <Polygon>
          <outerBoundaryIs>
            <LinearRing>
              <coordinates>8.49830207271123,39.5017784418663 8.49843930585049,39.5018023982053 8.49851415725274,39.5016056652232 8.49840140920557,39.501586265795 8.49830207271123,39.5017784418663</coordinates>
            </LinearRing>
          </outerBoundaryIs>
        </Polygon>
      </Placemark>
      <Placemark xmlns="http://www.opengis.net/kml/2.2">
        <styleUrl>#Parti singole_style_map</styleUrl>
        <name>T00019</name>
        <Polygon>
          <outerBoundaryIs>
            <LinearRing>
              <coordinates>8.50109628947587,39.5008465783876 8.50116899849364,39.5010147802644 8.50126564593133,39.5009810369912 8.50134361865629,39.5007108992856 8.50110012065365,39.5007743949817 8.50109628947587,39.5008465783876</coordinates>
            </LinearRing>
          </outerBoundaryIs>
        </Polygon>
      </Placemark>
      <Placemark xmlns="http://www.opengis.net/kml/2.2">
        <styleUrl>#Parti singole_style_map</styleUrl>
        <name>T00020</name>
        <Polygon>
          <outerBoundaryIs>
            <LinearRing>
              <coordinates>8.49656526409844,39.4963305654748 8.49659870531278,39.4963104731358 8.49658221836877,39.4962953994738 8.4967007653569,39.4962351833352 8.49661172007632,39.4961186001383 8.49641971412909,39.4961956535152 8.49656526409844,39.4963305654748</coordinates>
            </LinearRing>
          </outerBoundaryIs>
        </Polygon>
      </Placemark>
      <Placemark xmlns="http://www.opengis.net/kml/2.2">
        <styleUrl>#Parti singole_style_map</styleUrl>
        <name>T00022</name>
        <Polygon>
          <outerBoundaryIs>
            <LinearRing>
              <coordinates>8.49921676187727,39.493120049616 8.49926286038345,39.4930973710164 8.49929577121988,39.4930811770822 8.49924985605877,39.4930426852064 8.49922257872197,39.4930598134544 8.49917453075634,39.4930899982685 8.49921676187727,39.493120049616</coordinates>
            </LinearRing>
          </outerBoundaryIs>
        </Polygon>
      </Placemark>
      <Placemark xmlns="http://www.opengis.net/kml/2.2">
        <styleUrl>#Parti singole_style_map</styleUrl>
        <name>T00023</name>
        <Polygon>
          <outerBoundaryIs>
            <LinearRing>
              <coordinates>8.49959829893683,39.4927354196845 8.49965831248494,39.4928544435955 8.49969084999538,39.4928481142766 8.49974487361523,39.4928375795236 8.49969058218282,39.4927152194353 8.49963472070198,39.4927274492052 8.49959829893683,39.4927354196845</coordinates>
            </LinearRing>
          </outerBoundaryIs>
        </Polygon>
      </Placemark>
      <Placemark xmlns="http://www.opengis.net/kml/2.2">
        <styleUrl>#Parti singole_style_map</styleUrl>
        <name>T00024</name>
        <Polygon>
          <outerBoundaryIs>
            <LinearRing>
              <coordinates>8.4989758066008,39.492556161138 8.49902645256801,39.4925932859284 8.49919640633115,39.4924954633733 8.49914095989221,39.4924531460199 8.49908515410285,39.492475449341 8.49901333526307,39.492528462954 8.4989758066008,39.492556161138</coordinates>
            </LinearRing>
          </outerBoundaryIs>
        </Polygon>
      </Placemark>
      <Placemark xmlns="http://www.opengis.net/kml/2.2">
        <styleUrl>#Parti singole_style_map</styleUrl>
        <name>T00025</name>
        <Polygon>
          <outerBoundaryIs>
            <LinearRing>
              <coordinates>8.50019102864916,39.4915978098693 8.50021271369308,39.4916404410339 8.50030959100081,39.4915842186303 8.50029722058743,39.4915594680462 8.50028119298833,39.4915273943337 8.50017307039388,39.4915625291612 8.50019102864916,39.4915978098693</coordinates>
            </LinearRing>
          </outerBoundaryIs>
        </Polygon>
      </Placemark>
      <Placemark xmlns="http://www.opengis.net/kml/2.2">
        <styleUrl>#Parti singole_style_map</styleUrl>
        <name>T00081</name>
        <Polygon>
          <outerBoundaryIs>
            <LinearRing>
              <coordinates>8.50066517655243,39.4911092347465 8.50070586318553,39.491145405966 8.50073409708534,39.4911228302076 8.50077220244244,39.491092340714 8.50073362230078,39.4910543134256 8.50068950450716,39.4910897147434 8.50066517655243,39.4911092347465</coordinates>
            </LinearRing>
          </outerBoundaryIs>
        </Polygon>
      </Placemark>
      <Placemark xmlns="http://www.opengis.net/kml/2.2">
        <styleUrl>#Parti singole_style_map</styleUrl>
        <name>T00152</name>
        <Polygon>
          <outerBoundaryIs>
            <LinearRing>
              <coordinates>8.49307497403549,39.5145916116797 8.49323669423855,39.5147195879812 8.49332787645621,39.5146534805546 8.49328246018217,39.5146168897943 8.493264103017,39.5146297575474 8.49314444584155,39.5145419796306 8.49307497403549,39.5145916116797</coordinates>
            </LinearRing>
          </outerBoundaryIs>
        </Polygon>
      </Placemark>
      <Placemark xmlns="http://www.opengis.net/kml/2.2">
        <styleUrl>#Parti singole_style_map</styleUrl>
        <name>T00110</name>
        <Polygon>
          <outerBoundaryIs>
            <LinearRing>
              <coordinates>8.49301650028348,39.5146469411528 8.49306643004777,39.5146803260188 8.49310876565454,39.5146478483522 8.49306121796703,39.5146132304753 8.49301650028348,39.5146469411528</coordinates>
            </LinearRing>
          </outerBoundaryIs>
        </Polygon>
      </Placemark>
      <Placemark xmlns="http://www.opengis.net/kml/2.2">
        <styleUrl>#Parti singole_style_map</styleUrl>
        <name>T00111</name>
        <Polygon>
          <outerBoundaryIs>
            <LinearRing>
              <coordinates>8.49275353243717,39.5149163820491 8.49309331499085,39.5148048938295 8.49306271586311,39.5147575462471 8.49272359353121,39.5148694517361 8.49275353243717,39.5149163820491</coordinates>
            </LinearRing>
          </outerBoundaryIs>
        </Polygon>
      </Placemark>
      <Placemark xmlns="http://www.opengis.net/kml/2.2">
        <styleUrl>#Parti singole_style_map</styleUrl>
        <name>T00112</name>
        <Polygon>
          <outerBoundaryIs>
            <LinearRing>
              <coordinates>8.49294257349239,39.5147668431606 8.49302393137545,39.5147240208026 8.49298439147855,39.5146808059574 8.49290461557921,39.514723644204 8.49294257349239,39.5147668431606</coordinates>
            </LinearRing>
          </outerBoundaryIs>
        </Polygon>
      </Placemark>
      <Placemark xmlns="http://www.opengis.net/kml/2.2">
        <styleUrl>#Parti singole_style_map</styleUrl>
        <name>T00026</name>
        <Polygon>
          <outerBoundaryIs>
            <LinearRing>
              <coordinates>8.49611264981474,39.4924502788608 8.49633854690158,39.4924631159479 8.49662024197712,39.4924500192812 8.49681729032225,39.4925043312436 8.49690944701536,39.4925710735414 8.49702697821287,39.4927249836345 8.49701994019379,39.4928220667377 8.49695954284717,39.4929052321034 8.49681983218363,39.4930289159171 8.49661333265845,39.4931205577338 8.4965477126063,39.4932182789997 8.49658797208998,39.4932780569137 8.49669101399742,39.4934061259356 8.49672610360826,39.4935055089265 8.49672120184881,39.4936110709804 8.49677656727573,39.4937709201357 8.49684193596361,39.4938225261954 8.49690172514163,39.4938512127589 8.49723422644738,39.4939602446407 8.49718309360129,39.4938745061327 8.49719866833152,39.4938660317224 8.4972459443807,39.4938656866712 8.49738986695932,39.4938419003181 8.49745716509981,39.4938307753107 8.49749396443523,39.4939286967735 8.49754369615719,39.4939103415219 8.49749337365885,39.4938428255814 8.49759294757514,39.4938036737294 8.49758665593051,39.4937746331951 8.49761732447965,39.4937646922368 8.49778769726078,39.4937094835299 8.49777353370121,39.4936834995289 8.49785277427973,39.4936579372698 8.49788458138275,39.4937030634138 8.49793175150613,39.4936931846748 8.49801033982427,39.4938002518494 8.49808976488908,39.4938201654653 8.49822749391577,39.493810191217 8.49848328491039,39.4938147285654 8.49890867337902,39.493786081963 8.49903813111935,39.4937991375787 8.49918905382443,39.493854715317 8.49924796322775,39.493933188081 8.50126405168094,39.4925020415713 8.50119035776718,39.4924320841923 8.50114625434051,39.4923304292498 8.50115303939906,39.4921703443975 8.50132909782754,39.4917320886854 8.50128839146265,39.4916318990322 8.50116335456742,39.4914792494587 8.50112231507833,39.4914029267439 8.50111631667977,39.4913440904012 8.501160130763,39.4911543942962 8.50115549926779,39.4911011772731 8.50108905847962,39.4910514161326 8.50090035331657,39.4910159788807 8.50078755682924,39.4909650182818 8.50065393457844,39.4908732412639 8.50057600452918,39.4908495334513 8.50053040087657,39.490847219985 8.50038956780216,39.4908725462879 8.50008661883245,39.490947759143 8.49975694200807,39.4910754045246 8.50013989043596,39.4909559444828 8.5002407943924,39.4909462418958 8.50046537164327,39.4909690577667 8.50060107867641,39.4910522570919 8.50066517655243,39.4911092347465 8.50068950450716,39.4910897147434 8.50073362230078,39.4910543134256 8.50077220244244,39.491092340714 8.50073409708534,39.4911228302076 8.50070586318553,39.491145405966 8.50077946178396,39.4912251755309 8.50091176105001,39.4914012025469 8.50092491257406,39.4915020939199 8.50103168991942,39.4917037177034 8.50106229267993,39.4919368839165 8.50096372375383,39.4919971273067 8.5009115910749,39.491980792866 8.50090898641333,39.4918101075497 8.500836986176,39.491714883172 8.50077446179997,39.4916621832855 8.50060176002993,39.4914606093103 8.50051768853811,39.4913980224125 8.50041095927592,39.4913295894242 8.50030468647141,39.4912948660384 8.50019964991995,39.4912921166126 8.49997409582096,39.4913924585628 8.49973542706059,39.4915214956466 8.49942866020379,39.4917976482591 8.49928466015538,39.4920046263209 8.49914793866071,39.4921938491343 8.49902433987195,39.4923126493821 8.49887136257389,39.4924059406218 8.49864267987172,39.4924618814675 8.49845653413411,39.4924777021822 8.49832950314466,39.4924428873876 8.49828798204193,39.4923902227967 8.49817107183191,39.4922579865457 8.49811802863575,39.4921904771273 8.49806032850346,39.4921221005927 8.4980126185952,39.492081095593 8.49798335382893,39.4920609121048 8.49793509201433,39.4920158139881 8.49769449376941,39.4918661482973 8.49757440444584,39.4918090620628 8.4974458511269,39.4918017663487 8.49728031203441,39.4918081233401 8.49707060558865,39.4918048190402 8.49735524524115,39.4918474803871 8.49750360336869,39.4918644038206 8.49757452523546,39.4919117625919 8.49773214146351,39.4921029409452 8.49780489308995,39.4921885654431 8.49785059880359,39.4922737306145 8.49787660814053,39.4925959000503 8.49786173461158,39.4926847138844 8.49778010763951,39.4929174949236 8.49778156425476,39.4931674213401 8.49776874143814,39.4932007402536 8.49765880316824,39.4932048692682 8.49762736483189,39.4931731790877 8.4976098319354,39.4931161037943 8.49763398402747,39.4929646000513 8.49761928102442,39.4928649991227 8.49760293952143,39.4926376873868 8.49752233959309,39.4925017961133 8.49723641403277,39.4923112517068 8.49716695512205,39.4922996791734 8.49703678446809,39.4923133521069 8.49685345355892,39.4923242627881 8.49666408238705,39.4923229289754 8.49642463105416,39.4924012185401 8.49632328114357,39.4924256117584 8.4961165089522,39.4923941791248 8.4960440837427,39.4924149312101 8.49611264981474,39.4924502788608</coordinates>
            </LinearRing>
          </outerBoundaryIs>
          <innerBoundaryIs>
            <LinearRing>
              <coordinates>8.49917453075634,39.4930899982685 8.49922257872197,39.4930598134544 8.49924985605877,39.4930426852064 8.49929577121988,39.4930811770822 8.49926286038345,39.4930973710164 8.49921676187727,39.493120049616 8.49917453075634,39.4930899982685</coordinates>
            </LinearRing>
          </innerBoundaryIs>
          <innerBoundaryIs>
            <LinearRing>
              <coordinates>8.50017307039388,39.4915625291612 8.50028119298833,39.4915273943337 8.50029722058743,39.4915594680462 8.50030959100081,39.4915842186303 8.50021271369308,39.4916404410339 8.50019102864916,39.4915978098693 8.50017307039388,39.4915625291612</coordinates>
            </LinearRing>
          </innerBoundaryIs>
          <innerBoundaryIs>
            <LinearRing>
              <coordinates>8.49963472070198,39.4927274492052 8.49969058218282,39.4927152194353 8.49974487361523,39.4928375795236 8.49969084999538,39.4928481142766 8.49965831248494,39.4928544435955 8.49959829893683,39.4927354196845 8.49963472070198,39.4927274492052</coordinates>
            </LinearRing>
          </innerBoundaryIs>
          <innerBoundaryIs>
            <LinearRing>
              <coordinates>8.49901333526307,39.492528462954 8.49908515410285,39.492475449341 8.49914095989221,39.4924531460199 8.49919640633115,39.4924954633733 8.49902645256801,39.4925932859284 8.4989758066008,39.492556161138 8.49901333526307,39.492528462954</coordinates>
            </LinearRing>
          </innerBoundaryIs>
          <innerBoundaryIs>
            <LinearRing>
              <coordinates>8.49840121074803,39.493110449598 8.49845601042735,39.4931084876401 8.49874537486491,39.4930981490731 8.49877604908007,39.4930970650073 8.49878030688466,39.4931826276537 8.49849873582399,39.4932023797218 8.49839857068461,39.4931638425539 8.49840121074803,39.493110449598</coordinates>
            </LinearRing>
          </innerBoundaryIs>
          <innerBoundaryIs>
            <LinearRing>
              <coordinates>8.49815298115763,39.4938087507094 8.49814157878952,39.4937628159185 8.49828182588792,39.4937612572111 8.49828878995239,39.4938028439987 8.49815298115763,39.4938087507094</coordinates>
            </LinearRing>
          </innerBoundaryIs>
        </Polygon>
      </Placemark>
      <Placemark xmlns="http://www.opengis.net/kml/2.2">
        <styleUrl>#Parti singole_style_map</styleUrl>
        <name>T00027</name>
        <Polygon>
          <outerBoundaryIs>
            <LinearRing>
              <coordinates>8.49460797460416,39.502444846847 8.49609440912914,39.5020584167368 8.49696047063927,39.5018377043425 8.49769390733271,39.5016468941206 8.49865181633333,39.5014069686708 8.4998306752323,39.5011024995843 8.50063599370431,39.5008926169621 8.50110012065365,39.5007743949817 8.50134361865629,39.5007108992856 8.50193448819199,39.5005607536294 8.50194931655727,39.5005184956259 8.50201608656988,39.5004111262855 8.50212785505142,39.5003232589088 8.50233116735303,39.5001179733772 8.50266126016371,39.4998721340936 8.50283339176764,39.4994983739472 8.5028387782609,39.4994279991877 8.5030667721765,39.4992837729163 8.50310860442608,39.499200813397 8.5031646561475,39.4989323646619 8.50327463919266,39.4988137812649 8.50339573940434,39.4986724671299 8.50342196179463,39.4986419620616 8.50344503434797,39.4985883139707 8.5034532212318,39.4985328902904 8.50342413091553,39.4984974093657 8.50330318428813,39.4983804516754 8.50313285861421,39.4982436040986 8.50306262470304,39.498179879894 8.50298120305585,39.4980932665618 8.50296412913506,39.4979873309737 8.50305539073503,39.4976396787447 8.50307777660446,39.4975697731161 8.5031254413029,39.4974629971343 8.5031268163374,39.4974169150943 8.50307515487453,39.497302803367 8.50290422769629,39.4970974021467 8.5028096627007,39.496996523129 8.50276720548203,39.4968280011197 8.50276931034887,39.49670242391 8.50278614000729,39.4965162971071 8.50280661510278,39.4963930330715 8.5028293939043,39.4963267152755 8.50268466057586,39.4959516347884 8.50262116698051,39.4957014519647 8.50262211595336,39.4956303553652 8.50264557342693,39.4955373518482 8.50274054593025,39.4954747489927 8.50281483108275,39.4953612932254 8.5028355460467,39.4952858931622 8.50280413677187,39.495205620706 8.50268468982923,39.4951549128283 8.50263618266581,39.495120664087 8.50257508362914,39.4950387146868 8.50255918358487,39.4949738261559 8.50268652255528,39.4944298127468 8.50268560921356,39.4943214143176 8.50260301141726,39.4942830010166 8.50239163161017,39.4943061445157 8.50200302113289,39.4943695972887 8.50166866464913,39.4944196037637 8.50160264340493,39.4944229337221 8.50142896085844,39.4943768034124 8.50138458412556,39.4943164148236 8.50131744815607,39.4942040379245 8.50129205606727,39.4939949248375 8.50132127705742,39.4938067789736 8.5013804833447,39.4937448256119 8.50146184764221,39.4936904278698 8.50160880767366,39.4936384198915 8.50176141069409,39.4935371583116 8.50182861201214,39.4934824653046 8.50186790520444,39.4934046401695 8.50186782904701,39.4930342783206 8.50184470571453,39.4929697551584 8.50178462326839,39.4929217066243 8.5015989680407,39.4928199854088 8.50126405168094,39.4925020415713 8.49924796322775,39.493933188081 8.49926190152794,39.4939517554133 8.4992937575209,39.4940679730469 8.4993153206515,39.4941583947337 8.49925009575669,39.4943018917941 8.49911012044862,39.4945225105343 8.49903867195294,39.4946337686356 8.49888585344383,39.4947592815403 8.49880739595648,39.4948812766302 8.49877575457839,39.4950815573213 8.49871971348634,39.4951670309908 8.49861651521019,39.4952232247451 8.49847808704582,39.495236241926 8.4983629915179,39.4953069628411 8.49819155530786,39.4953995787408 8.49789262182364,39.4955601221013 8.49784031210195,39.4955842600059 8.49763156347326,39.49563368939 8.49751696308589,39.4957436246321 8.49735351401478,39.4957814188343 8.49722212845943,39.4957820397152 8.49720578099815,39.4957218068836 8.4972392775222,39.4956891361519 8.49738052967318,39.4956571929159 8.49741117312621,39.4956395570717 8.49758145964939,39.4954985067397 8.49775068322983,39.4954258310886 8.49789187959724,39.4952723013509 8.49793033505998,39.4952405168405 8.49809944869335,39.4950617793902 8.49818034682236,39.4950194017565 8.49821247027695,39.494985111956 8.49820893511536,39.4948654662879 8.49823921459915,39.4947447772891 8.4983510233202,39.4945391393476 8.49830862589447,39.4944658553172 8.49810532459273,39.4945313024606 8.49797648398498,39.4945761399659 8.49779551776023,39.4946955289159 8.49743775740169,39.4949263858894 8.49731299884561,39.4949420107407 8.49700893250167,39.4949064013822 8.49668341505891,39.4948700765902 8.49655381074091,39.4948883917496 8.49640176581347,39.4948980226371 8.49624218294735,39.4948724983053 8.49612345278534,39.4948279498808 8.49632505746348,39.4949382276808 8.49660966059769,39.4950005422667 8.49669480129377,39.495056892414 8.49673093753621,39.495114489917 8.49667398987861,39.4951608627682 8.49634728878105,39.4951997322703 8.49589794228889,39.4951837363897 8.49577596499959,39.4950976628511 8.49568015687662,39.4950643502409 8.49565621087549,39.495239731829 8.49510214453119,39.4990751104115 8.49460797460416,39.502444846847</coordinates>
            </LinearRing>
          </outerBoundaryIs>
          <innerBoundaryIs>
            <LinearRing>
              <coordinates>8.49641971412909,39.4961956535152 8.49661172007632,39.4961186001383 8.4967007653569,39.4962351833352 8.49658221836877,39.4962953994738 8.49659870531278,39.4963104731358 8.49656526409844,39.4963305654748 8.49641971412909,39.4961956535152</coordinates>
            </LinearRing>
          </innerBoundaryIs>
          <innerBoundaryIs>
            <LinearRing>
              <coordinates>8.49849585907872,39.495904479779 8.49846512158032,39.495866686338 8.49852431352006,39.4957935682878 8.49870769231648,39.4956995584185 8.49873279679192,39.4957048613201 8.49873340150946,39.4957373301026 8.49875582381832,39.495765997072 8.49849585907872,39.495904479779</coordinates>
            </LinearRing>
          </innerBoundaryIs>
        </Polygon>
      </Placemark>
      <Placemark xmlns="http://www.opengis.net/kml/2.2">
        <styleUrl>#Parti singole_style_map</styleUrl>
        <name>T02729</name>
        <Polygon>
          <outerBoundaryIs>
            <LinearRing>
              <coordinates>8.49839857068461,39.4931638425539 8.49849873582399,39.4932023797218 8.49878030688466,39.4931826276537 8.49877604908007,39.4930970650073 8.49874537486491,39.4930981490731 8.49845601042735,39.4931084876401 8.49840121074803,39.493110449598 8.49839857068461,39.4931638425539</coordinates>
            </LinearRing>
          </outerBoundaryIs>
        </Polygon>
      </Placemark>
      <Placemark xmlns="http://www.opengis.net/kml/2.2">
        <styleUrl>#Parti singole_style_map</styleUrl>
        <name>T00153</name>
        <Polygon>
          <outerBoundaryIs>
            <LinearRing>
              <coordinates>8.50937738250395,39.5211860032094 8.50941602899573,39.5212010965149 8.50944171196869,39.521167082929 8.50940623072294,39.5211518768555 8.50937738250395,39.5211860032094</coordinates>
            </LinearRing>
          </outerBoundaryIs>
        </Polygon>
      </Placemark>
      <Placemark xmlns="http://www.opengis.net/kml/2.2">
        <styleUrl>#Parti singole_style_map</styleUrl>
        <name>T00122</name>
        <Polygon>
          <outerBoundaryIs>
            <LinearRing>
              <coordinates>8.51076895437546,39.5118983412637 8.51083937134281,39.5123201588422 8.51143198722838,39.5125842314389 8.51232971431534,39.5125446728531 8.51263969208642,39.5122909905043 8.51261611969281,39.5122734025673 8.51245038524686,39.5121944974884 8.5123390285867,39.5121145499992 8.51224853533339,39.5120154349353 8.51215807087722,39.5118922983911 8.51210586745456,39.5117439854332 8.51216286096811,39.5116516616984 8.51158049587539,39.5115788350267 8.51116697868294,39.5115271424686 8.51083168180346,39.511766631169 8.5107550678114,39.5118151174736 8.51076895437546,39.5118983412637</coordinates>
            </LinearRing>
          </outerBoundaryIs>
          <innerBoundaryIs>
            <LinearRing>
              <coordinates>8.511533121466,39.5123152029559 8.51163747186483,39.5123440962874 8.51159615777221,39.5124314308798 8.51149049000982,39.5123979547265 8.511533121466,39.5123152029559</coordinates>
            </LinearRing>
          </innerBoundaryIs>
          <innerBoundaryIs>
            <LinearRing>
              <coordinates>8.51126624986501,39.5118687992277 8.51141248482676,39.5119645003259 8.51126639568833,39.5121084564879 8.51112278942421,39.5120144331808 8.51126624986501,39.5118687992277</coordinates>
            </LinearRing>
          </innerBoundaryIs>
        </Polygon>
      </Placemark>
      <Placemark xmlns="http://www.opengis.net/kml/2.2">
        <styleUrl>#Parti singole_style_map</styleUrl>
        <name>T00036</name>
        <Polygon>
          <outerBoundaryIs>
            <LinearRing>
              <coordinates>8.49469981227265,39.5104574209916 8.4950359188072,39.5105512742721 8.49504837920571,39.5107757575733 8.49516637734072,39.5109732000239 8.49530999316672,39.5110738746504 8.4956982118024,39.5111602936184 8.49585907516199,39.511198844176 8.49602182025644,39.5113359305556 8.49633207439697,39.5114796481918 8.49634520326097,39.5114995278215 8.49635935734082,39.5103230301394 8.49686925825215,39.5097920806158 8.497094618624,39.5095501380182 8.49741124156807,39.5093760140957 8.4979924190313,39.5090486408392 8.49847580379795,39.5087193648242 8.49828746859814,39.508737599461 8.49799299617017,39.5087326781911 8.4976806023247,39.5087256874051 8.49749144990053,39.5086829893852 8.49711910941239,39.5085593784111 8.49692801688041,39.5085470809318 8.49668743249964,39.5086441072802 8.49633106188373,39.5087075633003 8.49591186584906,39.5087582753476 8.49575123379867,39.5088139468492 8.49544899484497,39.508935472388 8.49540905175911,39.509006047989 8.49533313922213,39.5091060121874 8.49523487155166,39.5092667799983 8.49519653612862,39.5095441674987 8.49517114280743,39.5096213477267 8.49496888324254,39.5098591972033 8.49489531773353,39.5100347589143 8.49469981227265,39.5104574209916</coordinates>
            </LinearRing>
          </outerBoundaryIs>
        </Polygon>
      </Placemark>
      <Placemark xmlns="http://www.opengis.net/kml/2.2">
        <styleUrl>#Parti singole_style_map</styleUrl>
        <name>T02630</name>
        <Polygon>
          <outerBoundaryIs>
            <LinearRing>
              <coordinates>8.51019387411408,39.5185318749312 8.51029166676651,39.5184671426491 8.51049685198167,39.5183703987033 8.51062504308004,39.518302262185 8.51071151995148,39.5181954938014 8.51079867252196,39.518075293815 8.51085432995696,39.5179870288618 8.51093553512054,39.5179135582572 8.51106934237937,39.5178207656277 8.51111835581542,39.5178005995849 8.51125242593014,39.5177996409986 8.51135822195615,39.5178143133616 8.51149224888266,39.5178178594755 8.51163150244336,39.5178093265526 8.51175501103713,39.5177865540586 8.5119303165653,39.5177248492425 8.51217711781544,39.5176203300526 8.51249925849336,39.5174472696828 8.5126047689178,39.517419573199 8.51254835521447,39.5174067851173 8.51187723994871,39.5177305550168 8.51175121627952,39.5177586511778 8.51149325602854,39.5178086101154 8.51105662785703,39.5177792015829 8.51094696607332,39.5177981932351 8.51074387356364,39.5179468191958 8.51079135715704,39.5179904849409 8.51020200234493,39.5184529427981 8.51019387411408,39.5185318749312</coordinates>
            </LinearRing>
          </outerBoundaryIs>
        </Polygon>
      </Placemark>
      <Placemark xmlns="http://www.opengis.net/kml/2.2">
        <styleUrl>#Parti singole_style_map</styleUrl>
        <name>T00117</name>
        <Polygon>
          <outerBoundaryIs>
            <LinearRing>
              <coordinates>8.51088369885889,39.5158960919602 8.51099801587259,39.5160902590622 8.51109119713121,39.5161748346847 8.51138031914769,39.5161875843593 8.51143488040769,39.5160811226492 8.51178955915024,39.516055051224 8.51193529124793,39.5160876952847 8.51200934808441,39.5162521113562 8.51195683460959,39.5162788946733 8.51250663526648,39.5171544112441 8.51255257617157,39.517129321075 8.51261245198432,39.517214260288 8.51262348285471,39.5172787753949 8.51259223224416,39.5173624402345 8.51267565285404,39.517382694014 8.5126890376521,39.5173784432318 8.51271282415527,39.5173290583471 8.51270956099448,39.5172700000448 8.51240474441555,39.5169208956848 8.51221845175375,39.5166363516215 8.51209721722309,39.5164077372562 8.51200240919164,39.5161515630824 8.51198499116904,39.5159942057694 8.51196876343806,39.5159559338393 8.51189583418445,39.5159444996856 8.51180715391229,39.5159513082632 8.51174615406151,39.5159972117622 8.51169063179302,39.5160001680391 8.51148271714299,39.5160311453579 8.51139810755214,39.5160364029459 8.51126244784048,39.5160223258065 8.51115351139919,39.5159947013229 8.51104296147911,39.5159234780194 8.51102067646289,39.5158698539077 8.51102565510124,39.5157422346725 8.51112037714234,39.5155739421283 8.51120074280945,39.5154472257854 8.51162491109725,39.5150464016274 8.51169043307385,39.5150273949803 8.51176585195372,39.5150253783062 8.51187380936313,39.5150580709151 8.51204549580337,39.5151434171395 8.51227929988204,39.5153289123429 8.51233455180763,39.5153412361528 8.51245937783064,39.5153373450446 8.5126434777132,39.5153013103859 8.51291511950615,39.5152380889667 8.51304178654335,39.5152270777878 8.51315719629548,39.5152522047438 8.5132846479209,39.515317072504 8.51334264312352,39.5153447158646 8.51342135005366,39.5153499922313 8.51350374667061,39.5153316499243 8.51368191401365,39.5152288132826 8.51370827692845,39.5151867643505 8.51366741963236,39.5151137448585 8.51352932912534,39.5152247775132 8.51318981215713,39.5151926840911 8.5128339549309,39.5152049870892 8.51247644379802,39.5151460554672 8.51219248567341,39.5150476330432 8.51197373551341,39.5150017167199 8.511806501963,39.5149666126333 8.51164181605778,39.5150128732078 8.51151760538533,39.5150734409472 8.51087090770454,39.515585398312 8.51088369885889,39.5158960919602</coordinates>
            </LinearRing>
          </outerBoundaryIs>
        </Polygon>
      </Placemark>
      <Placemark xmlns="http://www.opengis.net/kml/2.2">
        <styleUrl>#Parti singole_style_map</styleUrl>
        <name>T00165</name>
        <Polygon>
          <outerBoundaryIs>
            <LinearRing>
              <coordinates>8.51114989190443,39.5193066443818 8.51122298504802,39.5194046598048 8.51115854281641,39.5194283470626 8.51116934017653,39.5194513778115 8.51120138417777,39.5194374205201 8.51127767580699,39.5194045385092 8.51119669800018,39.5192878476021 8.51114989190443,39.5193066443818</coordinates>
            </LinearRing>
          </outerBoundaryIs>
        </Polygon>
      </Placemark>
      <Placemark xmlns="http://www.opengis.net/kml/2.2">
        <styleUrl>#Parti singole_style_map</styleUrl>
        <name>T02254</name>
        <Polygon>
          <outerBoundaryIs>
            <LinearRing>
              <coordinates>8.51014703605821,39.5119235173431 8.51088212175761,39.513158767569 8.51224761209383,39.5126743021043 8.51232971431534,39.5125446728531 8.51143198722838,39.5125842314389 8.51083937134281,39.5123201588422 8.51076895437546,39.5118983412637 8.51044833240792,39.5118135189137 8.51014703605821,39.5119235173431</coordinates>
            </LinearRing>
          </outerBoundaryIs>
        </Polygon>
      </Placemark>
      <Placemark xmlns="http://www.opengis.net/kml/2.2">
        <styleUrl>#Parti singole_style_map</styleUrl>
        <name>T02255</name>
        <Polygon>
          <outerBoundaryIs>
            <LinearRing>
              <coordinates>8.51014703605821,39.5119235173431 8.51044833240792,39.5118135189137 8.51076895437546,39.5118983412637 8.5107550678114,39.5118151174736 8.51044441754843,39.5117498354528 8.51017846874355,39.5113207329183 8.50985937289283,39.5114362239452 8.51014703605821,39.5119235173431</coordinates>
            </LinearRing>
          </outerBoundaryIs>
        </Polygon>
      </Placemark>
      <Placemark xmlns="http://www.opengis.net/kml/2.2">
        <styleUrl>#Parti singole_style_map</styleUrl>
        <name>T02256</name>
        <Polygon>
          <outerBoundaryIs>
            <LinearRing>
              <coordinates>8.51044441754843,39.5117498354528 8.5107550678114,39.5118151174736 8.51083168180346,39.511766631169 8.51116697868294,39.5115271424686 8.51164693875636,39.510778763034 8.51122070706179,39.5109434542995 8.51017846874355,39.5113207329183 8.51044441754843,39.5117498354528</coordinates>
            </LinearRing>
          </outerBoundaryIs>
        </Polygon>
      </Placemark>
      <Placemark xmlns="http://www.opengis.net/kml/2.2">
        <styleUrl>#Parti singole_style_map</styleUrl>
        <name>T02257</name>
        <Polygon>
          <outerBoundaryIs>
            <LinearRing>
              <coordinates>8.51158049587539,39.5115788350267 8.51199896866387,39.5109211458562 8.51173923567458,39.5107445873738 8.51164693875636,39.510778763034 8.51116697868294,39.5115271424686 8.51158049587539,39.5115788350267</coordinates>
            </LinearRing>
          </outerBoundaryIs>
          <innerBoundaryIs>
            <LinearRing>
              <coordinates>8.51160994268895,39.5111447872158 8.51171091602723,39.5110062544042 8.51175803950668,39.5110276807963 8.51172648161653,39.5110724466217 8.511777350206,39.5111005924303 8.51173580751834,39.5111559304601 8.51168249582341,39.5111344690371 8.5116563442448,39.5111679856482 8.51160994268895,39.5111447872158</coordinates>
            </LinearRing>
          </innerBoundaryIs>
        </Polygon>
      </Placemark>
      <Placemark xmlns="http://www.opengis.net/kml/2.2">
        <styleUrl>#Parti singole_style_map</styleUrl>
        <name>T02258</name>
        <Polygon>
          <outerBoundaryIs>
            <LinearRing>
              <coordinates>8.51158049587539,39.5115788350267 8.51216286096811,39.5116516616984 8.51219342877307,39.5116020981078 8.51225651287638,39.5115203960435 8.51246505600498,39.5112379416971 8.51199896866387,39.5109211458562 8.51158049587539,39.5115788350267</coordinates>
            </LinearRing>
          </outerBoundaryIs>
        </Polygon>
      </Placemark>
      <Placemark xmlns="http://www.opengis.net/kml/2.2">
        <styleUrl>#Parti singole_style_map</styleUrl>
        <name>T00163</name>
        <Polygon>
          <outerBoundaryIs>
            <LinearRing>
              <coordinates>8.49772746816762,39.5156216156171 8.49791143314282,39.5156958809911 8.49800932450908,39.5157767391379 8.49815201768134,39.5159202412565 8.49818724084344,39.5159608857765 8.49828136575778,39.516083481227 8.49832175909659,39.5161703078838 8.49835273364404,39.516339006634 8.49839303545111,39.5164256526612 8.49847232017616,39.516491283727 8.4987663503606,39.5166431241401 8.49889988352088,39.5166874272831 8.49910285471771,39.5167318494925 8.49918531998854,39.5168066843062 8.49928686503529,39.5169947077863 8.49933896302016,39.5171414760919 8.49939604191968,39.517362510827 8.4994967241357,39.5175007844456 8.49980393623272,39.51769386516 8.4999941988005,39.517835128007 8.50032359488764,39.5180076511862 8.50047899421088,39.5180871957983 8.50055926268167,39.5181638132323 8.50058205723654,39.5182264788486 8.50059265065855,39.5184690009308 8.50056617211686,39.5187223111542 8.50057084024138,39.5189475079433 8.50058276387565,39.518993070293 8.5006570670393,39.5190857003596 8.50081565699738,39.5192155537892 8.50096648249604,39.5192714350268 8.50118318190474,39.5193121462657 8.50122325289823,39.5192676091562 8.50122709174077,39.5192497672004 8.50160803640485,39.5188381172016 8.50179997099544,39.5186423174591 8.50205844805025,39.5184497940656 8.50221844703784,39.5182685615517 8.50230048431672,39.51809130175 8.5025280995807,39.5179485802224 8.50275174478984,39.5178648498005 8.50294086683681,39.5178081012893 8.50323764898329,39.5177392345059 8.50349365640185,39.5175102325696 8.50370675589415,39.5172129828266 8.50393615685063,39.5172320643816 8.50397241839488,39.5170276940593 8.50410249866014,39.5168728124562 8.50436842869992,39.516703553264 8.50472977932666,39.5167445505959 8.50493915523604,39.5166969135001 8.50470079126798,39.5167982906773 8.50437467810513,39.5167604710671 8.50427892586854,39.5168208551084 8.5041745015883,39.5168934020245 8.50404056922905,39.5170534121524 8.50399103116947,39.5172810985674 8.50374409293368,39.5172677178162 8.50387575375195,39.5174187614686 8.50424077594263,39.517344777344 8.50435214443684,39.517105605199 8.50448114726266,39.5169778125971 8.50461584665511,39.5169208472086 8.50514706764483,39.5169208677729 8.50538291735501,39.5169245663017 8.50574805516247,39.5169534306883 8.50609791861949,39.5169626225385 8.50624210560674,39.5169850044097 8.50021850253496,39.5136596850897 8.50012879733807,39.5139199406611 8.5000036714483,39.5141410200106 8.49987334354753,39.5142504299539 8.49976233719949,39.5144684522436 8.4996413179713,39.5146292427987 8.49919485983674,39.5147765658983 8.49910750700559,39.5148495963518 8.4989918163328,39.514992190328 8.49885193562899,39.5150610114743 8.49848082596207,39.5152252628518 8.49831156346237,39.5152660425307 8.49799373508231,39.5153909130774 8.49791228065348,39.5154958916627 8.49779633766435,39.5155664638739 8.49772746816762,39.5156216156171</coordinates>
            </LinearRing>
          </outerBoundaryIs>
          <innerBoundaryIs>
            <LinearRing>
              <coordinates>8.49918036124338,39.5154732172114 8.49922519599606,39.5154649678239 8.49923925671063,39.5155108008471 8.49919380807506,39.5155170563133 8.49918036124338,39.5154732172114</coordinates>
            </LinearRing>
          </innerBoundaryIs>
          <innerBoundaryIs>
            <LinearRing>
              <coordinates>8.49850206268884,39.5161910892935 8.49859644185522,39.5163641613727 8.49856373093705,39.5163752650559 8.49846921723685,39.5162014985754 8.49850206268884,39.5161910892935</coordinates>
            </LinearRing>
          </innerBoundaryIs>
          <innerBoundaryIs>
            <LinearRing>
              <coordinates>8.49916692230147,39.5153214435488 8.49926993063806,39.5152229272784 8.49931408668551,39.5152508333355 8.4992114530738,39.5153490088679 8.49916692230147,39.5153214435488</coordinates>
            </LinearRing>
          </innerBoundaryIs>
          <innerBoundaryIs>
            <LinearRing>
              <coordinates>8.49892982798704,39.5164624517338 8.49904022201802,39.5163725003161 8.49907543367246,39.5163986649381 8.49899889856796,39.5164586048912 8.49905349045243,39.5165026664937 8.49901431181653,39.5165299069191 8.49892982798704,39.5164624517338</coordinates>
            </LinearRing>
          </innerBoundaryIs>
          <innerBoundaryIs>
            <LinearRing>
              <coordinates>8.49941811563006,39.5155219696097 8.4995739352591,39.5156911158569 8.4995305135771,39.5157147881185 8.49937489033316,39.5155458408871 8.49941811563006,39.5155219696097</coordinates>
            </LinearRing>
          </innerBoundaryIs>
          <innerBoundaryIs>
            <LinearRing>
              <coordinates>8.49904317237864,39.5155930756112 8.49916935318833,39.5157763759335 8.49912264163822,39.5157964657731 8.49899496217895,39.5156128976385 8.49904317237864,39.5155930756112</coordinates>
            </LinearRing>
          </innerBoundaryIs>
          <innerBoundaryIs>
            <LinearRing>
              <coordinates>8.50101187217868,39.5186457101503 8.50106166364526,39.518639502412 8.50111841282973,39.5188195510805 8.50107061351427,39.5188370052075 8.50101187217868,39.5186457101503</coordinates>
            </LinearRing>
          </innerBoundaryIs>
        </Polygon>
      </Placemark>
      <Placemark xmlns="http://www.opengis.net/kml/2.2">
        <styleUrl>#Parti singole_style_map</styleUrl>
        <name>T02586</name>
        <Polygon>
          <outerBoundaryIs>
            <LinearRing>
              <coordinates>8.49647247171352,39.5148794721532 8.49659571396968,39.5151496039751 8.49664595796338,39.5151349366454 8.49662823307366,39.5150957640772 8.49664843920105,39.5150893642017 8.49662745667823,39.5150502496006 8.49660871354873,39.5150554213986 8.49659091978161,39.5150193480749 8.4966208855056,39.5150113956697 8.49658959103109,39.5149424032168 8.49656103358943,39.5149502626036 8.49652118373253,39.514865897495 8.49647247171352,39.5148794721532</coordinates>
            </LinearRing>
          </outerBoundaryIs>
        </Polygon>
      </Placemark>
      <Placemark xmlns="http://www.opengis.net/kml/2.2">
        <styleUrl>#Parti singole_style_map</styleUrl>
        <name>T00162</name>
        <Polygon>
          <outerBoundaryIs>
            <LinearRing>
              <coordinates>8.50397300925051,39.5205434758442 8.50399920438741,39.5206159945526 8.50408781857052,39.5207125849824 8.50423365776057,39.5207964357259 8.50440250198114,39.5208731221259 8.50484335524316,39.5211485010873 8.50506622243935,39.5212392386019 8.50534482351574,39.5213241490936 8.50557357503654,39.5213809778652 8.50570681762258,39.5213910507865 8.50580598373457,39.5213290222531 8.50600176295405,39.5213467403132 8.50605101147161,39.5213645378631 8.50628764162229,39.5215097898722 8.50683897375725,39.5215383428081 8.5071620091564,39.5215688981748 8.50726924735449,39.521615575989 8.50777453022951,39.5217499444593 8.5081285190842,39.5219231083283 8.50837416232474,39.5220383899218 8.50865864004846,39.5221439239232 8.5087627765419,39.522145661836 8.50894025232345,39.5222154041658 8.50928640507251,39.5223439573789 8.50940546590147,39.5224105058447 8.5094546913321,39.522458252123 8.50952942480807,39.5225514459613 8.50961209141331,39.5227010687648 8.50969791301989,39.5229198769627 8.5097715466126,39.5231397419222 8.50986144106791,39.523239504963 8.50996737880805,39.5232748578492 8.51012610469614,39.5232650933983 8.51022339441229,39.5232314897335 8.51026335785381,39.5231719649342 8.51026096702236,39.5230138960235 8.51028248736989,39.5228935009042 8.51029031407572,39.5227532524011 8.51026532831725,39.5227112220965 8.51017167543062,39.5226380329332 8.51011273796109,39.5225203440216 8.51011866981261,39.522298841569 8.5097438422315,39.5219794846253 8.50966900343478,39.5218665849235 8.50962621283622,39.5218385444137 8.50947777503721,39.5217738904313 8.50923011552726,39.5216127401644 8.50897756990631,39.5214847446778 8.50894627528456,39.5214565542832 8.50893604470894,39.5214241459993 8.50894748318607,39.5212802095869 8.50900272756544,39.5211984312563 8.5091010148314,39.5211087705746 8.50917516298697,39.5210552202566 8.5095976209393,39.5208031209543 8.5095966263099,39.5207890606689 8.50946508350312,39.5206268602672 8.5094019551787,39.5205958775177 8.5093219065061,39.5205143565046 8.50884303655259,39.5201788881276 8.50883289012835,39.5201477776687 8.50810690572947,39.5199846916323 8.50759184406007,39.5198694120337 8.50747197757461,39.5199901196057 8.50737366056124,39.5200987274868 8.50724994748357,39.5200476369081 8.50616822287708,39.5199825391223 8.50556173320332,39.5211463079986 8.50567773087081,39.5211846720068 8.50582081851845,39.521127056189 8.50582392760741,39.521054482355 8.50600611478283,39.5210643937168 8.50599823298346,39.5211537965397 8.50591159290238,39.5211491481607 8.50589781537603,39.5211479182184 8.50590756838758,39.5211916867383 8.50603957589939,39.5211888512603 8.50602966446118,39.5212314188708 8.50557152880419,39.5212906137676 8.50528982133845,39.5211942294748 8.50494282155042,39.5211114151067 8.50468865516143,39.5209869354449 8.50442958793744,39.520818833427 8.5042768538293,39.520762182664 8.50413402199677,39.5206693435114 8.50406653233016,39.520604172154 8.50402869240907,39.5205380821564 8.50404516970321,39.5204574651726 8.50410296811281,39.5203918735819 8.50418984539752,39.520261666993 8.50421492065841,39.5201711212737 8.50417199767047,39.5200803934526 8.50412204673071,39.5200159997859 8.50407171348822,39.5200478345932 8.50410177138525,39.5200679838243 8.50413063985563,39.5201065090057 8.50415315416846,39.5201698574961 8.50412890521335,39.5202505404384 8.50399277622992,39.5204272911973 8.5039762519601,39.5204818141133 8.50397300925051,39.5205434758442</coordinates>
            </LinearRing>
          </outerBoundaryIs>
          <innerBoundaryIs>
            <LinearRing>
              <coordinates>8.50659841129794,39.521274625679 8.50669574125558,39.5212105342336 8.50676238510384,39.5212674290075 8.5066636158953,39.521332685736 8.50659841129794,39.521274625679</coordinates>
            </LinearRing>
          </innerBoundaryIs>
          <innerBoundaryIs>
            <LinearRing>
              <coordinates>8.50677345792657,39.5211839954968 8.50683203764912,39.5212362156809 8.50685589367479,39.5212205218843 8.50689646629841,39.5212625650315 8.50687925817534,39.5212775662324 8.50690002545466,39.5212972067625 8.50686371825773,39.5213264442691 8.5068310867062,39.5213064650337 8.50680576564021,39.5213302528737 8.50676503398872,39.5212958858046 8.50678726603136,39.5212696610843 8.50672419783521,39.5212253418811 8.50677345792657,39.5211839954968</coordinates>
            </LinearRing>
          </innerBoundaryIs>
          <innerBoundaryIs>
            <LinearRing>
              <coordinates>8.50623277590649,39.5211436389661 8.5063494982936,39.5211881414066 8.50633863251921,39.5212045120162 8.50640363275085,39.521227332027 8.50638198079419,39.5212603348922 8.50631778030793,39.5212362928659 8.50627081997425,39.5213142487108 8.50615314557727,39.5212694448044 8.50623277590649,39.5211436389661</coordinates>
            </LinearRing>
          </innerBoundaryIs>
          <innerBoundaryIs>
            <LinearRing>
              <coordinates>8.50696799857843,39.5213701544234 8.50723424864875,39.5214367620902 8.50744410673534,39.5215316837198 8.5077768686816,39.521588552685 8.50799265389203,39.5216762901914 8.50808317793854,39.5217884194353 8.5083114784937,39.5218816605847 8.50868427761372,39.522025708976 8.50902284693039,39.5220530631436 8.50943677525751,39.5222185743153 8.50954175733309,39.5222737462373 8.50968963859889,39.5224722008797 8.50981216361042,39.5226698725583 8.5099009119974,39.5228845211863 8.51020298281748,39.5231494549153 8.51016578189455,39.5231850689747 8.50982554634289,39.5229009082975 8.50963460735654,39.5225187050579 8.50948552434386,39.5223306611902 8.5093638579179,39.5222640567488 8.50916629877971,39.5221929867837 8.50898231775049,39.5221069627023 8.50878898240612,39.5221068841587 8.50866965531586,39.5220914494205 8.50827268394389,39.5219386307443 8.50811436766919,39.521861102526 8.50789511945617,39.5217381112544 8.50767250411311,39.5216817815916 8.50749975554767,39.5216151659243 8.50724244857436,39.5215045003448 8.50719671051977,39.5214952960072 8.50694930498114,39.5214273806535 8.50696799857843,39.5213701544234</coordinates>
            </LinearRing>
          </innerBoundaryIs>
        </Polygon>
      </Placemark>
      <Placemark xmlns="http://www.opengis.net/kml/2.2">
        <styleUrl>#Parti singole_style_map</styleUrl>
        <name>T02587</name>
        <Polygon>
          <outerBoundaryIs>
            <LinearRing>
              <coordinates>8.49353404381211,39.5147802356685 8.49419674734146,39.5147112296367 8.49419525856229,39.5146374646978 8.49428739821612,39.514636460227 8.49428908649858,39.5147260301297 8.49457893208216,39.514772478261 8.4948427834574,39.5148326885275 8.49484486690015,39.5148020354778 8.4951527653954,39.5148423435603 8.49514833519355,39.5148806181557 8.49532956908772,39.5148992460486 8.49590968190339,39.5150951261575 8.49607485203981,39.515174809174 8.49643667777313,39.5154107004524 8.49678300265134,39.5154882121939 8.4969909913511,39.5155217843722 8.49719503975009,39.5155662145764 8.49741246277948,39.5155901767853 8.49762823307888,39.5155981381284 8.49767898862407,39.5156077373488 8.49773417569075,39.5155577074102 8.49785038846158,39.5154836043829 8.49793426369243,39.5153300346524 8.49811195748314,39.5152719020378 8.49827506350961,39.5151959558226 8.49844872667904,39.5151627638625 8.49888878390323,39.51496623772 8.49903336946166,39.5148076580062 8.49915367790923,39.5147265883264 8.49957028693775,39.5145774969264 8.4996735050382,39.5144398043191 8.49973076923578,39.5143447848298 8.49980036394765,39.5142027755258 8.49994053827823,39.5140894164768 8.50004528068068,39.5139011912019 8.50013363563362,39.5136102767747 8.49634520326097,39.5114995278215 8.49599977869365,39.5115850514474 8.4960209263679,39.5117330566439 8.4958490035814,39.511922284311 8.49558862306018,39.5120991529546 8.49546047751915,39.5123084018177 8.49518279127999,39.5128554644884 8.49499497507384,39.5132082041368 8.49490508074489,39.5132688312095 8.49463855348011,39.5133891672316 8.49457518573221,39.5134266988553 8.49413717213517,39.5136907319328 8.49390139911754,39.5138094341418 8.4938094180484,39.5138848552196 8.49381076799759,39.5139520510451 8.49388959493121,39.5140637259805 8.49394250356268,39.5141498608425 8.49396831217798,39.5142129734087 8.49399200521215,39.5143255433981 8.49393465995776,39.5145059504704 8.49379095923145,39.5145908503201 8.49379063866113,39.5146061574522 8.49384710288614,39.5146063944694 8.49385023403888,39.5146365656434 8.49387980797738,39.5146377306786 8.49389014834688,39.5146923692397 8.49371427059539,39.5147036046169 8.4936065872682,39.5146728696141 8.49353404381211,39.5147802356685</coordinates>
            </LinearRing>
          </outerBoundaryIs>
          <innerBoundaryIs>
            <LinearRing>
              <coordinates>8.49671884576332,39.51514519983 8.49676946375783,39.5151592859893 8.49674940121678,39.5151844640086 8.49670419149278,39.5151737440993 8.49671884576332,39.51514519983</coordinates>
            </LinearRing>
          </innerBoundaryIs>
          <innerBoundaryIs>
            <LinearRing>
              <coordinates>8.49664401005365,39.5151485427945 8.49666503723567,39.5151283246473 8.49671073949886,39.5151417137595 8.49669603894112,39.5151718346328 8.49663944887469,39.515158353287 8.49664401005365,39.5151485427945</coordinates>
            </LinearRing>
          </innerBoundaryIs>
          <innerBoundaryIs>
            <LinearRing>
              <coordinates>8.49459218907752,39.5145645597927 8.49465295272969,39.5145670496821 8.49464186370197,39.5146011415366 8.49458690483461,39.514598649865 8.49459218907752,39.5145645597927</coordinates>
            </LinearRing>
          </innerBoundaryIs>
          <innerBoundaryIs>
            <LinearRing>
              <coordinates>8.49600195353757,39.5141268542758 8.49604746693254,39.5141196001904 8.49605888039508,39.5141644129644 8.49601058645981,39.5141700962061 8.49600195353757,39.5141268542758</coordinates>
            </LinearRing>
          </innerBoundaryIs>
          <innerBoundaryIs>
            <LinearRing>
              <coordinates>8.49611238431435,39.5146432461181 8.49615445228099,39.5146202360222 8.4961873276861,39.5146571226787 8.4961465484962,39.5146772550743 8.49611238431435,39.5146432461181</coordinates>
            </LinearRing>
          </innerBoundaryIs>
          <innerBoundaryIs>
            <LinearRing>
              <coordinates>8.49593221049066,39.5140953038945 8.4959928645978,39.5140951976358 8.49599300365844,39.5141403129042 8.49593285899296,39.5141407457448 8.49593221049066,39.5140953038945</coordinates>
            </LinearRing>
          </innerBoundaryIs>
          <innerBoundaryIs>
            <LinearRing>
              <coordinates>8.49779398170081,39.5144356408006 8.49792858434386,39.5145068274696 8.49789984859439,39.5145394828123 8.49776392448988,39.5144676416543 8.49779398170081,39.5144356408006</coordinates>
            </LinearRing>
          </innerBoundaryIs>
          <innerBoundaryIs>
            <LinearRing>
              <coordinates>8.49556152230503,39.5132174413374 8.49565228897165,39.5130538566155 8.49570264407956,39.5130670590881 8.49560999007216,39.5132342668137 8.49556152230503,39.5132174413374</coordinates>
            </LinearRing>
          </innerBoundaryIs>
          <innerBoundaryIs>
            <LinearRing>
              <coordinates>8.49593902462239,39.5137546803368 8.4959927862367,39.5137505255687 8.49602661553252,39.5139530440964 8.49597577567987,39.5139585180525 8.49593902462239,39.5137546803368</coordinates>
            </LinearRing>
          </innerBoundaryIs>
          <innerBoundaryIs>
            <LinearRing>
              <coordinates>8.49787977087318,39.5141825603815 8.49805177906691,39.5143416871076 8.49801154498293,39.5143686072853 8.49783980103907,39.5142083283219 8.49787977087318,39.5141825603815</coordinates>
            </LinearRing>
          </innerBoundaryIs>
          <innerBoundaryIs>
            <LinearRing>
              <coordinates>8.49695720847357,39.514377571041 8.49711049440511,39.5145484486258 8.49706819946373,39.5145739449338 8.49691152008589,39.5144026110928 8.49695720847357,39.514377571041</coordinates>
            </LinearRing>
          </innerBoundaryIs>
          <innerBoundaryIs>
            <LinearRing>
              <coordinates>8.49535968658452,39.5142148540357 8.49543546589905,39.5142240493466 8.4953779325346,39.5143747312858 8.49529779368718,39.514358705197 8.49535968658452,39.5142148540357</coordinates>
            </LinearRing>
          </innerBoundaryIs>
          <innerBoundaryIs>
            <LinearRing>
              <coordinates>8.496495327354,39.5137881603646 8.49657456722931,39.513870614816 8.49660145990121,39.5138548191288 8.49663270487838,39.5138871123464 8.49660462571362,39.5139012900523 8.49665497954566,39.5139550475524 8.49661278417323,39.5139796701282 8.49645302603413,39.5138129626304 8.496495327354,39.5137881603646</coordinates>
            </LinearRing>
          </innerBoundaryIs>
          <innerBoundaryIs>
            <LinearRing>
              <coordinates>8.49538862792268,39.5145058147972 8.4955471135893,39.5145251454543 8.49554231373357,39.5145630940907 8.49553483078357,39.5145988685991 8.49537416064852,39.5145839885433 8.49538862792268,39.5145058147972</coordinates>
            </LinearRing>
          </innerBoundaryIs>
          <innerBoundaryIs>
            <LinearRing>
              <coordinates>8.49468285511457,39.5144282496678 8.49475938649437,39.5144203741386 8.49478179617173,39.5145882076722 8.49470518012205,39.5145997140052 8.49468285511457,39.5144282496678</coordinates>
            </LinearRing>
          </innerBoundaryIs>
          <innerBoundaryIs>
            <LinearRing>
              <coordinates>8.49456314071443,39.5139631839057 8.49465476593786,39.5140105442927 8.49456548887639,39.5141222172295 8.49447299479656,39.5140775560874 8.49456314071443,39.5139631839057</coordinates>
            </LinearRing>
          </innerBoundaryIs>
          <innerBoundaryIs>
            <LinearRing>
              <coordinates>8.49434341569941,39.5145892467273 8.49440326379419,39.5145912642254 8.49440544174511,39.5145427981965 8.49450748771272,39.5145472608757 8.49450466984772,39.5145893358072 8.49455543250841,39.5145913767652 8.49455211859742,39.5146425049083 8.49434162328288,39.5146342724915 8.49434341569941,39.5145892467273</coordinates>
            </LinearRing>
          </innerBoundaryIs>
          <innerBoundaryIs>
            <LinearRing>
              <coordinates>8.4956645880593,39.5141674503146 8.49575052305733,39.5141653545285 8.49575348927682,39.5143390232679 8.49566423434202,39.5143433301913 8.4956645880593,39.5141674503146</coordinates>
            </LinearRing>
          </innerBoundaryIs>
          <innerBoundaryIs>
            <LinearRing>
              <coordinates>8.49513553851445,39.5146365901806 8.49516225774901,39.5146384002364 8.49516769859913,39.514601923084 8.49525045296344,39.5146102117534 8.49524143536451,39.5146779662016 8.49533381677029,39.5146853505575 8.49532922144777,39.5147271654984 8.49523099209119,39.5147193052133 8.49523000843629,39.5147266263273 8.49512322245155,39.5147180529976 8.49513553851445,39.5146365901806</coordinates>
            </LinearRing>
          </innerBoundaryIs>
          <innerBoundaryIs>
            <LinearRing>
              <coordinates>8.49572746401544,39.512297469193 8.49611781272231,39.5120725533537 8.49615221533691,39.5121055902401 8.49583096428513,39.5122757259936 8.49584194199891,39.5122858381637 8.49576031648844,39.5123276972553 8.49572746401544,39.512297469193</coordinates>
            </LinearRing>
          </innerBoundaryIs>
          <innerBoundaryIs>
            <LinearRing>
              <coordinates>8.49652118373253,39.514865897495 8.49656103358943,39.5149502626036 8.49658959103109,39.5149424032168 8.4966208855056,39.5150113956697 8.49659091978161,39.5150193480749 8.49660871354873,39.5150554213986 8.49662745667823,39.5150502496006 8.49664843920105,39.5150893642017 8.49662823307366,39.5150957640772 8.49664595796338,39.5151349366454 8.49659571396968,39.5151496039751 8.49647247171352,39.5148794721532 8.49652118373253,39.514865897495</coordinates>
            </LinearRing>
          </innerBoundaryIs>
          <innerBoundaryIs>
            <LinearRing>
              <coordinates>8.49722290667015,39.5149945765058 8.49728615541422,39.5150316033116 8.49730115078654,39.5150170174255 8.4973398625106,39.5150431977223 8.49733836301288,39.5150446509055 8.49752127339571,39.5151632701296 8.49751377532755,39.5151706171471 8.49752875262067,39.5151795120408 8.49749827320634,39.5152135383161 8.49719254000783,39.5150274769002 8.49722290667015,39.5149945765058</coordinates>
            </LinearRing>
          </innerBoundaryIs>
          <innerBoundaryIs>
            <LinearRing>
              <coordinates>8.49496531559651,39.5143410777399 8.49504602805759,39.5143485647697 8.49503978658656,39.5143895706277 8.49509992571422,39.5143963554902 8.49505387721636,39.5147118498439 8.49498588436943,39.5147052380533 8.49501454300254,39.5145084241239 8.4949399482744,39.51450267563 8.49496531559651,39.5143410777399</coordinates>
            </LinearRing>
          </innerBoundaryIs>
        </Polygon>
      </Placemark>
      <Placemark xmlns="http://www.opengis.net/kml/2.2">
        <styleUrl>#Parti singole_style_map</styleUrl>
        <name>T02608</name>
        <Polygon>
          <outerBoundaryIs>
            <LinearRing>
              <coordinates>8.49732444570322,39.5150581512128 8.49751377532755,39.5151706171471 8.49752127339571,39.5151632701296 8.49733836301288,39.5150446509055 8.49732444570322,39.5150581512128</coordinates>
            </LinearRing>
          </outerBoundaryIs>
        </Polygon>
      </Placemark>
      <Placemark xmlns="http://www.opengis.net/kml/2.2">
        <styleUrl>#Parti singole_style_map</styleUrl>
        <name>T02610</name>
        <Polygon>
          <outerBoundaryIs>
            <LinearRing>
              <coordinates>8.49719254000783,39.5150274769002 8.49749827320634,39.5152135383161 8.49752875262067,39.5151795120408 8.49751377532755,39.5151706171471 8.49732444570322,39.5150581512128 8.49733836301288,39.5150446509055 8.4973398625106,39.5150431977223 8.49730115078654,39.5150170174255 8.49728615541422,39.5150316033116 8.49722290667015,39.5149945765058 8.49719254000783,39.5150274769002</coordinates>
            </LinearRing>
          </outerBoundaryIs>
        </Polygon>
      </Placemark>
      <Placemark xmlns="http://www.opengis.net/kml/2.2">
        <styleUrl>#Parti singole_style_map</styleUrl>
        <name>T02616</name>
        <Polygon>
          <outerBoundaryIs>
            <LinearRing>
              <coordinates>8.51014703605821,39.5119235173431 8.50985937289283,39.5114362239452 8.51017846874355,39.5113207329183 8.51122070706179,39.5109434542995 8.51048563184815,39.5097356242566 8.51038728775303,39.5097117289028 8.5099199409225,39.509775398546 8.50941970117073,39.5098451895879 8.50895353972167,39.5100293014059 8.50871787481873,39.5101132363864 8.50852436939167,39.5102162349017 8.50827093344098,39.5103210337889 8.50799737399193,39.510457012732 8.50773376089306,39.5105663716155 8.50761413563846,39.5106453717778 8.50751513474581,39.5107440296799 8.50738599933951,39.5108518673839 8.50721597883916,39.51096590182 8.50655718942116,39.5111017203042 8.50627293117099,39.5111197856423 8.50606143490942,39.5111523239106 8.50582584586712,39.5111310127162 8.50563527768848,39.5111796956318 8.50545897838641,39.5113141542035 8.50503825229254,39.5115233481822 8.504766871852,39.5116523367451 8.50458978329873,39.5117288632414 8.50439689956285,39.5117903829647 8.50422829522119,39.51185967377 8.50408135312289,39.5119759555412 8.50380804587107,39.5122770668452 8.50367776025112,39.5124194410507 8.50351182652938,39.5125593200748 8.50333545430593,39.5126115288411 8.50315296247602,39.5126393472536 8.50285846546135,39.5127056377414 8.50270116052189,39.5128210985078 8.5024623462378,39.513048893083 8.50229870043287,39.513161046381 8.50218442244091,39.5131755679262 8.50176727254545,39.5131614354562 8.50154193812254,39.5131905362635 8.50136590570196,39.5132614849561 8.50118062270375,39.5133685070272 8.5005515360636,39.5133089670073 8.50035363933746,39.5133903802563 8.50028468919833,39.5134346487292 8.5002235159897,39.5136451189495 8.50021850253496,39.5136596850897 8.50624210560674,39.5169850044097 8.50635066424754,39.517001855546 8.50656035830694,39.5171770420178 8.50670323751084,39.517216627467 8.50684751733959,39.5170961233796 8.50699586233786,39.5171014384073 8.50711541879192,39.5171588458878 8.50716176574855,39.5171621510843 8.50737650611456,39.5170319618148 8.50788051801237,39.5169363992004 8.50794159457508,39.5169460106344 8.50837630687947,39.5170514788389 8.50850416634735,39.5170682474603 8.50860626493147,39.5169636190907 8.50871824367335,39.5167429344694 8.50881122570091,39.5167069620213 8.50890280108041,39.5167187112061 8.50921702803301,39.5170901109557 8.50927119253334,39.517323058254 8.50929256777213,39.5173686326297 8.50951075282753,39.5173551465846 8.50962579301006,39.5173339173998 8.51001280683408,39.5172219483872 8.51053546486579,39.5170617678367 8.51084914764118,39.5169685438482 8.51147623488792,39.5170703592648 8.51190167926672,39.5172359552338 8.51221145664059,39.5172700720058 8.51259223224416,39.5173624402345 8.51262348285471,39.5172787753949 8.51261245198432,39.517214260288 8.51255257617157,39.517129321075 8.51250663526648,39.5171544112441 8.51195683460959,39.5162788946733 8.51200934808441,39.5162521113562 8.51193529124793,39.5160876952847 8.51178955915024,39.516055051224 8.51143488040769,39.5160811226492 8.51138031914769,39.5161875843593 8.51109119713121,39.5161748346847 8.51099801587259,39.5160902590622 8.51088369885889,39.5158960919602 8.51087090770454,39.515585398312 8.51151760538533,39.5150734409472 8.51164181605778,39.5150128732078 8.511806501963,39.5149666126333 8.51197373551341,39.5150017167199 8.51088212175761,39.513158767569 8.51014703605821,39.5119235173431</coordinates>
            </LinearRing>
          </outerBoundaryIs>
        </Polygon>
      </Placemark>
      <Placemark xmlns="http://www.opengis.net/kml/2.2">
        <styleUrl>#Parti singole_style_map</styleUrl>
        <name>T02620</name>
        <Polygon>
          <outerBoundaryIs>
            <LinearRing>
              <coordinates>8.51085266886795,39.519824612553 8.51089311620584,39.5198134659095 8.51088768642424,39.5197931247899 8.5108746129056,39.5197595784064 8.51085930737495,39.5197241394672 8.51083357284479,39.5196695547443 8.51082334236705,39.5196486437763 8.51082268559525,39.5196460820814 8.51070471748987,39.5196646240395 8.51073890288024,39.519864319445 8.51073685375558,39.5198645450826 8.51073918722662,39.5198735291831 8.51080159962303,39.5198623128968 8.51086278929459,39.5198496047266 8.51085266886795,39.519824612553</coordinates>
            </LinearRing>
          </outerBoundaryIs>
        </Polygon>
      </Placemark>
      <Placemark xmlns="http://www.opengis.net/kml/2.2">
        <styleUrl>#Parti singole_style_map</styleUrl>
        <name>T02621</name>
        <Polygon>
          <outerBoundaryIs>
            <LinearRing>
              <coordinates>8.51064722600309,39.5194920055479 8.51077925337331,39.5194692880104 8.51077902090237,39.5194676021026 8.51077636288148,39.5194485070629 8.51064407295365,39.5194754853699 8.51064722600309,39.5194920055479</coordinates>
            </LinearRing>
          </outerBoundaryIs>
        </Polygon>
      </Placemark>
      <Placemark xmlns="http://www.opengis.net/kml/2.2">
        <styleUrl>#Parti singole_style_map</styleUrl>
        <name>T02670</name>
        <Polygon>
          <outerBoundaryIs>
            <LinearRing>
              <coordinates>8.51149049000982,39.5123979547265 8.51159615777221,39.5124314308798 8.51163747186483,39.5123440962874 8.511533121466,39.5123152029559 8.51149049000982,39.5123979547265</coordinates>
            </LinearRing>
          </outerBoundaryIs>
        </Polygon>
      </Placemark>
      <Placemark xmlns="http://www.opengis.net/kml/2.2">
        <styleUrl>#Parti singole_style_map</styleUrl>
        <name>T02728</name>
        <Polygon>
          <outerBoundaryIs>
            <LinearRing>
              <coordinates>8.51112278942421,39.5120144331808 8.51126639568833,39.5121084564879 8.51141248482676,39.5119645003259 8.51126624986501,39.5118687992277 8.51112278942421,39.5120144331808</coordinates>
            </LinearRing>
          </outerBoundaryIs>
        </Polygon>
      </Placemark>
      <Placemark xmlns="http://www.opengis.net/kml/2.2">
        <styleUrl>#Parti singole_style_map</styleUrl>
        <name>T00155</name>
        <Polygon>
          <outerBoundaryIs>
            <LinearRing>
              <coordinates>8.49611238431435,39.5146432461181 8.4961465484962,39.5146772550743 8.4961873276861,39.5146571226787 8.49615445228099,39.5146202360222 8.49611238431435,39.5146432461181</coordinates>
            </LinearRing>
          </outerBoundaryIs>
        </Polygon>
      </Placemark>
      <Placemark xmlns="http://www.opengis.net/kml/2.2">
        <styleUrl>#Parti singole_style_map</styleUrl>
        <name>T00158</name>
        <Polygon>
          <outerBoundaryIs>
            <LinearRing>
              <coordinates>8.49601058645981,39.5141700962061 8.49605888039508,39.5141644129644 8.49604746693254,39.5141196001904 8.49600195353757,39.5141268542758 8.49601058645981,39.5141700962061</coordinates>
            </LinearRing>
          </outerBoundaryIs>
        </Polygon>
      </Placemark>
      <Placemark xmlns="http://www.opengis.net/kml/2.2">
        <styleUrl>#Parti singole_style_map</styleUrl>
        <name>T00159</name>
        <Polygon>
          <outerBoundaryIs>
            <LinearRing>
              <coordinates>8.49576031648844,39.5123276972553 8.49584194199891,39.5122858381637 8.49583096428513,39.5122757259936 8.49615221533691,39.5121055902401 8.49611781272231,39.5120725533537 8.49572746401544,39.512297469193 8.49576031648844,39.5123276972553</coordinates>
            </LinearRing>
          </outerBoundaryIs>
        </Polygon>
      </Placemark>
      <Placemark xmlns="http://www.opengis.net/kml/2.2">
        <styleUrl>#Parti singole_style_map</styleUrl>
        <name>T00160</name>
        <Polygon>
          <outerBoundaryIs>
            <LinearRing>
              <coordinates>8.49413717213517,39.5136907319328 8.49457518573221,39.5134266988553 8.49463855348011,39.5133891672316 8.49490508074489,39.5132688312095 8.49499497507384,39.5132082041368 8.49518279127999,39.5128554644884 8.49546047751915,39.5123084018177 8.49558862306018,39.5120991529546 8.4958490035814,39.511922284311 8.4960209263679,39.5117330566439 8.49599977869365,39.5115850514474 8.49634520326097,39.5114995278215 8.49633207439697,39.5114796481918 8.49602182025644,39.5113359305556 8.49585907516199,39.511198844176 8.4956982118024,39.5111602936184 8.49530999316672,39.5110738746504 8.49516637734072,39.5109732000239 8.49504837920571,39.5107757575733 8.4950359188072,39.5105512742721 8.49469981227265,39.5104574209916 8.49461078990277,39.5106501249886 8.49459358226541,39.5107645262882 8.49452870004397,39.511160409886 8.49433134486374,39.5110820712565 8.49453559780515,39.5112983879374 8.49461253875976,39.5113185814303 8.49468323297106,39.5114286617084 8.49475308726831,39.511580825504 8.49478585867597,39.5118227419947 8.49483819122641,39.5122386697593 8.49483175924996,39.5123493065536 8.49474750963888,39.512475454083 8.49463365932845,39.5125785325078 8.49444481106631,39.5127910211582 8.49438368662844,39.5130260956892 8.49435558174636,39.5133035632901 8.49423856151435,39.5135418363601 8.49413717213517,39.5136907319328</coordinates>
            </LinearRing>
          </outerBoundaryIs>
        </Polygon>
      </Placemark>
      <Placemark xmlns="http://www.opengis.net/kml/2.2">
        <styleUrl>#Parti singole_style_map</styleUrl>
        <name>T00118</name>
        <Polygon>
          <outerBoundaryIs>
            <LinearRing>
              <coordinates>8.49634520326097,39.5114995278215 8.50013363563362,39.5136102767747 8.50019759101278,39.5133995662818 8.50028182302608,39.5133476687837 8.50052136726863,39.5132480266427 8.50066453796817,39.5132485700391 8.50117014051121,39.5132971543362 8.50134545909087,39.5131845661818 8.50154309367311,39.5131070335618 8.50176832638221,39.5130839872513 8.50217537032151,39.5130992928036 8.50228156199006,39.5130898725056 8.50239898867185,39.5129911268517 8.50262136827775,39.5127760747197 8.50280474954685,39.5126464803467 8.50333694140341,39.5125432279412 8.50344592825069,39.5125054360094 8.50359895627846,39.5123842614254 8.50385911318268,39.5120824997783 8.50401060097336,39.5119339717289 8.50417790481093,39.5118022701847 8.50436329834034,39.5117242750269 8.50454642119188,39.5116661917152 8.50474873622666,39.5115836818507 8.50506781957149,39.5114188102181 8.50539785596832,39.5112560116586 8.50559528012005,39.5111165432395 8.5058223927739,39.5110585820387 8.50606599318753,39.5110836035157 8.50625105180778,39.5110539623254 8.50654820087709,39.5110289687933 8.50718580007593,39.5108908799682 8.50732822136249,39.510789415072 8.50755071669317,39.5105943477908 8.50769496232458,39.5105028736138 8.50784227481004,39.5104547519229 8.50790212560729,39.5104081607721 8.50833649428807,39.5102069612061 8.50868494807742,39.5100433842279 8.50887195537953,39.5099809585091 8.50913037005697,39.5098807836162 8.50939589527517,39.5097750697912 8.50991651352004,39.5097036798893 8.51037156420059,39.5096417514897 8.5104031306031,39.5096438307594 8.51044489972479,39.5096539902296 8.51006723007369,39.5090234860931 8.50845643909883,39.5062784509189 8.50838161954183,39.5063617502254 8.50819648652828,39.506578602243 8.50815293404192,39.5066764412792 8.50792867799727,39.5069136978033 8.50777786796484,39.5070546382862 8.50774120455172,39.507082721322 8.50763601024816,39.5071351301496 8.50754729996062,39.507126311466 8.50741108734622,39.5070926300304 8.50733716579347,39.5070518511698 8.5072802857991,39.5070092613808 8.50721493979973,39.5069351625615 8.50716734601184,39.5067768293308 8.50711134868059,39.5066341203824 8.50698790778986,39.5063423375782 8.5069095303497,39.5062262041342 8.50684122600701,39.5061495336061 8.50676216618955,39.506138133283 8.50658140673874,39.506173569222 8.50607268111118,39.5062113502558 8.50583979486234,39.5062131170499 8.50578463533514,39.5061922217168 8.50572203975374,39.5061373798254 8.50574077644064,39.5060539337493 8.50581494268455,39.5059450530272 8.50584864547584,39.5057603403766 8.50586120762394,39.5056011271422 8.5058570433796,39.5055191063771 8.50586300887227,39.505353557843 8.50586880761063,39.5053395353952 8.50596199583385,39.5052511799186 8.5062211105489,39.5051701523132 8.50641771470144,39.5051421817272 8.50646587172393,39.5050808997888 8.50642625927184,39.5048782962964 8.50637842906988,39.504747226965 8.50621266020182,39.5045683070774 8.50619701525646,39.5044863366256 8.50616139778879,39.5043898467152 8.50618869658824,39.5043043915889 8.50626009956033,39.5041862361736 8.50636781579644,39.5040646308768 8.50639677508919,39.5040123678223 8.50637955550725,39.5038866545209 8.50632110837655,39.5037783722294 8.50627561214188,39.503738317158 8.50616683610731,39.5036844595757 8.50605297366541,39.5036065136547 8.50597234430256,39.5035412783665 8.50586408786803,39.5034437225725 8.50577342832152,39.5033135069794 8.50571547472105,39.5032604958878 8.50555792032469,39.5032590145245 8.50546843586332,39.5032387298146 8.50537534594602,39.5031889208293 8.50529185918272,39.5031265832405 8.50516189253711,39.5030121931322 8.50508031387144,39.5029236073921 8.50500991056777,39.5027632387908 8.50489143586991,39.5024327122798 8.50475296751173,39.5020532643644 8.50475008718181,39.5019315133881 8.50476849739271,39.5018580044219 8.50486094650353,39.5017209457304 8.50497029145549,39.5015761469897 8.50501930766769,39.5014018525714 8.50505351499508,39.5012410646119 8.50504542980815,39.5011397449253 8.50495955999021,39.5011890170327 8.50444754898619,39.5014829590602 8.50400002191129,39.5016041756025 8.50349406109852,39.5018445457264 8.50315386322898,39.5020451121621 8.50296319622279,39.5024241544651 8.50298718034896,39.5025577632551 8.50301455925272,39.502738907082 8.5029386315602,39.5029054897523 8.50276196764901,39.5030508994666 8.50270500022884,39.503076857695 8.50259346559377,39.5031314243725 8.50241525265371,39.5031775330053 8.50234701020114,39.5032220310915 8.50229802914562,39.5032648185969 8.5022694568208,39.5033830559756 8.50232213237405,39.5036537178789 8.50235020172311,39.5037200190384 8.50249284721207,39.5038501085083 8.50261991456587,39.5039286730803 8.50263545062702,39.5039812788616 8.5025948707341,39.5040202640485 8.50232205383115,39.5040639311118 8.50193008223863,39.5043639353802 8.50166575830821,39.5044819004885 8.50139485046227,39.5046177222494 8.50123411475132,39.5047402306008 8.50117009440023,39.5048266802014 8.50114290706914,39.5049769459403 8.50101407555284,39.5050830840365 8.50094285110812,39.5052269254197 8.50085697587384,39.5053180834632 8.50079744824122,39.5053552385964 8.50051894834873,39.5054184654501 8.50021329131043,39.5054716003706 8.50010461049561,39.5055118054221 8.50001326000592,39.5056023265727 8.49999873977773,39.5056402246131 8.49999909422666,39.5057837967778 8.49992038517055,39.5060950443003 8.49971685467787,39.5063905088244 8.49959692344093,39.5064875741964 8.49953185475049,39.5065040531245 8.49944443974367,39.5065953476298 8.49927446619427,39.5067397445565 8.4991987301207,39.5068729331839 8.49918007152142,39.507062583278 8.49920047161274,39.5072490318771 8.4992488311151,39.5073080057035 8.49932432019286,39.5073485441627 8.49951709415702,39.507408149175 8.49969099250858,39.5074658164534 8.49992280177049,39.5075029008822 8.50007092836261,39.5075454814865 8.50008143181157,39.5075941374139 8.49996448543307,39.5077272843351 8.49986734880923,39.5078034990538 8.49975858937633,39.5078784382386 8.49964034208195,39.5079123214389 8.49950919918446,39.5079310476523 8.49943853016956,39.5079383749313 8.4993615193124,39.5079590101249 8.499175260626,39.5080884336024 8.49908076139416,39.5081341230225 8.49890574528038,39.5081913407137 8.49880636043961,39.5083001171757 8.4986631323173,39.508522468759 8.49862306168986,39.5085886208552 8.49855611023774,39.5086692536447 8.49847580379795,39.5087193648242 8.4979924190313,39.5090486408392 8.49741124156807,39.5093760140957 8.497094618624,39.5095501380182 8.49686925825215,39.5097920806158 8.49635935734082,39.5103230301394 8.49634520326097,39.5114995278215</coordinates>
            </LinearRing>
          </outerBoundaryIs>
          <innerBoundaryIs>
            <LinearRing>
              <coordinates>8.49953192829758,39.5066752767632 8.49957957035811,39.5066753828749 8.49957703085385,39.5067196667231 8.49952939039175,39.5067177134993 8.49953192829758,39.5066752767632</coordinates>
            </LinearRing>
          </innerBoundaryIs>
          <innerBoundaryIs>
            <LinearRing>
              <coordinates>8.50118438582014,39.5050514953371 8.50123023389507,39.505004685269 8.50127557298394,39.5050322713252 8.50122280008872,39.5050731679332 8.50118438582014,39.5050514953371</coordinates>
            </LinearRing>
          </innerBoundaryIs>
          <innerBoundaryIs>
            <LinearRing>
              <coordinates>8.50307737112944,39.5027039273186 8.50313073688781,39.5026904147993 8.50315866140127,39.5027885216488 8.5031006731476,39.5027978336132 8.50307737112944,39.5027039273186</coordinates>
            </LinearRing>
          </innerBoundaryIs>
          <innerBoundaryIs>
            <LinearRing>
              <coordinates>8.50271353198222,39.5033336347615 8.50276218146015,39.503332419357 8.50278258992344,39.5034340892411 8.50279378162255,39.5035413601461 8.50274510488205,39.503544746938 8.50271353198222,39.5033336347615</coordinates>
            </LinearRing>
          </innerBoundaryIs>
        </Polygon>
      </Placemark>
      <Placemark xmlns="http://www.opengis.net/kml/2.2">
        <styleUrl>#Parti singole_style_map</styleUrl>
        <name>T00028</name>
        <Polygon>
          <outerBoundaryIs>
            <LinearRing>
              <coordinates>8.49952939039175,39.5067177134993 8.49957703085385,39.5067196667231 8.49957957035811,39.5066753828749 8.49953192829758,39.5066752767632 8.49952939039175,39.5067177134993</coordinates>
            </LinearRing>
          </outerBoundaryIs>
        </Polygon>
      </Placemark>
      <Placemark xmlns="http://www.opengis.net/kml/2.2">
        <styleUrl>#Parti singole_style_map</styleUrl>
        <name>T00029</name>
        <Polygon>
          <outerBoundaryIs>
            <LinearRing>
              <coordinates>8.49517114280743,39.5096213477267 8.49519653612862,39.5095441674987 8.49523487155166,39.5092667799983 8.49533313922213,39.5091060121874 8.49540905175911,39.509006047989 8.49544899484497,39.508935472388 8.49575123379867,39.5088139468492 8.49591186584906,39.5087582753476 8.49633106188373,39.5087075633003 8.49668743249964,39.5086441072802 8.49692801688041,39.5085470809318 8.49711910941239,39.5085593784111 8.49749144990053,39.5086829893852 8.4976806023247,39.5087256874051 8.49799299617017,39.5087326781911 8.49828746859814,39.508737599461 8.49847580379795,39.5087193648242 8.49855611023774,39.5086692536447 8.49862306168986,39.5085886208552 8.4986631323173,39.508522468759 8.49880636043961,39.5083001171757 8.49890574528038,39.5081913407137 8.49908076139416,39.5081341230225 8.499175260626,39.5080884336024 8.4993615193124,39.5079590101249 8.49943853016956,39.5079383749313 8.49950919918446,39.5079310476523 8.49964034208195,39.5079123214389 8.49975858937633,39.5078784382386 8.49986734880923,39.5078034990538 8.49996448543307,39.5077272843351 8.50008143181157,39.5075941374139 8.50007092836261,39.5075454814865 8.49992280177049,39.5075029008822 8.49969099250858,39.5074658164534 8.49951709415702,39.507408149175 8.49932432019286,39.5073485441627 8.4992488311151,39.5073080057035 8.49920047161274,39.5072490318771 8.49918007152142,39.507062583278 8.4991987301207,39.5068729331839 8.49927446619427,39.5067397445565 8.49944443974367,39.5065953476298 8.49953185475049,39.5065040531245 8.49959692344093,39.5064875741964 8.49971685467787,39.5063905088244 8.49992038517055,39.5060950443003 8.49999909422666,39.5057837967778 8.49999873977773,39.5056402246131 8.50001326000592,39.5056023265727 8.50010461049561,39.5055118054221 8.50021329131043,39.5054716003706 8.50051894834873,39.5054184654501 8.50079744824122,39.5053552385964 8.50085697587384,39.5053180834632 8.50094285110812,39.5052269254197 8.50101407555284,39.5050830840365 8.50114290706914,39.5049769459403 8.50117009440023,39.5048266802014 8.50123411475132,39.5047402306008 8.50139485046227,39.5046177222494 8.50166575830821,39.5044819004885 8.50193008223863,39.5043639353802 8.50232205383115,39.5040639311118 8.5025948707341,39.5040202640485 8.50263545062702,39.5039812788616 8.50261991456587,39.5039286730803 8.50249284721207,39.5038501085083 8.50235020172311,39.5037200190384 8.50232213237405,39.5036537178789 8.5022694568208,39.5033830559756 8.50229802914562,39.5032648185969 8.50234701020114,39.5032220310915 8.50241525265371,39.5031775330053 8.50259346559377,39.5031314243725 8.50270500022884,39.503076857695 8.50247632826692,39.5031137671173 8.502291463522,39.5031548283166 8.50216008725157,39.5032548297954 8.50200695100574,39.5033268688802 8.50197460836195,39.5035299673927 8.50203061990378,39.5036493331443 8.50207919427735,39.5038410740531 8.50208797936472,39.504016461851 8.50199715824351,39.5041621481359 8.50178163340219,39.5043102640285 8.5011540549747,39.5044739198075 8.50099887613554,39.5045236842343 8.50091401261069,39.5045435118595 8.50066665419098,39.5045886809941 8.50063107620285,39.5046517535899 8.50054248506048,39.5047145442148 8.50044547189181,39.5049917264852 8.50038678123196,39.505028957092 8.50011812565168,39.505041434075 8.49969833590874,39.5051199812138 8.49959694737438,39.5050938560915 8.49939014259968,39.5052397164452 8.49923453209075,39.5054107016635 8.4991716797648,39.5055235644671 8.49919960151881,39.5056894389095 8.49931284244045,39.5060363382308 8.49907547611653,39.506386483668 8.49864288934358,39.5064705401644 8.49836280683205,39.5065653091765 8.49827250062662,39.5067090124159 8.49837289950245,39.5070830773316 8.49838735015535,39.507404186787 8.49834938065835,39.5075000729511 8.49848254036411,39.5076002930975 8.49859579589863,39.5076944172974 8.49869181875317,39.5078056046722 8.49861710128427,39.5079715137908 8.49857730892873,39.5081882206579 8.49845889253817,39.5084038943035 8.49822807974857,39.5085690390593 8.49792333534759,39.5086321913243 8.49757580786086,39.5086421500149 8.49729999232182,39.5085276970418 8.4970650522661,39.508456733021 8.49686639497917,39.5084627657393 8.49666363878623,39.5085741291068 8.4964395801739,39.5086280490515 8.49618449232722,39.5085992002933 8.49591374040374,39.5086470329753 8.49579986731162,39.5087688449968 8.49560591783267,39.5088314357903 8.49553398577802,39.5088234466632 8.49538396916145,39.5088314720926 8.49534162698931,39.5088638875288 8.49527461769891,39.5090403069436 8.49522631441053,39.5092035804337 8.49515136314672,39.5094614546424 8.49517114280743,39.5096213477267</coordinates>
            </LinearRing>
          </outerBoundaryIs>
          <innerBoundaryIs>
            <LinearRing>
              <coordinates>8.50103909113043,39.5048625193875 8.50107810850743,39.5048421524027 8.50110480482529,39.5048840479666 8.50105970237716,39.5048981807068 8.50103909113043,39.5048625193875</coordinates>
            </LinearRing>
          </innerBoundaryIs>
          <innerBoundaryIs>
            <LinearRing>
              <coordinates>8.50058204479917,39.5046996580111 8.5006343056063,39.5046912958077 8.50064086437448,39.5047336905911 8.50059120413933,39.5047427217307 8.50058204479917,39.5046996580111</coordinates>
            </LinearRing>
          </innerBoundaryIs>
        </Polygon>
      </Placemark>
      <Placemark xmlns="http://www.opengis.net/kml/2.2">
        <styleUrl>#Parti singole_style_map</styleUrl>
        <name>T00030</name>
        <Polygon>
          <outerBoundaryIs>
            <LinearRing>
              <coordinates>8.50059120413933,39.5047427217307 8.50064086437448,39.5047336905911 8.5006343056063,39.5046912958077 8.50058204479917,39.5046996580111 8.50059120413933,39.5047427217307</coordinates>
            </LinearRing>
          </outerBoundaryIs>
        </Polygon>
      </Placemark>
      <Placemark xmlns="http://www.opengis.net/kml/2.2">
        <styleUrl>#Parti singole_style_map</styleUrl>
        <name>T00031</name>
        <Polygon>
          <outerBoundaryIs>
            <LinearRing>
              <coordinates>8.50105970237716,39.5048981807068 8.50110480482529,39.5048840479666 8.50107810850743,39.5048421524027 8.50103909113043,39.5048625193875 8.50105970237716,39.5048981807068</coordinates>
            </LinearRing>
          </outerBoundaryIs>
        </Polygon>
      </Placemark>
      <Placemark xmlns="http://www.opengis.net/kml/2.2">
        <styleUrl>#Parti singole_style_map</styleUrl>
        <name>T00032</name>
        <Polygon>
          <outerBoundaryIs>
            <LinearRing>
              <coordinates>8.50122280008872,39.5050731679332 8.50127557298394,39.5050322713252 8.50123023389507,39.505004685269 8.50118438582014,39.5050514953371 8.50122280008872,39.5050731679332</coordinates>
            </LinearRing>
          </outerBoundaryIs>
        </Polygon>
      </Placemark>
      <Placemark xmlns="http://www.opengis.net/kml/2.2">
        <styleUrl>#Parti singole_style_map</styleUrl>
        <name>T00034</name>
        <Polygon>
          <outerBoundaryIs>
            <LinearRing>
              <coordinates>8.5031006731476,39.5027978336132 8.50315866140127,39.5027885216488 8.50313073688781,39.5026904147993 8.50307737112944,39.5027039273186 8.5031006731476,39.5027978336132</coordinates>
            </LinearRing>
          </outerBoundaryIs>
        </Polygon>
      </Placemark>
      <Placemark xmlns="http://www.opengis.net/kml/2.2">
        <styleUrl>#Parti singole_style_map</styleUrl>
        <name>T00035</name>
        <Polygon>
          <outerBoundaryIs>
            <LinearRing>
              <coordinates>8.50161654376211,39.501465578102 8.50165804331144,39.5014751629128 8.5017108473069,39.5014620450864 8.5021165477764,39.5014849767323 8.5022108169213,39.5015106997366 8.50242457284714,39.5017150598692 8.50258627038524,39.5018477357306 8.50270449223614,39.5019054664952 8.5027733520424,39.50191281632 8.50286375504555,39.5018920108772 8.50311426692777,39.5018679347057 8.50332239194714,39.5018248632042 8.50332833970468,39.501840566622 8.50292535208351,39.5019212967409 8.50273211672836,39.5020324683314 8.50270349817908,39.502039950561 8.50263040356116,39.5020327537617 8.50257236034789,39.5020172417459 8.50241218005174,39.501939193042 8.50231628704981,39.5018752774283 8.50218278450207,39.5017896118148 8.50212579408083,39.5017700404242 8.50204915888279,39.5017586833309 8.50195635372483,39.5017624392915 8.50189573225939,39.5017545926943 8.5018671898681,39.5017579302889 8.50193105932335,39.5018516503468 8.5021161366705,39.5018585436407 8.50220274402266,39.5019572445931 8.50233035979073,39.5021311772749 8.50240525152624,39.5022076264126 8.50265356842516,39.50240666485 8.50273551371698,39.5024384346692 8.50268002195311,39.5024450990604 8.50247525454676,39.502359606254 8.50212527297832,39.5021459855725 8.50209456403801,39.5021481245731 8.50201403363553,39.5021870374625 8.50189666723095,39.5022700691744 8.50191720660639,39.5023092350704 8.501982391517,39.5023263368154 8.50201136969742,39.5022896988507 8.50209774579041,39.5022563343543 8.50212706780289,39.5023116122962 8.50225612169716,39.5024226410315 8.50236527777501,39.5025529205799 8.50245982178806,39.502628354593 8.50254866387307,39.5026895367908 8.50266423016898,39.5027267847326 8.50271070398718,39.5027353903137 8.5028186362137,39.5027373659935 8.50288008636415,39.5027253658816 8.50289489898123,39.5027277178888 8.50288581115326,39.5027560255264 8.50277983231687,39.5027655464498 8.50266654260011,39.5027711074732 8.50259541872166,39.5027516740385 8.50247898671442,39.5026906800808 8.50230030298968,39.5026171382504 8.50225184531999,39.5026062173594 8.50217864064628,39.5026013264507 8.50211592279282,39.5026524076051 8.50207576833898,39.502723092812 8.5020803994423,39.5027667857671 8.50211399266815,39.5027761112709 8.50218638661509,39.5027626266681 8.50241197749441,39.5029584776783 8.50264899600711,39.503046045883 8.5026838414519,39.5030396445337 8.50287647903817,39.5028707953192 8.50294172016832,39.5027234941427 8.50287588597926,39.5024629578512 8.50310023432927,39.5020091207663 8.50342685082148,39.5018129835864 8.50394987679817,39.5015640276814 8.50440629031798,39.5014410651916 8.50469143013322,39.5013081442463 8.50495955999021,39.5011890170327 8.50504542980815,39.5011397449253 8.50501684507034,39.5010426088012 8.50490061048182,39.5009539112943 8.50478235780486,39.5009528937094 8.50468432784014,39.500962107867 8.50451691939496,39.5009715937278 8.50427084453901,39.5009626599554 8.50405403261908,39.5009209808595 8.50377701075023,39.5008235495171 8.50353038511695,39.5006715366186 8.50340362807786,39.5006382693203 8.50335312992779,39.5006527313069 8.50315500150567,39.5007966623365 8.50300077968504,39.5008881064054 8.50283322175567,39.5008973459231 8.50224125025532,39.5007601967056 8.50207212807235,39.5006790637171 8.50204763550179,39.500582782364 8.50200190867517,39.5005691339288 8.50198286947258,39.5006017057927 8.50205290477225,39.5008449067526 8.50220111424837,39.5008659412958 8.50237505796358,39.5008647672651 8.50257231045005,39.5009465879079 8.50279836171659,39.5010380644069 8.50294324655638,39.5010622103647 8.50305286043228,39.501041649145 8.50334776648989,39.5009077100416 8.50342190352135,39.5009022963673 8.50359750444895,39.5009820224314 8.50343492386926,39.5009227243992 8.5033789345437,39.5009275759233 8.50325431618345,39.5010152543986 8.50308779158336,39.5011617982693 8.50297977040045,39.5012297517146 8.50289759519868,39.5012450961492 8.50271211862551,39.501235688508 8.50269472715354,39.5012622936825 8.50273910513679,39.501292289839 8.50282815295392,39.5013146291386 8.50293158693794,39.5013142698025 8.50310425872462,39.5012991502449 8.50332324779988,39.5011462981598 8.50339830081577,39.5011364192882 8.50346810631838,39.501157864916 8.50352279473793,39.5011952662873 8.50361850762736,39.5012796065857 8.50379832221446,39.5013720999783 8.503788081117,39.5013893020293 8.50368478068251,39.5013480078947 8.50345137404284,39.5012356697762 8.50342603157925,39.5012355704704 8.50333536427492,39.5012707647384 8.503258885308,39.5013371142845 8.50318916989097,39.5014319653766 8.50305557337328,39.5015193799773 8.50285746800475,39.5015813435111 8.50273551297481,39.5015839752076 8.50263031931095,39.5015521509122 8.50243632116269,39.5014540986675 8.50230288945802,39.5013748939042 8.50210006313052,39.5013552292769 8.50180373717694,39.5013698712208 8.50163616777561,39.501413077941 8.50161654376211,39.501465578102</coordinates>
            </LinearRing>
          </outerBoundaryIs>
        </Polygon>
      </Placemark>
      <Placemark xmlns="http://www.opengis.net/kml/2.2">
        <styleUrl>#Parti singole_style_map</styleUrl>
        <name>T00161</name>
        <Polygon>
          <outerBoundaryIs>
            <LinearRing>
              <coordinates>8.50204920199062,39.5192227401641 8.50213879165361,39.5193661718775 8.50222663460461,39.5193323722071 8.5021370157059,39.5191930130962 8.50204920199062,39.5192227401641</coordinates>
            </LinearRing>
          </outerBoundaryIs>
        </Polygon>
      </Placemark>
      <Placemark xmlns="http://www.opengis.net/kml/2.2">
        <styleUrl>#Parti singole_style_map</styleUrl>
        <name>T00037</name>
        <Polygon>
          <outerBoundaryIs>
            <LinearRing>
              <coordinates>8.51908932725038,39.5295630609419 8.51919349822598,39.5295732503455 8.51924690617782,39.5293707216169 8.51914107443078,39.5293618138592 8.51908932725038,39.5295630609419</coordinates>
            </LinearRing>
          </outerBoundaryIs>
        </Polygon>
      </Placemark>
      <Placemark xmlns="http://www.opengis.net/kml/2.2">
        <styleUrl>#Parti singole_style_map</styleUrl>
        <name>T02635</name>
        <Polygon>
          <outerBoundaryIs>
            <LinearRing>
              <coordinates>8.51479223941104,39.5159416945002 8.5149599883862,39.5160457875958 8.51498434471839,39.5160609013592 8.51514117827901,39.5159895996442 8.51494630793958,39.5158665160698 8.51487948672885,39.5159301292216 8.51485240776134,39.5159130046486 8.51483443225726,39.5159016486541 8.51479223941104,39.5159416945002</coordinates>
            </LinearRing>
          </outerBoundaryIs>
        </Polygon>
      </Placemark>
      <Placemark xmlns="http://www.opengis.net/kml/2.2">
        <styleUrl>#Parti singole_style_map</styleUrl>
        <name>T02636</name>
        <Polygon>
          <outerBoundaryIs>
            <LinearRing>
              <coordinates>8.51514117827901,39.5159895996442 8.51525038441451,39.5159418862279 8.51531269700518,39.5159226659223 8.51514767128008,39.5158188000727 8.51494630793958,39.5158665160698 8.51514117827901,39.5159895996442</coordinates>
            </LinearRing>
          </outerBoundaryIs>
        </Polygon>
      </Placemark>
      <Placemark xmlns="http://www.opengis.net/kml/2.2">
        <styleUrl>#Parti singole_style_map</styleUrl>
        <name>T02637</name>
        <Polygon>
          <outerBoundaryIs>
            <LinearRing>
              <coordinates>8.51514767128008,39.5158188000727 8.51531269700518,39.5159226659223 8.51535968101255,39.5159095807345 8.5154729323613,39.5159024304286 8.51549634726614,39.5158927518914 8.51537355548184,39.5157696092195 8.51527401181788,39.5157996397711 8.51524475224196,39.5157514836547 8.51514767128008,39.5158188000727</coordinates>
            </LinearRing>
          </outerBoundaryIs>
        </Polygon>
      </Placemark>
      <Placemark xmlns="http://www.opengis.net/kml/2.2">
        <styleUrl>#Parti singole_style_map</styleUrl>
        <name>T02638</name>
        <Polygon>
          <outerBoundaryIs>
            <LinearRing>
              <coordinates>8.51502186613458,39.5158145086067 8.51511713897263,39.5157913983919 8.51521468576083,39.5157223359407 8.51514336222599,39.5155803870115 8.51494284136731,39.5157712354723 8.51502186613458,39.5158145086067</coordinates>
            </LinearRing>
          </outerBoundaryIs>
        </Polygon>
      </Placemark>
      <Placemark xmlns="http://www.opengis.net/kml/2.2">
        <styleUrl>#Parti singole_style_map</styleUrl>
        <name>T02639</name>
        <Polygon>
          <outerBoundaryIs>
            <LinearRing>
              <coordinates>8.51494284136731,39.5157712354723 8.51514336222599,39.5155803870115 8.51509528699416,39.5154844967314 8.51485334544634,39.5157148085366 8.51494284136731,39.5157712354723</coordinates>
            </LinearRing>
          </outerBoundaryIs>
        </Polygon>
      </Placemark>
      <Placemark xmlns="http://www.opengis.net/kml/2.2">
        <styleUrl>#Parti singole_style_map</styleUrl>
        <name>T02640</name>
        <Polygon>
          <outerBoundaryIs>
            <LinearRing>
              <coordinates>8.51483247429507,39.5157016473944 8.51485334544634,39.5157148085366 8.51509528699416,39.5154844967314 8.51508640654972,39.5154667453701 8.51489347682065,39.5155881828921 8.51485236730004,39.5156681580195 8.51482468308198,39.5156945417522 8.51483247429507,39.5157016473944</coordinates>
            </LinearRing>
          </outerBoundaryIs>
        </Polygon>
      </Placemark>
      <Placemark xmlns="http://www.opengis.net/kml/2.2">
        <styleUrl>#Parti singole_style_map</styleUrl>
        <name>T02641</name>
        <Polygon>
          <outerBoundaryIs>
            <LinearRing>
              <coordinates>8.51482468308198,39.5156945417522 8.51485236730004,39.5156681580195 8.51489347682065,39.5155881828921 8.51478386690805,39.5156571766684 8.51482468308198,39.5156945417522</coordinates>
            </LinearRing>
          </outerBoundaryIs>
        </Polygon>
      </Placemark>
      <Placemark xmlns="http://www.opengis.net/kml/2.2">
        <styleUrl>#Parti singole_style_map</styleUrl>
        <name>T02642</name>
        <Polygon>
          <outerBoundaryIs>
            <LinearRing>
              <coordinates>8.51475083197986,39.5158488864331 8.51479075380169,39.5158108764584 8.5147673353513,39.515795992704 8.51477653743607,39.5157859215612 8.51478324069521,39.5157805343575 8.51476081740168,39.5157664116254 8.51470436412875,39.5158195799718 8.51475083197986,39.5158488864331</coordinates>
            </LinearRing>
          </outerBoundaryIs>
        </Polygon>
      </Placemark>
      <Placemark xmlns="http://www.opengis.net/kml/2.2">
        <styleUrl>#Parti singole_style_map</styleUrl>
        <name>T02643</name>
        <Polygon>
          <outerBoundaryIs>
            <LinearRing>
              <coordinates>8.5147673353513,39.515795992704 8.51479075380169,39.5158108764584 8.51480030966234,39.5158017889164 8.51477653743607,39.5157859215612 8.5147673353513,39.515795992704</coordinates>
            </LinearRing>
          </outerBoundaryIs>
        </Polygon>
      </Placemark>
      <Placemark xmlns="http://www.opengis.net/kml/2.2">
        <styleUrl>#Parti singole_style_map</styleUrl>
        <name>T02644</name>
        <Polygon>
          <outerBoundaryIs>
            <LinearRing>
              <coordinates>8.51480959759846,39.5157593350362 8.514848551311,39.5157835102327 8.51487239405388,39.5157608407251 8.51483593542284,39.5157375319377 8.51480959759846,39.5157593350362</coordinates>
            </LinearRing>
          </outerBoundaryIs>
        </Polygon>
      </Placemark>
      <Placemark xmlns="http://www.opengis.net/kml/2.2">
        <styleUrl>#Parti singole_style_map</styleUrl>
        <name>T02645</name>
        <Polygon>
          <outerBoundaryIs>
            <LinearRing>
              <coordinates>8.514848551311,39.5157835102327 8.51489748969763,39.5158138721507 8.51492071213732,39.5157917406622 8.51487239405388,39.5157608407251 8.514848551311,39.5157835102327</coordinates>
            </LinearRing>
          </outerBoundaryIs>
        </Polygon>
      </Placemark>
      <Placemark xmlns="http://www.opengis.net/kml/2.2">
        <styleUrl>#Parti singole_style_map</styleUrl>
        <name>T02646</name>
        <Polygon>
          <outerBoundaryIs>
            <LinearRing>
              <coordinates>8.51489748969763,39.5158138721507 8.51493557484093,39.5158374940612 8.51495859519299,39.5158159834335 8.51492071213732,39.5157917406622 8.51489748969763,39.5158138721507</coordinates>
            </LinearRing>
          </outerBoundaryIs>
        </Polygon>
      </Placemark>
      <Placemark xmlns="http://www.opengis.net/kml/2.2">
        <styleUrl>#Parti singole_style_map</styleUrl>
        <name>T02647</name>
        <Polygon>
          <outerBoundaryIs>
            <LinearRing>
              <coordinates>8.51489155578588,39.5158725135698 8.5149009122601,39.5158650699994 8.51488432526939,39.5158536732767 8.51487551517716,39.5158622829414 8.51489155578588,39.5158725135698</coordinates>
            </LinearRing>
          </outerBoundaryIs>
        </Polygon>
      </Placemark>
      <Placemark xmlns="http://www.opengis.net/kml/2.2">
        <styleUrl>#Parti singole_style_map</styleUrl>
        <name>T02648</name>
        <Polygon>
          <outerBoundaryIs>
            <LinearRing>
              <coordinates>8.51485240776134,39.5159130046486 8.51489155578588,39.5158725135698 8.51487551517716,39.5158622829414 8.51483443225726,39.5159016486541 8.51485240776134,39.5159130046486</coordinates>
            </LinearRing>
          </outerBoundaryIs>
        </Polygon>
      </Placemark>
      <Placemark xmlns="http://www.opengis.net/kml/2.2">
        <styleUrl>#Parti singole_style_map</styleUrl>
        <name>T02649</name>
        <Polygon>
          <outerBoundaryIs>
            <LinearRing>
              <coordinates>8.51478324069521,39.5157805343575 8.51480959759846,39.5157593350362 8.51483593542284,39.5157375319377 8.51487239405388,39.5157608407251 8.51492071213732,39.5157917406622 8.51495859519299,39.5158159834335 8.51493557484093,39.5158374940612 8.5149009122601,39.5158650699994 8.51489155578588,39.5158725135698 8.51485240776134,39.5159130046486 8.51487948672885,39.5159301292216 8.51494630793958,39.5158665160698 8.51514767128008,39.5158188000727 8.51524475224196,39.5157514836547 8.51521468576083,39.5157223359407 8.51511713897263,39.5157913983919 8.51502186613458,39.5158145086067 8.51494284136731,39.5157712354723 8.51485334544634,39.5157148085366 8.51483247429507,39.5157016473944 8.51482468308198,39.5156945417522 8.51478386690805,39.5156571766684 8.51477990597864,39.5156596649932 8.51477037562354,39.5156817995851 8.51476822839245,39.5156844396505 8.51480796969335,39.5157208001045 8.51476081740168,39.5157664116254 8.51478324069521,39.5157805343575</coordinates>
            </LinearRing>
          </outerBoundaryIs>
        </Polygon>
      </Placemark>
      <Placemark xmlns="http://www.opengis.net/kml/2.2">
        <styleUrl>#Parti singole_style_map</styleUrl>
        <name>T00168</name>
        <Polygon>
          <outerBoundaryIs>
            <LinearRing>
              <coordinates>8.51535218126232,39.5156982934592 8.51540653273177,39.5157582586313 8.51546115386133,39.5158062231547 8.51550022319211,39.5158556365244 8.51555382990359,39.5158303248428 8.51554315254391,39.5158183506495 8.51561461315963,39.5157716868523 8.51557052782722,39.5157359663117 8.515536328492,39.5157591243809 8.51551651687635,39.5157424627652 8.51548577120746,39.51576413951 8.51539704323489,39.5156724948494 8.51535218126232,39.5156982934592</coordinates>
            </LinearRing>
          </outerBoundaryIs>
        </Polygon>
      </Placemark>
      <Placemark xmlns="http://www.opengis.net/kml/2.2">
        <styleUrl>#Parti singole_style_map</styleUrl>
        <name>T00169</name>
        <Polygon>
          <outerBoundaryIs>
            <LinearRing>
              <coordinates>8.51029422696764,39.5185978030167 8.5105191595881,39.5187156598702 8.51063773517278,39.5187528584637 8.51072019861399,39.5187637839354 8.51082273366921,39.5187625848962 8.51105869344828,39.5187332946306 8.51116990021465,39.5187397094596 8.51126973026199,39.5187775133087 8.5114295610392,39.5188492680212 8.51153908340608,39.5189317044532 8.51162439178539,39.5190164717688 8.51166938088801,39.5190892389903 8.51168412575661,39.519123377985 8.51168594774395,39.5191422802745 8.51186123209398,39.5190591850068 8.51226758500517,39.5196040246157 8.51216751104829,39.5196307254414 8.51205805720573,39.5195997117596 8.51183207695238,39.5196455618888 8.51204303517107,39.5196649193755 8.51207194540639,39.5196798087172 8.51210732685809,39.5197241979689 8.51211009361302,39.5197427708365 8.51206791018452,39.5198457076909 8.51196758941795,39.520010571457 8.51186118978714,39.5201513160087 8.51183354221897,39.5201770323938 8.51197160531822,39.5202643908382 8.51193237633265,39.5203573656288 8.51178088159501,39.5204717817006 8.51177419938488,39.5204574632596 8.51152138649126,39.520511894945 8.51147291619087,39.5203962599941 8.51153760106238,39.5203828813859 8.51152570546426,39.5203505203823 8.51130025110755,39.5204089050228 8.51125335710296,39.5204301793052 8.51116164568706,39.5204934512606 8.51112441104924,39.5204960066677 8.51109410359198,39.5205857209411 8.51099290169788,39.5208110032836 8.51097042352084,39.5208460218422 8.51094662390939,39.5208737184595 8.51087455511695,39.5209179890362 8.51075052083646,39.5209717177884 8.51055310472548,39.5210313183133 8.51046209551314,39.5210739230112 8.51043094281317,39.5210999846979 8.51037467571189,39.5211702712543 8.51037767502586,39.521223570878 8.51042675876764,39.5212815248395 8.51047493744237,39.5213242475398 8.51057888063962,39.5213798376392 8.51063584182246,39.5214012158066 8.51069477494848,39.5214101770334 8.51091222442219,39.5213772860932 8.51108409154082,39.5214090771447 8.51114850936069,39.5215035510586 8.51119404312393,39.5215552185789 8.51132224726071,39.5216501860453 8.51137700874894,39.5216750686169 8.51142581452239,39.5216782563155 8.51170834186687,39.5216309237476 8.51181161137526,39.5216334301703 8.51187289022071,39.5216563486199 8.51194828738588,39.5216949952867 8.5119944294434,39.5217346633147 8.51203974590103,39.5217942136124 8.51206880197597,39.5218648233262 8.51206893176159,39.5221220682395 8.5120775089022,39.5221964303172 8.51209232369277,39.5222373182598 8.51214051363164,39.5223069180687 8.51216804249793,39.5223248470653 8.51221413024803,39.5223474222166 8.51231532432855,39.5223640296241 8.51251525784019,39.5223822767588 8.51270239891327,39.5223731866671 8.51302410154757,39.522317374357 8.5132467641694,39.5222962413474 8.51356883202141,39.5223329829679 8.5136901381645,39.5223334548388 8.51379818095987,39.5223056417661 8.51417088017012,39.5221656491468 8.51445157162685,39.5220762691362 8.51466548785326,39.5220312285316 8.51481611449053,39.5220229105291 8.51495855949546,39.5220300378833 8.51499973393665,39.5220398778674 8.51505488614733,39.5220623455759 8.51508476993617,39.5220846897572 8.5148033851257,39.5217508270462 8.51393123588448,39.5206536713598 8.51278040034261,39.5192061637003 8.51212677803708,39.5183683804042 8.51174691359147,39.517894562735 8.51156712769749,39.5179447783001 8.51143922578704,39.5179519803095 8.51125006516885,39.5179123140878 8.51112849857646,39.5179185602857 8.51098406382595,39.517965797135 8.51088109324736,39.5180673333693 8.51069242691874,39.5183747817401 8.51027270026178,39.5185786013874 8.51029422696764,39.5185978030167</coordinates>
            </LinearRing>
          </outerBoundaryIs>
          <innerBoundaryIs>
            <LinearRing>
              <coordinates>8.51286202476441,39.5199579392262 8.51292749779145,39.5199665212826 8.51290094150627,39.5200442229998 8.5128416254152,39.5200285936529 8.51286202476441,39.5199579392262</coordinates>
            </LinearRing>
          </innerBoundaryIs>
          <innerBoundaryIs>
            <LinearRing>
              <coordinates>8.51161480612767,39.5208272972843 8.51176907627983,39.5207635671005 8.51180390122964,39.5208060709428 8.511779030128,39.5208190403778 8.51179046294963,39.5208543818217 8.51168061520717,39.5209042246742 8.51161480612767,39.5208272972843</coordinates>
            </LinearRing>
          </innerBoundaryIs>
          <innerBoundaryIs>
            <LinearRing>
              <coordinates>8.51304195148671,39.5216643908651 8.51314597411699,39.5217888988746 8.5130620972244,39.5218298325476 8.51295809154553,39.5217045766793 8.51304195148671,39.5216643908651</coordinates>
            </LinearRing>
          </innerBoundaryIs>
        </Polygon>
      </Placemark>
      <Placemark xmlns="http://www.opengis.net/kml/2.2">
        <styleUrl>#Parti singole_style_map</styleUrl>
        <name>T00170</name>
        <Polygon>
          <outerBoundaryIs>
            <LinearRing>
              <coordinates>8.51752120273737,39.5307140029737 8.51764922465862,39.5309431169384 8.5177695268869,39.5310689136596 8.51797795766628,39.5312350997525 8.51815608934997,39.531337484008 8.51833135364994,39.5314154291824 8.51850836215988,39.53146666579 8.51872121288319,39.5315072202673 8.51888643409374,39.5315282590026 8.51898726569928,39.5315287486913 8.51906527741395,39.5315160878874 8.51922985210959,39.5314453806057 8.51930060172011,39.5314143626386 8.51935133834174,39.5313563030034 8.51953725624773,39.531018492212 8.51966712764231,39.5307999259091 8.51980494015271,39.5306192355383 8.51989910116102,39.5305221243243 8.51991502467588,39.5303254142069 8.51993857077854,39.5301555051861 8.52001433032764,39.530013527613 8.5201408708949,39.5298675429643 8.52052713138567,39.5296495930599 8.52068377480275,39.5295892758642 8.52083961853844,39.5295166200549 8.5209849609634,39.5294600491684 8.52127935574816,39.5294113908449 8.52133769347179,39.5294370673452 8.52139744393458,39.5294772832536 8.52156457986478,39.5292867371579 8.5214215377874,39.5290323276803 8.52161667210654,39.5286360384635 8.52177840915685,39.5282959888615 8.52189987338669,39.5281478098587 8.52199450493854,39.5277946980736 8.52211333623222,39.5276858289658 8.52236895661011,39.5272330313025 8.52235686057513,39.5269880454228 8.52251820893713,39.5267715063574 8.52266992045571,39.5260560628184 8.52272277044223,39.5258464839925 8.52296058696459,39.5255165483523 8.52301026944412,39.5249401557136 8.52305986466588,39.5244715529716 8.5231605286705,39.5241907725011 8.52341634504236,39.5238084697012 8.52306625069667,39.5236304847519 8.52218391942817,39.5243603429499 8.52200457612666,39.5248924207018 8.52156899346653,39.5251305809642 8.52126122488361,39.5255518062512 8.52078221277681,39.5260676263436 8.51974381890188,39.5261132638179 8.51964024939137,39.5261768808164 8.51938187405926,39.5262681136119 8.51931542180281,39.5262993026248 8.51920392811659,39.5263696892198 8.51909305403655,39.5264868057162 8.51900316674574,39.5265974945595 8.51884390991889,39.5267809065041 8.51858510816218,39.5270815262148 8.51844560567825,39.5272598385402 8.51838258528173,39.5273649437528 8.51836957420742,39.5274259796649 8.51836994306364,39.5276469318611 8.51843945639039,39.5278127573638 8.51863435499137,39.5281024535487 8.51876086789718,39.528207956804 8.51886356189007,39.5283103968715 8.5189497439007,39.5284299691325 8.5189999279229,39.5285814058696 8.51901814931958,39.52869083936 8.51901632590872,39.5287543904799 8.51894895211519,39.5288344112852 8.51890089338747,39.5288705327692 8.51882525190456,39.5289144239884 8.5187066578867,39.5289525417933 8.51861609915261,39.5289931543866 8.51854726470887,39.5290318927104 8.51848692553032,39.5290855512276 8.51841924656505,39.5292028460702 8.51809857496711,39.5297329616714 8.51791395192975,39.5300277604327 8.517823513513,39.5301549348447 8.5175483197703,39.5305837636179 8.51751482631524,39.5306821070612 8.51752120273737,39.5307140029737</coordinates>
            </LinearRing>
          </outerBoundaryIs>
          <innerBoundaryIs>
            <LinearRing>
              <coordinates>8.51841693949171,39.5276549927122 8.5184773987794,39.527639331164 8.51852986412776,39.5277601155162 8.51847474452029,39.5277775652464 8.51841693949171,39.5276549927122</coordinates>
            </LinearRing>
          </innerBoundaryIs>
          <innerBoundaryIs>
            <LinearRing>
              <coordinates>8.51914107443078,39.5293618138592 8.51924690617782,39.5293707216169 8.51919349822598,39.5295732503455 8.51908932725038,39.5295630609419 8.51914107443078,39.5293618138592</coordinates>
            </LinearRing>
          </innerBoundaryIs>
        </Polygon>
      </Placemark>
      <Placemark xmlns="http://www.opengis.net/kml/2.2">
        <styleUrl>#Parti singole_style_map</styleUrl>
        <name>T00121</name>
        <Polygon>
          <outerBoundaryIs>
            <LinearRing>
              <coordinates>8.51174691359147,39.517894562735 8.51212677803708,39.5183683804042 8.51278040034261,39.5192061637003 8.51393123588448,39.5206536713598 8.5148033851257,39.5217508270462 8.51508476993617,39.5220846897572 8.51512744521904,39.5221363257847 8.51512628864686,39.5222423362775 8.51495792053502,39.5224527179135 8.51485616994481,39.5225660481695 8.51474496464401,39.5226670758052 8.51469143440535,39.5227357269846 8.51460430230695,39.522911550524 8.51444276244378,39.5232000883092 8.51438829355378,39.5232697716034 8.51432529014605,39.5233220202809 8.51424942686545,39.5233748188386 8.51416423019806,39.5234029531356 8.5140720310754,39.523424201232 8.51402486887984,39.523452062033 8.51400320207438,39.5234992845162 8.51400558588831,39.5235545006514 8.5140431769643,39.5236962188783 8.51406566784398,39.5237977420088 8.51406023687296,39.5238374457386 8.51402665711363,39.5238862222208 8.51384560777408,39.5240905032009 8.51380132005408,39.5241248453383 8.51369818504265,39.5241508678742 8.51345600402538,39.5241605669901 8.5133794072422,39.5241732389974 8.51329300795588,39.5241951324785 8.51322410305261,39.5242308939887 8.51314132382131,39.5243041342477 8.51312676075072,39.5243552697748 8.51313935087268,39.5244133128816 8.51319774908402,39.5245258801196 8.51321396267532,39.5248879191186 8.51320180354781,39.5249879636564 8.51311650032904,39.5251375466428 8.51310490614941,39.5251800356996 8.5131080326542,39.5252537440967 8.51312194741642,39.5253103871415 8.51314716728854,39.5253475972863 8.5132210987582,39.5254185118841 8.51328663432254,39.5254438621813 8.51344586563252,39.525435672131 8.51367435057527,39.5253952356151 8.51384236158893,39.5254010027016 8.51401610663445,39.525415380357 8.51414282569033,39.5254095491775 8.51427218363306,39.5253606416115 8.51434078546717,39.5253133630498 8.51440012398574,39.5252880759209 8.5144553125037,39.5252906493019 8.51475262289611,39.5253827606181 8.51500662981891,39.5254497949029 8.51567657861978,39.5255986923003 8.51587766305586,39.5256369503502 8.51596176470026,39.5256327506323 8.5164242443919,39.525513785612 8.516550217903,39.5254577883287 8.51675146222951,39.5253488892073 8.51685277600576,39.5252785617258 8.51693247328754,39.5251560917171 8.51702007149575,39.5250367900894 8.51707336689984,39.5250136930008 8.5171077533998,39.5250094389268 8.51718726356331,39.5250263393926 8.51732384380246,39.5252326753913 8.51738977877734,39.5254440878736 8.51739785382724,39.5255279803467 8.51738804228722,39.5257518547055 8.51740044431924,39.5258997383243 8.51742328442374,39.5259516514849 8.51745540605338,39.5259888893689 8.51754229870785,39.5260605308364 8.51772704212288,39.526115089541 8.51797627320151,39.5261181513705 8.5181823469551,39.5261116809612 8.51831554668478,39.5260992405316 8.51863063471057,39.5259821693164 8.51905789268448,39.5259324632531 8.51924213099865,39.5258748841984 8.51933584701181,39.5258583056291 8.51945185058547,39.5258643179262 8.51957376972469,39.525901647369 8.51973479931602,39.5260343232737 8.51975209789732,39.5260684177119 8.51974381890188,39.5261132638179 8.52078221277681,39.5260676263436 8.52126122488361,39.5255518062512 8.52156899346653,39.5251305809642 8.52200457612666,39.5248924207018 8.52218391942817,39.5243603429499 8.52306625069667,39.5236304847519 8.5222278566196,39.5232042215272 8.52165048665534,39.5229084876038 8.52111849815195,39.5226359952945 8.5199652989232,39.5220506198821 8.51986124672652,39.5219977948707 8.51862781148137,39.5213778803537 8.5183370805685,39.5212310415069 8.51790021570445,39.5210103687123 8.51713664190416,39.5206246913428 8.51562548368556,39.5198630112199 8.51458543279722,39.5193326656085 8.51411913512264,39.5190953396756 8.51319467556502,39.5186248159768 8.51199890533224,39.5180158102242 8.51176643245958,39.5178898693051 8.51174691359147,39.517894562735</coordinates>
            </LinearRing>
          </outerBoundaryIs>
          <innerBoundaryIs>
            <LinearRing>
              <coordinates>8.51950198639112,39.5257729896242 8.51963047095052,39.5258368004264 8.51960503837745,39.5258653390119 8.51947876839299,39.5258043215278 8.51950198639112,39.5257729896242</coordinates>
            </LinearRing>
          </innerBoundaryIs>
          <innerBoundaryIs>
            <LinearRing>
              <coordinates>8.52054358171462,39.5259596532228 8.52062446560642,39.5259006271541 8.52067508719365,39.5259430853842 8.52059922168825,39.5260032494775 8.52054358171462,39.5259596532228</coordinates>
            </LinearRing>
          </innerBoundaryIs>
          <innerBoundaryIs>
            <LinearRing>
              <coordinates>8.51926021193456,39.5257163235733 8.51938490055426,39.525691142158 8.51941604566902,39.5257789953663 8.51928902466001,39.5258150606226 8.51926021193456,39.5257163235733</coordinates>
            </LinearRing>
          </innerBoundaryIs>
          <innerBoundaryIs>
            <LinearRing>
              <coordinates>8.519059434988,39.5257478214284 8.51916950243132,39.5258502377296 8.51907369133796,39.5259107507547 8.51896531118189,39.5258150450195 8.519059434988,39.5257478214284</coordinates>
            </LinearRing>
          </innerBoundaryIs>
          <innerBoundaryIs>
            <LinearRing>
              <coordinates>8.51324846296631,39.5251887916734 8.51335061831599,39.5251733435394 8.51340301095472,39.5253812956293 8.51330070393875,39.5253967611932 8.51324846296631,39.5251887916734</coordinates>
            </LinearRing>
          </innerBoundaryIs>
        </Polygon>
      </Placemark>
      <Placemark xmlns="http://www.opengis.net/kml/2.2">
        <styleUrl>#Parti singole_style_map</styleUrl>
        <name>T02665</name>
        <Polygon>
          <outerBoundaryIs>
            <LinearRing>
              <coordinates>8.51375736760385,39.5164039935698 8.51406126604205,39.5163097215922 8.51415114987083,39.516257849676 8.51387378842036,39.5159822658738 8.51383192885316,39.5160182247428 8.51370819677266,39.5160421217419 8.51370416894721,39.5160772623325 8.51351073627986,39.5161516503038 8.5135091754836,39.5161946139854 8.51358022302595,39.5162522051266 8.51375736760385,39.5164039935698</coordinates>
            </LinearRing>
          </outerBoundaryIs>
        </Polygon>
      </Placemark>
      <Placemark xmlns="http://www.opengis.net/kml/2.2">
        <styleUrl>#Parti singole_style_map</styleUrl>
        <name>T02666</name>
        <Polygon>
          <outerBoundaryIs>
            <LinearRing>
              <coordinates>8.51387378842036,39.5159822658738 8.51415114987083,39.516257849676 8.5142511508961,39.5162016253137 8.51435948578328,39.5160350803684 8.51436974939254,39.516009731782 8.51442134731297,39.5159332846949 8.51453996644792,39.5158287964033 8.5145249130142,39.5158177467894 8.5143687069133,39.5157069826827 8.5143132236599,39.5157077273186 8.51414871685277,39.5157929798493 8.51392474622852,39.515907281223 8.51391051606314,39.5159589812622 8.51387378842036,39.5159822658738</coordinates>
            </LinearRing>
          </outerBoundaryIs>
          <innerBoundaryIs>
            <LinearRing>
              <coordinates>8.51413433789672,39.5162224814426 8.51409069325964,39.5161853565778 8.51422059684147,39.5161141236669 8.51425424496721,39.5161434307773 8.51413433789672,39.5162224814426</coordinates>
            </LinearRing>
          </innerBoundaryIs>
        </Polygon>
      </Placemark>
      <Placemark xmlns="http://www.opengis.net/kml/2.2">
        <styleUrl>#Parti singole_style_map</styleUrl>
        <name>T02656</name>
        <Polygon>
          <outerBoundaryIs>
            <LinearRing>
              <coordinates>8.51484499431254,39.517483537866 8.51460097391566,39.5174385354986 8.51460194134954,39.5172996459313 8.51446693815145,39.5170508094045 8.51440220899781,39.5166894154255 8.51446636215299,39.5164900239926 8.51459992861631,39.5163013396043 8.51487229727566,39.5161375411856 8.51522757531983,39.5159775604818 8.51554850547078,39.5159216056841 8.51576873748085,39.5158409238989 8.51590428739119,39.5156887058339 8.51595474534481,39.5155239798774 8.51594391182835,39.5154701134424 8.51545226208282,39.5152562509013 8.5154411875725,39.5152371068286 8.51508640654972,39.5154667453701 8.51509528699416,39.5154844967314 8.51514336222599,39.5155803870115 8.51521468576083,39.5157223359407 8.51524475224196,39.5157514836547 8.51527401181788,39.5157996397711 8.51537355548184,39.5157696092195 8.51549634726614,39.5158927518914 8.5154729323613,39.5159024304286 8.51535968101255,39.5159095807345 8.51531269700518,39.5159226659223 8.51525038441451,39.5159418862279 8.51514117827901,39.5159895996442 8.51498434471839,39.5160609013592 8.5149599883862,39.5160457875958 8.5149599883862,39.5160457875958 8.5148009927633,39.5160764774167 8.51451983963584,39.5162141964016 8.51427903228216,39.5163520834048 8.51424762717288,39.516355424428 8.51418228498158,39.5164037639494 8.51410648781365,39.5166656086549 8.51412117365574,39.5168097722151 8.51421377999258,39.5170306531374 8.51411197972936,39.5171639124828 8.51421877390387,39.5172789463548 8.51429925092913,39.5173105339295 8.51426315661765,39.5173433702413 8.51429405394755,39.5174129462366 8.51424896926274,39.5174492172927 8.51402049074804,39.51742569146 8.5137722141705,39.5173482610398 8.51367853051691,39.5172818944105 8.51345578429964,39.5170795659439 8.51342380908527,39.5171645043519 8.51340088473891,39.5172373274723 8.51339594102626,39.5173032812271 8.51341096495173,39.5173988335135 8.51345723699784,39.5175136145498 8.51353945857662,39.5176163929262 8.51366208864636,39.5177106595751 8.51366196748176,39.5177280207676 8.51374480744954,39.5177422569173 8.51377205720177,39.5176920220497 8.5141277351849,39.5177976804561 8.51448856261919,39.5178078699483 8.51461674156497,39.517749375823 8.51484499431254,39.517483537866</coordinates>
            </LinearRing>
          </outerBoundaryIs>
          <innerBoundaryIs>
            <LinearRing>
              <coordinates>8.51535218126232,39.5156982934592 8.51539704323489,39.5156724948494 8.51548577120746,39.51576413951 8.51551651687635,39.5157424627652 8.515536328492,39.5157591243809 8.51557052782722,39.5157359663117 8.51561461315963,39.5157716868523 8.51554315254391,39.5158183506495 8.51555382990359,39.5158303248428 8.51550022319211,39.5158556365244 8.51546115386133,39.5158062231547 8.51540653273177,39.5157582586313 8.51535218126232,39.5156982934592</coordinates>
            </LinearRing>
          </innerBoundaryIs>
          <innerBoundaryIs>
            <LinearRing>
              <coordinates>8.51526924110075,39.5154368733401 8.51533046018857,39.5154326416346 8.51536591980237,39.5156263763299 8.51530117366505,39.5156292327787 8.51526924110075,39.5154368733401</coordinates>
            </LinearRing>
          </innerBoundaryIs>
        </Polygon>
      </Placemark>
      <Placemark xmlns="http://www.opengis.net/kml/2.2">
        <styleUrl>#Parti singole_style_map</styleUrl>
        <name>T02657</name>
        <Polygon>
          <outerBoundaryIs>
            <LinearRing>
              <coordinates>8.51366196748176,39.5177280207676 8.51366208864636,39.5177106595751 8.51353945857662,39.5176163929262 8.51345723699784,39.5175136145498 8.51341096495173,39.5173988335135 8.51339594102626,39.5173032812271 8.51340088473891,39.5172373274723 8.51342380908527,39.5171645043519 8.51345578429964,39.5170795659439 8.51367853051691,39.5172818944105 8.5137722141705,39.5173482610398 8.51402049074804,39.51742569146 8.51424896926274,39.5174492172927 8.51429405394755,39.5174129462366 8.51426315661765,39.5173433702413 8.51429925092913,39.5173105339295 8.51421877390387,39.5172789463548 8.51411197972936,39.5171639124828 8.51421377999258,39.5170306531374 8.51412117365574,39.5168097722151 8.51410648781365,39.5166656086549 8.51418228498158,39.5164037639494 8.51424762717288,39.516355424428 8.51427903228216,39.5163520834048 8.51451983963584,39.5162141964016 8.5148009927633,39.5160764774167 8.5149599883862,39.5160457875958 8.51479223941104,39.5159416945002 8.51476797729444,39.5159263099645 8.51464888126772,39.5160314068674 8.51467963569053,39.5160510672763 8.51464473489297,39.5160836374248 8.5145254759794,39.5160084294983 8.51456038019555,39.5159753711015 8.51458795527609,39.5159989246323 8.51468829085221,39.5159171877191 8.51468075986294,39.5159122732767 8.51459957022055,39.5158700625029 8.51453996644792,39.5158287964033 8.51442134731297,39.5159332846949 8.51436974939254,39.516009731782 8.51441693539813,39.5160236013755 8.51440100485317,39.5160479496813 8.51435948578328,39.5160350803684 8.5142511508961,39.5162016253137 8.51415114987083,39.516257849676 8.51406126604205,39.5163097215922 8.51375736760385,39.5164039935698 8.51358022302595,39.5162522051266 8.51230056346387,39.5167143036334 8.51232882074645,39.5167620224 8.51259512481287,39.5170752845224 8.51277269335744,39.5172802212568 8.51278667116913,39.5173958101797 8.5127264322481,39.5174409424846 8.51316163134225,39.5175730877611 8.51366196748176,39.5177280207676</coordinates>
            </LinearRing>
          </outerBoundaryIs>
        </Polygon>
      </Placemark>
      <Placemark xmlns="http://www.opengis.net/kml/2.2">
        <styleUrl>#Parti singole_style_map</styleUrl>
        <name>T02660</name>
        <Polygon>
          <outerBoundaryIs>
            <LinearRing>
              <coordinates>8.51435948578328,39.5160350803684 8.51440100485317,39.5160479496813 8.51441693539813,39.5160236013755 8.51436974939254,39.516009731782 8.51435948578328,39.5160350803684</coordinates>
            </LinearRing>
          </outerBoundaryIs>
        </Polygon>
      </Placemark>
      <Placemark xmlns="http://www.opengis.net/kml/2.2">
        <styleUrl>#Parti singole_style_map</styleUrl>
        <name>T02661</name>
        <Polygon>
          <outerBoundaryIs>
            <LinearRing>
              <coordinates>8.51479223941104,39.5159416945002 8.51487551517716,39.5158622829414 8.51488432526939,39.5158536732767 8.51486785588989,39.5158422515706 8.51476797729444,39.5159263099645 8.51479223941104,39.5159416945002</coordinates>
            </LinearRing>
          </outerBoundaryIs>
        </Polygon>
      </Placemark>
      <Placemark xmlns="http://www.opengis.net/kml/2.2">
        <styleUrl>#Parti singole_style_map</styleUrl>
        <name>T02662</name>
        <Polygon>
          <outerBoundaryIs>
            <LinearRing>
              <coordinates>8.51468075986294,39.5159122732767 8.51468829085221,39.5159171877191 8.51481479825073,39.5158115113558 8.51480030966234,39.5158017889164 8.51479075380169,39.5158108764584 8.51475083197986,39.5158488864331 8.51468075986294,39.5159122732767</coordinates>
            </LinearRing>
          </outerBoundaryIs>
        </Polygon>
      </Placemark>
      <Placemark xmlns="http://www.opengis.net/kml/2.2">
        <styleUrl>#Parti singole_style_map</styleUrl>
        <name>T02663</name>
        <Polygon>
          <outerBoundaryIs>
            <LinearRing>
              <coordinates>8.5145249130142,39.5158177467894 8.51453996644792,39.5158287964033 8.51459957022055,39.5158700625029 8.51474516279121,39.5156943951994 8.51475476689658,39.5156731943552 8.5145249130142,39.5158177467894</coordinates>
            </LinearRing>
          </outerBoundaryIs>
        </Polygon>
      </Placemark>
      <Placemark xmlns="http://www.opengis.net/kml/2.2">
        <styleUrl>#Parti singole_style_map</styleUrl>
        <name>T00120</name>
        <Polygon>
          <outerBoundaryIs>
            <LinearRing>
              <coordinates>8.51928902466001,39.5258150606226 8.51941604566902,39.5257789953663 8.51938490055426,39.525691142158 8.51926021193456,39.5257163235733 8.51928902466001,39.5258150606226</coordinates>
            </LinearRing>
          </outerBoundaryIs>
        </Polygon>
      </Placemark>
      <Placemark xmlns="http://www.opengis.net/kml/2.2">
        <styleUrl>#Parti singole_style_map</styleUrl>
        <name>T00166</name>
        <Polygon>
          <outerBoundaryIs>
            <LinearRing>
              <coordinates>8.5128416254152,39.5200285936529 8.51290094150627,39.5200442229998 8.51292749779145,39.5199665212826 8.51286202476441,39.5199579392262 8.5128416254152,39.5200285936529</coordinates>
            </LinearRing>
          </outerBoundaryIs>
        </Polygon>
      </Placemark>
      <Placemark xmlns="http://www.opengis.net/kml/2.2">
        <styleUrl>#Parti singole_style_map</styleUrl>
        <name>T00038</name>
        <Polygon>
          <outerBoundaryIs>
            <LinearRing>
              <coordinates>8.52059922168825,39.5260032494775 8.52067508719365,39.5259430853842 8.52062446560642,39.5259006271541 8.52054358171462,39.5259596532228 8.52059922168825,39.5260032494775</coordinates>
            </LinearRing>
          </outerBoundaryIs>
        </Polygon>
      </Placemark>
      <Placemark xmlns="http://www.opengis.net/kml/2.2">
        <styleUrl>#Parti singole_style_map</styleUrl>
        <name>T00082</name>
        <Polygon>
          <outerBoundaryIs>
            <LinearRing>
              <coordinates>8.51174691359147,39.517894562735 8.51176643245958,39.5178898693051 8.51172525530427,39.5178675488743 8.51174691359147,39.517894562735</coordinates>
            </LinearRing>
          </outerBoundaryIs>
        </Polygon>
      </Placemark>
      <Placemark xmlns="http://www.opengis.net/kml/2.2">
        <styleUrl>#Parti singole_style_map</styleUrl>
        <name>T02632</name>
        <Polygon>
          <outerBoundaryIs>
            <LinearRing>
              <coordinates>8.51236482303097,39.5168205784202 8.51257584721342,39.5170904310742 8.51274947977024,39.5172709694076 8.51275959293451,39.5173037012603 8.51275090184823,39.5173703952212 8.51273131456411,39.517409859347 8.51270853167888,39.5174371641558 8.5127264322481,39.5174409424846 8.51278667116913,39.5173958101797 8.51277269335744,39.5172802212568 8.51259512481287,39.5170752845224 8.51232882074645,39.5167620224 8.51236482303097,39.5168205784202</coordinates>
            </LinearRing>
          </outerBoundaryIs>
        </Polygon>
      </Placemark>
      <Placemark xmlns="http://www.opengis.net/kml/2.2">
        <styleUrl>#Parti singole_style_map</styleUrl>
        <name>T02633</name>
        <Polygon>
          <outerBoundaryIs>
            <LinearRing>
              <coordinates>8.51027270026178,39.5185786013874 8.51069242691874,39.5183747817401 8.51088109324736,39.5180673333693 8.51098406382595,39.517965797135 8.51112849857646,39.5179185602857 8.51125006516885,39.5179123140878 8.51143922578704,39.5179519803095 8.51156712769749,39.5179447783001 8.51174691359147,39.517894562735 8.51172525530427,39.5178675488743 8.51149606562909,39.5178957156533 8.51122658916861,39.5178708129077 8.51112457340729,39.5178661667959 8.51108462543463,39.5178742881613 8.5109613653389,39.5179494559791 8.51091472113734,39.517993374114 8.51085925678005,39.5180607720165 8.51068028126891,39.5183234618823 8.51064993706037,39.5183505452139 8.51039806887553,39.5184701771132 8.51032699594363,39.5184938900302 8.51027037400126,39.5185437757214 8.51027270026178,39.5185786013874</coordinates>
            </LinearRing>
          </outerBoundaryIs>
        </Polygon>
      </Placemark>
      <Placemark xmlns="http://www.opengis.net/kml/2.2">
        <styleUrl>#Parti singole_style_map</styleUrl>
        <name>T00119</name>
        <Polygon>
          <outerBoundaryIs>
            <LinearRing>
              <coordinates>8.51847474452029,39.5277775652464 8.51852986412776,39.5277601155162 8.5184773987794,39.527639331164 8.51841693949171,39.5276549927122 8.51847474452029,39.5277775652464</coordinates>
            </LinearRing>
          </outerBoundaryIs>
        </Polygon>
      </Placemark>
      <Placemark xmlns="http://www.opengis.net/kml/2.2">
        <styleUrl>#Parti singole_style_map</styleUrl>
        <name>T00171</name>
        <Polygon>
          <outerBoundaryIs>
            <LinearRing>
              <coordinates>8.51153760106238,39.5203828813859 8.51155078643498,39.5204187888644 8.51167935414968,39.5203919290403 8.51168430566796,39.5204207918669 8.51173123339823,39.5204096271233 8.51172798019463,39.5203841142633 8.51177486810326,39.5203769679341 8.51176896912957,39.520355471565 8.5117524491967,39.5203620967935 8.51173813442308,39.5203097047275 8.5116982087317,39.5203144565342 8.51171333935195,39.5203682936845 8.51155963114841,39.5203967868294 8.51154336279344,39.5203459453097 8.51152570546426,39.5203505203823 8.51153760106238,39.5203828813859</coordinates>
            </LinearRing>
          </outerBoundaryIs>
        </Polygon>
      </Placemark>
      <Placemark xmlns="http://www.opengis.net/kml/2.2">
        <styleUrl>#Parti singole_style_map</styleUrl>
        <name>T02572</name>
        <Polygon>
          <outerBoundaryIs>
            <LinearRing>
              <coordinates>8.51930220189763,39.5137447157946 8.51941284716823,39.5137572924785 8.51943386943275,39.5136810980329 8.51938525379777,39.5136713369516 8.5193228922359,39.5136610053843 8.51930220189763,39.5137447157946</coordinates>
            </LinearRing>
          </outerBoundaryIs>
        </Polygon>
      </Placemark>
      <Placemark xmlns="http://www.opengis.net/kml/2.2">
        <styleUrl>#Parti singole_style_map</styleUrl>
        <name>T02573</name>
        <Polygon>
          <outerBoundaryIs>
            <LinearRing>
              <coordinates>8.5193228922359,39.5136610053843 8.51938525379777,39.5136713369516 8.5194073909178,39.5136038510965 8.51934033967595,39.5135904005848 8.5193228922359,39.5136610053843</coordinates>
            </LinearRing>
          </outerBoundaryIs>
        </Polygon>
      </Placemark>
      <Placemark xmlns="http://www.opengis.net/kml/2.2">
        <styleUrl>#Parti singole_style_map</styleUrl>
        <name>T02574</name>
        <Polygon>
          <outerBoundaryIs>
            <LinearRing>
              <coordinates>8.51938525379777,39.5136713369516 8.51943386943275,39.5136810980329 8.51945264934832,39.5136129315167 8.5194073909178,39.5136038510965 8.51938525379777,39.5136713369516</coordinates>
            </LinearRing>
          </outerBoundaryIs>
        </Polygon>
      </Placemark>
      <Placemark xmlns="http://www.opengis.net/kml/2.2">
        <styleUrl>#Parti singole_style_map</styleUrl>
        <name>T02575</name>
        <Polygon>
          <outerBoundaryIs>
            <LinearRing>
              <coordinates>8.51934033967595,39.5135904005848 8.5194073909178,39.5136038510965 8.51942941800767,39.5135354457279 8.51944936080808,39.5135365013425 8.51935751201706,39.513520884893 8.51934033967595,39.5135904005848</coordinates>
            </LinearRing>
          </outerBoundaryIs>
        </Polygon>
      </Placemark>
      <Placemark xmlns="http://www.opengis.net/kml/2.2">
        <styleUrl>#Parti singole_style_map</styleUrl>
        <name>T02576</name>
        <Polygon>
          <outerBoundaryIs>
            <LinearRing>
              <coordinates>8.5194073909178,39.5136038510965 8.51945264934832,39.5136129315167 8.51947176276021,39.5135436310752 8.51947264542233,39.5135404630918 8.51944936080808,39.5135365013425 8.51942941800767,39.5135354457279 8.5194073909178,39.5136038510965</coordinates>
            </LinearRing>
          </outerBoundaryIs>
        </Polygon>
      </Placemark>
      <Placemark xmlns="http://www.opengis.net/kml/2.2">
        <styleUrl>#Parti singole_style_map</styleUrl>
        <name>T02589</name>
        <Polygon>
          <outerBoundaryIs>
            <LinearRing>
              <coordinates>8.51629343811014,39.4908407046509 8.51635341051351,39.4908923944586 8.51639301520188,39.49086437491 8.51633418691519,39.4908170689202 8.51629343811014,39.4908407046509</coordinates>
            </LinearRing>
          </outerBoundaryIs>
        </Polygon>
      </Placemark>
      <Placemark xmlns="http://www.opengis.net/kml/2.2">
        <styleUrl>#Parti singole_style_map</styleUrl>
        <name>T00085</name>
        <Polygon>
          <outerBoundaryIs>
            <LinearRing>
              <coordinates>8.51600327637531,39.493437885204 8.51610429888981,39.4934180056689 8.51608227443561,39.4933490658079 8.51598217708617,39.4933646782698 8.51600327637531,39.493437885204</coordinates>
            </LinearRing>
          </outerBoundaryIs>
        </Polygon>
      </Placemark>
      <Placemark xmlns="http://www.opengis.net/kml/2.2">
        <styleUrl>#Parti singole_style_map</styleUrl>
        <name>T02588</name>
        <Polygon>
          <outerBoundaryIs>
            <LinearRing>
              <coordinates>8.51353774556166,39.4899653401606 8.51379972498535,39.4906434211351 8.51406367982567,39.4913140941878 8.51432555095461,39.4919841181287 8.51439974476743,39.4921745197589 8.5145372821051,39.492520443486 8.51462925092791,39.4927486455865 8.5175371715753,39.4919893085593 8.51728691387347,39.4916749879225 8.51702917637968,39.4913613294394 8.51696120223437,39.4912676725037 8.51682497261644,39.490986748714 8.51679892137339,39.4908947707446 8.51682373184327,39.490532972813 8.51687117856251,39.4903733353336 8.51706146662419,39.4899593705174 8.51737496920518,39.4893102331977 8.51738534302529,39.4892747844714 8.51743951190605,39.4891836353792 8.5167420206171,39.4891491820826 8.51617313126941,39.4892555245111 8.51546701685444,39.4893341347306 8.51518493489725,39.4893449598228 8.51497324236423,39.4893706658715 8.51477303693745,39.48939496884 8.51442555513346,39.4894107809939 8.51399229546956,39.4894005447923 8.51337236531905,39.4895296904682 8.51353774556166,39.4899653401606</coordinates>
            </LinearRing>
          </outerBoundaryIs>
          <innerBoundaryIs>
            <LinearRing>
              <coordinates>8.51633418691519,39.4908170689202 8.51639301520188,39.49086437491 8.51635341051351,39.4908923944586 8.51629343811014,39.4908407046509 8.51633418691519,39.4908170689202</coordinates>
            </LinearRing>
          </innerBoundaryIs>
        </Polygon>
      </Placemark>
      <Placemark xmlns="http://www.opengis.net/kml/2.2">
        <styleUrl>#Parti singole_style_map</styleUrl>
        <name>T00175</name>
        <Polygon>
          <outerBoundaryIs>
            <LinearRing>
              <coordinates>8.51316568116671,39.4890375436814 8.51471343742551,39.4887217089443 8.51497324236423,39.4893706658715 8.51518493489725,39.4893449598228 8.51546701685444,39.4893341347306 8.51617313126941,39.4892555245111 8.5167420206171,39.4891491820826 8.51743951190605,39.4891836353792 8.5175107613871,39.4890540649223 8.51767330766409,39.4887780405779 8.5178366676176,39.4885254282923 8.51790451982611,39.4883100918441 8.51792124001826,39.4882413310485 8.51791364818144,39.4880778875814 8.51777661674232,39.4876693656532 8.51755870858619,39.4877069082716 8.51729114135339,39.4877671034746 8.51702062184493,39.4878539114155 8.51668484970428,39.4879749840316 8.5163650868671,39.4880577561837 8.51569573862895,39.488208928151 8.5153682601583,39.4882570836174 8.51513306112365,39.4882773487722 8.51494043067556,39.4883532589706 8.51441872857166,39.4886106773611 8.51402828382071,39.4886731266183 8.51365972846677,39.4887315034022 8.51307695259839,39.4888262933576 8.51316568116671,39.4890375436814</coordinates>
            </LinearRing>
          </outerBoundaryIs>
        </Polygon>
      </Placemark>
      <Placemark xmlns="http://www.opengis.net/kml/2.2">
        <styleUrl>#Parti singole_style_map</styleUrl>
        <name>T00177</name>
        <Polygon>
          <outerBoundaryIs>
            <LinearRing>
              <coordinates>8.51337236531905,39.4895296904682 8.51399229546956,39.4894005447923 8.51442555513346,39.4894107809939 8.51477303693745,39.48939496884 8.51497324236423,39.4893706658715 8.51471343742551,39.4887217089443 8.51316568116671,39.4890375436814 8.51337236531905,39.4895296904682</coordinates>
            </LinearRing>
          </outerBoundaryIs>
        </Polygon>
      </Placemark>
      <Placemark xmlns="http://www.opengis.net/kml/2.2">
        <styleUrl>#Parti singole_style_map</styleUrl>
        <name>T00123</name>
        <Polygon>
          <outerBoundaryIs>
            <LinearRing>
              <coordinates>8.51219494940234,39.5119366398924 8.51234906767197,39.5121145110483 8.51245432057868,39.5122006410261 8.5126325867435,39.5122990069162 8.51327265725945,39.511785326679 8.51250338232639,39.5112715128298 8.51241672059727,39.5113847243035 8.51220770297727,39.5116334959616 8.51213413336376,39.5117673688049 8.51219494940234,39.5119366398924</coordinates>
            </LinearRing>
          </outerBoundaryIs>
          <innerBoundaryIs>
            <LinearRing>
              <coordinates>8.51255188914133,39.5117056356991 8.51276926941742,39.5118212941328 8.51273698961079,39.5118562179227 8.51252520034115,39.5117444753516 8.51255188914133,39.5117056356991</coordinates>
            </LinearRing>
          </innerBoundaryIs>
        </Polygon>
      </Placemark>
      <Placemark xmlns="http://www.opengis.net/kml/2.2">
        <styleUrl>#Parti singole_style_map</styleUrl>
        <name>T00043</name>
        <Polygon>
          <outerBoundaryIs>
            <LinearRing>
              <coordinates>8.50529180090178,39.501420132858 8.50532122424116,39.5014368461806 8.50534099651027,39.5014302717258 8.50539037331803,39.5014230664385 8.50538339895645,39.5013733086762 8.50533627673563,39.5013824067214 8.50530614004374,39.5013760792878 8.50529180090178,39.501420132858</coordinates>
            </LinearRing>
          </outerBoundaryIs>
        </Polygon>
      </Placemark>
      <Placemark xmlns="http://www.opengis.net/kml/2.2">
        <styleUrl>#Parti singole_style_map</styleUrl>
        <name>T00044</name>
        <Polygon>
          <outerBoundaryIs>
            <LinearRing>
              <coordinates>8.50543233002484,39.5005139484385 8.50555407180151,39.5005214316151 8.50556326909232,39.5004315655637 8.50550284000071,39.5004278574129 8.50541194570729,39.5004412383051 8.50543233002484,39.5005139484385</coordinates>
            </LinearRing>
          </outerBoundaryIs>
        </Polygon>
      </Placemark>
      <Placemark xmlns="http://www.opengis.net/kml/2.2">
        <styleUrl>#Parti singole_style_map</styleUrl>
        <name>T02726</name>
        <Polygon>
          <outerBoundaryIs>
            <LinearRing>
              <coordinates>8.50697179398156,39.4887709752869 8.50708690895892,39.4887622100632 8.50707164105257,39.4886749340095 8.50695572683883,39.488684921236 8.50697179398156,39.4887709752869</coordinates>
            </LinearRing>
          </outerBoundaryIs>
        </Polygon>
      </Placemark>
      <Placemark xmlns="http://www.opengis.net/kml/2.2">
        <styleUrl>#Parti singole_style_map</styleUrl>
        <name>T00045</name>
        <Polygon>
          <outerBoundaryIs>
            <LinearRing>
              <coordinates>8.50614727027471,39.5010163968948 8.50617866935893,39.5010300368634 8.50621199327256,39.5010445049455 8.50622996155296,39.5009953758389 8.50619937635368,39.5009834152669 8.50616456930412,39.5009698058696 8.50614727027471,39.5010163968948</coordinates>
            </LinearRing>
          </outerBoundaryIs>
        </Polygon>
      </Placemark>
      <Placemark xmlns="http://www.opengis.net/kml/2.2">
        <styleUrl>#Parti singole_style_map</styleUrl>
        <name>T02737</name>
        <Polygon>
          <outerBoundaryIs>
            <LinearRing>
              <coordinates>8.5019586678691,39.4890570686991 8.50198501200988,39.4890953365434 8.50197032137712,39.4891024920738 8.50197819223083,39.4891185096303 8.50199554452106,39.4891113655073 8.50202123433017,39.4891480837173 8.5021280023318,39.4891062614897 8.50215631706866,39.4891481469887 8.50221105762812,39.4891236323875 8.50212083798674,39.4889912504109 8.5019586678691,39.4890570686991</coordinates>
            </LinearRing>
          </outerBoundaryIs>
        </Polygon>
      </Placemark>
      <Placemark xmlns="http://www.opengis.net/kml/2.2">
        <styleUrl>#Parti singole_style_map</styleUrl>
        <name>T02736</name>
        <Polygon>
          <outerBoundaryIs>
            <LinearRing>
              <coordinates>8.50171698293419,39.4890756255394 8.50197432913467,39.4892231562369 8.50213933487023,39.4893785982775 8.50221118311225,39.4895374073318 8.50229458913916,39.4898594073851 8.5024075883904,39.4899878114214 8.50267501582073,39.4902356419736 8.50271485412458,39.4902277662397 8.50273213150811,39.4901140033321 8.5028348933577,39.4899984077092 8.50295556187358,39.4898927819701 8.50306351007691,39.4898407583804 8.50323776166224,39.4897663661485 8.50341995599046,39.4897343472737 8.50366536000713,39.4897094099811 8.50403810419295,39.4896460279849 8.5045264250011,39.4895237594512 8.50499017155995,39.4894393448092 8.50518443280467,39.4894305582275 8.50535684994508,39.4894405730502 8.5057662339215,39.4894985308152 8.50591699284546,39.4894781778703 8.50613088778581,39.4894309809422 8.50645922702687,39.4893367942258 8.50675112435354,39.4892931441628 8.50685258188761,39.4892934937395 8.50679708930211,39.4890748380607 8.50664027081678,39.4884723432765 8.50652445611923,39.4880376151088 8.50692090194575,39.487967260368 8.50782277438682,39.4878098257575 8.50832103774872,39.4877260035107 8.50741979098598,39.4874147165839 8.50540084730136,39.486730245479 8.50438580999228,39.4863878423902 8.50437197549964,39.4863743218948 8.50416586487627,39.4862419903227 8.50407915661998,39.4862056058465 8.50395916405028,39.486186234946 8.50385154866678,39.486210337717 8.50380367964576,39.4862506438956 8.50377258327909,39.486300068093 8.5037933649367,39.4864191116633 8.50387955933718,39.4866782033027 8.50388783764675,39.4869072640509 8.50386975894227,39.4871193718815 8.50385101140558,39.4872456531473 8.50388725713832,39.4873927759304 8.50387642265287,39.4875444010873 8.50379947808251,39.4876898601619 8.50364320220668,39.4878470361716 8.50359506161404,39.4878615984889 8.50355012705371,39.487837420922 8.50346106216048,39.4876238101372 8.50339418641522,39.4875863746033 8.50331712354786,39.4875768095837 8.50327521577163,39.4875995527902 8.50322905612817,39.4876821336325 8.50310118048735,39.4879986073681 8.50300344728072,39.4882396399893 8.50261352082536,39.4886343732108 8.5024933051417,39.4887223943177 8.50237633923238,39.4887639718042 8.50218486932167,39.488787569678 8.50188147599468,39.4889509787491 8.50171698293419,39.4890756255394</coordinates>
            </LinearRing>
          </outerBoundaryIs>
          <innerBoundaryIs>
            <LinearRing>
              <coordinates>8.50408757256845,39.4868423410647 8.50410901310409,39.4867919024586 8.50436196467328,39.4868684705803 8.50434766262217,39.4869092895863 8.50433378818525,39.4869488399533 8.50407156022353,39.48687999911 8.50408757256845,39.4868423410647</coordinates>
            </LinearRing>
          </innerBoundaryIs>
          <innerBoundaryIs>
            <LinearRing>
              <coordinates>8.50302390337435,39.4894440160823 8.50328141420765,39.4893714035118 8.5034387497871,39.4894171818878 8.50348195390356,39.4894297467565 8.50347299964474,39.4894608122489 8.50343332553141,39.4894554977814 8.50331681238017,39.4894399254386 8.50307242890658,39.4895159731159 8.50304553662386,39.489476113406 8.50302390337435,39.4894440160823</coordinates>
            </LinearRing>
          </innerBoundaryIs>
          <innerBoundaryIs>
            <LinearRing>
              <coordinates>8.50295122405999,39.4883848528181 8.50302306739657,39.4882931012864 8.50311710356223,39.4883164348362 8.50317711358106,39.4883987217723 8.50321957115935,39.4885356175048 8.50313104745057,39.4885301210931 8.50309058126312,39.4885267043077 8.50308593167076,39.4884627829498 8.503015257181,39.4884606425567 8.50301549482943,39.4884191238343 8.50295122405999,39.4883848528181</coordinates>
            </LinearRing>
          </innerBoundaryIs>
          <innerBoundaryIs>
            <LinearRing>
              <coordinates>8.50383739852009,39.4864079916998 8.50398984134032,39.4863985329402 8.50400480179889,39.4864466670931 8.50405630723393,39.4866145517873 8.50408417352241,39.4866105620019 8.50408690744713,39.4866447319571 8.50406104786239,39.4866477842202 8.50405508466924,39.4867194632359 8.50393937920542,39.48675936276 8.50389973308655,39.4865753550533 8.50383739852009,39.4864079916998</coordinates>
            </LinearRing>
          </innerBoundaryIs>
          <innerBoundaryIs>
            <LinearRing>
              <coordinates>8.50202123433017,39.4891480837173 8.50199554452106,39.4891113655073 8.50197819223083,39.4891185096303 8.50197032137712,39.4891024920738 8.50198501200988,39.4890953365434 8.5019586678691,39.4890570686991 8.50212083798674,39.4889912504109 8.50221105762812,39.4891236323875 8.50215631706866,39.4891481469887 8.5021280023318,39.4891062614897 8.50202123433017,39.4891480837173</coordinates>
            </LinearRing>
          </innerBoundaryIs>
          <innerBoundaryIs>
            <LinearRing>
              <coordinates>8.50306122716751,39.4882464187727 8.50310754503696,39.4880199739668 8.50321986468518,39.4880313410321 8.50320004355898,39.4881242887398 8.50313623077618,39.4881170879243 8.50310460414238,39.4882535322354 8.50306122716751,39.4882464187727</coordinates>
            </LinearRing>
          </innerBoundaryIs>
        </Polygon>
      </Placemark>
      <Placemark xmlns="http://www.opengis.net/kml/2.2">
        <styleUrl>#Parti singole_style_map</styleUrl>
        <name>T00046</name>
        <Polygon>
          <outerBoundaryIs>
            <LinearRing>
              <coordinates>8.50602626203617,39.5006327086598 8.50607486447874,39.5006395018586 8.50612597662814,39.5006466480988 8.50613866769405,39.5005970820937 8.50609218149199,39.5005870812262 8.50604416241695,39.5005767494505 8.50602626203617,39.5006327086598</coordinates>
            </LinearRing>
          </outerBoundaryIs>
        </Polygon>
      </Placemark>
      <Placemark xmlns="http://www.opengis.net/kml/2.2">
        <styleUrl>#Parti singole_style_map</styleUrl>
        <name>T00047</name>
        <Polygon>
          <outerBoundaryIs>
            <LinearRing>
              <coordinates>8.50587192115458,39.5005265322118 8.5059409405955,39.5005325473083 8.50594413211429,39.5005039710648 8.50594820484836,39.5004675685809 8.5058884313575,39.5004566821756 8.50587997842461,39.5004924443145 8.50587192115458,39.5005265322118</coordinates>
            </LinearRing>
          </outerBoundaryIs>
        </Polygon>
      </Placemark>
      <Placemark xmlns="http://www.opengis.net/kml/2.2">
        <styleUrl>#Parti singole_style_map</styleUrl>
        <name>T00179</name>
        <Polygon>
          <outerBoundaryIs>
            <LinearRing>
              <coordinates>8.51024670305645,39.4931249079843 8.5102986580531,39.4931139811704 8.51035038422361,39.493213502296 8.51049978494282,39.4931639351518 8.51053636999827,39.4930927813363 8.51049380213229,39.4930569930756 8.51043037665378,39.4930270817678 8.51031170683379,39.4930708134967 8.51023816272167,39.4930841361703 8.51024670305645,39.4931249079843</coordinates>
            </LinearRing>
          </outerBoundaryIs>
        </Polygon>
      </Placemark>
      <Placemark xmlns="http://www.opengis.net/kml/2.2">
        <styleUrl>#Parti singole_style_map</styleUrl>
        <name>T00039</name>
        <Polygon>
          <outerBoundaryIs>
            <LinearRing>
              <coordinates>8.50621307911276,39.5052580139948 8.50627586343539,39.505292718333 8.50631482953948,39.5052531303272 8.5063538074216,39.5052135153271 8.50625013678107,39.5052169131731 8.50621307911276,39.5052580139948</coordinates>
            </LinearRing>
          </outerBoundaryIs>
        </Polygon>
      </Placemark>
      <Placemark xmlns="http://www.opengis.net/kml/2.2">
        <styleUrl>#Parti singole_style_map</styleUrl>
        <name>T00182</name>
        <Polygon>
          <outerBoundaryIs>
            <LinearRing>
              <coordinates>8.50092997905889,39.4898691508452 8.50096555324676,39.4898916493293 8.50109259021753,39.4897755828445 8.50103716032221,39.489732716817 8.50097225709885,39.4897803191164 8.50096356679552,39.4897743259451 8.50088538693141,39.4898409460972 8.50092997905889,39.4898691508452</coordinates>
            </LinearRing>
          </outerBoundaryIs>
        </Polygon>
      </Placemark>
      <Placemark xmlns="http://www.opengis.net/kml/2.2">
        <styleUrl>#Parti singole_style_map</styleUrl>
        <name>T00183</name>
        <Polygon>
          <outerBoundaryIs>
            <LinearRing>
              <coordinates>8.50304553662386,39.489476113406 8.50307242890658,39.4895159731159 8.50331681238017,39.4894399254386 8.50343332553141,39.4894554977814 8.50347299964474,39.4894608122489 8.50348195390356,39.4894297467565 8.5034387497871,39.4894171818878 8.50328141420765,39.4893714035118 8.50302390337435,39.4894440160823 8.50304553662386,39.489476113406</coordinates>
            </LinearRing>
          </outerBoundaryIs>
        </Polygon>
      </Placemark>
      <Placemark xmlns="http://www.opengis.net/kml/2.2">
        <styleUrl>#Parti singole_style_map</styleUrl>
        <name>T00184</name>
        <Polygon>
          <outerBoundaryIs>
            <LinearRing>
              <coordinates>8.50301549482943,39.4884191238343 8.503015257181,39.4884606425567 8.50308593167076,39.4884627829498 8.50309058126312,39.4885267043077 8.50313104745057,39.4885301210931 8.50321957115935,39.4885356175048 8.50317711358106,39.4883987217723 8.50311710356223,39.4883164348362 8.50302306739657,39.4882931012864 8.50295122405999,39.4883848528181 8.50301549482943,39.4884191238343</coordinates>
            </LinearRing>
          </outerBoundaryIs>
        </Polygon>
      </Placemark>
      <Placemark xmlns="http://www.opengis.net/kml/2.2">
        <styleUrl>#Parti singole_style_map</styleUrl>
        <name>T00185</name>
        <Polygon>
          <outerBoundaryIs>
            <LinearRing>
              <coordinates>8.51246282520168,39.4885283133003 8.5124977674661,39.488538506471 8.51247285989968,39.4885766689694 8.51254407837646,39.4885992053569 8.51256458829566,39.4885629976636 8.51258220196337,39.4885318866919 8.51248637219589,39.4884901541053 8.51246282520168,39.4885283133003</coordinates>
            </LinearRing>
          </outerBoundaryIs>
        </Polygon>
      </Placemark>
      <Placemark xmlns="http://www.opengis.net/kml/2.2">
        <styleUrl>#Parti singole_style_map</styleUrl>
        <name>T00186</name>
        <Polygon>
          <outerBoundaryIs>
            <LinearRing>
              <coordinates>8.50407156022353,39.48687999911 8.50433378818525,39.4869488399533 8.50434766262217,39.4869092895863 8.50436196467328,39.4868684705803 8.50410901310409,39.4867919024586 8.50408757256845,39.4868423410647 8.50407156022353,39.48687999911</coordinates>
            </LinearRing>
          </outerBoundaryIs>
        </Polygon>
      </Placemark>
      <Placemark xmlns="http://www.opengis.net/kml/2.2">
        <styleUrl>#Parti singole_style_map</styleUrl>
        <name>T00187</name>
        <Polygon>
          <outerBoundaryIs>
            <LinearRing>
              <coordinates>8.50389973308655,39.4865753550533 8.50393937920542,39.48675936276 8.50405508466924,39.4867194632359 8.50406104786239,39.4866477842202 8.50408690744713,39.4866447319571 8.50408417352241,39.4866105620019 8.50405630723393,39.4866145517873 8.50400480179889,39.4864466670931 8.50398984134032,39.4863985329402 8.50383739852009,39.4864079916998 8.50389973308655,39.4865753550533</coordinates>
            </LinearRing>
          </outerBoundaryIs>
        </Polygon>
      </Placemark>
      <Placemark xmlns="http://www.opengis.net/kml/2.2">
        <styleUrl>#Parti singole_style_map</styleUrl>
        <name>T00188</name>
        <Polygon>
          <outerBoundaryIs>
            <LinearRing>
              <coordinates>8.51334680786929,39.4879441651336 8.51344690304864,39.487944503246 8.51346757449423,39.4876882990238 8.51336108394025,39.4876829784437 8.51334680786929,39.4879441651336</coordinates>
            </LinearRing>
          </outerBoundaryIs>
        </Polygon>
      </Placemark>
      <Placemark xmlns="http://www.opengis.net/kml/2.2">
        <styleUrl>#Parti singole_style_map</styleUrl>
        <name>T00048</name>
        <Polygon>
          <outerBoundaryIs>
            <LinearRing>
              <coordinates>8.50202709086624,39.5005786126226 8.50205087671613,39.500676134378 8.50218529888387,39.5007581098553 8.50243162370891,39.5008068477862 8.50279724283108,39.5008964891465 8.50296066243997,39.5009016305008 8.50305161740135,39.5008717268228 8.50334604803959,39.5006525748882 8.50339784400644,39.5006436868429 8.50343590533644,39.5006460840919 8.50354132889024,39.5006895860459 8.50367266941368,39.5007701139942 8.50389412843059,39.5008745346294 8.50405687356386,39.5009287238595 8.50420902023252,39.5009571971722 8.50447386776073,39.5009741852976 8.5049028070229,39.5009590565493 8.50501116146601,39.5010404401247 8.50505643909002,39.5011486309718 8.5050668837247,39.5012141265836 8.50496822581423,39.5015640282908 8.50479583598723,39.5018178086939 8.50477507306001,39.501862312363 8.50475898397501,39.5019398047845 8.50474671945604,39.5020372173463 8.50496574876879,39.5026222550755 8.505072472001,39.5029108694084 8.50521639661901,39.5030578734153 8.50539778650825,39.5031981348297 8.505480142215,39.5032494208534 8.50571734631576,39.5032671985316 8.50576246981309,39.5032924752838 8.50589358800873,39.5034645087457 8.5060259687562,39.5035749887991 8.50616217789355,39.5036721406645 8.50634677234711,39.5037857616348 8.50639982925788,39.5040130475636 8.50636667864774,39.504088890882 8.50621695684757,39.5042506839567 8.50618640612489,39.5043929444487 8.50623898173493,39.5045830697559 8.50637894049575,39.5047308483476 8.50647936430105,39.5050710006863 8.50643726442867,39.5051441749752 8.50618124306714,39.505179353607 8.50603983746765,39.5052275073823 8.50593343381632,39.5052800897538 8.50588657174617,39.5053259693035 8.5058704940455,39.5053658076937 8.50587107911909,39.505667268941 8.50583106648592,39.5059299121699 8.50576738094406,39.5060452528478 8.50574804176758,39.5061070445337 8.50575076227262,39.506158081626 8.50580145665567,39.5062017541244 8.50586430664362,39.5062174381462 8.50661030354958,39.5061861171991 8.50676672620741,39.5061479288552 8.50685864265988,39.5061505626333 8.50692032457404,39.506221240203 8.50700471799408,39.5063485359413 8.50719782523033,39.5067926456145 8.50722392318174,39.5069444993299 8.50727210587223,39.506998152989 8.50742427270744,39.5071081386568 8.50764781384971,39.5071486596318 8.50781823523674,39.5070587918798 8.50810219099788,39.50676798767 8.50822906027374,39.5065745323079 8.50844419182462,39.5063179454545 8.50796177242778,39.5055207682727 8.50772404105265,39.5051136203033 8.50877377983204,39.5048176860974 8.50869648488989,39.5045692145797 8.50815683780956,39.502825674383 8.50781584047053,39.5017303119114 8.50764696009369,39.5011969590277 8.50722583731859,39.4998442439308 8.50685228052219,39.4986485990526 8.50661223237371,39.4978859623824 8.50503866257463,39.4989324344333 8.50424934824739,39.4994515158248 8.50296202946831,39.5003052058214 8.50196741160937,39.5005725181079 8.50202709086624,39.5005786126226</coordinates>
            </LinearRing>
          </outerBoundaryIs>
          <innerBoundaryIs>
            <LinearRing>
              <coordinates>8.50616456930412,39.5009698058696 8.50619937635368,39.5009834152669 8.50622996155296,39.5009953758389 8.50621199327256,39.5010445049455 8.50617866935893,39.5010300368634 8.50614727027471,39.5010163968948 8.50616456930412,39.5009698058696</coordinates>
            </LinearRing>
          </innerBoundaryIs>
          <innerBoundaryIs>
            <LinearRing>
              <coordinates>8.50587997842461,39.5004924443145 8.5058884313575,39.5004566821756 8.50594820484836,39.5004675685809 8.50594413211429,39.5005039710648 8.5059409405955,39.5005325473083 8.50587192115458,39.5005265322118 8.50587997842461,39.5004924443145</coordinates>
            </LinearRing>
          </innerBoundaryIs>
          <innerBoundaryIs>
            <LinearRing>
              <coordinates>8.50530614004374,39.5013760792878 8.50533627673563,39.5013824067214 8.50538339895645,39.5013733086762 8.50539037331803,39.5014230664385 8.50534099651027,39.5014302717258 8.50532122424116,39.5014368461806 8.50529180090178,39.501420132858 8.50530614004374,39.5013760792878</coordinates>
            </LinearRing>
          </innerBoundaryIs>
          <innerBoundaryIs>
            <LinearRing>
              <coordinates>8.50604416241695,39.5005767494505 8.50609218149199,39.5005870812262 8.50613866769405,39.5005970820937 8.50612597662814,39.5006466480988 8.50607486447874,39.5006395018586 8.50602626203617,39.5006327086598 8.50604416241695,39.5005767494505</coordinates>
            </LinearRing>
          </innerBoundaryIs>
          <innerBoundaryIs>
            <LinearRing>
              <coordinates>8.50625013678107,39.5052169131731 8.5063538074216,39.5052135153271 8.50631482953948,39.5052531303272 8.50627586343539,39.505292718333 8.50621307911276,39.5052580139948 8.50625013678107,39.5052169131731</coordinates>
            </LinearRing>
          </innerBoundaryIs>
          <innerBoundaryIs>
            <LinearRing>
              <coordinates>8.50513087689887,39.5013974712855 8.50512792205609,39.5013533170405 8.50517219426195,39.5013639576078 8.50517448591998,39.5013999546688 8.50515149264752,39.5014982046009 8.50510205766336,39.5014955702469 8.50513087689887,39.5013974712855</coordinates>
            </LinearRing>
          </innerBoundaryIs>
          <innerBoundaryIs>
            <LinearRing>
              <coordinates>8.50736707801886,39.50303277368 8.50741242716913,39.503004772618 8.50748256517816,39.5030783780949 8.50743283857887,39.50310038677 8.50737638478708,39.5031411354338 8.50733831760346,39.5030471763878 8.50736707801886,39.50303277368</coordinates>
            </LinearRing>
          </innerBoundaryIs>
          <innerBoundaryIs>
            <LinearRing>
              <coordinates>8.50541194570729,39.5004412383051 8.50550284000071,39.5004278574129 8.50556326909232,39.5004315655637 8.50555407180151,39.5005214316151 8.50543233002484,39.5005139484385 8.50541194570729,39.5004412383051</coordinates>
            </LinearRing>
          </innerBoundaryIs>
          <innerBoundaryIs>
            <LinearRing>
              <coordinates>8.5054468602332,39.5018482345558 8.50550434241373,39.5017953272382 8.50560036294517,39.5018678997084 8.50560054252972,39.5018770189366 8.50565982887733,39.5018780370946 8.5056597537593,39.5018902728166 8.50569382643468,39.5018926793865 8.50569377458338,39.5019049152076 8.50565858687823,39.5019121359466 8.50565991257441,39.5019203680278 8.50566210864823,39.5019337937682 8.50567566596311,39.5019885171856 8.50570682160741,39.501985685343 8.50570669719217,39.5020065167193 8.50568241039092,39.5020100445528 8.50568498031537,39.5020478448523 8.50556956450317,39.5020614729264 8.50549315743997,39.5020899808156 8.50541419674189,39.5018931201765 8.5054468602332,39.5018482345558</coordinates>
            </LinearRing>
          </innerBoundaryIs>
          <innerBoundaryIs>
            <LinearRing>
              <coordinates>8.50602664202603,39.5055087661467 8.5059214851994,39.5054741741849 8.50599898035598,39.5053557392396 8.50609840906165,39.5053873376673 8.50602664202603,39.5055087661467</coordinates>
            </LinearRing>
          </innerBoundaryIs>
          <innerBoundaryIs>
            <LinearRing>
              <coordinates>8.5066288778026,39.504627643124 8.50654848398113,39.5044112987208 8.50661755787952,39.5043993444963 8.50669790463507,39.5046223691568 8.5066288778026,39.504627643124</coordinates>
            </LinearRing>
          </innerBoundaryIs>
          <innerBoundaryIs>
            <LinearRing>
              <coordinates>8.50712056759928,39.504811217191 8.50716823574686,39.5045742615252 8.50723141910771,39.5045823234603 8.50719093738094,39.5048193096365 8.50712056759928,39.504811217191</coordinates>
            </LinearRing>
          </innerBoundaryIs>
          <innerBoundaryIs>
            <LinearRing>
              <coordinates>8.5068689202449,39.5046253220249 8.5068839579824,39.5043281034211 8.50695006279366,39.5043294974048 8.50693930555655,39.5046311878538 8.5068689202449,39.5046253220249</coordinates>
            </LinearRing>
          </innerBoundaryIs>
          <innerBoundaryIs>
            <LinearRing>
              <coordinates>8.50711251727518,39.5043235062406 8.5071099293692,39.5040796568477 8.50717604182106,39.5040799373174 8.5071844103672,39.5043193575612 8.50711251727518,39.5043235062406</coordinates>
            </LinearRing>
          </innerBoundaryIs>
        </Polygon>
      </Placemark>
      <Placemark xmlns="http://www.opengis.net/kml/2.2">
        <styleUrl>#Parti singole_style_map</styleUrl>
        <name>T00192</name>
        <Polygon>
          <outerBoundaryIs>
            <LinearRing>
              <coordinates>8.51156858572243,39.4928054781106 8.51178227002308,39.4935086613195 8.51183134039621,39.4935028035398 8.51189766418665,39.493740207688 8.51271622293833,39.4935720324641 8.5137281891204,39.4933549419675 8.51475816106302,39.4931364311361 8.51444563911508,39.492339069492 8.51426868524964,39.4918855053213 8.51400550565635,39.4912097992437 8.51365942835053,39.4903156858161 8.5132564265666,39.4903397047576 8.51312623277488,39.4903959785861 8.51334603017664,39.4909192479803 8.51353112588829,39.4913697211094 8.51363270098737,39.4918089417815 8.51370072263622,39.4920453339161 8.51289786640656,39.4922409374326 8.51147121802673,39.4925442459767 8.51156858572243,39.4928054781106</coordinates>
            </LinearRing>
          </outerBoundaryIs>
        </Polygon>
      </Placemark>
      <Placemark xmlns="http://www.opengis.net/kml/2.2">
        <styleUrl>#Parti singole_style_map</styleUrl>
        <name>T00194</name>
        <Polygon>
          <outerBoundaryIs>
            <LinearRing>
              <coordinates>8.50617605396937,39.4845175245778 8.50698594263951,39.4849244300502 8.50786362152811,39.4853558909493 8.50907224056713,39.4859533903838 8.50998927333661,39.4864044909051 8.51084702578537,39.4868223837263 8.51158520932568,39.4871845521367 8.51220822617891,39.4874961708268 8.51296062836824,39.4866082651877 8.51378740232858,39.4863668171534 8.51471746266926,39.4860903478743 8.51519582770666,39.4859437188564 8.51473530549586,39.4858154259987 8.51442565997196,39.4857521500368 8.51426180688594,39.4857624578008 8.51386365892367,39.4856544072298 8.5137258232211,39.4856539475794 8.51337926529495,39.4857683339338 8.51309001260964,39.4857972978554 8.51299188212745,39.4857874707503 8.5128932755876,39.485754232634 8.51277476542922,39.4856672091866 8.51270110709867,39.4855332585255 8.51253592109661,39.4853649187298 8.51224405494611,39.4852423152102 8.5120825041436,39.4850316232772 8.51178218674615,39.4847411830251 8.51147627132714,39.4844418522487 8.5112182076207,39.4841872331866 8.51101074031599,39.4840401489942 8.51057246384722,39.4839128252922 8.50994161921269,39.4839233034241 8.50956717686786,39.4840580324012 8.50941743095174,39.4841841851354 8.5091544611313,39.4843488112394 8.50868808539826,39.4843811335799 8.5079020374455,39.4844331217901 8.50762657085689,39.4844796737049 8.50735077900006,39.484468494164 8.50655808855755,39.4845370692465 8.50617605396937,39.4845175245778</coordinates>
            </LinearRing>
          </outerBoundaryIs>
        </Polygon>
      </Placemark>
      <Placemark xmlns="http://www.opengis.net/kml/2.2">
        <styleUrl>#Parti singole_style_map</styleUrl>
        <name>T00195</name>
        <Polygon>
          <outerBoundaryIs>
            <LinearRing>
              <coordinates>8.50664027081678,39.4884723432765 8.50679708930211,39.4890748380607 8.50685258188761,39.4892934937395 8.50697713342908,39.4892939141943 8.50715763866329,39.489309628183 8.50732042769162,39.4892965327322 8.50778852950348,39.4892319842167 8.50786676571267,39.4892272247723 8.50864263382492,39.48917863586 8.50872107656574,39.4891610459607 8.50846506043607,39.4882302921292 8.50832103774872,39.4877260035107 8.50782277438682,39.4878098257575 8.50692090194575,39.487967260368 8.50652445611923,39.4880376151088 8.50664027081678,39.4884723432765</coordinates>
            </LinearRing>
          </outerBoundaryIs>
          <innerBoundaryIs>
            <LinearRing>
              <coordinates>8.50728428028752,39.4886338386437 8.5073412173911,39.4886349540858 8.50734100313764,39.4886718776359 8.50728626880747,39.488671699602 8.50728428028752,39.4886338386437</coordinates>
            </LinearRing>
          </innerBoundaryIs>
          <innerBoundaryIs>
            <LinearRing>
              <coordinates>8.50695572683883,39.488684921236 8.50707164105257,39.4886749340095 8.50708690895892,39.4887622100632 8.50697179398156,39.4887709752869 8.50695572683883,39.488684921236</coordinates>
            </LinearRing>
          </innerBoundaryIs>
          <innerBoundaryIs>
            <LinearRing>
              <coordinates>8.50712927615737,39.48830898843 8.507254295676,39.4882955886753 8.50728167352574,39.4883953954162 8.50715586097596,39.4884123869701 8.50712927615737,39.48830898843</coordinates>
            </LinearRing>
          </innerBoundaryIs>
          <innerBoundaryIs>
            <LinearRing>
              <coordinates>8.50746491523075,39.4883533844519 8.50744212127025,39.4882487919715 8.50763516774414,39.4882117392112 8.50765888684838,39.4883135303175 8.50746491523075,39.4883533844519</coordinates>
            </LinearRing>
          </innerBoundaryIs>
        </Polygon>
      </Placemark>
      <Placemark xmlns="http://www.opengis.net/kml/2.2">
        <styleUrl>#Parti singole_style_map</styleUrl>
        <name>T00197</name>
        <Polygon>
          <outerBoundaryIs>
            <LinearRing>
              <coordinates>8.51695277794351,39.4877839161845 8.51735091304747,39.487649207881 8.51772076614001,39.4875818234001 8.51762703981962,39.4874727512912 8.5172290438249,39.4870347622987 8.51695277794351,39.4877839161845</coordinates>
            </LinearRing>
          </outerBoundaryIs>
        </Polygon>
      </Placemark>
      <Placemark xmlns="http://www.opengis.net/kml/2.2">
        <styleUrl>#Parti singole_style_map</styleUrl>
        <name>T00201</name>
        <Polygon>
          <outerBoundaryIs>
            <LinearRing>
              <coordinates>8.51207074969709,39.4876616275525 8.51231320509696,39.4890799394698 8.51249854735096,39.4888795068958 8.51259761371174,39.4888009376861 8.51359798732666,39.4886405105986 8.51432240522179,39.4885311006995 8.51504573750668,39.4882178943617 8.51526062869856,39.4881731536052 8.51568221565285,39.4881082981023 8.51644953312189,39.4879385851835 8.51677190444589,39.4878451103216 8.51695277794351,39.4877839161845 8.5172290438249,39.4870347622987 8.51715374265037,39.4869519234501 8.51696025939934,39.4867135248807 8.51683647554733,39.4868984074906 8.51652358614781,39.4867653113085 8.51593189987713,39.4865048538961 8.51613815893262,39.4862167505775 8.51608152689134,39.4861886816994 8.5153861834327,39.4859967460657 8.51519582770666,39.4859437188564 8.51471746266926,39.4860903478743 8.51378740232858,39.4863668171534 8.51296062836824,39.4866082651877 8.51220822617891,39.4874961708268 8.51207074969709,39.4876616275525</coordinates>
            </LinearRing>
          </outerBoundaryIs>
          <innerBoundaryIs>
            <LinearRing>
              <coordinates>8.51274403093416,39.4884643840542 8.51282138866564,39.4884736827646 8.51280728348532,39.4885302627587 8.5127309608863,39.4885242571623 8.51274403093416,39.4884643840542</coordinates>
            </LinearRing>
          </innerBoundaryIs>
          <innerBoundaryIs>
            <LinearRing>
              <coordinates>8.51248637219589,39.4884901541053 8.51258220196337,39.4885318866919 8.51256458829566,39.4885629976636 8.51254407837646,39.4885992053569 8.51247285989968,39.4885766689694 8.5124977674661,39.488538506471 8.51246282520168,39.4885283133003 8.51248637219589,39.4884901541053</coordinates>
            </LinearRing>
          </innerBoundaryIs>
          <innerBoundaryIs>
            <LinearRing>
              <coordinates>8.51391503821528,39.4870937128004 8.5140115631383,39.487078907085 8.51406878371806,39.4873363112323 8.51398915838041,39.4873572246296 8.51391503821528,39.4870937128004</coordinates>
            </LinearRing>
          </innerBoundaryIs>
          <innerBoundaryIs>
            <LinearRing>
              <coordinates>8.51336108394025,39.4876829784437 8.51346757449423,39.4876882990238 8.51344690304864,39.487944503246 8.51334680786929,39.4879441651336 8.51336108394025,39.4876829784437</coordinates>
            </LinearRing>
          </innerBoundaryIs>
          <innerBoundaryIs>
            <LinearRing>
              <coordinates>8.51293541116423,39.4883763893642 8.51329366290503,39.4884079401818 8.51326638057635,39.488548198333 8.51313703298733,39.4885420249203 8.5131262510943,39.4885740025684 8.51304250956658,39.4885679750982 8.5130437790317,39.488531046943 8.51291125664556,39.4885215802013 8.51293541116423,39.4883763893642</coordinates>
            </LinearRing>
          </innerBoundaryIs>
        </Polygon>
      </Placemark>
      <Placemark xmlns="http://www.opengis.net/kml/2.2">
        <styleUrl>#Parti singole_style_map</styleUrl>
        <name>T00040</name>
        <Polygon>
          <outerBoundaryIs>
            <LinearRing>
              <coordinates>8.50733831760346,39.5030471763878 8.50737638478708,39.5031411354338 8.50743283857887,39.50310038677 8.50748256517816,39.5030783780949 8.50741242716913,39.503004772618 8.50736707801886,39.50303277368 8.50733831760346,39.5030471763878</coordinates>
            </LinearRing>
          </outerBoundaryIs>
        </Polygon>
      </Placemark>
      <Placemark xmlns="http://www.opengis.net/kml/2.2">
        <styleUrl>#Parti singole_style_map</styleUrl>
        <name>T00049</name>
        <Polygon>
          <outerBoundaryIs>
            <LinearRing>
              <coordinates>8.50135265646682,39.4941983323102 8.5014217615822,39.4943118169021 8.50151808339237,39.4943890254202 8.5016761367291,39.4944334216483 8.50215493391266,39.494360291888 8.50264346022469,39.4942876883601 8.50273751967732,39.4943170232027 8.50275310179798,39.494400408606 8.50265071770441,39.4948991527966 8.50262762888766,39.494963324784 8.50263976875322,39.4950466954573 8.50270332935931,39.4951292049911 8.5028644990535,39.4952082577359 8.50290231137859,39.4952859625911 8.5028580951483,39.4953920504721 8.50281042833979,39.495465010535 8.50268672619062,39.4955755246474 8.502722335015,39.4959182234871 8.50288208604529,39.496318921534 8.5028484626645,39.4964202882409 8.50281878113151,39.4967566436418 8.50282555419386,39.4968767354999 8.50288784678923,39.4970036064323 8.50314521904576,39.4973233042146 8.50317892928748,39.4974121732517 8.50318397689187,39.4974692843897 8.50312574896139,39.4975912066637 8.50305559265253,39.4978349337992 8.5030192247406,39.4979949551474 8.50302643829915,39.4980843055561 8.50319044739188,39.4982326955638 8.50350800539429,39.4985255196884 8.50348058020358,39.498643293833 8.50321533620897,39.4989444389909 8.50316698799211,39.4991813033985 8.50312320659918,39.4992831943449 8.50289896128346,39.4994383482918 8.50270614166213,39.4998558643157 8.50239606495302,39.5001115026078 8.50206267724201,39.5004275716235 8.50196741160937,39.5005725181079 8.50296202946831,39.5003052058214 8.50424934824739,39.4994515158248 8.50503866257463,39.4989324344333 8.50661223237371,39.4978859623824 8.50639640040935,39.4971943394481 8.50605740510907,39.4961080347811 8.50582054783438,39.4953357146089 8.5057775145608,39.4951967181062 8.50530486323711,39.4936702181985 8.50509464435488,39.4929942132226 8.50416168658245,39.492907457319 8.50276899310028,39.4927798206435 8.50152182600013,39.4926807869086 8.50153240920139,39.4926904643811 8.50169487327495,39.4928461844019 8.50184306186996,39.4929133433021 8.50192095344774,39.4929949326038 8.50193913880018,39.4930474418035 8.50192144879092,39.4933896872758 8.50188094791682,39.493473787467 8.50177583269881,39.4935792624581 8.50156742500852,39.4936668322138 8.50136918819093,39.4938119402961 8.50134068613189,39.4940280483769 8.50135265646682,39.4941983323102</coordinates>
            </LinearRing>
          </outerBoundaryIs>
        </Polygon>
      </Placemark>
      <Placemark xmlns="http://www.opengis.net/kml/2.2">
        <styleUrl>#Parti singole_style_map</styleUrl>
        <name>T00041</name>
        <Polygon>
          <outerBoundaryIs>
            <LinearRing>
              <coordinates>8.50541419674189,39.5018931201765 8.50549315743997,39.5020899808156 8.50556956450317,39.5020614729264 8.50568498031537,39.5020478448523 8.50568241039092,39.5020100445528 8.50570669719217,39.5020065167193 8.50570682160741,39.501985685343 8.50567566596311,39.5019885171856 8.50566210864823,39.5019337937682 8.50565991257441,39.5019203680278 8.50565858687823,39.5019121359466 8.50569377458338,39.5019049152076 8.50569382643468,39.5018926793865 8.5056597537593,39.5018902728166 8.50565982887733,39.5018780370946 8.50560054252972,39.5018770189366 8.50560036294517,39.5018678997084 8.50550434241373,39.5017953272382 8.5054468602332,39.5018482345558 8.50541419674189,39.5018931201765</coordinates>
            </LinearRing>
          </outerBoundaryIs>
        </Polygon>
      </Placemark>
      <Placemark xmlns="http://www.opengis.net/kml/2.2">
        <styleUrl>#Parti singole_style_map</styleUrl>
        <name>T00042</name>
        <Polygon>
          <outerBoundaryIs>
            <LinearRing>
              <coordinates>8.50510205766336,39.5014955702469 8.50515149264752,39.5014982046009 8.50517448591998,39.5013999546688 8.50517219426195,39.5013639576078 8.50512792205609,39.5013533170405 8.50513087689887,39.5013974712855 8.50510205766336,39.5014955702469</coordinates>
            </LinearRing>
          </outerBoundaryIs>
        </Polygon>
      </Placemark>
      <Placemark xmlns="http://www.opengis.net/kml/2.2">
        <styleUrl>#Parti singole_style_map</styleUrl>
        <name>T00050</name>
        <Polygon>
          <outerBoundaryIs>
            <LinearRing>
              <coordinates>8.49592597452057,39.494981936116 8.49598160086861,39.4950170655071 8.49601038073427,39.4949821310881 8.49600613966455,39.4949268972779 8.49594981737694,39.4948995678404 8.49587487717163,39.4949445016796 8.49592597452057,39.494981936116</coordinates>
            </LinearRing>
          </outerBoundaryIs>
        </Polygon>
      </Placemark>
      <Placemark xmlns="http://www.opengis.net/kml/2.2">
        <styleUrl>#Parti singole_style_map</styleUrl>
        <name>T00051</name>
        <Polygon>
          <outerBoundaryIs>
            <LinearRing>
              <coordinates>8.49696276204947,39.4910640615118 8.49703717257062,39.4910628789195 8.49703647513016,39.4910289699368 8.49703569025027,39.4909910599779 8.49696565883851,39.4909929463157 8.4969641741609,39.4910295039061 8.49696276204947,39.4910640615118</coordinates>
            </LinearRing>
          </outerBoundaryIs>
        </Polygon>
      </Placemark>
      <Placemark xmlns="http://www.opengis.net/kml/2.2">
        <styleUrl>#Parti singole_style_map</styleUrl>
        <name>T00052</name>
        <Polygon>
          <outerBoundaryIs>
            <LinearRing>
              <coordinates>8.49872772931786,39.4916148517339 8.49878548025468,39.4916680997787 8.49883394765397,39.4917072876405 8.49893940514462,39.4916612310291 8.49910179778469,39.4915812345064 8.49916963182999,39.4914530212553 8.49924851746648,39.4913841437252 8.49933496245808,39.4913070722611 8.49941189233764,39.4912400603439 8.49944022929506,39.4912258739854 8.4993943052848,39.4911725690953 8.49926491890268,39.4912247581665 8.49917176357149,39.4912630200887 8.49900677531942,39.4913288862976 8.49897986826904,39.4912994055278 8.49892588035514,39.4913245458689 8.49895283444677,39.4913571894883 8.49888253170726,39.4913903237189 8.49881133841473,39.4914826520925 8.49884851504057,39.4915265397011 8.49877688953981,39.4915786529769 8.49872772931786,39.4916148517339</coordinates>
            </LinearRing>
          </outerBoundaryIs>
        </Polygon>
      </Placemark>
      <Placemark xmlns="http://www.opengis.net/kml/2.2">
        <styleUrl>#Parti singole_style_map</styleUrl>
        <name>T00087</name>
        <Polygon>
          <outerBoundaryIs>
            <LinearRing>
              <coordinates>8.48213897140503,39.4971246924704 8.48301696004872,39.4968897473707 8.48332325897064,39.4968062865251 8.48341209296129,39.4967820833015 8.48339161110289,39.4967352015273 8.48330112346729,39.4967628483424 8.4821331511343,39.4970909498321 8.48213897140503,39.4971246924704</coordinates>
            </LinearRing>
          </outerBoundaryIs>
        </Polygon>
      </Placemark>
      <Placemark xmlns="http://www.opengis.net/kml/2.2">
        <styleUrl>#Parti singole_style_map</styleUrl>
        <name>T00054</name>
        <Polygon>
          <outerBoundaryIs>
            <LinearRing>
              <coordinates>8.49562481742342,39.4918423871806 8.49578520890576,39.4919239782822 8.49581982360935,39.4918796353711 8.49566270236087,39.4917993199613 8.49562481742342,39.4918423871806</coordinates>
            </LinearRing>
          </outerBoundaryIs>
        </Polygon>
      </Placemark>
      <Placemark xmlns="http://www.opengis.net/kml/2.2">
        <styleUrl>#Parti singole_style_map</styleUrl>
        <name>T00088</name>
        <Polygon>
          <outerBoundaryIs>
            <LinearRing>
              <coordinates>8.48084362274372,39.4979970864135 8.48097852956686,39.4980114569448 8.48124303929521,39.4979527465331 8.48150640266365,39.4977744181423 8.48163842424778,39.4977075197866 8.48151869969219,39.4976424715389 8.48162811437569,39.4974923609283 8.48156261434963,39.4975111075247 8.48128727336459,39.4975221056169 8.48120445780208,39.4975359361517 8.48113730308477,39.4975754169222 8.48093042160209,39.4977950569524 8.4807847570041,39.4979291376968 8.48084362274372,39.4979970864135</coordinates>
            </LinearRing>
          </outerBoundaryIs>
        </Polygon>
      </Placemark>
      <Placemark xmlns="http://www.opengis.net/kml/2.2">
        <styleUrl>#Parti singole_style_map</styleUrl>
        <name>T00055</name>
        <Polygon>
          <outerBoundaryIs>
            <LinearRing>
              <coordinates>8.49795752375576,39.4888151532799 8.49805055554888,39.4887306686379 8.49797019227241,39.4886787281228 8.49787716358491,39.4887643930715 8.49795752375576,39.4888151532799</coordinates>
            </LinearRing>
          </outerBoundaryIs>
        </Polygon>
      </Placemark>
      <Placemark xmlns="http://www.opengis.net/kml/2.2">
        <styleUrl>#Parti singole_style_map</styleUrl>
        <name>T00057</name>
        <Polygon>
          <outerBoundaryIs>
            <LinearRing>
              <coordinates>8.49295324488821,39.4953683844472 8.49320248782215,39.4955369742481 8.49326586178188,39.4955300513997 8.4934440214021,39.4954493837713 8.49370642453582,39.4953833193492 8.49380360395294,39.4953574145478 8.4939828467771,39.4952330956768 8.49415105121839,39.4950832922563 8.49417284786765,39.4949722715472 8.49422657277553,39.4949375182525 8.4944766903302,39.4949423370669 8.49457669402115,39.4949133353339 8.49469292442618,39.4948276659271 8.49480087054869,39.4947906793327 8.49496995570212,39.4947967035014 8.49509411128915,39.4948210304277 8.49519881971317,39.4948344693221 8.49522300487825,39.4948350699681 8.49532929564971,39.4945237646449 8.49570591493789,39.4933902220395 8.49601973099368,39.4924585618273 8.49597444019419,39.4924675469112 8.4958351696681,39.4925221761227 8.49570674279475,39.4925760503108 8.49557950567995,39.4926036733569 8.49547169216815,39.4926357145887 8.49541362630636,39.4926599976176 8.49531270424143,39.4927360571652 8.49519683955753,39.4927717844433 8.4950894535763,39.4927912937779 8.49447231413736,39.4927815731732 8.49426987026031,39.4928380160215 8.49407488199019,39.4928493491234 8.49389299809808,39.4928480974588 8.49375079418613,39.492806652038 8.49365742244804,39.4927346489152 8.4936377273715,39.492636269164 8.49347509224397,39.4932352711732 8.49301578811619,39.4949813746432 8.49300049662546,39.495025972208 8.49291535605897,39.4953619028368 8.49295324488821,39.4953683844472</coordinates>
            </LinearRing>
          </outerBoundaryIs>
        </Polygon>
      </Placemark>
      <Placemark xmlns="http://www.opengis.net/kml/2.2">
        <styleUrl>#Parti singole_style_map</styleUrl>
        <name>T00203</name>
        <Polygon>
          <outerBoundaryIs>
            <LinearRing>
              <coordinates>8.5020003032968,39.4881763629272 8.50237312146403,39.4885189843681 8.50275163150123,39.4882740543913 8.50300682363968,39.4881019581036 8.50302468473864,39.4880628124024 8.50310813038597,39.4878718162615 8.50283868121472,39.4876313304247 8.50231147507465,39.4879734583838 8.5020003032968,39.4881763629272</coordinates>
            </LinearRing>
          </outerBoundaryIs>
        </Polygon>
      </Placemark>
      <Placemark xmlns="http://www.opengis.net/kml/2.2">
        <styleUrl>#Parti singole_style_map</styleUrl>
        <name>T00204</name>
        <Polygon>
          <outerBoundaryIs>
            <LinearRing>
              <coordinates>8.50001202840675,39.4871402914993 8.50002865252088,39.4873080188233 8.50011141883302,39.4874400343327 8.50021164008905,39.4875184231146 8.50032226361989,39.4875813226834 8.50068349892655,39.4877437736275 8.50091012137348,39.4878466364517 8.50100035382155,39.4879073483692 8.50123178183086,39.4881953400409 8.50138713151356,39.4883980100639 8.50144849778791,39.4887181771939 8.50151076375725,39.4889043821206 8.50167216032968,39.4890634315087 8.50184170190414,39.4889320396476 8.502134677135,39.4887782541546 8.50223705405685,39.4887604648333 8.50234143521191,39.4887616508127 8.50247148081154,39.4887187868265 8.5026537483035,39.4885310073678 8.5028304317968,39.4883532052214 8.50295047394219,39.4882306372945 8.50300682363968,39.4881019581036 8.50275163150123,39.4882740543913 8.50237312146403,39.4885189843681 8.5020003032968,39.4881763629272 8.50231147507465,39.4879734583838 8.50283868121472,39.4876313304247 8.50310813038597,39.4878718162615 8.50317129063431,39.4877272447992 8.50322515298484,39.4876064569408 8.50326939223971,39.4875714696284 8.50333064766213,39.48757349752 8.50340098131522,39.4876054245181 8.50345514224832,39.4877513895746 8.50347948719286,39.4878223330712 8.50353081311567,39.4878618105373 8.50358538625878,39.4878453294916 8.50373993484233,39.4876776130698 8.50381222390563,39.4875441990276 8.50382928047753,39.4874186223724 8.50379130084071,39.4872471732001 8.50380767738324,39.4871191067775 8.50189625021762,39.4870463329938 8.50001343386744,39.4869879954096 8.50001202840675,39.4871402914993</coordinates>
            </LinearRing>
          </outerBoundaryIs>
        </Polygon>
      </Placemark>
      <Placemark xmlns="http://www.opengis.net/kml/2.2">
        <styleUrl>#Parti singole_style_map</styleUrl>
        <name>T02605</name>
        <Polygon>
          <outerBoundaryIs>
            <LinearRing>
              <coordinates>8.50113342323131,39.4888578549659 8.50132618659131,39.4892194842401 8.50139687200967,39.4891730148244 8.50150835112649,39.4891329735806 8.50162055212634,39.4890862766708 8.50146295159146,39.4889216390565 8.50125213889983,39.488742446351 8.50113342323131,39.4888578549659</coordinates>
            </LinearRing>
          </outerBoundaryIs>
        </Polygon>
      </Placemark>
      <Placemark xmlns="http://www.opengis.net/kml/2.2">
        <styleUrl>#Parti singole_style_map</styleUrl>
        <name>T02883</name>
        <Polygon>
          <outerBoundaryIs>
            <LinearRing>
              <coordinates>8.49712525131155,39.4916676116366 8.49731695462355,39.4917000945662 8.49733800187727,39.4916082980393 8.49714906272912,39.4915779535509 8.49712525131155,39.4916676116366</coordinates>
            </LinearRing>
          </outerBoundaryIs>
        </Polygon>
      </Placemark>
      <Placemark xmlns="http://www.opengis.net/kml/2.2">
        <styleUrl>#Parti singole_style_map</styleUrl>
        <name>T02766</name>
        <Polygon>
          <outerBoundaryIs>
            <LinearRing>
              <coordinates>8.49527981684111,39.4948364701028 8.49534036772314,39.4948418870445 8.49544863081765,39.4948574946271 8.49552169641906,39.4949045395668 8.49563381476725,39.4949788571234 8.4956700997846,39.495007712591 8.49583929791588,39.4950689784299 8.49595351616727,39.4951360334388 8.49638029506057,39.4951496156248 8.49654035528572,39.4951348836012 8.49664476257646,39.4951273077577 8.49667640054837,39.4950927189391 8.49661204438848,39.4950473072914 8.49648234884354,39.4950282740818 8.49634771909524,39.4950064801926 8.49612223881148,39.4948961799835 8.49605454473075,39.4948186857211 8.49603790899161,39.4947759856055 8.49612065598516,39.4947595221762 8.49627438341063,39.4948228377207 8.49635635386488,39.4948349966339 8.49645075129198,39.4948478580938 8.49656707823315,39.4948403159576 8.49669489994805,39.494820830726 8.49720426612533,39.4948850003096 8.49734336568461,39.4949030101784 8.49743267516187,39.4948828259017 8.4977369083919,39.4946869590132 8.49792587228468,39.4945486739714 8.4983272213553,39.4944173698276 8.4983808582964,39.4944575623125 8.49841858080054,39.4944823234238 8.49843174547413,39.494558319481 8.4983856930083,39.4946471879673 8.49834433118354,39.4947160917326 8.49830276565915,39.4948375519679 8.498296151729,39.4949809771711 8.49825826708124,39.4950417685817 8.49818118260931,39.4950939660005 8.49780564245345,39.4954730305891 8.49761965032863,39.4955503372152 8.49748458031299,39.495694369173 8.49736944290519,39.4957367693928 8.49748041407285,39.4957302663977 8.49762906233697,39.4956095758957 8.49782087831024,39.495558496519 8.49804451618767,39.4954342371098 8.49838011588563,39.495243135386 8.49845572721129,39.4951968783075 8.49859991872599,39.4951861566329 8.4986897500444,39.4951548548734 8.49874026865487,39.4950675463124 8.49875985147756,39.4948784224829 8.49884531042608,39.4947337155043 8.49893558568072,39.4946599496897 8.49900105961212,39.4946098191319 8.49906234109276,39.4945361985002 8.49911577785729,39.4944521190414 8.49923842594253,39.4942524377485 8.49925455723437,39.4941583220837 8.49921959940934,39.4940481370169 8.49915430246666,39.4939344422761 8.49901901901173,39.4938484048613 8.49859868340622,39.4938810652576 8.49817686394961,39.4938661430745 8.49791951133288,39.4938959637793 8.49777933600183,39.493916171856 8.49739916351065,39.4940236162219 8.49722763262731,39.4940247662542 8.4968873953773,39.4939111866705 8.49676979769637,39.4938516866242 8.49667563268287,39.4936263083117 8.49668194183741,39.4934949377027 8.49664577489943,39.4934352676567 8.49657955553253,39.4933565816946 8.49651290495421,39.4932603236413 8.4965179023541,39.4931882715003 8.49655360725194,39.4931073060277 8.49673209051705,39.4930384202485 8.49686297786526,39.4929207532886 8.49697492736912,39.4928102304913 8.49696941555985,39.4927214816945 8.49689439006675,39.4926238810891 8.49680124579138,39.4925537826518 8.49661649013304,39.4925122555488 8.49648207489591,39.4925129615941 8.49634267466623,39.4925131232743 8.49627060903985,39.4925066207443 8.49604171582638,39.492475479515 8.49601973099368,39.4924585618273 8.49570591493789,39.4933902220395 8.49532929564971,39.4945237646449 8.49522300487825,39.4948350699681 8.49527981684111,39.4948364701028</coordinates>
            </LinearRing>
          </outerBoundaryIs>
          <innerBoundaryIs>
            <LinearRing>
              <coordinates>8.49587487717163,39.4949445016796 8.49594981737694,39.4948995678404 8.49600613966455,39.4949268972779 8.49601038073427,39.4949821310881 8.49598160086861,39.4950170655071 8.49592597452057,39.494981936116 8.49587487717163,39.4949445016796</coordinates>
            </LinearRing>
          </innerBoundaryIs>
          <innerBoundaryIs>
            <LinearRing>
              <coordinates>8.4965557649313,39.4939930929794 8.49658550342842,39.4939562967232 8.49664300741047,39.4939822962713 8.49661325841271,39.4940205500668 8.4965557649313,39.4939930929794</coordinates>
            </LinearRing>
          </innerBoundaryIs>
          <innerBoundaryIs>
            <LinearRing>
              <coordinates>8.4966588172327,39.4939639022076 8.49668980277714,39.4939280830403 8.49685233445504,39.4939987503744 8.49681946426487,39.4940350472793 8.4966588172327,39.4939639022076</coordinates>
            </LinearRing>
          </innerBoundaryIs>
          <innerBoundaryIs>
            <LinearRing>
              <coordinates>8.49736413460685,39.4941588690592 8.49735580036954,39.4940971291983 8.49743238276557,39.4940862857798 8.49744134413452,39.494148028348 8.49736413460685,39.4941588690592</coordinates>
            </LinearRing>
          </innerBoundaryIs>
        </Polygon>
      </Placemark>
      <Placemark xmlns="http://www.opengis.net/kml/2.2">
        <styleUrl>#Parti singole_style_map</styleUrl>
        <name>T02765</name>
        <Polygon>
          <outerBoundaryIs>
            <LinearRing>
              <coordinates>8.49352617021669,39.4923989908984 8.49362451897948,39.4925702648395 8.4936377273715,39.492636269164 8.49365742244804,39.4927346489152 8.49375079418613,39.492806652038 8.49389299809808,39.4928480974588 8.49407488199019,39.4928493491234 8.49426987026031,39.4928380160215 8.49447231413736,39.4927815731732 8.4950894535763,39.4927912937779 8.49519683955753,39.4927717844433 8.49531270424143,39.4927360571652 8.49541362630636,39.4926599976176 8.49547169216815,39.4926357145887 8.49557950567995,39.4926036733569 8.49570674279475,39.4925760503108 8.4958351696681,39.4925221761227 8.49597444019419,39.4924675469112 8.49601973099368,39.4924585618273 8.49597066131339,39.4924207938226 8.49600119473049,39.4923619084689 8.49604631333497,39.4923461648633 8.49633906133779,39.4923677165699 8.49663869017893,39.4922705499167 8.49701263978189,39.4922492019988 8.497174057501,39.4922387999275 8.49726853240549,39.4922549678569 8.49741647685214,39.4923568572367 8.49758251769618,39.4924634560026 8.49767939040553,39.4926295482077 8.49769837707141,39.4928303178626 8.49771292901557,39.4930978620714 8.4977206556099,39.4931682573079 8.49772988306169,39.4930399267217 8.49773513913547,39.4928930176394 8.49783580693715,39.4925934981561 8.49779362922047,39.4922702766979 8.49774774444828,39.4922099883143 8.49757362254929,39.4920031777314 8.49752911312017,39.4919521938913 8.49746357551732,39.4919129046262 8.49695527198891,39.4918591567595 8.49691871836016,39.4918144873469 8.49696875338126,39.4917248617506 8.49708172223579,39.4917468585047 8.49721345025678,39.4917622055945 8.49742232206092,39.4917554414615 8.49761711499246,39.4917497423727 8.49766747865855,39.4917693684304 8.49772392905687,39.4917980311328 8.49794024036951,39.4919532683423 8.49813210935856,39.4920938027997 8.49823968712021,39.4922235750056 8.49837092627229,39.4923862920045 8.49847485591422,39.4924267556434 8.49855627715236,39.4924146817965 8.4987112454145,39.4923793721726 8.49886874472698,39.4923349007192 8.49899643645765,39.4922761182281 8.49905065475196,39.4922238576903 8.4990984070915,39.4921732271559 8.49941182576307,39.4917500371025 8.4997073011682,39.4914786834831 8.4999364880313,39.4913437399059 8.50020371903525,39.4912257187905 8.50033298008838,39.4912282660409 8.50042402754605,39.4912666452136 8.50050542027508,39.491308659034 8.50058161681438,39.4913601563867 8.50067054112315,39.4914206286403 8.50078904598676,39.4915840000305 8.50090766657072,39.4917068972817 8.50096945281515,39.4917896434578 8.50097836373048,39.4918851194024 8.5009994439522,39.4917766712126 8.50092211238143,39.4916382824124 8.50084922078587,39.4914661328128 8.5007351273182,39.49126809057 8.50053543120135,39.4910687882296 8.50043283014514,39.4910199164655 8.50028699487335,39.4909967364128 8.50010349790199,39.4910248793145 8.49961692302123,39.4911800515487 8.49944856106574,39.491215394796 8.49933675932125,39.4913094767582 8.49917712976982,39.4914420699532 8.49914956088531,39.4915241796084 8.49895918223665,39.4916569192638 8.49883408586286,39.4917058555904 8.4987259085748,39.4916157719451 8.49878685262394,39.4915645046488 8.49883458635296,39.4915180459302 8.49881268861603,39.4914921908715 8.49888339293111,39.4913999414814 8.49895305064496,39.4913594700403 8.49892932896607,39.4913285072766 8.49897148545885,39.4913088843138 8.49899687316672,39.4913329433111 8.49938765610258,39.4911835511 8.49934411542764,39.4911060366248 8.49933798281591,39.4909186759069 8.49938421905521,39.4906853988037 8.49942255920236,39.49049908567 8.49941353179182,39.4904509494967 8.49940151446017,39.4903819324557 8.49928506089455,39.4902899304898 8.49911732993697,39.4901502227859 8.49902650607346,39.4899951954764 8.49886011741517,39.4897141387065 8.49883443074864,39.4895941991752 8.49877785406976,39.4893292037968 8.4986623052335,39.4890194427716 8.49864255879296,39.4889629617368 8.49859828449114,39.4888858943096 8.49869430803402,39.4888623591156 8.49877937184734,39.4888946227645 8.49885002458872,39.4889742907606 8.4989228551649,39.4892040806671 8.49903316369641,39.4893612464501 8.49914447830551,39.4895192634358 8.49926467703021,39.4895996222898 8.49940258930844,39.4896909418502 8.49949476903595,39.4897575470722 8.49965564835459,39.4898797176121 8.49990620284057,39.4899800814299 8.50014289006852,39.4900521375813 8.50020620728903,39.4900442285586 8.50039199121879,39.4899756748575 8.50073806225785,39.4897434788264 8.50087658910069,39.4895785717456 8.50101067123121,39.4894269356834 8.50132618659131,39.4892194842401 8.50113342323131,39.4888578549659 8.50125213889983,39.488742446351 8.50146295159146,39.4889216390565 8.50139188438184,39.4886701523253 8.50132675870861,39.4883862897884 8.5011304092433,39.4881394370583 8.50095885197494,39.4879154776765 8.50053702144076,39.4877219066421 8.50025240652297,39.4875869600689 8.50017593436646,39.4875404530303 8.50001783856007,39.4874166732836 8.49970829955297,39.4873264626881 8.4995910232187,39.4872606505669 8.49950713785923,39.4871048695428 8.49711165290867,39.4878872036994 8.4954650997195,39.4884248228012 8.49406731273751,39.4888922030094 8.49403851677402,39.4890177540752 8.49392476807459,39.4891072000698 8.49384078467225,39.4892019655867 8.49383375907355,39.4892791537346 8.49391990813502,39.4893619467279 8.49404458514457,39.4894348518778 8.49415759501576,39.4894537610986 8.49434117807424,39.4894616243174 8.49445976632173,39.489458554232 8.49453365064827,39.4894735895898 8.4946040969918,39.489533003971 8.49461266489769,39.4895542065653 8.49462074975521,39.489698263261 8.49460913168429,39.4898332238966 8.49462901585257,39.4899312709709 8.49465891637156,39.4900175400184 8.49480412724925,39.490129602556 8.49491611255285,39.4901761683757 8.49507763453554,39.4902471331624 8.4951858471226,39.4903426445962 8.49531396895754,39.4904059583076 8.49554129499368,39.4905129253084 8.49596052399075,39.4906163094453 8.49622895842807,39.4906735540824 8.49637647188886,39.4906991702819 8.49647389978206,39.4907086839939 8.49652047362797,39.4907102734162 8.49665770095515,39.4906932617489 8.49672043180562,39.4907361344471 8.4966778694092,39.4910472668368 8.49653655615175,39.4911710965897 8.49643059680846,39.4912559474327 8.49615395828724,39.4913279482422 8.49593104936055,39.4914830497247 8.49575235097206,39.4914759670766 8.49544680955186,39.4914792809795 8.49538255922128,39.4915017891345 8.49529309566696,39.491661109059 8.49522619679588,39.491716934917 8.49496692342777,39.4917334955477 8.49481663947924,39.4916711032754 8.49470303631565,39.4916838094423 8.49444938108042,39.4918911244947 8.49438110843815,39.4919277878759 8.49418673682355,39.4919458455787 8.49408797458957,39.4919742036599 8.49391874338126,39.4920597858334 8.49372505587162,39.4921918086728 8.49353667122186,39.4923477587629 8.49352617021669,39.4923989908984</coordinates>
            </LinearRing>
          </outerBoundaryIs>
          <innerBoundaryIs>
            <LinearRing>
              <coordinates>8.4969641741609,39.4910295039061 8.49696565883851,39.4909929463157 8.49703569025027,39.4909910599779 8.49703647513016,39.4910289699368 8.49703717257062,39.4910628789195 8.49696276204947,39.4910640615118 8.4969641741609,39.4910295039061</coordinates>
            </LinearRing>
          </innerBoundaryIs>
          <innerBoundaryIs>
            <LinearRing>
              <coordinates>8.49566270236087,39.4917993199613 8.49581982360935,39.4918796353711 8.49578520890576,39.4919239782822 8.49562481742342,39.4918423871806 8.49566270236087,39.4917993199613</coordinates>
            </LinearRing>
          </innerBoundaryIs>
          <innerBoundaryIs>
            <LinearRing>
              <coordinates>8.49787716358491,39.4887643930715 8.49797019227241,39.4886787281228 8.49805055554888,39.4887306686379 8.49795752375576,39.4888151532799 8.49787716358491,39.4887643930715</coordinates>
            </LinearRing>
          </innerBoundaryIs>
          <innerBoundaryIs>
            <LinearRing>
              <coordinates>8.49714906272912,39.4915779535509 8.49733800187727,39.4916082980393 8.49731695462355,39.4917000945662 8.49712525131155,39.4916676116366 8.49714906272912,39.4915779535509</coordinates>
            </LinearRing>
          </innerBoundaryIs>
          <innerBoundaryIs>
            <LinearRing>
              <coordinates>8.49656521103099,39.4919024920019 8.49655025235793,39.4917595852527 8.49664997856766,39.491756373404 8.49666214203745,39.4918956241049 8.49656521103099,39.4919024920019</coordinates>
            </LinearRing>
          </innerBoundaryIs>
          <innerBoundaryIs>
            <LinearRing>
              <coordinates>8.49449993339701,39.49225427364 8.49448886836666,39.492223616517 8.4948405279771,39.4921759529845 8.49484640418074,39.4922087738709 8.4948068632495,39.4922137034475 8.49481371959865,39.4922410627075 8.49476665143537,39.4922463239342 8.4947597845466,39.4922204221962 8.494599734316,39.492240860883 8.49460611502008,39.4922689468712 8.49455716039856,39.4922749285924 8.49454889064918,39.4922479275616 8.49449993339701,39.49225427364</coordinates>
            </LinearRing>
          </innerBoundaryIs>
        </Polygon>
      </Placemark>
      <Placemark xmlns="http://www.opengis.net/kml/2.2">
        <styleUrl>#Parti singole_style_map</styleUrl>
        <name>T00086</name>
        <Polygon>
          <outerBoundaryIs>
            <LinearRing>
              <coordinates>8.48388521170023,39.4964940889516 8.48401962385631,39.4965231406137 8.48433026443612,39.4963601530795 8.48425914753412,39.4962988914599 8.48419820014267,39.4962463969559 8.48412675984815,39.4961848635087 8.48403455935937,39.4962743953395 8.48383190662084,39.4963722665884 8.48388521170023,39.4964940889516</coordinates>
            </LinearRing>
          </outerBoundaryIs>
        </Polygon>
      </Placemark>
      <Placemark xmlns="http://www.opengis.net/kml/2.2">
        <styleUrl>#Parti singole_style_map</styleUrl>
        <name>T00207</name>
        <Polygon>
          <outerBoundaryIs>
            <LinearRing>
              <coordinates>8.53962340368271,39.5381654833801 8.53971546587443,39.5384237588708 8.53975953116906,39.538529921561 8.54018396997454,39.5393482774943 8.53997517533666,39.5390440651719 8.53967413103913,39.539164925802 8.53978954655322,39.5393445257881 8.54010619335234,39.5394972520444 8.54018537590683,39.5394948624701 8.54032473238524,39.5396583471863 8.54046441457265,39.5395257278469 8.54052342683543,39.5395714542788 8.54060127832745,39.5395027253956 8.54053684611364,39.5394477420134 8.54085474517178,39.5392750014587 8.54090398515723,39.5392585360785 8.54096283956226,39.5392664364633 8.54106012107221,39.539219345687 8.54121591083669,39.5388670731156 8.5412978142846,39.5388136682466 8.54154326436567,39.538859004055 8.5415473289187,39.5388107880061 8.54150038550291,39.5387118318756 8.54142754746152,39.5386733586924 8.54132741644675,39.538681505057 8.54125178652969,39.5387082552532 8.54121899392163,39.5387011607675 8.54105080450758,39.5388319924794 8.54083160868813,39.5388288645231 8.54077603766815,39.538833104907 8.5402808328131,39.5388870456971 8.54022349020694,39.5382995458964 8.54019182782214,39.5379944581843 8.54016279874851,39.5379919825597 8.54016149896709,39.5379632525997 8.54015678009634,39.537925390686 8.54015756759929,39.5378871991716 8.54013330955544,39.5378864994364 8.54012412498784,39.5377689237958 8.53999854288937,39.537756334671 8.53993493526382,39.5377547492065 8.53967235501316,39.5376240416631 8.53958728453572,39.5376284709095 8.53962340368271,39.5381654833801</coordinates>
            </LinearRing>
          </outerBoundaryIs>
          <innerBoundaryIs>
            <LinearRing>
              <coordinates>8.53987423433692,39.5392768156102 8.53995461961943,39.5393248435348 8.54007326776658,39.5393957378734 8.54002097054827,39.5394398433749 8.53990400306791,39.5393681987769 8.53982685934991,39.5393209495358 8.53987423433692,39.5392768156102</coordinates>
            </LinearRing>
          </innerBoundaryIs>
        </Polygon>
      </Placemark>
      <Placemark xmlns="http://www.opengis.net/kml/2.2">
        <styleUrl>#Parti singole_style_map</styleUrl>
        <name>T00065</name>
        <Polygon>
          <outerBoundaryIs>
            <LinearRing>
              <coordinates>8.53412438253725,39.5345524403822 8.53438305139244,39.5347166540995 8.53454857907355,39.5345770452529 8.53427750569895,39.5344094213215 8.53412438253725,39.5345524403822</coordinates>
            </LinearRing>
          </outerBoundaryIs>
        </Polygon>
      </Placemark>
      <Placemark xmlns="http://www.opengis.net/kml/2.2">
        <styleUrl>#Parti singole_style_map</styleUrl>
        <name>T00208</name>
        <Polygon>
          <outerBoundaryIs>
            <LinearRing>
              <coordinates>8.54304359132019,39.5427864107862 8.5431384838079,39.5429212536145 8.54359785810874,39.543288282679 8.54410140672583,39.5435764631246 8.54420718688906,39.5436290388516 8.54448316059954,39.5437238285578 8.54474207358672,39.5437759861462 8.54502841640707,39.5437605923857 8.54522712055963,39.5437140936666 8.54500781061506,39.5434197696961 8.54487814771699,39.5431503046173 8.54483454217675,39.5429686305241 8.54487612915179,39.5427559074605 8.54518457774216,39.5423897934125 8.54509603637833,39.5422709343322 8.54487326158363,39.5421495849883 8.54467993551412,39.5421270944147 8.54442738104234,39.5424059905756 8.54399226629756,39.5426048789944 8.54340377289049,39.5427139340119 8.54305528682874,39.5426321916893 8.54304155757519,39.5426565465378 8.54304359132019,39.5427864107862</coordinates>
            </LinearRing>
          </outerBoundaryIs>
        </Polygon>
      </Placemark>
      <Placemark xmlns="http://www.opengis.net/kml/2.2">
        <styleUrl>#Parti singole_style_map</styleUrl>
        <name>T00210</name>
        <Polygon>
          <outerBoundaryIs>
            <LinearRing>
              <coordinates>8.53977717815684,39.5412562439171 8.53989204034917,39.5413616418331 8.54000680425913,39.5413815676567 8.54012548051882,39.5413800283327 8.54020105136886,39.5412710958188 8.54031398469019,39.5410553590182 8.54033602085116,39.5410437598905 8.54030322251807,39.5408047222795 8.54026153156397,39.5407757153233 8.54018989441145,39.5407578256283 8.54030578000124,39.5406641268463 8.54033394328016,39.540773235777 8.54076184545312,39.539755143959 8.54099444846106,39.5394778437017 8.54106012107221,39.539219345687 8.54096283956226,39.5392664364633 8.54090398515723,39.5392585360785 8.54085474517178,39.5392750014587 8.54053684611364,39.5394477420134 8.54060127832745,39.5395027253956 8.54052342683543,39.5395714542788 8.54046441457265,39.5395257278469 8.54032473238524,39.5396583471863 8.5400870212502,39.5395527606094 8.54016058369573,39.5400225240429 8.53991198622183,39.5409919025898 8.53968101810733,39.5410697823687 8.53977717815684,39.5412562439171</coordinates>
            </LinearRing>
          </outerBoundaryIs>
        </Polygon>
      </Placemark>
      <Placemark xmlns="http://www.opengis.net/kml/2.2">
        <styleUrl>#Parti singole_style_map</styleUrl>
        <name>T00211</name>
        <Polygon>
          <outerBoundaryIs>
            <LinearRing>
              <coordinates>8.53770781051956,39.5385947204896 8.53779701892062,39.5387086682763 8.53812285567544,39.5387590345512 8.5382236130156,39.5388477811 8.53829428600689,39.5389931547832 8.5383536403363,39.539294163233 8.53839620645657,39.5393172906363 8.53886187349228,39.539174885704 8.53899127178804,39.5391932127406 8.53924075094226,39.53955641641 8.53958640456913,39.539927992947 8.53960559066353,39.5399918798749 8.53962833954413,39.5404180576249 8.53959980724122,39.540767958202 8.53960735586219,39.5409269476332 8.53968101810733,39.5410697823687 8.53991198622183,39.5409919025898 8.54016058369573,39.5400225240429 8.5400870212502,39.5395527606094 8.53977551076349,39.5394010998486 8.5396070672338,39.5392863439594 8.53922931996696,39.5386090831239 8.53904092836209,39.5383527406279 8.53898221782497,39.538270531962 8.53885850846669,39.5381525286189 8.53874346275882,39.5380741057234 8.53857915248888,39.5380352674468 8.53854135845546,39.538043704101 8.53847367586508,39.5381266722503 8.53846261594489,39.5381713103402 8.53840919525555,39.5386288839438 8.5382800448002,39.5386488239529 8.53812620566409,39.5386206588081 8.53790595815593,39.5385990230253 8.53782556539352,39.5384893452375 8.53792596870919,39.5383823150213 8.53793776945451,39.5383137756276 8.53786633780006,39.5384214437328 8.53772479386202,39.5385290940524 8.53770781051956,39.5385947204896</coordinates>
            </LinearRing>
          </outerBoundaryIs>
          <innerBoundaryIs>
            <LinearRing>
              <coordinates>8.53861492386468,39.5385041970333 8.53865782900377,39.538460289119 8.53875752222083,39.5384479625398 8.53885173358553,39.5384709074229 8.53898882775412,39.538813608486 8.53864624409193,39.5388423515457 8.53858937329847,39.5385773492021 8.53861492386468,39.5385041970333</coordinates>
            </LinearRing>
          </innerBoundaryIs>
        </Polygon>
      </Placemark>
      <Placemark xmlns="http://www.opengis.net/kml/2.2">
        <styleUrl>#Parti singole_style_map</styleUrl>
        <name>T00063</name>
        <Polygon>
          <outerBoundaryIs>
            <LinearRing>
              <coordinates>8.53883926632423,39.5367724266652 8.53930890741774,39.537161111389 8.53951744776612,39.5374109919115 8.53958728453572,39.5376284709095 8.53967235501316,39.5376240416631 8.53993493526382,39.5377547492065 8.53999854288937,39.537756334671 8.54012412498784,39.5377689237958 8.54013330955544,39.5378864994364 8.54015756759929,39.5378871991716 8.54015678009634,39.537925390686 8.54016149896709,39.5379632525997 8.54025252118993,39.5379615946329 8.54040744071453,39.5379458721033 8.54040876753758,39.537894707899 8.54040462534692,39.537869949243 8.5401999178749,39.5374477726414 8.53988701315014,39.537017147915 8.53920725784607,39.536498667752 8.53877919309086,39.5366923929582 8.53883926632423,39.5367724266652</coordinates>
            </LinearRing>
          </outerBoundaryIs>
        </Polygon>
      </Placemark>
      <Placemark xmlns="http://www.opengis.net/kml/2.2">
        <styleUrl>#Parti singole_style_map</styleUrl>
        <name>T00067</name>
        <Polygon>
          <outerBoundaryIs>
            <LinearRing>
              <coordinates>8.53581056410904,39.5377049466939 8.53593747503531,39.5376856402063 8.53654281277002,39.5373839508818 8.53660937410974,39.5373647902714 8.53676617124621,39.5374060972182 8.53699603002203,39.5375742177633 8.5375042728947,39.5379284820909 8.53786766372328,39.5381199646399 8.53800220807718,39.5382094765398 8.53780804567496,39.5378661597607 8.53743510631532,39.5375164542898 8.53714006826771,39.5371979814114 8.53698911657651,39.5369373697033 8.53681031905465,39.5364791681238 8.53669133268658,39.5363449177041 8.53649147535947,39.5362435564015 8.53634999703352,39.5363102445541 8.53642547683404,39.536741183846 8.53646109199411,39.5367890445081 8.53645987266809,39.536842858127 8.53638823405178,39.5369552819585 8.53598882145377,39.5373722781568 8.53579189863679,39.5376770393006 8.53581056410904,39.5377049466939</coordinates>
            </LinearRing>
          </outerBoundaryIs>
        </Polygon>
      </Placemark>
      <Placemark xmlns="http://www.opengis.net/kml/2.2">
        <styleUrl>#Parti singole_style_map</styleUrl>
        <name>T00068</name>
        <Polygon>
          <outerBoundaryIs>
            <LinearRing>
              <coordinates>8.56118914700259,39.5381184424593 8.56320268375857,39.5379948968564 8.56530492546265,39.5377941508191 8.56274649025733,39.5368120201165 8.56118914700259,39.5381184424593</coordinates>
            </LinearRing>
          </outerBoundaryIs>
        </Polygon>
      </Placemark>
      <Placemark xmlns="http://www.opengis.net/kml/2.2">
        <styleUrl>#Parti singole_style_map</styleUrl>
        <name>T00209</name>
        <Polygon>
          <outerBoundaryIs>
            <LinearRing>
              <coordinates>8.54026153156397,39.5407757153233 8.54030322251807,39.5408047222795 8.54033394328016,39.540773235777 8.54030578000124,39.5406641268463 8.54018989441145,39.5407578256283 8.54026153156397,39.5407757153233</coordinates>
            </LinearRing>
          </outerBoundaryIs>
        </Polygon>
      </Placemark>
      <Placemark xmlns="http://www.opengis.net/kml/2.2">
        <styleUrl>#Parti singole_style_map</styleUrl>
        <name>T02612</name>
        <Polygon>
          <outerBoundaryIs>
            <LinearRing>
              <coordinates>8.54556685651368,39.5433136728751 8.54567395823082,39.5434349108204 8.54583271450476,39.5436355060336 8.54585792251485,39.5438191531329 8.54602243878523,39.5440361332774 8.54622089081189,39.544199733701 8.54656990036668,39.5443333137537 8.54681316495166,39.5445087203887 8.54691061420378,39.5448905599997 8.54752491831559,39.5449324560493 8.54758650825025,39.5449375345111 8.54762599305018,39.5449540780237 8.54886091654063,39.5454807032572 8.5495337061174,39.5457693192036 8.55035215096646,39.546119440833 8.55175088821456,39.5467130572187 8.55639664889645,39.5487174735564 8.55836980357044,39.5495564264352 8.56015492963372,39.550307567453 8.56161576507543,39.5509326469296 8.56186104640666,39.5510358662779 8.56253942275175,39.5513452867268 8.56375409492226,39.5518614415811 8.56424350582414,39.5520662535623 8.56473589397197,39.5522774899566 8.5663076903727,39.5529376248102 8.56695665011986,39.5532108144146 8.56764908608813,39.5534993085383 8.56753549289818,39.5532097097797 8.56721597530103,39.5524283646586 8.56667985414966,39.5510649754918 8.56636494512417,39.5503091981281 8.56572220027789,39.5487350158329 8.56527618642552,39.5475572888877 8.56549919159073,39.5444115872348 8.56541066601381,39.5443998129279 8.56500960056366,39.5447222312766 8.56463144212462,39.5445131631306 8.56423892278464,39.5442951286909 8.56405013528468,39.5442261041586 8.56338643973687,39.544044486324 8.56319152459904,39.5442827152415 8.56214256985368,39.5444364271914 8.56162134682035,39.5443954102978 8.56106350986352,39.544476504277 8.56044727314474,39.5448524254271 8.56000274166391,39.544977174444 8.55989510705723,39.5449856056941 8.55974725986665,39.5449982544 8.55896444291177,39.5450957669264 8.55841139502511,39.5450094552189 8.55762897375535,39.5453264237856 8.55754048785239,39.5454622411266 8.55720580125067,39.5456268809288 8.5566548416104,39.5456180392606 8.55651050449985,39.5456238043759 8.55631195028372,39.5455850135688 8.55602351671044,39.5454128419959 8.55580708565543,39.5451645739401 8.55574780299944,39.5450896068633 8.55566600287677,39.5450088771263 8.55536289045746,39.5449562953287 8.55523414553462,39.5448606717487 8.55507520912278,39.5446817674231 8.55497216462991,39.5447130978259 8.5546617684224,39.5446987619843 8.55446474314532,39.5445671228863 8.5543984933376,39.5443700299981 8.55440020059947,39.5442687609277 8.55427760309906,39.5440876972976 8.55412576766559,39.5439981829372 8.55372691043944,39.5438884914734 8.55333207839502,39.5438572216403 8.55304098942857,39.5438018147598 8.55291181931391,39.543707989019 8.55271669754843,39.543605259276 8.55232602459871,39.5434596074377 8.55187660654755,39.5433066815853 8.55175959364166,39.5431741211908 8.5516835273618,39.5430136787294 8.55165119906925,39.5428544953165 8.55158166180882,39.5427609433355 8.5514845709711,39.5427462510731 8.55125665444565,39.5427417755544 8.55098009989865,39.5426892939533 8.55080824239282,39.5426179887245 8.55061762362068,39.54250009954 8.55053303139057,39.5424728945017 8.55004210985775,39.5424590459185 8.54977508566053,39.5428388939763 8.54967380862079,39.5428489172134 8.54808074998834,39.5430065362665 8.5462973301499,39.543188690854 8.54546031669932,39.5432739801177 8.54556685651368,39.5433136728751</coordinates>
            </LinearRing>
          </outerBoundaryIs>
          <innerBoundaryIs>
            <LinearRing>
              <coordinates>8.54683936735595,39.5443755695323 8.54693155692253,39.5443907240982 8.54691824204437,39.5444391835271 8.54682607586786,39.5444240020111 8.54683936735595,39.5443755695323</coordinates>
            </LinearRing>
          </innerBoundaryIs>
        </Polygon>
      </Placemark>
      <Placemark xmlns="http://www.opengis.net/kml/2.2">
        <styleUrl>#Parti singole_style_map</styleUrl>
        <name>T02614</name>
        <Polygon>
          <outerBoundaryIs>
            <LinearRing>
              <coordinates>8.5356241291416,39.5354351480992 8.5352779517566,39.5356228265418 8.53499899172041,39.5356351534079 8.53485055847223,39.5352518016975 8.53471506667152,39.5352062796021 8.53432550041478,39.5352610507248 8.53346861346082,39.5356170236905 8.53325297241486,39.5355694749842 8.53319159635511,39.5355356199239 8.53241421669855,39.5348614602261 8.53224239791663,39.534814347353 8.53215859016279,39.534811396823 8.53207632370752,39.5348526839843 8.53146771556058,39.5348435628907 8.53068874676961,39.534681656585 8.53017051179772,39.5346235714706 8.53038099544793,39.5348778192408 8.53041705762022,39.5348810645855 8.53055955147721,39.5349161590346 8.53098038868757,39.5350284875858 8.53131220253434,39.5350450273791 8.53189825991294,39.5351132109973 8.53205412815573,39.5350855107056 8.53234259796517,39.5352076537908 8.53270087100736,39.5354205944457 8.53314213616167,39.5358436813334 8.53308657094396,39.5363714702201 8.53313295007592,39.5363946329048 8.53321991385385,39.5363558327074 8.53375129542427,39.535978651682 8.53425707439958,39.535821955573 8.53437641871801,39.5357800136062 8.53452189754577,39.5357764790213 8.53464913237825,39.5358370875324 8.53476283548276,39.535921897416 8.53490333745992,39.535970142604 8.53506806607639,39.5360097716479 8.53522509153993,39.5360441706936 8.53535093961293,39.5360529276506 8.53556905488787,39.5360300308648 8.53562736119913,39.5359852575738 8.53581282161327,39.5359924412852 8.53591492857841,39.5360592281592 8.53592578749378,39.5361287589412 8.53609074669571,39.5364168913821 8.53619519486153,39.5365219090261 8.53634609259917,39.5366345004514 8.53642547683404,39.536741183846 8.53634999703352,39.5363102445541 8.53649147535947,39.5362435564015 8.53669133268658,39.5363449177041 8.53681031905465,39.5364791681238 8.53698911657651,39.5369373697033 8.53714006826771,39.5371979814114 8.53743510631532,39.5375164542898 8.53780804567496,39.5378661597607 8.53800220807718,39.5382094765398 8.53801988423288,39.5383813911383 8.537942822243,39.5384957946126 8.53800701157886,39.5385501117085 8.53816278327148,39.5385640844761 8.53828788855367,39.5385978568848 8.53834564427576,39.5385940678783 8.53837808608417,39.5383556223193 8.53838343141331,39.5381408652314 8.53826705108428,39.5377794412911 8.5381564646049,39.5376885743044 8.53732697753612,39.5367126478034 8.53758869449233,39.5365708859144 8.53818707504765,39.5372700958169 8.53888972098042,39.5380906346983 8.53857513586083,39.5375930263174 8.53821747981411,39.5370211992182 8.53788898524746,39.5364957909066 8.53753938953617,39.5359349682437 8.53645811859192,39.5356431844437 8.5356241291416,39.5354351480992</coordinates>
            </LinearRing>
          </outerBoundaryIs>
        </Polygon>
      </Placemark>
      <Placemark xmlns="http://www.opengis.net/kml/2.2">
        <styleUrl>#Parti singole_style_map</styleUrl>
        <name>T02615</name>
        <Polygon>
          <outerBoundaryIs>
            <LinearRing>
              <coordinates>8.53836697776467,39.5360308503017 8.5382097052044,39.5357685120541 8.53806310124265,39.535578568694 8.53790169168811,39.5355770075764 8.53767772743312,39.5356311602011 8.53732948012406,39.5354515137842 8.53700487744633,39.5352424428473 8.53645811859192,39.5356431844437 8.53753938953617,39.5359349682437 8.53788898524746,39.5364957909066 8.53821747981411,39.5370211992182 8.53857513586083,39.5375930263174 8.53888972098042,39.5380906346983 8.53890625694436,39.5381099553422 8.5390616681608,39.53830659113 8.53930964465279,39.5386133212395 8.53941319567988,39.5388094534877 8.53950680497039,39.5389728118329 8.53965472353286,39.5392630430309 8.53978954655322,39.5393445257881 8.53967413103913,39.539164925802 8.53997517533666,39.5390440651719 8.54018396997454,39.5393482774943 8.53975953116906,39.538529921561 8.53972751234802,39.5385307948191 8.5395977118738,39.5381704182929 8.53958201377663,39.5379169956428 8.53956266455225,39.5376561250137 8.5395599108468,39.5376290922273 8.53947610424585,39.5374441750855 8.5392861780641,39.5371967380359 8.53881416645952,39.5368057732157 8.53854163831003,39.5364667506432 8.53847947123296,39.536358605349 8.53836697776467,39.5360308503017</coordinates>
            </LinearRing>
          </outerBoundaryIs>
        </Polygon>
      </Placemark>
      <Placemark xmlns="http://www.opengis.net/kml/2.2">
        <styleUrl>#Parti singole_style_map</styleUrl>
        <name>T02654</name>
        <Polygon>
          <outerBoundaryIs>
            <LinearRing>
              <coordinates>8.5375059594318,39.5367214428822 8.53771286609367,39.536965580584 8.53775150350095,39.5369439654933 8.53754201198828,39.5367017998318 8.5375059594318,39.5367214428822</coordinates>
            </LinearRing>
          </outerBoundaryIs>
        </Polygon>
      </Placemark>
      <Placemark xmlns="http://www.opengis.net/kml/2.2">
        <styleUrl>#Parti singole_style_map</styleUrl>
        <name>T02655</name>
        <Polygon>
          <outerBoundaryIs>
            <LinearRing>
              <coordinates>8.53777180732232,39.5370547197386 8.53804243306074,39.5373733191878 8.5380933675635,39.5373451393397 8.53781779917911,39.5370313408462 8.53777180732232,39.5370547197386</coordinates>
            </LinearRing>
          </outerBoundaryIs>
        </Polygon>
      </Placemark>
      <Placemark xmlns="http://www.opengis.net/kml/2.2">
        <styleUrl>#Parti singole_style_map</styleUrl>
        <name>T02734</name>
        <Polygon>
          <outerBoundaryIs>
            <LinearRing>
              <coordinates>8.5415322124445,39.5405509961045 8.54172621879897,39.5404752376068 8.5416551302557,39.5403694342807 8.54146426104133,39.5404427884943 8.5415322124445,39.5405509961045</coordinates>
            </LinearRing>
          </outerBoundaryIs>
        </Polygon>
      </Placemark>
      <Placemark xmlns="http://www.opengis.net/kml/2.2">
        <styleUrl>#Parti singole_style_map</styleUrl>
        <name>T02885</name>
        <Polygon>
          <outerBoundaryIs>
            <LinearRing>
              <coordinates>8.54030322251807,39.5408047222795 8.54033602085116,39.5410437598905 8.54076525183469,39.5408177859252 8.54101638851303,39.5407288199426 8.54149403995484,39.5406544885611 8.54171429157945,39.5405405217244 8.54185800267643,39.540527663374 8.5421106962938,39.5406351164599 8.54306395816047,39.5410964222741 8.54341600649877,39.5417357892886 8.54347260985439,39.5418921240461 8.54305528682874,39.5426321916893 8.54340377289049,39.5427139340119 8.54399226629756,39.5426048789944 8.54442738104234,39.5424059905756 8.54467993551412,39.5421270944147 8.54487326158363,39.5421495849883 8.54509603637833,39.5422709343322 8.54518457774216,39.5423897934125 8.54487612915179,39.5427559074605 8.54483454217675,39.5429686305241 8.54487814771699,39.5431503046173 8.54500781061506,39.5434197696961 8.54522712055963,39.5437140936666 8.54530628775495,39.5436274543852 8.54527082701079,39.5434297740463 8.54528757492282,39.5433600909969 8.54533287231289,39.5432864921165 8.54546031669932,39.5432739801177 8.5462973301499,39.543188690854 8.54808074998834,39.5430065362665 8.54967380862079,39.5428489172134 8.54933212774927,39.5428166955745 8.54923871924436,39.5428372639711 8.54917498498644,39.5427933797637 8.54902116332099,39.5428376718146 8.54884736834557,39.5418839245702 8.54866439768065,39.5419011351295 8.54823685117966,39.5419923689151 8.54758788850111,39.5422502310782 8.54691683462885,39.5424863787275 8.54679628378837,39.5426486882266 8.5467542890405,39.5426478846154 8.54655228506081,39.5424708548787 8.54635482188861,39.5424133099286 8.54596626733104,39.5420904396631 8.54588027241666,39.5420948698887 8.54568119012303,39.5420413720921 8.54551370445419,39.5418380303679 8.54529743076635,39.5417958266116 8.54527976521235,39.5416425825447 8.54520521551176,39.5414787629113 8.54477151962981,39.5415366308149 8.54464148783467,39.5413954073887 8.54455828654418,39.5410618446201 8.54456003442605,39.540823105835 8.54419843018446,39.540638174699 8.54419762774178,39.5405367697472 8.54389028828202,39.540332579362 8.5434686620072,39.5400929249896 8.54326340586973,39.5400024926289 8.54297206128487,39.5397539149411 8.54252611528928,39.539376862618 8.54219618850237,39.5392927670387 8.54172860698782,39.5391275754485 8.54164009248571,39.5390432772727 8.54159168197612,39.5389143561721 8.54154879682345,39.5386921192431 8.54139884180021,39.5385934592119 8.54106006447667,39.538624116582 8.54088853984292,39.5386924665272 8.54083160868813,39.5388288645231 8.54105080450758,39.5388319924794 8.54121899392163,39.5387011607675 8.54125178652969,39.5387082552532 8.54132741644675,39.538681505057 8.54142754746152,39.5386733586924 8.54150038550291,39.5387118318756 8.5415473289187,39.5388107880061 8.54154326436567,39.538859004055 8.5412978142846,39.5388136682466 8.54121591083669,39.5388670731156 8.54106012107221,39.539219345687 8.54099444846106,39.5394778437017 8.54076184545312,39.539755143959 8.54033394328016,39.540773235777 8.54030322251807,39.5408047222795</coordinates>
            </LinearRing>
          </outerBoundaryIs>
          <innerBoundaryIs>
            <LinearRing>
              <coordinates>8.5415322124445,39.5405509961045 8.54146426104133,39.5404427884943 8.5416551302557,39.5403694342807 8.54172621879897,39.5404752376068 8.5415322124445,39.5405509961045</coordinates>
            </LinearRing>
          </innerBoundaryIs>
        </Polygon>
      </Placemark>
      <Placemark xmlns="http://www.opengis.net/kml/2.2">
        <styleUrl>#Parti singole_style_map</styleUrl>
        <name>T00062</name>
        <Polygon>
          <outerBoundaryIs>
            <LinearRing>
              <coordinates>8.53248163809997,39.5348145266888 8.53326598171224,39.5354913719629 8.53349919319262,39.5355511190745 8.53428177794314,39.5352182657301 8.53470072438932,39.5351305987323 8.53489463973542,39.5351991058098 8.53504431108714,39.5355800386545 8.53527676354727,39.5355794282048 8.53559543020264,39.5353589233837 8.53645061790526,39.5355795328102 8.53700487547764,39.5351377251735 8.53737861004128,39.5354022880076 8.5376792814825,39.5355600841616 8.53790343690173,39.5354805953402 8.53809600746428,39.535543703573 8.53823913491995,39.5357279655952 8.53840542672889,39.5359971784643 8.53852355431218,39.5363457155822 8.53861102822401,39.536468314787 8.53877919309086,39.5366923929582 8.53920725784607,39.536498667752 8.53988701315014,39.537017147915 8.5401999178749,39.5374477726414 8.54040462534692,39.537869949243 8.54040876753758,39.537894707899 8.54040744071453,39.5379458721033 8.54025252118993,39.5379615946329 8.54016149896709,39.5379632525997 8.54016279874851,39.5379919825597 8.54019182782214,39.5379944581843 8.54022349020694,39.5382995458964 8.5402808328131,39.5388870456971 8.54077603766815,39.538833104907 8.54085263993262,39.5386642395305 8.54105934539465,39.5385831439419 8.54135775886609,39.5385588416282 8.54162114828758,39.5382989523686 8.54140429081301,39.5385576738258 8.54158248141087,39.5386627164627 8.54163166222192,39.5388619749517 8.54163787205537,39.5389209628093 8.54168395333227,39.5390289618121 8.54175519100024,39.5391020370492 8.54221753104286,39.539264405673 8.54254087072217,39.5393379422164 8.54329288056739,39.5399726583301 8.54351353242395,39.5400648901377 8.54390500164113,39.5402946677798 8.54389852949438,39.5402434368833 8.54383694254816,39.5401923949917 8.54392422208003,39.5400750093044 8.54396401210845,39.5400408453509 8.54400377785424,39.5398486858377 8.54395048434601,39.5398035963257 8.54387453105988,39.5397553272699 8.54387290989614,39.5396404126595 8.54395033893039,39.5395468565158 8.54413102802744,39.5394507773237 8.54435069944873,39.5393940005077 8.54466039169171,39.5392344354259 8.54470536961006,39.5392111579636 8.544783776335,39.5391778479017 8.54486517539939,39.5391513973349 8.54508469555808,39.5390819140208 8.5453799923604,39.538991471649 8.5450891327902,39.5391027451762 8.54478674887667,39.5391966460116 8.54458222201998,39.5392955340741 8.54437066904115,39.5394206051494 8.54416347564741,39.5394804494249 8.54396849368249,39.5395662548766 8.54392735004519,39.5396099103667 8.54389499075749,39.5396538075759 8.54389498083412,39.5396979579639 8.54390514386701,39.5397506630268 8.54396526656984,39.5397871294955 8.5440301798454,39.5398384186488 8.5439954299729,39.5400518711616 8.54387183918766,39.540194658476 8.54392260597974,39.5402311242617 8.54393163645146,39.5403075129234 8.54423951970024,39.5405264101274 8.5442386056232,39.5406233842909 8.54459912851572,39.540806400881 8.54460307795766,39.5410619301556 8.54469168833843,39.5413958745095 8.54480139947476,39.541498228945 8.54523121198945,39.5414433461493 8.54531712107156,39.5415962807587 8.54532495480111,39.5416476880924 8.54532284084463,39.541764678412 8.54553517295377,39.5418152462657 8.54569209294355,39.5420291156981 8.54590287303253,39.5420715765598 8.54594823321211,39.5420327303473 8.54602212391159,39.5419517373908 8.54610772455194,39.5418167554508 8.54619022121035,39.5416562351676 8.54628674999641,39.5417406963201 8.54665315510014,39.542006822383 8.54681211759069,39.5420630452648 8.54719916620706,39.5420597704519 8.54763446575995,39.5420293180515 8.54810723839622,39.5419413620043 8.54864881820357,39.5418504007193 8.54884068367248,39.5418397662072 8.54884072532471,39.5418010131156 8.54901622467655,39.541767599797 8.54928090770152,39.5415768162471 8.54921016860056,39.5414520915785 8.54927796987147,39.5414230262314 8.54946491471061,39.5414100919862 8.54961827808214,39.5414361138563 8.54982506331828,39.5414485748842 8.54982362203669,39.5414950984345 8.55009059627894,39.5415399319806 8.55027517646869,39.54155800069 8.55040236107027,39.5415382379821 8.55047575094826,39.5414708457761 8.55054837063516,39.541495697892 8.55059596465255,39.5414853220074 8.55077330173231,39.5414067175265 8.55087470617248,39.5413982435873 8.55104623865364,39.54133542029 8.55128367057417,39.5412964583264 8.55160914963334,39.5412539884476 8.55163929475106,39.5412081253142 8.55161332643465,39.5411565672895 8.55173453700476,39.5409565201746 8.55187629390412,39.540791503125 8.55191640097124,39.5407925228583 8.55192022737752,39.5408398867022 8.55194962410375,39.5408596245286 8.5521766569473,39.5408738894579 8.55219332748854,39.5409001016021 8.5521023975517,39.5409176093605 8.55202280767568,39.5409686430315 8.55193091549778,39.5409747128843 8.5519128418708,39.5409893209189 8.55196383953353,39.5411931952926 8.55195417906247,39.5413362864924 8.5519099771776,39.5414470866988 8.55169279629516,39.5416393300766 8.55167548146852,39.5416914868797 8.55163943585544,39.5417084582705 8.55156027022683,39.5417096933812 8.55140701375337,39.5417933026816 8.55136846925738,39.5418657496996 8.55136591126764,39.5419430571132 8.55146867338322,39.5420183926049 8.55161738303275,39.5420626126706 8.55198839473843,39.5420828939826 8.55213783864828,39.5421342523645 8.55219540466645,39.5422163868803 8.55231259820027,39.5425107633325 8.55235399517194,39.5425520458591 8.55241357634142,39.5425887311226 8.55243225354075,39.5428531919985 8.5525276413095,39.5430278906165 8.55267840502262,39.5431676352995 8.55278504860121,39.5432334606931 8.55281625897794,39.5432446184739 8.55287877369244,39.5432559328108 8.5529567383239,39.5432335810781 8.55298901703132,39.5432523566182 8.5529674630737,39.5433358801162 8.55298606315049,39.5433807148186 8.55313684781146,39.543510205275 8.55319708564695,39.5435880156116 8.55342245146979,39.543760167979 8.55374649255801,39.5438619232998 8.55415035935047,39.5439744000866 8.55430759135677,39.544069890925 8.55443830486951,39.5442629963738 8.55443898426419,39.5443586792135 8.55450364652291,39.5445529007185 8.55467647323114,39.5446668769065 8.55496015939991,39.5446831737132 8.55508898674939,39.5446456078649 8.55525536667417,39.5448380020451 8.555377723662,39.5449261316193 8.55568836521356,39.5449806163229 8.55577762121451,39.5450692765842 8.55584879845944,39.5451551014791 8.55607108956926,39.5454024277576 8.55633108918911,39.5455603444434 8.55650075916845,39.5455934205207 8.55665523995179,39.5455865588452 8.55718146303135,39.5455889359226 8.55750367112094,39.5454301684021 8.55759026900334,39.5453039308403 8.55839958641339,39.544977649058 8.55896484320258,39.5450564655771 8.55997302145215,39.5449416964644 8.56043159361064,39.5448216049612 8.56104929762135,39.544443662123 8.56161371631623,39.5443615208316 8.56212608982006,39.5444032522475 8.56317043467282,39.5442478201605 8.56336568868065,39.5440112234132 8.56401231429162,39.5441793339338 8.56424464637502,39.5442564419657 8.56501140517184,39.5446736906019 8.56539873390648,39.5443593300989 8.56550336933934,39.5443706060502 8.56550200542174,39.5443485978214 8.57013555429034,39.5411794592785 8.56980357072726,39.5408903150312 8.56916303858369,39.5405017863444 8.56893716189292,39.5403943834113 8.56864040364709,39.5402269064437 8.56835575963002,39.5401629029325 8.56816924742359,39.5400264964945 8.56810766705398,39.5400034444245 8.56761591920261,39.5396395268902 8.56732665338997,39.5394714977932 8.56684536394029,39.5391299344486 8.56674408512393,39.5390966150227 8.56667106974512,39.5390151418132 8.56647314687107,39.5388695806515 8.56643815156588,39.5388364272729 8.56618947440111,39.5385593330264 8.5658915097072,39.5382909021332 8.56559566026512,39.5380269925394 8.56536679892971,39.5379077409597 8.56530492546265,39.5377941508191 8.56320268375857,39.5379948968564 8.56118914700259,39.5381184424593 8.56274649025733,39.5368120201165 8.56050033248924,39.53594422962 8.55875030241002,39.5352740844978 8.55840167427257,39.5353003129697 8.55818134768193,39.5352972855325 8.55810003190508,39.5352901103217 8.55792001674443,39.5352572674965 8.55756063395604,39.5351758244597 8.55651188445561,39.5348583201632 8.55629844917472,39.5348989433534 8.55617646678847,39.5348623189422 8.55606106063758,39.5347341748746 8.55600202084238,39.5345822968001 8.55590277987511,39.5344137400887 8.5557916765832,39.534295307284 8.55561409003216,39.5340939775202 8.55543466406978,39.5339822659216 8.55519974555575,39.5338505999643 8.55502176329495,39.5338445841087 8.55489038598209,39.533819996157 8.55473188345059,39.5337028403403 8.55451528314521,39.5335965171234 8.55441489373061,39.5336082328645 8.55419503590197,39.533516484234 8.55382096395957,39.5332743645941 8.55346321900964,39.5332356330287 8.55261323373289,39.5334292822151 8.55179365578374,39.5336525782882 8.54957340011629,39.5338362689435 8.54870830875341,39.5333577255081 8.54750932507526,39.5324779169679 8.54664037299294,39.5309848728594 8.54649419297543,39.5303704120354 8.54582836937627,39.530228339882 8.54337137840867,39.5297038305738 8.54168168070193,39.5293455212426 8.54018934548058,39.5290367145891 8.53896177590503,39.5287747484132 8.5381345508701,39.5285930759333 8.53808030508741,39.5285811558298 8.5378406832144,39.5290836354984 8.53755765889676,39.5295053446487 8.53677967665917,39.5302551456647 8.53591673706035,39.530285552697 8.53587137106204,39.5303325764093 8.53575040416355,39.5305775967141 8.5356356385025,39.5312414225171 8.53578996208396,39.5314072973451 8.53593114713855,39.5315089390915 8.53579904802636,39.5319155597226 8.53567145075953,39.5323535450049 8.53545430169961,39.5326310589485 8.5354179978686,39.5327199985799 8.53541934273689,39.5329527309913 8.53505457749434,39.5332858868916 8.53484215203176,39.5333797616288 8.53458676183003,39.5335125324763 8.53434663866315,39.5337477569942 8.534140572768,39.5338629562775 8.53351022114074,39.5339499706386 8.53335501089978,39.5339146665272 8.53330473722626,39.5339571913655 8.53319848959066,39.5341947714085 8.53313978807133,39.5342568326661 8.53282838624304,39.5344503471427 8.53252601269679,39.5345814107079 8.53225573801001,39.5347495089244 8.53248163809997,39.5348145266888</coordinates>
            </LinearRing>
          </outerBoundaryIs>
          <innerBoundaryIs>
            <LinearRing>
              <coordinates>8.54180078631726,39.5387993900382 8.54183281955247,39.5388051838821 8.54187947209042,39.5388069357002 8.5419097898316,39.5388930675303 8.54182532527921,39.5389219186922 8.54176227343093,39.5388127265014 8.54180078631726,39.5387993900382</coordinates>
            </LinearRing>
          </innerBoundaryIs>
          <innerBoundaryIs>
            <LinearRing>
              <coordinates>8.53427750569895,39.5344094213215 8.53454857907355,39.5345770452529 8.53438305139244,39.5347166540995 8.53412438253725,39.5345524403822 8.53427750569895,39.5344094213215</coordinates>
            </LinearRing>
          </innerBoundaryIs>
        </Polygon>
      </Placemark>
      <Placemark xmlns="http://www.opengis.net/kml/2.2">
        <styleUrl>#Parti singole_style_map</styleUrl>
        <name>T00213</name>
        <Polygon>
          <outerBoundaryIs>
            <LinearRing>
              <coordinates>8.5296311264355,39.5343548007518 8.52978317156332,39.5342951915697 8.52995667979356,39.5341691370205 8.53005911851517,39.5341424215309 8.53012488876201,39.5341765032615 8.53015967107938,39.534222794704 8.53016683126024,39.5344412602772 8.53019514291744,39.5344566652691 8.53019886910114,39.5341009448353 8.53002634801099,39.5339928711895 8.5297460466033,39.5339892768616 8.5296311264355,39.5343548007518</coordinates>
            </LinearRing>
          </outerBoundaryIs>
        </Polygon>
      </Placemark>
      <Placemark xmlns="http://www.opengis.net/kml/2.2">
        <styleUrl>#Parti singole_style_map</styleUrl>
        <name>T00214</name>
        <Polygon>
          <outerBoundaryIs>
            <LinearRing>
              <coordinates>8.5238296353496,39.5328276767345 8.52460703271685,39.5330439456369 8.52565230520177,39.5333442073629 8.52666857410416,39.5336330606092 8.52703362434432,39.533738715711 8.52771064351995,39.5339466980963 8.52796186624473,39.5340223606411 8.5278393250953,39.533890375312 8.52764480100719,39.5338153936107 8.52704179604945,39.5337142590008 8.52668710647549,39.533578840084 8.52645515000358,39.5335434212357 8.52586729731573,39.5333485631443 8.52557735677587,39.5332213522127 8.52509345645748,39.5330925727905 8.52466145170154,39.5330204262227 8.52419903400238,39.5328797833383 8.52385773846055,39.5327745681176 8.5238296353496,39.5328276767345</coordinates>
            </LinearRing>
          </outerBoundaryIs>
        </Polygon>
      </Placemark>
      <Placemark xmlns="http://www.opengis.net/kml/2.2">
        <styleUrl>#Parti singole_style_map</styleUrl>
        <name>T02596</name>
        <Polygon>
          <outerBoundaryIs>
            <LinearRing>
              <coordinates>8.52355851976984,39.532305283227 8.52357170660106,39.5322816791821 8.52340657510469,39.5321912592137 8.52327524682633,39.5321215118671 8.52333687715148,39.5320532554669 8.52346123773093,39.5321187797093 8.52343895169104,39.5321433306618 8.52344659639001,39.532147556476 8.52352642636443,39.5321901780056 8.52353301675716,39.5321835638293 8.52357146958684,39.532204169499 8.52355623489312,39.532220710036 8.52359428483076,39.5322412647654 8.52362942391228,39.5321783666623 8.52382819899241,39.5316421769538 8.52375124709341,39.53160715379 8.52389343321624,39.5313010981989 8.52363296594933,39.5311977453412 8.52317999242892,39.5317786998752 8.5230708476618,39.5318112024319 8.52294183535208,39.5320007538759 8.52301177357247,39.5320031044619 8.52337297835978,39.5321738366523 8.52355851976984,39.532305283227</coordinates>
            </LinearRing>
          </outerBoundaryIs>
          <innerBoundaryIs>
            <LinearRing>
              <coordinates>8.52316066517994,39.5320451919119 8.52303473238434,39.5319786122796 8.52306658953697,39.5319406435136 8.52308503847134,39.5319491081636 8.5231146075974,39.5319156739762 8.5231573326628,39.531938569317 8.52315915252064,39.5319364795635 8.5232252701626,39.5319710056457 8.52316066517994,39.5320451919119</coordinates>
            </LinearRing>
          </innerBoundaryIs>
          <innerBoundaryIs>
            <LinearRing>
              <coordinates>8.52353567365709,39.5314475796905 8.52357496502374,39.5313785324418 8.52361635253447,39.5313989753671 8.52363506913522,39.5313682928323 8.52371201222634,39.5314039116496 8.52369466410641,39.5314325025836 8.52373655802746,39.5314449081811 8.52369052966209,39.5315090343331 8.52353567365709,39.5314475796905</coordinates>
            </LinearRing>
          </innerBoundaryIs>
          <innerBoundaryIs>
            <LinearRing>
              <coordinates>8.52344568343062,39.5317196480347 8.52346305984482,39.5316777172794 8.52353427779639,39.5316941198166 8.52351615841847,39.5317360475347 8.52344568343062,39.5317196480347</coordinates>
            </LinearRing>
          </innerBoundaryIs>
        </Polygon>
      </Placemark>
      <Placemark xmlns="http://www.opengis.net/kml/2.2">
        <styleUrl>#Parti singole_style_map</styleUrl>
        <name>T02592</name>
        <Polygon>
          <outerBoundaryIs>
            <LinearRing>
              <coordinates>8.52303473238434,39.5319786122796 8.52316066517994,39.5320451919119 8.5232252701626,39.5319710056457 8.52315915252064,39.5319364795635 8.5231573326628,39.531938569317 8.5231146075974,39.5319156739762 8.52308503847134,39.5319491081636 8.52306658953697,39.5319406435136 8.52303473238434,39.5319786122796</coordinates>
            </LinearRing>
          </outerBoundaryIs>
        </Polygon>
      </Placemark>
      <Placemark xmlns="http://www.opengis.net/kml/2.2">
        <styleUrl>#Parti singole_style_map</styleUrl>
        <name>T02593</name>
        <Polygon>
          <outerBoundaryIs>
            <LinearRing>
              <coordinates>8.52327524682633,39.5321215118671 8.52340657510469,39.5321912592137 8.52344659639001,39.532147556476 8.52343895169104,39.5321433306618 8.52346123773093,39.5321187797093 8.52333687715148,39.5320532554669 8.52327524682633,39.5321215118671</coordinates>
            </LinearRing>
          </outerBoundaryIs>
        </Polygon>
      </Placemark>
      <Placemark xmlns="http://www.opengis.net/kml/2.2">
        <styleUrl>#Parti singole_style_map</styleUrl>
        <name>T02594</name>
        <Polygon>
          <outerBoundaryIs>
            <LinearRing>
              <coordinates>8.52340657510469,39.5321912592137 8.52357170660106,39.5322816791821 8.52365998399329,39.5323300164615 8.52369250249838,39.5322943222313 8.52359428483076,39.5322412647654 8.52355623489312,39.532220710036 8.52357146958684,39.532204169499 8.52353301675716,39.5321835638293 8.52352642636443,39.5321901780056 8.52344659639001,39.532147556476 8.52340657510469,39.5321912592137</coordinates>
            </LinearRing>
          </outerBoundaryIs>
        </Polygon>
      </Placemark>
      <Placemark xmlns="http://www.opengis.net/kml/2.2">
        <styleUrl>#Parti singole_style_map</styleUrl>
        <name>T02595</name>
        <Polygon>
          <outerBoundaryIs>
            <LinearRing>
              <coordinates>8.52353567365709,39.5314475796905 8.52369052966209,39.5315090343331 8.52373655802746,39.5314449081811 8.52369466410641,39.5314325025836 8.52371201222634,39.5314039116496 8.52363506913522,39.5313682928323 8.52361635253447,39.5313989753671 8.52357496502374,39.5313785324418 8.52353567365709,39.5314475796905</coordinates>
            </LinearRing>
          </outerBoundaryIs>
        </Polygon>
      </Placemark>
      <Placemark xmlns="http://www.opengis.net/kml/2.2">
        <styleUrl>#Parti singole_style_map</styleUrl>
        <name>T00069</name>
        <Polygon>
          <outerBoundaryIs>
            <LinearRing>
              <coordinates>8.52103649310091,39.5301979350003 8.52116858141706,39.5304819436342 8.52137576755801,39.5308674382317 8.5214751716234,39.5309688802812 8.52170173770301,39.5308523281677 8.52193470163789,39.5308461060284 8.52257433805372,39.5309710156671 8.52279829922924,39.5311053334844 8.52285950009788,39.5311974268854 8.52363296594933,39.5311977453412 8.52389343321624,39.5313010981989 8.52960951327203,39.5338800237811 8.53004871390649,39.5339340523664 8.530272456711,39.5340732384577 8.5302625344445,39.5344125981711 8.53035774254167,39.5345194578464 8.53069491778871,39.5345533118347 8.53151074625875,39.5347034822002 8.53219339922283,39.5347188391023 8.53251423478528,39.5345262473207 8.53282983658078,39.5343850553563 8.53306142161666,39.5342598424449 8.53314671235522,39.5341838140199 8.53325490478584,39.5339338707008 8.53333878890948,39.5338644950869 8.53354177102741,39.5338954589037 8.53381194390393,39.5338754595173 8.53396410882826,39.533833775826 8.53414681659601,39.5338045225079 8.53433471706999,39.5336738607952 8.53454235000969,39.5334737904304 8.53470690434361,39.5333801029146 8.53485560329446,39.533318779734 8.53509241367532,39.5332132891896 8.53538214046431,39.5329216588334 8.53536841133152,39.5326999595495 8.53542551750058,39.532578278617 8.53564618744167,39.5323189255462 8.53568199560779,39.5321576491602 8.53573694773286,39.5319452617594 8.53588398763574,39.5315246538429 8.53577874263891,39.5314426089297 8.53559909686065,39.5312457635501 8.5356802320784,39.5308286496135 8.53573328354247,39.5305608502112 8.53590281011136,39.5302382920691 8.53678598621515,39.5301934412341 8.5371141052397,39.5298540246544 8.53753476660607,39.5294693744675 8.53774529250499,39.5291719803903 8.53800029919139,39.5286235825267 8.53808499416015,39.5284618329605 8.53774546254145,39.5280172471705 8.53737923656967,39.5275405584414 8.53733203669422,39.5274787219112 8.53683557852769,39.5268282173385 8.5366072286091,39.5265278218973 8.53654330757855,39.5264437349461 8.53643642309268,39.5263031170132 8.53633034649468,39.5261635474003 8.53622672692934,39.5260272221999 8.53612300389739,39.5258907703471 8.53599290701355,39.5257191268954 8.53545356167726,39.5247655633042 8.53491369043659,39.5238023449311 8.53459850569101,39.5232393164723 8.53436297504725,39.522808418348 8.53405124482723,39.5222381398599 8.53391900823654,39.5220229025205 8.53316615164141,39.5212799070241 8.53271923485589,39.5208388210286 8.53247533942931,39.5205981021148 8.53209022702686,39.5205108903622 8.53123959829387,39.5203182440988 8.530434358398,39.5201358576483 8.52890927948728,39.5197905252811 8.52748109042665,39.5194604881693 8.52655767656705,39.5211985486423 8.52575627693732,39.5221016991816 8.5255663923209,39.5223175587573 8.52507360894832,39.5228749322804 8.52456200221957,39.5232775555928 8.52345951692115,39.5237409343366 8.52322184696945,39.524091496316 8.5230815040595,39.5244376819631 8.52297962218343,39.5254943350234 8.52273569399473,39.5258180014497 8.52256343686657,39.5265843229517 8.52306760521924,39.5268587756892 8.52335938507279,39.5272720957294 8.52410701231587,39.5278787615189 8.52449246247973,39.5283879896404 8.52410368773187,39.5289614620388 8.52384142216956,39.5290066641296 8.52317959941653,39.52839760986 8.52253974811452,39.5279508546042 8.52197503670766,39.5277730562981 8.52190804743288,39.5281197854176 8.52176289777083,39.5282809859158 8.52142175055114,39.5290013601484 8.52157419073317,39.5292562318211 8.5213881168741,39.5294393745249 8.52141214869247,39.5295097989478 8.52133299370564,39.5296231827831 8.52123012346344,39.5297351713303 8.52111189296905,39.5298456367877 8.52103649310091,39.5301979350003</coordinates>
            </LinearRing>
          </outerBoundaryIs>
        </Polygon>
      </Placemark>
      <Placemark xmlns="http://www.opengis.net/kml/2.2">
        <styleUrl>#Parti singole_style_map</styleUrl>
        <name>T00093</name>
        <Polygon>
          <outerBoundaryIs>
            <LinearRing>
              <coordinates>8.52054598790267,39.5305055683324 8.52088259970887,39.5309391993771 8.52087161011094,39.531071947832 8.52086894218643,39.5314834641919 8.52082800199089,39.5316974160291 8.52074591612156,39.5319927322627 8.52076092969758,39.5324572750216 8.5213803981322,39.5321933227036 8.52165528880193,39.5322025823862 8.52190055705378,39.5322182879992 8.52234624309756,39.5321488231684 8.52290236509483,39.5320519594661 8.52212182801854,39.5320277297489 8.52144766027443,39.5318485054502 8.52139502221535,39.5317550680262 8.52149012138267,39.5316618788862 8.52168814400573,39.5313085987857 8.52178882665499,39.5312629527006 8.52185443836951,39.5312259201735 8.5222454206164,39.531218978226 8.52265288792695,39.5313380486712 8.52276750606853,39.5313268693384 8.52280493315623,39.5312137906796 8.52269801358168,39.5311220409971 8.52253049342605,39.5310170853104 8.52191782758854,39.5309040989462 8.5217384934413,39.5309067125072 8.52149279208164,39.5310258619213 8.5214108606322,39.531004584431 8.5213590543844,39.5309679873732 8.52113075430076,39.5305682595366 8.52096388338747,39.5302053303662 8.52105598067524,39.5298174653127 8.52122733932813,39.5296442369063 8.52132817792644,39.5294807731457 8.52111981065114,39.5295452659943 8.52105403150298,39.5295899021235 8.52082141243246,39.529776618279 8.52061375066296,39.530046097462 8.52054598790267,39.5305055683324</coordinates>
            </LinearRing>
          </outerBoundaryIs>
        </Polygon>
      </Placemark>
      <Placemark xmlns="http://www.opengis.net/kml/2.2">
        <styleUrl>#Parti singole_style_map</styleUrl>
        <name>T02590</name>
        <Polygon>
          <outerBoundaryIs>
            <LinearRing>
              <coordinates>8.52197503670766,39.5277730562981 8.52253974811452,39.5279508546042 8.52317959941653,39.52839760986 8.52384142216956,39.5290066641296 8.52410368773187,39.5289614620388 8.52449246247973,39.5283879896404 8.52410701231587,39.5278787615189 8.52335938507279,39.5272720957294 8.52306760521924,39.5268587756892 8.52256343686657,39.5265843229517 8.52255677986251,39.5266134529401 8.52254141868656,39.5266953925951 8.52235576546433,39.5269644969912 8.52237700993196,39.5271801468948 8.52212252996651,39.5276719638905 8.5219780961048,39.5277561925888 8.52197503670766,39.5277730562981</coordinates>
            </LinearRing>
          </outerBoundaryIs>
        </Polygon>
      </Placemark>
      <Placemark xmlns="http://www.opengis.net/kml/2.2">
        <styleUrl>#Parti singole_style_map</styleUrl>
        <name>T00094</name>
        <Polygon>
          <outerBoundaryIs>
            <LinearRing>
              <coordinates>8.52151030048643,39.5318172995528 8.52214477053325,39.5319739335467 8.52294183535208,39.5320007538759 8.52285164528386,39.5318106896089 8.52245424382982,39.5316723611899 8.52259329686938,39.5313862791655 8.5225743271467,39.5313851019389 8.52236841647795,39.5313146688592 8.52220585727758,39.5312701741932 8.52186076343913,39.5312927125248 8.52176984493535,39.5313550408954 8.52156844721132,39.5316712028234 8.52148076975744,39.5317460506058 8.52151030048643,39.5318172995528</coordinates>
            </LinearRing>
          </outerBoundaryIs>
        </Polygon>
      </Placemark>
      <Placemark xmlns="http://www.opengis.net/kml/2.2">
        <styleUrl>#Parti singole_style_map</styleUrl>
        <name>T00216</name>
        <Polygon>
          <outerBoundaryIs>
            <LinearRing>
              <coordinates>8.52245424382982,39.5316723611899 8.52285164528386,39.5318106896089 8.52294183535208,39.5320007538759 8.5230708476618,39.5318112024319 8.52317999242892,39.5317786998752 8.52363296594933,39.5311977453412 8.52285950009788,39.5311974268854 8.52287201906358,39.5312162557744 8.52283593656641,39.5313487842037 8.52276584922541,39.531381879416 8.52267268816117,39.5313912187224 8.52259329686938,39.5313862791655 8.52245424382982,39.5316723611899</coordinates>
            </LinearRing>
          </outerBoundaryIs>
        </Polygon>
      </Placemark>
      <Placemark xmlns="http://www.opengis.net/kml/2.2">
        <styleUrl>#Parti singole_style_map</styleUrl>
        <name>T00229</name>
        <Polygon>
          <outerBoundaryIs>
            <LinearRing>
              <coordinates>8.51911218294412,39.4876913810669 8.51923143128053,39.4877151213062 8.51935223619032,39.4878167444496 8.5194927073335,39.4879349287583 8.5196555462854,39.4880725326047 8.52020028122642,39.488275417191 8.5201277198503,39.4879862992842 8.51989724501675,39.4879574510625 8.51954303002948,39.4877448920128 8.51922276026072,39.4875542864443 8.51911218294412,39.4876913810669</coordinates>
            </LinearRing>
          </outerBoundaryIs>
        </Polygon>
      </Placemark>
      <Placemark xmlns="http://www.opengis.net/kml/2.2">
        <styleUrl>#Parti singole_style_map</styleUrl>
        <name>T00231</name>
        <Polygon>
          <outerBoundaryIs>
            <LinearRing>
              <coordinates>8.51923988434192,39.4875313177969 8.51950664233588,39.4876861561408 8.51991414781859,39.4879260657216 8.52011668514068,39.4879523927561 8.5200077762008,39.4875226980793 8.52001095664328,39.4871229933557 8.51928564991947,39.4871015415036 8.51938661451381,39.4873113961416 8.51923988434192,39.4875313177969</coordinates>
            </LinearRing>
          </outerBoundaryIs>
        </Polygon>
      </Placemark>
      <Placemark xmlns="http://www.opengis.net/kml/2.2">
        <styleUrl>#Parti singole_style_map</styleUrl>
        <name>T00232</name>
        <Polygon>
          <outerBoundaryIs>
            <LinearRing>
              <coordinates>8.52020028122642,39.488275417191 8.52072515741897,39.4884766675248 8.52097086594468,39.4882737762724 8.52116120301696,39.488114248449 8.52049754946989,39.4880321661668 8.5201277198503,39.4879862992842 8.52020028122642,39.488275417191</coordinates>
            </LinearRing>
          </outerBoundaryIs>
        </Polygon>
      </Placemark>
      <Placemark xmlns="http://www.opengis.net/kml/2.2">
        <styleUrl>#Parti singole_style_map</styleUrl>
        <name>T00234</name>
        <Polygon>
          <outerBoundaryIs>
            <LinearRing>
              <coordinates>8.5200077762008,39.4875226980793 8.52011668514068,39.4879523927561 8.52050312088101,39.4879981299794 8.5212037563871,39.4880847436732 8.52123129868435,39.4880584387788 8.5209982396916,39.4878080262134 8.52070185357146,39.4874883235377 8.520349222794,39.4871129921824 8.52001095664328,39.4871229933557 8.5200077762008,39.4875226980793</coordinates>
            </LinearRing>
          </outerBoundaryIs>
        </Polygon>
      </Placemark>
      <Placemark xmlns="http://www.opengis.net/kml/2.2">
        <styleUrl>#Parti singole_style_map</styleUrl>
        <name>T00236</name>
        <Polygon>
          <outerBoundaryIs>
            <LinearRing>
              <coordinates>8.52072515741897,39.4884766675248 8.52138501245057,39.4887215231176 8.52206384558768,39.4889755084494 8.52226976565214,39.4890535110787 8.5228203078703,39.4888108807951 8.52312678026365,39.4886763258599 8.52404168122744,39.4884648467919 8.52283048209991,39.4883248043823 8.52239634188274,39.4882690304731 8.5218939250707,39.4882057206616 8.52116120301696,39.488114248449 8.52097086594468,39.4882737762724 8.52072515741897,39.4884766675248</coordinates>
            </LinearRing>
          </outerBoundaryIs>
        </Polygon>
      </Placemark>
      <Placemark xmlns="http://www.opengis.net/kml/2.2">
        <styleUrl>#Parti singole_style_map</styleUrl>
        <name>T00238</name>
        <Polygon>
          <outerBoundaryIs>
            <LinearRing>
              <coordinates>8.51833646254662,39.4887712046236 8.51846263241588,39.4887695380878 8.51846163154906,39.4887106962657 8.51833200303279,39.4887147812605 8.51833646254662,39.4887712046236</coordinates>
            </LinearRing>
          </outerBoundaryIs>
        </Polygon>
      </Placemark>
      <Placemark xmlns="http://www.opengis.net/kml/2.2">
        <styleUrl>#Parti singole_style_map</styleUrl>
        <name>T00239</name>
        <Polygon>
          <outerBoundaryIs>
            <LinearRing>
              <coordinates>8.5183852455384,39.4885925060789 8.51846109161728,39.4885918202998 8.51846044243298,39.4885494148371 8.51838459633797,39.4885501096261 8.5183852455384,39.4885925060789</coordinates>
            </LinearRing>
          </outerBoundaryIs>
        </Polygon>
      </Placemark>
      <Placemark xmlns="http://www.opengis.net/kml/2.2">
        <styleUrl>#Parti singole_style_map</styleUrl>
        <name>T00240</name>
        <Polygon>
          <outerBoundaryIs>
            <LinearRing>
              <coordinates>8.51834583655368,39.4883196530597 8.51847810435696,39.4883205707277 8.51847927650556,39.4882198307025 8.51834699726496,39.4882189129887 8.51834583655368,39.4883196530597</coordinates>
            </LinearRing>
          </outerBoundaryIs>
        </Polygon>
      </Placemark>
      <Placemark xmlns="http://www.opengis.net/kml/2.2">
        <styleUrl>#Parti singole_style_map</styleUrl>
        <name>T00241</name>
        <Polygon>
          <outerBoundaryIs>
            <LinearRing>
              <coordinates>8.51870727932074,39.488431726054 8.5187499870229,39.4884322813943 8.51875457697657,39.4882186917003 8.51871186940501,39.4882181363624 8.51870727932074,39.488431726054</coordinates>
            </LinearRing>
          </outerBoundaryIs>
        </Polygon>
      </Placemark>
      <Placemark xmlns="http://www.opengis.net/kml/2.2">
        <styleUrl>#Parti singole_style_map</styleUrl>
        <name>T00242</name>
        <Polygon>
          <outerBoundaryIs>
            <LinearRing>
              <coordinates>8.51776342865672,39.4887326870694 8.51833200303279,39.4887147812605 8.51846163154906,39.4887106962657 8.51929881380122,39.4886843296651 8.51935223619032,39.4878167444496 8.51923143128053,39.4877151213062 8.51911218294412,39.4876913810669 8.51889243641587,39.4876718469235 8.51860605299766,39.487739175532 8.51794786632139,39.4880011170838 8.51796155887253,39.488210619813 8.51790322337435,39.4884993671797 8.51776342865672,39.4887326870694</coordinates>
            </LinearRing>
          </outerBoundaryIs>
          <innerBoundaryIs>
            <LinearRing>
              <coordinates>8.51838459633797,39.4885501096261 8.51846044243298,39.4885494148371 8.51846109161728,39.4885918202998 8.5183852455384,39.4885925060789 8.51838459633797,39.4885501096261</coordinates>
            </LinearRing>
          </innerBoundaryIs>
          <innerBoundaryIs>
            <LinearRing>
              <coordinates>8.51871186940501,39.4882181363624 8.51875457697657,39.4882186917003 8.5187499870229,39.4884322813943 8.51870727932074,39.488431726054 8.51871186940501,39.4882181363624</coordinates>
            </LinearRing>
          </innerBoundaryIs>
          <innerBoundaryIs>
            <LinearRing>
              <coordinates>8.51834699726496,39.4882189129887 8.51847927650556,39.4882198307025 8.51847810435696,39.4883205707277 8.51834583655368,39.4883196530597 8.51834699726496,39.4882189129887</coordinates>
            </LinearRing>
          </innerBoundaryIs>
        </Polygon>
      </Placemark>
      <Placemark xmlns="http://www.opengis.net/kml/2.2">
        <styleUrl>#Parti singole_style_map</styleUrl>
        <name>T00222</name>
        <Polygon>
          <outerBoundaryIs>
            <LinearRing>
              <coordinates>8.51683834807475,39.490892420819 8.51689540184322,39.4910230559922 8.51703586997455,39.491232689334 8.51733354791588,39.4915991432464 8.51768500029605,39.4920347849089 8.51778502243339,39.4921609216161 8.51785650314167,39.4922287328839 8.51819000831842,39.4924351470914 8.51876463018542,39.4926794296857 8.51916506219712,39.4928476800998 8.51950531300049,39.4927140044814 8.5200494200766,39.4924978694063 8.52059629705051,39.4922792383199 8.52075219693043,39.4922183948124 8.52134789134781,39.4921383065839 8.52188903127853,39.491978618557 8.52203186280158,39.4919391732142 8.5223452433129,39.4918526380364 8.52274401426631,39.4916506877018 8.52322630252013,39.4914045044879 8.52381607601224,39.4910983994293 8.52400549434236,39.4911094744574 8.52408322322117,39.4909644737709 8.52329358270843,39.490838668583 8.52253173697938,39.4907181261901 8.52251698498462,39.490206051748 8.52237468759371,39.4899302903915 8.52216836065457,39.4895293368492 8.52226976565214,39.4890535110787 8.52206384558768,39.4889755084494 8.52138501245057,39.4887215231176 8.52072515741897,39.4884766675248 8.52020028122642,39.488275417191 8.5196555462854,39.4880725326047 8.5194927073335,39.4879349287583 8.51935223619032,39.4878167444496 8.51929881380122,39.4886843296651 8.51846163154906,39.4887106962657 8.51846263241588,39.4887695380878 8.51833646254662,39.4887712046236 8.51833200303279,39.4887147812605 8.51776342865672,39.4887326870694 8.5176523179859,39.4889210019671 8.51748776705961,39.4891925758407 8.51746361461634,39.4892362478764 8.51749871560326,39.4892471880643 8.51750293129101,39.4892378978668 8.51758478785582,39.4892593941025 8.51756230935617,39.4893082000048 8.51758628919822,39.4893130210033 8.51758172055862,39.4893313110904 8.51753146608517,39.4893188753553 8.51745398935822,39.4894828845909 8.51739906200389,39.4894668072255 8.5173463975275,39.4894514150118 8.51720124943404,39.4897519923121 8.51704805919447,39.4900567077818 8.51698936786534,39.4901811041276 8.51685632128786,39.490512051125 8.51683834807475,39.490892420819</coordinates>
            </LinearRing>
          </outerBoundaryIs>
          <innerBoundaryIs>
            <LinearRing>
              <coordinates>8.5201396238233,39.489058554772 8.52032572327224,39.4890592781822 8.52032224065382,39.4891074512281 8.52028707339871,39.4891077835827 8.52028612299639,39.4891259265306 8.52025901798599,39.4891257335216 8.52025845661196,39.4891109812387 8.5201375555893,39.4891107162343 8.5201396238233,39.489058554772</coordinates>
            </LinearRing>
          </innerBoundaryIs>
          <innerBoundaryIs>
            <LinearRing>
              <coordinates>8.52136701400375,39.4915801305214 8.52143977219766,39.491582511628 8.52144348724441,39.4914698613886 8.52155746572616,39.4914762866537 8.52155705824225,39.4915119569913 8.52173165482862,39.4915206770462 8.52177605981457,39.4916674583872 8.521431331871,39.491683861431 8.52143418268267,39.4916463270044 8.5213541088482,39.49164577189 8.52136701400375,39.4915801305214</coordinates>
            </LinearRing>
          </innerBoundaryIs>
        </Polygon>
      </Placemark>
      <Placemark xmlns="http://www.opengis.net/kml/2.2">
        <styleUrl>#Parti singole_style_map</styleUrl>
        <name>T00224</name>
        <Polygon>
          <outerBoundaryIs>
            <LinearRing>
              <coordinates>8.5173463975275,39.4894514150118 8.51745398935822,39.4894828845909 8.51753146608517,39.4893188753553 8.51758172055862,39.4893313110904 8.51758628919822,39.4893130210033 8.51756230935617,39.4893082000048 8.51758478785582,39.4892593941025 8.51750293129101,39.4892378978668 8.51749871560326,39.4892471880643 8.51746361461634,39.4892362478764 8.51735869081868,39.4894259487335 8.5173463975275,39.4894514150118</coordinates>
            </LinearRing>
          </outerBoundaryIs>
        </Polygon>
      </Placemark>
      <Placemark xmlns="http://www.opengis.net/kml/2.2">
        <styleUrl>#Parti singole_style_map</styleUrl>
        <name>T00225</name>
        <Polygon>
          <outerBoundaryIs>
            <LinearRing>
              <coordinates>8.521431331871,39.491683861431 8.52177605981457,39.4916674583872 8.52173165482862,39.4915206770462 8.52155705824225,39.4915119569913 8.52155746572616,39.4914762866537 8.52144348724441,39.4914698613886 8.52143977219766,39.491582511628 8.52136701400375,39.4915801305214 8.5213541088482,39.49164577189 8.52143418268267,39.4916463270044 8.521431331871,39.491683861431</coordinates>
            </LinearRing>
          </outerBoundaryIs>
        </Polygon>
      </Placemark>
      <Placemark xmlns="http://www.opengis.net/kml/2.2">
        <styleUrl>#Parti singole_style_map</styleUrl>
        <name>T00226</name>
        <Polygon>
          <outerBoundaryIs>
            <LinearRing>
              <coordinates>8.5201375555893,39.4891107162343 8.52025845661196,39.4891109812387 8.52025901798599,39.4891257335216 8.52028612299639,39.4891259265306 8.52028707339871,39.4891077835827 8.52032224065382,39.4891074512281 8.52032572327224,39.4890592781822 8.5201396238233,39.489058554772 8.5201375555893,39.4891107162343</coordinates>
            </LinearRing>
          </outerBoundaryIs>
        </Polygon>
      </Placemark>
      <Placemark xmlns="http://www.opengis.net/kml/2.2">
        <styleUrl>#Parti singole_style_map</styleUrl>
        <name>T00227</name>
        <Polygon>
          <outerBoundaryIs>
            <LinearRing>
              <coordinates>8.52216836065457,39.4895293368492 8.52237468759371,39.4899302903915 8.52251698498462,39.490206051748 8.52253173697938,39.4907181261901 8.52329358270843,39.490838668583 8.52408322322117,39.4909644737709 8.52423917265606,39.4906755554859 8.52453258824944,39.4901371350202 8.52458161166141,39.4900728304424 8.52487792820848,39.4896847948721 8.52458228317281,39.4894726889179 8.52440782936402,39.489128193502 8.52425074479007,39.4888169090534 8.52404168122744,39.4884648467919 8.52312678026365,39.4886763258599 8.5228203078703,39.4888108807951 8.52226976565214,39.4890535110787 8.52216836065457,39.4895293368492</coordinates>
            </LinearRing>
          </outerBoundaryIs>
        </Polygon>
      </Placemark>
      <Placemark xmlns="http://www.opengis.net/kml/2.2">
        <styleUrl>#Parti singole_style_map</styleUrl>
        <name>T00072</name>
        <Polygon>
          <outerBoundaryIs>
            <LinearRing>
              <coordinates>8.56527674161347,39.5475392073258 8.56555041343671,39.5481739697552 8.56610946351363,39.5495414239341 8.5666441994466,39.5508507401931 8.56685026433848,39.5513766550629 8.56720600956518,39.5522509782335 8.56768636012669,39.5534404660436 8.56908929044667,39.5535699500782 8.57246254930362,39.5538752792707 8.57317758045695,39.5539384856724 8.57515591661161,39.5537039585033 8.57512182200863,39.5536662789294 8.57501357873105,39.5534980213796 8.5749761143616,39.5533508185202 8.57498960838886,39.5531729239389 8.57511364523792,39.5530019302727 8.57523922610453,39.5528848866509 8.57531853188895,39.5527558972341 8.57535531948601,39.5527184228616 8.57543793591898,39.552701091826 8.57570585085174,39.5528018508505 8.57589005866562,39.5528450072156 8.57587161161856,39.5527359515154 8.57567167667892,39.5513875626302 8.57540825390964,39.5513144905082 8.57521267772558,39.551214355828 8.57466491111392,39.5511648486339 8.57458099743888,39.5512385336797 8.574583833696,39.5513857450203 8.5746266920348,39.5515603770826 8.57462356136453,39.551825024563 8.57451579577845,39.5525578051756 8.57443611965046,39.5527014704328 8.5743246016632,39.5530120063938 8.57438798858852,39.5531567635823 8.57441993215533,39.5533138757268 8.57459815737943,39.5536484315999 8.57410298377162,39.5535111831063 8.57287520228617,39.5529859607463 8.5735389763187,39.5510853032118 8.57387492893334,39.5501340325957 8.57465686731825,39.5511441045367 8.57520651724306,39.5511901316792 8.57545121732742,39.5513119625226 8.57561605131269,39.5513478763122 8.57610174084018,39.5514866335374 8.57638486734722,39.5516461755442 8.5765902302269,39.551791079974 8.57671013227348,39.55177451469 8.57684574255188,39.5517472031968 8.57693525850839,39.5517127947205 8.57704458773586,39.5514939368063 8.57703399247705,39.5513738992971 8.5769218269065,39.5511499276127 8.57687550203853,39.5508783601465 8.57687620393798,39.5506576198122 8.57690896983073,39.5505193863141 8.57707797730638,39.5503165047172 8.57730986228069,39.5500877940115 8.5774306277379,39.5498940078594 8.57748715835479,39.5498363224815 8.57756232323418,39.5498187916135 8.57781258083781,39.5499011816988 8.578254534451,39.5501461103005 8.5784423597039,39.5501906633517 8.57865072778821,39.5502871177851 8.57878552976413,39.5503523727285 8.57917916134575,39.5505747950423 8.57935977114334,39.5507292909599 8.57953674157857,39.5507869939758 8.57964336611961,39.5508389818728 8.58004299260941,39.5509040133241 8.58019232933416,39.5508890285708 8.58031659847833,39.5509218336732 8.58043740863202,39.5509666098209 8.58053310243586,39.5509765604833 8.58062452307182,39.5509925865858 8.58082387761142,39.5510637127054 8.58103831700669,39.5510497187103 8.58096171153828,39.5505080865067 8.58095990284286,39.5504953304296 8.5799786210082,39.5491330345369 8.57979205816091,39.548465229067 8.58102774799239,39.547954494647 8.58094371047726,39.5488121328637 8.58186875285162,39.5497119906481 8.58189435974302,39.5497369061803 8.58197796536677,39.5496954805388 8.5821986150429,39.5495535877357 8.58249411875038,39.5494242086298 8.58262941773414,39.5494399043472 8.58280173974141,39.5495138132195 8.58292207804574,39.549528427675 8.58364599272976,39.5495346835936 8.58385662303545,39.5495028303644 8.58414777232762,39.5494802934277 8.58421041885559,39.5494596499293 8.5834671728341,39.5474444937682 8.5828556414123,39.5476607891676 8.58224446055648,39.5450101616248 8.58051701986761,39.5447792269982 8.57868410527856,39.5445386035038 8.5795387668745,39.5481437443009 8.57758020195634,39.547037913126 8.57867227934557,39.5445369837985 8.57803084152693,39.5444492913723 8.57747699409487,39.544357399965 8.57664009552697,39.544161666971 8.57570528277652,39.5439389538577 8.57519268383572,39.5438246585142 8.57465013357784,39.5436966096322 8.57400428580657,39.543504395493 8.57314830702806,39.5431193241967 8.57250602379906,39.5428352368739 8.5717593650537,39.5425025290639 8.57110825608297,39.5422115716593 8.57080109625847,39.5420755978524 8.57009149286219,39.5411553648379 8.5678676543789,39.5427177677411 8.56558908127915,39.5443222621232 8.56558553072702,39.5443541272449 8.56631616847119,39.5444398337371 8.56658722848148,39.5444674980846 8.56691832442763,39.5445276245133 8.56700713421464,39.5446041646898 8.56845390904141,39.5445914031055 8.56920489473433,39.5445851539793 8.56955346551499,39.5445788417892 8.56972031895922,39.544567395331 8.57048340863655,39.5445704273457 8.56928821117842,39.5445963204092 8.56849569035111,39.5446099753865 8.56774723863605,39.5446316639865 8.56699787121959,39.5446470731907 8.56687792199011,39.5445587305323 8.56678491106496,39.5445439130864 8.56662375185576,39.5445080275102 8.5655839662062,39.5443885046557 8.56537681228173,39.5465358091146 8.56527674161347,39.5475392073258</coordinates>
            </LinearRing>
          </outerBoundaryIs>
          <innerBoundaryIs>
            <LinearRing>
              <coordinates>8.56893384466857,39.5529801912105 8.5690958289097,39.5530271682795 8.56906298810826,39.5531033724664 8.56889718164098,39.5530571019847 8.56893384466857,39.5529801912105</coordinates>
            </LinearRing>
          </innerBoundaryIs>
          <innerBoundaryIs>
            <LinearRing>
              <coordinates>8.56973707198557,39.54598420815 8.56992022150108,39.5447221126467 8.56994035154104,39.5447302243714 8.5703038536638,39.5448767527028 8.5707178222437,39.5450436044517 8.57110667048393,39.5452003425134 8.5715751366175,39.5453891613183 8.57221596868892,39.5456474518935 8.57231236095021,39.545686298877 8.57314408155734,39.5461181855951 8.57397680643192,39.5465588100103 8.57327703570306,39.5467427898013 8.57269070167778,39.5469018008403 8.57230984424864,39.5470050893534 8.57200803328863,39.5470402168161 8.57167121227144,39.5470794041543 8.5715614872789,39.5470943619393 8.57134211862159,39.5471242774984 8.5711986409677,39.5471205671805 8.57074870539567,39.5471089305854 8.57043772094703,39.5471008878209 8.57031364308579,39.5470974013425 8.56958519945496,39.5470769175114 8.56973707198557,39.54598420815</coordinates>
            </LinearRing>
          </innerBoundaryIs>
        </Polygon>
      </Placemark>
      <Placemark xmlns="http://www.opengis.net/kml/2.2">
        <styleUrl>#Parti singole_style_map</styleUrl>
        <name>T00077</name>
        <Polygon>
          <outerBoundaryIs>
            <LinearRing>
              <coordinates>8.5799786210082,39.5491330345369 8.58095990284286,39.5504953304296 8.58096171153828,39.5505080865067 8.58103831700669,39.5510497187103 8.58119436502765,39.5510432175381 8.58140665429738,39.5509919215501 8.58155631248262,39.5509292627986 8.5816841063067,39.5508095350561 8.58178090929143,39.5507181860774 8.58178541693524,39.550320569504 8.58182139980694,39.5500695013873 8.58181648840694,39.5498563994934 8.58185607023633,39.5497578794117 8.58189435974302,39.5497369061803 8.58186875285162,39.5497119906481 8.58094371047726,39.5488121328637 8.58102774799239,39.547954494647 8.57979205816091,39.548465229067 8.5799786210082,39.5491330345369</coordinates>
            </LinearRing>
          </outerBoundaryIs>
        </Polygon>
      </Placemark>
      <Placemark xmlns="http://www.opengis.net/kml/2.2">
        <styleUrl>#Parti singole_style_map</styleUrl>
        <name>T02600</name>
        <Polygon>
          <outerBoundaryIs>
            <LinearRing>
              <coordinates>8.58141931883795,39.5528029525839 8.58149570294022,39.552790144966 8.58170958811904,39.5527898253525 8.58190744627446,39.5528301470763 8.58205261934626,39.5528656385603 8.58212771052548,39.5528762435905 8.58260878052604,39.5528188572768 8.58257492689795,39.5527772702822 8.58267632088745,39.5527299703324 8.58269370574335,39.5527500806812 8.58274744159678,39.5527272254789 8.58247182136745,39.552456052545 8.58245582255772,39.5524629599665 8.58247360091689,39.552485360375 8.582374211621,39.5525283604459 8.58229603369255,39.5524367600728 8.58239311493153,39.5523943284256 8.58240934450001,39.552414912208 8.58242389466611,39.5524089006117 8.58222297823033,39.5522112132237 8.58144858712707,39.5525521217886 8.58143792546772,39.5526585758579 8.58141931883795,39.5528029525839</coordinates>
            </LinearRing>
          </outerBoundaryIs>
          <innerBoundaryIs>
            <LinearRing>
              <coordinates>8.58189552340215,39.552462773057 8.58197553261795,39.5524160634793 8.58201103876702,39.5524556653265 8.58193465087024,39.5524982432367 8.58189552340215,39.552462773057</coordinates>
            </LinearRing>
          </innerBoundaryIs>
          <innerBoundaryIs>
            <LinearRing>
              <coordinates>8.58153847142915,39.5527756303575 8.5815389187764,39.5527147855508 8.58169185737706,39.5527188686027 8.58168921380104,39.5527791378512 8.58153847142915,39.5527756303575</coordinates>
            </LinearRing>
          </innerBoundaryIs>
          <innerBoundaryIs>
            <LinearRing>
              <coordinates>8.58212561859938,39.5526935165995 8.58222652960017,39.5526433320141 8.58225320775038,39.5526741890852 8.5824080718935,39.5525998346235 8.58248456222519,39.552691473903 8.58232969249641,39.5527667384835 8.58228790758371,39.5527240686753 8.58219524463464,39.5527652456786 8.58212561859938,39.5526935165995</coordinates>
            </LinearRing>
          </innerBoundaryIs>
          <innerBoundaryIs>
            <LinearRing>
              <coordinates>8.58173802754901,39.5527793949851 8.58174403800958,39.5527210009947 8.58186001341869,39.5527283555132 8.58185399866718,39.5527874796898 8.58173802754901,39.5527793949851</coordinates>
            </LinearRing>
          </innerBoundaryIs>
        </Polygon>
      </Placemark>
      <Placemark xmlns="http://www.opengis.net/kml/2.2">
        <styleUrl>#Parti singole_style_map</styleUrl>
        <name>T00073</name>
        <Polygon>
          <outerBoundaryIs>
            <LinearRing>
              <coordinates>8.56889718164098,39.5530571019847 8.56906298810826,39.5531033724664 8.5690958289097,39.5530271682795 8.56893384466857,39.5529801912105 8.56889718164098,39.5530571019847</coordinates>
            </LinearRing>
          </outerBoundaryIs>
        </Polygon>
      </Placemark>
      <Placemark xmlns="http://www.opengis.net/kml/2.2">
        <styleUrl>#Parti singole_style_map</styleUrl>
        <name>T00078</name>
        <Polygon>
          <outerBoundaryIs>
            <LinearRing>
              <coordinates>8.57589005866562,39.5528450072156 8.57625996315224,39.5529354151692 8.57668338684897,39.5530008333264 8.57704935188918,39.5530617878288 8.57732634740491,39.5530785283159 8.57764490127482,39.5530636220289 8.57771514102758,39.5530335128364 8.5777492551148,39.5529722498589 8.5778038062953,39.5528133807444 8.57785894040982,39.5526696599976 8.57792407112977,39.5525299851296 8.57798925571975,39.5523583509558 8.57801483675075,39.5521283303838 8.57806214159252,39.5519415750042 8.57804788137462,39.551771102748 8.57810265028005,39.5516758828712 8.57819492829515,39.5516388434456 8.57826509904506,39.551642891634 8.5783472109332,39.5516700854984 8.5785144009876,39.5518362473391 8.57865290060051,39.5519083366269 8.57884611131762,39.5519715958824 8.57906680138051,39.5520696620267 8.57922668161301,39.5521805092608 8.57938663687168,39.5522905816614 8.57967898094769,39.5525637956833 8.5801166545339,39.552902732914 8.58021247502612,39.5529577176746 8.5802671314502,39.5529599335459 8.58017083111277,39.5525349489811 8.58048232276649,39.5522564857184 8.58079364227918,39.5515308587536 8.58084369881012,39.5513168650508 8.58102768749161,39.5510676378528 8.5808050054332,39.5510781331152 8.58062139922486,39.551014596434 8.58052756306667,39.5509957413854 8.58041996211026,39.5509839366301 8.58028715659289,39.5509345669178 8.58018668952493,39.5509055510604 8.5800274971793,39.5509239601121 8.57963259895529,39.5508565129474 8.57949735522218,39.5507908789576 8.57934317804511,39.5507421065476 8.57915889365333,39.5505870656814 8.57898967945584,39.5504921597219 8.57878773914663,39.5503757804467 8.57842943536792,39.5502068980152 8.57822724200037,39.55015945452 8.57792734129038,39.5499872145708 8.5778089612598,39.5499299473843 8.57755688994754,39.5498414687524 8.57750672075431,39.5498520535271 8.57743511549335,39.5499273892681 8.57731755126942,39.550119159762 8.57712515197892,39.5503084501243 8.57693327233713,39.5505231330284 8.5768963531098,39.5506553415429 8.57690030411744,39.550884190063 8.57694485011147,39.5511478039707 8.57706124741272,39.5513840810684 8.57706032184925,39.5515076536974 8.57694924539998,39.5517229101589 8.5772597805366,39.5529542505146 8.57587161161856,39.5527359515154 8.57589005866562,39.5528450072156</coordinates>
            </LinearRing>
          </outerBoundaryIs>
        </Polygon>
      </Placemark>
      <Placemark xmlns="http://www.opengis.net/kml/2.2">
        <styleUrl>#Parti singole_style_map</styleUrl>
        <name>T00249</name>
        <Polygon>
          <outerBoundaryIs>
            <LinearRing>
              <coordinates>8.57537968373491,39.5527732043428 8.5756313868184,39.5533508903444 8.57587441661716,39.5536201853689 8.57659429937023,39.5535346017643 8.57853419374181,39.5533054181849 8.57858234278206,39.5530791105717 8.57870542403619,39.5530606355839 8.5788320391203,39.553119823863 8.57889110840292,39.5531660355555 8.5789541276978,39.5532557992049 8.58025104554174,39.5531047246468 8.58026182819706,39.5530093988296 8.58019795637578,39.5530066901174 8.58007383144244,39.5529397364575 8.57981937255741,39.5527663412496 8.57962565245789,39.5525999951646 8.57935580294621,39.5523370801526 8.57900559848093,39.5520972999479 8.57884558731452,39.5520197178889 8.57864342487613,39.5519527950092 8.57846838386019,39.5518740316091 8.57829879056796,39.551712636425 8.57823145285652,39.5516847483337 8.57815226489421,39.5517070674908 8.57810840447434,39.5517788192006 8.57811993012912,39.5519434518636 8.57808308408317,39.5520849505899 8.57804671121171,39.5523518651023 8.57800209402375,39.5525137798787 8.57785576720276,39.5528416366652 8.57779882368244,39.5530169048226 8.57776207027108,39.5530623631996 8.57766769078341,39.5531135317527 8.57734845441684,39.5531277057851 8.57704432414794,39.5531115062522 8.57625398522129,39.5529824360182 8.57572857159263,39.5528627982938 8.5754445410032,39.5527516816566 8.5753851897242,39.5527635654573 8.57537968373491,39.5527732043428</coordinates>
            </LinearRing>
          </outerBoundaryIs>
        </Polygon>
      </Placemark>
      <Placemark xmlns="http://www.opengis.net/kml/2.2">
        <styleUrl>#Parti singole_style_map</styleUrl>
        <name>T00079</name>
        <Polygon>
          <outerBoundaryIs>
            <LinearRing>
              <coordinates>8.58017083111277,39.5525349489811 8.58143792546772,39.5526585758579 8.58144858712707,39.5525521217886 8.58222297823033,39.5522112132237 8.58169664807007,39.5516933717679 8.5810502650795,39.5510660433962 8.58102768749161,39.5510676378528 8.58084369881012,39.5513168650508 8.58079364227918,39.5515308587536 8.58048232276649,39.5522564857184 8.58017083111277,39.5525349489811</coordinates>
            </LinearRing>
          </outerBoundaryIs>
        </Polygon>
      </Placemark>
      <Placemark xmlns="http://www.opengis.net/kml/2.2">
        <styleUrl>#Parti singole_style_map</styleUrl>
        <name>T00244</name>
        <Polygon>
          <outerBoundaryIs>
            <LinearRing>
              <coordinates>8.57512095132516,39.5534676441873 8.57513767550267,39.5534660024341 8.57523457857011,39.5536215138993 8.57530046563026,39.5536011303598 8.57514402681006,39.5533617677532 8.57506916428967,39.5533881462377 8.57512095132516,39.5534676441873</coordinates>
            </LinearRing>
          </outerBoundaryIs>
        </Polygon>
      </Placemark>
      <Placemark xmlns="http://www.opengis.net/kml/2.2">
        <styleUrl>#Parti singole_style_map</styleUrl>
        <name>T00245</name>
        <Polygon>
          <outerBoundaryIs>
            <LinearRing>
              <coordinates>8.57514365360408,39.5531559896707 8.57520789370042,39.5530602201721 8.57516093528377,39.553040135673 8.57509309272126,39.5531330537269 8.57514365360408,39.5531559896707</coordinates>
            </LinearRing>
          </outerBoundaryIs>
        </Polygon>
      </Placemark>
      <Placemark xmlns="http://www.opengis.net/kml/2.2">
        <styleUrl>#Parti singole_style_map</styleUrl>
        <name>T00247</name>
        <Polygon>
          <outerBoundaryIs>
            <LinearRing>
              <coordinates>8.5802671314502,39.5529599335459 8.58040316354107,39.5529651285206 8.58051720385981,39.5529538001368 8.58089487064103,39.5528908844565 8.58141931883795,39.5528029525839 8.58143792546772,39.5526585758579 8.58017083111277,39.5525349489811 8.5802671314502,39.5529599335459</coordinates>
            </LinearRing>
          </outerBoundaryIs>
        </Polygon>
      </Placemark>
      <Placemark xmlns="http://www.opengis.net/kml/2.2">
        <styleUrl>#Parti singole_style_map</styleUrl>
        <name>T00250</name>
        <Polygon>
          <outerBoundaryIs>
            <LinearRing>
              <coordinates>8.57853419374181,39.5533054181849 8.5789541276978,39.5532557992049 8.57889110840292,39.5531660355555 8.5788320391203,39.553119823863 8.57870542403619,39.5530606355839 8.57858234278206,39.5530791105717 8.57853419374181,39.5533054181849</coordinates>
            </LinearRing>
          </outerBoundaryIs>
        </Polygon>
      </Placemark>
      <Placemark xmlns="http://www.opengis.net/kml/2.2">
        <styleUrl>#Parti singole_style_map</styleUrl>
        <name>T00251</name>
        <Polygon>
          <outerBoundaryIs>
            <LinearRing>
              <coordinates>8.57503646608412,39.5533505528393 8.57508241183873,39.5535098244444 8.57519420026947,39.5536712831296 8.5752229517811,39.5536976262302 8.57587441661716,39.5536201853689 8.5756313868184,39.5533508903444 8.57537968373491,39.5527732043428 8.57530779998573,39.5528990222963 8.57516093528377,39.553040135673 8.57520789370042,39.5530602201721 8.57514365360408,39.5531559896707 8.57509309272126,39.5531330537269 8.57505266869012,39.5531884361482 8.57503646608412,39.5533505528393</coordinates>
            </LinearRing>
          </outerBoundaryIs>
          <innerBoundaryIs>
            <LinearRing>
              <coordinates>8.57506916428967,39.5533881462377 8.57514402681006,39.5533617677532 8.57530046563026,39.5536011303598 8.57523457857011,39.5536215138993 8.57513767550267,39.5534660024341 8.57512095132516,39.5534676441873 8.57506916428967,39.5533881462377</coordinates>
            </LinearRing>
          </innerBoundaryIs>
        </Polygon>
      </Placemark>
      <Placemark xmlns="http://www.opengis.net/kml/2.2">
        <styleUrl>#Parti singole_style_map</styleUrl>
        <name>T02262</name>
        <Polygon>
          <outerBoundaryIs>
            <LinearRing>
              <coordinates>8.58193465087024,39.5524982432367 8.58201103876702,39.5524556653265 8.58197553261795,39.5524160634793 8.58189552340215,39.552462773057 8.58193465087024,39.5524982432367</coordinates>
            </LinearRing>
          </outerBoundaryIs>
        </Polygon>
      </Placemark>
      <Placemark xmlns="http://www.opengis.net/kml/2.2">
        <styleUrl>#Parti singole_style_map</styleUrl>
        <name>T02263</name>
        <Polygon>
          <outerBoundaryIs>
            <LinearRing>
              <coordinates>8.58219524463464,39.5527652456786 8.58228790758371,39.5527240686753 8.58232969249641,39.5527667384835 8.58248456222519,39.552691473903 8.5824080718935,39.5525998346235 8.58225320775038,39.5526741890852 8.58222652960017,39.5526433320141 8.58212561859938,39.5526935165995 8.58219524463464,39.5527652456786</coordinates>
            </LinearRing>
          </outerBoundaryIs>
        </Polygon>
      </Placemark>
      <Placemark xmlns="http://www.opengis.net/kml/2.2">
        <styleUrl>#Parti singole_style_map</styleUrl>
        <name>T02264</name>
        <Polygon>
          <outerBoundaryIs>
            <LinearRing>
              <coordinates>8.582374211621,39.5525283604459 8.58247360091689,39.552485360375 8.58245582255772,39.5524629599665 8.58247182136745,39.552456052545 8.58254741366157,39.5524199227815 8.58256518040049,39.5524423231344 8.58266382378524,39.552397509152 8.58258959857007,39.5523046977812 8.5824823520674,39.5523536975812 8.5824993650844,39.5523736804792 8.58242389466611,39.5524089006117 8.58240934450001,39.552414912208 8.58239311493153,39.5523943284256 8.58229603369255,39.5524367600728 8.582374211621,39.5525283604459</coordinates>
            </LinearRing>
          </outerBoundaryIs>
        </Polygon>
      </Placemark>
      <Placemark xmlns="http://www.opengis.net/kml/2.2">
        <styleUrl>#Parti singole_style_map</styleUrl>
        <name>T02261</name>
        <Polygon>
          <outerBoundaryIs>
            <LinearRing>
              <coordinates>8.58260878052604,39.5528188572768 8.58265233604593,39.5528690929576 8.58274134790949,39.5528292269825 8.58271855922481,39.5528057634195 8.58281551392162,39.5527941911766 8.58279828464493,39.5527772440133 8.58283227436577,39.5527650851124 8.58285193344835,39.5527863839541 8.58295131109979,39.5527414552349 8.58287351966046,39.5526454055616 8.58277414911956,39.5526891629043 8.58278695284134,39.5527104281159 8.58274744159678,39.5527272254789 8.58269370574335,39.5527500806812 8.58267632088745,39.5527299703324 8.58257492689795,39.5527772702822 8.58260878052604,39.5528188572768</coordinates>
            </LinearRing>
          </outerBoundaryIs>
        </Polygon>
      </Placemark>
      <Placemark xmlns="http://www.opengis.net/kml/2.2">
        <styleUrl>#Parti singole_style_map</styleUrl>
        <name>T00074</name>
        <Polygon>
          <outerBoundaryIs>
            <LinearRing>
              <coordinates>8.57287520228617,39.5529859607463 8.57410298377162,39.5535111831063 8.57459815737943,39.5536484315999 8.57441993215533,39.5533138757268 8.57438798858852,39.5531567635823 8.5743246016632,39.5530120063938 8.57443611965046,39.5527014704328 8.57451579577845,39.5525578051756 8.57454506776564,39.552253301933 8.57459753569318,39.5518079899015 8.57460133064018,39.5515660687807 8.57455720052416,39.5513653022373 8.57455413230647,39.5512351014554 8.57465686731825,39.5511441045367 8.57387492893334,39.5501340325957 8.5735389763187,39.5510853032118 8.57287520228617,39.5529859607463</coordinates>
            </LinearRing>
          </outerBoundaryIs>
        </Polygon>
      </Placemark>
      <Placemark xmlns="http://www.opengis.net/kml/2.2">
        <styleUrl>#Parti singole_style_map</styleUrl>
        <name>T02265</name>
        <Polygon>
          <outerBoundaryIs>
            <LinearRing>
              <coordinates>8.58168921380104,39.5527791378512 8.58169185737706,39.5527188686027 8.5815389187764,39.5527147855508 8.58153847142915,39.5527756303575 8.58168921380104,39.5527791378512</coordinates>
            </LinearRing>
          </outerBoundaryIs>
        </Polygon>
      </Placemark>
      <Placemark xmlns="http://www.opengis.net/kml/2.2">
        <styleUrl>#Parti singole_style_map</styleUrl>
        <name>T00075</name>
        <Polygon>
          <outerBoundaryIs>
            <LinearRing>
              <coordinates>8.57587161161856,39.5527359515154 8.5772597805366,39.5529542505146 8.57694924539998,39.5517229101589 8.57685516864492,39.551764690457 8.57669506375853,39.5517948860681 8.57657964096833,39.5518098277978 8.57634812568565,39.5516476092981 8.5760930576259,39.5515058207688 8.57567167667892,39.5513875626302 8.57587161161856,39.5527359515154</coordinates>
            </LinearRing>
          </outerBoundaryIs>
        </Polygon>
      </Placemark>
      <Placemark xmlns="http://www.opengis.net/kml/2.2">
        <styleUrl>#Parti singole_style_map</styleUrl>
        <name>T00248</name>
        <Polygon>
          <outerBoundaryIs>
            <LinearRing>
              <coordinates>8.58025104554174,39.5531047246468 8.58197734569796,39.5528931643281 8.58169561986474,39.5528384215364 8.58150293618526,39.5528395924173 8.58092430012707,39.5529305818341 8.58061214806055,39.5529978158929 8.58043259120271,39.5530128091224 8.58026182819706,39.5530093988296 8.58025104554174,39.5531047246468</coordinates>
            </LinearRing>
          </outerBoundaryIs>
        </Polygon>
      </Placemark>
      <Placemark xmlns="http://www.opengis.net/kml/2.2">
        <styleUrl>#Parti singole_style_map</styleUrl>
        <name>T00076</name>
        <Polygon>
          <outerBoundaryIs>
            <LinearRing>
              <coordinates>8.57758020195634,39.547037913126 8.5795387668745,39.5481437443009 8.57868410527856,39.5445386035038 8.57867227934557,39.5445369837985 8.57758020195634,39.547037913126</coordinates>
            </LinearRing>
          </outerBoundaryIs>
        </Polygon>
      </Placemark>
      <Placemark xmlns="http://www.opengis.net/kml/2.2">
        <styleUrl>#Parti singole_style_map</styleUrl>
        <name>T00080</name>
        <Polygon>
          <outerBoundaryIs>
            <LinearRing>
              <coordinates>8.57955133179787,39.5409613617365 8.58002987524024,39.5409391078469 8.58025750987163,39.5409279290934 8.58014629905026,39.5405157835046 8.57972969748378,39.540691328997 8.57958836194689,39.5407512585189 8.57953896780993,39.5407772365934 8.57955133179787,39.5409613617365</coordinates>
            </LinearRing>
          </outerBoundaryIs>
        </Polygon>
      </Placemark>
    </Folder>
  </Document>
</kml>

