<?xml version="1.0" encoding="UTF-8"?>
<kml xmlns="http://www.opengis.net/kml/2.2">
  <Document xmlns="">
    <Folder>
      <name>Patrimonio IGEA</name>
      <Placemark xmlns="http://www.opengis.net/kml/2.2">
        <styleUrl>#Parti singole_style_map</styleUrl>
        <name>F02047</name>
        <Polygon>
          <outerBoundaryIs>
            <LinearRing>
              <coordinates>8.58264758286983,39.5594989530706 8.58283748008366,39.5595194389894 8.58285278557393,39.5594629915301 8.58266533535534,39.559438648069 8.58264758286983,39.5594989530706</coordinates>
            </LinearRing>
          </outerBoundaryIs>
        </Polygon>
      </Placemark>
      <Placemark xmlns="http://www.opengis.net/kml/2.2">
        <styleUrl>#Parti singole_style_map</styleUrl>
        <name>F00553</name>
        <Polygon>
          <outerBoundaryIs>
            <LinearRing>
              <coordinates>8.58283748008366,39.5595194389894 8.58303223542737,39.5595404486637 8.5830444469532,39.5594878815491 8.58285278557393,39.5594629915301 8.58283748008366,39.5595194389894</coordinates>
            </LinearRing>
          </outerBoundaryIs>
        </Polygon>
      </Placemark>
      <Placemark xmlns="http://www.opengis.net/kml/2.2">
        <styleUrl>#Parti singole_style_map</styleUrl>
        <name>F02046</name>
        <Polygon>
          <outerBoundaryIs>
            <LinearRing>
              <coordinates>8.58111199013164,39.560218777386 8.58215682479947,39.5601771661229 8.58213686727807,39.5598563918162 8.58108613714478,39.5599054962058 8.58111199013164,39.560218777386</coordinates>
            </LinearRing>
          </outerBoundaryIs>
        </Polygon>
      </Placemark>
      <Placemark xmlns="http://www.opengis.net/kml/2.2">
        <styleUrl>#Parti singole_style_map</styleUrl>
        <name>F02049</name>
        <Polygon>
          <outerBoundaryIs>
            <LinearRing>
              <coordinates>8.59045530876435,39.5607781445293 8.59054432522297,39.56089669121 8.59058083759802,39.5608281887368 8.5907256853002,39.5607247028438 8.59100315028063,39.5606732857759 8.59126788054296,39.5606752811479 8.59049648107687,39.5601236485914 8.59049984584424,39.5602857011552 8.59047494134228,39.5603795634078 8.59048043431999,39.5604153895927 8.59029071011236,39.5606576461955 8.59045530876435,39.5607781445293</coordinates>
            </LinearRing>
          </outerBoundaryIs>
        </Polygon>
      </Placemark>
      <Placemark xmlns="http://www.opengis.net/kml/2.2">
        <styleUrl>#Parti singole_style_map</styleUrl>
        <name>F02050</name>
        <Polygon>
          <outerBoundaryIs>
            <LinearRing>
              <coordinates>8.55239159472273,39.548952213431 8.55253674367717,39.5489769834004 8.55264925960341,39.5489671001007 8.55275636166807,39.5489122255401 8.55274898710889,39.5488717049453 8.55267938578983,39.5488503528245 8.55240278026874,39.5487873864562 8.55235912397176,39.5488995763702 8.55239159472273,39.548952213431</coordinates>
            </LinearRing>
          </outerBoundaryIs>
        </Polygon>
      </Placemark>
      <Placemark xmlns="http://www.opengis.net/kml/2.2">
        <styleUrl>#Parti singole_style_map</styleUrl>
        <name>F00548</name>
        <Polygon>
          <outerBoundaryIs>
            <LinearRing>
              <coordinates>8.55812165726532,39.5515229938064 8.55816546029685,39.5516101636966 8.55836353048908,39.5517996283354 8.55847537687943,39.5518646843357 8.55858562227371,39.5518922513952 8.55868254951623,39.5518927729529 8.55906692835805,39.5518344498515 8.55897661510916,39.5518371433701 8.55885714620014,39.5518214261982 8.55862109048988,39.551695277408 8.55845787583437,39.5515246330474 8.55820120358491,39.5512325077993 8.55815536508423,39.5511744874289 8.55816689437112,39.5512339360489 8.5581266698898,39.5513971032771 8.55812165726532,39.5515229938064</coordinates>
            </LinearRing>
          </outerBoundaryIs>
        </Polygon>
      </Placemark>
      <Placemark xmlns="http://www.opengis.net/kml/2.2">
        <styleUrl>#Parti singole_style_map</styleUrl>
        <name>F00542</name>
        <Polygon>
          <outerBoundaryIs>
            <LinearRing>
              <coordinates>8.5514596920814,39.5511733363909 8.55179430194392,39.5512545944748 8.5518408843403,39.5511384335727 8.5515159389718,39.5510602223774 8.5514596920814,39.5511733363909</coordinates>
            </LinearRing>
          </outerBoundaryIs>
        </Polygon>
      </Placemark>
      <Placemark xmlns="http://www.opengis.net/kml/2.2">
        <styleUrl>#Parti singole_style_map</styleUrl>
        <name>F00543</name>
        <Polygon>
          <outerBoundaryIs>
            <LinearRing>
              <coordinates>8.5514596920814,39.5511733363909 8.55179430194392,39.5512545944748 8.5518408843403,39.5511384335727 8.5515159389718,39.5510602223774 8.5514596920814,39.5511733363909</coordinates>
            </LinearRing>
          </outerBoundaryIs>
        </Polygon>
      </Placemark>
      <Placemark xmlns="http://www.opengis.net/kml/2.2">
        <styleUrl>#Parti singole_style_map</styleUrl>
        <name>F00544</name>
        <Polygon>
          <outerBoundaryIs>
            <LinearRing>
              <coordinates>8.5514596920814,39.5511733363909 8.55179430194392,39.5512545944748 8.5518408843403,39.5511384335727 8.5515159389718,39.5510602223774 8.5514596920814,39.5511733363909</coordinates>
            </LinearRing>
          </outerBoundaryIs>
        </Polygon>
      </Placemark>
      <Placemark xmlns="http://www.opengis.net/kml/2.2">
        <styleUrl>#Parti singole_style_map</styleUrl>
        <name>F02051</name>
        <Polygon>
          <outerBoundaryIs>
            <LinearRing>
              <coordinates>8.55471272781051,39.5502954055434 8.55511697916878,39.550392022304 8.55517069977621,39.5502379180745 8.55477994842162,39.5501488678275 8.55471272781051,39.5502954055434</coordinates>
            </LinearRing>
          </outerBoundaryIs>
        </Polygon>
      </Placemark>
      <Placemark xmlns="http://www.opengis.net/kml/2.2">
        <styleUrl>#Parti singole_style_map</styleUrl>
        <name>F00555</name>
        <Polygon>
          <outerBoundaryIs>
            <LinearRing>
              <coordinates>8.56483533674619,39.5533605226291 8.56490261551573,39.5534084754716 8.56505694498685,39.5533221896333 8.5650096819159,39.5532514634435 8.56484603248846,39.5533482964569 8.56483533674619,39.5533605226291</coordinates>
            </LinearRing>
          </outerBoundaryIs>
        </Polygon>
      </Placemark>
      <Placemark xmlns="http://www.opengis.net/kml/2.2">
        <styleUrl>#Parti singole_style_map</styleUrl>
        <name>F00581</name>
        <Polygon>
          <outerBoundaryIs>
            <LinearRing>
              <coordinates>8.56696016542245,39.5557715594855 8.568170074523,39.555854992152 8.56817150924262,39.5558073766501 8.56697129238203,39.5557226573407 8.56696016542245,39.5557715594855</coordinates>
            </LinearRing>
          </outerBoundaryIs>
        </Polygon>
      </Placemark>
      <Placemark xmlns="http://www.opengis.net/kml/2.2">
        <styleUrl>#Parti singole_style_map</styleUrl>
        <name>F00582</name>
        <Polygon>
          <outerBoundaryIs>
            <LinearRing>
              <coordinates>8.56696016542245,39.5557715594855 8.568170074523,39.555854992152 8.56817150924262,39.5558073766501 8.56697129238203,39.5557226573407 8.56696016542245,39.5557715594855</coordinates>
            </LinearRing>
          </outerBoundaryIs>
        </Polygon>
      </Placemark>
      <Placemark xmlns="http://www.opengis.net/kml/2.2">
        <styleUrl>#Parti singole_style_map</styleUrl>
        <name>F00583</name>
        <Polygon>
          <outerBoundaryIs>
            <LinearRing>
              <coordinates>8.56696016542245,39.5557715594855 8.568170074523,39.555854992152 8.56817150924262,39.5558073766501 8.56697129238203,39.5557226573407 8.56696016542245,39.5557715594855</coordinates>
            </LinearRing>
          </outerBoundaryIs>
        </Polygon>
      </Placemark>
      <Placemark xmlns="http://www.opengis.net/kml/2.2">
        <styleUrl>#Parti singole_style_map</styleUrl>
        <name>F00584</name>
        <Polygon>
          <outerBoundaryIs>
            <LinearRing>
              <coordinates>8.56696016542245,39.5557715594855 8.568170074523,39.555854992152 8.56817150924262,39.5558073766501 8.56697129238203,39.5557226573407 8.56696016542245,39.5557715594855</coordinates>
            </LinearRing>
          </outerBoundaryIs>
        </Polygon>
      </Placemark>
      <Placemark xmlns="http://www.opengis.net/kml/2.2">
        <styleUrl>#Parti singole_style_map</styleUrl>
        <name>F00585</name>
        <Polygon>
          <outerBoundaryIs>
            <LinearRing>
              <coordinates>8.56696016542245,39.5557715594855 8.568170074523,39.555854992152 8.56817150924262,39.5558073766501 8.56697129238203,39.5557226573407 8.56696016542245,39.5557715594855</coordinates>
            </LinearRing>
          </outerBoundaryIs>
        </Polygon>
      </Placemark>
      <Placemark xmlns="http://www.opengis.net/kml/2.2">
        <styleUrl>#Parti singole_style_map</styleUrl>
        <name>F00586</name>
        <Polygon>
          <outerBoundaryIs>
            <LinearRing>
              <coordinates>8.56696016542245,39.5557715594855 8.568170074523,39.555854992152 8.56817150924262,39.5558073766501 8.56697129238203,39.5557226573407 8.56696016542245,39.5557715594855</coordinates>
            </LinearRing>
          </outerBoundaryIs>
        </Polygon>
      </Placemark>
      <Placemark xmlns="http://www.opengis.net/kml/2.2">
        <styleUrl>#Parti singole_style_map</styleUrl>
        <name>F00579</name>
        <Polygon>
          <outerBoundaryIs>
            <LinearRing>
              <coordinates>8.56696016542245,39.5557715594855 8.568170074523,39.555854992152 8.56817150924262,39.5558073766501 8.56697129238203,39.5557226573407 8.56696016542245,39.5557715594855</coordinates>
            </LinearRing>
          </outerBoundaryIs>
        </Polygon>
      </Placemark>
      <Placemark xmlns="http://www.opengis.net/kml/2.2">
        <styleUrl>#Parti singole_style_map</styleUrl>
        <name>F00580</name>
        <Polygon>
          <outerBoundaryIs>
            <LinearRing>
              <coordinates>8.56696016542245,39.5557715594855 8.568170074523,39.555854992152 8.56817150924262,39.5558073766501 8.56697129238203,39.5557226573407 8.56696016542245,39.5557715594855</coordinates>
            </LinearRing>
          </outerBoundaryIs>
        </Polygon>
      </Placemark>
      <Placemark xmlns="http://www.opengis.net/kml/2.2">
        <styleUrl>#Parti singole_style_map</styleUrl>
        <name>F00564</name>
        <Polygon>
          <outerBoundaryIs>
            <LinearRing>
              <coordinates>8.56680694722287,39.5558991830113 8.56721004249108,39.555927608707 8.56721820417987,39.5558280666127 8.56682002143429,39.5557940368615 8.56680694722287,39.5558991830113</coordinates>
            </LinearRing>
          </outerBoundaryIs>
        </Polygon>
      </Placemark>
      <Placemark xmlns="http://www.opengis.net/kml/2.2">
        <styleUrl>#Parti singole_style_map</styleUrl>
        <name>F00565</name>
        <Polygon>
          <outerBoundaryIs>
            <LinearRing>
              <coordinates>8.56680694722287,39.5558991830113 8.56721004249108,39.555927608707 8.56721820417987,39.5558280666127 8.56682002143429,39.5557940368615 8.56680694722287,39.5558991830113</coordinates>
            </LinearRing>
          </outerBoundaryIs>
        </Polygon>
      </Placemark>
      <Placemark xmlns="http://www.opengis.net/kml/2.2">
        <styleUrl>#Parti singole_style_map</styleUrl>
        <name>F00558</name>
        <Polygon>
          <outerBoundaryIs>
            <LinearRing>
              <coordinates>8.56680694722287,39.5558991830113 8.56721004249108,39.555927608707 8.56721820417987,39.5558280666127 8.56682002143429,39.5557940368615 8.56680694722287,39.5558991830113</coordinates>
            </LinearRing>
          </outerBoundaryIs>
        </Polygon>
      </Placemark>
      <Placemark xmlns="http://www.opengis.net/kml/2.2">
        <styleUrl>#Parti singole_style_map</styleUrl>
        <name>F00559</name>
        <Polygon>
          <outerBoundaryIs>
            <LinearRing>
              <coordinates>8.56680694722287,39.5558991830113 8.56721004249108,39.555927608707 8.56721820417987,39.5558280666127 8.56682002143429,39.5557940368615 8.56680694722287,39.5558991830113</coordinates>
            </LinearRing>
          </outerBoundaryIs>
        </Polygon>
      </Placemark>
      <Placemark xmlns="http://www.opengis.net/kml/2.2">
        <styleUrl>#Parti singole_style_map</styleUrl>
        <name>F00560</name>
        <Polygon>
          <outerBoundaryIs>
            <LinearRing>
              <coordinates>8.56680694722287,39.5558991830113 8.56721004249108,39.555927608707 8.56721820417987,39.5558280666127 8.56682002143429,39.5557940368615 8.56680694722287,39.5558991830113</coordinates>
            </LinearRing>
          </outerBoundaryIs>
        </Polygon>
      </Placemark>
      <Placemark xmlns="http://www.opengis.net/kml/2.2">
        <styleUrl>#Parti singole_style_map</styleUrl>
        <name>F00561</name>
        <Polygon>
          <outerBoundaryIs>
            <LinearRing>
              <coordinates>8.56680694722287,39.5558991830113 8.56721004249108,39.555927608707 8.56721820417987,39.5558280666127 8.56682002143429,39.5557940368615 8.56680694722287,39.5558991830113</coordinates>
            </LinearRing>
          </outerBoundaryIs>
        </Polygon>
      </Placemark>
      <Placemark xmlns="http://www.opengis.net/kml/2.2">
        <styleUrl>#Parti singole_style_map</styleUrl>
        <name>F00562</name>
        <Polygon>
          <outerBoundaryIs>
            <LinearRing>
              <coordinates>8.56680694722287,39.5558991830113 8.56721004249108,39.555927608707 8.56721820417987,39.5558280666127 8.56682002143429,39.5557940368615 8.56680694722287,39.5558991830113</coordinates>
            </LinearRing>
          </outerBoundaryIs>
        </Polygon>
      </Placemark>
      <Placemark xmlns="http://www.opengis.net/kml/2.2">
        <styleUrl>#Parti singole_style_map</styleUrl>
        <name>F00567</name>
        <Polygon>
          <outerBoundaryIs>
            <LinearRing>
              <coordinates>8.56731932484635,39.5559356836838 8.56767140499933,39.5559638365946 8.56768439625949,39.5558662136146 8.56733721685311,39.5558343307299 8.56731932484635,39.5559356836838</coordinates>
            </LinearRing>
          </outerBoundaryIs>
        </Polygon>
      </Placemark>
      <Placemark xmlns="http://www.opengis.net/kml/2.2">
        <styleUrl>#Parti singole_style_map</styleUrl>
        <name>F00572</name>
        <Polygon>
          <outerBoundaryIs>
            <LinearRing>
              <coordinates>8.56854777890613,39.5546663369658 8.56897788536058,39.5549744186393 8.56907087124139,39.5548997441994 8.56862742242494,39.554599731561 8.56854777890613,39.5546663369658</coordinates>
            </LinearRing>
          </outerBoundaryIs>
        </Polygon>
      </Placemark>
      <Placemark xmlns="http://www.opengis.net/kml/2.2">
        <styleUrl>#Parti singole_style_map</styleUrl>
        <name>F00573</name>
        <Polygon>
          <outerBoundaryIs>
            <LinearRing>
              <coordinates>8.56854777890613,39.5546663369658 8.56897788536058,39.5549744186393 8.56907087124139,39.5548997441994 8.56862742242494,39.554599731561 8.56854777890613,39.5546663369658</coordinates>
            </LinearRing>
          </outerBoundaryIs>
        </Polygon>
      </Placemark>
      <Placemark xmlns="http://www.opengis.net/kml/2.2">
        <styleUrl>#Parti singole_style_map</styleUrl>
        <name>F00574</name>
        <Polygon>
          <outerBoundaryIs>
            <LinearRing>
              <coordinates>8.56854777890613,39.5546663369658 8.56897788536058,39.5549744186393 8.56907087124139,39.5548997441994 8.56862742242494,39.554599731561 8.56854777890613,39.5546663369658</coordinates>
            </LinearRing>
          </outerBoundaryIs>
        </Polygon>
      </Placemark>
      <Placemark xmlns="http://www.opengis.net/kml/2.2">
        <styleUrl>#Parti singole_style_map</styleUrl>
        <name>F00575</name>
        <Polygon>
          <outerBoundaryIs>
            <LinearRing>
              <coordinates>8.56854777890613,39.5546663369658 8.56897788536058,39.5549744186393 8.56907087124139,39.5548997441994 8.56862742242494,39.554599731561 8.56854777890613,39.5546663369658</coordinates>
            </LinearRing>
          </outerBoundaryIs>
        </Polygon>
      </Placemark>
      <Placemark xmlns="http://www.opengis.net/kml/2.2">
        <styleUrl>#Parti singole_style_map</styleUrl>
        <name>F00576</name>
        <Polygon>
          <outerBoundaryIs>
            <LinearRing>
              <coordinates>8.56854777890613,39.5546663369658 8.56897788536058,39.5549744186393 8.56907087124139,39.5548997441994 8.56862742242494,39.554599731561 8.56854777890613,39.5546663369658</coordinates>
            </LinearRing>
          </outerBoundaryIs>
        </Polygon>
      </Placemark>
      <Placemark xmlns="http://www.opengis.net/kml/2.2">
        <styleUrl>#Parti singole_style_map</styleUrl>
        <name>F00577</name>
        <Polygon>
          <outerBoundaryIs>
            <LinearRing>
              <coordinates>8.56854777890613,39.5546663369658 8.56897788536058,39.5549744186393 8.56907087124139,39.5548997441994 8.56862742242494,39.554599731561 8.56854777890613,39.5546663369658</coordinates>
            </LinearRing>
          </outerBoundaryIs>
        </Polygon>
      </Placemark>
      <Placemark xmlns="http://www.opengis.net/kml/2.2">
        <styleUrl>#Parti singole_style_map</styleUrl>
        <name>F00587</name>
        <Polygon>
          <outerBoundaryIs>
            <LinearRing>
              <coordinates>8.56901423478989,39.5549858794651 8.5693088024115,39.5551997229173 8.56938463204699,39.5551418698502 8.56908810133132,39.5549236222901 8.56901423478989,39.5549858794651</coordinates>
            </LinearRing>
          </outerBoundaryIs>
        </Polygon>
      </Placemark>
      <Placemark xmlns="http://www.opengis.net/kml/2.2">
        <styleUrl>#Parti singole_style_map</styleUrl>
        <name>F02059</name>
        <Polygon>
          <outerBoundaryIs>
            <LinearRing>
              <coordinates>8.56812710478113,39.5542944059256 8.56832309728305,39.5543252920433 8.56845626039094,39.5543804793402 8.56864728186649,39.5544866903508 8.56871642059126,39.5545374317134 8.56893837435926,39.5543102328104 8.56883192275809,39.5542570734446 8.56861184828728,39.5541623149932 8.56864125094777,39.5541114080399 8.56845716718202,39.5540465619368 8.56817057771276,39.5540319180909 8.56774911932248,39.5544374162591 8.56812710478113,39.5542944059256</coordinates>
            </LinearRing>
          </outerBoundaryIs>
        </Polygon>
      </Placemark>
      <Placemark xmlns="http://www.opengis.net/kml/2.2">
        <styleUrl>#Parti singole_style_map</styleUrl>
        <name>F02060</name>
        <Polygon>
          <outerBoundaryIs>
            <LinearRing>
              <coordinates>8.56848104073617,39.5547221328916 8.56889656073577,39.5549967235351 8.56949926879752,39.555384941544 8.56964481878085,39.5554120162914 8.5697202789505,39.5553856705628 8.56938463204699,39.5551418698502 8.5693088024115,39.5551997229173 8.56901423478989,39.5549858794651 8.56908810133132,39.5549236222901 8.56907087124139,39.5548997441994 8.56897788536058,39.5549744186393 8.56854777890613,39.5546663369658 8.56848104073617,39.5547221328916</coordinates>
            </LinearRing>
          </outerBoundaryIs>
        </Polygon>
      </Placemark>
      <Placemark xmlns="http://www.opengis.net/kml/2.2">
        <styleUrl>#Parti singole_style_map</styleUrl>
        <name>F02053</name>
        <Polygon>
          <outerBoundaryIs>
            <LinearRing>
              <coordinates>8.5674339805432,39.5550681422935 8.5677412443578,39.5550830721553 8.56774702503486,39.5550406552868 8.56743484759552,39.5550222832337 8.5674339805432,39.5550681422935</coordinates>
            </LinearRing>
          </outerBoundaryIs>
        </Polygon>
      </Placemark>
      <Placemark xmlns="http://www.opengis.net/kml/2.2">
        <styleUrl>#Parti singole_style_map</styleUrl>
        <name>F02054</name>
        <Polygon>
          <outerBoundaryIs>
            <LinearRing>
              <coordinates>8.5674339805432,39.5550681422935 8.5677412443578,39.5550830721553 8.56774702503486,39.5550406552868 8.56743484759552,39.5550222832337 8.5674339805432,39.5550681422935</coordinates>
            </LinearRing>
          </outerBoundaryIs>
        </Polygon>
      </Placemark>
      <Placemark xmlns="http://www.opengis.net/kml/2.2">
        <styleUrl>#Parti singole_style_map</styleUrl>
        <name>F02055</name>
        <Polygon>
          <outerBoundaryIs>
            <LinearRing>
              <coordinates>8.5674339805432,39.5550681422935 8.5677412443578,39.5550830721553 8.56774702503486,39.5550406552868 8.56743484759552,39.5550222832337 8.5674339805432,39.5550681422935</coordinates>
            </LinearRing>
          </outerBoundaryIs>
        </Polygon>
      </Placemark>
      <Placemark xmlns="http://www.opengis.net/kml/2.2">
        <styleUrl>#Parti singole_style_map</styleUrl>
        <name>F02056</name>
        <Polygon>
          <outerBoundaryIs>
            <LinearRing>
              <coordinates>8.56713349224058,39.5553617756427 8.56765263276133,39.5552796077307 8.56808458997154,39.5553401153005 8.568106989605,39.5550542756212 8.56811245027025,39.554948983857 8.56792543087197,39.5549404942697 8.56772859952966,39.5549432126786 8.56745145691401,39.5549605616592 8.56735194157513,39.5549487659133 8.5673533006578,39.5550708962173 8.56734431064545,39.5550940371451 8.56732306569312,39.5551487404487 8.56720628836425,39.5551650373621 8.56701240961781,39.5553141824905 8.56713349224058,39.5553617756427</coordinates>
            </LinearRing>
          </outerBoundaryIs>
          <innerBoundaryIs>
            <LinearRing>
              <coordinates>8.56774379418766,39.5551635253634 8.56795210514478,39.5551473162107 8.56795730788734,39.5551998384277 8.56774924461765,39.5552136247479 8.56774379418766,39.5551635253634</coordinates>
            </LinearRing>
          </innerBoundaryIs>
          <innerBoundaryIs>
            <LinearRing>
              <coordinates>8.56743484759552,39.5550222832337 8.56774702503486,39.5550406552868 8.5677412443578,39.5550830721553 8.5674339805432,39.5550681422935 8.56743484759552,39.5550222832337</coordinates>
            </LinearRing>
          </innerBoundaryIs>
        </Polygon>
      </Placemark>
      <Placemark xmlns="http://www.opengis.net/kml/2.2">
        <styleUrl>#Parti singole_style_map</styleUrl>
        <name>F02057</name>
        <Polygon>
          <outerBoundaryIs>
            <LinearRing>
              <coordinates>8.56713349224058,39.5553617756427 8.56765263276133,39.5552796077307 8.56808458997154,39.5553401153005 8.568106989605,39.5550542756212 8.56811245027025,39.554948983857 8.56792543087197,39.5549404942697 8.56772859952966,39.5549432126786 8.56745145691401,39.5549605616592 8.56735194157513,39.5549487659133 8.5673533006578,39.5550708962173 8.56734431064545,39.5550940371451 8.56732306569312,39.5551487404487 8.56720628836425,39.5551650373621 8.56701240961781,39.5553141824905 8.56713349224058,39.5553617756427</coordinates>
            </LinearRing>
          </outerBoundaryIs>
          <innerBoundaryIs>
            <LinearRing>
              <coordinates>8.56774379418766,39.5551635253634 8.56795210514478,39.5551473162107 8.56795730788734,39.5551998384277 8.56774924461765,39.5552136247479 8.56774379418766,39.5551635253634</coordinates>
            </LinearRing>
          </innerBoundaryIs>
          <innerBoundaryIs>
            <LinearRing>
              <coordinates>8.56743484759552,39.5550222832337 8.56774702503486,39.5550406552868 8.5677412443578,39.5550830721553 8.5674339805432,39.5550681422935 8.56743484759552,39.5550222832337</coordinates>
            </LinearRing>
          </innerBoundaryIs>
        </Polygon>
      </Placemark>
      <Placemark xmlns="http://www.opengis.net/kml/2.2">
        <styleUrl>#Parti singole_style_map</styleUrl>
        <name>F02058</name>
        <Polygon>
          <outerBoundaryIs>
            <LinearRing>
              <coordinates>8.56774924461765,39.5552136247479 8.56795730788734,39.5551998384277 8.56795210514478,39.5551473162107 8.56774379418766,39.5551635253634 8.56774924461765,39.5552136247479</coordinates>
            </LinearRing>
          </outerBoundaryIs>
        </Polygon>
      </Placemark>
      <Placemark xmlns="http://www.opengis.net/kml/2.2">
        <styleUrl>#Parti singole_style_map</styleUrl>
        <name>F00589</name>
        <Polygon>
          <outerBoundaryIs>
            <LinearRing>
              <coordinates>8.56997398658563,39.5576123906435 8.57054265052616,39.557729358036 8.57060561026622,39.5577371504787 8.57062416452708,39.5575824857252 8.57062684035326,39.5575506443155 8.5706373236961,39.5574494887364 8.5706449458321,39.5574045556714 8.57066534494693,39.5572753427267 8.57062001623308,39.5571814322748 8.5702685566982,39.5571854122002 8.57002523250447,39.5572478266596 8.56986510783869,39.5575893896384 8.56997398658563,39.5576123906435</coordinates>
            </LinearRing>
          </outerBoundaryIs>
          <innerBoundaryIs>
            <LinearRing>
              <coordinates>8.57044274875331,39.5574055724233 8.57044586959447,39.5573810650143 8.57050624893717,39.5573812883489 8.5705040990249,39.5574088642198 8.57044274875331,39.5574055724233</coordinates>
            </LinearRing>
          </innerBoundaryIs>
        </Polygon>
      </Placemark>
      <Placemark xmlns="http://www.opengis.net/kml/2.2">
        <styleUrl>#Parti singole_style_map</styleUrl>
        <name>F00622</name>
        <Polygon>
          <outerBoundaryIs>
            <LinearRing>
              <coordinates>8.56997398658563,39.5576123906435 8.57054265052616,39.557729358036 8.57060561026622,39.5577371504787 8.57062416452708,39.5575824857252 8.57062684035326,39.5575506443155 8.5706373236961,39.5574494887364 8.5706449458321,39.5574045556714 8.57066534494693,39.5572753427267 8.57062001623308,39.5571814322748 8.5702685566982,39.5571854122002 8.57002523250447,39.5572478266596 8.56986510783869,39.5575893896384 8.56997398658563,39.5576123906435</coordinates>
            </LinearRing>
          </outerBoundaryIs>
          <innerBoundaryIs>
            <LinearRing>
              <coordinates>8.57044274875331,39.5574055724233 8.57044586959447,39.5573810650143 8.57050624893717,39.5573812883489 8.5705040990249,39.5574088642198 8.57044274875331,39.5574055724233</coordinates>
            </LinearRing>
          </innerBoundaryIs>
        </Polygon>
      </Placemark>
      <Placemark xmlns="http://www.opengis.net/kml/2.2">
        <styleUrl>#Parti singole_style_map</styleUrl>
        <name>F00624</name>
        <Polygon>
          <outerBoundaryIs>
            <LinearRing>
              <coordinates>8.56997398658563,39.5576123906435 8.57054265052616,39.557729358036 8.57060561026622,39.5577371504787 8.57062416452708,39.5575824857252 8.57062684035326,39.5575506443155 8.5706373236961,39.5574494887364 8.5706449458321,39.5574045556714 8.57066534494693,39.5572753427267 8.57062001623308,39.5571814322748 8.5702685566982,39.5571854122002 8.57002523250447,39.5572478266596 8.56986510783869,39.5575893896384 8.56997398658563,39.5576123906435</coordinates>
            </LinearRing>
          </outerBoundaryIs>
          <innerBoundaryIs>
            <LinearRing>
              <coordinates>8.57044274875331,39.5574055724233 8.57044586959447,39.5573810650143 8.57050624893717,39.5573812883489 8.5705040990249,39.5574088642198 8.57044274875331,39.5574055724233</coordinates>
            </LinearRing>
          </innerBoundaryIs>
        </Polygon>
      </Placemark>
      <Placemark xmlns="http://www.opengis.net/kml/2.2">
        <styleUrl>#Parti singole_style_map</styleUrl>
        <name>F00625</name>
        <Polygon>
          <outerBoundaryIs>
            <LinearRing>
              <coordinates>8.56997398658563,39.5576123906435 8.57054265052616,39.557729358036 8.57060561026622,39.5577371504787 8.57062416452708,39.5575824857252 8.57062684035326,39.5575506443155 8.5706373236961,39.5574494887364 8.5706449458321,39.5574045556714 8.57066534494693,39.5572753427267 8.57062001623308,39.5571814322748 8.5702685566982,39.5571854122002 8.57002523250447,39.5572478266596 8.56986510783869,39.5575893896384 8.56997398658563,39.5576123906435</coordinates>
            </LinearRing>
          </outerBoundaryIs>
          <innerBoundaryIs>
            <LinearRing>
              <coordinates>8.57044274875331,39.5574055724233 8.57044586959447,39.5573810650143 8.57050624893717,39.5573812883489 8.5705040990249,39.5574088642198 8.57044274875331,39.5574055724233</coordinates>
            </LinearRing>
          </innerBoundaryIs>
        </Polygon>
      </Placemark>
      <Placemark xmlns="http://www.opengis.net/kml/2.2">
        <styleUrl>#Parti singole_style_map</styleUrl>
        <name>F00626</name>
        <Polygon>
          <outerBoundaryIs>
            <LinearRing>
              <coordinates>8.56997398658563,39.5576123906435 8.57054265052616,39.557729358036 8.57060561026622,39.5577371504787 8.57062416452708,39.5575824857252 8.57062684035326,39.5575506443155 8.5706373236961,39.5574494887364 8.5706449458321,39.5574045556714 8.57066534494693,39.5572753427267 8.57062001623308,39.5571814322748 8.5702685566982,39.5571854122002 8.57002523250447,39.5572478266596 8.56986510783869,39.5575893896384 8.56997398658563,39.5576123906435</coordinates>
            </LinearRing>
          </outerBoundaryIs>
          <innerBoundaryIs>
            <LinearRing>
              <coordinates>8.57044274875331,39.5574055724233 8.57044586959447,39.5573810650143 8.57050624893717,39.5573812883489 8.5705040990249,39.5574088642198 8.57044274875331,39.5574055724233</coordinates>
            </LinearRing>
          </innerBoundaryIs>
        </Polygon>
      </Placemark>
      <Placemark xmlns="http://www.opengis.net/kml/2.2">
        <styleUrl>#Parti singole_style_map</styleUrl>
        <name>F00628</name>
        <Polygon>
          <outerBoundaryIs>
            <LinearRing>
              <coordinates>8.56997398658563,39.5576123906435 8.57054265052616,39.557729358036 8.57060561026622,39.5577371504787 8.57062416452708,39.5575824857252 8.57062684035326,39.5575506443155 8.5706373236961,39.5574494887364 8.5706449458321,39.5574045556714 8.57066534494693,39.5572753427267 8.57062001623308,39.5571814322748 8.5702685566982,39.5571854122002 8.57002523250447,39.5572478266596 8.56986510783869,39.5575893896384 8.56997398658563,39.5576123906435</coordinates>
            </LinearRing>
          </outerBoundaryIs>
          <innerBoundaryIs>
            <LinearRing>
              <coordinates>8.57044274875331,39.5574055724233 8.57044586959447,39.5573810650143 8.57050624893717,39.5573812883489 8.5705040990249,39.5574088642198 8.57044274875331,39.5574055724233</coordinates>
            </LinearRing>
          </innerBoundaryIs>
        </Polygon>
      </Placemark>
      <Placemark xmlns="http://www.opengis.net/kml/2.2">
        <styleUrl>#Parti singole_style_map</styleUrl>
        <name>F00629</name>
        <Polygon>
          <outerBoundaryIs>
            <LinearRing>
              <coordinates>8.56997398658563,39.5576123906435 8.57054265052616,39.557729358036 8.57060561026622,39.5577371504787 8.57062416452708,39.5575824857252 8.57062684035326,39.5575506443155 8.5706373236961,39.5574494887364 8.5706449458321,39.5574045556714 8.57066534494693,39.5572753427267 8.57062001623308,39.5571814322748 8.5702685566982,39.5571854122002 8.57002523250447,39.5572478266596 8.56986510783869,39.5575893896384 8.56997398658563,39.5576123906435</coordinates>
            </LinearRing>
          </outerBoundaryIs>
          <innerBoundaryIs>
            <LinearRing>
              <coordinates>8.57044274875331,39.5574055724233 8.57044586959447,39.5573810650143 8.57050624893717,39.5573812883489 8.5705040990249,39.5574088642198 8.57044274875331,39.5574055724233</coordinates>
            </LinearRing>
          </innerBoundaryIs>
        </Polygon>
      </Placemark>
      <Placemark xmlns="http://www.opengis.net/kml/2.2">
        <styleUrl>#Parti singole_style_map</styleUrl>
        <name>F00631</name>
        <Polygon>
          <outerBoundaryIs>
            <LinearRing>
              <coordinates>8.56997398658563,39.5576123906435 8.57054265052616,39.557729358036 8.57060561026622,39.5577371504787 8.57062416452708,39.5575824857252 8.57062684035326,39.5575506443155 8.5706373236961,39.5574494887364 8.5706449458321,39.5574045556714 8.57066534494693,39.5572753427267 8.57062001623308,39.5571814322748 8.5702685566982,39.5571854122002 8.57002523250447,39.5572478266596 8.56986510783869,39.5575893896384 8.56997398658563,39.5576123906435</coordinates>
            </LinearRing>
          </outerBoundaryIs>
          <innerBoundaryIs>
            <LinearRing>
              <coordinates>8.57044274875331,39.5574055724233 8.57044586959447,39.5573810650143 8.57050624893717,39.5573812883489 8.5705040990249,39.5574088642198 8.57044274875331,39.5574055724233</coordinates>
            </LinearRing>
          </innerBoundaryIs>
        </Polygon>
      </Placemark>
      <Placemark xmlns="http://www.opengis.net/kml/2.2">
        <styleUrl>#Parti singole_style_map</styleUrl>
        <name>F00636</name>
        <Polygon>
          <outerBoundaryIs>
            <LinearRing>
              <coordinates>8.56991309255763,39.5566190053914 8.57020005354792,39.5566338597626 8.57020558000364,39.5565404016947 8.57013731128632,39.5565355516966 8.57013741068733,39.5565194614991 8.56998897188466,39.5565135483992 8.56998691649831,39.5565258002664 8.5699196139458,39.5565247848051 8.56991309255763,39.5566190053914</coordinates>
            </LinearRing>
          </outerBoundaryIs>
        </Polygon>
      </Placemark>
      <Placemark xmlns="http://www.opengis.net/kml/2.2">
        <styleUrl>#Parti singole_style_map</styleUrl>
        <name>F00638</name>
        <Polygon>
          <outerBoundaryIs>
            <LinearRing>
              <coordinates>8.57230293839665,39.5582287976013 8.57260095376309,39.55824338323 8.57260019118846,39.5581401317475 8.57230990313433,39.5581315844277 8.57230293839665,39.5582287976013</coordinates>
            </LinearRing>
          </outerBoundaryIs>
        </Polygon>
      </Placemark>
      <Placemark xmlns="http://www.opengis.net/kml/2.2">
        <styleUrl>#Parti singole_style_map</styleUrl>
        <name>F00640</name>
        <Polygon>
          <outerBoundaryIs>
            <LinearRing>
              <coordinates>8.57285709096818,39.5582517771776 8.57315045365629,39.5582639475514 8.57315589862442,39.5581619172553 8.5728562943039,39.5581521206684 8.57285709096818,39.5582517771776</coordinates>
            </LinearRing>
          </outerBoundaryIs>
        </Polygon>
      </Placemark>
      <Placemark xmlns="http://www.opengis.net/kml/2.2">
        <styleUrl>#Parti singole_style_map</styleUrl>
        <name>F00641</name>
        <Polygon>
          <outerBoundaryIs>
            <LinearRing>
              <coordinates>8.57845877182384,39.5575630038663 8.5796541541818,39.5576584310125 8.57988553035396,39.557480045021 8.58036662772441,39.5575414325864 8.58081050066649,39.5576569706778 8.58136229909662,39.5577730133503 8.58142232155745,39.5578300485018 8.58141766063868,39.5578734251694 8.58118656801781,39.5581695073903 8.58112404994734,39.5581847615344 8.58109458750996,39.5582352208938 8.58147384650118,39.558401872868 8.58179173799167,39.5583906921433 8.58189701020368,39.5582515291659 8.58196136650447,39.5580775472721 8.58198933693699,39.5579052544357 8.58195354011209,39.5577934612691 8.58187904048771,39.5577106589467 8.58161596462177,39.557565159583 8.58144680326867,39.55750067615 8.58091648548488,39.5574382864822 8.58114825189118,39.5572988327595 8.58136852354528,39.5571021939797 8.58146488258679,39.5570165202499 8.58150888260812,39.5569679873147 8.58149751440076,39.556868617092 8.58144425295044,39.5568624919713 8.58140378959483,39.5568589266053 8.58139684753599,39.5569061349157 8.58136803543515,39.5571020660762 8.58125508906121,39.5570871793263 8.58127025126627,39.557004790004 8.58107170901617,39.556979520903 8.58109470260644,39.5568240775291 8.58123316593084,39.5568385248528 8.58108356235077,39.5568048814994 8.5809143466017,39.5567478846278 8.58062169719731,39.5565506023448 8.58031954976781,39.5564442797491 8.58005574253634,39.5563962203034 8.57971215373696,39.556321561529 8.57948964228296,39.5562605673383 8.57941433858217,39.5562845863167 8.57935510470386,39.5564229948209 8.57921754948571,39.5564683857774 8.57909139101894,39.5564846696467 8.57839144866737,39.5574933533299 8.57845877182384,39.5575630038663</coordinates>
            </LinearRing>
          </outerBoundaryIs>
          <innerBoundaryIs>
            <LinearRing>
              <coordinates>8.57935120754654,39.5566036186644 8.57939783961674,39.5566070402871 8.57940867096925,39.5565520898206 8.5795684741517,39.5565734462046 8.57954657667164,39.55667985934 8.57934666255575,39.5566565015142 8.57935120754654,39.5566036186644</coordinates>
            </LinearRing>
          </innerBoundaryIs>
          <innerBoundaryIs>
            <LinearRing>
              <coordinates>8.57981294711056,39.5566139132177 8.58037950560491,39.5566896028929 8.58039438491458,39.5566465605227 8.58068010825089,39.5566816064143 8.58062942433132,39.5569699773802 8.58046229993557,39.5569560835406 8.58046996122014,39.5569055275474 8.58034889465549,39.5568899798608 8.58036918452721,39.5567720095964 8.57980021564129,39.5566944370117 8.57981294711056,39.5566139132177</coordinates>
            </LinearRing>
          </innerBoundaryIs>
          <innerBoundaryIs>
            <LinearRing>
              <coordinates>8.5803919892475,39.5565393459797 8.58039810371391,39.5565102518056 8.58044951861267,39.5565196321912 8.58044241897212,39.5565479565909 8.5803919892475,39.5565393459797</coordinates>
            </LinearRing>
          </innerBoundaryIs>
        </Polygon>
      </Placemark>
      <Placemark xmlns="http://www.opengis.net/kml/2.2">
        <styleUrl>#Parti singole_style_map</styleUrl>
        <name>F00637</name>
        <Polygon>
          <outerBoundaryIs>
            <LinearRing>
              <coordinates>8.57980021564129,39.5566944370117 8.58036918452721,39.5567720095964 8.58034889465549,39.5568899798608 8.58046996122014,39.5569055275474 8.58046229993557,39.5569560835406 8.58062942433132,39.5569699773802 8.58068010825089,39.5566816064143 8.58039438491458,39.5566465605227 8.58037950560491,39.5566896028929 8.57981294711056,39.5566139132177 8.57980021564129,39.5566944370117</coordinates>
            </LinearRing>
          </outerBoundaryIs>
        </Polygon>
      </Placemark>
      <Placemark xmlns="http://www.opengis.net/kml/2.2">
        <styleUrl>#Parti singole_style_map</styleUrl>
        <name>F00617</name>
        <Polygon>
          <outerBoundaryIs>
            <LinearRing>
              <coordinates>8.57068642301552,39.5560965618246 8.5710134585348,39.5561168271455 8.57103451608427,39.5559032893986 8.57070501419266,39.5558867542832 8.57068642301552,39.5560965618246</coordinates>
            </LinearRing>
          </outerBoundaryIs>
        </Polygon>
      </Placemark>
      <Placemark xmlns="http://www.opengis.net/kml/2.2">
        <styleUrl>#Parti singole_style_map</styleUrl>
        <name>F00615</name>
        <Polygon>
          <outerBoundaryIs>
            <LinearRing>
              <coordinates>8.57068642301552,39.5560965618246 8.5710134585348,39.5561168271455 8.57103451608427,39.5559032893986 8.57070501419266,39.5558867542832 8.57068642301552,39.5560965618246</coordinates>
            </LinearRing>
          </outerBoundaryIs>
        </Polygon>
      </Placemark>
      <Placemark xmlns="http://www.opengis.net/kml/2.2">
        <styleUrl>#Parti singole_style_map</styleUrl>
        <name>F00647</name>
        <Polygon>
          <outerBoundaryIs>
            <LinearRing>
              <coordinates>8.58231678443556,39.5592568740936 8.5826617818739,39.5593712565012 8.58269929964264,39.5593148338728 8.58234623523275,39.5592082795164 8.58231678443556,39.5592568740936</coordinates>
            </LinearRing>
          </outerBoundaryIs>
        </Polygon>
      </Placemark>
      <Placemark xmlns="http://www.opengis.net/kml/2.2">
        <styleUrl>#Parti singole_style_map</styleUrl>
        <name>F00618</name>
        <Polygon>
          <outerBoundaryIs>
            <LinearRing>
              <coordinates>8.57161408776594,39.5555662101477 8.57166851836524,39.5557169635825 8.57193960495936,39.5556550714789 8.57194727149977,39.555676544189 8.57214637245072,39.5556306227417 8.57206550139064,39.5554334773084 8.57204850813619,39.555437144938 8.57203549434527,39.5553937125111 8.57192734359931,39.5554155422276 8.57193700306062,39.5554384909604 8.57181319648077,39.5554641552962 8.57182263795708,39.5554979335829 8.57165755843744,39.5555327802055 8.57166710383085,39.5555515567829 8.57161408776594,39.5555662101477</coordinates>
            </LinearRing>
          </outerBoundaryIs>
        </Polygon>
      </Placemark>
      <Placemark xmlns="http://www.opengis.net/kml/2.2">
        <styleUrl>#Parti singole_style_map</styleUrl>
        <name>F00619</name>
        <Polygon>
          <outerBoundaryIs>
            <LinearRing>
              <coordinates>8.57161408776594,39.5555662101477 8.57166851836524,39.5557169635825 8.57193960495936,39.5556550714789 8.57194727149977,39.555676544189 8.57214637245072,39.5556306227417 8.57206550139064,39.5554334773084 8.57204850813619,39.555437144938 8.57203549434527,39.5553937125111 8.57192734359931,39.5554155422276 8.57193700306062,39.5554384909604 8.57181319648077,39.5554641552962 8.57182263795708,39.5554979335829 8.57165755843744,39.5555327802055 8.57166710383085,39.5555515567829 8.57161408776594,39.5555662101477</coordinates>
            </LinearRing>
          </outerBoundaryIs>
        </Polygon>
      </Placemark>
      <Placemark xmlns="http://www.opengis.net/kml/2.2">
        <styleUrl>#Parti singole_style_map</styleUrl>
        <name>F00651</name>
        <Polygon>
          <outerBoundaryIs>
            <LinearRing>
              <coordinates>8.57053768342682,39.5551602049051 8.57062976223274,39.5551625096408 8.57063256530594,39.5551138014559 8.57054053290236,39.5551058744834 8.57053768342682,39.5551602049051</coordinates>
            </LinearRing>
          </outerBoundaryIs>
        </Polygon>
      </Placemark>
      <Placemark xmlns="http://www.opengis.net/kml/2.2">
        <styleUrl>#Parti singole_style_map</styleUrl>
        <name>F00627</name>
        <Polygon>
          <outerBoundaryIs>
            <LinearRing>
              <coordinates>8.5780672108534,39.5555168805068 8.57813839813067,39.5555670110136 8.57817908879098,39.5555385151679 8.57821031030635,39.5555282937919 8.57816214065706,39.5554887078756 8.57813300168346,39.5554722123298 8.5780672108534,39.5555168805068</coordinates>
            </LinearRing>
          </outerBoundaryIs>
        </Polygon>
      </Placemark>
      <Placemark xmlns="http://www.opengis.net/kml/2.2">
        <styleUrl>#Parti singole_style_map</styleUrl>
        <name>F00630</name>
        <Polygon>
          <outerBoundaryIs>
            <LinearRing>
              <coordinates>8.5780672108534,39.5555168805068 8.57813839813067,39.5555670110136 8.57817908879098,39.5555385151679 8.57821031030635,39.5555282937919 8.57816214065706,39.5554887078756 8.57813300168346,39.5554722123298 8.5780672108534,39.5555168805068</coordinates>
            </LinearRing>
          </outerBoundaryIs>
        </Polygon>
      </Placemark>
      <Placemark xmlns="http://www.opengis.net/kml/2.2">
        <styleUrl>#Parti singole_style_map</styleUrl>
        <name>F00709</name>
        <Polygon>
          <outerBoundaryIs>
            <LinearRing>
              <coordinates>8.58687373596922,39.557324362424 8.58703145375246,39.5573506387608 8.58745306249777,39.5573828894725 8.58746854954934,39.5573014195355 8.58689217031182,39.5572426057108 8.58687373596922,39.557324362424</coordinates>
            </LinearRing>
          </outerBoundaryIs>
        </Polygon>
      </Placemark>
      <Placemark xmlns="http://www.opengis.net/kml/2.2">
        <styleUrl>#Parti singole_style_map</styleUrl>
        <name>F00730</name>
        <Polygon>
          <outerBoundaryIs>
            <LinearRing>
              <coordinates>8.57895385726192,39.5544393251938 8.5789896823229,39.5545088252026 8.57909099027678,39.554890291093 8.57907166384087,39.554914152332 8.57912354905133,39.5549745110173 8.57942298246988,39.5548814475235 8.57954773733501,39.5548426865744 8.58010324373153,39.554670050406 8.58006535068529,39.554264108538 8.57904458725125,39.5543489386661 8.57898577520335,39.5543870011092 8.57896128013048,39.5544206107325 8.57895385726192,39.5544393251938</coordinates>
            </LinearRing>
          </outerBoundaryIs>
        </Polygon>
      </Placemark>
      <Placemark xmlns="http://www.opengis.net/kml/2.2">
        <styleUrl>#Parti singole_style_map</styleUrl>
        <name>F00739</name>
        <Polygon>
          <outerBoundaryIs>
            <LinearRing>
              <coordinates>8.57895385726192,39.5544393251938 8.5789896823229,39.5545088252026 8.57909099027678,39.554890291093 8.57907166384087,39.554914152332 8.57912354905133,39.5549745110173 8.57942298246988,39.5548814475235 8.57954773733501,39.5548426865744 8.58010324373153,39.554670050406 8.58006535068529,39.554264108538 8.57904458725125,39.5543489386661 8.57898577520335,39.5543870011092 8.57896128013048,39.5544206107325 8.57895385726192,39.5544393251938</coordinates>
            </LinearRing>
          </outerBoundaryIs>
        </Polygon>
      </Placemark>
      <Placemark xmlns="http://www.opengis.net/kml/2.2">
        <styleUrl>#Parti singole_style_map</styleUrl>
        <name>F00731</name>
        <Polygon>
          <outerBoundaryIs>
            <LinearRing>
              <coordinates>8.57895385726192,39.5544393251938 8.5789896823229,39.5545088252026 8.57909099027678,39.554890291093 8.57907166384087,39.554914152332 8.57912354905133,39.5549745110173 8.57942298246988,39.5548814475235 8.57954773733501,39.5548426865744 8.58010324373153,39.554670050406 8.58006535068529,39.554264108538 8.57904458725125,39.5543489386661 8.57898577520335,39.5543870011092 8.57896128013048,39.5544206107325 8.57895385726192,39.5544393251938</coordinates>
            </LinearRing>
          </outerBoundaryIs>
        </Polygon>
      </Placemark>
      <Placemark xmlns="http://www.opengis.net/kml/2.2">
        <styleUrl>#Parti singole_style_map</styleUrl>
        <name>F00732</name>
        <Polygon>
          <outerBoundaryIs>
            <LinearRing>
              <coordinates>8.57895385726192,39.5544393251938 8.5789896823229,39.5545088252026 8.57909099027678,39.554890291093 8.57907166384087,39.554914152332 8.57912354905133,39.5549745110173 8.57942298246988,39.5548814475235 8.57954773733501,39.5548426865744 8.58010324373153,39.554670050406 8.58006535068529,39.554264108538 8.57904458725125,39.5543489386661 8.57898577520335,39.5543870011092 8.57896128013048,39.5544206107325 8.57895385726192,39.5544393251938</coordinates>
            </LinearRing>
          </outerBoundaryIs>
        </Polygon>
      </Placemark>
      <Placemark xmlns="http://www.opengis.net/kml/2.2">
        <styleUrl>#Parti singole_style_map</styleUrl>
        <name>F00733</name>
        <Polygon>
          <outerBoundaryIs>
            <LinearRing>
              <coordinates>8.57895385726192,39.5544393251938 8.5789896823229,39.5545088252026 8.57909099027678,39.554890291093 8.57907166384087,39.554914152332 8.57912354905133,39.5549745110173 8.57942298246988,39.5548814475235 8.57954773733501,39.5548426865744 8.58010324373153,39.554670050406 8.58006535068529,39.554264108538 8.57904458725125,39.5543489386661 8.57898577520335,39.5543870011092 8.57896128013048,39.5544206107325 8.57895385726192,39.5544393251938</coordinates>
            </LinearRing>
          </outerBoundaryIs>
        </Polygon>
      </Placemark>
      <Placemark xmlns="http://www.opengis.net/kml/2.2">
        <styleUrl>#Parti singole_style_map</styleUrl>
        <name>F00734</name>
        <Polygon>
          <outerBoundaryIs>
            <LinearRing>
              <coordinates>8.57895385726192,39.5544393251938 8.5789896823229,39.5545088252026 8.57909099027678,39.554890291093 8.57907166384087,39.554914152332 8.57912354905133,39.5549745110173 8.57942298246988,39.5548814475235 8.57954773733501,39.5548426865744 8.58010324373153,39.554670050406 8.58006535068529,39.554264108538 8.57904458725125,39.5543489386661 8.57898577520335,39.5543870011092 8.57896128013048,39.5544206107325 8.57895385726192,39.5544393251938</coordinates>
            </LinearRing>
          </outerBoundaryIs>
        </Polygon>
      </Placemark>
      <Placemark xmlns="http://www.opengis.net/kml/2.2">
        <styleUrl>#Parti singole_style_map</styleUrl>
        <name>F00735</name>
        <Polygon>
          <outerBoundaryIs>
            <LinearRing>
              <coordinates>8.57895385726192,39.5544393251938 8.5789896823229,39.5545088252026 8.57909099027678,39.554890291093 8.57907166384087,39.554914152332 8.57912354905133,39.5549745110173 8.57942298246988,39.5548814475235 8.57954773733501,39.5548426865744 8.58010324373153,39.554670050406 8.58006535068529,39.554264108538 8.57904458725125,39.5543489386661 8.57898577520335,39.5543870011092 8.57896128013048,39.5544206107325 8.57895385726192,39.5544393251938</coordinates>
            </LinearRing>
          </outerBoundaryIs>
        </Polygon>
      </Placemark>
      <Placemark xmlns="http://www.opengis.net/kml/2.2">
        <styleUrl>#Parti singole_style_map</styleUrl>
        <name>F00736</name>
        <Polygon>
          <outerBoundaryIs>
            <LinearRing>
              <coordinates>8.57895385726192,39.5544393251938 8.5789896823229,39.5545088252026 8.57909099027678,39.554890291093 8.57907166384087,39.554914152332 8.57912354905133,39.5549745110173 8.57942298246988,39.5548814475235 8.57954773733501,39.5548426865744 8.58010324373153,39.554670050406 8.58006535068529,39.554264108538 8.57904458725125,39.5543489386661 8.57898577520335,39.5543870011092 8.57896128013048,39.5544206107325 8.57895385726192,39.5544393251938</coordinates>
            </LinearRing>
          </outerBoundaryIs>
        </Polygon>
      </Placemark>
      <Placemark xmlns="http://www.opengis.net/kml/2.2">
        <styleUrl>#Parti singole_style_map</styleUrl>
        <name>F00737</name>
        <Polygon>
          <outerBoundaryIs>
            <LinearRing>
              <coordinates>8.57895385726192,39.5544393251938 8.5789896823229,39.5545088252026 8.57909099027678,39.554890291093 8.57907166384087,39.554914152332 8.57912354905133,39.5549745110173 8.57942298246988,39.5548814475235 8.57954773733501,39.5548426865744 8.58010324373153,39.554670050406 8.58006535068529,39.554264108538 8.57904458725125,39.5543489386661 8.57898577520335,39.5543870011092 8.57896128013048,39.5544206107325 8.57895385726192,39.5544393251938</coordinates>
            </LinearRing>
          </outerBoundaryIs>
        </Polygon>
      </Placemark>
      <Placemark xmlns="http://www.opengis.net/kml/2.2">
        <styleUrl>#Parti singole_style_map</styleUrl>
        <name>F00738</name>
        <Polygon>
          <outerBoundaryIs>
            <LinearRing>
              <coordinates>8.57895385726192,39.5544393251938 8.5789896823229,39.5545088252026 8.57909099027678,39.554890291093 8.57907166384087,39.554914152332 8.57912354905133,39.5549745110173 8.57942298246988,39.5548814475235 8.57954773733501,39.5548426865744 8.58010324373153,39.554670050406 8.58006535068529,39.554264108538 8.57904458725125,39.5543489386661 8.57898577520335,39.5543870011092 8.57896128013048,39.5544206107325 8.57895385726192,39.5544393251938</coordinates>
            </LinearRing>
          </outerBoundaryIs>
        </Polygon>
      </Placemark>
      <Placemark xmlns="http://www.opengis.net/kml/2.2">
        <styleUrl>#Parti singole_style_map</styleUrl>
        <name>F00740</name>
        <Polygon>
          <outerBoundaryIs>
            <LinearRing>
              <coordinates>8.57680928661162,39.5535926817887 8.5770479331575,39.5537605747461 8.57735469990467,39.5538931606071 8.57788044483486,39.5540750531945 8.57812497647209,39.5541061532844 8.57824860709449,39.554102980233 8.57843077529573,39.5540513460595 8.5785596127177,39.5539994549906 8.57864013284324,39.5539286200602 8.57869179506967,39.5538295322711 8.57877468534067,39.5536151360801 8.57856297384723,39.5535828409714 8.57848826590064,39.5535281477409 8.57853378043402,39.5533140845724 8.57666483100333,39.5535351111975 8.57680928661162,39.5535926817887</coordinates>
            </LinearRing>
          </outerBoundaryIs>
        </Polygon>
      </Placemark>
      <Placemark xmlns="http://www.opengis.net/kml/2.2">
        <styleUrl>#Parti singole_style_map</styleUrl>
        <name>F00749</name>
        <Polygon>
          <outerBoundaryIs>
            <LinearRing>
              <coordinates>8.57680928661162,39.5535926817887 8.5770479331575,39.5537605747461 8.57735469990467,39.5538931606071 8.57788044483486,39.5540750531945 8.57812497647209,39.5541061532844 8.57824860709449,39.554102980233 8.57843077529573,39.5540513460595 8.5785596127177,39.5539994549906 8.57864013284324,39.5539286200602 8.57869179506967,39.5538295322711 8.57877468534067,39.5536151360801 8.57856297384723,39.5535828409714 8.57848826590064,39.5535281477409 8.57853378043402,39.5533140845724 8.57666483100333,39.5535351111975 8.57680928661162,39.5535926817887</coordinates>
            </LinearRing>
          </outerBoundaryIs>
        </Polygon>
      </Placemark>
      <Placemark xmlns="http://www.opengis.net/kml/2.2">
        <styleUrl>#Parti singole_style_map</styleUrl>
        <name>F00741</name>
        <Polygon>
          <outerBoundaryIs>
            <LinearRing>
              <coordinates>8.57680928661162,39.5535926817887 8.5770479331575,39.5537605747461 8.57735469990467,39.5538931606071 8.57788044483486,39.5540750531945 8.57812497647209,39.5541061532844 8.57824860709449,39.554102980233 8.57843077529573,39.5540513460595 8.5785596127177,39.5539994549906 8.57864013284324,39.5539286200602 8.57869179506967,39.5538295322711 8.57877468534067,39.5536151360801 8.57856297384723,39.5535828409714 8.57848826590064,39.5535281477409 8.57853378043402,39.5533140845724 8.57666483100333,39.5535351111975 8.57680928661162,39.5535926817887</coordinates>
            </LinearRing>
          </outerBoundaryIs>
        </Polygon>
      </Placemark>
      <Placemark xmlns="http://www.opengis.net/kml/2.2">
        <styleUrl>#Parti singole_style_map</styleUrl>
        <name>F00742</name>
        <Polygon>
          <outerBoundaryIs>
            <LinearRing>
              <coordinates>8.57680928661162,39.5535926817887 8.5770479331575,39.5537605747461 8.57735469990467,39.5538931606071 8.57788044483486,39.5540750531945 8.57812497647209,39.5541061532844 8.57824860709449,39.554102980233 8.57843077529573,39.5540513460595 8.5785596127177,39.5539994549906 8.57864013284324,39.5539286200602 8.57869179506967,39.5538295322711 8.57877468534067,39.5536151360801 8.57856297384723,39.5535828409714 8.57848826590064,39.5535281477409 8.57853378043402,39.5533140845724 8.57666483100333,39.5535351111975 8.57680928661162,39.5535926817887</coordinates>
            </LinearRing>
          </outerBoundaryIs>
        </Polygon>
      </Placemark>
      <Placemark xmlns="http://www.opengis.net/kml/2.2">
        <styleUrl>#Parti singole_style_map</styleUrl>
        <name>F00743</name>
        <Polygon>
          <outerBoundaryIs>
            <LinearRing>
              <coordinates>8.57680928661162,39.5535926817887 8.5770479331575,39.5537605747461 8.57735469990467,39.5538931606071 8.57788044483486,39.5540750531945 8.57812497647209,39.5541061532844 8.57824860709449,39.554102980233 8.57843077529573,39.5540513460595 8.5785596127177,39.5539994549906 8.57864013284324,39.5539286200602 8.57869179506967,39.5538295322711 8.57877468534067,39.5536151360801 8.57856297384723,39.5535828409714 8.57848826590064,39.5535281477409 8.57853378043402,39.5533140845724 8.57666483100333,39.5535351111975 8.57680928661162,39.5535926817887</coordinates>
            </LinearRing>
          </outerBoundaryIs>
        </Polygon>
      </Placemark>
      <Placemark xmlns="http://www.opengis.net/kml/2.2">
        <styleUrl>#Parti singole_style_map</styleUrl>
        <name>F00744</name>
        <Polygon>
          <outerBoundaryIs>
            <LinearRing>
              <coordinates>8.57680928661162,39.5535926817887 8.5770479331575,39.5537605747461 8.57735469990467,39.5538931606071 8.57788044483486,39.5540750531945 8.57812497647209,39.5541061532844 8.57824860709449,39.554102980233 8.57843077529573,39.5540513460595 8.5785596127177,39.5539994549906 8.57864013284324,39.5539286200602 8.57869179506967,39.5538295322711 8.57877468534067,39.5536151360801 8.57856297384723,39.5535828409714 8.57848826590064,39.5535281477409 8.57853378043402,39.5533140845724 8.57666483100333,39.5535351111975 8.57680928661162,39.5535926817887</coordinates>
            </LinearRing>
          </outerBoundaryIs>
        </Polygon>
      </Placemark>
      <Placemark xmlns="http://www.opengis.net/kml/2.2">
        <styleUrl>#Parti singole_style_map</styleUrl>
        <name>F00745</name>
        <Polygon>
          <outerBoundaryIs>
            <LinearRing>
              <coordinates>8.57680928661162,39.5535926817887 8.5770479331575,39.5537605747461 8.57735469990467,39.5538931606071 8.57788044483486,39.5540750531945 8.57812497647209,39.5541061532844 8.57824860709449,39.554102980233 8.57843077529573,39.5540513460595 8.5785596127177,39.5539994549906 8.57864013284324,39.5539286200602 8.57869179506967,39.5538295322711 8.57877468534067,39.5536151360801 8.57856297384723,39.5535828409714 8.57848826590064,39.5535281477409 8.57853378043402,39.5533140845724 8.57666483100333,39.5535351111975 8.57680928661162,39.5535926817887</coordinates>
            </LinearRing>
          </outerBoundaryIs>
        </Polygon>
      </Placemark>
      <Placemark xmlns="http://www.opengis.net/kml/2.2">
        <styleUrl>#Parti singole_style_map</styleUrl>
        <name>F00746</name>
        <Polygon>
          <outerBoundaryIs>
            <LinearRing>
              <coordinates>8.57680928661162,39.5535926817887 8.5770479331575,39.5537605747461 8.57735469990467,39.5538931606071 8.57788044483486,39.5540750531945 8.57812497647209,39.5541061532844 8.57824860709449,39.554102980233 8.57843077529573,39.5540513460595 8.5785596127177,39.5539994549906 8.57864013284324,39.5539286200602 8.57869179506967,39.5538295322711 8.57877468534067,39.5536151360801 8.57856297384723,39.5535828409714 8.57848826590064,39.5535281477409 8.57853378043402,39.5533140845724 8.57666483100333,39.5535351111975 8.57680928661162,39.5535926817887</coordinates>
            </LinearRing>
          </outerBoundaryIs>
        </Polygon>
      </Placemark>
      <Placemark xmlns="http://www.opengis.net/kml/2.2">
        <styleUrl>#Parti singole_style_map</styleUrl>
        <name>F00747</name>
        <Polygon>
          <outerBoundaryIs>
            <LinearRing>
              <coordinates>8.57680928661162,39.5535926817887 8.5770479331575,39.5537605747461 8.57735469990467,39.5538931606071 8.57788044483486,39.5540750531945 8.57812497647209,39.5541061532844 8.57824860709449,39.554102980233 8.57843077529573,39.5540513460595 8.5785596127177,39.5539994549906 8.57864013284324,39.5539286200602 8.57869179506967,39.5538295322711 8.57877468534067,39.5536151360801 8.57856297384723,39.5535828409714 8.57848826590064,39.5535281477409 8.57853378043402,39.5533140845724 8.57666483100333,39.5535351111975 8.57680928661162,39.5535926817887</coordinates>
            </LinearRing>
          </outerBoundaryIs>
        </Polygon>
      </Placemark>
      <Placemark xmlns="http://www.opengis.net/kml/2.2">
        <styleUrl>#Parti singole_style_map</styleUrl>
        <name>F00748</name>
        <Polygon>
          <outerBoundaryIs>
            <LinearRing>
              <coordinates>8.57680928661162,39.5535926817887 8.5770479331575,39.5537605747461 8.57735469990467,39.5538931606071 8.57788044483486,39.5540750531945 8.57812497647209,39.5541061532844 8.57824860709449,39.554102980233 8.57843077529573,39.5540513460595 8.5785596127177,39.5539994549906 8.57864013284324,39.5539286200602 8.57869179506967,39.5538295322711 8.57877468534067,39.5536151360801 8.57856297384723,39.5535828409714 8.57848826590064,39.5535281477409 8.57853378043402,39.5533140845724 8.57666483100333,39.5535351111975 8.57680928661162,39.5535926817887</coordinates>
            </LinearRing>
          </outerBoundaryIs>
        </Polygon>
      </Placemark>
      <Placemark xmlns="http://www.opengis.net/kml/2.2">
        <styleUrl>#Parti singole_style_map</styleUrl>
        <name>F00699</name>
        <Polygon>
          <outerBoundaryIs>
            <LinearRing>
              <coordinates>8.58422152882567,39.5572839369399 8.58424840426138,39.5574107896894 8.58471368056319,39.5574185185257 8.58529850652812,39.5573255952645 8.58580800460787,39.5572548179522 8.58603717345629,39.5572332716564 8.58637013998997,39.5572404500233 8.58687373596922,39.557324362424 8.58689217031182,39.5572426057108 8.58746854954934,39.5573014195355 8.58745306249777,39.5573828894725 8.58762987600809,39.5573964202294 8.58784642415706,39.5572849570736 8.58797975546584,39.557279933975 8.58804029581295,39.5572876993809 8.58807184892088,39.5572803418011 8.58830190390503,39.5573076208576 8.58864395881801,39.5573842310747 8.58871916899695,39.5572733016913 8.58854545052524,39.5571694465483 8.5883281860386,39.5569556465759 8.58818843175524,39.5568463249316 8.58801927657987,39.5567780937872 8.58785708345294,39.5567548844198 8.587658359059,39.5567502414297 8.58739995787091,39.5567395203814 8.58697104822319,39.5567770100686 8.58658054985426,39.5568164730288 8.58640090259853,39.5568550189801 8.58636992268771,39.5567855385282 8.5858814574259,39.556794501753 8.58497599541705,39.5568710370444 8.58437679340598,39.5569451568614 8.58422170583744,39.556940700214 8.58422152882567,39.5572839369399</coordinates>
            </LinearRing>
          </outerBoundaryIs>
          <innerBoundaryIs>
            <LinearRing>
              <coordinates>8.58744695332081,39.5570468836581 8.58748083797508,39.5570526624916 8.58747333884991,39.5570826130331 8.58743949915829,39.557071211946 8.58744695332081,39.5570468836581</coordinates>
            </LinearRing>
          </innerBoundaryIs>
          <innerBoundaryIs>
            <LinearRing>
              <coordinates>8.58685503209141,39.5567987175756 8.58702451132027,39.5568219722744 8.5870368415999,39.5567939130793 8.58734914498634,39.5568384258118 8.58731676112361,39.5569544711853 8.58683746609138,39.5568773508137 8.58685503209141,39.5567987175756</coordinates>
            </LinearRing>
          </innerBoundaryIs>
        </Polygon>
      </Placemark>
      <Placemark xmlns="http://www.opengis.net/kml/2.2">
        <styleUrl>#Parti singole_style_map</styleUrl>
        <name>F00692</name>
        <Polygon>
          <outerBoundaryIs>
            <LinearRing>
              <coordinates>8.580163423692,39.5535003916124 8.58044190407214,39.553547332498 8.58103609160832,39.553493821298 8.58126300112289,39.5534706724028 8.58137012201851,39.5534855471537 8.58137273473778,39.5534594808266 8.58166912715943,39.5534292472364 8.58177000743824,39.5533882804606 8.58257638071446,39.5531558333942 8.58307037535705,39.5532105524787 8.58274724395512,39.5529853692845 8.58252420799272,39.5529937311195 8.58226264036078,39.5529700485219 8.58187551029046,39.5529130798368 8.58024143349765,39.5531121053617 8.580163423692,39.5535003916124</coordinates>
            </LinearRing>
          </outerBoundaryIs>
        </Polygon>
      </Placemark>
      <Placemark xmlns="http://www.opengis.net/kml/2.2">
        <styleUrl>#Parti singole_style_map</styleUrl>
        <name>F02096</name>
        <Polygon>
          <outerBoundaryIs>
            <LinearRing>
              <coordinates>8.58263826907642,39.5528760343774 8.58272585433387,39.5528314509105 8.58270417861532,39.5528126046072 8.58258684212134,39.5528263470554 8.58263826907642,39.5528760343774</coordinates>
            </LinearRing>
          </outerBoundaryIs>
        </Polygon>
      </Placemark>
      <Placemark xmlns="http://www.opengis.net/kml/2.2">
        <styleUrl>#Parti singole_style_map</styleUrl>
        <name>F02095</name>
        <Polygon>
          <outerBoundaryIs>
            <LinearRing>
              <coordinates>8.58279351032475,39.5525252273463 8.58293954905967,39.5524434340145 8.58290821225237,39.5524208047733 8.58301529980085,39.5523594509151 8.58294318058295,39.5522841633168 8.58283610391745,39.5523417688718 8.58286250818318,39.5523756252444 8.58272859684797,39.5524555969306 8.58279351032475,39.5525252273463</coordinates>
            </LinearRing>
          </outerBoundaryIs>
        </Polygon>
      </Placemark>
      <Placemark xmlns="http://www.opengis.net/kml/2.2">
        <styleUrl>#Parti singole_style_map</styleUrl>
        <name>F02094</name>
        <Polygon>
          <outerBoundaryIs>
            <LinearRing>
              <coordinates>8.58247637416821,39.552940731874 8.58262418964368,39.5529432725423 8.58271391291034,39.5529361885432 8.58284777944473,39.5528599649976 8.58295549033561,39.5527180254955 8.58301722536917,39.5525683882126 8.5830519515665,39.5524663092931 8.58317769391859,39.5521838919548 8.58317471841982,39.5521695999791 8.58253514918385,39.5520817769197 8.58221346706776,39.5522231716889 8.58239109464801,39.5523973846556 8.58247246234617,39.5523569778061 8.58245327594584,39.5523306528622 8.58255061236448,39.5522786260509 8.58264196337809,39.5523764906946 8.58255190118593,39.5524285527415 8.582527804736,39.5524096977022 8.58244898505346,39.5524541413473 8.58273185409119,39.552731530445 8.58276311974275,39.5527116850172 8.58274383119939,39.5526984787232 8.58285329529587,39.5526446301106 8.58292056218655,39.5527236395988 8.58283781896601,39.5527682496186 8.58282578190382,39.5527569435263 8.58278201539875,39.552780717591 8.58280275109415,39.5528010471989 8.58270417861532,39.5528126046072 8.58272585433387,39.5528314509105 8.58263826907642,39.5528760343774 8.58258684212134,39.5528263470554 8.58204836769073,39.5528894464372 8.58247637416821,39.552940731874</coordinates>
            </LinearRing>
          </outerBoundaryIs>
          <innerBoundaryIs>
            <LinearRing>
              <coordinates>8.58272859684797,39.5524555969306 8.58286250818318,39.5523756252444 8.58283610391745,39.5523417688718 8.58294318058295,39.5522841633168 8.58301529980085,39.5523594509151 8.58290821225237,39.5524208047733 8.58293954905967,39.5524434340145 8.58279351032475,39.5525252273463 8.58272859684797,39.5524555969306</coordinates>
            </LinearRing>
          </innerBoundaryIs>
        </Polygon>
      </Placemark>
      <Placemark xmlns="http://www.opengis.net/kml/2.2">
        <styleUrl>#Parti singole_style_map</styleUrl>
        <name>F00662</name>
        <Polygon>
          <outerBoundaryIs>
            <LinearRing>
              <coordinates>8.59562839126203,39.5544300830657 8.59605451676063,39.5569280259929 8.59609789181035,39.556921229953 8.59628614527237,39.5568469551594 8.59653853263729,39.556803096353 8.59677924341923,39.5566992240486 8.59681341743857,39.5566491464608 8.59658175078383,39.5561829249707 8.59649170967974,39.5558991037231 8.59653579538904,39.5555006421971 8.59643132769865,39.5552078325472 8.59641112097534,39.5549871276093 8.59632921584263,39.5545913456893 8.59567105603344,39.5544270780342 8.59562839126203,39.5544300830657</coordinates>
            </LinearRing>
          </outerBoundaryIs>
        </Polygon>
      </Placemark>
      <Placemark xmlns="http://www.opengis.net/kml/2.2">
        <styleUrl>#Parti singole_style_map</styleUrl>
        <name>F00658</name>
        <Polygon>
          <outerBoundaryIs>
            <LinearRing>
              <coordinates>8.57807664991502,39.5559049566277 8.57818478533791,39.5560279442997 8.57822850404234,39.556000519265 8.57813022017969,39.5558852296002 8.57807664991502,39.5559049566277</coordinates>
            </LinearRing>
          </outerBoundaryIs>
        </Polygon>
      </Placemark>
      <Placemark xmlns="http://www.opengis.net/kml/2.2">
        <styleUrl>#Parti singole_style_map</styleUrl>
        <name>F00700</name>
        <Polygon>
          <outerBoundaryIs>
            <LinearRing>
              <coordinates>8.58104609781918,39.5567324959514 8.58112122246747,39.5567496237556 8.58112950078247,39.5566898886456 8.58106620786368,39.5566804657088 8.58104609781918,39.5567324959514</coordinates>
            </LinearRing>
          </outerBoundaryIs>
        </Polygon>
      </Placemark>
      <Placemark xmlns="http://www.opengis.net/kml/2.2">
        <styleUrl>#Parti singole_style_map</styleUrl>
        <name>F00665</name>
        <Polygon>
          <outerBoundaryIs>
            <LinearRing>
              <coordinates>8.57508812930997,39.557209247714 8.57536717453879,39.5571693077585 8.57557069505653,39.5571777465791 8.57570525507386,39.5573282863704 8.57570478482609,39.5573901311541 8.57591302210129,39.5574154538382 8.57597841468115,39.5574213781197 8.57600988893522,39.5574252683477 8.57603097750181,39.5572061074214 8.57638869977671,39.5570184855557 8.57609628724536,39.5566868045591 8.57597290879429,39.5568579367171 8.57587996732437,39.5569662071185 8.57574379036296,39.5570255468881 8.57540129288713,39.5571232819055 8.57519674598824,39.5571399957117 8.57503190555198,39.557144861805 8.57508812930997,39.557209247714</coordinates>
            </LinearRing>
          </outerBoundaryIs>
        </Polygon>
      </Placemark>
      <Placemark xmlns="http://www.opengis.net/kml/2.2">
        <styleUrl>#Parti singole_style_map</styleUrl>
        <name>F00670</name>
        <Polygon>
          <outerBoundaryIs>
            <LinearRing>
              <coordinates>8.57508812930997,39.557209247714 8.57536717453879,39.5571693077585 8.57557069505653,39.5571777465791 8.57570525507386,39.5573282863704 8.57570478482609,39.5573901311541 8.57591302210129,39.5574154538382 8.57597841468115,39.5574213781197 8.57600988893522,39.5574252683477 8.57603097750181,39.5572061074214 8.57638869977671,39.5570184855557 8.57609628724536,39.5566868045591 8.57597290879429,39.5568579367171 8.57587996732437,39.5569662071185 8.57574379036296,39.5570255468881 8.57540129288713,39.5571232819055 8.57519674598824,39.5571399957117 8.57503190555198,39.557144861805 8.57508812930997,39.557209247714</coordinates>
            </LinearRing>
          </outerBoundaryIs>
        </Polygon>
      </Placemark>
      <Placemark xmlns="http://www.opengis.net/kml/2.2">
        <styleUrl>#Parti singole_style_map</styleUrl>
        <name>F00666</name>
        <Polygon>
          <outerBoundaryIs>
            <LinearRing>
              <coordinates>8.57508812930997,39.557209247714 8.57536717453879,39.5571693077585 8.57557069505653,39.5571777465791 8.57570525507386,39.5573282863704 8.57570478482609,39.5573901311541 8.57591302210129,39.5574154538382 8.57597841468115,39.5574213781197 8.57600988893522,39.5574252683477 8.57603097750181,39.5572061074214 8.57638869977671,39.5570184855557 8.57609628724536,39.5566868045591 8.57597290879429,39.5568579367171 8.57587996732437,39.5569662071185 8.57574379036296,39.5570255468881 8.57540129288713,39.5571232819055 8.57519674598824,39.5571399957117 8.57503190555198,39.557144861805 8.57508812930997,39.557209247714</coordinates>
            </LinearRing>
          </outerBoundaryIs>
        </Polygon>
      </Placemark>
      <Placemark xmlns="http://www.opengis.net/kml/2.2">
        <styleUrl>#Parti singole_style_map</styleUrl>
        <name>F00667</name>
        <Polygon>
          <outerBoundaryIs>
            <LinearRing>
              <coordinates>8.57508812930997,39.557209247714 8.57536717453879,39.5571693077585 8.57557069505653,39.5571777465791 8.57570525507386,39.5573282863704 8.57570478482609,39.5573901311541 8.57591302210129,39.5574154538382 8.57597841468115,39.5574213781197 8.57600988893522,39.5574252683477 8.57603097750181,39.5572061074214 8.57638869977671,39.5570184855557 8.57609628724536,39.5566868045591 8.57597290879429,39.5568579367171 8.57587996732437,39.5569662071185 8.57574379036296,39.5570255468881 8.57540129288713,39.5571232819055 8.57519674598824,39.5571399957117 8.57503190555198,39.557144861805 8.57508812930997,39.557209247714</coordinates>
            </LinearRing>
          </outerBoundaryIs>
        </Polygon>
      </Placemark>
      <Placemark xmlns="http://www.opengis.net/kml/2.2">
        <styleUrl>#Parti singole_style_map</styleUrl>
        <name>F00668</name>
        <Polygon>
          <outerBoundaryIs>
            <LinearRing>
              <coordinates>8.57508812930997,39.557209247714 8.57536717453879,39.5571693077585 8.57557069505653,39.5571777465791 8.57570525507386,39.5573282863704 8.57570478482609,39.5573901311541 8.57591302210129,39.5574154538382 8.57597841468115,39.5574213781197 8.57600988893522,39.5574252683477 8.57603097750181,39.5572061074214 8.57638869977671,39.5570184855557 8.57609628724536,39.5566868045591 8.57597290879429,39.5568579367171 8.57587996732437,39.5569662071185 8.57574379036296,39.5570255468881 8.57540129288713,39.5571232819055 8.57519674598824,39.5571399957117 8.57503190555198,39.557144861805 8.57508812930997,39.557209247714</coordinates>
            </LinearRing>
          </outerBoundaryIs>
        </Polygon>
      </Placemark>
      <Placemark xmlns="http://www.opengis.net/kml/2.2">
        <styleUrl>#Parti singole_style_map</styleUrl>
        <name>F00669</name>
        <Polygon>
          <outerBoundaryIs>
            <LinearRing>
              <coordinates>8.57508812930997,39.557209247714 8.57536717453879,39.5571693077585 8.57557069505653,39.5571777465791 8.57570525507386,39.5573282863704 8.57570478482609,39.5573901311541 8.57591302210129,39.5574154538382 8.57597841468115,39.5574213781197 8.57600988893522,39.5574252683477 8.57603097750181,39.5572061074214 8.57638869977671,39.5570184855557 8.57609628724536,39.5566868045591 8.57597290879429,39.5568579367171 8.57587996732437,39.5569662071185 8.57574379036296,39.5570255468881 8.57540129288713,39.5571232819055 8.57519674598824,39.5571399957117 8.57503190555198,39.557144861805 8.57508812930997,39.557209247714</coordinates>
            </LinearRing>
          </outerBoundaryIs>
        </Polygon>
      </Placemark>
      <Placemark xmlns="http://www.opengis.net/kml/2.2">
        <styleUrl>#Parti singole_style_map</styleUrl>
        <name>F00620</name>
        <Polygon>
          <outerBoundaryIs>
            <LinearRing>
              <coordinates>8.57066184533801,39.5563408926038 8.5706539956774,39.5564311666462 8.57071005206313,39.5564357635126 8.57071697947361,39.5563445863687 8.57066184533801,39.5563408926038</coordinates>
            </LinearRing>
          </outerBoundaryIs>
        </Polygon>
      </Placemark>
      <Placemark xmlns="http://www.opengis.net/kml/2.2">
        <styleUrl>#Parti singole_style_map</styleUrl>
        <name>F02109</name>
        <Polygon>
          <outerBoundaryIs>
            <LinearRing>
              <coordinates>8.58346743816033,39.5592074592848 8.58395697382633,39.5592345511549 8.58416060324119,39.5592298563786 8.58421007900857,39.5591979750067 8.58413854258074,39.5589069483928 8.58374267480556,39.5588882663051 8.58351495505271,39.5588689426699 8.58346743816033,39.5592074592848</coordinates>
            </LinearRing>
          </outerBoundaryIs>
        </Polygon>
      </Placemark>
      <Placemark xmlns="http://www.opengis.net/kml/2.2">
        <styleUrl>#Parti singole_style_map</styleUrl>
        <name>F02093</name>
        <Polygon>
          <outerBoundaryIs>
            <LinearRing>
              <coordinates>8.58469724786026,39.5581259013093 8.58571906786002,39.5579460841984 8.58623649728919,39.5577891320382 8.58650626948538,39.5576910250405 8.58676430586894,39.5575422739545 8.58685567952547,39.5573816756051 8.58642498404148,39.5572841559821 8.5860845662893,39.5572791677392 8.58540265996739,39.5573922737847 8.58481295929003,39.5574964159493 8.58450202382122,39.5579399246983 8.58469724786026,39.5581259013093</coordinates>
            </LinearRing>
          </outerBoundaryIs>
        </Polygon>
      </Placemark>
      <Placemark xmlns="http://www.opengis.net/kml/2.2">
        <styleUrl>#Parti singole_style_map</styleUrl>
        <name>F02080</name>
        <Polygon>
          <outerBoundaryIs>
            <LinearRing>
              <coordinates>8.5807569226024,39.5583367554035 8.58077842791264,39.5583860111029 8.58092167362343,39.5583529378755 8.58090264612379,39.5582961945995 8.58089093786184,39.5582417933769 8.5810123479506,39.5582142366022 8.58109458750996,39.5582352208938 8.58112404994734,39.5581847615344 8.58112936918243,39.5581229432306 8.5809719833502,39.5581034808617 8.58096183311293,39.5581633985783 8.58090370258679,39.5581575213304 8.58070219062805,39.558203440042 8.5807569226024,39.5583367554035</coordinates>
            </LinearRing>
          </outerBoundaryIs>
        </Polygon>
      </Placemark>
      <Placemark xmlns="http://www.opengis.net/kml/2.2">
        <styleUrl>#Parti singole_style_map</styleUrl>
        <name>F02081</name>
        <Polygon>
          <outerBoundaryIs>
            <LinearRing>
              <coordinates>8.58147078973365,39.5584843148393 8.58173994749641,39.5584686787182 8.5817379345841,39.5584143215135 8.58146640137966,39.5584243266596 8.58147078973365,39.5584843148393</coordinates>
            </LinearRing>
          </outerBoundaryIs>
        </Polygon>
      </Placemark>
      <Placemark xmlns="http://www.opengis.net/kml/2.2">
        <styleUrl>#Parti singole_style_map</styleUrl>
        <name>F02082</name>
        <Polygon>
          <outerBoundaryIs>
            <LinearRing>
              <coordinates>8.58127857554265,39.5585808877588 8.58146283398951,39.558574235697 8.5814583889022,39.5585217438587 8.58126925421947,39.5585321175924 8.58127857554265,39.5585808877588</coordinates>
            </LinearRing>
          </outerBoundaryIs>
        </Polygon>
      </Placemark>
      <Placemark xmlns="http://www.opengis.net/kml/2.2">
        <styleUrl>#Parti singole_style_map</styleUrl>
        <name>F02085</name>
        <Polygon>
          <outerBoundaryIs>
            <LinearRing>
              <coordinates>8.58181430303084,39.5590209877717 8.58205231587014,39.5589564841926 8.58202127145782,39.5588963730612 8.58182943122425,39.5589442206895 8.58184611888963,39.558981772518 8.58179996891607,39.5589946892322 8.58181430303084,39.5590209877717</coordinates>
            </LinearRing>
          </outerBoundaryIs>
        </Polygon>
      </Placemark>
      <Placemark xmlns="http://www.opengis.net/kml/2.2">
        <styleUrl>#Parti singole_style_map</styleUrl>
        <name>F02091</name>
        <Polygon>
          <outerBoundaryIs>
            <LinearRing>
              <coordinates>8.58743949915829,39.557071211946 8.58747333884991,39.5570826130331 8.58748083797508,39.5570526624916 8.58744695332081,39.5570468836581 8.58743949915829,39.557071211946</coordinates>
            </LinearRing>
          </outerBoundaryIs>
        </Polygon>
      </Placemark>
      <Placemark xmlns="http://www.opengis.net/kml/2.2">
        <styleUrl>#Parti singole_style_map</styleUrl>
        <name>F02076</name>
        <Polygon>
          <outerBoundaryIs>
            <LinearRing>
              <coordinates>8.58172755037747,39.556566914175 8.58178922773482,39.5565785878848 8.58181635501581,39.5564891808103 8.58175828293824,39.5564776727797 8.58172755037747,39.556566914175</coordinates>
            </LinearRing>
          </outerBoundaryIs>
        </Polygon>
      </Placemark>
      <Placemark xmlns="http://www.opengis.net/kml/2.2">
        <styleUrl>#Parti singole_style_map</styleUrl>
        <name>F02077</name>
        <Polygon>
          <outerBoundaryIs>
            <LinearRing>
              <coordinates>8.58172755037747,39.556566914175 8.58178922773482,39.5565785878848 8.58181635501581,39.5564891808103 8.58175828293824,39.5564776727797 8.58172755037747,39.556566914175</coordinates>
            </LinearRing>
          </outerBoundaryIs>
        </Polygon>
      </Placemark>
      <Placemark xmlns="http://www.opengis.net/kml/2.2">
        <styleUrl>#Parti singole_style_map</styleUrl>
        <name>F02078</name>
        <Polygon>
          <outerBoundaryIs>
            <LinearRing>
              <coordinates>8.58172755037747,39.556566914175 8.58178922773482,39.5565785878848 8.58181635501581,39.5564891808103 8.58175828293824,39.5564776727797 8.58172755037747,39.556566914175</coordinates>
            </LinearRing>
          </outerBoundaryIs>
        </Polygon>
      </Placemark>
      <Placemark xmlns="http://www.opengis.net/kml/2.2">
        <styleUrl>#Parti singole_style_map</styleUrl>
        <name>F02103</name>
        <Polygon>
          <outerBoundaryIs>
            <LinearRing>
              <coordinates>8.58478217438702,39.5539360575745 8.5850327569697,39.5538097642131 8.58496067878267,39.5537269814738 8.58471493822404,39.5538533010086 8.58478217438702,39.5539360575745</coordinates>
            </LinearRing>
          </outerBoundaryIs>
        </Polygon>
      </Placemark>
      <Placemark xmlns="http://www.opengis.net/kml/2.2">
        <styleUrl>#Parti singole_style_map</styleUrl>
        <name>F02101</name>
        <Polygon>
          <outerBoundaryIs>
            <LinearRing>
              <coordinates>8.58418515706818,39.5536604503315 8.58441636070594,39.5535340618686 8.58434185095831,39.5534512700412 8.58410585086913,39.5535720097552 8.58418515706818,39.5536604503315</coordinates>
            </LinearRing>
          </outerBoundaryIs>
        </Polygon>
      </Placemark>
      <Placemark xmlns="http://www.opengis.net/kml/2.2">
        <styleUrl>#Parti singole_style_map</styleUrl>
        <name>F02100</name>
        <Polygon>
          <outerBoundaryIs>
            <LinearRing>
              <coordinates>8.58360724971881,39.5533723301926 8.58384082861947,39.5532497086721 8.58376153496191,39.5531612679012 8.58353034308383,39.5532876461015 8.58360724971881,39.5533723301926</coordinates>
            </LinearRing>
          </outerBoundaryIs>
        </Polygon>
      </Placemark>
      <Placemark xmlns="http://www.opengis.net/kml/2.2">
        <styleUrl>#Parti singole_style_map</styleUrl>
        <name>F02099</name>
        <Polygon>
          <outerBoundaryIs>
            <LinearRing>
              <coordinates>8.58301540714734,39.5531185223411 8.5832805270726,39.5529922939513 8.58321095213606,39.5529001484123 8.58294094490135,39.5530300983591 8.58301540714734,39.5531185223411</coordinates>
            </LinearRing>
          </outerBoundaryIs>
        </Polygon>
      </Placemark>
      <Placemark xmlns="http://www.opengis.net/kml/2.2">
        <styleUrl>#Parti singole_style_map</styleUrl>
        <name>F02086</name>
        <Polygon>
          <outerBoundaryIs>
            <LinearRing>
              <coordinates>8.58187576276363,39.5589088330033 8.58195345587565,39.5588904344448 8.58192014881562,39.5588078345155 8.58183756783618,39.5588299457023 8.58187576276363,39.5589088330033</coordinates>
            </LinearRing>
          </outerBoundaryIs>
        </Polygon>
      </Placemark>
      <Placemark xmlns="http://www.opengis.net/kml/2.2">
        <styleUrl>#Parti singole_style_map</styleUrl>
        <name>F02061</name>
        <Polygon>
          <outerBoundaryIs>
            <LinearRing>
              <coordinates>8.57671116253985,39.5546266137976 8.57688393002172,39.5548522930841 8.577052576774,39.5550054333939 8.57712180248739,39.555142551587 8.57717868722606,39.5553089262153 8.57740774277956,39.5552076645869 8.57748819705092,39.5551461828995 8.57734049537152,39.5550685985353 8.57738000647298,39.555023510757 8.57751823859581,39.5551021598732 8.57755245303022,39.5550648286334 8.57740448278288,39.5549912349246 8.57769524733946,39.5546852315244 8.57782799179086,39.5547570485507 8.57785244189031,39.5547290433974 8.57803610319023,39.5544142251134 8.57726073069706,39.5543900416633 8.57690740236316,39.5543247098243 8.57689585818184,39.5542496842439 8.57687222036272,39.554170866321 8.5768311665443,39.5541519393079 8.57675103346122,39.5541721906979 8.57663247165189,39.5544594656335 8.57671116253985,39.5546266137976</coordinates>
            </LinearRing>
          </outerBoundaryIs>
        </Polygon>
      </Placemark>
      <Placemark xmlns="http://www.opengis.net/kml/2.2">
        <styleUrl>#Parti singole_style_map</styleUrl>
        <name>F02098</name>
        <Polygon>
          <outerBoundaryIs>
            <LinearRing>
              <coordinates>8.57198599614128,39.5561043415012 8.57224233717076,39.5561767465192 8.5726830356242,39.5562293852159 8.57283223087349,39.5562243928171 8.5733197824258,39.5561723128605 8.57349689861786,39.5561468967953 8.57371784694728,39.5560973226468 8.57391228990601,39.5560251341532 8.57402769817969,39.5560195026551 8.57410035247208,39.5560273377768 8.57418016630114,39.5560483180645 8.57425509208363,39.5560749027867 8.57447030067464,39.5561396194951 8.57466644015561,39.5561630079212 8.57473191175577,39.5561576973822 8.57484865071655,39.5561057571394 8.57506566292841,39.5559362302683 8.57552232517817,39.5555625504671 8.57573501937215,39.5553217893318 8.57597579186299,39.5549923520868 8.57499870165951,39.5550420308804 8.57500415629082,39.555109447698 8.57496967634096,39.5551804936602 8.5749422381093,39.5552115597686 8.57475973102323,39.5553063013754 8.57465257430903,39.55537513486 8.57451510932325,39.5554969817723 8.57439581233615,39.5555676356603 8.57430591221461,39.5555953280851 8.57379638045592,39.5556698031435 8.57371118400996,39.5557181368865 8.57361117326795,39.5558001326139 8.57339070453499,39.5559197091368 8.57322313469852,39.5559639105049 8.57288331371694,39.5560297966452 8.57253114466388,39.5561256045019 8.57234433248265,39.556150974377 8.57223530491018,39.5561448512814 8.57202000609012,39.5560932490621 8.57198599614128,39.5561043415012</coordinates>
            </LinearRing>
          </outerBoundaryIs>
        </Polygon>
      </Placemark>
      <Placemark xmlns="http://www.opengis.net/kml/2.2">
        <styleUrl>#Parti singole_style_map</styleUrl>
        <name>F02097</name>
        <Polygon>
          <outerBoundaryIs>
            <LinearRing>
              <coordinates>8.58210068801647,39.5592809469138 8.58250459061911,39.5594138776636 8.58266245559571,39.5593714931896 8.58299164375017,39.5592396932681 8.58297936728021,39.5591846324713 8.58336260623974,39.5591470297427 8.58337002914153,39.5592020640752 8.58346743816033,39.5592074592848 8.58351495505271,39.5588689426699 8.58322917988429,39.5588446978616 8.58275219560551,39.5587166519065 8.58235629761019,39.5588254152668 8.58217261394319,39.5590657701912 8.58210068801647,39.5592809469138</coordinates>
            </LinearRing>
          </outerBoundaryIs>
          <innerBoundaryIs>
            <LinearRing>
              <coordinates>8.58295402439913,39.5590121119139 8.58333725088917,39.5589744912009 8.58334657371865,39.5590232612056 8.58296331285763,39.5590646300977 8.58295402439913,39.5590121119139</coordinates>
            </LinearRing>
          </innerBoundaryIs>
          <innerBoundaryIs>
            <LinearRing>
              <coordinates>8.58234623523275,39.5592082795164 8.58269929964264,39.5593148338728 8.5826617818739,39.5593712565012 8.58231678443556,39.5592568740936 8.58234623523275,39.5592082795164</coordinates>
            </LinearRing>
          </innerBoundaryIs>
          <innerBoundaryIs>
            <LinearRing>
              <coordinates>8.58243257453613,39.5590584609076 8.58278317142781,39.5591687544099 8.58275123162834,39.5592248276893 8.58239820173031,39.5591145253415 8.58243257453613,39.5590584609076</coordinates>
            </LinearRing>
          </innerBoundaryIs>
          <innerBoundaryIs>
            <LinearRing>
              <coordinates>8.58250626305921,39.5589276084168 8.58286661252173,39.5590323233344 8.58282980770479,39.5590902532965 8.58247190235737,39.558985556064 8.58250626305921,39.5589276084168</coordinates>
            </LinearRing>
          </innerBoundaryIs>
        </Polygon>
      </Placemark>
      <Placemark xmlns="http://www.opengis.net/kml/2.2">
        <styleUrl>#Parti singole_style_map</styleUrl>
        <name>F02102</name>
        <Polygon>
          <outerBoundaryIs>
            <LinearRing>
              <coordinates>8.59088620211868,39.5575210356289 8.59097590846751,39.5575176934801 8.59112944517251,39.5574040650192 8.59103072314528,39.557317407942 8.59096500606762,39.5573545961389 8.59086316085972,39.5573616437841 8.59088620211868,39.5575210356289</coordinates>
            </LinearRing>
          </outerBoundaryIs>
        </Polygon>
      </Placemark>
      <Placemark xmlns="http://www.opengis.net/kml/2.2">
        <styleUrl>#Parti singole_style_map</styleUrl>
        <name>F02107</name>
        <Polygon>
          <outerBoundaryIs>
            <LinearRing>
              <coordinates>8.58320797301153,39.5569129185157 8.58329509759598,39.5569266114551 8.5832991565753,39.556892188755 8.58321679988662,39.5568792517742 8.58320797301153,39.5569129185157</coordinates>
            </LinearRing>
          </outerBoundaryIs>
        </Polygon>
      </Placemark>
      <Placemark xmlns="http://www.opengis.net/kml/2.2">
        <styleUrl>#Parti singole_style_map</styleUrl>
        <name>F02106</name>
        <Polygon>
          <outerBoundaryIs>
            <LinearRing>
              <coordinates>8.58292454379905,39.5572889988156 8.58312097212345,39.5573273671105 8.58311795335913,39.5573494044109 8.58322369745257,39.5573794908623 8.58356770496282,39.5574440402425 8.58357349926705,39.5574308339413 8.58371844696914,39.5574629346633 8.58372369694815,39.5574375895657 8.58357955510007,39.5574011577988 8.58359094334629,39.5573868272524 8.58323228197138,39.5573124492014 8.58313485746434,39.5570011729866 8.58304549512278,39.5570209720886 8.58312126647965,39.557289894442 8.58293058133444,39.5572449422451 8.58292454379905,39.5572889988156</coordinates>
            </LinearRing>
          </outerBoundaryIs>
        </Polygon>
      </Placemark>
      <Placemark xmlns="http://www.opengis.net/kml/2.2">
        <styleUrl>#Parti singole_style_map</styleUrl>
        <name>F02062</name>
        <Polygon>
          <outerBoundaryIs>
            <LinearRing>
              <coordinates>8.57891331199333,39.5549652161145 8.578952196844,39.554952274192 8.5789186329186,39.5549033978868 8.57887973704503,39.554920088033 8.57891331199333,39.5549652161145</coordinates>
            </LinearRing>
          </outerBoundaryIs>
        </Polygon>
      </Placemark>
      <Placemark xmlns="http://www.opengis.net/kml/2.2">
        <styleUrl>#Parti singole_style_map</styleUrl>
        <name>F02063</name>
        <Polygon>
          <outerBoundaryIs>
            <LinearRing>
              <coordinates>8.57826873899839,39.5551542462148 8.57869179231182,39.5552929903407 8.57881728402572,39.5550480687429 8.57838489892602,39.5549109220491 8.57828878724577,39.5550920039593 8.57826873899839,39.5551542462148</coordinates>
            </LinearRing>
          </outerBoundaryIs>
        </Polygon>
      </Placemark>
      <Placemark xmlns="http://www.opengis.net/kml/2.2">
        <styleUrl>#Parti singole_style_map</styleUrl>
        <name>F02104</name>
        <Polygon>
          <outerBoundaryIs>
            <LinearRing>
              <coordinates>8.57857176757894,39.5559880939495 8.57864068358909,39.5559463471492 8.57859607921774,39.5559022511939 8.5785260435025,39.555953986298 8.57857176757894,39.5559880939495</coordinates>
            </LinearRing>
          </outerBoundaryIs>
        </Polygon>
      </Placemark>
      <Placemark xmlns="http://www.opengis.net/kml/2.2">
        <styleUrl>#Parti singole_style_map</styleUrl>
        <name>F02064</name>
        <Polygon>
          <outerBoundaryIs>
            <LinearRing>
              <coordinates>8.57886930395334,39.5553323243592 8.57901821876736,39.5551924481872 8.57892902782734,39.555128332059 8.57877283843909,39.5552681637099 8.57886930395334,39.5553323243592</coordinates>
            </LinearRing>
          </outerBoundaryIs>
        </Polygon>
      </Placemark>
      <Placemark xmlns="http://www.opengis.net/kml/2.2">
        <styleUrl>#Parti singole_style_map</styleUrl>
        <name>F02065</name>
        <Polygon>
          <outerBoundaryIs>
            <LinearRing>
              <coordinates>8.57886930395334,39.5553323243592 8.57901821876736,39.5551924481872 8.57892902782734,39.555128332059 8.57877283843909,39.5552681637099 8.57886930395334,39.5553323243592</coordinates>
            </LinearRing>
          </outerBoundaryIs>
        </Polygon>
      </Placemark>
      <Placemark xmlns="http://www.opengis.net/kml/2.2">
        <styleUrl>#Parti singole_style_map</styleUrl>
        <name>F02066</name>
        <Polygon>
          <outerBoundaryIs>
            <LinearRing>
              <coordinates>8.57875445089275,39.5554118469375 8.57901742131959,39.5555685972491 8.579078460624,39.5555107833399 8.57881304628819,39.555355898438 8.57875445089275,39.5554118469375</coordinates>
            </LinearRing>
          </outerBoundaryIs>
        </Polygon>
      </Placemark>
      <Placemark xmlns="http://www.opengis.net/kml/2.2">
        <styleUrl>#Parti singole_style_map</styleUrl>
        <name>F02067</name>
        <Polygon>
          <outerBoundaryIs>
            <LinearRing>
              <coordinates>8.57875445089275,39.5554118469375 8.57901742131959,39.5555685972491 8.579078460624,39.5555107833399 8.57881304628819,39.555355898438 8.57875445089275,39.5554118469375</coordinates>
            </LinearRing>
          </outerBoundaryIs>
        </Polygon>
      </Placemark>
      <Placemark xmlns="http://www.opengis.net/kml/2.2">
        <styleUrl>#Parti singole_style_map</styleUrl>
        <name>F02068</name>
        <Polygon>
          <outerBoundaryIs>
            <LinearRing>
              <coordinates>8.57875445089275,39.5554118469375 8.57901742131959,39.5555685972491 8.579078460624,39.5555107833399 8.57881304628819,39.555355898438 8.57875445089275,39.5554118469375</coordinates>
            </LinearRing>
          </outerBoundaryIs>
        </Polygon>
      </Placemark>
      <Placemark xmlns="http://www.opengis.net/kml/2.2">
        <styleUrl>#Parti singole_style_map</styleUrl>
        <name>F02069</name>
        <Polygon>
          <outerBoundaryIs>
            <LinearRing>
              <coordinates>8.57915185085266,39.5555162662903 8.57932745360765,39.5553709000739 8.57923340887021,39.5553086317236 8.57906268240767,39.5554502672014 8.57915185085266,39.5555162662903</coordinates>
            </LinearRing>
          </outerBoundaryIs>
        </Polygon>
      </Placemark>
      <Placemark xmlns="http://www.opengis.net/kml/2.2">
        <styleUrl>#Parti singole_style_map</styleUrl>
        <name>F02070</name>
        <Polygon>
          <outerBoundaryIs>
            <LinearRing>
              <coordinates>8.57934211672293,39.5553559781149 8.57932745360765,39.5553709000739 8.57941663378941,39.5554369080136 8.57946291837462,39.55540525135 8.57953279840054,39.5554580523227 8.57976213807849,39.5555771603886 8.57980369401839,39.5555286282528 8.57963713108264,39.5554416619303 8.5796493162698,39.5554342185012 8.57944427904281,39.5553077196998 8.5793575089265,39.5552454777951 8.57928185255134,39.5553126005729 8.57934211672293,39.5553559781149</coordinates>
            </LinearRing>
          </outerBoundaryIs>
        </Polygon>
      </Placemark>
      <Placemark xmlns="http://www.opengis.net/kml/2.2">
        <styleUrl>#Parti singole_style_map</styleUrl>
        <name>F02071</name>
        <Polygon>
          <outerBoundaryIs>
            <LinearRing>
              <coordinates>8.57934211672293,39.5553559781149 8.57932745360765,39.5553709000739 8.57941663378941,39.5554369080136 8.57946291837462,39.55540525135 8.57953279840054,39.5554580523227 8.57976213807849,39.5555771603886 8.57980369401839,39.5555286282528 8.57963713108264,39.5554416619303 8.5796493162698,39.5554342185012 8.57944427904281,39.5553077196998 8.5793575089265,39.5552454777951 8.57928185255134,39.5553126005729 8.57934211672293,39.5553559781149</coordinates>
            </LinearRing>
          </outerBoundaryIs>
        </Polygon>
      </Placemark>
      <Placemark xmlns="http://www.opengis.net/kml/2.2">
        <styleUrl>#Parti singole_style_map</styleUrl>
        <name>F02072</name>
        <Polygon>
          <outerBoundaryIs>
            <LinearRing>
              <coordinates>8.57934211672293,39.5553559781149 8.57932745360765,39.5553709000739 8.57941663378941,39.5554369080136 8.57946291837462,39.55540525135 8.57953279840054,39.5554580523227 8.57976213807849,39.5555771603886 8.57980369401839,39.5555286282528 8.57963713108264,39.5554416619303 8.5796493162698,39.5554342185012 8.57944427904281,39.5553077196998 8.5793575089265,39.5552454777951 8.57928185255134,39.5553126005729 8.57934211672293,39.5553559781149</coordinates>
            </LinearRing>
          </outerBoundaryIs>
        </Polygon>
      </Placemark>
      <Placemark xmlns="http://www.opengis.net/kml/2.2">
        <styleUrl>#Parti singole_style_map</styleUrl>
        <name>F02073</name>
        <Polygon>
          <outerBoundaryIs>
            <LinearRing>
              <coordinates>8.57934211672293,39.5553559781149 8.57932745360765,39.5553709000739 8.57941663378941,39.5554369080136 8.57946291837462,39.55540525135 8.57953279840054,39.5554580523227 8.57976213807849,39.5555771603886 8.57980369401839,39.5555286282528 8.57963713108264,39.5554416619303 8.5796493162698,39.5554342185012 8.57944427904281,39.5553077196998 8.5793575089265,39.5552454777951 8.57928185255134,39.5553126005729 8.57934211672293,39.5553559781149</coordinates>
            </LinearRing>
          </outerBoundaryIs>
        </Polygon>
      </Placemark>
      <Placemark xmlns="http://www.opengis.net/kml/2.2">
        <styleUrl>#Parti singole_style_map</styleUrl>
        <name>F00695</name>
        <Polygon>
          <outerBoundaryIs>
            <LinearRing>
              <coordinates>8.57664788791793,39.5560981484135 8.57667442792055,39.5561132562835 8.57670597045188,39.5561096590346 8.57707106304814,39.5559089339178 8.57717792087397,39.555879453995 8.57740602590531,39.5558430178439 8.57747876033121,39.5558396063238 8.57763159513366,39.5558196909801 8.57771765893718,39.5558370694429 8.57774282773027,39.5558556590594 8.57783068266178,39.5557773548405 8.57788466558595,39.5556913948424 8.57802491512783,39.555733270744 8.5781547384781,39.5558706715691 8.5783331927657,39.556115750424 8.5786781962732,39.5563215989803 8.57909139101894,39.5564846696467 8.57921754948571,39.5564683857774 8.57935510470386,39.5564229948209 8.57941433858217,39.5562845863167 8.57948964228296,39.5562605673383 8.57959254462285,39.5562017694617 8.57930786062445,39.5560318138302 8.57933091508598,39.5558707485955 8.57936086415057,39.555755237244 8.57960375598622,39.5556870080274 8.57995757185518,39.5556904959179 8.57993216945294,39.5555273450836 8.57970770593629,39.5554045067264 8.57948793741213,39.5553022914358 8.57950261368466,39.555289036405 8.57926105627871,39.5551829844971 8.57910929464653,39.5550623455815 8.5789691921824,39.554894318648 8.57887336619092,39.5547495724889 8.57889240094333,39.5548489257481 8.57878786325507,39.5548896875272 8.57870876796225,39.5547750061376 8.57861402863621,39.5548026753365 8.5787145596915,39.5549680542876 8.57866600222533,39.5549790778878 8.57853182793729,39.5547760670143 8.57884220036257,39.5547025880047 8.5787624666964,39.5546722315075 8.57863885772355,39.5546716659176 8.57845932611322,39.554697081067 8.57824781872862,39.5547823071543 8.57792863433572,39.5548615101117 8.57776330811003,39.5549300899832 8.57764866286187,39.5550251369333 8.57752131788334,39.5551969591702 8.57743477127266,39.5552688075575 8.57713578336864,39.5553836183405 8.57699227875499,39.5554504204506 8.57686565239132,39.5555285557381 8.57682178767277,39.5555602021625 8.57676305294905,39.5556330253887 8.5767089887034,39.5557302203798 8.57662893171246,39.556041837176 8.57664788791793,39.5560981484135</coordinates>
            </LinearRing>
          </outerBoundaryIs>
          <innerBoundaryIs>
            <LinearRing>
              <coordinates>8.57887973704503,39.554920088033 8.5789186329186,39.5549033978868 8.578952196844,39.554952274192 8.57891331199333,39.5549652161145 8.57887973704503,39.554920088033</coordinates>
            </LinearRing>
          </innerBoundaryIs>
          <innerBoundaryIs>
            <LinearRing>
              <coordinates>8.5785260435025,39.555953986298 8.57859607921774,39.5559022511939 8.57864068358909,39.5559463471492 8.57857176757894,39.5559880939495 8.5785260435025,39.555953986298</coordinates>
            </LinearRing>
          </innerBoundaryIs>
          <innerBoundaryIs>
            <LinearRing>
              <coordinates>8.57813300168346,39.5554722123298 8.57816214065706,39.5554887078756 8.57821031030635,39.5555282937919 8.57817908879098,39.5555385151679 8.57813839813067,39.5555670110136 8.5780672108534,39.5555168805068 8.57813300168346,39.5554722123298</coordinates>
            </LinearRing>
          </innerBoundaryIs>
          <innerBoundaryIs>
            <LinearRing>
              <coordinates>8.57787119889226,39.5551636681597 8.57795938379533,39.5550403857376 8.57802462581953,39.5550650406818 8.57793403136891,39.555186440258 8.57787119889226,39.5551636681597</coordinates>
            </LinearRing>
          </innerBoundaryIs>
          <innerBoundaryIs>
            <LinearRing>
              <coordinates>8.57775432658569,39.5552324601829 8.57779852231282,39.5551595835884 8.57792177756598,39.555203253944 8.5778825386574,39.5552649127907 8.57782210411764,39.5552440235199 8.5777951871789,39.555277624086 8.57786529426945,39.5553004406908 8.57783827440625,39.5553471688629 8.57771023381475,39.5552941103315 8.57775432658569,39.5552324601829</coordinates>
            </LinearRing>
          </innerBoundaryIs>
          <innerBoundaryIs>
            <LinearRing>
              <coordinates>8.57877283843909,39.5552681637099 8.57892902782734,39.555128332059 8.57901821876736,39.5551924481872 8.57886930395334,39.5553323243592 8.57877283843909,39.5552681637099</coordinates>
            </LinearRing>
          </innerBoundaryIs>
          <innerBoundaryIs>
            <LinearRing>
              <coordinates>8.57883840058062,39.5555265549015 8.57905788401186,39.5556662351046 8.57899194552282,39.5557315277874 8.57876525611156,39.5555843067528 8.57883840058062,39.5555265549015</coordinates>
            </LinearRing>
          </innerBoundaryIs>
          <innerBoundaryIs>
            <LinearRing>
              <coordinates>8.57906268240767,39.5554502672014 8.57923340887021,39.5553086317236 8.57932745360765,39.5553709000739 8.57915185085266,39.5555162662903 8.57906268240767,39.5554502672014</coordinates>
            </LinearRing>
          </innerBoundaryIs>
          <innerBoundaryIs>
            <LinearRing>
              <coordinates>8.57932745360765,39.5553709000739 8.57934211672293,39.5553559781149 8.57928185255134,39.5553126005729 8.5793575089265,39.5552454777951 8.57944427904281,39.5553077196998 8.5796493162698,39.5554342185012 8.57963713108264,39.5554416619303 8.57980369401839,39.5555286282528 8.57976213807849,39.5555771603886 8.57953279840054,39.5554580523227 8.57946291837462,39.55540525135 8.57941663378941,39.5554369080136 8.57932745360765,39.5553709000739</coordinates>
            </LinearRing>
          </innerBoundaryIs>
          <innerBoundaryIs>
            <LinearRing>
              <coordinates>8.57881304628819,39.555355898438 8.579078460624,39.5555107833399 8.57901742131959,39.5555685972491 8.57875445089275,39.5554118469375 8.57881304628819,39.555355898438</coordinates>
            </LinearRing>
          </innerBoundaryIs>
          <innerBoundaryIs>
            <LinearRing>
              <coordinates>8.57798934062126,39.5552425049792 8.57814557668373,39.5550933038664 8.57824932702969,39.5551537522308 8.57809791005377,39.5553048451277 8.57798934062126,39.5552425049792</coordinates>
            </LinearRing>
          </innerBoundaryIs>
          <innerBoundaryIs>
            <LinearRing>
              <coordinates>8.57758590392496,39.5553891129831 8.57756281868135,39.5553724681202 8.57760640076553,39.5553086897462 8.57777256364506,39.5553824664793 8.57780732383859,39.5553395958316 8.57785324363996,39.55535666605 8.57783844322873,39.555390328693 8.57786746156131,39.555399831901 8.57786250504645,39.555412932843 8.57795676569365,39.5554471000375 8.57792727913728,39.5554994326651 8.5778281650481,39.5554671219392 8.57772666421835,39.5554291710279 8.57766532680493,39.5555263400212 8.57764572979959,39.5555524796347 8.57751522632448,39.5555005201959 8.57758590392496,39.5553891129831</coordinates>
            </LinearRing>
          </innerBoundaryIs>
          <innerBoundaryIs>
            <LinearRing>
              <coordinates>8.57828878724577,39.5550920039593 8.57838489892602,39.5549109220491 8.57881728402572,39.5550480687429 8.57869179231182,39.5552929903407 8.57826873899839,39.5551542462148 8.57828878724577,39.5550920039593</coordinates>
            </LinearRing>
          </innerBoundaryIs>
        </Polygon>
      </Placemark>
      <Placemark xmlns="http://www.opengis.net/kml/2.2">
        <styleUrl>#Parti singole_style_map</styleUrl>
        <name>F00671</name>
        <Polygon>
          <outerBoundaryIs>
            <LinearRing>
              <coordinates>8.57774502018175,39.5560602092593 8.577962108671,39.5563106370909 8.5783432798438,39.5565410178969 8.57839937576543,39.5564962963538 8.57846455084485,39.5565303304988 8.57851039149655,39.5565567798626 8.57854210527543,39.5565306930957 8.57855923525323,39.5565082836452 8.57822614240877,39.5563287159194 8.57786039048896,39.5559859695919 8.57781591665973,39.5559818253673 8.57780353712196,39.5560154968035 8.57774502018175,39.5560602092593</coordinates>
            </LinearRing>
          </outerBoundaryIs>
        </Polygon>
      </Placemark>
      <Placemark xmlns="http://www.opengis.net/kml/2.2">
        <styleUrl>#Parti singole_style_map</styleUrl>
        <name>F00672</name>
        <Polygon>
          <outerBoundaryIs>
            <LinearRing>
              <coordinates>8.57774502018175,39.5560602092593 8.577962108671,39.5563106370909 8.5783432798438,39.5565410178969 8.57839937576543,39.5564962963538 8.57846455084485,39.5565303304988 8.57851039149655,39.5565567798626 8.57854210527543,39.5565306930957 8.57855923525323,39.5565082836452 8.57822614240877,39.5563287159194 8.57786039048896,39.5559859695919 8.57781591665973,39.5559818253673 8.57780353712196,39.5560154968035 8.57774502018175,39.5560602092593</coordinates>
            </LinearRing>
          </outerBoundaryIs>
        </Polygon>
      </Placemark>
      <Placemark xmlns="http://www.opengis.net/kml/2.2">
        <styleUrl>#Parti singole_style_map</styleUrl>
        <name>F00673</name>
        <Polygon>
          <outerBoundaryIs>
            <LinearRing>
              <coordinates>8.57774502018175,39.5560602092593 8.577962108671,39.5563106370909 8.5783432798438,39.5565410178969 8.57839937576543,39.5564962963538 8.57846455084485,39.5565303304988 8.57851039149655,39.5565567798626 8.57854210527543,39.5565306930957 8.57855923525323,39.5565082836452 8.57822614240877,39.5563287159194 8.57786039048896,39.5559859695919 8.57781591665973,39.5559818253673 8.57780353712196,39.5560154968035 8.57774502018175,39.5560602092593</coordinates>
            </LinearRing>
          </outerBoundaryIs>
        </Polygon>
      </Placemark>
      <Placemark xmlns="http://www.opengis.net/kml/2.2">
        <styleUrl>#Parti singole_style_map</styleUrl>
        <name>F02074</name>
        <Polygon>
          <outerBoundaryIs>
            <LinearRing>
              <coordinates>8.57774502018175,39.5560602092593 8.577962108671,39.5563106370909 8.5783432798438,39.5565410178969 8.57839937576543,39.5564962963538 8.57846455084485,39.5565303304988 8.57851039149655,39.5565567798626 8.57854210527543,39.5565306930957 8.57855923525323,39.5565082836452 8.57822614240877,39.5563287159194 8.57786039048896,39.5559859695919 8.57781591665973,39.5559818253673 8.57780353712196,39.5560154968035 8.57774502018175,39.5560602092593</coordinates>
            </LinearRing>
          </outerBoundaryIs>
        </Polygon>
      </Placemark>
      <Placemark xmlns="http://www.opengis.net/kml/2.2">
        <styleUrl>#Parti singole_style_map</styleUrl>
        <name>F02075</name>
        <Polygon>
          <outerBoundaryIs>
            <LinearRing>
              <coordinates>8.57774502018175,39.5560602092593 8.577962108671,39.5563106370909 8.5783432798438,39.5565410178969 8.57839937576543,39.5564962963538 8.57846455084485,39.5565303304988 8.57851039149655,39.5565567798626 8.57854210527543,39.5565306930957 8.57855923525323,39.5565082836452 8.57822614240877,39.5563287159194 8.57786039048896,39.5559859695919 8.57781591665973,39.5559818253673 8.57780353712196,39.5560154968035 8.57774502018175,39.5560602092593</coordinates>
            </LinearRing>
          </outerBoundaryIs>
        </Polygon>
      </Placemark>
      <Placemark xmlns="http://www.opengis.net/kml/2.2">
        <styleUrl>#Parti singole_style_map</styleUrl>
        <name>F02079</name>
        <Polygon>
          <outerBoundaryIs>
            <LinearRing>
              <coordinates>8.57930786062445,39.5560318138302 8.57959254462285,39.5562017694617 8.57948964228296,39.5562605673383 8.57971215373696,39.556321561529 8.58005574253634,39.5563962203034 8.58031954976781,39.5564442797491 8.58062169719731,39.5565506023448 8.5809143466017,39.5567478846278 8.58108356235077,39.5568048814994 8.58123316593084,39.5568385248528 8.58136421730484,39.5568680104676 8.58138369992245,39.5568568448931 8.58140378959483,39.5568589266053 8.58149751440076,39.556868617092 8.58150888260812,39.5569679873147 8.58146488258679,39.5570165202499 8.58136852354528,39.5571021939797 8.58114825189118,39.5572988327595 8.58091648548488,39.5574382864822 8.58144680326867,39.55750067615 8.58161596462177,39.557565159583 8.58187904048771,39.5577106589467 8.58195354011209,39.5577934612691 8.58198933693699,39.5579052544357 8.58196136650447,39.5580775472721 8.58189701020368,39.5582515291659 8.58179173799167,39.5583906921433 8.58182496467416,39.558480797381 8.58175152475613,39.55857790688 8.58195839587547,39.5587831308991 8.58248217143422,39.5586127389828 8.58262675588618,39.5584359996965 8.58267198995164,39.5582244389189 8.58250160521959,39.5580006510246 8.58264934764011,39.5577377217699 8.58322369745257,39.5573794908623 8.58311795335913,39.5573494044109 8.58312097212345,39.5573273671105 8.58292454379905,39.5572889988156 8.58293058133444,39.5572449422451 8.58312126647965,39.557289894442 8.58304549512278,39.5570209720886 8.58313485746434,39.5570011729866 8.58323228197138,39.5573124492014 8.58359094334629,39.5573868272524 8.58357955510007,39.5574011577988 8.58377450583168,39.5574161740736 8.58424840426138,39.5574107896894 8.58422152882567,39.5572839369399 8.58422170583744,39.556940700214 8.58421525559121,39.5568338513113 8.58410625220211,39.5568096918571 8.58387166453508,39.5567292636798 8.58388971125141,39.5564832127096 8.58450531571305,39.5564822724618 8.58462285929393,39.5562846741796 8.58447098618554,39.5563035389463 8.5842772527117,39.5562820498122 8.58398863530472,39.5562034287042 8.58386047507682,39.5561634864672 8.58350768533142,39.5560250762575 8.58338485392697,39.5559214499633 8.58330551247657,39.5558386401682 8.58324271135948,39.555810239663 8.58319916567802,39.5557987934957 8.58289991712469,39.5558048821733 8.58281760041387,39.5557932695635 8.58270832664498,39.5557524388168 8.58252958628472,39.5556729114036 8.58225920827975,39.5555330096156 8.58207834256167,39.5554141169774 8.58200823390015,39.5553913119166 8.58195732362971,39.5553929487255 8.58179472700398,39.555420322146 8.58173171135004,39.5554200321112 8.58166153487719,39.5554065882736 8.58150216485,39.5553290302284 8.58135947787605,39.555163907178 8.5812580435095,39.5551165979092 8.58103276158786,39.5551024501092 8.58089672877638,39.5551430550958 8.58078968023905,39.5551969105536 8.58063359675138,39.5553236261309 8.58042390961668,39.5553966538212 8.58015950337859,39.5554272971995 8.57992451376869,39.5554149772792 8.57976473603095,39.55539175635 8.57950261368466,39.555289036405 8.57948793741213,39.5553022914358 8.57970770593629,39.5554045067264 8.57993216945294,39.5555273450836 8.57995757185518,39.5556904959179 8.57960375598622,39.5556870080274 8.57936086415057,39.555755237244 8.57933091508598,39.5558707485955 8.57930786062445,39.5560318138302</coordinates>
            </LinearRing>
          </outerBoundaryIs>
          <innerBoundaryIs>
            <LinearRing>
              <coordinates>8.58321679988662,39.5568792517742 8.5832991565753,39.556892188755 8.58329509759598,39.5569266114551 8.58320797301153,39.5569129185157 8.58321679988662,39.5568792517742</coordinates>
            </LinearRing>
          </innerBoundaryIs>
          <innerBoundaryIs>
            <LinearRing>
              <coordinates>8.58175828293824,39.5564776727797 8.58181635501581,39.5564891808103 8.58178922773482,39.5565785878848 8.58172755037747,39.556566914175 8.58175828293824,39.5564776727797</coordinates>
            </LinearRing>
          </innerBoundaryIs>
          <innerBoundaryIs>
            <LinearRing>
              <coordinates>8.580931601026,39.5566003315878 8.5810088830003,39.5566362911464 8.58096229154496,39.5567072861653 8.58088016741498,39.5566713090993 8.580931601026,39.5566003315878</coordinates>
            </LinearRing>
          </innerBoundaryIs>
          <innerBoundaryIs>
            <LinearRing>
              <coordinates>8.5826415127119,39.5568180961452 8.58282547187105,39.5568489145653 8.58280302553582,39.5569331430525 8.58261421246042,39.5569022981398 8.5826415127119,39.5568180961452</coordinates>
            </LinearRing>
          </innerBoundaryIs>
          <innerBoundaryIs>
            <LinearRing>
              <coordinates>8.58296804219909,39.5561451746319 8.58343249615961,39.5562616055859 8.58338814766833,39.5563569734151 8.58293575329047,39.5562481001679 8.58296804219909,39.5561451746319</coordinates>
            </LinearRing>
          </innerBoundaryIs>
          <innerBoundaryIs>
            <LinearRing>
              <coordinates>8.58140551144788,39.5561741339807 8.58164041333705,39.5561995785635 8.58170234666921,39.5560218217256 8.58233165857137,39.5561333815793 8.5822835210223,39.5562993308581 8.58221500030072,39.5564926700939 8.58156390741403,39.5563791299582 8.58150588055756,39.5563601254164 8.58143371341469,39.5562904591672 8.58139779413522,39.5562321953997 8.58140551144788,39.5561741339807</coordinates>
            </LinearRing>
          </innerBoundaryIs>
          <innerBoundaryIs>
            <LinearRing>
              <coordinates>8.58170327130787,39.5568477428143 8.58172451766711,39.5568045700344 8.58176187785019,39.5566735600701 8.58177258981622,39.5566187981666 8.58187661295621,39.5566405631636 8.58189934415422,39.5565710856969 8.58206635432424,39.556598077997 8.58205129517792,39.5566673578533 8.58222999185163,39.5567021498259 8.58233648654029,39.5567213733959 8.58234877324513,39.5566989459652 8.58238021379936,39.5567084567582 8.58237521309684,39.5567290452695 8.58238970556404,39.5567347378215 8.5822678874977,39.5571371039305 8.5822556460835,39.5571539091034 8.58224572368786,39.5571838415752 8.58207390334839,39.5571493266638 8.58209121359828,39.5571025535638 8.5820742658064,39.5571006094219 8.58206931039451,39.5571155756711 8.58205479492382,39.5571117661438 8.58205976203239,39.557096790927 8.58165351314575,39.5570234801374 8.58170327130787,39.5568477428143</coordinates>
            </LinearRing>
          </innerBoundaryIs>
          <innerBoundaryIs>
            <LinearRing>
              <coordinates>8.58048069409118,39.5561003361879 8.58049645990691,39.5559411095139 8.58052048556079,39.5556802677607 8.58060060761615,39.5556600227485 8.58060163343504,39.5556037662963 8.58077833469568,39.5556098375479 8.58089449901911,39.5555770359782 8.580967494358,39.5555398887452 8.58097759910019,39.5554874583751 8.58099306803727,39.5553657223001 8.58100062617853,39.5553264016987 8.58121625910466,39.5553367484688 8.58148416771583,39.5554822752053 8.58173553862125,39.5555733737546 8.58158293192781,39.5555614439977 8.5815697264761,39.5557056779517 8.58156943129931,39.5557431506222 8.58117864039004,39.5558200771328 8.58117829982645,39.5558650551964 8.58104930152463,39.5559356809297 8.58102872674704,39.5559581504044 8.58109855300273,39.5559621686129 8.58105163506655,39.5563948619371 8.58088055196801,39.5563794406913 8.58090847678614,39.5560894286699 8.58080957456482,39.5561974022113 8.5807130709516,39.5561912241541 8.58070347790151,39.5562301589513 8.5804830006198,39.5562216588523 8.58048069409118,39.5561003361879</coordinates>
            </LinearRing>
          </innerBoundaryIs>
          <innerBoundaryIs>
            <LinearRing>
              <coordinates>8.58104609781918,39.5567324959514 8.58106620786368,39.5566804657088 8.58112950078247,39.5566898886456 8.58112122246747,39.5567496237556 8.58104609781918,39.5567324959514</coordinates>
            </LinearRing>
          </innerBoundaryIs>
        </Polygon>
      </Placemark>
      <Placemark xmlns="http://www.opengis.net/kml/2.2">
        <styleUrl>#Parti singole_style_map</styleUrl>
        <name>F02083</name>
        <Polygon>
          <outerBoundaryIs>
            <LinearRing>
              <coordinates>8.58037859989849,39.5590651396805 8.580429376588,39.5590822444472 8.58047230775788,39.5591032042731 8.58054099887605,39.5589948246141 8.58058467222428,39.559010453 8.58060914566576,39.5589805732361 8.5806412350988,39.5589501533246 8.58075329032226,39.5588294419004 8.5808355600541,39.5587566475912 8.58068120766155,39.558656616931 8.58046892900271,39.5588411734194 8.58053408469069,39.5588789545978 8.58040559653038,39.5590202940096 8.58037859989849,39.5590651396805</coordinates>
            </LinearRing>
          </outerBoundaryIs>
        </Polygon>
      </Placemark>
      <Placemark xmlns="http://www.opengis.net/kml/2.2">
        <styleUrl>#Parti singole_style_map</styleUrl>
        <name>F02084</name>
        <Polygon>
          <outerBoundaryIs>
            <LinearRing>
              <coordinates>8.58037859989849,39.5590651396805 8.580429376588,39.5590822444472 8.58047230775788,39.5591032042731 8.58054099887605,39.5589948246141 8.58058467222428,39.559010453 8.58060914566576,39.5589805732361 8.5806412350988,39.5589501533246 8.58075329032226,39.5588294419004 8.5808355600541,39.5587566475912 8.58068120766155,39.558656616931 8.58046892900271,39.5588411734194 8.58053408469069,39.5588789545978 8.58040559653038,39.5590202940096 8.58037859989849,39.5590651396805</coordinates>
            </LinearRing>
          </outerBoundaryIs>
        </Polygon>
      </Placemark>
      <Placemark xmlns="http://www.opengis.net/kml/2.2">
        <styleUrl>#Parti singole_style_map</styleUrl>
        <name>F00591</name>
        <Polygon>
          <outerBoundaryIs>
            <LinearRing>
              <coordinates>8.56951385113103,39.5564709045852 8.5697437275674,39.5565837902484 8.56977691202193,39.5565425200109 8.56980908751949,39.5565025254844 8.5697802243304,39.5564962735499 8.56980439622424,39.5564818835941 8.56962571522427,39.5563948490515 8.56961104980957,39.5564116529161 8.56957483880318,39.5563927322867 8.56951385113103,39.5564709045852</coordinates>
            </LinearRing>
          </outerBoundaryIs>
        </Polygon>
      </Placemark>
      <Placemark xmlns="http://www.opengis.net/kml/2.2">
        <styleUrl>#Parti singole_style_map</styleUrl>
        <name>F00592</name>
        <Polygon>
          <outerBoundaryIs>
            <LinearRing>
              <coordinates>8.56951385113103,39.5564709045852 8.5697437275674,39.5565837902484 8.56977691202193,39.5565425200109 8.56980908751949,39.5565025254844 8.5697802243304,39.5564962735499 8.56980439622424,39.5564818835941 8.56962571522427,39.5563948490515 8.56961104980957,39.5564116529161 8.56957483880318,39.5563927322867 8.56951385113103,39.5564709045852</coordinates>
            </LinearRing>
          </outerBoundaryIs>
        </Polygon>
      </Placemark>
      <Placemark xmlns="http://www.opengis.net/kml/2.2">
        <styleUrl>#Parti singole_style_map</styleUrl>
        <name>F00594</name>
        <Polygon>
          <outerBoundaryIs>
            <LinearRing>
              <coordinates>8.56951385113103,39.5564709045852 8.5697437275674,39.5565837902484 8.56977691202193,39.5565425200109 8.56980908751949,39.5565025254844 8.5697802243304,39.5564962735499 8.56980439622424,39.5564818835941 8.56962571522427,39.5563948490515 8.56961104980957,39.5564116529161 8.56957483880318,39.5563927322867 8.56951385113103,39.5564709045852</coordinates>
            </LinearRing>
          </outerBoundaryIs>
        </Polygon>
      </Placemark>
      <Placemark xmlns="http://www.opengis.net/kml/2.2">
        <styleUrl>#Parti singole_style_map</styleUrl>
        <name>F02087</name>
        <Polygon>
          <outerBoundaryIs>
            <LinearRing>
              <coordinates>8.58146018650968,39.5596683612387 8.58191186914077,39.5595813003262 8.58197838659955,39.5594391775485 8.58196422325233,39.5593941202645 8.58154214116287,39.5594409130437 8.58143728062124,39.5595247721189 8.58146018650968,39.5596683612387</coordinates>
            </LinearRing>
          </outerBoundaryIs>
        </Polygon>
      </Placemark>
      <Placemark xmlns="http://www.opengis.net/kml/2.2">
        <styleUrl>#Parti singole_style_map</styleUrl>
        <name>F00696</name>
        <Polygon>
          <outerBoundaryIs>
            <LinearRing>
              <coordinates>8.58422152882567,39.5572839369399 8.58424840426138,39.5574107896894 8.58471368056319,39.5574185185257 8.58529850652812,39.5573255952645 8.58580800460787,39.5572548179522 8.58603717345629,39.5572332716564 8.58637013998997,39.5572404500233 8.58687373596922,39.557324362424 8.58689217031182,39.5572426057108 8.58746854954934,39.5573014195355 8.58745306249777,39.5573828894725 8.58762987600809,39.5573964202294 8.58784642415706,39.5572849570736 8.58797975546584,39.557279933975 8.58804029581295,39.5572876993809 8.58807184892088,39.5572803418011 8.58830190390503,39.5573076208576 8.58864395881801,39.5573842310747 8.58871916899695,39.5572733016913 8.58854545052524,39.5571694465483 8.5883281860386,39.5569556465759 8.58818843175524,39.5568463249316 8.58801927657987,39.5567780937872 8.58785708345294,39.5567548844198 8.587658359059,39.5567502414297 8.58739995787091,39.5567395203814 8.58697104822319,39.5567770100686 8.58658054985426,39.5568164730288 8.58640090259853,39.5568550189801 8.58636992268771,39.5567855385282 8.5858814574259,39.556794501753 8.58497599541705,39.5568710370444 8.58437679340598,39.5569451568614 8.58422170583744,39.556940700214 8.58422152882567,39.5572839369399</coordinates>
            </LinearRing>
          </outerBoundaryIs>
          <innerBoundaryIs>
            <LinearRing>
              <coordinates>8.58744695332081,39.5570468836581 8.58748083797508,39.5570526624916 8.58747333884991,39.5570826130331 8.58743949915829,39.557071211946 8.58744695332081,39.5570468836581</coordinates>
            </LinearRing>
          </innerBoundaryIs>
          <innerBoundaryIs>
            <LinearRing>
              <coordinates>8.58685503209141,39.5567987175756 8.58702451132027,39.5568219722744 8.5870368415999,39.5567939130793 8.58734914498634,39.5568384258118 8.58731676112361,39.5569544711853 8.58683746609138,39.5568773508137 8.58685503209141,39.5567987175756</coordinates>
            </LinearRing>
          </innerBoundaryIs>
        </Polygon>
      </Placemark>
      <Placemark xmlns="http://www.opengis.net/kml/2.2">
        <styleUrl>#Parti singole_style_map</styleUrl>
        <name>F02088</name>
        <Polygon>
          <outerBoundaryIs>
            <LinearRing>
              <coordinates>8.58683746609138,39.5568773508137 8.58731676112361,39.5569544711853 8.58734914498634,39.5568384258118 8.5870368415999,39.5567939130793 8.58702451132027,39.5568219722744 8.58685503209141,39.5567987175756 8.58683746609138,39.5568773508137</coordinates>
            </LinearRing>
          </outerBoundaryIs>
        </Polygon>
      </Placemark>
      <Placemark xmlns="http://www.opengis.net/kml/2.2">
        <styleUrl>#Parti singole_style_map</styleUrl>
        <name>F00707</name>
        <Polygon>
          <outerBoundaryIs>
            <LinearRing>
              <coordinates>8.58188523519772,39.5553315814934 8.58198026713053,39.5553132363182 8.58203837242978,39.5553209960834 8.58206737967649,39.5553304982039 8.58213871554183,39.5553737789917 8.58216346425619,39.5552105027342 8.58191614342263,39.5551835458225 8.58188523519772,39.5553315814934</coordinates>
            </LinearRing>
          </outerBoundaryIs>
        </Polygon>
      </Placemark>
      <Placemark xmlns="http://www.opengis.net/kml/2.2">
        <styleUrl>#Parti singole_style_map</styleUrl>
        <name>F00708</name>
        <Polygon>
          <outerBoundaryIs>
            <LinearRing>
              <coordinates>8.58188523519772,39.5553315814934 8.58198026713053,39.5553132363182 8.58203837242978,39.5553209960834 8.58206737967649,39.5553304982039 8.58213871554183,39.5553737789917 8.58216346425619,39.5552105027342 8.58191614342263,39.5551835458225 8.58188523519772,39.5553315814934</coordinates>
            </LinearRing>
          </outerBoundaryIs>
        </Polygon>
      </Placemark>
      <Placemark xmlns="http://www.opengis.net/kml/2.2">
        <styleUrl>#Parti singole_style_map</styleUrl>
        <name>F00750</name>
        <Polygon>
          <outerBoundaryIs>
            <LinearRing>
              <coordinates>8.58943913256332,39.5566727917906 8.58952141765236,39.5566881568853 8.58952889363583,39.5566619724214 8.58953635818653,39.5566357518754 8.5900907215591,39.5567225689112 8.59013827498812,39.5565222581371 8.58950649249057,39.5564163542143 8.58943913256332,39.5566727917906</coordinates>
            </LinearRing>
          </outerBoundaryIs>
        </Polygon>
      </Placemark>
      <Placemark xmlns="http://www.opengis.net/kml/2.2">
        <styleUrl>#Parti singole_style_map</styleUrl>
        <name>F00597</name>
        <Polygon>
          <outerBoundaryIs>
            <LinearRing>
              <coordinates>8.56965601118064,39.5557704233434 8.56974875934204,39.5557944910666 8.57004389114446,39.555865197542 8.57011734201981,39.5558702268973 8.57011906909764,39.5559147350256 8.57019554504013,39.5560537762974 8.57026927999806,39.5560505351786 8.57026762048728,39.5560798845037 8.57040810939772,39.5560899101517 8.57042428046082,39.5558819678401 8.57036612961914,39.5558779503752 8.57036659308246,39.5558198538534 8.57012189676739,39.5558074691909 8.57003710334505,39.5558033259003 8.56975407693636,39.5557345383954 8.56972263857583,39.555725024197 8.56965601118064,39.5557704233434</coordinates>
            </LinearRing>
          </outerBoundaryIs>
        </Polygon>
      </Placemark>
      <Placemark xmlns="http://www.opengis.net/kml/2.2">
        <styleUrl>#Parti singole_style_map</styleUrl>
        <name>F00598</name>
        <Polygon>
          <outerBoundaryIs>
            <LinearRing>
              <coordinates>8.56965601118064,39.5557704233434 8.56974875934204,39.5557944910666 8.57004389114446,39.555865197542 8.57011734201981,39.5558702268973 8.57011906909764,39.5559147350256 8.57019554504013,39.5560537762974 8.57026927999806,39.5560505351786 8.57026762048728,39.5560798845037 8.57040810939772,39.5560899101517 8.57042428046082,39.5558819678401 8.57036612961914,39.5558779503752 8.57036659308246,39.5558198538534 8.57012189676739,39.5558074691909 8.57003710334505,39.5558033259003 8.56975407693636,39.5557345383954 8.56972263857583,39.555725024197 8.56965601118064,39.5557704233434</coordinates>
            </LinearRing>
          </outerBoundaryIs>
        </Polygon>
      </Placemark>
      <Placemark xmlns="http://www.opengis.net/kml/2.2">
        <styleUrl>#Parti singole_style_map</styleUrl>
        <name>F00599</name>
        <Polygon>
          <outerBoundaryIs>
            <LinearRing>
              <coordinates>8.56960308166281,39.5557521705954 8.56965601118064,39.5557704233434 8.56972263857583,39.555725024197 8.56975407693636,39.5557345383954 8.57003710334505,39.5558033259003 8.57012189676739,39.5558074691909 8.57012458432524,39.5557737536901 8.57021971070662,39.5556954821557 8.56990909267051,39.5554807256014 8.56969198819228,39.5556614963263 8.56965189619865,39.5557074262896 8.56960308166281,39.5557521705954</coordinates>
            </LinearRing>
          </outerBoundaryIs>
        </Polygon>
      </Placemark>
      <Placemark xmlns="http://www.opengis.net/kml/2.2">
        <styleUrl>#Parti singole_style_map</styleUrl>
        <name>F00606</name>
        <Polygon>
          <outerBoundaryIs>
            <LinearRing>
              <coordinates>8.56960308166281,39.5557521705954 8.56965601118064,39.5557704233434 8.56972263857583,39.555725024197 8.56975407693636,39.5557345383954 8.57003710334505,39.5558033259003 8.57012189676739,39.5558074691909 8.57012458432524,39.5557737536901 8.57021971070662,39.5556954821557 8.56990909267051,39.5554807256014 8.56969198819228,39.5556614963263 8.56965189619865,39.5557074262896 8.56960308166281,39.5557521705954</coordinates>
            </LinearRing>
          </outerBoundaryIs>
        </Polygon>
      </Placemark>
      <Placemark xmlns="http://www.opengis.net/kml/2.2">
        <styleUrl>#Parti singole_style_map</styleUrl>
        <name>F00607</name>
        <Polygon>
          <outerBoundaryIs>
            <LinearRing>
              <coordinates>8.56960308166281,39.5557521705954 8.56965601118064,39.5557704233434 8.56972263857583,39.555725024197 8.56975407693636,39.5557345383954 8.57003710334505,39.5558033259003 8.57012189676739,39.5558074691909 8.57012458432524,39.5557737536901 8.57021971070662,39.5556954821557 8.56990909267051,39.5554807256014 8.56969198819228,39.5556614963263 8.56965189619865,39.5557074262896 8.56960308166281,39.5557521705954</coordinates>
            </LinearRing>
          </outerBoundaryIs>
        </Polygon>
      </Placemark>
      <Placemark xmlns="http://www.opengis.net/kml/2.2">
        <styleUrl>#Parti singole_style_map</styleUrl>
        <name>F00608</name>
        <Polygon>
          <outerBoundaryIs>
            <LinearRing>
              <coordinates>8.56960308166281,39.5557521705954 8.56965601118064,39.5557704233434 8.56972263857583,39.555725024197 8.56975407693636,39.5557345383954 8.57003710334505,39.5558033259003 8.57012189676739,39.5558074691909 8.57012458432524,39.5557737536901 8.57021971070662,39.5556954821557 8.56990909267051,39.5554807256014 8.56969198819228,39.5556614963263 8.56965189619865,39.5557074262896 8.56960308166281,39.5557521705954</coordinates>
            </LinearRing>
          </outerBoundaryIs>
        </Polygon>
      </Placemark>
      <Placemark xmlns="http://www.opengis.net/kml/2.2">
        <styleUrl>#Parti singole_style_map</styleUrl>
        <name>F00609</name>
        <Polygon>
          <outerBoundaryIs>
            <LinearRing>
              <coordinates>8.56960308166281,39.5557521705954 8.56965601118064,39.5557704233434 8.56972263857583,39.555725024197 8.56975407693636,39.5557345383954 8.57003710334505,39.5558033259003 8.57012189676739,39.5558074691909 8.57012458432524,39.5557737536901 8.57021971070662,39.5556954821557 8.56990909267051,39.5554807256014 8.56969198819228,39.5556614963263 8.56965189619865,39.5557074262896 8.56960308166281,39.5557521705954</coordinates>
            </LinearRing>
          </outerBoundaryIs>
        </Polygon>
      </Placemark>
      <Placemark xmlns="http://www.opengis.net/kml/2.2">
        <styleUrl>#Parti singole_style_map</styleUrl>
        <name>F00610</name>
        <Polygon>
          <outerBoundaryIs>
            <LinearRing>
              <coordinates>8.56960308166281,39.5557521705954 8.56965601118064,39.5557704233434 8.56972263857583,39.555725024197 8.56975407693636,39.5557345383954 8.57003710334505,39.5558033259003 8.57012189676739,39.5558074691909 8.57012458432524,39.5557737536901 8.57021971070662,39.5556954821557 8.56990909267051,39.5554807256014 8.56969198819228,39.5556614963263 8.56965189619865,39.5557074262896 8.56960308166281,39.5557521705954</coordinates>
            </LinearRing>
          </outerBoundaryIs>
        </Polygon>
      </Placemark>
      <Placemark xmlns="http://www.opengis.net/kml/2.2">
        <styleUrl>#Parti singole_style_map</styleUrl>
        <name>F00600</name>
        <Polygon>
          <outerBoundaryIs>
            <LinearRing>
              <coordinates>8.56960308166281,39.5557521705954 8.56965601118064,39.5557704233434 8.56972263857583,39.555725024197 8.56975407693636,39.5557345383954 8.57003710334505,39.5558033259003 8.57012189676739,39.5558074691909 8.57012458432524,39.5557737536901 8.57021971070662,39.5556954821557 8.56990909267051,39.5554807256014 8.56969198819228,39.5556614963263 8.56965189619865,39.5557074262896 8.56960308166281,39.5557521705954</coordinates>
            </LinearRing>
          </outerBoundaryIs>
        </Polygon>
      </Placemark>
      <Placemark xmlns="http://www.opengis.net/kml/2.2">
        <styleUrl>#Parti singole_style_map</styleUrl>
        <name>F00601</name>
        <Polygon>
          <outerBoundaryIs>
            <LinearRing>
              <coordinates>8.56960308166281,39.5557521705954 8.56965601118064,39.5557704233434 8.56972263857583,39.555725024197 8.56975407693636,39.5557345383954 8.57003710334505,39.5558033259003 8.57012189676739,39.5558074691909 8.57012458432524,39.5557737536901 8.57021971070662,39.5556954821557 8.56990909267051,39.5554807256014 8.56969198819228,39.5556614963263 8.56965189619865,39.5557074262896 8.56960308166281,39.5557521705954</coordinates>
            </LinearRing>
          </outerBoundaryIs>
        </Polygon>
      </Placemark>
      <Placemark xmlns="http://www.opengis.net/kml/2.2">
        <styleUrl>#Parti singole_style_map</styleUrl>
        <name>F00603</name>
        <Polygon>
          <outerBoundaryIs>
            <LinearRing>
              <coordinates>8.56960308166281,39.5557521705954 8.56965601118064,39.5557704233434 8.56972263857583,39.555725024197 8.56975407693636,39.5557345383954 8.57003710334505,39.5558033259003 8.57012189676739,39.5558074691909 8.57012458432524,39.5557737536901 8.57021971070662,39.5556954821557 8.56990909267051,39.5554807256014 8.56969198819228,39.5556614963263 8.56965189619865,39.5557074262896 8.56960308166281,39.5557521705954</coordinates>
            </LinearRing>
          </outerBoundaryIs>
        </Polygon>
      </Placemark>
      <Placemark xmlns="http://www.opengis.net/kml/2.2">
        <styleUrl>#Parti singole_style_map</styleUrl>
        <name>F00604</name>
        <Polygon>
          <outerBoundaryIs>
            <LinearRing>
              <coordinates>8.56960308166281,39.5557521705954 8.56965601118064,39.5557704233434 8.56972263857583,39.555725024197 8.56975407693636,39.5557345383954 8.57003710334505,39.5558033259003 8.57012189676739,39.5558074691909 8.57012458432524,39.5557737536901 8.57021971070662,39.5556954821557 8.56990909267051,39.5554807256014 8.56969198819228,39.5556614963263 8.56965189619865,39.5557074262896 8.56960308166281,39.5557521705954</coordinates>
            </LinearRing>
          </outerBoundaryIs>
        </Polygon>
      </Placemark>
      <Placemark xmlns="http://www.opengis.net/kml/2.2">
        <styleUrl>#Parti singole_style_map</styleUrl>
        <name>F00605</name>
        <Polygon>
          <outerBoundaryIs>
            <LinearRing>
              <coordinates>8.56960308166281,39.5557521705954 8.56965601118064,39.5557704233434 8.56972263857583,39.555725024197 8.56975407693636,39.5557345383954 8.57003710334505,39.5558033259003 8.57012189676739,39.5558074691909 8.57012458432524,39.5557737536901 8.57021971070662,39.5556954821557 8.56990909267051,39.5554807256014 8.56969198819228,39.5556614963263 8.56965189619865,39.5557074262896 8.56960308166281,39.5557521705954</coordinates>
            </LinearRing>
          </outerBoundaryIs>
        </Polygon>
      </Placemark>
      <Placemark xmlns="http://www.opengis.net/kml/2.2">
        <styleUrl>#Parti singole_style_map</styleUrl>
        <name>F00772</name>
        <Polygon>
          <outerBoundaryIs>
            <LinearRing>
              <coordinates>8.58903599393187,39.5573628051962 8.58934595151096,39.5575017049045 8.58947896464183,39.5575585525131 8.58996762578725,39.5577621092104 8.59020642077516,39.5578335566915 8.59022600165549,39.5577383151166 8.5903042240103,39.5573566456094 8.59016155451921,39.5573265884486 8.59000413926876,39.5573001372203 8.58981781568983,39.557268826241 8.58953691677355,39.5572375771445 8.58925837160084,39.5572138412536 8.58866888855847,39.5571859131481 8.58903599393187,39.5573628051962</coordinates>
            </LinearRing>
          </outerBoundaryIs>
        </Polygon>
      </Placemark>
      <Placemark xmlns="http://www.opengis.net/kml/2.2">
        <styleUrl>#Parti singole_style_map</styleUrl>
        <name>F02092</name>
        <Polygon>
          <outerBoundaryIs>
            <LinearRing>
              <coordinates>8.59003143666612,39.5572248085913 8.59017668417451,39.5572479461094 8.59020405330395,39.5571524977485 8.59005398658075,39.5571274601034 8.59003143666612,39.5572248085913</coordinates>
            </LinearRing>
          </outerBoundaryIs>
        </Polygon>
      </Placemark>
      <Placemark xmlns="http://www.opengis.net/kml/2.2">
        <styleUrl>#Parti singole_style_map</styleUrl>
        <name>F00753</name>
        <Polygon>
          <outerBoundaryIs>
            <LinearRing>
              <coordinates>8.58884367809946,39.5565707970209 8.58895208725676,39.5565893635606 8.58907855499907,39.5566110213584 8.58918458043807,39.5566291918039 8.58934870026871,39.556657307723 8.58940792255338,39.556667446468 8.58943913256332,39.5566727917906 8.58950649249057,39.5564163542143 8.58941710031771,39.5564021893769 8.58939952715216,39.5564608472061 8.58890331801896,39.5563742868327 8.58884367809946,39.5565707970209</coordinates>
            </LinearRing>
          </outerBoundaryIs>
        </Polygon>
      </Placemark>
      <Placemark xmlns="http://www.opengis.net/kml/2.2">
        <styleUrl>#Parti singole_style_map</styleUrl>
        <name>F00754</name>
        <Polygon>
          <outerBoundaryIs>
            <LinearRing>
              <coordinates>8.58884367809946,39.5565707970209 8.58895208725676,39.5565893635606 8.58907855499907,39.5566110213584 8.58918458043807,39.5566291918039 8.58934870026871,39.556657307723 8.58940792255338,39.556667446468 8.58943913256332,39.5566727917906 8.58950649249057,39.5564163542143 8.58941710031771,39.5564021893769 8.58939952715216,39.5564608472061 8.58890331801896,39.5563742868327 8.58884367809946,39.5565707970209</coordinates>
            </LinearRing>
          </outerBoundaryIs>
        </Polygon>
      </Placemark>
      <Placemark xmlns="http://www.opengis.net/kml/2.2">
        <styleUrl>#Parti singole_style_map</styleUrl>
        <name>F00621</name>
        <Polygon>
          <outerBoundaryIs>
            <LinearRing>
              <coordinates>8.5699301349099,39.5562118249467 8.57002540119878,39.5561166958781 8.56998444088945,39.5560865219809 8.56988916300238,39.55618352511 8.5699301349099,39.5562118249467</coordinates>
            </LinearRing>
          </outerBoundaryIs>
        </Polygon>
      </Placemark>
      <Placemark xmlns="http://www.opengis.net/kml/2.2">
        <styleUrl>#Parti singole_style_map</styleUrl>
        <name>F00623</name>
        <Polygon>
          <outerBoundaryIs>
            <LinearRing>
              <coordinates>8.57044274875331,39.5574055724233 8.5705040990249,39.5574088642198 8.57050624893717,39.5573812883489 8.57044586959447,39.5573810650143 8.57044274875331,39.5574055724233</coordinates>
            </LinearRing>
          </outerBoundaryIs>
        </Polygon>
      </Placemark>
      <Placemark xmlns="http://www.opengis.net/kml/2.2">
        <styleUrl>#Parti singole_style_map</styleUrl>
        <name>T00940</name>
        <Polygon>
          <outerBoundaryIs>
            <LinearRing>
              <coordinates>8.63728862922283,39.5966772127987 8.63759277983458,39.5967287732272 8.63774689404823,39.5963881362481 8.63802780514383,39.5957094434539 8.63790747641909,39.5950407977742 8.63789902848596,39.5946930307586 8.6376453035299,39.5951617258197 8.63750905002563,39.595526061347 8.63734827962869,39.59634993162 8.63728862922283,39.5966772127987</coordinates>
            </LinearRing>
          </outerBoundaryIs>
        </Polygon>
      </Placemark>
      <Placemark xmlns="http://www.opengis.net/kml/2.2">
        <styleUrl>#Parti singole_style_map</styleUrl>
        <name>T00941</name>
        <Polygon>
          <outerBoundaryIs>
            <LinearRing>
              <coordinates>8.63779776956974,39.5967628049442 8.63785608815159,39.5965565176415 8.63801797714667,39.5961181886671 8.63805215958685,39.5959662026748 8.63805322427121,39.5958758514643 8.63785856177542,39.5963590302691 8.63768190897563,39.5967426659156 8.63779776956974,39.5967628049442</coordinates>
            </LinearRing>
          </outerBoundaryIs>
        </Polygon>
      </Placemark>
      <Placemark xmlns="http://www.opengis.net/kml/2.2">
        <styleUrl>#Parti singole_style_map</styleUrl>
        <name>T00824</name>
        <Polygon>
          <outerBoundaryIs>
            <LinearRing>
              <coordinates>8.58303936210629,39.5594156820204 8.58341903894525,39.5593744261692 8.58341094825207,39.5593181550386 8.58302641743794,39.559361393714 8.58303936210629,39.5594156820204</coordinates>
            </LinearRing>
          </outerBoundaryIs>
        </Polygon>
      </Placemark>
      <Placemark xmlns="http://www.opengis.net/kml/2.2">
        <styleUrl>#Parti singole_style_map</styleUrl>
        <name>T00825</name>
        <Polygon>
          <outerBoundaryIs>
            <LinearRing>
              <coordinates>8.58253397446428,39.5597644197117 8.58315605578225,39.559790838092 8.58329371686646,39.5594563574006 8.58353695386414,39.5594428316193 8.58356076425121,39.5593115652991 8.58341094825207,39.5593181550386 8.58341903894525,39.5593744261692 8.58303936210629,39.5594156820204 8.58302641743794,39.559361393714 8.58266388812153,39.5594373453887 8.58255458463204,39.5594742550126 8.58253397446428,39.5597644197117</coordinates>
            </LinearRing>
          </outerBoundaryIs>
          <innerBoundaryIs>
            <LinearRing>
              <coordinates>8.58266533535534,39.559438648069 8.5830444469532,39.5594878815491 8.58303223542737,39.5595404486637 8.58264758286983,39.5594989530706 8.58266533535534,39.559438648069</coordinates>
            </LinearRing>
          </innerBoundaryIs>
        </Polygon>
      </Placemark>
      <Placemark xmlns="http://www.opengis.net/kml/2.2">
        <styleUrl>#Parti singole_style_map</styleUrl>
        <name>T00826</name>
        <Polygon>
          <outerBoundaryIs>
            <LinearRing>
              <coordinates>8.58349388909254,39.5604803628039 8.58399603789817,39.5606052161184 8.58395778060517,39.560384372531 8.58388984510079,39.5601588273378 8.58408585756352,39.5600111755066 8.58437147541148,39.5597898157303 8.58459365478548,39.5596828839932 8.58498206223071,39.5595499567551 8.5850824617266,39.5595244110226 8.58517031962538,39.5594918644708 8.58521356330322,39.5594470216607 8.58532133804747,39.5593695037963 8.58568321061035,39.5591687312142 8.58573278388654,39.5591066651334 8.58574911105391,39.5590330824379 8.58564733468222,39.5590358909236 8.58510801702892,39.559094198855 8.5844309867153,39.5591847908774 8.58433483583601,39.5592668997138 8.58422769888064,39.559284284404 8.58421595276881,39.5593837878095 8.58414456562216,39.559515667781 8.58389026498,39.5597947418918 8.58370171126743,39.5599740191531 8.58342739948507,39.5603265713003 8.58349388909254,39.5604803628039</coordinates>
            </LinearRing>
          </outerBoundaryIs>
        </Polygon>
      </Placemark>
      <Placemark xmlns="http://www.opengis.net/kml/2.2">
        <styleUrl>#Parti singole_style_map</styleUrl>
        <name>T00823</name>
        <Polygon>
          <outerBoundaryIs>
            <LinearRing>
              <coordinates>8.58111199013164,39.560218777386 8.58215682479947,39.5601771661229 8.58213686727807,39.5598563918162 8.58108613714478,39.5599054962058 8.58111199013164,39.560218777386</coordinates>
            </LinearRing>
          </outerBoundaryIs>
        </Polygon>
      </Placemark>
      <Placemark xmlns="http://www.opengis.net/kml/2.2">
        <styleUrl>#Parti singole_style_map</styleUrl>
        <name>T00943</name>
        <Polygon>
          <outerBoundaryIs>
            <LinearRing>
              <coordinates>8.5880466752292,39.5599730353588 8.58814791170725,39.5599416963448 8.58818295020572,39.5598924173055 8.5881709376424,39.5598097595346 8.58809628769961,39.5598018540437 8.58803004252405,39.5599747423621 8.5880466752292,39.5599730353588</coordinates>
            </LinearRing>
          </outerBoundaryIs>
        </Polygon>
      </Placemark>
      <Placemark xmlns="http://www.opengis.net/kml/2.2">
        <styleUrl>#Parti singole_style_map</styleUrl>
        <name>T00944</name>
        <Polygon>
          <outerBoundaryIs>
            <LinearRing>
              <coordinates>8.58889603792823,39.560518049329 8.58891350304771,39.5605114165318 8.5889393214787,39.5605016236681 8.58911420524866,39.5604352963345 8.58903967132144,39.5603977660936 8.58886228818932,39.5604654990782 8.58889603792823,39.560518049329</coordinates>
            </LinearRing>
          </outerBoundaryIs>
        </Polygon>
      </Placemark>
      <Placemark xmlns="http://www.opengis.net/kml/2.2">
        <styleUrl>#Parti singole_style_map</styleUrl>
        <name>T00945</name>
        <Polygon>
          <outerBoundaryIs>
            <LinearRing>
              <coordinates>8.58769880691973,39.5575086266621 8.5878759861463,39.5575705254924 8.58818761275788,39.5576022299717 8.58832534240298,39.5576467605608 8.58838207521956,39.5576646308271 8.58853893758462,39.5577373680671 8.58876039498787,39.5577897814452 8.58897468344517,39.5578262568827 8.58905541489333,39.5578545916008 8.58913336027247,39.5578836282163 8.58916884103451,39.5578912322805 8.58935682744369,39.5579763144807 8.58957915715494,39.5580330272839 8.58981519345817,39.5581618162045 8.59010932038559,39.5583687575864 8.59021328585198,39.5584170141326 8.590374974408,39.5584851977145 8.59057735689911,39.5585594262907 8.59113130074726,39.5587580904061 8.59067583744296,39.5585330039636 8.58988287987052,39.5581402954755 8.5896658941893,39.5580359107618 8.58953231474905,39.5579683301326 8.58910431026058,39.5577568499891 8.58889376587737,39.557650161973 8.58863560231161,39.5575179319573 8.58842747707155,39.5574196942913 8.58809088118458,39.5572978982576 8.58800872803085,39.5573211236228 8.58795898388295,39.5573143245688 8.58787104656681,39.5573255906987 8.58766416566947,39.5574340607759 8.58769880691973,39.5575086266621</coordinates>
            </LinearRing>
          </outerBoundaryIs>
        </Polygon>
      </Placemark>
      <Placemark xmlns="http://www.opengis.net/kml/2.2">
        <styleUrl>#Parti singole_style_map</styleUrl>
        <name>T00946</name>
        <Polygon>
          <outerBoundaryIs>
            <LinearRing>
              <coordinates>8.58394045935931,39.5603766066895 8.583982708687,39.5605975546879 8.58416976315216,39.5607043296167 8.58432916132038,39.5607660890591 8.58442530005861,39.5607954912848 8.58465427756601,39.5607963195598 8.58486940662512,39.5607906465231 8.58505184802251,39.5607597356554 8.58524342065571,39.5607162427413 8.58541322730129,39.5607055953195 8.58570742460823,39.5607087447443 8.58576419767608,39.5606673739117 8.58597062433927,39.5604808677416 8.58599891898714,39.5604227803101 8.58607357082299,39.5602426158114 8.58657506976029,39.5601776183149 8.58742040117464,39.5602427777963 8.58816259803534,39.5602668209463 8.58883607310309,39.5603808989381 8.58892913997799,39.5603394027748 8.58898880228704,39.560313015657 8.5891080684923,39.5603706259354 8.58915412230984,39.5601058419105 8.58914205579199,39.5599217374183 8.58901359866222,39.5592801299833 8.58889890699217,39.5592386281405 8.58874957481753,39.5591142441622 8.58864255543033,39.5590391248846 8.58859643811527,39.5590073534686 8.58843280379254,39.5589061198566 8.58824442877374,39.5588845031489 8.587904245751,39.5587894093297 8.58674596310021,39.5584669509835 8.58658863778802,39.5586171328215 8.58648441844453,39.5586726794741 8.58628581023964,39.5588041977657 8.58608431013927,39.5588679661866 8.58594636577458,39.5588926040358 8.58585560454483,39.5589105171546 8.58575707535013,39.5589935918019 8.58572694414282,39.5591236376699 8.58567266061785,39.5591947873146 8.58560076541451,39.5592385279114 8.58531395879847,39.5593771902348 8.58523024752398,39.5594288534806 8.58513662617918,39.5595143688851 8.58506112566506,39.5595535550875 8.58494227785339,39.5595709976998 8.5845630011928,39.5597050567246 8.58434926903931,39.5598125952973 8.58412006960157,39.5599954850205 8.58387907479299,39.5601651409813 8.58394045935931,39.5603766066895</coordinates>
            </LinearRing>
          </outerBoundaryIs>
          <innerBoundaryIs>
            <LinearRing>
              <coordinates>8.58774029410556,39.5599010011315 8.5878564027968,39.5598193027108 8.58798730386487,39.5597891053034 8.58809628769961,39.5598018540437 8.5881709376424,39.5598097595346 8.58818295020572,39.5598924173055 8.58814791170725,39.5599416963448 8.5880466752292,39.5599730353588 8.58803004252405,39.5599747423621 8.58790526374163,39.5599912298927 8.58782474476097,39.5599777801028 8.5877632672458,39.5599608027615 8.58774029410556,39.5599010011315</coordinates>
            </LinearRing>
          </innerBoundaryIs>
        </Polygon>
      </Placemark>
      <Placemark xmlns="http://www.opengis.net/kml/2.2">
        <styleUrl>#Parti singole_style_map</styleUrl>
        <name>T00947</name>
        <Polygon>
          <outerBoundaryIs>
            <LinearRing>
              <coordinates>8.5877632672458,39.5599608027615 8.58782474476097,39.5599777801028 8.58790526374163,39.5599912298927 8.58798730386487,39.5597891053034 8.5878564027968,39.5598193027108 8.58774029410556,39.5599010011315 8.5877632672458,39.5599608027615</coordinates>
            </LinearRing>
          </outerBoundaryIs>
        </Polygon>
      </Placemark>
      <Placemark xmlns="http://www.opengis.net/kml/2.2">
        <styleUrl>#Parti singole_style_map</styleUrl>
        <name>T00948</name>
        <Polygon>
          <outerBoundaryIs>
            <LinearRing>
              <coordinates>8.58884953819925,39.5604424687362 8.58886228818932,39.5604654990782 8.58903967132144,39.5603977660936 8.58892913997799,39.5603394027748 8.58883607310309,39.5603808989381 8.58884953819925,39.5604424687362</coordinates>
            </LinearRing>
          </outerBoundaryIs>
        </Polygon>
      </Placemark>
      <Placemark xmlns="http://www.opengis.net/kml/2.2">
        <styleUrl>#Parti singole_style_map</styleUrl>
        <name>T00949</name>
        <Polygon>
          <outerBoundaryIs>
            <LinearRing>
              <coordinates>8.58889603792823,39.560518049329 8.58892524091897,39.5605540496293 8.58906125779039,39.5605880943276 8.58913131147509,39.5605840353189 8.58914250314649,39.5605437539642 8.58918827089177,39.5604890613762 8.58916606201509,39.5604632134304 8.58911420524866,39.5604352963345 8.5889393214787,39.5605016236681 8.58891350304771,39.5605114165318 8.58889603792823,39.560518049329</coordinates>
            </LinearRing>
          </outerBoundaryIs>
        </Polygon>
      </Placemark>
      <Placemark xmlns="http://www.opengis.net/kml/2.2">
        <styleUrl>#Parti singole_style_map</styleUrl>
        <name>T00950</name>
        <Polygon>
          <outerBoundaryIs>
            <LinearRing>
              <coordinates>8.58922346617437,39.560426951958 8.58932403309502,39.5604735664052 8.5893458022622,39.5603471302007 8.58929831182235,39.5603486021072 8.58925084460806,39.5603500830867 8.58922346617437,39.560426951958</coordinates>
            </LinearRing>
          </outerBoundaryIs>
        </Polygon>
      </Placemark>
      <Placemark xmlns="http://www.opengis.net/kml/2.2">
        <styleUrl>#Parti singole_style_map</styleUrl>
        <name>T00951</name>
        <Polygon>
          <outerBoundaryIs>
            <LinearRing>
              <coordinates>8.58903967132144,39.5603977660936 8.58911420524866,39.5604352963345 8.58916606201509,39.5604632134304 8.58918827089177,39.5604890613762 8.58922346617437,39.560426951958 8.58925084460806,39.5603500830867 8.58929831182235,39.5603486021072 8.58929745447383,39.5603124228421 8.58934323801702,39.560162320499 8.58930204988083,39.5601353963043 8.58925121784339,39.5601212505853 8.58915412230984,39.5601058419105 8.5891080684923,39.5603706259354 8.58903967132144,39.5603977660936</coordinates>
            </LinearRing>
          </outerBoundaryIs>
        </Polygon>
      </Placemark>
      <Placemark xmlns="http://www.opengis.net/kml/2.2">
        <styleUrl>#Parti singole_style_map</styleUrl>
        <name>T00952</name>
        <Polygon>
          <outerBoundaryIs>
            <LinearRing>
              <coordinates>8.58932403309502,39.5604735664052 8.58948398215871,39.5605610180231 8.58941034288607,39.5604980732131 8.58941366737704,39.5604219481915 8.58943544827455,39.5603881736235 8.58948438488149,39.5603645415105 8.58948250136432,39.56034443294 8.5893458022622,39.5603471302007 8.58932403309502,39.5604735664052</coordinates>
            </LinearRing>
          </outerBoundaryIs>
        </Polygon>
      </Placemark>
      <Placemark xmlns="http://www.opengis.net/kml/2.2">
        <styleUrl>#Parti singole_style_map</styleUrl>
        <name>T00953</name>
        <Polygon>
          <outerBoundaryIs>
            <LinearRing>
              <coordinates>8.58929831182235,39.5603486021072 8.5893458022622,39.5603471302007 8.58948250136432,39.56034443294 8.58948438488149,39.5603645415105 8.58949155259885,39.5603610798765 8.58957920690096,39.5603727426682 8.58964664130336,39.5604061658222 8.58982223369036,39.5603063667726 8.58980858804429,39.5602594831865 8.58968876587195,39.560258573289 8.58938441544301,39.5601910647156 8.58934323801702,39.560162320499 8.58929745447383,39.5603124228421 8.58929831182235,39.5603486021072</coordinates>
            </LinearRing>
          </outerBoundaryIs>
        </Polygon>
      </Placemark>
      <Placemark xmlns="http://www.opengis.net/kml/2.2">
        <styleUrl>#Parti singole_style_map</styleUrl>
        <name>T00954</name>
        <Polygon>
          <outerBoundaryIs>
            <LinearRing>
              <coordinates>8.58941034288607,39.5604980732131 8.58948398215871,39.5605610180231 8.58957920690096,39.5603727426682 8.58949155259885,39.5603610798765 8.58948438488149,39.5603645415105 8.58943544827455,39.5603881736235 8.58941366737704,39.5604219481915 8.58941034288607,39.5604980732131</coordinates>
            </LinearRing>
          </outerBoundaryIs>
        </Polygon>
      </Placemark>
      <Placemark xmlns="http://www.opengis.net/kml/2.2">
        <styleUrl>#Parti singole_style_map</styleUrl>
        <name>T00955</name>
        <Polygon>
          <outerBoundaryIs>
            <LinearRing>
              <coordinates>8.58914205579199,39.5599217374183 8.58915412230984,39.5601058419105 8.58925121784339,39.5601212505853 8.58930204988083,39.5601353963043 8.58934323801702,39.560162320499 8.58938441544301,39.5601910647156 8.58968876587195,39.560258573289 8.58980858804429,39.5602594831865 8.58982223369036,39.5603063667726 8.5900073488144,39.5603327628781 8.59023597128547,39.5603620063008 8.59027731440726,39.5603864168459 8.59048043431999,39.5604153895927 8.59047494134228,39.5603795634078 8.59049984584424,39.5602857011552 8.59049648107687,39.5601236485914 8.59049615584587,39.5601077082763 8.59047339734402,39.5599279812417 8.59041314780395,39.5596410258793 8.59039017876893,39.5595821348182 8.59038565473128,39.5595359682508 8.59029899186282,39.559342266045 8.59022743042895,39.5592784190344 8.5901331090222,39.5592309263796 8.59006044067714,39.5592542317149 8.58995337455368,39.5592341662375 8.58979498407279,39.5592815864992 8.5896642140322,39.5593017039177 8.58932230251538,39.5593193086149 8.58920325139056,39.5593083454837 8.58901359866222,39.5592801299833 8.58914205579199,39.5599217374183</coordinates>
            </LinearRing>
          </outerBoundaryIs>
        </Polygon>
      </Placemark>
      <Placemark xmlns="http://www.opengis.net/kml/2.2">
        <styleUrl>#Parti singole_style_map</styleUrl>
        <name>T00956</name>
        <Polygon>
          <outerBoundaryIs>
            <LinearRing>
              <coordinates>8.58953556455619,39.5605585333352 8.58958446707238,39.5605387214146 8.58962662235813,39.5604885750814 8.58965922891894,39.5604429541852 8.58964664130336,39.5604061658222 8.58957920690096,39.5603727426682 8.58948398215871,39.5605610180231 8.58953556455619,39.5605585333352</coordinates>
            </LinearRing>
          </outerBoundaryIs>
        </Polygon>
      </Placemark>
      <Placemark xmlns="http://www.opengis.net/kml/2.2">
        <styleUrl>#Parti singole_style_map</styleUrl>
        <name>T00957</name>
        <Polygon>
          <outerBoundaryIs>
            <LinearRing>
              <coordinates>8.58948398215871,39.5605610180231 8.58959360919171,39.56066231155 8.58964512318826,39.5607168255346 8.58974387265219,39.5605999779008 8.58983984204436,39.5605162961725 8.5900073488144,39.5603327628781 8.58982223369036,39.5603063667726 8.58964664130336,39.5604061658222 8.58965922891894,39.5604429541852 8.58962662235813,39.5604885750814 8.58958446707238,39.5605387214146 8.58953556455619,39.5605585333352 8.58948398215871,39.5605610180231</coordinates>
            </LinearRing>
          </outerBoundaryIs>
        </Polygon>
      </Placemark>
      <Placemark xmlns="http://www.opengis.net/kml/2.2">
        <styleUrl>#Parti singole_style_map</styleUrl>
        <name>T00958</name>
        <Polygon>
          <outerBoundaryIs>
            <LinearRing>
              <coordinates>8.58967746328904,39.5607637661884 8.58976395792808,39.5608892694913 8.58993661942407,39.5607872433979 8.58990752188507,39.5607233749621 8.59027731440726,39.5603864168459 8.59023597128547,39.5603620063008 8.5900073488144,39.5603327628781 8.58983984204436,39.5605162961725 8.58974387265219,39.5605999779008 8.58964512318826,39.5607168255346 8.58967746328904,39.5607637661884</coordinates>
            </LinearRing>
          </outerBoundaryIs>
        </Polygon>
      </Placemark>
      <Placemark xmlns="http://www.opengis.net/kml/2.2">
        <styleUrl>#Parti singole_style_map</styleUrl>
        <name>T00959</name>
        <Polygon>
          <outerBoundaryIs>
            <LinearRing>
              <coordinates>8.58993661942407,39.5607872433979 8.59006311639742,39.5608230643681 8.59012623583365,39.5608105286468 8.59029071011236,39.5606576461955 8.59048043431999,39.5604153895927 8.59027731440726,39.5603864168459 8.58990752188507,39.5607233749621 8.58993661942407,39.5607872433979</coordinates>
            </LinearRing>
          </outerBoundaryIs>
        </Polygon>
      </Placemark>
      <Placemark xmlns="http://www.opengis.net/kml/2.2">
        <styleUrl>#Parti singole_style_map</styleUrl>
        <name>T00961</name>
        <Polygon>
          <outerBoundaryIs>
            <LinearRing>
              <coordinates>8.5901331090222,39.5592309263796 8.59022743042895,39.5592784190344 8.59029899186282,39.559342266045 8.59038565473128,39.5595359682508 8.59039017876893,39.5595821348182 8.59061795352203,39.5595829470938 8.59080529559879,39.5595926177068 8.59108443510251,39.5595902222036 8.59109423354386,39.5596600142283 8.59109803160228,39.5597584828342 8.59117007686699,39.5597837940806 8.59123060899738,39.5597815023342 8.59131799378263,39.5598151929784 8.59135489346805,39.5598053755049 8.59145992972138,39.559850201784 8.5914821222231,39.5598769682853 8.59158980333699,39.5599273540787 8.59161003097101,39.5599220010395 8.591775232757,39.5598049078102 8.59179936449361,39.5597729791534 8.5918460142127,39.5597679081707 8.59194996245121,39.5598018007246 8.59211529704564,39.5598644263424 8.59216584999633,39.5599024200169 8.59218721030833,39.5599401399504 8.59250995232514,39.5597814307969 8.59287828168082,39.5595502668068 8.59284564416883,39.5595041459233 8.59219213244372,39.5592434109697 8.59166382759724,39.5590344442264 8.59154479268712,39.5589711699102 8.5914054061048,39.5588928307668 8.59130116579956,39.558879209808 8.59114160333663,39.5588312180125 8.59111127019959,39.5590567644598 8.59077491531534,39.5590877732544 8.59044520749629,39.5591285446235 8.59031298133702,39.5591706697312 8.59026299955852,39.5591822157375 8.59017397445755,39.559186127383 8.59017021600578,39.5592017018877 8.59013090789331,39.55921333056 8.5901331090222,39.5592309263796</coordinates>
            </LinearRing>
          </outerBoundaryIs>
        </Polygon>
      </Placemark>
      <Placemark xmlns="http://www.opengis.net/kml/2.2">
        <styleUrl>#Parti singole_style_map</styleUrl>
        <name>T00962</name>
        <Polygon>
          <outerBoundaryIs>
            <LinearRing>
              <coordinates>8.587904245751,39.5587894093297 8.58824442877374,39.5588845031489 8.58825308060302,39.5588466095944 8.58825388894874,39.5588004978899 8.58828373915948,39.5586915434018 8.58831721181282,39.558670704187 8.58837333774581,39.5586417639411 8.58871428453952,39.5586076427827 8.58892658778549,39.5585668121509 8.58909538662249,39.5585405589861 8.58920473449232,39.5585248715553 8.58934848383952,39.5585103688993 8.58954282566433,39.5584833314173 8.58960564144511,39.5584883829492 8.58980011471927,39.5584962783281 8.59000860463884,39.5585354795084 8.58994680635401,39.5584506007719 8.58992655329372,39.5584445193977 8.58981787313928,39.5583134325237 8.58971929850194,39.5582077631913 8.58964275885503,39.5581613240896 8.58943857446586,39.5580772032438 8.58922880014537,39.5580212193684 8.58908339724455,39.5579788431833 8.5887852949775,39.5579096161599 8.58854335075452,39.5578552020399 8.58851263529574,39.5578448845587 8.58847938980608,39.5578372341544 8.58823740042773,39.5577492289383 8.58820908205735,39.5577370907915 8.58806470662843,39.5576983210849 8.58799778661848,39.5576847484606 8.58795672930763,39.5581412073774 8.587904245751,39.5587894093297</coordinates>
            </LinearRing>
          </outerBoundaryIs>
        </Polygon>
      </Placemark>
      <Placemark xmlns="http://www.opengis.net/kml/2.2">
        <styleUrl>#Parti singole_style_map</styleUrl>
        <name>T00963</name>
        <Polygon>
          <outerBoundaryIs>
            <LinearRing>
              <coordinates>8.58824442877374,39.5588845031489 8.58843280379254,39.5589061198566 8.58859643811527,39.5590073534686 8.58864255543033,39.5590391248846 8.58874957481753,39.5591142441622 8.58889890699217,39.5592386281405 8.58901359866222,39.5592801299833 8.58920325139056,39.5593083454837 8.58932230251538,39.5593193086149 8.5896642140322,39.5593017039177 8.58979498407279,39.5592815864992 8.58995337455368,39.5592341662375 8.59006044067714,39.5592542317149 8.5901331090222,39.5592309263796 8.59013090789331,39.55921333056 8.59017021600578,39.5592017018877 8.59017397445755,39.559186127383 8.59026299955852,39.5591822157375 8.59031298133702,39.5591706697312 8.59044520749629,39.5591285446235 8.59077491531534,39.5590877732544 8.59111127019959,39.5590567644598 8.59114160333663,39.5588312180125 8.5910504034867,39.5587853679489 8.59101282202253,39.5587548169065 8.59092252588949,39.5587651489742 8.59075021679032,39.5587608746278 8.59050656268843,39.5587094409691 8.59044276314852,39.5586796532564 8.59023024835793,39.5585964054498 8.59012056177136,39.5585451283045 8.59006329412582,39.5585309061599 8.59000860463884,39.5585354795084 8.58980011471927,39.5584962783281 8.58960564144511,39.5584883829492 8.58954282566433,39.5584833314173 8.58934848383952,39.5585103688993 8.58920473449232,39.5585248715553 8.58909538662249,39.5585405589861 8.58892658778549,39.5585668121509 8.58871428453952,39.5586076427827 8.58837333774581,39.5586417639411 8.58831721181282,39.558670704187 8.58828373915948,39.5586915434018 8.58825388894874,39.5588004978899 8.58825308060302,39.5588466095944 8.58824442877374,39.5588845031489</coordinates>
            </LinearRing>
          </outerBoundaryIs>
        </Polygon>
      </Placemark>
      <Placemark xmlns="http://www.opengis.net/kml/2.2">
        <styleUrl>#Parti singole_style_map</styleUrl>
        <name>T00964</name>
        <Polygon>
          <outerBoundaryIs>
            <LinearRing>
              <coordinates>8.59006329412582,39.5585309061599 8.59012056177136,39.5585451283045 8.59023024835793,39.5585964054498 8.59044276314852,39.5586796532564 8.59050656268843,39.5587094409691 8.59075021679032,39.5587608746278 8.59092252588949,39.5587651489742 8.59101282202253,39.5587548169065 8.59056713614545,39.5586089827931 8.59028804912498,39.5585102279257 8.59007335182567,39.5584122763753 8.59006329412582,39.5585309061599</coordinates>
            </LinearRing>
          </outerBoundaryIs>
        </Polygon>
      </Placemark>
      <Placemark xmlns="http://www.opengis.net/kml/2.2">
        <styleUrl>#Parti singole_style_map</styleUrl>
        <name>T00965</name>
        <Polygon>
          <outerBoundaryIs>
            <LinearRing>
              <coordinates>8.58674596310021,39.5584669509835 8.587904245751,39.5587894093297 8.58795672930763,39.5581412073774 8.58799778661848,39.5576847484606 8.58786307107946,39.5576600057321 8.58765546707425,39.5576408787385 8.58761313338315,39.5576112017359 8.58752138417243,39.5576253013087 8.58744162116031,39.5576458046482 8.58739384937202,39.5577519471255 8.58725750246754,39.557945318589 8.58723883230295,39.5579942681092 8.58718405135624,39.5580103729534 8.58713835122327,39.5580595687495 8.58712780384933,39.5581343435415 8.58690054444473,39.5583729832643 8.58674596310021,39.5584669509835</coordinates>
            </LinearRing>
          </outerBoundaryIs>
        </Polygon>
      </Placemark>
      <Placemark xmlns="http://www.opengis.net/kml/2.2">
        <styleUrl>#Parti singole_style_map</styleUrl>
        <name>T00966</name>
        <Polygon>
          <outerBoundaryIs>
            <LinearRing>
              <coordinates>8.58892913997799,39.5603394027748 8.58903967132144,39.5603977660936 8.5891080684923,39.5603706259354 8.58898880228704,39.560313015657 8.58892913997799,39.5603394027748</coordinates>
            </LinearRing>
          </outerBoundaryIs>
        </Polygon>
      </Placemark>
      <Placemark xmlns="http://www.opengis.net/kml/2.2">
        <styleUrl>#Parti singole_style_map</styleUrl>
        <name>T00967</name>
        <Polygon>
          <outerBoundaryIs>
            <LinearRing>
              <coordinates>8.58913131147509,39.5605840353189 8.58967746328904,39.5607637661884 8.58964512318826,39.5607168255346 8.58959360919171,39.56066231155 8.58948398215871,39.5605610180231 8.58932403309502,39.5604735664052 8.58922346617437,39.560426951958 8.58918827089177,39.5604890613762 8.58914250314649,39.5605437539642 8.58913131147509,39.5605840353189</coordinates>
            </LinearRing>
          </outerBoundaryIs>
        </Polygon>
      </Placemark>
      <Placemark xmlns="http://www.opengis.net/kml/2.2">
        <styleUrl>#Parti singole_style_map</styleUrl>
        <name>T00968</name>
        <Polygon>
          <outerBoundaryIs>
            <LinearRing>
              <coordinates>8.59041314780395,39.5596410258793 8.59047339734402,39.5599279812417 8.59049615584587,39.5601077082763 8.59049648107687,39.5601236485914 8.59126788054296,39.5606752811479 8.59146345713254,39.5606767533124 8.59155360702421,39.5605311401279 8.59177873364952,39.560376738918 8.59184002479128,39.5602273028004 8.59186247748177,39.5601403154785 8.5920121961994,39.5600492522281 8.59213368737577,39.5600116286642 8.59218721030833,39.5599401399504 8.59216584999633,39.5599024200169 8.59211529704564,39.5598644263424 8.59194996245121,39.5598018007246 8.5918460142127,39.5597679081707 8.59179936449361,39.5597729791534 8.591775232757,39.5598049078102 8.59161003097101,39.5599220010395 8.59158980333699,39.5599273540787 8.5914821222231,39.5598769682853 8.59145992972138,39.559850201784 8.59135489346805,39.5598053755049 8.59131799378263,39.5598151929784 8.59123060899738,39.5597815023342 8.59117007686699,39.5597837940806 8.59109803160228,39.5597584828342 8.59109423354386,39.5596600142283 8.59108443510251,39.5595902222036 8.59080529559879,39.5595926177068 8.59061795352203,39.5595829470938 8.59039017876893,39.5595821348182 8.59041314780395,39.5596410258793</coordinates>
            </LinearRing>
          </outerBoundaryIs>
        </Polygon>
      </Placemark>
      <Placemark xmlns="http://www.opengis.net/kml/2.2">
        <styleUrl>#Parti singole_style_map</styleUrl>
        <name>T00969</name>
        <Polygon>
          <outerBoundaryIs>
            <LinearRing>
              <coordinates>8.58905731874905,39.5575992561943 8.58915874351832,39.5576477299524 8.58938997952034,39.5577513010222 8.58967224797529,39.5578822539913 8.58998201458969,39.5580265124346 8.59022619022646,39.5581391287905 8.59032456978721,39.5580427956911 8.59040284086624,39.5579375434886 8.59030894746738,39.557920444131 8.59022086798857,39.5578964903761 8.58982159173663,39.557757701012 8.58936871629898,39.5575712726428 8.5889795895112,39.5575258086521 8.58905731874905,39.5575992561943</coordinates>
            </LinearRing>
          </outerBoundaryIs>
        </Polygon>
      </Placemark>
      <Placemark xmlns="http://www.opengis.net/kml/2.2">
        <styleUrl>#Parti singole_style_map</styleUrl>
        <name>T00942</name>
        <Polygon>
          <outerBoundaryIs>
            <LinearRing>
              <coordinates>8.58790526374163,39.5599912298927 8.58803004252405,39.5599747423621 8.58809628769961,39.5598018540437 8.58798730386487,39.5597891053034 8.58790526374163,39.5599912298927</coordinates>
            </LinearRing>
          </outerBoundaryIs>
        </Polygon>
      </Placemark>
      <Placemark xmlns="http://www.opengis.net/kml/2.2">
        <styleUrl>#Parti singole_style_map</styleUrl>
        <name>T00970</name>
        <Polygon>
          <outerBoundaryIs>
            <LinearRing>
              <coordinates>8.59604298828882,39.5609605066412 8.59615381343698,39.561021594333 8.59632673970507,39.5610910521249 8.59639364158891,39.5611346781509 8.59658958794223,39.5612372382042 8.59672977271098,39.5613021936372 8.59702693435033,39.5614211246928 8.59713853301198,39.5614333424256 8.5972724954762,39.561489463571 8.59769847427862,39.5615844308045 8.59825454837554,39.5616758911629 8.59855563237055,39.5616806717661 8.59887108018022,39.5616674446316 8.59905430869472,39.5616406772439 8.59950452332149,39.5615805827208 8.599977375838,39.5614905692548 8.59998804042368,39.5615510108455 8.60022036362234,39.5614724845524 8.60036041781366,39.5614311590228 8.60047439358676,39.5613883379933 8.6007426269083,39.5612875617052 8.60171409736,39.5609487059894 8.60211718590545,39.560806860669 8.60258303968474,39.5606526504463 8.60286745770282,39.5605664041329 8.60315254536127,39.5604707977366 8.60367844892259,39.5603552712016 8.60382250620402,39.5603236321813 8.60423019217792,39.5602009600411 8.6047811517427,39.5601083549476 8.60494176453098,39.5600842584235 8.60493062156393,39.5601134858783 8.60514186663276,39.5600962199327 8.6052114490618,39.5600867524721 8.60541502397193,39.5600590350641 8.60564693962844,39.5600422348946 8.60632768682067,39.5599929250579 8.60638494960732,39.5600129237711 8.60642067051112,39.5599498017455 8.60651957392895,39.5599425773297 8.60683149868967,39.5599455261129 8.60700972523107,39.5599394798861 8.60717202207975,39.559944714419 8.60730385242021,39.5599423040913 8.60747102758217,39.5599494378524 8.6075064628539,39.5599429531083 8.60748344490981,39.5599107807024 8.60761413870803,39.559911736023 8.60757232325548,39.5598751030956 8.60752756053033,39.5598760150139 8.60748861930834,39.559856069789 8.60701275845696,39.5598290782538 8.60661799567009,39.5598249663311 8.60649469341091,39.5598302430195 8.60623524963651,39.5598284173985 8.60577777675477,39.5598494899031 8.60565792860045,39.5598717257557 8.60493450648012,39.5599479803739 8.60456525614673,39.5600058218266 8.60425061280601,39.5600530719478 8.60404535536746,39.5600920444192 8.60372520609263,39.5601636831698 8.60310807317074,39.560322769141 8.60300108436098,39.5603595977937 8.60180455549024,39.5607720004458 8.60165266498093,39.5608194231129 8.60142167348002,39.5608429401384 8.60114119060774,39.5609549657981 8.60098474794139,39.5609922083664 8.60075486004911,39.5610707445717 8.60068688433507,39.5611549190409 8.60038964512274,39.561277589452 8.60019408328285,39.5613279053711 8.59981709483043,39.5614176825102 8.59950484458549,39.5614924273477 8.59899129933491,39.5615474286169 8.59877399785799,39.5615561567466 8.59855678197714,39.5615460082507 8.59815126251989,39.5615021311164 8.59799148837102,39.5614808544366 8.59780557271337,39.5614650192969 8.59763606447119,39.561436148795 8.5973836687652,39.5613881501956 8.5971358155048,39.5613236870252 8.59675277237681,39.5611881314157 8.59641412899866,39.5610383935347 8.59612640808234,39.5608918232062 8.5961057429425,39.5609123938553 8.59604298828882,39.5609605066412</coordinates>
            </LinearRing>
          </outerBoundaryIs>
        </Polygon>
      </Placemark>
      <Placemark xmlns="http://www.opengis.net/kml/2.2">
        <styleUrl>#Parti singole_style_map</styleUrl>
        <name>T00971</name>
        <Polygon>
          <outerBoundaryIs>
            <LinearRing>
              <coordinates>8.60019408328285,39.5613279053711 8.60038964512274,39.561277589452 8.60032345310031,39.5611018415572 8.60012098337357,39.5611713254541 8.60019408328285,39.5613279053711</coordinates>
            </LinearRing>
          </outerBoundaryIs>
        </Polygon>
      </Placemark>
      <Placemark xmlns="http://www.opengis.net/kml/2.2">
        <styleUrl>#Parti singole_style_map</styleUrl>
        <name>T00972</name>
        <Polygon>
          <outerBoundaryIs>
            <LinearRing>
              <coordinates>8.6316638206808,39.5553826437811 8.63170691456065,39.5554589173969 8.63180579952376,39.5553985016871 8.63215315894505,39.5551792471233 8.63247813169567,39.5549911142639 8.63293985321073,39.5546800710554 8.63356235346384,39.5542883688406 8.6335859137231,39.5542659174736 8.6341094220986,39.5539123197242 8.63415079294983,39.5538606138959 8.63407928416331,39.5538045067456 8.63404011062582,39.5538146460021 8.63377268989191,39.5539945672349 8.63370526929202,39.5540330447389 8.63345992771387,39.5541730652565 8.63302289097701,39.5544504000099 8.63250649811387,39.5547552066146 8.63208871354035,39.5550266970115 8.63185336398467,39.5551864602711 8.63167132751411,39.5552970428469 8.6316175887515,39.5553296878228 8.6316638206808,39.5553826437811</coordinates>
            </LinearRing>
          </outerBoundaryIs>
        </Polygon>
      </Placemark>
      <Placemark xmlns="http://www.opengis.net/kml/2.2">
        <styleUrl>#Parti singole_style_map</styleUrl>
        <name>T00974</name>
        <Polygon>
          <outerBoundaryIs>
            <LinearRing>
              <coordinates>8.51918615506596,39.5588432631322 8.51917963381606,39.55881552301 8.51920707119366,39.5587307651663 8.51904662948111,39.558795919487 8.5189871899453,39.5588164581495 8.51894467592138,39.5588162820514 8.51894226471465,39.5588413870806 8.51895443370973,39.5588613562946 8.51899448269323,39.558894431512 8.51903694887749,39.5589015356743 8.51918615506596,39.5588432631322</coordinates>
            </LinearRing>
          </outerBoundaryIs>
        </Polygon>
      </Placemark>
      <Placemark xmlns="http://www.opengis.net/kml/2.2">
        <styleUrl>#Parti singole_style_map</styleUrl>
        <name>T00975</name>
        <Polygon>
          <outerBoundaryIs>
            <LinearRing>
              <coordinates>8.51857115708251,39.5591285954457 8.51860495459806,39.5590949601832 8.51844837326897,39.5589254341796 8.51843745505513,39.5588864173286 8.51848369105508,39.558833780906 8.51852180782613,39.5588226804862 8.51869395175417,39.5588450449338 8.51872089856476,39.5588313000495 8.51875269910112,39.5586010665004 8.51872042200486,39.5585766837584 8.51863432938537,39.5585685326234 8.5181331705457,39.5587197424671 8.51857115708251,39.5591285954457</coordinates>
            </LinearRing>
          </outerBoundaryIs>
        </Polygon>
      </Placemark>
      <Placemark xmlns="http://www.opengis.net/kml/2.2">
        <styleUrl>#Parti singole_style_map</styleUrl>
        <name>T03590</name>
        <Polygon>
          <outerBoundaryIs>
            <LinearRing>
              <coordinates>8.54267660920685,39.552937135203 8.54297081162134,39.5527888310134 8.54319547808228,39.5528110512716 8.5435203224102,39.5531493577566 8.54372469517141,39.5532703939494 8.54399939988792,39.5533318597523 8.5445197201527,39.5533273331753 8.54491787646831,39.5532440714137 8.54571519168227,39.5528967746423 8.54601694838965,39.5527545291608 8.54637248382823,39.5528808909412 8.54654074959605,39.5528081504173 8.54665460187318,39.552651374688 8.54667828125062,39.5525112042192 8.54669354743245,39.5524207556259 8.54681712868328,39.5522854891798 8.54751321534325,39.5519731232024 8.54771005581254,39.5519105027137 8.54788115623268,39.551748416388 8.5482747392192,39.5516325351147 8.54856334776815,39.5514593175771 8.5486748832766,39.5514505606107 8.54885791316791,39.5515070904232 8.54865828541682,39.5515044946783 8.54856242330761,39.551562364488 8.54859151888469,39.5515985727441 8.54868283026632,39.5515765821575 8.54892301686096,39.5515958782678 8.5492635499461,39.551466884859 8.54962353776299,39.5513151969329 8.54955953157859,39.5514253966362 8.54961260899923,39.551450047369 8.54974463932474,39.5513047730951 8.54981280656137,39.5512691674617 8.55005181255367,39.5512045169419 8.55023261168342,39.5511470469614 8.5505243643052,39.551039206251 8.55071029881711,39.5509794037181 8.55084627531681,39.5509471683386 8.55093743220721,39.550941664182 8.5515159389718,39.5510602223774 8.5518408843403,39.5511384335727 8.55212634843921,39.5512260785364 8.55222535736064,39.5512086199859 8.55238724198662,39.5510985708437 8.5525604093303,39.5510275614178 8.55273511750168,39.5510046995706 8.55298930503561,39.5509714301984 8.55306993951744,39.5509080288837 8.55310510373426,39.5508767543842 8.55316972896222,39.5508051461018 8.55319324699384,39.5507768001556 8.55324692205486,39.5506286884924 8.55320054571809,39.5506134539043 8.55317086311273,39.5506792498742 8.55289683023167,39.5505443565381 8.55288055578763,39.5506282065864 8.55312018484993,39.550710446677 8.55310425593711,39.5507568333555 8.55305935634018,39.5507925575065 8.55298122227512,39.5508580948652 8.5529329119138,39.5508413389998 8.55235409035714,39.5508892514888 8.55191767530115,39.5509183565663 8.55192955734783,39.5508914436659 8.55190871143578,39.550804756463 8.55187738795022,39.5507727031805 8.55170506347959,39.5507507918699 8.55114157316379,39.5504734144544 8.55093487637762,39.5503943521183 8.55068767159331,39.550276442571 8.55062477584945,39.5501591827522 8.55068848839603,39.5501282807429 8.55066973015413,39.5500592254881 8.55068951479226,39.5500143587741 8.55065570754023,39.5499903867788 8.55044317073155,39.550080604071 8.55032102389837,39.5501324628579 8.5503511838727,39.55022555668 8.55026121766658,39.5503135090191 8.54994702838947,39.5503312855224 8.54994618602728,39.5502113644906 8.54975155286279,39.5501155426344 8.54960637150924,39.5500937694854 8.54933769265719,39.5502227094191 8.54911033556809,39.5502844303226 8.54906579648393,39.5502947813928 8.5490307918938,39.5503065750737 8.54887376481718,39.5504980552707 8.54871256775083,39.5508568398548 8.54858820922881,39.5509442247387 8.54845870587756,39.5509491004177 8.54832172257168,39.5509390258454 8.54822312371907,39.5510635607707 8.5481346784158,39.5511533104054 8.5479950296388,39.5512077206211 8.54788200883881,39.551228373726 8.54763883316179,39.5512483846598 8.54736795723885,39.5514042972121 8.54743657962314,39.5516013940817 8.54752750212658,39.5516213727428 8.54744074052725,39.5517812913972 8.54714660525043,39.5518659406249 8.54693353828467,39.5518482874047 8.54678225037606,39.5518594464849 8.54665344673884,39.5519531731809 8.54626158305883,39.5523670073553 8.54599882176808,39.5524839879614 8.54560594485453,39.5527898998942 8.5449738810026,39.5530898007626 8.54436953264365,39.5532498684022 8.54372531174853,39.5532171817159 8.54343465371872,39.5529990540469 8.54331952019896,39.552771650653 8.543175090181,39.5526951710733 8.54289069256718,39.5526692467296 8.54267660920685,39.552937135203</coordinates>
            </LinearRing>
          </outerBoundaryIs>
          <innerBoundaryIs>
            <LinearRing>
              <coordinates>8.55070624748505,39.5505955232689 8.55099062155586,39.5506585237018 8.55150280129834,39.5508231923814 8.55184733832338,39.5508790256128 8.55184713537898,39.5509015054677 8.55149676928068,39.5508471454298 8.55094143052319,39.5506737320633 8.55071185172368,39.5506180436095 8.55070624748505,39.5505955232689</coordinates>
            </LinearRing>
          </innerBoundaryIs>
          <innerBoundaryIs>
            <LinearRing>
              <coordinates>8.55051055701147,39.5508144725826 8.55055032129495,39.5508063820806 8.55066688836664,39.5507770451817 8.55071750188468,39.5507776915151 8.55090344687732,39.5507936921598 8.55088121904375,39.5508925029859 8.55069702970597,39.5508731392549 8.55057669916759,39.5508904689423 8.55056344432856,39.5508559263117 8.55053183824493,39.5508623184202 8.55051055701147,39.5508144725826</coordinates>
            </LinearRing>
          </innerBoundaryIs>
        </Polygon>
      </Placemark>
      <Placemark xmlns="http://www.opengis.net/kml/2.2">
        <styleUrl>#Parti singole_style_map</styleUrl>
        <name>T03591</name>
        <Polygon>
          <outerBoundaryIs>
            <LinearRing>
              <coordinates>8.55014220410657,39.5488450756451 8.5503614862902,39.5488650086202 8.55055291779638,39.5489155224099 8.55092232616587,39.5490798753152 8.55094320599217,39.5492295897448 8.55100537153832,39.5494509783682 8.5510184327808,39.5495065051451 8.55103535017214,39.5495650652707 8.55112294578696,39.5497379146507 8.55120557591443,39.5498163080556 8.55144398473165,39.5499246136213 8.55159480177181,39.549965904476 8.55173219172258,39.5499921321862 8.5520791766624,39.5499925159237 8.55216861072429,39.549961523089 8.55223305242435,39.5499094128491 8.55229559101771,39.5498527900974 8.55231702453974,39.5498409160855 8.55226183320248,39.5496835550621 8.55230840188122,39.5496778058302 8.55236277383926,39.5496676085497 8.55237223485239,39.5496931441031 8.55314566801074,39.549587440705 8.55317722238152,39.5495291484815 8.55334739898908,39.5495661595851 8.55332492550319,39.5495388170573 8.55339111468504,39.5495062021225 8.55352147322826,39.5494020129398 8.5533977349851,39.5493668656055 8.55316155177971,39.5493341147741 8.55258756656842,39.5493594853327 8.55210882478705,39.5494420482439 8.55202540943246,39.5494475921972 8.55188796053885,39.5494288611569 8.55181850409324,39.5493940026742 8.55174346049928,39.5493321368015 8.55169535442134,39.5492929095744 8.55165405172391,39.5491442877721 8.55170955280034,39.5489713785333 8.55183376695151,39.5489540626478 8.55190563731901,39.5491508271237 8.55193181337339,39.5492573845591 8.55209488052961,39.5492884863542 8.55225209326164,39.5492653595146 8.55233559916984,39.5492493187726 8.55260949708673,39.549183346793 8.55270346877987,39.5491686796251 8.55333642819121,39.5490521981301 8.55351490154764,39.5490366749317 8.55360873882172,39.5490447214276 8.55373836706324,39.5490724036298 8.55386576655593,39.549130054324 8.55391785146131,39.5491588079744 8.55394462567814,39.5491979343325 8.55397496223832,39.5493186534301 8.55409394490349,39.5494512100339 8.55415934610626,39.5495070185084 8.55431800546097,39.5495378569865 8.55448644261943,39.5495612452171 8.55488635987302,39.5497088082915 8.555015607098,39.549716259534 8.55488693483361,39.5496916999766 8.55441749805117,39.5495152895864 8.55428091665808,39.5493991365608 8.5542616456307,39.5493024003264 8.55416463327553,39.5490995129061 8.55402224364383,39.5489818235456 8.55389710947277,39.548886716982 8.55365301712385,39.548811642516 8.55340919653755,39.5487668521317 8.5533587723104,39.5487695775454 8.55291213021379,39.5488600971641 8.55267592006739,39.5488318413721 8.55263099055251,39.5487800303937 8.55251732451151,39.5482555816429 8.55246138146539,39.5479726955608 8.552407087367,39.5477610420639 8.55230725885838,39.547635270205 8.55223802602146,39.5475749407628 8.55216114282529,39.5475025800834 8.55200483643272,39.547425281717 8.55180770568242,39.5473475733086 8.5516873145332,39.5475252869374 8.55147986636481,39.5476724617871 8.55145581001802,39.5479017976501 8.55133764584714,39.5480623459038 8.55108444130337,39.5481973685885 8.55072867433806,39.548249883317 8.55048310652732,39.548396944929 8.55026975023527,39.5486093111183 8.55014220410657,39.5488450756451</coordinates>
            </LinearRing>
          </outerBoundaryIs>
          <innerBoundaryIs>
            <LinearRing>
              <coordinates>8.55235912397176,39.5488995763702 8.55240278026874,39.5487873864562 8.55267938578983,39.5488503528245 8.55274898710889,39.5488717049453 8.55275636166807,39.5489122255401 8.55264925960341,39.5489671001007 8.55253674367717,39.5489769834004 8.55239159472273,39.548952213431 8.55235912397176,39.5488995763702</coordinates>
            </LinearRing>
          </innerBoundaryIs>
        </Polygon>
      </Placemark>
      <Placemark xmlns="http://www.opengis.net/kml/2.2">
        <styleUrl>#Parti singole_style_map</styleUrl>
        <name>T00976</name>
        <Polygon>
          <outerBoundaryIs>
            <LinearRing>
              <coordinates>8.55184710555636,39.5472909065212 8.55202461576998,39.5473592856225 8.55221678430011,39.547452174875 8.55233600382652,39.5475577484305 8.55248188601704,39.5477377414052 8.5525195265548,39.5478623634732 8.55256941906303,39.5480708103175 8.55269011488394,39.5487419554393 8.55272225698073,39.5487733178742 8.55289644703628,39.5488012357042 8.55336718513774,39.5487045737028 8.55364400527207,39.548745048945 8.5539416594733,39.5488380884298 8.5542250406759,39.5490663617101 8.55431125197261,39.5492511510313 8.55435481578777,39.5493638115411 8.5544691220081,39.5494670393795 8.55457728751552,39.5495095953672 8.55493011236533,39.549631983149 8.5551244516063,39.5496654440987 8.5552338516207,39.5496824870957 8.55535019396198,39.5496786166836 8.55561020929107,39.5496485445024 8.55592298443802,39.5495707838667 8.55606030425508,39.5496044937372 8.55623933040084,39.5497433595973 8.55629153543585,39.5497571465697 8.55646375715149,39.5497895476639 8.55658479051406,39.5498056967508 8.55667966947952,39.5498167001174 8.55689361683343,39.5498673344689 8.55694444548384,39.5499035695106 8.55698675691947,39.5499412677456 8.55701934284287,39.5499819202803 8.55725497269742,39.5507536391041 8.55730296395211,39.5508115689254 8.55737047353846,39.5508494081212 8.55740332275297,39.5508615710503 8.55757975466148,39.5508565218037 8.55775224209665,39.5508604495248 8.5578994612418,39.5508717322979 8.55801412653818,39.5509251311713 8.55809902156799,39.5509690459653 8.55823893501732,39.5511466752742 8.55855209289946,39.5514881031622 8.55871705888677,39.5516450584268 8.55886633895411,39.5517281146581 8.55907999838852,39.5517739324004 8.5594173565254,39.5517667431238 8.56018579619772,39.5516741199835 8.56036925110845,39.5517515461445 8.5603867993655,39.5517926363639 8.56041317060181,39.5518797123875 8.56041248985497,39.5519561620043 8.56038358644944,39.5521538641915 8.56037933571629,39.5522039992951 8.56039396702596,39.5523015188346 8.56048827060998,39.5523784631233 8.56057322058887,39.5524178891958 8.56064656967218,39.5524512614632 8.56080325716073,39.5524880754626 8.56089148950589,39.552481417147 8.56096914736819,39.5524683395125 8.56111519831988,39.5523941783667 8.56124181883721,39.5523243947018 8.56168597873578,39.5521012836055 8.56190946458582,39.5520380187907 8.56193656619405,39.5520426622059 8.56194882853064,39.5520546020261 8.56259590995438,39.5512818418886 8.56039456224068,39.550337001354 8.55922179244459,39.5498413966959 8.55760759159048,39.5491523066367 8.55580498653032,39.5483951939003 8.55386813123725,39.5475735735444 8.55219997572247,39.5468682618343 8.55198917684221,39.5471242328575 8.55184710555636,39.5472909065212</coordinates>
            </LinearRing>
          </outerBoundaryIs>
        </Polygon>
      </Placemark>
      <Placemark xmlns="http://www.opengis.net/kml/2.2">
        <styleUrl>#Parti singole_style_map</styleUrl>
        <name>T00977</name>
        <Polygon>
          <outerBoundaryIs>
            <LinearRing>
              <coordinates>8.52165349723159,39.5604161714737 8.52199608847743,39.5607450507709 8.52217442332171,39.561156778361 8.52315893040066,39.5606643690667 8.52514989103805,39.5596676764027 8.52570019246932,39.5593840117957 8.52469319765217,39.5589476546553 8.52446439765406,39.5589508536961 8.52429809527928,39.5589079415274 8.52334920478782,39.5597709274872 8.52322817178239,39.5598586680811 8.52290289987927,39.5600187149056 8.52270436381543,39.5601030279807 8.52229109225212,39.560269144692 8.52192240393102,39.5603045244814 8.52176111022826,39.5603455778443 8.52165349723159,39.5604161714737</coordinates>
            </LinearRing>
          </outerBoundaryIs>
        </Polygon>
      </Placemark>
      <Placemark xmlns="http://www.opengis.net/kml/2.2">
        <styleUrl>#Parti singole_style_map</styleUrl>
        <name>T00827</name>
        <Polygon>
          <outerBoundaryIs>
            <LinearRing>
              <coordinates>8.55471272781051,39.5502954055434 8.55511697916878,39.550392022304 8.55517069977621,39.5502379180745 8.55477994842162,39.5501488678275 8.55471272781051,39.5502954055434</coordinates>
            </LinearRing>
          </outerBoundaryIs>
        </Polygon>
      </Placemark>
      <Placemark xmlns="http://www.opengis.net/kml/2.2">
        <styleUrl>#Parti singole_style_map</styleUrl>
        <name>T00828</name>
        <Polygon>
          <outerBoundaryIs>
            <LinearRing>
              <coordinates>8.55274679714131,39.5510690058393 8.55307815169506,39.5510827967689 8.55298930503561,39.5509714301984 8.55273511750168,39.5510046995706 8.55274679714131,39.5510690058393</coordinates>
            </LinearRing>
          </outerBoundaryIs>
        </Polygon>
      </Placemark>
      <Placemark xmlns="http://www.opengis.net/kml/2.2">
        <styleUrl>#Parti singole_style_map</styleUrl>
        <name>T00829</name>
        <Polygon>
          <outerBoundaryIs>
            <LinearRing>
              <coordinates>8.55298930503561,39.5509714301984 8.55307815169506,39.5510827967689 8.55370248480589,39.5513866815994 8.5546276350735,39.5518524874562 8.55470850083059,39.5517237614056 8.55476553337252,39.5516326339056 8.55422157923978,39.5514730655782 8.55377623661741,39.5511151159785 8.5537190851375,39.5509832472234 8.55361466652126,39.5508824804421 8.55348534819725,39.550820488164 8.55326670347734,39.5509304286394 8.55310510373426,39.5508767543842 8.55306993951744,39.5509080288837 8.55298930503561,39.5509714301984</coordinates>
            </LinearRing>
          </outerBoundaryIs>
        </Polygon>
      </Placemark>
      <Placemark xmlns="http://www.opengis.net/kml/2.2">
        <styleUrl>#Parti singole_style_map</styleUrl>
        <name>T00832</name>
        <Polygon>
          <outerBoundaryIs>
            <LinearRing>
              <coordinates>8.54897193656394,39.5499434125819 8.54911475278251,39.5502259978111 8.54911033556809,39.5502844303226 8.54933769265719,39.5502227094191 8.54960637150924,39.5500937694854 8.54975155286279,39.5501155426344 8.54994618602728,39.5502113644906 8.55032102389837,39.5501324628579 8.55044317073155,39.550080604071 8.55040476774929,39.5499014392245 8.55037349736654,39.5497154001027 8.55026675844913,39.5495154542066 8.55027830212279,39.5492833851446 8.55018346783372,39.5490550307995 8.55014220410657,39.5488450756451 8.55012583083426,39.5488753408179 8.54991054689765,39.5490488375288 8.54969660145048,39.5491286141125 8.54923738270579,39.5492676362218 8.54901554688091,39.5495752147932 8.54897193656394,39.5499434125819</coordinates>
            </LinearRing>
          </outerBoundaryIs>
        </Polygon>
      </Placemark>
      <Placemark xmlns="http://www.opengis.net/kml/2.2">
        <styleUrl>#Parti singole_style_map</styleUrl>
        <name>T00833</name>
        <Polygon>
          <outerBoundaryIs>
            <LinearRing>
              <coordinates>8.55018346783372,39.5490550307995 8.55027830212279,39.5492833851446 8.55026675844913,39.5495154542066 8.55037349736654,39.5497154001027 8.55040476774929,39.5499014392245 8.55044317073155,39.550080604071 8.55065570754023,39.5499903867788 8.55068951479226,39.5500143587741 8.55066973015413,39.5500592254881 8.55068848839603,39.5501282807429 8.55062477584945,39.5501591827522 8.55081720991048,39.5503146246518 8.55105773234244,39.5503823208518 8.55170370020258,39.550543225886 8.55188780372102,39.5505487118649 8.55201983172464,39.5505239474114 8.55226491706894,39.5504308433006 8.55263813111679,39.550189688888 8.5524180369979,39.5500925570205 8.55212763589504,39.5502663629536 8.5519103508343,39.550286176333 8.55181364057954,39.550263160318 8.55144578546081,39.5501093312562 8.55128550747599,39.5500425135805 8.55114095667814,39.5499517891337 8.55099524007424,39.549713480667 8.55094574021149,39.5494014345561 8.55090442931365,39.549230872434 8.55094320599217,39.5492295897448 8.55092232616587,39.5490798753152 8.55055291779638,39.5489155224099 8.5503614862902,39.5488650086202 8.55014220410657,39.5488450756451 8.55018346783372,39.5490550307995</coordinates>
            </LinearRing>
          </outerBoundaryIs>
        </Polygon>
      </Placemark>
      <Placemark xmlns="http://www.opengis.net/kml/2.2">
        <styleUrl>#Parti singole_style_map</styleUrl>
        <name>T00835</name>
        <Polygon>
          <outerBoundaryIs>
            <LinearRing>
              <coordinates>8.55358508880593,39.5508539393267 8.55361466652126,39.5508824804421 8.5537190851375,39.5509832472234 8.55374728535273,39.5509634338696 8.55377886431972,39.5509412637886 8.55380767535609,39.550971405738 8.55378619174068,39.5509892626532 8.55395561236569,39.551117598117 8.5539751428462,39.5511012113548 8.55400786058588,39.5511283678365 8.55396687523799,39.5511581245452 8.5541304793577,39.5512879241073 8.55443900161857,39.5510377665736 8.55421750220457,39.5508721185856 8.55461156499472,39.5505424398208 8.55442101531196,39.5503930212782 8.55445422556307,39.5503632165545 8.5542809109827,39.5502378672799 8.55422618451928,39.5502870335451 8.55438020190804,39.5504032895678 8.55431725473275,39.550453019008 8.55426618094134,39.5504933782467 8.55424921882673,39.5505067654857 8.55436667426914,39.5505928499283 8.55411862877736,39.5508013597399 8.55387795637453,39.5506201848612 8.55383307643637,39.5506529179765 8.55379455137564,39.5506257301207 8.55376527607985,39.5506480532237 8.55380766715663,39.550676760659 8.55360525734388,39.5508378794486 8.55358508880593,39.5508539393267</coordinates>
            </LinearRing>
          </outerBoundaryIs>
        </Polygon>
      </Placemark>
      <Placemark xmlns="http://www.opengis.net/kml/2.2">
        <styleUrl>#Parti singole_style_map</styleUrl>
        <name>T00839</name>
        <Polygon>
          <outerBoundaryIs>
            <LinearRing>
              <coordinates>8.55470395865351,39.5507255225463 8.55478483314523,39.5507844264528 8.5548208239694,39.5507548034815 8.55473789889726,39.5506944140523 8.55470395865351,39.5507255225463</coordinates>
            </LinearRing>
          </outerBoundaryIs>
        </Polygon>
      </Placemark>
      <Placemark xmlns="http://www.opengis.net/kml/2.2">
        <styleUrl>#Parti singole_style_map</styleUrl>
        <name>T00837</name>
        <Polygon>
          <outerBoundaryIs>
            <LinearRing>
              <coordinates>8.55458871698524,39.5508208328163 8.55472157802827,39.5509204823872 8.55474943880957,39.550897279624 8.5547634335229,39.5508856289299 8.55474988107899,39.5508754494197 8.5546316742937,39.5507865873202 8.55458871698524,39.5508208328163</coordinates>
            </LinearRing>
          </outerBoundaryIs>
        </Polygon>
      </Placemark>
      <Placemark xmlns="http://www.opengis.net/kml/2.2">
        <styleUrl>#Parti singole_style_map</styleUrl>
        <name>T00973</name>
        <Polygon>
          <outerBoundaryIs>
            <LinearRing>
              <coordinates>8.51881429030825,39.559065159978 8.51901614615978,39.5589975794095 8.51920245222908,39.5589134794461 8.51918615506596,39.5588432631322 8.51903694887749,39.5589015356743 8.51899448269323,39.558894431512 8.51895510347748,39.5589263116989 8.51876678109826,39.5589783596129 8.51881429030825,39.559065159978</coordinates>
            </LinearRing>
          </outerBoundaryIs>
        </Polygon>
      </Placemark>
      <Placemark xmlns="http://www.opengis.net/kml/2.2">
        <styleUrl>#Parti singole_style_map</styleUrl>
        <name>T00831</name>
        <Polygon>
          <outerBoundaryIs>
            <LinearRing>
              <coordinates>8.55334739898908,39.5495661595851 8.55352966797303,39.5497719794372 8.55357502332627,39.5497485288473 8.55339111468504,39.5495062021225 8.55332492550319,39.5495388170573 8.55334739898908,39.5495661595851</coordinates>
            </LinearRing>
          </outerBoundaryIs>
        </Polygon>
      </Placemark>
      <Placemark xmlns="http://www.opengis.net/kml/2.2">
        <styleUrl>#Parti singole_style_map</styleUrl>
        <name>T00844</name>
        <Polygon>
          <outerBoundaryIs>
            <LinearRing>
              <coordinates>8.56435195462239,39.5540955131541 8.56450825253073,39.5541415472168 8.56534016574197,39.5544521486188 8.56544847413938,39.5543921130495 8.565329234301,39.5541598955174 8.56522526171057,39.5538948655355 8.56526888476959,39.5538205949737 8.56527059868203,39.5538070859783 8.56550160544962,39.5538482805246 8.56549973646529,39.5533366971598 8.56535708148249,39.5532570440911 8.5650096819159,39.5532514634435 8.56505694498685,39.5533221896333 8.56490261551573,39.5534084754716 8.56483533674619,39.5533605226291 8.56435950596793,39.5539044335731 8.56438818071232,39.5539033517838 8.56442026793988,39.5538926327838 8.56447482820395,39.5539139665126 8.56453730243919,39.5539373031424 8.56444756275503,39.554065534194 8.56438221265531,39.5540479082523 8.56435195462239,39.5540955131541</coordinates>
            </LinearRing>
          </outerBoundaryIs>
        </Polygon>
      </Placemark>
      <Placemark xmlns="http://www.opengis.net/kml/2.2">
        <styleUrl>#Parti singole_style_map</styleUrl>
        <name>T03592</name>
        <Polygon>
          <outerBoundaryIs>
            <LinearRing>
              <coordinates>8.56122244411059,39.5532411710482 8.56150845858815,39.5536825113788 8.56158386429619,39.5539809280112 8.56149949389296,39.5540874172367 8.56186364705087,39.5541687128363 8.5623851185772,39.5539986189381 8.56253388497938,39.5540315713861 8.56293877676456,39.5542426749121 8.56322396800816,39.5543038734708 8.56381943422673,39.5543447206229 8.56423436624568,39.5545500547296 8.56441103316026,39.5546836731246 8.56464921820337,39.5546774121505 8.56493771499415,39.5547503232417 8.56506544884451,39.5548693588893 8.56535789804031,39.5549581868716 8.56585306030873,39.5549468661094 8.5661518502981,39.5550139559918 8.56663725199779,39.5550766238246 8.56684142838224,39.5550682942318 8.5670938484064,39.5550996812152 8.56734431064545,39.5550940371451 8.5673533006578,39.5550708962173 8.56735194157513,39.5549487659133 8.56745145691401,39.5549605616592 8.56772859952966,39.5549432126786 8.56792543087197,39.5549404942697 8.56811245027025,39.554948983857 8.568106989605,39.5550542756212 8.56893246847041,39.555182828873 8.56930881106471,39.5553168024378 8.56949926879752,39.555384941544 8.56889656073577,39.5549967235351 8.56848104073617,39.5547221328916 8.56814300232228,39.5544972953288 8.56807323647242,39.5544876561631 8.56781580145082,39.5544731559167 8.56761596724033,39.5545416289505 8.56734460916265,39.5545798760224 8.56712839969433,39.5545749886286 8.56683948091428,39.5545509170796 8.56610308896874,39.5544338636167 8.5658440771255,39.5543625072956 8.56563376229292,39.5542003017598 8.56550181866044,39.5539036134172 8.56550160544962,39.5538482805246 8.56527059868203,39.5538070859783 8.56526888476959,39.5538205949737 8.56522526171057,39.5538948655355 8.565329234301,39.5541598955174 8.56544847413938,39.5543921130495 8.56534016574197,39.5544521486188 8.56450825253073,39.5541415472168 8.56435195462239,39.5540955131541 8.56438221265531,39.5540479082523 8.56447482820395,39.5539139665126 8.56442026793988,39.5538926327838 8.56438818071232,39.5539033517838 8.56435950596793,39.5539044335731 8.56429124102308,39.5539303883509 8.56424261277238,39.5539338820798 8.56391471140488,39.5538902938999 8.56370060612618,39.5538657746476 8.5633078184397,39.5537716456063 8.56295697464118,39.553533851103 8.56291343508258,39.5535110714469 8.56272911152817,39.5534725253752 8.56254669135883,39.5534959858787 8.56242250049001,39.5535253870458 8.56235445871067,39.5535269056645 8.56224873148013,39.5535039094005 8.56216644737302,39.5534659002099 8.56213790360099,39.5533962422818 8.56211728146601,39.5532552077909 8.56217284098003,39.5527752597241 8.56225009020511,39.5525236957216 8.5621118351684,39.5522191677756 8.56190915006944,39.5520583988493 8.56163825559669,39.552349309545 8.56148916141741,39.552675648459 8.56123712876342,39.5529353817706 8.56124474536764,39.5529771281201 8.56140613316424,39.553027420415 8.56122244411059,39.5532411710482</coordinates>
            </LinearRing>
          </outerBoundaryIs>
        </Polygon>
      </Placemark>
      <Placemark xmlns="http://www.opengis.net/kml/2.2">
        <styleUrl>#Parti singole_style_map</styleUrl>
        <name>T00847</name>
        <Polygon>
          <outerBoundaryIs>
            <LinearRing>
              <coordinates>8.5671099017119,39.5536772981245 8.56717980341667,39.5537192131796 8.56721927363084,39.5536797601248 8.56715105339598,39.5536388515012 8.5671099017119,39.5536772981245</coordinates>
            </LinearRing>
          </outerBoundaryIs>
        </Polygon>
      </Placemark>
      <Placemark xmlns="http://www.opengis.net/kml/2.2">
        <styleUrl>#Parti singole_style_map</styleUrl>
        <name>T03593</name>
        <Polygon>
          <outerBoundaryIs>
            <LinearRing>
              <coordinates>8.5622163067157,39.5534054400256 8.56223063162187,39.5534336961858 8.56229358460971,39.5534584504394 8.56237368327213,39.5534682671666 8.56245145531522,39.5534649290822 8.5625689483707,39.5534326283771 8.56272216555825,39.5534165183857 8.56296469453777,39.5534666544993 8.56334458960719,39.5537212092081 8.56373577769074,39.5538142418731 8.56422114524416,39.5538806769474 8.56426977345868,39.5538771832272 8.56430639134037,39.5538567051109 8.56467892779285,39.553439214555 8.56418680842376,39.5530982850553 8.56391761538599,39.5530423839011 8.56227940633705,39.5526907305909 8.56224837168309,39.5527987549336 8.56219574327503,39.5532569002112 8.5622163067157,39.5534054400256</coordinates>
            </LinearRing>
          </outerBoundaryIs>
        </Polygon>
      </Placemark>
      <Placemark xmlns="http://www.opengis.net/kml/2.2">
        <styleUrl>#Parti singole_style_map</styleUrl>
        <name>T00845</name>
        <Polygon>
          <outerBoundaryIs>
            <LinearRing>
              <coordinates>8.56657273791389,39.5559149600646 8.56830603951175,39.5560504976796 8.56864783112905,39.5561443573375 8.56902982110882,39.5562994187837 8.56895911626239,39.5562606644776 8.56884397167375,39.5561766487288 8.56877687221037,39.5560820620339 8.56876157740273,39.5560031923895 8.56882578153387,39.5559131929257 8.56878858003763,39.5558306648625 8.56895403860824,39.5557857051919 8.56898225521654,39.5558530625974 8.56930932445636,39.5557566588219 8.56894656230825,39.5557618542806 8.5686616298316,39.5558355184547 8.56822938940936,39.5558050702429 8.56823188288291,39.5557840225083 8.56824250803599,39.5556942926726 8.56658719115955,39.5556520041795 8.56657273791389,39.5559149600646</coordinates>
            </LinearRing>
          </outerBoundaryIs>
          <innerBoundaryIs>
            <LinearRing>
              <coordinates>8.56733721685311,39.5558343307299 8.56768439625949,39.5558662136146 8.56767140499933,39.5559638365946 8.56731932484635,39.5559356836838 8.56733721685311,39.5558343307299</coordinates>
            </LinearRing>
          </innerBoundaryIs>
          <innerBoundaryIs>
            <LinearRing>
              <coordinates>8.56779857881545,39.5558686839737 8.56815793348892,39.555898745632 8.56814730556908,39.5560020268949 8.56778066407787,39.5559719290716 8.56779857881545,39.5558686839737</coordinates>
            </LinearRing>
          </innerBoundaryIs>
          <innerBoundaryIs>
            <LinearRing>
              <coordinates>8.56827103436235,39.5559085999274 8.56865953455329,39.55593881344 8.56864895394023,39.5560383376418 8.56825557624477,39.5560099800958 8.56827103436235,39.5559085999274</coordinates>
            </LinearRing>
          </innerBoundaryIs>
          <innerBoundaryIs>
            <LinearRing>
              <coordinates>8.56682002143429,39.5557940368615 8.56721820417987,39.5558280666127 8.56721004249108,39.555927608707 8.56680694722287,39.5558991830113 8.56682002143429,39.5557940368615</coordinates>
            </LinearRing>
          </innerBoundaryIs>
          <innerBoundaryIs>
            <LinearRing>
              <coordinates>8.56696016542245,39.5557715594855 8.56697129238203,39.5557226573407 8.56817150924262,39.5558073766501 8.568170074523,39.555854992152 8.56696016542245,39.5557715594855</coordinates>
            </LinearRing>
          </innerBoundaryIs>
        </Polygon>
      </Placemark>
      <Placemark xmlns="http://www.opengis.net/kml/2.2">
        <styleUrl>#Parti singole_style_map</styleUrl>
        <name>T00849</name>
        <Polygon>
          <outerBoundaryIs>
            <LinearRing>
              <coordinates>8.56391761538599,39.5530423839011 8.56418680842376,39.5530982850553 8.56449343970605,39.5530435356489 8.56477644803446,39.5529116320132 8.56469987200644,39.5527778397412 8.56437197057843,39.5527648337278 8.56431701866297,39.5526593334916 8.56406644304817,39.5526955875468 8.56406964243216,39.5528834818259 8.56395051762222,39.5528922520977 8.56391761538599,39.5530423839011</coordinates>
            </LinearRing>
          </outerBoundaryIs>
        </Polygon>
      </Placemark>
      <Placemark xmlns="http://www.opengis.net/kml/2.2">
        <styleUrl>#Parti singole_style_map</styleUrl>
        <name>T00850</name>
        <Polygon>
          <outerBoundaryIs>
            <LinearRing>
              <coordinates>8.56246352551931,39.5519449861395 8.56278067452747,39.552123719108 8.56288262486552,39.5521936622343 8.56305485620938,39.552188904231 8.56313249323298,39.5521085723669 8.56340425842342,39.5521341293897 8.56362652031108,39.5520616481664 8.563865656066,39.5518056815357 8.5626016548315,39.5512677894729 8.56212124655028,39.5518166421314 8.56246352551931,39.5519449861395</coordinates>
            </LinearRing>
          </outerBoundaryIs>
        </Polygon>
      </Placemark>
      <Placemark xmlns="http://www.opengis.net/kml/2.2">
        <styleUrl>#Parti singole_style_map</styleUrl>
        <name>T00851</name>
        <Polygon>
          <outerBoundaryIs>
            <LinearRing>
              <coordinates>8.5619490180421,39.552013398747 8.56216900527337,39.5521713044991 8.5623312180297,39.5525103509382 8.56227940633705,39.5526907305909 8.56391761538599,39.5530423839011 8.56395051762222,39.5528922520977 8.56406964243216,39.5528834818259 8.56406644304817,39.5526955875468 8.56431701866297,39.5526593334916 8.56437197057843,39.5527648337278 8.56469987200644,39.5527778397412 8.56477644803446,39.5529116320132 8.56449343970605,39.5530435356489 8.56418680842376,39.5530982850553 8.56467892779285,39.553439214555 8.56480698549654,39.5532956923121 8.56498644272821,39.5531985941996 8.56538000210702,39.5532044197655 8.56557344814785,39.5533106539204 8.56557281256962,39.5533844997581 8.5660747886408,39.5534303466838 8.5661966982847,39.5536583296161 8.56640750206596,39.5537251982566 8.56666563933432,39.5537404520923 8.56675072089167,39.5537371384068 8.56716124503314,39.5535722044424 8.5676937988278,39.553425293401 8.56489899661743,39.5522453938664 8.563865656066,39.5518056815357 8.56362652031108,39.5520616481664 8.56340425842342,39.5521341293897 8.56313249323298,39.5521085723669 8.56305485620938,39.552188904231 8.56288262486552,39.5521936622343 8.56278067452747,39.552123719108 8.56246352551931,39.5519449861395 8.56212124655028,39.5518166421314 8.5619490180421,39.552013398747</coordinates>
            </LinearRing>
          </outerBoundaryIs>
        </Polygon>
      </Placemark>
      <Placemark xmlns="http://www.opengis.net/kml/2.2">
        <styleUrl>#Parti singole_style_map</styleUrl>
        <name>T00852</name>
        <Polygon>
          <outerBoundaryIs>
            <LinearRing>
              <coordinates>8.56557201914713,39.5538900903364 8.56569262476669,39.5541683552388 8.56587117422546,39.5543120879939 8.56609903126241,39.5543734075396 8.56680442491276,39.5544907058079 8.56684764612489,39.5541946813064 8.56707581979142,39.5539675722279 8.56734362486831,39.5539069760672 8.56767591259271,39.553696400061 8.56830969104701,39.553482430099 8.5676937988278,39.553425293401 8.56716124503314,39.5535722044424 8.56675072089167,39.5537371384068 8.56666563933432,39.5537404520923 8.56640750206596,39.5537251982566 8.5661966982847,39.5536583296161 8.5660747886408,39.5534303466838 8.56557281256962,39.5533844997581 8.56557201914713,39.5538900903364</coordinates>
            </LinearRing>
          </outerBoundaryIs>
          <innerBoundaryIs>
            <LinearRing>
              <coordinates>8.56715105339598,39.5536388515012 8.56721927363084,39.5536797601248 8.56717980341667,39.5537192131796 8.5671099017119,39.5536772981245 8.56715105339598,39.5536388515012</coordinates>
            </LinearRing>
          </innerBoundaryIs>
        </Polygon>
      </Placemark>
      <Placemark xmlns="http://www.opengis.net/kml/2.2">
        <styleUrl>#Parti singole_style_map</styleUrl>
        <name>T00853</name>
        <Polygon>
          <outerBoundaryIs>
            <LinearRing>
              <coordinates>8.56680442491276,39.5544907058079 8.56689580555481,39.5545059045977 8.56708035602166,39.5545181439202 8.56733545184604,39.5545213562175 8.5676127676127,39.5544833566062 8.56774911932248,39.5544374162591 8.56817057771276,39.5540319180909 8.56845716718202,39.5540465619368 8.56864125094777,39.5541114080399 8.56861184828728,39.5541623149932 8.56883192275809,39.5542570734446 8.56893837435926,39.5543102328104 8.56871642059126,39.5545374317134 8.56877142850728,39.5545788579995 8.56886489722449,39.5546347353725 8.56913353106846,39.5545288074838 8.56921128684696,39.5544981546764 8.56925501864372,39.5544809090488 8.56899239530009,39.553958501003 8.56894026773764,39.55390498471 8.56885289403324,39.5538442734833 8.56867760567141,39.5537031613709 8.56849757070925,39.553499851443 8.56830969104701,39.553482430099 8.56767591259271,39.553696400061 8.56734362486831,39.5539069760672 8.56707581979142,39.5539675722279 8.56684764612489,39.5541946813064 8.56680442491276,39.5544907058079</coordinates>
            </LinearRing>
          </outerBoundaryIs>
        </Polygon>
      </Placemark>
      <Placemark xmlns="http://www.opengis.net/kml/2.2">
        <styleUrl>#Parti singole_style_map</styleUrl>
        <name>T00841</name>
        <Polygon>
          <outerBoundaryIs>
            <LinearRing>
              <coordinates>8.5674339805432,39.5550681422935 8.5677412443578,39.5550830721553 8.56774702503486,39.5550406552868 8.56743484759552,39.5550222832337 8.5674339805432,39.5550681422935</coordinates>
            </LinearRing>
          </outerBoundaryIs>
        </Polygon>
      </Placemark>
      <Placemark xmlns="http://www.opengis.net/kml/2.2">
        <styleUrl>#Parti singole_style_map</styleUrl>
        <name>T00842</name>
        <Polygon>
          <outerBoundaryIs>
            <LinearRing>
              <coordinates>8.56713349224058,39.5553617756427 8.56765263276133,39.5552796077307 8.56808458997154,39.5553401153005 8.568106989605,39.5550542756212 8.56811245027025,39.554948983857 8.56792543087197,39.5549404942697 8.56772859952966,39.5549432126786 8.56745145691401,39.5549605616592 8.56735194157513,39.5549487659133 8.5673533006578,39.5550708962173 8.56734431064545,39.5550940371451 8.56732306569312,39.5551487404487 8.56720628836425,39.5551650373621 8.56701240961781,39.5553141824905 8.56713349224058,39.5553617756427</coordinates>
            </LinearRing>
          </outerBoundaryIs>
          <innerBoundaryIs>
            <LinearRing>
              <coordinates>8.56774379418766,39.5551635253634 8.56795210514478,39.5551473162107 8.56795730788734,39.5551998384277 8.56774924461765,39.5552136247479 8.56774379418766,39.5551635253634</coordinates>
            </LinearRing>
          </innerBoundaryIs>
          <innerBoundaryIs>
            <LinearRing>
              <coordinates>8.56743484759552,39.5550222832337 8.56774702503486,39.5550406552868 8.5677412443578,39.5550830721553 8.5674339805432,39.5550681422935 8.56743484759552,39.5550222832337</coordinates>
            </LinearRing>
          </innerBoundaryIs>
        </Polygon>
      </Placemark>
      <Placemark xmlns="http://www.opengis.net/kml/2.2">
        <styleUrl>#Parti singole_style_map</styleUrl>
        <name>T00843</name>
        <Polygon>
          <outerBoundaryIs>
            <LinearRing>
              <coordinates>8.56774924461765,39.5552136247479 8.56795730788734,39.5551998384277 8.56795210514478,39.5551473162107 8.56774379418766,39.5551635253634 8.56774924461765,39.5552136247479</coordinates>
            </LinearRing>
          </outerBoundaryIs>
        </Polygon>
      </Placemark>
      <Placemark xmlns="http://www.opengis.net/kml/2.2">
        <styleUrl>#Parti singole_style_map</styleUrl>
        <name>T00856</name>
        <Polygon>
          <outerBoundaryIs>
            <LinearRing>
              <coordinates>8.57141491512189,39.5552665684182 8.57161181510331,39.5554910560855 8.5719084754493,39.5554193560999 8.57192734359931,39.5554155422276 8.57203549434527,39.5553937125111 8.5721172250128,39.555377218542 8.57221466231857,39.5556269188218 8.5724881221653,39.5556806630154 8.57249019688054,39.5557237758 8.57274231761231,39.5557231989899 8.57299740056245,39.5556799598714 8.57283590404654,39.5550534222025 8.572740809111,39.5550627403814 8.57250056463177,39.5551009788083 8.57238882934539,39.5551341937569 8.57221708843314,39.5550921680222 8.57199967203278,39.5549993269467 8.57201229663956,39.5549338057115 8.57182009683601,39.5549310428424 8.57156425745554,39.5549689154822 8.57146141857698,39.5550109383687 8.57148210870562,39.5550401269151 8.57155919915286,39.5551004468192 8.57161898429458,39.5552038079838 8.57155322423698,39.5552447333186 8.57141491512189,39.5552665684182</coordinates>
            </LinearRing>
          </outerBoundaryIs>
        </Polygon>
      </Placemark>
      <Placemark xmlns="http://www.opengis.net/kml/2.2">
        <styleUrl>#Parti singole_style_map</styleUrl>
        <name>T00869</name>
        <Polygon>
          <outerBoundaryIs>
            <LinearRing>
              <coordinates>8.57187567594163,39.5583968504637 8.57208149371611,39.558422162081 8.57223325036066,39.5585428100775 8.57270280668249,39.558347412201 8.57325028891958,39.5583630580303 8.57369790936217,39.5583712256129 8.57371730692288,39.558068326511 8.5722889511233,39.5579933077452 8.5722311867354,39.5580340466436 8.57206365685234,39.5581521847308 8.57206172447273,39.5582014097204 8.5718767150553,39.558231759137 8.57187567594163,39.5583968504637</coordinates>
            </LinearRing>
          </outerBoundaryIs>
          <innerBoundaryIs>
            <LinearRing>
              <coordinates>8.57230293839665,39.5582287976013 8.57230990313433,39.5581315844277 8.57260019118846,39.5581401317475 8.57260095376309,39.55824338323 8.57230293839665,39.5582287976013</coordinates>
            </LinearRing>
          </innerBoundaryIs>
          <innerBoundaryIs>
            <LinearRing>
              <coordinates>8.57285709096818,39.5582517771776 8.5728562943039,39.5581521206684 8.57315589862442,39.5581619172553 8.57315045365629,39.5582639475514 8.57285709096818,39.5582517771776</coordinates>
            </LinearRing>
          </innerBoundaryIs>
        </Polygon>
      </Placemark>
      <Placemark xmlns="http://www.opengis.net/kml/2.2">
        <styleUrl>#Parti singole_style_map</styleUrl>
        <name>T00870</name>
        <Polygon>
          <outerBoundaryIs>
            <LinearRing>
              <coordinates>8.57845877182384,39.5575630038663 8.5796541541818,39.5576584310125 8.57988553035396,39.557480045021 8.58036662772441,39.5575414325864 8.58081050066649,39.5576569706778 8.58136229909662,39.5577730133503 8.58142232155745,39.5578300485018 8.58141766063868,39.5578734251694 8.58118656801781,39.5581695073903 8.58112404994734,39.5581847615344 8.58109458750996,39.5582352208938 8.58147384650118,39.558401872868 8.58179173799167,39.5583906921433 8.58189701020368,39.5582515291659 8.58196136650447,39.5580775472721 8.58198933693699,39.5579052544357 8.58195354011209,39.5577934612691 8.58187904048771,39.5577106589467 8.58161596462177,39.557565159583 8.58144680326867,39.55750067615 8.58091648548488,39.5574382864822 8.58114825189118,39.5572988327595 8.58136852354528,39.5571021939797 8.58146488258679,39.5570165202499 8.58150888260812,39.5569679873147 8.58149751440076,39.556868617092 8.58144425295044,39.5568624919713 8.58140378959483,39.5568589266053 8.58139684753599,39.5569061349157 8.58136803543515,39.5571020660762 8.58125508906121,39.5570871793263 8.58127025126627,39.557004790004 8.58107170901617,39.556979520903 8.58109470260644,39.5568240775291 8.58123316593084,39.5568385248528 8.58108356235077,39.5568048814994 8.5809143466017,39.5567478846278 8.58062169719731,39.5565506023448 8.58031954976781,39.5564442797491 8.58005574253634,39.5563962203034 8.57971215373696,39.556321561529 8.57948964228296,39.5562605673383 8.57941433858217,39.5562845863167 8.57935510470386,39.5564229948209 8.57921754948571,39.5564683857774 8.57909139101894,39.5564846696467 8.57839144866737,39.5574933533299 8.57845877182384,39.5575630038663</coordinates>
            </LinearRing>
          </outerBoundaryIs>
          <innerBoundaryIs>
            <LinearRing>
              <coordinates>8.57935120754654,39.5566036186644 8.57939783961674,39.5566070402871 8.57940867096925,39.5565520898206 8.5795684741517,39.5565734462046 8.57954657667164,39.55667985934 8.57934666255575,39.5566565015142 8.57935120754654,39.5566036186644</coordinates>
            </LinearRing>
          </innerBoundaryIs>
          <innerBoundaryIs>
            <LinearRing>
              <coordinates>8.57981294711056,39.5566139132177 8.58037950560491,39.5566896028929 8.58039438491458,39.5566465605227 8.58068010825089,39.5566816064143 8.58062942433132,39.5569699773802 8.58046229993557,39.5569560835406 8.58046996122014,39.5569055275474 8.58034889465549,39.5568899798608 8.58036918452721,39.5567720095964 8.57980021564129,39.5566944370117 8.57981294711056,39.5566139132177</coordinates>
            </LinearRing>
          </innerBoundaryIs>
          <innerBoundaryIs>
            <LinearRing>
              <coordinates>8.5803919892475,39.5565393459797 8.58039810371391,39.5565102518056 8.58044951861267,39.5565196321912 8.58044241897212,39.5565479565909 8.5803919892475,39.5565393459797</coordinates>
            </LinearRing>
          </innerBoundaryIs>
        </Polygon>
      </Placemark>
      <Placemark xmlns="http://www.opengis.net/kml/2.2">
        <styleUrl>#Parti singole_style_map</styleUrl>
        <name>T00871</name>
        <Polygon>
          <outerBoundaryIs>
            <LinearRing>
              <coordinates>8.57934666255575,39.5566565015142 8.57954657667164,39.55667985934 8.5795684741517,39.5565734462046 8.57940867096925,39.5565520898206 8.57939783961674,39.5566070402871 8.57935120754654,39.5566036186644 8.57934666255575,39.5566565015142</coordinates>
            </LinearRing>
          </outerBoundaryIs>
        </Polygon>
      </Placemark>
      <Placemark xmlns="http://www.opengis.net/kml/2.2">
        <styleUrl>#Parti singole_style_map</styleUrl>
        <name>T00872</name>
        <Polygon>
          <outerBoundaryIs>
            <LinearRing>
              <coordinates>8.57980021564129,39.5566944370117 8.58036918452721,39.5567720095964 8.58034889465549,39.5568899798608 8.58046996122014,39.5569055275474 8.58046229993557,39.5569560835406 8.58062942433132,39.5569699773802 8.58068010825089,39.5566816064143 8.58039438491458,39.5566465605227 8.58037950560491,39.5566896028929 8.57981294711056,39.5566139132177 8.57980021564129,39.5566944370117</coordinates>
            </LinearRing>
          </outerBoundaryIs>
        </Polygon>
      </Placemark>
      <Placemark xmlns="http://www.opengis.net/kml/2.2">
        <styleUrl>#Parti singole_style_map</styleUrl>
        <name>T00873</name>
        <Polygon>
          <outerBoundaryIs>
            <LinearRing>
              <coordinates>8.58107170901617,39.556979520903 8.58127025126627,39.557004790004 8.58125508906121,39.5570871793263 8.58136803543515,39.5571020660762 8.58140378959483,39.5568589266053 8.58138369992245,39.5568568448931 8.58136421730484,39.5568680104676 8.58123316593084,39.5568385248528 8.58109470260644,39.5568240775291 8.58107170901617,39.556979520903</coordinates>
            </LinearRing>
          </outerBoundaryIs>
        </Polygon>
      </Placemark>
      <Placemark xmlns="http://www.opengis.net/kml/2.2">
        <styleUrl>#Parti singole_style_map</styleUrl>
        <name>T00874</name>
        <Polygon>
          <outerBoundaryIs>
            <LinearRing>
              <coordinates>8.57871648771629,39.5590367219059 8.57885308043841,39.55924161534 8.57907076963401,39.5592988359711 8.57919671667899,39.5593106544038 8.57941968191389,39.5593135525686 8.57949439681793,39.5593682361728 8.57955957511346,39.5594022697041 8.57970729025781,39.5594198158371 8.57985751775423,39.5594261350672 8.58006860171083,39.5595692969061 8.58020206613983,39.5596009009548 8.58028301184266,39.5594738334122 8.58031951207009,39.5594571341549 8.58036345719757,39.5594142328974 8.58045649702405,39.5592909752271 8.58043478602331,39.5592777507997 8.58038928390698,39.5592063331717 8.58041388244695,39.5591595956879 8.58038729497594,39.5591501019028 8.580429376588,39.5590822444472 8.58037859989849,39.5590651396805 8.58040559653038,39.5590202940096 8.58030010362263,39.5588576648385 8.58022541157266,39.5588011076938 8.58027180040919,39.5587563411634 8.58035381296123,39.5588073113363 8.58056828724794,39.5586080672372 8.58061737002807,39.5585295758446 8.58068353689367,39.5584343059268 8.58077842791264,39.5583860111029 8.5807569226024,39.5583367554035 8.58070219062805,39.558203440042 8.58027682047445,39.5586053201489 8.58000278538219,39.5586246835112 8.57994158508654,39.5587049779133 8.57995292740237,39.5589664158837 8.57865976222574,39.5588218103806 8.57871648771629,39.5590367219059</coordinates>
            </LinearRing>
          </outerBoundaryIs>
        </Polygon>
      </Placemark>
      <Placemark xmlns="http://www.opengis.net/kml/2.2">
        <styleUrl>#Parti singole_style_map</styleUrl>
        <name>T00875</name>
        <Polygon>
          <outerBoundaryIs>
            <LinearRing>
              <coordinates>8.58193658284696,39.5591200635038 8.58201185498969,39.5591016652013 8.58200239683132,39.55906976183 8.58192473774861,39.5590844032603 8.58193658284696,39.5591200635038</coordinates>
            </LinearRing>
          </outerBoundaryIs>
        </Polygon>
      </Placemark>
      <Placemark xmlns="http://www.opengis.net/kml/2.2">
        <styleUrl>#Parti singole_style_map</styleUrl>
        <name>T00876</name>
        <Polygon>
          <outerBoundaryIs>
            <LinearRing>
              <coordinates>8.58239820173031,39.5591145253415 8.58275123162834,39.5592248276893 8.58278317142781,39.5591687544099 8.58243257453613,39.5590584609076 8.58239820173031,39.5591145253415</coordinates>
            </LinearRing>
          </outerBoundaryIs>
        </Polygon>
      </Placemark>
      <Placemark xmlns="http://www.opengis.net/kml/2.2">
        <styleUrl>#Parti singole_style_map</styleUrl>
        <name>T00883</name>
        <Polygon>
          <outerBoundaryIs>
            <LinearRing>
              <coordinates>8.58275219560551,39.5587166519065 8.58322917988429,39.5588446978616 8.58351495505271,39.5588689426699 8.58374267480556,39.5588882663051 8.58413854258074,39.5589069483928 8.58400005983633,39.5583245420154 8.5835016613488,39.5583265127112 8.58348646734735,39.558412659479 8.58291694939015,39.5584044432247 8.58275219560551,39.5587166519065</coordinates>
            </LinearRing>
          </outerBoundaryIs>
        </Polygon>
      </Placemark>
      <Placemark xmlns="http://www.opengis.net/kml/2.2">
        <styleUrl>#Parti singole_style_map</styleUrl>
        <name>T03604</name>
        <Polygon>
          <outerBoundaryIs>
            <LinearRing>
              <coordinates>8.57447127197661,39.5569648198272 8.57453616980448,39.5570363378836 8.57460630072736,39.5570572733892 8.57504977215864,39.5570649430089 8.5753879631107,39.5570454024385 8.57565763276123,39.5569623133493 8.5758108030915,39.5568993055043 8.57589604545458,39.5568453479899 8.57601605400763,39.5566828624812 8.57612901688722,39.5565476162102 8.57623384474177,39.5564675190494 8.57652996454854,39.5563717028251 8.57705842107217,39.5560833898443 8.57721197769067,39.5560137499831 8.57729690896982,39.5559991471725 8.577413314159,39.5559903082832 8.57761920703439,39.5560062486939 8.57768706523508,39.5560065585708 8.57770421836983,39.5559822751918 8.57770927753011,39.5559541905458 8.577690183217,39.5559147462091 8.57763467032173,39.5558845130663 8.57749647629569,39.5558932458722 8.57713741678087,39.5559384409334 8.5770498813185,39.5559755147756 8.5768283522443,39.5561038068977 8.57673589406995,39.5561502332468 8.57666553471138,39.556161149507 8.57661959168884,39.5561459438632 8.57657870849416,39.5561045367556 8.57653080287803,39.5560312166668 8.57656587699496,39.5558814676757 8.57666511653353,39.5556540047259 8.57682646190098,39.5554729727096 8.57707215382222,39.5553560314219 8.57717868722606,39.5553089262153 8.57712180248739,39.555142551587 8.577052576774,39.5550054333939 8.57688393002172,39.5548522930841 8.57671116253985,39.5546266137976 8.57663247165189,39.5544594656335 8.57601835859588,39.5549655127265 8.57611351890481,39.5549759426261 8.57616638022673,39.5550361530151 8.57616123285737,39.5550728961497 8.57600693202481,39.5552839481789 8.57596063629492,39.5556304404261 8.57591567547746,39.555797930403 8.57586403088994,39.5558951428429 8.57580761286988,39.5559829671366 8.57557470197473,39.5563013951198 8.57540118863068,39.5564880032827 8.57515946888147,39.5566681625958 8.57463746837552,39.5567856828185 8.57451585168092,39.5568432183678 8.57446439973513,39.5569141929584 8.57447127197661,39.5569648198272</coordinates>
            </LinearRing>
          </outerBoundaryIs>
          <innerBoundaryIs>
            <LinearRing>
              <coordinates>8.57645976262939,39.5554082124953 8.57653025882219,39.5553804296221 8.57663613153897,39.5554802440402 8.57661379263263,39.5555494876453 8.57655711241429,39.5556710368101 8.57650866864944,39.5556670668248 8.57641062036813,39.5554960726381 8.57645976262939,39.5554082124953</coordinates>
            </LinearRing>
          </innerBoundaryIs>
        </Polygon>
      </Placemark>
      <Placemark xmlns="http://www.opengis.net/kml/2.2">
        <styleUrl>#Parti singole_style_map</styleUrl>
        <name>T00939</name>
        <Polygon>
          <outerBoundaryIs>
            <LinearRing>
              <coordinates>8.57793403136891,39.555186440258 8.57802462581953,39.5550650406818 8.57795938379533,39.5550403857376 8.57787119889226,39.5551636681597 8.57793403136891,39.555186440258</coordinates>
            </LinearRing>
          </outerBoundaryIs>
        </Polygon>
      </Placemark>
      <Placemark xmlns="http://www.opengis.net/kml/2.2">
        <styleUrl>#Parti singole_style_map</styleUrl>
        <name>T00938</name>
        <Polygon>
          <outerBoundaryIs>
            <LinearRing>
              <coordinates>8.57809791005377,39.5553048451277 8.57824932702969,39.5551537522308 8.57814557668373,39.5550933038664 8.57798934062126,39.5552425049792 8.57809791005377,39.5553048451277</coordinates>
            </LinearRing>
          </outerBoundaryIs>
        </Polygon>
      </Placemark>
      <Placemark xmlns="http://www.opengis.net/kml/2.2">
        <styleUrl>#Parti singole_style_map</styleUrl>
        <name>T03594</name>
        <Polygon>
          <outerBoundaryIs>
            <LinearRing>
              <coordinates>8.56953296142471,39.5546198329244 8.57004113210038,39.5550307459483 8.57041361683179,39.5551280568748 8.57051818266208,39.5550816983529 8.57058835588872,39.5547859253151 8.57010134651882,39.5544575730588 8.56994270841596,39.5545973837656 8.56989402238005,39.5546271445938 8.5695582529555,39.5545522955569 8.56951134670454,39.5545934968598 8.56953296142471,39.5546198329244</coordinates>
            </LinearRing>
          </outerBoundaryIs>
        </Polygon>
      </Placemark>
      <Placemark xmlns="http://www.opengis.net/kml/2.2">
        <styleUrl>#Parti singole_style_map</styleUrl>
        <name>T00886</name>
        <Polygon>
          <outerBoundaryIs>
            <LinearRing>
              <coordinates>8.58261421246042,39.5569022981398 8.58280302553582,39.5569331430525 8.58282547187105,39.5568489145653 8.5826415127119,39.5568180961452 8.58261421246042,39.5569022981398</coordinates>
            </LinearRing>
          </outerBoundaryIs>
        </Polygon>
      </Placemark>
      <Placemark xmlns="http://www.opengis.net/kml/2.2">
        <styleUrl>#Parti singole_style_map</styleUrl>
        <name>T03605</name>
        <Polygon>
          <outerBoundaryIs>
            <LinearRing>
              <coordinates>8.58293575329047,39.5562481001679 8.58338814766833,39.5563569734151 8.58343249615961,39.5562616055859 8.58296804219909,39.5561451746319 8.58293575329047,39.5562481001679</coordinates>
            </LinearRing>
          </outerBoundaryIs>
        </Polygon>
      </Placemark>
      <Placemark xmlns="http://www.opengis.net/kml/2.2">
        <styleUrl>#Parti singole_style_map</styleUrl>
        <name>T00888</name>
        <Polygon>
          <outerBoundaryIs>
            <LinearRing>
              <coordinates>8.58387166453508,39.5567292636798 8.58410625220211,39.5568096918571 8.58421525559121,39.5568338513113 8.58433886800121,39.5568325458621 8.58465689212288,39.5567627729569 8.58499456660931,39.5566593529632 8.58511461285041,39.5565201226812 8.58520714466327,39.5564624451009 8.58532634255246,39.556404889706 8.5856736760531,39.5563052685157 8.58636855376567,39.5560779117015 8.58652877370179,39.5560430268726 8.58694719515514,39.5560578782318 8.58700065029064,39.5560393720426 8.58700321736911,39.5560206578196 8.586981573389,39.5559980641589 8.58695012139034,39.5559904287058 8.58646321050234,39.5559601151131 8.58638565606663,39.5559578926759 8.58610792962832,39.5560147670923 8.58577310880605,39.556061967391 8.58509472817791,39.5560307846907 8.58503404304248,39.5560436327438 8.58482318522021,39.556202072581 8.58475257870368,39.5562448531879 8.58464565537935,39.5562818454026 8.58462285929393,39.5562846741796 8.58450531571305,39.5564822724618 8.58388971125141,39.5564832127096 8.58387166453508,39.5567292636798</coordinates>
            </LinearRing>
          </outerBoundaryIs>
        </Polygon>
      </Placemark>
      <Placemark xmlns="http://www.opengis.net/kml/2.2">
        <styleUrl>#Parti singole_style_map</styleUrl>
        <name>T00889</name>
        <Polygon>
          <outerBoundaryIs>
            <LinearRing>
              <coordinates>8.58088055196801,39.5563794406913 8.58105163506655,39.5563948619371 8.58109855300273,39.5559621686129 8.58102872674704,39.5559581504044 8.58092171255331,39.5559519976697 8.58090847678614,39.5560894286699 8.58088055196801,39.5563794406913</coordinates>
            </LinearRing>
          </outerBoundaryIs>
        </Polygon>
      </Placemark>
      <Placemark xmlns="http://www.opengis.net/kml/2.2">
        <styleUrl>#Parti singole_style_map</styleUrl>
        <name>T00890</name>
        <Polygon>
          <outerBoundaryIs>
            <LinearRing>
              <coordinates>8.58088016741498,39.5566713090993 8.58096229154496,39.5567072861653 8.5810088830003,39.5566362911464 8.580931601026,39.5566003315878 8.58088016741498,39.5566713090993</coordinates>
            </LinearRing>
          </outerBoundaryIs>
        </Polygon>
      </Placemark>
      <Placemark xmlns="http://www.opengis.net/kml/2.2">
        <styleUrl>#Parti singole_style_map</styleUrl>
        <name>T03606</name>
        <Polygon>
          <outerBoundaryIs>
            <LinearRing>
              <coordinates>8.57895385726192,39.5544393251938 8.5789896823229,39.5545088252026 8.57909099027678,39.554890291093 8.57907166384087,39.554914152332 8.57912354905133,39.5549745110173 8.57942298246988,39.5548814475235 8.57954773733501,39.5548426865744 8.58010324373153,39.554670050406 8.58006535068529,39.554264108538 8.57904458725125,39.5543489386661 8.57898577520335,39.5543870011092 8.57896128013048,39.5544206107325 8.57895385726192,39.5544393251938</coordinates>
            </LinearRing>
          </outerBoundaryIs>
        </Polygon>
      </Placemark>
      <Placemark xmlns="http://www.opengis.net/kml/2.2">
        <styleUrl>#Parti singole_style_map</styleUrl>
        <name>T03607</name>
        <Polygon>
          <outerBoundaryIs>
            <LinearRing>
              <coordinates>8.57680928661162,39.5535926817887 8.5770479331575,39.5537605747461 8.57735469990467,39.5538931606071 8.57788044483486,39.5540750531945 8.57812497647209,39.5541061532844 8.57824860709449,39.554102980233 8.57843077529573,39.5540513460595 8.5785596127177,39.5539994549906 8.57864013284324,39.5539286200602 8.57869179506967,39.5538295322711 8.57877468534067,39.5536151360801 8.57856297384723,39.5535828409714 8.57848826590064,39.5535281477409 8.57853378043402,39.5533140845724 8.57666483100333,39.5535351111975 8.57680928661162,39.5535926817887</coordinates>
            </LinearRing>
          </outerBoundaryIs>
        </Polygon>
      </Placemark>
      <Placemark xmlns="http://www.opengis.net/kml/2.2">
        <styleUrl>#Parti singole_style_map</styleUrl>
        <name>T00921</name>
        <Polygon>
          <outerBoundaryIs>
            <LinearRing>
              <coordinates>8.58468427381349,39.5568556136444 8.58545093760764,39.5567503920518 8.58606602208743,39.5567100757953 8.58636292395102,39.556727325245 8.58629683776035,39.55644451859 8.58633098585264,39.556147481367 8.58629526896043,39.556156301327 8.58579951787612,39.5563320905345 8.58523834939891,39.5565057067682 8.58503816103059,39.5566959463074 8.58470404894651,39.5568051006916 8.58451708118412,39.5568511050856 8.58468427381349,39.5568556136444</coordinates>
            </LinearRing>
          </outerBoundaryIs>
        </Polygon>
      </Placemark>
      <Placemark xmlns="http://www.opengis.net/kml/2.2">
        <styleUrl>#Parti singole_style_map</styleUrl>
        <name>T00901</name>
        <Polygon>
          <outerBoundaryIs>
            <LinearRing>
              <coordinates>8.58274724395512,39.5529853692845 8.58307037535705,39.5532105524787 8.58394934319992,39.5538783662426 8.58405787109244,39.5539481972464 8.5846793184074,39.5540761419691 8.58520481822659,39.5538105411351 8.58519815525183,39.5536669205188 8.58518134372086,39.5536481010642 8.5846599499456,39.5533702615107 8.58464563832316,39.5533402060907 8.58398960825404,39.5531300266182 8.58397771784377,39.5530999887995 8.58340512009511,39.5528668763975 8.58340280056865,39.5528518749704 8.58338591034346,39.5528424256634 8.58308442316042,39.5525579252762 8.58301812172788,39.552737361215 8.58288846393279,39.5528979362958 8.58274724395512,39.5529853692845</coordinates>
            </LinearRing>
          </outerBoundaryIs>
          <innerBoundaryIs>
            <LinearRing>
              <coordinates>8.58471493822404,39.5538533010086 8.58496067878267,39.5537269814738 8.5850327569697,39.5538097642131 8.58478217438702,39.5539360575745 8.58471493822404,39.5538533010086</coordinates>
            </LinearRing>
          </innerBoundaryIs>
          <innerBoundaryIs>
            <LinearRing>
              <coordinates>8.58410585086913,39.5535720097552 8.58434185095831,39.5534512700412 8.58441636070594,39.5535340618686 8.58418515706818,39.5536604503315 8.58410585086913,39.5535720097552</coordinates>
            </LinearRing>
          </innerBoundaryIs>
          <innerBoundaryIs>
            <LinearRing>
              <coordinates>8.58353034308383,39.5532876461015 8.58376153496191,39.5531612679012 8.58384082861947,39.5532497086721 8.58360724971881,39.5533723301926 8.58353034308383,39.5532876461015</coordinates>
            </LinearRing>
          </innerBoundaryIs>
          <innerBoundaryIs>
            <LinearRing>
              <coordinates>8.58294094490135,39.5530300983591 8.58321095213606,39.5529001484123 8.5832805270726,39.5529922939513 8.58301540714734,39.5531185223411 8.58294094490135,39.5530300983591</coordinates>
            </LinearRing>
          </innerBoundaryIs>
        </Polygon>
      </Placemark>
      <Placemark xmlns="http://www.opengis.net/kml/2.2">
        <styleUrl>#Parti singole_style_map</styleUrl>
        <name>T02270</name>
        <Polygon>
          <outerBoundaryIs>
            <LinearRing>
              <coordinates>8.58263826907642,39.5528760343774 8.58272585433387,39.5528314509105 8.58270417861532,39.5528126046072 8.58258684212134,39.5528263470554 8.58263826907642,39.5528760343774</coordinates>
            </LinearRing>
          </outerBoundaryIs>
        </Polygon>
      </Placemark>
      <Placemark xmlns="http://www.opengis.net/kml/2.2">
        <styleUrl>#Parti singole_style_map</styleUrl>
        <name>T02271</name>
        <Polygon>
          <outerBoundaryIs>
            <LinearRing>
              <coordinates>8.58273185409119,39.552731530445 8.58278201539875,39.552780717591 8.58282578190382,39.5527569435263 8.58283781896601,39.5527682496186 8.58292056218655,39.5527236395988 8.58285329529587,39.5526446301106 8.58274383119939,39.5526984787232 8.58276311974275,39.5527116850172 8.58273185409119,39.552731530445</coordinates>
            </LinearRing>
          </outerBoundaryIs>
        </Polygon>
      </Placemark>
      <Placemark xmlns="http://www.opengis.net/kml/2.2">
        <styleUrl>#Parti singole_style_map</styleUrl>
        <name>T02272</name>
        <Polygon>
          <outerBoundaryIs>
            <LinearRing>
              <coordinates>8.58244898505346,39.5524541413473 8.582527804736,39.5524096977022 8.58255190118593,39.5524285527415 8.58264196337809,39.5523764906946 8.58255061236448,39.5522786260509 8.58245327594584,39.5523306528622 8.58247246234617,39.5523569778061 8.58239109464801,39.5523973846556 8.58244898505346,39.5524541413473</coordinates>
            </LinearRing>
          </outerBoundaryIs>
        </Polygon>
      </Placemark>
      <Placemark xmlns="http://www.opengis.net/kml/2.2">
        <styleUrl>#Parti singole_style_map</styleUrl>
        <name>T02273</name>
        <Polygon>
          <outerBoundaryIs>
            <LinearRing>
              <coordinates>8.58279351032475,39.5525252273463 8.58293954905967,39.5524434340145 8.58290821225237,39.5524208047733 8.58301529980085,39.5523594509151 8.58294318058295,39.5522841633168 8.58283610391745,39.5523417688718 8.58286250818318,39.5523756252444 8.58272859684797,39.5524555969306 8.58279351032475,39.5525252273463</coordinates>
            </LinearRing>
          </outerBoundaryIs>
        </Polygon>
      </Placemark>
      <Placemark xmlns="http://www.opengis.net/kml/2.2">
        <styleUrl>#Parti singole_style_map</styleUrl>
        <name>T00902</name>
        <Polygon>
          <outerBoundaryIs>
            <LinearRing>
              <coordinates>8.58247637416821,39.552940731874 8.58262418964368,39.5529432725423 8.58271391291034,39.5529361885432 8.58284777944473,39.5528599649976 8.58295549033561,39.5527180254955 8.58301722536917,39.5525683882126 8.5830519515665,39.5524663092931 8.58317769391859,39.5521838919548 8.58317471841982,39.5521695999791 8.58253514918385,39.5520817769197 8.58221346706776,39.5522231716889 8.58239109464801,39.5523973846556 8.58247246234617,39.5523569778061 8.58245327594584,39.5523306528622 8.58255061236448,39.5522786260509 8.58264196337809,39.5523764906946 8.58255190118593,39.5524285527415 8.582527804736,39.5524096977022 8.58244898505346,39.5524541413473 8.58273185409119,39.552731530445 8.58276311974275,39.5527116850172 8.58274383119939,39.5526984787232 8.58285329529587,39.5526446301106 8.58292056218655,39.5527236395988 8.58283781896601,39.5527682496186 8.58282578190382,39.5527569435263 8.58278201539875,39.552780717591 8.58280275109415,39.5528010471989 8.58270417861532,39.5528126046072 8.58272585433387,39.5528314509105 8.58263826907642,39.5528760343774 8.58258684212134,39.5528263470554 8.58204836769073,39.5528894464372 8.58247637416821,39.552940731874</coordinates>
            </LinearRing>
          </outerBoundaryIs>
          <innerBoundaryIs>
            <LinearRing>
              <coordinates>8.58272859684797,39.5524555969306 8.58286250818318,39.5523756252444 8.58283610391745,39.5523417688718 8.58294318058295,39.5522841633168 8.58301529980085,39.5523594509151 8.58290821225237,39.5524208047733 8.58293954905967,39.5524434340145 8.58279351032475,39.5525252273463 8.58272859684797,39.5524555969306</coordinates>
            </LinearRing>
          </innerBoundaryIs>
        </Polygon>
      </Placemark>
      <Placemark xmlns="http://www.opengis.net/kml/2.2">
        <styleUrl>#Parti singole_style_map</styleUrl>
        <name>T03595</name>
        <Polygon>
          <outerBoundaryIs>
            <LinearRing>
              <coordinates>8.57412609209548,39.5544994969172 8.57424840101551,39.5546268821642 8.5742803222428,39.5546126638458 8.57438766248072,39.5545232068464 8.57445294876113,39.5545422415452 8.57452889605213,39.5544357751014 8.57452128119464,39.5541658804325 8.57445147516995,39.554103715038 8.57418292511596,39.5543592171167 8.57412609209548,39.5544994969172</coordinates>
            </LinearRing>
          </outerBoundaryIs>
        </Polygon>
      </Placemark>
      <Placemark xmlns="http://www.opengis.net/kml/2.2">
        <styleUrl>#Parti singole_style_map</styleUrl>
        <name>T00923</name>
        <Polygon>
          <outerBoundaryIs>
            <LinearRing>
              <coordinates>8.59000413926876,39.5573001372203 8.59016155451921,39.5573265884486 8.5903042240103,39.5573566456094 8.59040045252352,39.5573644996563 8.59031183567512,39.5577482139286 8.59022600165549,39.5577383151166 8.59020642077516,39.5578335566915 8.59031105456033,39.5578611008928 8.5904521095034,39.5578789072128 8.59052924071357,39.5576112587332 8.59069584347421,39.5573721277589 8.59064210447874,39.55710649563 8.5904986192951,39.5568472326283 8.59011952016522,39.5568547161532 8.59000413926876,39.5573001372203</coordinates>
            </LinearRing>
          </outerBoundaryIs>
          <innerBoundaryIs>
            <LinearRing>
              <coordinates>8.59005398658075,39.5571274601034 8.59020405330395,39.5571524977485 8.59017668417451,39.5572479461094 8.59003143666612,39.5572248085913 8.59005398658075,39.5571274601034</coordinates>
            </LinearRing>
          </innerBoundaryIs>
        </Polygon>
      </Placemark>
      <Placemark xmlns="http://www.opengis.net/kml/2.2">
        <styleUrl>#Parti singole_style_map</styleUrl>
        <name>T00922</name>
        <Polygon>
          <outerBoundaryIs>
            <LinearRing>
              <coordinates>8.58819996409473,39.5567760045934 8.5883037373799,39.5568364440649 8.58839284883551,39.556909923402 8.5884308521838,39.5569337280973 8.58860098914795,39.5569502251232 8.58870669388061,39.5569222892922 8.58873977466936,39.5568179143013 8.58882021702286,39.5565640463439 8.58889761017345,39.5563198535701 8.58941710031771,39.5564021893769 8.58950649249057,39.5564163542143 8.59013827498812,39.5565222581371 8.59020852169367,39.5565282005567 8.590133498685,39.5568252568427 8.59048908324669,39.5568200420287 8.59044215155108,39.5566202178136 8.59049746605306,39.5560542972509 8.58974681001511,39.5556601510776 8.5895962773632,39.5557048146968 8.58911197804082,39.5556482925155 8.58897891789098,39.5556158351279 8.588806529163,39.5554550130769 8.58876093121409,39.5553948341457 8.58870346262481,39.5553008786731 8.58867449939827,39.5552857469401 8.58860024618423,39.5554005451351 8.58871953235607,39.5556522012405 8.58854264010339,39.5559558335979 8.58864754598414,39.5561868142773 8.58868235723715,39.5564000666528 8.58861365867546,39.5565103162983 8.58851650030227,39.5565398681413 8.58843432702328,39.5565076354962 8.58827810968302,39.5566568505025 8.58819996409473,39.5567760045934</coordinates>
            </LinearRing>
          </outerBoundaryIs>
          <innerBoundaryIs>
            <LinearRing>
              <coordinates>8.5885336439711,39.5568177246831 8.58863790960582,39.5568106966625 8.58864252788622,39.556840699218 8.5885358633131,39.5568439704677 8.5885336439711,39.5568177246831</coordinates>
            </LinearRing>
          </innerBoundaryIs>
          <innerBoundaryIs>
            <LinearRing>
              <coordinates>8.58967249510669,39.5559514430334 8.59019381720952,39.5559200541331 8.59021607550395,39.5561843860721 8.58969717246819,39.5562157836152 8.58967249510669,39.5559514430334</coordinates>
            </LinearRing>
          </innerBoundaryIs>
        </Polygon>
      </Placemark>
      <Placemark xmlns="http://www.opengis.net/kml/2.2">
        <styleUrl>#Parti singole_style_map</styleUrl>
        <name>T03596</name>
        <Polygon>
          <outerBoundaryIs>
            <LinearRing>
              <coordinates>8.57477895109818,39.5537991238776 8.57490869542476,39.5539440156074 8.57500847222446,39.5538920130843 8.5748815459,39.5537430861665 8.57477895109818,39.5537991238776</coordinates>
            </LinearRing>
          </outerBoundaryIs>
        </Polygon>
      </Placemark>
      <Placemark xmlns="http://www.opengis.net/kml/2.2">
        <styleUrl>#Parti singole_style_map</styleUrl>
        <name>T03597</name>
        <Polygon>
          <outerBoundaryIs>
            <LinearRing>
              <coordinates>8.56868810337313,39.5537052096528 8.56884939987989,39.5538446479522 8.5689821623874,39.5539324863997 8.56920886323444,39.5543801201022 8.5695582529555,39.5545522955569 8.56989402238005,39.5546271445938 8.56994270841596,39.5545973837656 8.57010134651882,39.5544575730588 8.57226308306413,39.5545987996697 8.57424840101551,39.5546268821642 8.57424871152844,39.5546274960013 8.57436434535589,39.5548091525678 8.57481096712881,39.5550360996621 8.57493417152043,39.555053453985 8.57493188021156,39.5550131606597 8.57479806169792,39.5547670326315 8.57478639332173,39.5547088826417 8.57477501214797,39.554613259967 8.57485894588161,39.5544149988343 8.57492100309072,39.5543014622723 8.5751623801325,39.5541151751274 8.57529183982856,39.5539827200716 8.57531167831393,39.553924712384 8.5752542750788,39.5538251280966 8.57515626242949,39.5537140422682 8.57488217645168,39.5537427550946 8.57319388288523,39.5539392123517 8.56853197480038,39.5535245683182 8.56868810337313,39.5537052096528</coordinates>
            </LinearRing>
          </outerBoundaryIs>
          <innerBoundaryIs>
            <LinearRing>
              <coordinates>8.5748815459,39.5537430861665 8.57500847222446,39.5538920130843 8.57490869542476,39.5539440156074 8.57477895109818,39.5537991238776 8.5748815459,39.5537430861665</coordinates>
            </LinearRing>
          </innerBoundaryIs>
          <innerBoundaryIs>
            <LinearRing>
              <coordinates>8.57211184291513,39.5541267347955 8.57232161280141,39.5541470868746 8.57256276002282,39.5541603278329 8.5725559916724,39.5542256994989 8.57242130954626,39.5542202390099 8.57241460057181,39.5542759248394 8.57222672870787,39.5542605191447 8.5722302952909,39.5542048127403 8.57210202929073,39.5541799854036 8.57211184291513,39.5541267347955</coordinates>
            </LinearRing>
          </innerBoundaryIs>
          <innerBoundaryIs>
            <LinearRing>
              <coordinates>8.57424840101551,39.5546268821642 8.57412609209548,39.5544994969172 8.57418292511596,39.5543592171167 8.57445147516995,39.554103715038 8.57452128119464,39.5541658804325 8.57452889605213,39.5544357751014 8.57445294876113,39.5545422415452 8.57438766248072,39.5545232068464 8.5742803222428,39.5546126638458 8.57424840101551,39.5546268821642</coordinates>
            </LinearRing>
          </innerBoundaryIs>
        </Polygon>
      </Placemark>
      <Placemark xmlns="http://www.opengis.net/kml/2.2">
        <styleUrl>#Parti singole_style_map</styleUrl>
        <name>T03598</name>
        <Polygon>
          <outerBoundaryIs>
            <LinearRing>
              <coordinates>8.57484462434449,39.5547358563691 8.5749974896184,39.5550270333474 8.57499870165951,39.5550420308804 8.57597579186299,39.5549923520868 8.57599710718335,39.5549631825645 8.57601835859588,39.5549655127265 8.57663247165189,39.5544594656335 8.57675103346122,39.5541721906979 8.5768311665443,39.5541519393079 8.57687222036272,39.554170866321 8.57689585818184,39.5542496842439 8.57690740236316,39.5543247098243 8.57726073069706,39.5543900416633 8.57803610319023,39.5544142251134 8.57785244189031,39.5547290433974 8.57782799179086,39.5547570485507 8.57766253080623,39.5549341565592 8.57780618207169,39.5548467386353 8.57799419472855,39.5547798990393 8.57817635942999,39.5546926836816 8.57835908843883,39.5545679693161 8.57853031652398,39.5543626069843 8.57868875394444,39.5542433993043 8.57879867909726,39.5541027602096 8.57881959780669,39.5539023393963 8.57886710952124,39.5537216394011 8.57885180013253,39.5536318325038 8.57877468534067,39.5536151360801 8.57869179506967,39.5538295322711 8.57864013284324,39.5539286200602 8.5785596127177,39.5539994549906 8.57843077529573,39.5540513460595 8.57824860709449,39.554102980233 8.57812497647209,39.5541061532844 8.57788044483486,39.5540750531945 8.57735469990467,39.5538931606071 8.5770479331575,39.5537605747461 8.57680928661162,39.5535926817887 8.57666483100333,39.5535351111975 8.57522749304226,39.5537068513446 8.57532226892741,39.5538085816192 8.57537952297373,39.5539269067031 8.5753475222881,39.5539904743195 8.57520825225768,39.5541360035026 8.57497876608205,39.5543230731065 8.57487322776973,39.5544949902853 8.57484612588245,39.5545529622888 8.57482363962766,39.5546289356944 8.57484462434449,39.5547358563691</coordinates>
            </LinearRing>
          </outerBoundaryIs>
        </Polygon>
      </Placemark>
      <Placemark xmlns="http://www.opengis.net/kml/2.2">
        <styleUrl>#Parti singole_style_map</styleUrl>
        <name>T00905</name>
        <Polygon>
          <outerBoundaryIs>
            <LinearRing>
              <coordinates>8.58969717246819,39.5562157836152 8.59021607550395,39.5561843860721 8.59019381720952,39.5559200541331 8.58967249510669,39.5559514430334 8.58969717246819,39.5562157836152</coordinates>
            </LinearRing>
          </outerBoundaryIs>
          <innerBoundaryIs>
            <LinearRing>
              <coordinates>8.59005608017136,39.5560944754424 8.59006479997221,39.5560724761003 8.59014524013356,39.5560887352685 8.59012654252098,39.5561368472198 8.59012209862862,39.5561482745849 8.59007836159579,39.5561394432983 8.59004122811091,39.5561319508094 8.59005608017136,39.5560944754424</coordinates>
            </LinearRing>
          </innerBoundaryIs>
        </Polygon>
      </Placemark>
      <Placemark xmlns="http://www.opengis.net/kml/2.2">
        <styleUrl>#Parti singole_style_map</styleUrl>
        <name>T00882</name>
        <Polygon>
          <outerBoundaryIs>
            <LinearRing>
              <coordinates>8.58346743816033,39.5592074592848 8.58395697382633,39.5592345511549 8.58416060324119,39.5592298563786 8.58421007900857,39.5591979750067 8.58413854258074,39.5589069483928 8.58374267480556,39.5588882663051 8.58351495505271,39.5588689426699 8.58346743816033,39.5592074592848</coordinates>
            </LinearRing>
          </outerBoundaryIs>
        </Polygon>
      </Placemark>
      <Placemark xmlns="http://www.opengis.net/kml/2.2">
        <styleUrl>#Parti singole_style_map</styleUrl>
        <name>T00855</name>
        <Polygon>
          <outerBoundaryIs>
            <LinearRing>
              <coordinates>8.57112895302095,39.5561255972602 8.57119767655614,39.5561139394704 8.57141221521648,39.5560337471541 8.57141109773263,39.5560091900375 8.57141904298549,39.555923027095 8.57113314254767,39.5559123215666 8.57113005057526,39.5559985114236 8.57112895302095,39.5561255972602</coordinates>
            </LinearRing>
          </outerBoundaryIs>
        </Polygon>
      </Placemark>
      <Placemark xmlns="http://www.opengis.net/kml/2.2">
        <styleUrl>#Parti singole_style_map</styleUrl>
        <name>T03599</name>
        <Polygon>
          <outerBoundaryIs>
            <LinearRing>
              <coordinates>8.57734049537152,39.5550685985353 8.57748819705092,39.5551461828995 8.57751823859581,39.5551021598732 8.57738000647298,39.555023510757 8.57734049537152,39.5550685985353</coordinates>
            </LinearRing>
          </outerBoundaryIs>
        </Polygon>
      </Placemark>
      <Placemark xmlns="http://www.opengis.net/kml/2.2">
        <styleUrl>#Parti singole_style_map</styleUrl>
        <name>T00907</name>
        <Polygon>
          <outerBoundaryIs>
            <LinearRing>
              <coordinates>8.59004122811091,39.5561319508094 8.59007836159579,39.5561394432983 8.59012209862862,39.5561482745849 8.59012654252098,39.5561368472198 8.59014524013356,39.5560887352685 8.59006479997221,39.5560724761003 8.59005608017136,39.5560944754424 8.59004122811091,39.5561319508094</coordinates>
            </LinearRing>
          </outerBoundaryIs>
        </Polygon>
      </Placemark>
      <Placemark xmlns="http://www.opengis.net/kml/2.2">
        <styleUrl>#Parti singole_style_map</styleUrl>
        <name>T00927</name>
        <Polygon>
          <outerBoundaryIs>
            <LinearRing>
              <coordinates>8.59011952016522,39.5568547161532 8.58997391074552,39.5568575809396 8.58996262930852,39.556865875608 8.58993348298867,39.5568757290377 8.58989105751274,39.5568773362112 8.58984214623876,39.5568714419319 8.58976742886851,39.5568616541296 8.58971704528807,39.5568626474567 8.58932350061226,39.5568346669626 8.58911251454497,39.5568524637285 8.58863403808922,39.5569871131384 8.58848850074392,39.5570033205352 8.58858932658676,39.5571312182403 8.58866888855847,39.5571859131481 8.58925837160084,39.5572138412536 8.58953691677355,39.5572375771445 8.58981781568983,39.557268826241 8.59000413926876,39.5573001372203 8.59011952016522,39.5568547161532</coordinates>
            </LinearRing>
          </outerBoundaryIs>
          <innerBoundaryIs>
            <LinearRing>
              <coordinates>8.58989330834809,39.5569358478767 8.58997968474557,39.5569483438084 8.58994533241715,39.5571640996794 8.58984182457271,39.5571491374681 8.58970541520893,39.5571294276341 8.58975847629911,39.5569053313455 8.5898959082611,39.5569252609755 8.58989330834809,39.5569358478767</coordinates>
            </LinearRing>
          </innerBoundaryIs>
          <innerBoundaryIs>
            <LinearRing>
              <coordinates>8.58958210175635,39.55689053493 8.58964668465548,39.5568996563184 8.58960374009759,39.5570760969265 8.58950487533433,39.5570633583423 8.58940943859423,39.5570496316548 8.5893145861592,39.5570374927639 8.58921500542734,39.5570238053221 8.58925917849413,39.556842512665 8.5893231626276,39.5568524880913 8.58935799292959,39.556857801188 8.58939274181218,39.556863104976 8.58945250847702,39.5568717589279 8.58951292538633,39.556880685456 8.58954750198229,39.5568856011469 8.58958210175635,39.55689053493</coordinates>
            </LinearRing>
          </innerBoundaryIs>
        </Polygon>
      </Placemark>
      <Placemark xmlns="http://www.opengis.net/kml/2.2">
        <styleUrl>#Parti singole_style_map</styleUrl>
        <name>T00928</name>
        <Polygon>
          <outerBoundaryIs>
            <LinearRing>
              <coordinates>8.58984182457271,39.5571491374681 8.58994533241715,39.5571640996794 8.58997968474557,39.5569483438084 8.58989330834809,39.5569358478767 8.58984182457271,39.5571491374681</coordinates>
            </LinearRing>
          </outerBoundaryIs>
        </Polygon>
      </Placemark>
      <Placemark xmlns="http://www.opengis.net/kml/2.2">
        <styleUrl>#Parti singole_style_map</styleUrl>
        <name>T00929</name>
        <Polygon>
          <outerBoundaryIs>
            <LinearRing>
              <coordinates>8.58989330834809,39.5569358478767 8.5898959082611,39.5569252609755 8.58975847629911,39.5569053313455 8.58970541520893,39.5571294276341 8.58984182457271,39.5571491374681 8.58989330834809,39.5569358478767</coordinates>
            </LinearRing>
          </outerBoundaryIs>
        </Polygon>
      </Placemark>
      <Placemark xmlns="http://www.opengis.net/kml/2.2">
        <styleUrl>#Parti singole_style_map</styleUrl>
        <name>T00932</name>
        <Polygon>
          <outerBoundaryIs>
            <LinearRing>
              <coordinates>8.58945250847702,39.5568717589279 8.58939274181218,39.556863104976 8.58935799292959,39.556857801188 8.5893145861592,39.5570374927639 8.58940943859423,39.5570496316548 8.58945250847702,39.5568717589279</coordinates>
            </LinearRing>
          </outerBoundaryIs>
        </Polygon>
      </Placemark>
      <Placemark xmlns="http://www.opengis.net/kml/2.2">
        <styleUrl>#Parti singole_style_map</styleUrl>
        <name>T00933</name>
        <Polygon>
          <outerBoundaryIs>
            <LinearRing>
              <coordinates>8.58935799292959,39.556857801188 8.5893231626276,39.5568524880913 8.58925917849413,39.556842512665 8.58921500542734,39.5570238053221 8.5893145861592,39.5570374927639 8.58935799292959,39.556857801188</coordinates>
            </LinearRing>
          </outerBoundaryIs>
        </Polygon>
      </Placemark>
      <Placemark xmlns="http://www.opengis.net/kml/2.2">
        <styleUrl>#Parti singole_style_map</styleUrl>
        <name>T00934</name>
        <Polygon>
          <outerBoundaryIs>
            <LinearRing>
              <coordinates>8.58984535577732,39.5568601183425 8.58984214623876,39.5568714419319 8.58989105751274,39.5568773362112 8.58993348298867,39.5568757290377 8.58996262930852,39.556865875608 8.58997391074552,39.5568575809396 8.58984535577732,39.5568601183425</coordinates>
            </LinearRing>
          </outerBoundaryIs>
        </Polygon>
      </Placemark>
      <Placemark xmlns="http://www.opengis.net/kml/2.2">
        <styleUrl>#Parti singole_style_map</styleUrl>
        <name>T00935</name>
        <Polygon>
          <outerBoundaryIs>
            <LinearRing>
              <coordinates>8.58976742886851,39.5568616541296 8.58984214623876,39.5568714419319 8.58984535577732,39.5568601183425 8.58976742886851,39.5568616541296</coordinates>
            </LinearRing>
          </outerBoundaryIs>
        </Polygon>
      </Placemark>
      <Placemark xmlns="http://www.opengis.net/kml/2.2">
        <styleUrl>#Parti singole_style_map</styleUrl>
        <name>T00909</name>
        <Polygon>
          <outerBoundaryIs>
            <LinearRing>
              <coordinates>8.58870669388061,39.5569222892922 8.5889428766579,39.5568598734775 8.5888754856192,39.5568473268617 8.58874850398029,39.5568396870109 8.58873977466936,39.5568179143013 8.58870669388061,39.5569222892922</coordinates>
            </LinearRing>
          </outerBoundaryIs>
        </Polygon>
      </Placemark>
      <Placemark xmlns="http://www.opengis.net/kml/2.2">
        <styleUrl>#Parti singole_style_map</styleUrl>
        <name>T00910</name>
        <Polygon>
          <outerBoundaryIs>
            <LinearRing>
              <coordinates>8.58895208725676,39.5565893635606 8.58894093417216,39.5566251759652 8.58889939628182,39.5567701213765 8.5888754856192,39.5568473268617 8.5889428766579,39.5568598734775 8.5890080223969,39.5568426601794 8.58907855499907,39.5566110213584 8.58895208725676,39.5565893635606</coordinates>
            </LinearRing>
          </outerBoundaryIs>
        </Polygon>
      </Placemark>
      <Placemark xmlns="http://www.opengis.net/kml/2.2">
        <styleUrl>#Parti singole_style_map</styleUrl>
        <name>T00911</name>
        <Polygon>
          <outerBoundaryIs>
            <LinearRing>
              <coordinates>8.58884367809946,39.5565707970209 8.58882021702286,39.5565640463439 8.58873977466936,39.5568179143013 8.58874850398029,39.5568396870109 8.5888754856192,39.5568473268617 8.58889939628182,39.5567701213765 8.58894093417216,39.5566251759652 8.58895208725676,39.5565893635606 8.58884367809946,39.5565707970209</coordinates>
            </LinearRing>
          </outerBoundaryIs>
        </Polygon>
      </Placemark>
      <Placemark xmlns="http://www.opengis.net/kml/2.2">
        <styleUrl>#Parti singole_style_map</styleUrl>
        <name>T00913</name>
        <Polygon>
          <outerBoundaryIs>
            <LinearRing>
              <coordinates>8.58970615927592,39.5568315145333 8.58971156068438,39.5568314345054 8.58974885256825,39.5566995927624 8.5895695228111,39.556668873741 8.58952805444293,39.5568160631823 8.58970615927592,39.5568315145333</coordinates>
            </LinearRing>
          </outerBoundaryIs>
        </Polygon>
      </Placemark>
      <Placemark xmlns="http://www.opengis.net/kml/2.2">
        <styleUrl>#Parti singole_style_map</styleUrl>
        <name>T00914</name>
        <Polygon>
          <outerBoundaryIs>
            <LinearRing>
              <coordinates>8.58985551270453,39.5568293300669 8.58988556359485,39.5567232771423 8.58974885256825,39.5566995927624 8.58971156068438,39.5568314345054 8.58985551270453,39.5568293300669</coordinates>
            </LinearRing>
          </outerBoundaryIs>
        </Polygon>
      </Placemark>
      <Placemark xmlns="http://www.opengis.net/kml/2.2">
        <styleUrl>#Parti singole_style_map</styleUrl>
        <name>T00915</name>
        <Polygon>
          <outerBoundaryIs>
            <LinearRing>
              <coordinates>8.58999777685388,39.5568272375109 8.59000076263402,39.5568203011311 8.59001213488914,39.5567788129255 8.59000992660443,39.5567565227178 8.58998850676127,39.556741120609 8.58988556359485,39.5567232771423 8.58985551270453,39.5568293300669 8.58999777685388,39.5568272375109</coordinates>
            </LinearRing>
          </outerBoundaryIs>
        </Polygon>
      </Placemark>
      <Placemark xmlns="http://www.opengis.net/kml/2.2">
        <styleUrl>#Parti singole_style_map</styleUrl>
        <name>T00916</name>
        <Polygon>
          <outerBoundaryIs>
            <LinearRing>
              <coordinates>8.58953635818653,39.5566357518754 8.58952889363583,39.5566619724214 8.5895695228111,39.556668873741 8.58974885256825,39.5566995927624 8.58988556359485,39.5567232771423 8.58998850676127,39.556741120609 8.59000992660443,39.5567565227178 8.59001213488914,39.5567788129255 8.59000076263402,39.5568203011311 8.58999777685388,39.5568272375109 8.590133498685,39.5568252568427 8.59020852169367,39.5565282005567 8.59013827498812,39.5565222581371 8.5900907215591,39.5567225689112 8.58953635818653,39.5566357518754</coordinates>
            </LinearRing>
          </outerBoundaryIs>
        </Polygon>
      </Placemark>
      <Placemark xmlns="http://www.opengis.net/kml/2.2">
        <styleUrl>#Parti singole_style_map</styleUrl>
        <name>T00918</name>
        <Polygon>
          <outerBoundaryIs>
            <LinearRing>
              <coordinates>8.58934870026871,39.556657307723 8.58931917930484,39.5567582445465 8.58931119229071,39.5567743627116 8.58928339385822,39.556792492178 8.58925894095079,39.5567979650248 8.58913686003305,39.5568178783339 8.58936463186889,39.5568018708574 8.58939030808851,39.556804097089 8.58938361872848,39.5567778445237 8.58940792255338,39.556667446468 8.58934870026871,39.556657307723</coordinates>
            </LinearRing>
          </outerBoundaryIs>
        </Polygon>
      </Placemark>
      <Placemark xmlns="http://www.opengis.net/kml/2.2">
        <styleUrl>#Parti singole_style_map</styleUrl>
        <name>T00919</name>
        <Polygon>
          <outerBoundaryIs>
            <LinearRing>
              <coordinates>8.58952141765236,39.5566881568853 8.58943913256332,39.5566727917906 8.58940792255338,39.556667446468 8.58938361872848,39.5567778445237 8.58939030808851,39.556804097089 8.58952805444293,39.5568160631823 8.5895695228111,39.556668873741 8.58952889363583,39.5566619724214 8.58952141765236,39.5566881568853</coordinates>
            </LinearRing>
          </outerBoundaryIs>
        </Polygon>
      </Placemark>
      <Placemark xmlns="http://www.opengis.net/kml/2.2">
        <styleUrl>#Parti singole_style_map</styleUrl>
        <name>T00920</name>
        <Polygon>
          <outerBoundaryIs>
            <LinearRing>
              <coordinates>8.58890331801896,39.5563742868327 8.58939952715216,39.5564608472061 8.58941710031771,39.5564021893769 8.58889761017345,39.5563198535701 8.58882021702286,39.5565640463439 8.58884367809946,39.5565707970209 8.58890331801896,39.5563742868327</coordinates>
            </LinearRing>
          </outerBoundaryIs>
        </Polygon>
      </Placemark>
      <Placemark xmlns="http://www.opengis.net/kml/2.2">
        <styleUrl>#Parti singole_style_map</styleUrl>
        <name>T00879</name>
        <Polygon>
          <outerBoundaryIs>
            <LinearRing>
              <coordinates>8.58266040020093,39.5584411393415 8.58251115722413,39.5586241150487 8.58275219560551,39.5587166519065 8.58291694939015,39.5584044432247 8.58348646734735,39.558412659479 8.5835016613488,39.5583265127112 8.58400005983633,39.5583245420154 8.58397495769042,39.5581795218636 8.58371590855628,39.5580525758108 8.58283784305675,39.5580607235528 8.58271061027556,39.5582208564694 8.58266040020093,39.5584411393415</coordinates>
            </LinearRing>
          </outerBoundaryIs>
          <innerBoundaryIs>
            <LinearRing>
              <coordinates>8.58346617550289,39.5582537175852 8.58288921455302,39.5582698382719 8.58288509671258,39.5581742335097 8.58346443262128,39.558163752781 8.58346617550289,39.5582537175852</coordinates>
            </LinearRing>
          </innerBoundaryIs>
        </Polygon>
      </Placemark>
      <Placemark xmlns="http://www.opengis.net/kml/2.2">
        <styleUrl>#Parti singole_style_map</styleUrl>
        <name>T00880</name>
        <Polygon>
          <outerBoundaryIs>
            <LinearRing>
              <coordinates>8.58595905840096,39.5581993809702 8.58571906786002,39.5579460841984 8.58469724786026,39.5581259013093 8.58450202382122,39.5579399246983 8.58481295929003,39.5574964159493 8.58473900182437,39.5575094866951 8.58434529800348,39.5576501160311 8.5836487772821,39.5576094892564 8.58325523951569,39.5574090496396 8.58267582856067,39.5577474759544 8.58253827412886,39.5579886009707 8.58271061027556,39.5582208564694 8.58283784305675,39.5580607235528 8.58371590855628,39.5580525758108 8.58397495769042,39.5581795218636 8.58400005983633,39.5583245420154 8.58413854258074,39.5589069483928 8.58421007900857,39.5591979750067 8.58435459159504,39.559104830616 8.58479601736063,39.5590656113472 8.58570890538908,39.5589959428258 8.58585519052046,39.5588822955088 8.58606391991092,39.5588438901394 8.58623643269729,39.5587884520812 8.58644835836457,39.5586469799025 8.58625983905198,39.5584893404033 8.58595905840096,39.5581993809702</coordinates>
            </LinearRing>
          </outerBoundaryIs>
          <innerBoundaryIs>
            <LinearRing>
              <coordinates>8.5828744241017,39.557863340794 8.58281179981214,39.5578498256677 8.58283552694005,39.5577286957187 8.58290963587397,39.5577312325214 8.5828744241017,39.557863340794</coordinates>
            </LinearRing>
          </innerBoundaryIs>
        </Polygon>
      </Placemark>
      <Placemark xmlns="http://www.opengis.net/kml/2.2">
        <styleUrl>#Parti singole_style_map</styleUrl>
        <name>T03600</name>
        <Polygon>
          <outerBoundaryIs>
            <LinearRing>
              <coordinates>8.57799419472855,39.5547798990393 8.57829063187826,39.5546800698651 8.57849481902794,39.5546022956563 8.57863565982812,39.5545654501888 8.57873980891283,39.5545734327286 8.57883667251329,39.5545851190064 8.57888703494126,39.5546546897896 8.57899484067803,39.5548182297569 8.57907166384087,39.554914152332 8.57909099027678,39.554890291093 8.5789896823229,39.5545088252026 8.57895385726192,39.5544393251938 8.57896128013048,39.5544206107325 8.57898577520335,39.5543870011092 8.57904458725125,39.5543489386661 8.5790602646184,39.5542009566489 8.57900054886026,39.5540863637129 8.57889957364397,39.5539790906525 8.57889886270935,39.5537542005615 8.57886693479328,39.5536351130711 8.57885180013253,39.5536318325038 8.57886710952124,39.5537216394011 8.57881959780669,39.5539023393963 8.57879867909726,39.5541027602096 8.57868875394444,39.5542433993043 8.57853031652398,39.5543626069843 8.57835908843883,39.5545679693161 8.57817635942999,39.5546926836816 8.57799419472855,39.5547798990393</coordinates>
            </LinearRing>
          </outerBoundaryIs>
        </Polygon>
      </Placemark>
      <Placemark xmlns="http://www.opengis.net/kml/2.2">
        <styleUrl>#Parti singole_style_map</styleUrl>
        <name>T00892</name>
        <Polygon>
          <outerBoundaryIs>
            <LinearRing>
              <coordinates>8.57866600222533,39.5549790778878 8.5787145596915,39.5549680542876 8.57861402863621,39.5548026753365 8.57870876796225,39.5547750061376 8.57878786325507,39.5548896875272 8.57889240094333,39.5548489257481 8.57887336619092,39.5547495724889 8.57884220036257,39.5547025880047 8.57853182793729,39.5547760670143 8.57866600222533,39.5549790778878</coordinates>
            </LinearRing>
          </outerBoundaryIs>
        </Polygon>
      </Placemark>
      <Placemark xmlns="http://www.opengis.net/kml/2.2">
        <styleUrl>#Parti singole_style_map</styleUrl>
        <name>T00893</name>
        <Polygon>
          <outerBoundaryIs>
            <LinearRing>
              <coordinates>8.57891331199333,39.5549652161145 8.578952196844,39.554952274192 8.5789186329186,39.5549033978868 8.57887973704503,39.554920088033 8.57891331199333,39.5549652161145</coordinates>
            </LinearRing>
          </outerBoundaryIs>
        </Polygon>
      </Placemark>
      <Placemark xmlns="http://www.opengis.net/kml/2.2">
        <styleUrl>#Parti singole_style_map</styleUrl>
        <name>T00895</name>
        <Polygon>
          <outerBoundaryIs>
            <LinearRing>
              <coordinates>8.57886930395334,39.5553323243592 8.57901821876736,39.5551924481872 8.57892902782734,39.555128332059 8.57877283843909,39.5552681637099 8.57886930395334,39.5553323243592</coordinates>
            </LinearRing>
          </outerBoundaryIs>
        </Polygon>
      </Placemark>
      <Placemark xmlns="http://www.opengis.net/kml/2.2">
        <styleUrl>#Parti singole_style_map</styleUrl>
        <name>T00896</name>
        <Polygon>
          <outerBoundaryIs>
            <LinearRing>
              <coordinates>8.57875445089275,39.5554118469375 8.57901742131959,39.5555685972491 8.579078460624,39.5555107833399 8.57881304628819,39.555355898438 8.57875445089275,39.5554118469375</coordinates>
            </LinearRing>
          </outerBoundaryIs>
        </Polygon>
      </Placemark>
      <Placemark xmlns="http://www.opengis.net/kml/2.2">
        <styleUrl>#Parti singole_style_map</styleUrl>
        <name>T00897</name>
        <Polygon>
          <outerBoundaryIs>
            <LinearRing>
              <coordinates>8.57915185085266,39.5555162662903 8.57932745360765,39.5553709000739 8.57923340887021,39.5553086317236 8.57906268240767,39.5554502672014 8.57915185085266,39.5555162662903</coordinates>
            </LinearRing>
          </outerBoundaryIs>
        </Polygon>
      </Placemark>
      <Placemark xmlns="http://www.opengis.net/kml/2.2">
        <styleUrl>#Parti singole_style_map</styleUrl>
        <name>T00898</name>
        <Polygon>
          <outerBoundaryIs>
            <LinearRing>
              <coordinates>8.57934211672293,39.5553559781149 8.57932745360765,39.5553709000739 8.57941663378941,39.5554369080136 8.57946291837462,39.55540525135 8.57953279840054,39.5554580523227 8.57976213807849,39.5555771603886 8.57980369401839,39.5555286282528 8.57963713108264,39.5554416619303 8.5796493162698,39.5554342185012 8.57944427904281,39.5553077196998 8.5793575089265,39.5552454777951 8.57928185255134,39.5553126005729 8.57934211672293,39.5553559781149</coordinates>
            </LinearRing>
          </outerBoundaryIs>
        </Polygon>
      </Placemark>
      <Placemark xmlns="http://www.opengis.net/kml/2.2">
        <styleUrl>#Parti singole_style_map</styleUrl>
        <name>T00857</name>
        <Polygon>
          <outerBoundaryIs>
            <LinearRing>
              <coordinates>8.57774502018175,39.5560602092593 8.577962108671,39.5563106370909 8.5783432798438,39.5565410178969 8.57839937576543,39.5564962963538 8.57846455084485,39.5565303304988 8.57851039149655,39.5565567798626 8.57854210527543,39.5565306930957 8.57855923525323,39.5565082836452 8.57822614240877,39.5563287159194 8.57786039048896,39.5559859695919 8.57781591665973,39.5559818253673 8.57780353712196,39.5560154968035 8.57774502018175,39.5560602092593</coordinates>
            </LinearRing>
          </outerBoundaryIs>
        </Polygon>
      </Placemark>
      <Placemark xmlns="http://www.opengis.net/kml/2.2">
        <styleUrl>#Parti singole_style_map</styleUrl>
        <name>T00859</name>
        <Polygon>
          <outerBoundaryIs>
            <LinearRing>
              <coordinates>8.57930786062445,39.5560318138302 8.57959254462285,39.5562017694617 8.57948964228296,39.5562605673383 8.57971215373696,39.556321561529 8.58005574253634,39.5563962203034 8.58031954976781,39.5564442797491 8.58062169719731,39.5565506023448 8.5809143466017,39.5567478846278 8.58108356235077,39.5568048814994 8.58123316593084,39.5568385248528 8.58136421730484,39.5568680104676 8.58138369992245,39.5568568448931 8.58140378959483,39.5568589266053 8.58149751440076,39.556868617092 8.58150888260812,39.5569679873147 8.58146488258679,39.5570165202499 8.58136852354528,39.5571021939797 8.58114825189118,39.5572988327595 8.58091648548488,39.5574382864822 8.58144680326867,39.55750067615 8.58161596462177,39.557565159583 8.58187904048771,39.5577106589467 8.58195354011209,39.5577934612691 8.58198933693699,39.5579052544357 8.58196136650447,39.5580775472721 8.58189701020368,39.5582515291659 8.58179173799167,39.5583906921433 8.58182496467416,39.558480797381 8.58175152475613,39.55857790688 8.58195839587547,39.5587831308991 8.58248217143422,39.5586127389828 8.58262675588618,39.5584359996965 8.58267198995164,39.5582244389189 8.58250160521959,39.5580006510246 8.58264934764011,39.5577377217699 8.58322369745257,39.5573794908623 8.58311795335913,39.5573494044109 8.58312097212345,39.5573273671105 8.58292454379905,39.5572889988156 8.58293058133444,39.5572449422451 8.58312126647965,39.557289894442 8.58304549512278,39.5570209720886 8.58313485746434,39.5570011729866 8.58323228197138,39.5573124492014 8.58359094334629,39.5573868272524 8.58357955510007,39.5574011577988 8.58377450583168,39.5574161740736 8.58424840426138,39.5574107896894 8.58422152882567,39.5572839369399 8.58422170583744,39.556940700214 8.58421525559121,39.5568338513113 8.58410625220211,39.5568096918571 8.58387166453508,39.5567292636798 8.58388971125141,39.5564832127096 8.58450531571305,39.5564822724618 8.58462285929393,39.5562846741796 8.58447098618554,39.5563035389463 8.5842772527117,39.5562820498122 8.58398863530472,39.5562034287042 8.58386047507682,39.5561634864672 8.58350768533142,39.5560250762575 8.58338485392697,39.5559214499633 8.58330551247657,39.5558386401682 8.58324271135948,39.555810239663 8.58319916567802,39.5557987934957 8.58289991712469,39.5558048821733 8.58281760041387,39.5557932695635 8.58270832664498,39.5557524388168 8.58252958628472,39.5556729114036 8.58225920827975,39.5555330096156 8.58207834256167,39.5554141169774 8.58200823390015,39.5553913119166 8.58195732362971,39.5553929487255 8.58179472700398,39.555420322146 8.58173171135004,39.5554200321112 8.58166153487719,39.5554065882736 8.58150216485,39.5553290302284 8.58135947787605,39.555163907178 8.5812580435095,39.5551165979092 8.58103276158786,39.5551024501092 8.58089672877638,39.5551430550958 8.58078968023905,39.5551969105536 8.58063359675138,39.5553236261309 8.58042390961668,39.5553966538212 8.58015950337859,39.5554272971995 8.57992451376869,39.5554149772792 8.57976473603095,39.55539175635 8.57950261368466,39.555289036405 8.57948793741213,39.5553022914358 8.57970770593629,39.5554045067264 8.57993216945294,39.5555273450836 8.57995757185518,39.5556904959179 8.57960375598622,39.5556870080274 8.57936086415057,39.555755237244 8.57933091508598,39.5558707485955 8.57930786062445,39.5560318138302</coordinates>
            </LinearRing>
          </outerBoundaryIs>
          <innerBoundaryIs>
            <LinearRing>
              <coordinates>8.58321679988662,39.5568792517742 8.5832991565753,39.556892188755 8.58329509759598,39.5569266114551 8.58320797301153,39.5569129185157 8.58321679988662,39.5568792517742</coordinates>
            </LinearRing>
          </innerBoundaryIs>
          <innerBoundaryIs>
            <LinearRing>
              <coordinates>8.58175828293824,39.5564776727797 8.58181635501581,39.5564891808103 8.58178922773482,39.5565785878848 8.58172755037747,39.556566914175 8.58175828293824,39.5564776727797</coordinates>
            </LinearRing>
          </innerBoundaryIs>
          <innerBoundaryIs>
            <LinearRing>
              <coordinates>8.580931601026,39.5566003315878 8.5810088830003,39.5566362911464 8.58096229154496,39.5567072861653 8.58088016741498,39.5566713090993 8.580931601026,39.5566003315878</coordinates>
            </LinearRing>
          </innerBoundaryIs>
          <innerBoundaryIs>
            <LinearRing>
              <coordinates>8.5826415127119,39.5568180961452 8.58282547187105,39.5568489145653 8.58280302553582,39.5569331430525 8.58261421246042,39.5569022981398 8.5826415127119,39.5568180961452</coordinates>
            </LinearRing>
          </innerBoundaryIs>
          <innerBoundaryIs>
            <LinearRing>
              <coordinates>8.58296804219909,39.5561451746319 8.58343249615961,39.5562616055859 8.58338814766833,39.5563569734151 8.58293575329047,39.5562481001679 8.58296804219909,39.5561451746319</coordinates>
            </LinearRing>
          </innerBoundaryIs>
          <innerBoundaryIs>
            <LinearRing>
              <coordinates>8.58140551144788,39.5561741339807 8.58164041333705,39.5561995785635 8.58170234666921,39.5560218217256 8.58233165857137,39.5561333815793 8.5822835210223,39.5562993308581 8.58221500030072,39.5564926700939 8.58156390741403,39.5563791299582 8.58150588055756,39.5563601254164 8.58143371341469,39.5562904591672 8.58139779413522,39.5562321953997 8.58140551144788,39.5561741339807</coordinates>
            </LinearRing>
          </innerBoundaryIs>
          <innerBoundaryIs>
            <LinearRing>
              <coordinates>8.58170327130787,39.5568477428143 8.58172451766711,39.5568045700344 8.58176187785019,39.5566735600701 8.58177258981622,39.5566187981666 8.58187661295621,39.5566405631636 8.58189934415422,39.5565710856969 8.58206635432424,39.556598077997 8.58205129517792,39.5566673578533 8.58222999185163,39.5567021498259 8.58233648654029,39.5567213733959 8.58234877324513,39.5566989459652 8.58238021379936,39.5567084567582 8.58237521309684,39.5567290452695 8.58238970556404,39.5567347378215 8.5822678874977,39.5571371039305 8.5822556460835,39.5571539091034 8.58224572368786,39.5571838415752 8.58207390334839,39.5571493266638 8.58209121359828,39.5571025535638 8.5820742658064,39.5571006094219 8.58206931039451,39.5571155756711 8.58205479492382,39.5571117661438 8.58205976203239,39.557096790927 8.58165351314575,39.5570234801374 8.58170327130787,39.5568477428143</coordinates>
            </LinearRing>
          </innerBoundaryIs>
          <innerBoundaryIs>
            <LinearRing>
              <coordinates>8.58048069409118,39.5561003361879 8.58049645990691,39.5559411095139 8.58052048556079,39.5556802677607 8.58060060761615,39.5556600227485 8.58060163343504,39.5556037662963 8.58077833469568,39.5556098375479 8.58089449901911,39.5555770359782 8.580967494358,39.5555398887452 8.58097759910019,39.5554874583751 8.58099306803727,39.5553657223001 8.58100062617853,39.5553264016987 8.58121625910466,39.5553367484688 8.58148416771583,39.5554822752053 8.58173553862125,39.5555733737546 8.58158293192781,39.5555614439977 8.5815697264761,39.5557056779517 8.58156943129931,39.5557431506222 8.58117864039004,39.5558200771328 8.58117829982645,39.5558650551964 8.58104930152463,39.5559356809297 8.58102872674704,39.5559581504044 8.58109855300273,39.5559621686129 8.58105163506655,39.5563948619371 8.58088055196801,39.5563794406913 8.58090847678614,39.5560894286699 8.58080957456482,39.5561974022113 8.5807130709516,39.5561912241541 8.58070347790151,39.5562301589513 8.5804830006198,39.5562216588523 8.58048069409118,39.5561003361879</coordinates>
            </LinearRing>
          </innerBoundaryIs>
          <innerBoundaryIs>
            <LinearRing>
              <coordinates>8.58104609781918,39.5567324959514 8.58106620786368,39.5566804657088 8.58112950078247,39.5566898886456 8.58112122246747,39.5567496237556 8.58104609781918,39.5567324959514</coordinates>
            </LinearRing>
          </innerBoundaryIs>
        </Polygon>
      </Placemark>
      <Placemark xmlns="http://www.opengis.net/kml/2.2">
        <styleUrl>#Parti singole_style_map</styleUrl>
        <name>T00862</name>
        <Polygon>
          <outerBoundaryIs>
            <LinearRing>
              <coordinates>8.58037859989849,39.5590651396805 8.580429376588,39.5590822444472 8.58047230775788,39.5591032042731 8.58054099887605,39.5589948246141 8.58058467222428,39.559010453 8.58060914566576,39.5589805732361 8.5806412350988,39.5589501533246 8.58075329032226,39.5588294419004 8.5808355600541,39.5587566475912 8.58068120766155,39.558656616931 8.58046892900271,39.5588411734194 8.58053408469069,39.5588789545978 8.58040559653038,39.5590202940096 8.58037859989849,39.5590651396805</coordinates>
            </LinearRing>
          </outerBoundaryIs>
        </Polygon>
      </Placemark>
      <Placemark xmlns="http://www.opengis.net/kml/2.2">
        <styleUrl>#Parti singole_style_map</styleUrl>
        <name>T00863</name>
        <Polygon>
          <outerBoundaryIs>
            <LinearRing>
              <coordinates>8.58146018650968,39.5596683612387 8.58191186914077,39.5595813003262 8.58197838659955,39.5594391775485 8.58196422325233,39.5593941202645 8.58154214116287,39.5594409130437 8.58143728062124,39.5595247721189 8.58146018650968,39.5596683612387</coordinates>
            </LinearRing>
          </outerBoundaryIs>
        </Polygon>
      </Placemark>
      <Placemark xmlns="http://www.opengis.net/kml/2.2">
        <styleUrl>#Parti singole_style_map</styleUrl>
        <name>T00864</name>
        <Polygon>
          <outerBoundaryIs>
            <LinearRing>
              <coordinates>8.58422152882567,39.5572839369399 8.58424840426138,39.5574107896894 8.58471368056319,39.5574185185257 8.58529850652812,39.5573255952645 8.58580800460787,39.5572548179522 8.58603717345629,39.5572332716564 8.58637013998997,39.5572404500233 8.58687373596922,39.557324362424 8.58689217031182,39.5572426057108 8.58746854954934,39.5573014195355 8.58745306249777,39.5573828894725 8.58762987600809,39.5573964202294 8.58784642415706,39.5572849570736 8.58797975546584,39.557279933975 8.58804029581295,39.5572876993809 8.58807184892088,39.5572803418011 8.58830190390503,39.5573076208576 8.58864395881801,39.5573842310747 8.58871916899695,39.5572733016913 8.58854545052524,39.5571694465483 8.5883281860386,39.5569556465759 8.58818843175524,39.5568463249316 8.58801927657987,39.5567780937872 8.58785708345294,39.5567548844198 8.587658359059,39.5567502414297 8.58739995787091,39.5567395203814 8.58697104822319,39.5567770100686 8.58658054985426,39.5568164730288 8.58640090259853,39.5568550189801 8.58636992268771,39.5567855385282 8.5858814574259,39.556794501753 8.58497599541705,39.5568710370444 8.58437679340598,39.5569451568614 8.58422170583744,39.556940700214 8.58422152882567,39.5572839369399</coordinates>
            </LinearRing>
          </outerBoundaryIs>
          <innerBoundaryIs>
            <LinearRing>
              <coordinates>8.58744695332081,39.5570468836581 8.58748083797508,39.5570526624916 8.58747333884991,39.5570826130331 8.58743949915829,39.557071211946 8.58744695332081,39.5570468836581</coordinates>
            </LinearRing>
          </innerBoundaryIs>
          <innerBoundaryIs>
            <LinearRing>
              <coordinates>8.58685503209141,39.5567987175756 8.58702451132027,39.5568219722744 8.5870368415999,39.5567939130793 8.58734914498634,39.5568384258118 8.58731676112361,39.5569544711853 8.58683746609138,39.5568773508137 8.58685503209141,39.5567987175756</coordinates>
            </LinearRing>
          </innerBoundaryIs>
        </Polygon>
      </Placemark>
      <Placemark xmlns="http://www.opengis.net/kml/2.2">
        <styleUrl>#Parti singole_style_map</styleUrl>
        <name>T00865</name>
        <Polygon>
          <outerBoundaryIs>
            <LinearRing>
              <coordinates>8.58864395881801,39.5573842310747 8.58885670808504,39.5574563999832 8.58891622744648,39.5574833441912 8.58923676414206,39.5575180868326 8.58871916899695,39.5572733016913 8.58864395881801,39.5573842310747</coordinates>
            </LinearRing>
          </outerBoundaryIs>
        </Polygon>
      </Placemark>
      <Placemark xmlns="http://www.opengis.net/kml/2.2">
        <styleUrl>#Parti singole_style_map</styleUrl>
        <name>T00903</name>
        <Polygon>
          <outerBoundaryIs>
            <LinearRing>
              <coordinates>8.5885358633131,39.5568439704677 8.58864252788622,39.556840699218 8.58863790960582,39.5568106966625 8.5885336439711,39.5568177246831 8.5885358633131,39.5568439704677</coordinates>
            </LinearRing>
          </outerBoundaryIs>
        </Polygon>
      </Placemark>
      <Placemark xmlns="http://www.opengis.net/kml/2.2">
        <styleUrl>#Parti singole_style_map</styleUrl>
        <name>T00866</name>
        <Polygon>
          <outerBoundaryIs>
            <LinearRing>
              <coordinates>8.58595905840096,39.5581993809702 8.58625983905198,39.5584893404033 8.58644835836457,39.5586469799025 8.58656520519686,39.5585800442073 8.58669460716001,39.5584550728691 8.58686573742283,39.5583381698833 8.58708318773699,39.5581067756469 8.58733607121983,39.5577376497409 8.58740253138744,39.5576030201361 8.58750322411269,39.5574783062682 8.58696718708883,39.557378432136 8.58685567952547,39.5573816756051 8.58676430586894,39.5575422739545 8.58650626948538,39.5576910250405 8.58623649728919,39.5577891320382 8.58571906786002,39.5579460841984 8.58595905840096,39.5581993809702</coordinates>
            </LinearRing>
          </outerBoundaryIs>
        </Polygon>
      </Placemark>
      <Placemark xmlns="http://www.opengis.net/kml/2.2">
        <styleUrl>#Parti singole_style_map</styleUrl>
        <name>T03601</name>
        <Polygon>
          <outerBoundaryIs>
            <LinearRing>
              <coordinates>8.58288921455302,39.5582698382719 8.58346617550289,39.5582537175852 8.58346443262128,39.558163752781 8.58288509671258,39.5581742335097 8.58288921455302,39.5582698382719</coordinates>
            </LinearRing>
          </outerBoundaryIs>
        </Polygon>
      </Placemark>
      <Placemark xmlns="http://www.opengis.net/kml/2.2">
        <styleUrl>#Parti singole_style_map</styleUrl>
        <name>T03602</name>
        <Polygon>
          <outerBoundaryIs>
            <LinearRing>
              <coordinates>8.58301768151175,39.5506021841752 8.58318521847481,39.5508867627371 8.58321749410745,39.5511042967041 8.58323698277213,39.5514105450537 8.58314512510243,39.5516829746015 8.58312013485197,39.5517803130661 8.58317967462337,39.5519192671078 8.58324811803469,39.5521613216752 8.58323070286472,39.5522201233389 8.58311732546966,39.5524688506336 8.58308442316042,39.5525579252762 8.58338591034346,39.5528424256634 8.58340280056865,39.5528518749704 8.58340512009511,39.5528668763975 8.58397771784377,39.5530999887995 8.58398960825404,39.5531300266182 8.58464563832316,39.5533402060907 8.5846599499456,39.5533702615107 8.58518134372086,39.5536481010642 8.58519815525183,39.5536669205188 8.58520481822659,39.5538105411351 8.5846793184074,39.5540761419691 8.58405787109244,39.5539481972464 8.58412876695874,39.5541877731671 8.58422709218763,39.5543250274214 8.58491296687802,39.5543243906223 8.5849602939707,39.5544745268513 8.58487719235301,39.5546551741981 8.58510470335509,39.554695551428 8.58531517697002,39.5547452380602 8.58542670317473,39.5547401219895 8.58577301983017,39.5546573820897 8.58624833398079,39.5546201792753 8.58653737197345,39.5545352777606 8.58686714071793,39.5545142861804 8.58692784638506,39.5544976979716 8.58714736570851,39.5546354889338 8.58738170434802,39.5546140754758 8.58774349625384,39.5545238881335 8.58791874306801,39.5544253520511 8.58807905932059,39.5543773554539 8.58828462015878,39.5542011586287 8.58806227580872,39.554117700774 8.5881000817405,39.5539248527242 8.58795316042296,39.5538023683408 8.58785279981941,39.5536126431328 8.58752603994213,39.5535568265639 8.58688052692247,39.5535005512839 8.5830035973774,39.5505421431346 8.58301768151175,39.5506021841752</coordinates>
            </LinearRing>
          </outerBoundaryIs>
        </Polygon>
      </Placemark>
      <Placemark xmlns="http://www.opengis.net/kml/2.2">
        <styleUrl>#Parti singole_style_map</styleUrl>
        <name>T03603</name>
        <Polygon>
          <outerBoundaryIs>
            <LinearRing>
              <coordinates>8.5810628295132,39.5510785859859 8.58198660571006,39.552000693362 8.58221346706776,39.5522231716889 8.58253514918385,39.5520817769197 8.58317471841982,39.5521695999791 8.58314962606465,39.5520488442247 8.58305721777048,39.5517777174771 8.58307976348678,39.5516785051214 8.58318124767577,39.5514098314258 8.58312927182478,39.5509136648426 8.58294987583538,39.550601751464 8.58294632228475,39.5505130234517 8.58187108240647,39.5497756206541 8.58184361402532,39.5498823116365 8.58184967394341,39.5500611785853 8.58182005676017,39.5504537941563 8.58184160347158,39.5506818499294 8.58180949681757,39.5507604121021 8.58154855521045,39.5509747367724 8.58141730448761,39.5510247303368 8.5811697821568,39.5510685829251 8.5810628295132,39.5510785859859</coordinates>
            </LinearRing>
          </outerBoundaryIs>
        </Polygon>
      </Placemark>
      <Placemark xmlns="http://www.opengis.net/kml/2.2">
        <styleUrl>#Parti singole_style_map</styleUrl>
        <name>T00891</name>
        <Polygon>
          <outerBoundaryIs>
            <LinearRing>
              <coordinates>8.57755245303022,39.5550648286334 8.57766253080623,39.5549341565592 8.57782799179086,39.5547570485507 8.57769524733946,39.5546852315244 8.57740448278288,39.5549912349246 8.57755245303022,39.5550648286334</coordinates>
            </LinearRing>
          </outerBoundaryIs>
        </Polygon>
      </Placemark>
      <Placemark xmlns="http://www.opengis.net/kml/2.2">
        <styleUrl>#Parti singole_style_map</styleUrl>
        <name>T00936</name>
        <Polygon>
          <outerBoundaryIs>
            <LinearRing>
              <coordinates>8.57771023381475,39.5552941103315 8.57783827440625,39.5553471688629 8.57786529426945,39.5553004406908 8.5777951871789,39.555277624086 8.57782210411764,39.5552440235199 8.5778825386574,39.5552649127907 8.57792177756598,39.555203253944 8.57779852231282,39.5551595835884 8.57775432658569,39.5552324601829 8.57771023381475,39.5552941103315</coordinates>
            </LinearRing>
          </outerBoundaryIs>
        </Polygon>
      </Placemark>
      <Placemark xmlns="http://www.opengis.net/kml/2.2">
        <styleUrl>#Parti singole_style_map</styleUrl>
        <name>T00868</name>
        <Polygon>
          <outerBoundaryIs>
            <LinearRing>
              <coordinates>8.5804830006198,39.5562216588523 8.58070347790151,39.5562301589513 8.5807130709516,39.5561912241541 8.58071056010961,39.5561501012068 8.58073415647147,39.5559159553112 8.58076934680395,39.555751203345 8.58077969017689,39.5556669225338 8.58077833469568,39.5556098375479 8.58060163343504,39.5556037662963 8.58060060761615,39.5556600227485 8.58052048556079,39.5556802677607 8.58049645990691,39.5559411095139 8.58048069409118,39.5561003361879 8.5804830006198,39.5562216588523</coordinates>
            </LinearRing>
          </outerBoundaryIs>
        </Polygon>
      </Placemark>
      <Placemark xmlns="http://www.opengis.net/kml/2.2">
        <styleUrl>#Parti singole_style_map</styleUrl>
        <name>T00924</name>
        <Polygon>
          <outerBoundaryIs>
            <LinearRing>
              <coordinates>8.58903599393187,39.5573628051962 8.58934595151096,39.5575017049045 8.58947896464183,39.5575585525131 8.58996762578725,39.5577621092104 8.59020642077516,39.5578335566915 8.59022600165549,39.5577383151166 8.5903042240103,39.5573566456094 8.59016155451921,39.5573265884486 8.59000413926876,39.5573001372203 8.58981781568983,39.557268826241 8.58953691677355,39.5572375771445 8.58925837160084,39.5572138412536 8.58866888855847,39.5571859131481 8.58903599393187,39.5573628051962</coordinates>
            </LinearRing>
          </outerBoundaryIs>
        </Polygon>
      </Placemark>
      <Placemark xmlns="http://www.opengis.net/kml/2.2">
        <styleUrl>#Parti singole_style_map</styleUrl>
        <name>T00925</name>
        <Polygon>
          <outerBoundaryIs>
            <LinearRing>
              <coordinates>8.59003143666612,39.5572248085913 8.59017668417451,39.5572479461094 8.59020405330395,39.5571524977485 8.59005398658075,39.5571274601034 8.59003143666612,39.5572248085913</coordinates>
            </LinearRing>
          </outerBoundaryIs>
        </Polygon>
      </Placemark>
      <Placemark xmlns="http://www.opengis.net/kml/2.2">
        <styleUrl>#Parti singole_style_map</styleUrl>
        <name>T00937</name>
        <Polygon>
          <outerBoundaryIs>
            <LinearRing>
              <coordinates>8.5699301349099,39.5562118249467 8.57002540119878,39.5561166958781 8.56998444088945,39.5560865219809 8.56988916300238,39.55618352511 8.5699301349099,39.5562118249467</coordinates>
            </LinearRing>
          </outerBoundaryIs>
        </Polygon>
      </Placemark>
      <Placemark xmlns="http://www.opengis.net/kml/2.2">
        <styleUrl>#Parti singole_style_map</styleUrl>
        <name>T00979</name>
        <Polygon>
          <outerBoundaryIs>
            <LinearRing>
              <coordinates>8.6075935609895,39.5598617405524 8.60760375243575,39.5598936893856 8.6076438086086,39.5599285413328 8.60765642744899,39.5599263764554 8.60768891096078,39.5599685551823 8.60779163641735,39.5599915810772 8.60780478519656,39.5599945267991 8.60786879684318,39.5600088711047 8.6078973032732,39.5600152655539 8.60815028620202,39.5600400238404 8.60864218147521,39.5600912122999 8.60884895101177,39.5601244541465 8.60935871637626,39.5602003789133 8.60939156319549,39.5601884246601 8.60950024657622,39.5602181907524 8.60955121921568,39.5602101087582 8.60960680211874,39.5602226577495 8.60962798527193,39.5603994474729 8.60968189241047,39.5603683720585 8.60973906144344,39.5603472098735 8.60982983426257,39.5602476090152 8.6098831068116,39.5602507794259 8.61028191702871,39.5602871506279 8.6106567651094,39.560382889903 8.61087921713758,39.5604243079912 8.61112036910469,39.5604606794598 8.61135954046587,39.5604828165761 8.61159504503899,39.5605174922463 8.61208881556897,39.5605883328136 8.61267939590489,39.5606748928198 8.61307941196703,39.5607274769409 8.61323737586637,39.5607922284578 8.61407682752941,39.5609013158376 8.61502453281857,39.5610285153842 8.61504964859595,39.5610462047311 8.61510839246998,39.5609358794551 8.61507307669062,39.5609123897305 8.61474119219502,39.5608658321599 8.6145150146013,39.5608343474248 8.61436143563603,39.5608099061528 8.61435139339502,39.5608407510083 8.61429170985409,39.5608327228313 8.61429545411202,39.5608040555669 8.6142243269457,39.5607919977888 8.61421550688962,39.5608228466932 8.61410180716319,39.5608070973337 8.61410820611412,39.5607762313811 8.61325567999338,39.5606614962894 8.61284431068646,39.5605761496037 8.61256442725269,39.5605443107908 8.61162630007614,39.5603944533774 8.61119547191314,39.5603319218651 8.61095610252623,39.5602890961583 8.61082140990053,39.5602703719413 8.61052097627848,39.5602272775772 8.61023276112627,39.5601828989425 8.61020684906214,39.5601787933748 8.60992399827627,39.5601306746986 8.60985137254549,39.5601183298921 8.60971873783258,39.5601043056653 8.60966334266241,39.5600749081455 8.60962684737841,39.5600877692577 8.60958677626878,39.560096870061 8.60863768242724,39.5599411940908 8.60814743232833,39.5598833075207 8.60802447301463,39.5598731704101 8.60793764068704,39.5598659933971 8.60762771789238,39.5598404295497 8.6075394272637,39.559827651931 8.6075935609895,39.5598617405524</coordinates>
            </LinearRing>
          </outerBoundaryIs>
        </Polygon>
      </Placemark>
      <Placemark xmlns="http://www.opengis.net/kml/2.2">
        <styleUrl>#Parti singole_style_map</styleUrl>
        <name>T00981</name>
        <Polygon>
          <outerBoundaryIs>
            <LinearRing>
              <coordinates>8.6218191184085,39.5613684302036 8.62193557481872,39.5613465180431 8.6220974018975,39.5613083367247 8.62230955871158,39.5612431078805 8.62264821600103,39.5611024864005 8.62338532925728,39.5607192849473 8.62384955255466,39.5604466521505 8.62399266831684,39.5604001901899 8.62461177783513,39.5599998936277 8.62466733911984,39.5599241526517 8.62497019975338,39.5596976668293 8.62495250984528,39.5596624605949 8.62492655018348,39.5596130815067 8.62487343397936,39.5596370033921 8.62454132312336,39.5598285516379 8.62437947846881,39.5598945870874 8.62419610468877,39.5600176777879 8.62358695340305,39.5604035699519 8.62342674260665,39.5605243287704 8.62309997942132,39.5607457322337 8.62269884009279,39.5609031093578 8.62250826279746,39.5610054773538 8.62247155410654,39.5610537161479 8.62223373743659,39.5611626517446 8.62182008750353,39.5612972341685 8.62179100499466,39.5613022572748 8.6218191184085,39.5613684302036</coordinates>
            </LinearRing>
          </outerBoundaryIs>
        </Polygon>
      </Placemark>
      <Placemark xmlns="http://www.opengis.net/kml/2.2">
        <styleUrl>#Parti singole_style_map</styleUrl>
        <name>T00982</name>
        <Polygon>
          <outerBoundaryIs>
            <LinearRing>
              <coordinates>8.62500982787147,39.5596256495258 8.6250253997321,39.5596650837422 8.62528093920943,39.5595424499045 8.62588093007714,39.5591468151922 8.6261779605891,39.5589533120487 8.6263075066635,39.5588859447318 8.62685980644296,39.5585512951623 8.62724534667205,39.5583007863119 8.6280669576655,39.5577828250917 8.62834289326768,39.5576072783501 8.62912603074616,39.5571283540981 8.62953367321308,39.5568052672641 8.62954461790344,39.5567981209888 8.62968915479991,39.5567384023745 8.6297955136873,39.5566784537342 8.62981253402806,39.5566516843869 8.6299671399171,39.5565655163029 8.63004161731808,39.5565163772796 8.63029468305394,39.5563494298817 8.63061849810125,39.5561357814635 8.63065713492803,39.5561547268584 8.63085999265887,39.5560760364169 8.6309758259736,39.5560486979979 8.63112063665275,39.5559609654857 8.63125378188888,39.555864825189 8.63136322310019,39.5558091827962 8.63143086981789,39.555739576849 8.63151669884437,39.5555884404306 8.63162036510377,39.5555153986234 8.63162369941685,39.555463825316 8.63160499837335,39.5554278960342 8.63156154136905,39.5553916449183 8.63151814029311,39.5554239622392 8.63089676429436,39.5558124853498 8.63043124855128,39.556100604136 8.62997335386339,39.556390763629 8.6297271281553,39.5565495868413 8.62942757752426,39.556726124759 8.62923104559392,39.5568970801659 8.6290537258234,39.5569706413951 8.62898036324005,39.5569611173899 8.62876626285408,39.5570866220564 8.62835005335953,39.5573564279857 8.62835533922546,39.557428094669 8.62784514958272,39.5577468841551 8.62712505632434,39.558198800144 8.62683425926767,39.5583770984023 8.62628659187885,39.5587272334229 8.62607801705419,39.5588644822522 8.62554352747309,39.5592151877748 8.62527958071414,39.55938837877 8.62520860901282,39.5594510864931 8.62499464752265,39.5595805310861 8.62500982787147,39.5596256495258</coordinates>
            </LinearRing>
          </outerBoundaryIs>
        </Polygon>
      </Placemark>
      <Placemark xmlns="http://www.opengis.net/kml/2.2">
        <styleUrl>#Parti singole_style_map</styleUrl>
        <name>T00980</name>
        <Polygon>
          <outerBoundaryIs>
            <LinearRing>
              <coordinates>8.61512722665203,39.5610727088359 8.61517839181223,39.5610634897183 8.61667320596322,39.5612934659594 8.61728323091317,39.5613940146753 8.61755362016142,39.5614217922735 8.61766353805297,39.5614503203926 8.61828583443002,39.5615319105985 8.61831435290339,39.5615236698482 8.61915169346288,39.5616557258828 8.61928600856946,39.5616720154468 8.61942041092131,39.5616808806761 8.6196116630861,39.5616883011536 8.62009533744756,39.5616605202617 8.62016010215164,39.5616997196094 8.6204020307271,39.5616680107557 8.62056108987622,39.5616680621349 8.62097577134537,39.5615949736871 8.62145767018373,39.5614889541242 8.6217615196092,39.5614156276153 8.62178033306471,39.5613788548986 8.62174608923524,39.5613140495714 8.62120527801627,39.5614308166256 8.62103840483085,39.5614592130924 8.6207094876723,39.5614991628587 8.62041446953474,39.5615238960462 8.62021468254872,39.5615531838612 8.61981302503436,39.5615477426503 8.61961685809358,39.5615450818484 8.61958028718152,39.5615634511144 8.61956173906695,39.5615727700365 8.6194120170532,39.5615597640914 8.61933577551652,39.5615587843235 8.61928957096362,39.5615592275091 8.61922032672343,39.5615537744823 8.61876164092292,39.5614952973413 8.61840715012793,39.561441413726 8.61838971522679,39.5614387614656 8.61819909195442,39.5614059861351 8.6179223286596,39.5613602946593 8.61748578636132,39.5612699709592 8.61733204526238,39.5612619407865 8.61728616050584,39.5612593027161 8.61682013620388,39.5611875666434 8.61521677541492,39.5609406447071 8.61517247378323,39.5609401645044 8.61510568872544,39.5610563648866 8.61512722665203,39.5610727088359</coordinates>
            </LinearRing>
          </outerBoundaryIs>
        </Polygon>
      </Placemark>
      <Placemark xmlns="http://www.opengis.net/kml/2.2">
        <styleUrl>#Parti singole_style_map</styleUrl>
        <name>T00983</name>
        <Polygon>
          <outerBoundaryIs>
            <LinearRing>
              <coordinates>8.63418139521498,39.5538579982196 8.63428205211211,39.5538095065746 8.63435103525324,39.5537570947373 8.6345113048984,39.5537337761397 8.63465860058103,39.5537606578706 8.6347990666349,39.553558629557 8.63479002519094,39.5534827795329 8.63493155673749,39.5534058172211 8.63520035482352,39.55325966819 8.63540323666254,39.553149352727 8.63548571525616,39.5531111647814 8.63561334736922,39.5530520884733 8.63573077012311,39.5529977374282 8.6357446079503,39.5529913204624 8.63583918313004,39.5529279594197 8.6360132123631,39.5529238377761 8.63606626281027,39.5529063258793 8.63618705156547,39.552869239628 8.63626506416137,39.5528235585913 8.63637160071662,39.5527630187631 8.63650784717328,39.5526365894882 8.63655423334438,39.5525935393593 8.63660891187528,39.552542793345 8.63676509900824,39.5523978469484 8.63694622100085,39.5522297587846 8.63715033748207,39.5520400454102 8.63717116778304,39.5520206843141 8.63745696940141,39.5518080601571 8.63760445509205,39.5518694121316 8.63782031708807,39.5517190821722 8.63805796528969,39.5514996206702 8.63834814416611,39.551355296955 8.63847166217654,39.5514888537513 8.63868499278362,39.5512493754548 8.63884947008184,39.5511517560546 8.63895166126971,39.5510843344769 8.63926796306621,39.5509720221596 8.63939124318242,39.5509091348157 8.63981800751109,39.5507790803508 8.63973792485381,39.5506881973465 8.63969745356754,39.5506370194364 8.63910715406782,39.550928065796 8.63906953050279,39.5508844201168 8.63827890081039,39.5512841612396 8.63824642634026,39.5512911781983 8.63806254309807,39.5513601826309 8.63736574598166,39.5517224207822 8.63709977676737,39.5519463515505 8.63706157968334,39.5519793269633 8.63689573095208,39.5521225496224 8.63683305064722,39.5521588723021 8.63671379172456,39.5522242653447 8.6361396837289,39.5525390352299 8.63569337225023,39.55278446365 8.63562159458186,39.5528307945899 8.63556185765469,39.5528693513564 8.63541422733009,39.5529621624169 8.63522943782721,39.5530783283603 8.63470846451969,39.5534058273795 8.634257195268,39.5536867622044 8.63427606733947,39.5536991837661 8.63412383013138,39.553804169579 8.63418139521498,39.5538579982196</coordinates>
            </LinearRing>
          </outerBoundaryIs>
        </Polygon>
      </Placemark>
      <Placemark xmlns="http://www.opengis.net/kml/2.2">
        <styleUrl>#Parti singole_style_map</styleUrl>
        <name>T00984</name>
        <Polygon>
          <outerBoundaryIs>
            <LinearRing>
              <coordinates>8.63827890081039,39.5512841612396 8.63906953050279,39.5508844201168 8.63899251320656,39.5507951139217 8.63866786888779,39.5509518202823 8.63861667474746,39.550919341031 8.63841806395797,39.5511058935397 8.63827890081039,39.5512841612396</coordinates>
            </LinearRing>
          </outerBoundaryIs>
        </Polygon>
      </Placemark>
      <Placemark xmlns="http://www.opengis.net/kml/2.2">
        <styleUrl>#Parti singole_style_map</styleUrl>
        <name>T00985</name>
        <Polygon>
          <outerBoundaryIs>
            <LinearRing>
              <coordinates>8.64867863531154,39.5487438348305 8.64971553127405,39.5486859769246 8.65042350420755,39.5486889576028 8.65030828343694,39.5485798202797 8.64998855106384,39.5485885069096 8.6498647693885,39.5485918729753 8.6497684585714,39.548594483818 8.64925149474737,39.5486085381387 8.64916095744974,39.5486109857128 8.64914539452836,39.5486114072217 8.64908380454961,39.5486134286175 8.64895898329295,39.5486175204107 8.64893494560323,39.5486183127218 8.64890762533455,39.5486192032257 8.64865279112566,39.5486275507954 8.64867863531154,39.5487438348305</coordinates>
            </LinearRing>
          </outerBoundaryIs>
        </Polygon>
      </Placemark>
      <Placemark xmlns="http://www.opengis.net/kml/2.2">
        <styleUrl>#Parti singole_style_map</styleUrl>
        <name>T00986</name>
        <Polygon>
          <outerBoundaryIs>
            <LinearRing>
              <coordinates>8.65051205433923,39.54869750464 8.65201793618663,39.548707307659 8.65237131003943,39.548713808428 8.65284568834121,39.5487207600854 8.65333037474051,39.5487308130972 8.65427540632871,39.5487941530949 8.65429954104936,39.548698859937 8.65334741674977,39.5486390760496 8.65297260811028,39.5486319285157 8.65250725993595,39.5486230491681 8.65245616731773,39.5486228872338 8.65238137896741,39.5486226363152 8.65226373795731,39.548622257015 8.65188049447743,39.5486121974011 8.65172949196227,39.5486082305431 8.65144809154015,39.5485994480544 8.65074242999891,39.5485975708176 8.65040759126757,39.548596878488 8.65051205433923,39.54869750464</coordinates>
            </LinearRing>
          </outerBoundaryIs>
        </Polygon>
      </Placemark>
      <Placemark xmlns="http://www.opengis.net/kml/2.2">
        <styleUrl>#Parti singole_style_map</styleUrl>
        <name>T00987</name>
        <Polygon>
          <outerBoundaryIs>
            <LinearRing>
              <coordinates>8.65436425967684,39.5487933273883 8.65550364321481,39.5488314933729 8.6556812565769,39.5488369578747 8.65589237255259,39.5488434404534 8.65611170416701,39.5488501812503 8.65632862697639,39.5488568514312 8.65682432264646,39.548872103384 8.65715798673503,39.548882360721 8.65719083134902,39.5487806953636 8.6566609604439,39.5487711375427 8.65545819123665,39.5487522030136 8.65440879801807,39.5486977795843 8.65436425967684,39.5487933273883</coordinates>
            </LinearRing>
          </outerBoundaryIs>
        </Polygon>
      </Placemark>
      <Placemark xmlns="http://www.opengis.net/kml/2.2">
        <styleUrl>#Parti singole_style_map</styleUrl>
        <name>T00988</name>
        <Polygon>
          <outerBoundaryIs>
            <LinearRing>
              <coordinates>8.65716200582829,39.5488957709059 8.65854466132359,39.5489438967642 8.65850454582084,39.5488413226484 8.65719756341041,39.5487962309784 8.65716200582829,39.5488957709059</coordinates>
            </LinearRing>
          </outerBoundaryIs>
        </Polygon>
      </Placemark>
      <Placemark xmlns="http://www.opengis.net/kml/2.2">
        <styleUrl>#Parti singole_style_map</styleUrl>
        <name>T00989</name>
        <Polygon>
          <outerBoundaryIs>
            <LinearRing>
              <coordinates>8.65867192786336,39.5489466947457 8.65958669377232,39.5489770149877 8.66103924537047,39.5490270010111 8.66129434986099,39.5490324759054 8.66139945927111,39.5490347377247 8.6617456840404,39.5490519564558 8.662153212104,39.5490663160849 8.66285866644197,39.5490976231742 8.66377431981371,39.5491329588075 8.66474604885697,39.5491756393847 8.66649339416598,39.5492400316922 8.66737843878377,39.5492710702271 8.6678255567873,39.5492894248459 8.66883457529465,39.5493308624232 8.66885244097989,39.549294124318 8.66928354846166,39.5493116798067 8.66928758196557,39.5493519403161 8.67129309007082,39.5494345656533 8.67150088877948,39.5494467320342 8.67181208184231,39.5494598030629 8.67338262106507,39.5494977953909 8.67422894901746,39.5495215907428 8.67417523215595,39.5494106042664 8.67281118539996,39.5493782595459 8.67275842517551,39.5493786604747 8.67268950976718,39.5493791960417 8.67259986504663,39.5493798893603 8.67226025372373,39.5493661185112 8.67152047157957,39.549341817417 8.67072763854485,39.5493056748067 8.67019379439886,39.5492859677432 8.66928102627085,39.5492472940122 8.66928208253256,39.5492748325049 8.66884340670833,39.5492579942688 8.66883906487129,39.5492263286925 8.66868618291192,39.5492206034716 8.66782742731244,39.5491852801155 8.66747933499815,39.5491711556733 8.66612580355385,39.5491199040554 8.66530548777004,39.5490977825924 8.66478977720309,39.5490762108209 8.66367071199209,39.5490294727467 8.66281864114023,39.5489991234594 8.66261674486008,39.5489896167495 8.66135479987759,39.5489370619509 8.66134099655953,39.5488342051389 8.66069559089489,39.5489171347595 8.65963122957583,39.5488781673979 8.65861588105856,39.5488436773786 8.65867192786336,39.5489466947457</coordinates>
            </LinearRing>
          </outerBoundaryIs>
        </Polygon>
      </Placemark>
    </Folder>
  </Document>
</kml>

