<?xml version="1.0" encoding="UTF-8"?>
<kml xmlns="http://www.opengis.net/kml/2.2">
  <Document xmlns="">
    <Folder>
      <name>Patrimonio IGEA</name>
      <Placemark xmlns="http://www.opengis.net/kml/2.2">
        <styleUrl>#Parti singole_style_map</styleUrl>
        <name>F01652</name>
        <Polygon>
          <outerBoundaryIs>
            <LinearRing>
              <coordinates>8.40202000707981,39.4006175207955 8.40196610423905,39.4005629659542 8.40183171839807,39.4005235049512 8.40176393155456,39.400362804632 8.40197879326908,39.4002476007691 8.40201684013942,39.4003799236613 8.40202965912135,39.4003300541876 8.40203828446974,39.4003031148201 8.40209564884182,39.400139646513 8.40211868936522,39.4000631560193 8.40213300684892,39.3999782464061 8.40220276510529,39.3999081992618 8.40216179479112,39.3998841064602 8.40220551115072,39.3997739150528 8.40215930471688,39.3997076138676 8.40202183786145,39.3997949917821 8.40177217280841,39.3999131182541 8.40192970985939,39.400096921784 8.40188618151883,39.4001382590203 8.4018505828968,39.4000937233287 8.40152529404388,39.4002546238192 8.40140452723903,39.4001030586938 8.40144679355526,39.400084666817 8.40141573548148,39.4000390171218 8.40123918759184,39.3998968829153 8.40119825206873,39.3999154883428 8.40103953795535,39.3997916415987 8.40083700904552,39.399633658277 8.40088303582705,39.3996040427611 8.40118392024574,39.3995931088928 8.40125828764206,39.3996852985796 8.40135689378828,39.3998102829715 8.40137746503015,39.3998356150509 8.4013996229088,39.399862402698 8.40145179909496,39.3998382722247 8.40141359691085,39.3997865893662 8.40139781682918,39.3997931248263 8.4013722652153,39.3997580488314 8.40138671809805,39.3997508862261 8.40128839086094,39.3996244558914 8.40134003567673,39.3996001159589 8.40134743752216,39.3996071843127 8.40141004236682,39.399578972113 8.40142834168525,39.3996033203156 8.40147682047304,39.3995925492796 8.4015174468012,39.3995789046858 8.40173960528999,39.3995295956447 8.40177581945907,39.3995020745424 8.4018640789175,39.3994345006597 8.4020079858898,39.3992795416408 8.40201491181054,39.399217545695 8.40183451028292,39.3994016785898 8.40180448432078,39.3993911855224 8.40174769821024,39.3994558197257 8.4017156649633,39.3994930806109 8.40171032084814,39.3994947072873 8.40151339675174,39.3995538644426 8.40114390058601,39.3995825641861 8.40114392270046,39.3995799796516 8.40086734929604,39.3995918657777 8.4007454586042,39.3994823722416 8.40074155707777,39.3994828173702 8.40073891755509,39.3994876112122 8.40072784946399,39.3994963161251 8.40071562129616,39.3995004402303 8.4007042324583,39.3994999162932 8.40068510031975,39.399493304366 8.40067575670017,39.3994873632065 8.40060062598228,39.399507756494 8.40081940179697,39.3997290961437 8.40098098967162,39.3999997660101 8.4011706220848,39.3999364367739 8.4013654859902,39.4000871430323 8.40145171711002,39.4002257105644 8.40144158548545,39.4002885170492 8.40135058579108,39.4003335383583 8.40139118143551,39.4003858538712 8.40124292012761,39.4004574606153 8.40126622021889,39.4004753629784 8.4013016662396,39.4005065612762 8.40112033147884,39.4006745600019 8.40110837775861,39.4006699494508 8.40109707138431,39.4006831246102 8.40105220082285,39.4007254884737 8.40107869191743,39.4007442343987 8.40108771941781,39.4007482095643 8.4011066128578,39.4007516152321 8.40115700743751,39.4007177574438 8.40118437830983,39.4006959805978 8.40128325340389,39.4007585213273 8.40126820892177,39.4007725043418 8.40127563210842,39.400777091547 8.4012288677629,39.4008227540753 8.40121826068125,39.4008164962959 8.40119167159242,39.4008403448939 8.40116728592411,39.4008247114158 8.40115463286255,39.4008395338191 8.4010761863601,39.40094857138 8.40106890400896,39.400971690762 8.40107621862492,39.4009855144516 8.40113177667359,39.4010347274469 8.40116278012009,39.4010625492564 8.40142243484246,39.4012565300148 8.40140302701411,39.4012715676791 8.40146914685012,39.4013216458287 8.40148925225762,39.4013065216396 8.40206671334003,39.4017399225996 8.40216228498191,39.4018117910655 8.40209301745205,39.4018692679191 8.40216324800521,39.4018733233413 8.40213599356704,39.4020183417695 8.40213490658974,39.4020504134301 8.4021222546913,39.4020495374311 8.40211738967453,39.4021024038343 8.40261465275533,39.4012164680975 8.40260526373713,39.4012040910884 8.40257954024999,39.4011734083824 8.40237176886743,39.4009496473729 8.40202000707981,39.4006175207955</coordinates>
            </LinearRing>
          </outerBoundaryIs>
        </Polygon>
      </Placemark>
      <Placemark xmlns="http://www.opengis.net/kml/2.2">
        <styleUrl>#Parti singole_style_map</styleUrl>
        <name>F02112</name>
        <Polygon>
          <outerBoundaryIs>
            <LinearRing>
              <coordinates>8.4007189676695,39.3993356053982 8.40072933922665,39.3994250607081 8.40073423354872,39.3994705978021 8.40074435280349,39.3994782998426 8.40076075241472,39.399494450026 8.4008746846242,39.3995973329801 8.401147893181,39.3995855671426 8.40117956112005,39.3995858744095 8.40125326678401,39.3995798475407 8.40145938772058,39.3995647980698 8.40152010846633,39.3995602179462 8.40150667489179,39.3994728914362 8.40148236297476,39.399277851863 8.40155255709614,39.3992736358523 8.40155028405538,39.3992488093255 8.40153921191934,39.3991746142099 8.40152057358611,39.3990399739716 8.40133927199284,39.3990482943821 8.40133799739282,39.3991525028886 8.40128073698114,39.3991585424114 8.40118747657293,39.3991683881456 8.40113164170026,39.3992154866264 8.40113571346365,39.3992445303137 8.40108066673292,39.3992483735748 8.4010828088368,39.3992708386934 8.40106098771937,39.3992720868716 8.40106199890544,39.3992828505784 8.40100845694484,39.3992859176459 8.40100502603568,39.3992498490913 8.40095400379466,39.3992516135863 8.40094756426182,39.3991993467297 8.40081700779632,39.3992110814238 8.40081975712564,39.3992317926352 8.40070726841059,39.3992398088844 8.4007189676695,39.3993356053982</coordinates>
            </LinearRing>
          </outerBoundaryIs>
        </Polygon>
      </Placemark>
      <Placemark xmlns="http://www.opengis.net/kml/2.2">
        <styleUrl>#Parti singole_style_map</styleUrl>
        <name>F02116</name>
        <Polygon>
          <outerBoundaryIs>
            <LinearRing>
              <coordinates>8.40029729621593,39.4001373302603 8.40033611536015,39.4001620023962 8.4003660818929,39.4001381390624 8.40032612504161,39.4001143958203 8.40029729621593,39.4001373302603</coordinates>
            </LinearRing>
          </outerBoundaryIs>
        </Polygon>
      </Placemark>
      <Placemark xmlns="http://www.opengis.net/kml/2.2">
        <styleUrl>#Parti singole_style_map</styleUrl>
        <name>F02113</name>
        <Polygon>
          <outerBoundaryIs>
            <LinearRing>
              <coordinates>8.40039220361884,39.3978202522093 8.40042706673342,39.3977660628164 8.4003814302834,39.3977520144302 8.40026020847426,39.3977155545937 8.40023172590494,39.39770682971 8.40022899164696,39.3977114920397 8.40018952280313,39.3977786597216 8.40017318805135,39.3978064989001 8.4001773432127,39.3978094937904 8.40016889757818,39.3978247139564 8.40016239818255,39.397836430079 8.40013792242651,39.3978805271926 8.4001450452138,39.3978827985356 8.40016815119063,39.3978901261124 8.40017763675889,39.3978931394905 8.40016730914222,39.3979124947633 8.40016316614127,39.3979202764565 8.40021561136154,39.3979366577203 8.40027429952578,39.397954990391 8.40032911815832,39.39794919106 8.40035694804671,39.3978849998371 8.40035732730163,39.3978841097565 8.40039220361884,39.3978202522093</coordinates>
            </LinearRing>
          </outerBoundaryIs>
        </Polygon>
      </Placemark>
      <Placemark xmlns="http://www.opengis.net/kml/2.2">
        <styleUrl>#Parti singole_style_map</styleUrl>
        <name>F02114</name>
        <Polygon>
          <outerBoundaryIs>
            <LinearRing>
              <coordinates>8.40039220361884,39.3978202522093 8.40042706673342,39.3977660628164 8.4003814302834,39.3977520144302 8.40026020847426,39.3977155545937 8.40023172590494,39.39770682971 8.40022899164696,39.3977114920397 8.40018952280313,39.3977786597216 8.40017318805135,39.3978064989001 8.4001773432127,39.3978094937904 8.40016889757818,39.3978247139564 8.40016239818255,39.397836430079 8.40013792242651,39.3978805271926 8.4001450452138,39.3978827985356 8.40016815119063,39.3978901261124 8.40017763675889,39.3978931394905 8.40016730914222,39.3979124947633 8.40016316614127,39.3979202764565 8.40021561136154,39.3979366577203 8.40027429952578,39.397954990391 8.40032911815832,39.39794919106 8.40035694804671,39.3978849998371 8.40035732730163,39.3978841097565 8.40039220361884,39.3978202522093</coordinates>
            </LinearRing>
          </outerBoundaryIs>
        </Polygon>
      </Placemark>
      <Placemark xmlns="http://www.opengis.net/kml/2.2">
        <styleUrl>#Parti singole_style_map</styleUrl>
        <name>F02115</name>
        <Polygon>
          <outerBoundaryIs>
            <LinearRing>
              <coordinates>8.40023172590494,39.39770682971 8.40026020847426,39.3977155545937 8.4003814302834,39.3977520144302 8.40040653216225,39.3976930982703 8.40042489332951,39.3976510239552 8.40048397564133,39.397645012264 8.40048383308418,39.3975870832193 8.40048630964652,39.3974850524181 8.4004918127608,39.3973727022107 8.40049474288193,39.397281441256 8.40049844029923,39.397252455616 8.40040648477199,39.3972485394629 8.4003109513888,39.3972460915117 8.40028605724799,39.3972455306136 8.40028546088121,39.3972609174208 8.40028532525503,39.3972645479407 8.40027770478964,39.3973827169927 8.4002654329379,39.3975639353383 8.40024914703143,39.3976335202864 8.40023172590494,39.39770682971</coordinates>
            </LinearRing>
          </outerBoundaryIs>
        </Polygon>
      </Placemark>
      <Placemark xmlns="http://www.opengis.net/kml/2.2">
        <styleUrl>#Parti singole_style_map</styleUrl>
        <name>F02123</name>
        <Polygon>
          <outerBoundaryIs>
            <LinearRing>
              <coordinates>8.40334585853344,39.393355042349 8.40335987257886,39.3933700343181 8.40337932159379,39.3933604668443 8.40336574396868,39.3933449715573 8.40334585853344,39.393355042349</coordinates>
            </LinearRing>
          </outerBoundaryIs>
        </Polygon>
      </Placemark>
      <Placemark xmlns="http://www.opengis.net/kml/2.2">
        <styleUrl>#Parti singole_style_map</styleUrl>
        <name>F02124</name>
        <Polygon>
          <outerBoundaryIs>
            <LinearRing>
              <coordinates>8.40340523370116,39.3931534222105 8.40342395890929,39.3931473100655 8.40332923249237,39.39304401447 8.40329796984846,39.3930714351147 8.40324029066569,39.3931190297943 8.4031924640693,39.393155123583 8.40317999782999,39.3931667101449 8.40310903084308,39.3932350597676 8.40303801544617,39.3933267732645 8.40297180564314,39.3934118977007 8.40295733807519,39.3934307454169 8.40295118376818,39.393441589462 8.40295837541131,39.3934439150501 8.40304057913247,39.3933488801162 8.40315012068762,39.39327814254 8.40325934273015,39.3932148909263 8.40340523370116,39.3931534222105</coordinates>
            </LinearRing>
          </outerBoundaryIs>
        </Polygon>
      </Placemark>
      <Placemark xmlns="http://www.opengis.net/kml/2.2">
        <styleUrl>#Parti singole_style_map</styleUrl>
        <name>F02110</name>
        <Polygon>
          <outerBoundaryIs>
            <LinearRing>
              <coordinates>8.39158004237483,39.3934151738932 8.39145186225642,39.3933589986096 8.39132310301048,39.393516368367 8.39134987637208,39.3935357008213 8.39148000066729,39.393622071475 8.39154018604632,39.3935115576117 8.39158004237483,39.3934151738932</coordinates>
            </LinearRing>
          </outerBoundaryIs>
        </Polygon>
      </Placemark>
      <Placemark xmlns="http://www.opengis.net/kml/2.2">
        <styleUrl>#Parti singole_style_map</styleUrl>
        <name>F02129</name>
        <Polygon>
          <outerBoundaryIs>
            <LinearRing>
              <coordinates>8.40583559960969,39.3897830167004 8.40586224716862,39.3898051654722 8.40589658878054,39.3897649289199 8.40593360614302,39.3897692628685 8.40592312360624,39.3897292027663 8.40587832137338,39.3896556465454 8.40575926603624,39.3897647318057 8.40583559960969,39.3897830167004</coordinates>
            </LinearRing>
          </outerBoundaryIs>
        </Polygon>
      </Placemark>
      <Placemark xmlns="http://www.opengis.net/kml/2.2">
        <styleUrl>#Parti singole_style_map</styleUrl>
        <name>F02130</name>
        <Polygon>
          <outerBoundaryIs>
            <LinearRing>
              <coordinates>8.40587768167551,39.3898199764754 8.40586791561349,39.3898446423317 8.40589547858671,39.3898382866037 8.40590476355312,39.3898634732915 8.40591722998473,39.3898613204056 8.40595147834735,39.389852602032 8.40594344917487,39.3898272145224 8.40597625958434,39.3898196331265 8.40596136152531,39.3897730719332 8.40593360614302,39.3897692628685 8.40589658878054,39.3897649289199 8.40586224716862,39.3898051654722 8.40587768167551,39.3898199764754</coordinates>
            </LinearRing>
          </outerBoundaryIs>
        </Polygon>
      </Placemark>
      <Placemark xmlns="http://www.opengis.net/kml/2.2">
        <styleUrl>#Parti singole_style_map</styleUrl>
        <name>T02866</name>
        <Polygon>
          <outerBoundaryIs>
            <LinearRing>
              <coordinates>8.40216179479112,39.3998841064602 8.40220276510529,39.3999081992618 8.40213300684892,39.3999782464061 8.40211868936522,39.4000631560193 8.40209564884182,39.400139646513 8.40202965912135,39.4003300541876 8.40201684013942,39.4003799236613 8.40196610423905,39.4005629659542 8.40202000707981,39.4006175207955 8.40237176886743,39.4009496473729 8.40257954024999,39.4011734083824 8.40260526373713,39.4012040910884 8.4026192764415,39.4011782649137 8.40261770785134,39.4011512731316 8.4025169015778,39.4010181627266 8.40232196531521,39.4008129219653 8.40213833576516,39.4006179742183 8.40209776002017,39.4005242530076 8.40208574009174,39.4004571971197 8.40209754640812,39.4004088732203 8.40218626151952,39.4001320483339 8.40227862103247,39.399919910001 8.40225522403809,39.3998509346898 8.40229118596721,39.3997827297666 8.40243749898994,39.3995020135987 8.40258015751361,39.3992277917679 8.40267955121598,39.3990342986911 8.4027094805246,39.3990405005197 8.40271263345098,39.3990223724821 8.40271217278636,39.3990060868286 8.40265479208521,39.3989843911597 8.40265415276237,39.398989040243 8.40263979369475,39.3989852445786 8.40262540683397,39.3989847054271 8.40261997850651,39.3989883994319 8.40261211199869,39.3989967332773 8.4025798477809,39.3990533263907 8.40256905861799,39.3990528057176 8.40254833403535,39.3990922443537 8.4025561012828,39.3990955409219 8.40238860424273,39.3993994102197 8.40238082902507,39.3993970440729 8.40230834180877,39.3995292639466 8.40227371038821,39.3995821229064 8.40226827404943,39.3995867473266 8.40215930471688,39.3997076138676 8.40220551115072,39.3997739150528 8.40216179479112,39.3998841064602</coordinates>
            </LinearRing>
          </outerBoundaryIs>
        </Polygon>
      </Placemark>
      <Placemark xmlns="http://www.opengis.net/kml/2.2">
        <styleUrl>#Parti singole_style_map</styleUrl>
        <name>T03614</name>
        <Polygon>
          <outerBoundaryIs>
            <LinearRing>
              <coordinates>8.39676793034336,39.401468639101 8.39747273431935,39.4012181985424 8.39749661636559,39.4012096722541 8.39755332734415,39.4010976957372 8.39759991233221,39.4011231664004 8.3976265902784,39.4011001477246 8.39761145655829,39.4010907885421 8.39760713244428,39.4010939198015 8.3976017113564,39.4010895666926 8.39760535029748,39.4010850803141 8.39758617825178,39.4010726366483 8.39757930461203,39.4010751239648 8.39757387577157,39.4010716718609 8.39757796916822,39.4010683591981 8.3975617035912,39.4010555701686 8.39751389288414,39.4009431421654 8.39726084857612,39.4010887913427 8.39703721661891,39.4012174726148 8.39681451680299,39.4013457077647 8.39676793034336,39.401468639101</coordinates>
            </LinearRing>
          </outerBoundaryIs>
        </Polygon>
      </Placemark>
      <Placemark xmlns="http://www.opengis.net/kml/2.2">
        <styleUrl>#Parti singole_style_map</styleUrl>
        <name>T03615</name>
        <Polygon>
          <outerBoundaryIs>
            <LinearRing>
              <coordinates>8.40216179479112,39.3998841064602 8.40220276510529,39.3999081992618 8.40213300684892,39.3999782464061 8.40211868936522,39.4000631560193 8.40209564884182,39.400139646513 8.40202965912135,39.4003300541876 8.40201684013942,39.4003799236613 8.40196610423905,39.4005629659542 8.40202000707981,39.4006175207955 8.40237176886743,39.4009496473729 8.40257954024999,39.4011734083824 8.40260526373713,39.4012040910884 8.4026192764415,39.4011782649137 8.40261770785134,39.4011512731316 8.4025169015778,39.4010181627266 8.40232196531521,39.4008129219653 8.40213833576516,39.4006179742183 8.40209776002017,39.4005242530076 8.40208574009174,39.4004571971197 8.40209754640812,39.4004088732203 8.40218626151952,39.4001320483339 8.40227862103247,39.399919910001 8.40225522403809,39.3998509346898 8.40229118596721,39.3997827297666 8.40243749898994,39.3995020135987 8.40258015751361,39.3992277917679 8.40267955121598,39.3990342986911 8.4027094805246,39.3990405005197 8.40271263345098,39.3990223724821 8.40271217278636,39.3990060868286 8.40265479208521,39.3989843911597 8.40265415276237,39.398989040243 8.40263979369475,39.3989852445786 8.40262540683397,39.3989847054271 8.40261997850651,39.3989883994319 8.40261211199869,39.3989967332773 8.4025798477809,39.3990533263907 8.40256905861799,39.3990528057176 8.40254833403535,39.3990922443537 8.4025561012828,39.3990955409219 8.40238860424273,39.3993994102197 8.40238082902507,39.3993970440729 8.40230834180877,39.3995292639466 8.40227371038821,39.3995821229064 8.40226827404943,39.3995867473266 8.40215930471688,39.3997076138676 8.40220551115072,39.3997739150528 8.40216179479112,39.3998841064602</coordinates>
            </LinearRing>
          </outerBoundaryIs>
        </Polygon>
      </Placemark>
      <Placemark xmlns="http://www.opengis.net/kml/2.2">
        <styleUrl>#Parti singole_style_map</styleUrl>
        <name>T02867</name>
        <Polygon>
          <outerBoundaryIs>
            <LinearRing>
              <coordinates>8.39773607983002,39.4006137353848 8.39794354994908,39.4004274372469 8.39805611726041,39.4003038648747 8.39819120225089,39.4001547561469 8.39831566513268,39.4000172157904 8.39843252893727,39.4001151515243 8.39857730138373,39.3999724808809 8.39865096527577,39.3999146182386 8.39875049282515,39.3998337774496 8.39882092694745,39.3997760151323 8.39886691046336,39.3997484195495 8.39901217724121,39.3996615977766 8.39909592229066,39.399610364595 8.3992710896328,39.3995064329663 8.39925862640478,39.3994931051669 8.39927418168585,39.3994668659626 8.39930660045125,39.39941215971 8.39936237081971,39.3993159006708 8.39937378360841,39.3992960014424 8.39940812885023,39.3992360249774 8.39939923218787,39.3992157955766 8.39924358070297,39.3991663709822 8.39902849876953,39.3990970953173 8.39909511960138,39.3989788168386 8.39895102952841,39.398930145408 8.3988804329546,39.3989163368347 8.39883125678044,39.3989884907017 8.39871063557517,39.3991658507395 8.39856663585626,39.3993796541922 8.39842986967778,39.3995814028364 8.39827157295593,39.3998166759567 8.39813361258852,39.4000220402602 8.39802914209505,39.4001751548969 8.39790010861157,39.4003659861921 8.39778532403147,39.4005406903228 8.39773607983002,39.4006137353848</coordinates>
            </LinearRing>
          </outerBoundaryIs>
        </Polygon>
      </Placemark>
      <Placemark xmlns="http://www.opengis.net/kml/2.2">
        <styleUrl>#Parti singole_style_map</styleUrl>
        <name>T03641</name>
        <Polygon>
          <outerBoundaryIs>
            <LinearRing>
              <coordinates>8.39851825881961,39.4001736224375 8.39855033313828,39.4001982968207 8.39865437264125,39.4000925114592 8.39851825881961,39.4001736224375</coordinates>
            </LinearRing>
          </outerBoundaryIs>
        </Polygon>
      </Placemark>
      <Placemark xmlns="http://www.opengis.net/kml/2.2">
        <styleUrl>#Parti singole_style_map</styleUrl>
        <name>T02870</name>
        <Polygon>
          <outerBoundaryIs>
            <LinearRing>
              <coordinates>8.40098001720979,39.3982638849376 8.40103532446165,39.3982688643126 8.40108251274014,39.3982726214697 8.401086708444,39.3982600284251 8.40097787528841,39.3982495472572 8.40098001720979,39.3982638849376</coordinates>
            </LinearRing>
          </outerBoundaryIs>
        </Polygon>
      </Placemark>
      <Placemark xmlns="http://www.opengis.net/kml/2.2">
        <styleUrl>#Parti singole_style_map</styleUrl>
        <name>T03574</name>
        <Polygon>
          <outerBoundaryIs>
            <LinearRing>
              <coordinates>8.40013149602122,39.3979094717069 8.40015385133578,39.3979163088485 8.40016815119063,39.3978901261124 8.4001450452138,39.3978827985356 8.40013149602122,39.3979094717069</coordinates>
            </LinearRing>
          </outerBoundaryIs>
        </Polygon>
      </Placemark>
      <Placemark xmlns="http://www.opengis.net/kml/2.2">
        <styleUrl>#Parti singole_style_map</styleUrl>
        <name>T03642</name>
        <Polygon>
          <outerBoundaryIs>
            <LinearRing>
              <coordinates>8.39842324844047,39.4000936586013 8.39851825881961,39.4001736224375 8.39865437264125,39.4000925114592 8.39868580277078,39.4000705082634 8.39856845155511,39.39995492777 8.39842324844047,39.4000936586013</coordinates>
            </LinearRing>
          </outerBoundaryIs>
        </Polygon>
      </Placemark>
      <Placemark xmlns="http://www.opengis.net/kml/2.2">
        <styleUrl>#Parti singole_style_map</styleUrl>
        <name>T02875</name>
        <Polygon>
          <outerBoundaryIs>
            <LinearRing>
              <coordinates>8.40194050037507,39.3987027013194 8.40195080410116,39.3987594932369 8.40194235985127,39.3986767246926 8.40194050037507,39.3987027013194</coordinates>
            </LinearRing>
          </outerBoundaryIs>
        </Polygon>
      </Placemark>
      <Placemark xmlns="http://www.opengis.net/kml/2.2">
        <styleUrl>#Parti singole_style_map</styleUrl>
        <name>T02877</name>
        <Polygon>
          <outerBoundaryIs>
            <LinearRing>
              <coordinates>8.40127660062552,39.398695815563 8.40141774338989,39.3987117339137 8.4014935184722,39.3987202784597 8.40150085431592,39.3986895004186 8.40138450621885,39.3986763318699 8.40128108450758,39.3986658247818 8.40127660062552,39.398695815563</coordinates>
            </LinearRing>
          </outerBoundaryIs>
        </Polygon>
      </Placemark>
      <Placemark xmlns="http://www.opengis.net/kml/2.2">
        <styleUrl>#Parti singole_style_map</styleUrl>
        <name>T03643</name>
        <Polygon>
          <outerBoundaryIs>
            <LinearRing>
              <coordinates>8.40190150927239,39.3986257495874 8.40193650939129,39.3986288309911 8.40193477033222,39.3986148918616 8.40193256317152,39.3985972920739 8.40190403678581,39.3985990645702 8.40190150927239,39.3986257495874</coordinates>
            </LinearRing>
          </outerBoundaryIs>
        </Polygon>
      </Placemark>
      <Placemark xmlns="http://www.opengis.net/kml/2.2">
        <styleUrl>#Parti singole_style_map</styleUrl>
        <name>T02868</name>
        <Polygon>
          <outerBoundaryIs>
            <LinearRing>
              <coordinates>8.39903545719623,39.3984381777772 8.39907699954129,39.3984529624105 8.39908700030645,39.398436551971 8.39915011750202,39.3984584582216 8.39935547858201,39.3985262057321 8.3995974348845,39.3986060717135 8.39988129781235,39.3987003269579 8.39990338796681,39.3986622636172 8.39976217881648,39.3986162210934 8.39964468072737,39.3985774100877 8.39947517746051,39.3985209942394 8.39940832589662,39.3984984651744 8.39910870316788,39.3983990003756 8.39911371751057,39.3983898446223 8.3990719067811,39.398375211793 8.39903545719623,39.3984381777772</coordinates>
            </LinearRing>
          </outerBoundaryIs>
        </Polygon>
      </Placemark>
      <Placemark xmlns="http://www.opengis.net/kml/2.2">
        <styleUrl>#Parti singole_style_map</styleUrl>
        <name>T03644</name>
        <Polygon>
          <outerBoundaryIs>
            <LinearRing>
              <coordinates>8.4027094805246,39.3990405005197 8.40267955121598,39.3990342986911 8.40243749898994,39.3995020135987 8.40229118596721,39.3997827297666 8.40225522403809,39.3998509346898 8.40227862103247,39.399919910001 8.40229025475477,39.3998939265753 8.40230339349102,39.3998744684345 8.40230382667556,39.3997911058218 8.40248605158454,39.3994354261347 8.40267712048262,39.3990624914715 8.40268466736562,39.3990477530739 8.40270901813513,39.3990535457508 8.4027094805246,39.3990405005197</coordinates>
            </LinearRing>
          </outerBoundaryIs>
        </Polygon>
      </Placemark>
      <Placemark xmlns="http://www.opengis.net/kml/2.2">
        <styleUrl>#Parti singole_style_map</styleUrl>
        <name>T03645</name>
        <Polygon>
          <outerBoundaryIs>
            <LinearRing>
              <coordinates>8.40135727265729,39.3998963344725 8.40140734600234,39.3998743316528 8.4013996229088,39.399862402698 8.40137900449697,39.3998374761817 8.40132725456173,39.3998607652947 8.40135727265729,39.3998963344725</coordinates>
            </LinearRing>
          </outerBoundaryIs>
        </Polygon>
      </Placemark>
      <Placemark xmlns="http://www.opengis.net/kml/2.2">
        <styleUrl>#Parti singole_style_map</styleUrl>
        <name>T03646</name>
        <Polygon>
          <outerBoundaryIs>
            <LinearRing>
              <coordinates>8.40135727265729,39.3998963344725 8.40136986243538,39.3999110710638 8.40141831211529,39.3998883009952 8.40140734600234,39.3998743316528 8.40135727265729,39.3998963344725</coordinates>
            </LinearRing>
          </outerBoundaryIs>
        </Polygon>
      </Placemark>
      <Placemark xmlns="http://www.opengis.net/kml/2.2">
        <styleUrl>#Parti singole_style_map</styleUrl>
        <name>T03647</name>
        <Polygon>
          <outerBoundaryIs>
            <LinearRing>
              <coordinates>8.40140734600234,39.3998743316528 8.40141831211529,39.3998883009952 8.40155908354036,39.3998214848763 8.40161012837721,39.3998002458536 8.40151663465449,39.3996763193983 8.40147996555157,39.3996940909195 8.40151122289017,39.3997372552853 8.40147064353556,39.3997547537143 8.40151417763247,39.3998111352774 8.40145179909496,39.3998382722247 8.4013996229088,39.399862402698 8.40140734600234,39.3998743316528</coordinates>
            </LinearRing>
          </outerBoundaryIs>
        </Polygon>
      </Placemark>
      <Placemark xmlns="http://www.opengis.net/kml/2.2">
        <styleUrl>#Parti singole_style_map</styleUrl>
        <name>T03648</name>
        <Polygon>
          <outerBoundaryIs>
            <LinearRing>
              <coordinates>8.40155908354036,39.3998214848763 8.40160937575861,39.3998882726116 8.40166166751897,39.3999500113827 8.40178074119679,39.4000948121786 8.40180133595018,39.4001180828864 8.4018505828968,39.4000937233287 8.40170355131318,39.3999134210006 8.40169775408622,39.3999050434377 8.40164840310444,39.3998425609312 8.40151663465449,39.3996763193983 8.40161012837721,39.3998002458536 8.40155908354036,39.3998214848763</coordinates>
            </LinearRing>
          </outerBoundaryIs>
        </Polygon>
      </Placemark>
      <Placemark xmlns="http://www.opengis.net/kml/2.2">
        <styleUrl>#Parti singole_style_map</styleUrl>
        <name>T02871</name>
        <Polygon>
          <outerBoundaryIs>
            <LinearRing>
              <coordinates>8.40165527893099,39.3987330678908 8.4016486721777,39.3987626319129 8.40195381236186,39.3987879953024 8.40195080410116,39.3987594932369 8.40165527893099,39.3987330678908</coordinates>
            </LinearRing>
          </outerBoundaryIs>
        </Polygon>
      </Placemark>
      <Placemark xmlns="http://www.opengis.net/kml/2.2">
        <styleUrl>#Parti singole_style_map</styleUrl>
        <name>T03649</name>
        <Polygon>
          <outerBoundaryIs>
            <LinearRing>
              <coordinates>8.40128073698114,39.3991585424114 8.40125687012007,39.399051393177 8.4012359472909,39.3990521774697 8.40116584836129,39.3990561504976 8.40116458765965,39.3990650463467 8.40114104882801,39.3990607442558 8.4011374458432,39.399056995365 8.40113200641114,39.3990588505368 8.40113378817004,39.3990759255396 8.40098957181739,39.3990865989201 8.40100502603568,39.3992498490913 8.40100845694484,39.3992859176459 8.40106199890544,39.3992828505784 8.40106098771937,39.3992720868716 8.4010828088368,39.3992708386934 8.40108066673292,39.3992483735748 8.40113571346365,39.3992445303137 8.40113164170026,39.3992154866264 8.40118747657293,39.3991683881456 8.40128073698114,39.3991585424114</coordinates>
            </LinearRing>
          </outerBoundaryIs>
        </Polygon>
      </Placemark>
      <Placemark xmlns="http://www.opengis.net/kml/2.2">
        <styleUrl>#Parti singole_style_map</styleUrl>
        <name>T03650</name>
        <Polygon>
          <outerBoundaryIs>
            <LinearRing>
              <coordinates>8.40036241493519,39.3999173300039 8.4003568226586,39.3999221037417 8.40037139972447,39.3999300270344 8.40035564467863,39.3999403078185 8.4003844911727,39.39995410744 8.40042698537006,39.3999839980401 8.40045407160869,39.3999673872548 8.40036825954659,39.399910214846 8.40036376424241,39.3999143725192 8.40036129207868,39.3999169007212 8.40036241493519,39.3999173300039</coordinates>
            </LinearRing>
          </outerBoundaryIs>
        </Polygon>
      </Placemark>
      <Placemark xmlns="http://www.opengis.net/kml/2.2">
        <styleUrl>#Parti singole_style_map</styleUrl>
        <name>T03651</name>
        <Polygon>
          <outerBoundaryIs>
            <LinearRing>
              <coordinates>8.40034271348468,39.3999341230218 8.40035564467863,39.3999403078185 8.40037139972447,39.3999300270344 8.4003568226586,39.3999221037417 8.40034271348468,39.3999341230218</coordinates>
            </LinearRing>
          </outerBoundaryIs>
        </Polygon>
      </Placemark>
      <Placemark xmlns="http://www.opengis.net/kml/2.2">
        <styleUrl>#Parti singole_style_map</styleUrl>
        <name>T03652</name>
        <Polygon>
          <outerBoundaryIs>
            <LinearRing>
              <coordinates>8.40029532927457,39.399873139082 8.40028577472882,39.3998849205435 8.40036129207868,39.3999169007212 8.40036376424241,39.3999143725192 8.40031699315561,39.3998861988574 8.40029532927457,39.399873139082</coordinates>
            </LinearRing>
          </outerBoundaryIs>
        </Polygon>
      </Placemark>
      <Placemark xmlns="http://www.opengis.net/kml/2.2">
        <styleUrl>#Parti singole_style_map</styleUrl>
        <name>T03653</name>
        <Polygon>
          <outerBoundaryIs>
            <LinearRing>
              <coordinates>8.40133590682207,39.3983962435302 8.40134848540488,39.3983336494937 8.4014725727227,39.3983462091627 8.4014754038847,39.3983329242843 8.401479465546,39.3983156270707 8.40146085496682,39.3983135850091 8.40135568892659,39.3983020508258 8.40138824510274,39.3981291813925 8.40149511801433,39.3981393637512 8.4015704848794,39.3981480413022 8.40160730495494,39.3981528441606 8.40161539914824,39.3981216465197 8.40147411383214,39.3981075928434 8.40139321150132,39.3980984362086 8.40136061431969,39.3980955111811 8.40137742519432,39.3980038080808 8.40139613487573,39.3979059876328 8.40152596375298,39.3979192886298 8.40139571607916,39.3978531120413 8.40129582529137,39.3977490133765 8.40123871506814,39.3976982606653 8.4011375939163,39.3976172133197 8.40101127206493,39.3974547345948 8.40100222489669,39.3974995601285 8.40101841195616,39.3975038604169 8.40099631890193,39.3976224415233 8.40097693332841,39.3976227741561 8.40090722541119,39.3976273617591 8.4009041557908,39.3976264358856 8.40087594980177,39.3976179558672 8.40082262328378,39.3976027867724 8.40088616811619,39.3974607397765 8.40089633873577,39.3974379866816 8.40093618644376,39.3973454472216 8.40096211122951,39.3972893644637 8.40097754790492,39.3972578532827 8.40099894454884,39.3972504938324 8.40097710848049,39.3972196376137 8.40095353543414,39.3971786987359 8.40093864955129,39.3972042027682 8.40091634700516,39.3971966452113 8.40091132389403,39.3972326431912 8.40093905249695,39.3972426074692 8.40091857294065,39.3972866442479 8.40091215123189,39.3972988023273 8.40088141773766,39.3973916049938 8.40086389375064,39.3973915417289 8.40084397018385,39.3973896099395 8.40083987674372,39.3974160345759 8.40083575656033,39.3974415129748 8.40082248188962,39.3974402281556 8.40081610468929,39.3974797422456 8.40082611117917,39.3974802353239 8.40082174068649,39.3974983238467 8.40080797925849,39.3975403318255 8.40079559312841,39.3975397093464 8.40078177663019,39.3976505480167 8.40079273030864,39.3976516406702 8.400787619672,39.3976869984473 8.40078457221806,39.3977065444719 8.40077460595841,39.397782739704 8.40076931736391,39.3978171774945 8.40076759490457,39.3978284587358 8.40075610959318,39.3978284175649 8.40074412900059,39.3979201364604 8.40070668919202,39.3979172043125 8.40066488007437,39.3978806766222 8.40062719975184,39.3980156844824 8.40061905319494,39.3980339607714 8.40068950302462,39.3980539937681 8.40076523940537,39.3980737476116 8.40079669842121,39.3980821002533 8.40082668509591,39.3981199996377 8.40085154029453,39.3981753438716 8.40084866282876,39.3982062349526 8.40086638376766,39.3982118046316 8.40091600751322,39.3982308741819 8.40089288845707,39.3982671123031 8.40090018953795,39.3982743402764 8.40090112612581,39.3982802469593 8.40089895251877,39.3982858943341 8.40089073090902,39.3982925918024 8.40088377963943,39.3982933398958 8.40087764539857,39.3982922540631 8.40085615921525,39.3983276716271 8.40084940932955,39.3983266006416 8.40081209264075,39.3983825165325 8.40083024431396,39.3983906834516 8.40081931191428,39.3984074406495 8.40080077700926,39.3983992717536 8.40074374084241,39.3984809190111 8.40069889873199,39.3985490052631 8.40072461070604,39.3985585447154 8.40073983431961,39.3985343309549 8.40075846723314,39.3985039265503 8.40083798490966,39.3985351431288 8.40082782016068,39.3985680420315 8.40081834306685,39.3986210017791 8.40081335642403,39.3986500078103 8.40082071823489,39.3987423940355 8.40082641184063,39.3988139484709 8.40080638894973,39.3988127189791 8.40080790665676,39.398870123481 8.40078728141612,39.3988836320073 8.4006868776267,39.3988773568426 8.40068116644816,39.3989258667948 8.40061838385617,39.3989217407521 8.40057442290958,39.3989180811383 8.400578959081,39.3988671052763 8.40055294792377,39.3988680794655 8.40055236620579,39.3989075242942 8.40050395615151,39.3989039948942 8.40044022748726,39.3989018551909 8.40042871017141,39.398901462414 8.400438985669,39.3990373301782 8.40047404238029,39.3991449968091 8.40048692889013,39.3991441802282 8.40048240540606,39.3990974015894 8.40052066813316,39.3990951750555 8.40055879979558,39.3990933352833 8.40059065466764,39.3990921299152 8.40068035130069,39.3990875193926 8.40067442783505,39.3990116297341 8.40079976583032,39.3990057431308 8.40080997090007,39.3991363573962 8.40081700779632,39.3992110814238 8.40094756426182,39.3991993467297 8.40095400379466,39.3992516135863 8.40100502603568,39.3992498490913 8.40098957181739,39.3990865989201 8.40113378817004,39.3990759255396 8.40113200641114,39.3990588505368 8.4011374458432,39.399056995365 8.40114104882801,39.3990607442558 8.40116458765965,39.3990650463467 8.40116584836129,39.3990561504976 8.4012359472909,39.3990521774697 8.40125687012007,39.399051393177 8.40133927199284,39.3990482943821 8.40152057358611,39.3990399739716 8.40158828969716,39.3990375923296 8.40161545614925,39.399035975101 8.40160872770698,39.3989413756125 8.40165527893099,39.3987330678908 8.40167755708872,39.3986117664708 8.40169767118547,39.3985058618098 8.40174563855446,39.3984402330872 8.40177084316143,39.398426261385 8.40178338997629,39.3984257672892 8.40180646264781,39.3984166502637 8.40184274002488,39.3984183866963 8.40187689681778,39.3984222927425 8.40190682224715,39.3984348270633 8.40192770549363,39.3984440891186 8.40196120135685,39.3984750591889 8.40196688846072,39.3984442095631 8.40197688607243,39.3983845936586 8.40182185561149,39.3983331663664 8.4017820204547,39.3983264738858 8.40174456796617,39.3983263532726 8.4017149335679,39.398331408843 8.40168041496656,39.3983467382387 8.40167110854579,39.3983553584204 8.40165594925879,39.3983693727846 8.40172346456274,39.3983768204503 8.40168169248125,39.3984065112529 8.40163357392674,39.3984626511477 8.40162265344349,39.398526938705 8.40160605419491,39.3986115697043 8.40158940080716,39.3986984530385 8.40158746637847,39.3987073724569 8.40156192980767,39.3988253502448 8.40156006790062,39.3988339366485 8.40154663862861,39.3989036716254 8.40153064638689,39.3989879182823 8.40152885642972,39.3989880892785 8.40147042732914,39.398993645325 8.40143946346375,39.3989965945412 8.401316212163,39.3990042856613 8.40127568225629,39.3990068161491 8.40113003729725,39.3990161668196 8.40112794017814,39.3990047307452 8.40098300237111,39.3990142290413 8.40097801214245,39.3989663126964 8.40097266822341,39.3989149435195 8.40097578478783,39.3989036063862 8.40098495542073,39.3988701617228 8.40098562688165,39.3988676963138 8.40100221235739,39.3988024108126 8.40102396552151,39.3987168062926 8.40104050547714,39.3986758307929 8.40113512160493,39.3986839139782 8.40114187576966,39.3986844893935 8.40127660062552,39.398695815563 8.40128108450758,39.3986658247818 8.40131541138936,39.3984923607969 8.40132270959552,39.3984619159595 8.40133590682207,39.3983962435302</coordinates>
            </LinearRing>
          </outerBoundaryIs>
          <innerBoundaryIs>
            <LinearRing>
              <coordinates>8.40092558163517,39.398739149976 8.40088328849163,39.398730606388 8.40088092868152,39.3986915248388 8.40088051035305,39.3986291432118 8.40095444211655,39.3986440760431 8.40093556828584,39.3987012763697 8.40092558163517,39.398739149976</coordinates>
            </LinearRing>
          </innerBoundaryIs>
          <innerBoundaryIs>
            <LinearRing>
              <coordinates>8.40106071792151,39.3986481195966 8.40108293255337,39.3985954326811 8.40112330772988,39.3984996611351 8.40115128272457,39.3985026074758 8.40120609557101,39.3985083861553 8.40117695284158,39.3986541425847 8.40106071792151,39.3986481195966</coordinates>
            </LinearRing>
          </innerBoundaryIs>
          <innerBoundaryIs>
            <LinearRing>
              <coordinates>8.40121095724877,39.3983473580752 8.40120656143808,39.3983684109239 8.40115671350576,39.3984433916152 8.4010935848966,39.3984878935465 8.40107129077416,39.3984765877084 8.40108180568422,39.3984339682916 8.40109357763554,39.3983801643462 8.40109742930505,39.3983399164008 8.40111529986454,39.3982723578476 8.4011298436735,39.3982732797412 8.40114876201643,39.3981918414459 8.40116365077915,39.3981293674516 8.4011748684029,39.3980765427811 8.40118151337076,39.398046436984 8.40124159962725,39.3980466382929 8.40124448595589,39.3980336961014 8.40128193749144,39.398039340288 8.40127205569807,39.3980867115036 8.40126093215468,39.3981421226726 8.40124290584348,39.3982034722349 8.40122606096098,39.3982801186433 8.40121095724877,39.3983473580752</coordinates>
            </LinearRing>
          </innerBoundaryIs>
          <innerBoundaryIs>
            <LinearRing>
              <coordinates>8.40126038871782,39.3979409160951 8.40128152728786,39.3979420251066 8.40127567324424,39.3979950756378 8.40124339202871,39.3979932334609 8.40124665592849,39.39796602063 8.40121404532769,39.3979605995924 8.40113962849422,39.3979413574234 8.40114139263992,39.3979346987621 8.40114778068141,39.397888471913 8.40111757979957,39.3978850996254 8.40110568071202,39.3979592035107 8.40102903025571,39.3979458426131 8.40101350620346,39.3979441227359 8.40102373393257,39.3978753444482 8.40103709150634,39.3977855248142 8.40105827536072,39.3976632627482 8.4011554850321,39.3976748192949 8.40117176936141,39.3976786154766 8.40116141757709,39.3977334088922 8.40119672097356,39.3977376364094 8.40121324153479,39.397739613687 8.40129495208983,39.3977492701839 8.40127829039483,39.3978438934364 8.40126038871782,39.3979409160951</coordinates>
            </LinearRing>
          </innerBoundaryIs>
          <innerBoundaryIs>
            <LinearRing>
              <coordinates>8.40108251274014,39.3982726214697 8.40107286082839,39.3983297521879 8.40106968011089,39.3983472341342 8.40106355872118,39.3983704315908 8.4010616980289,39.398377513245 8.40104951545838,39.3984236561735 8.4010116919609,39.3985252345714 8.40099766265175,39.3985225402513 8.40094312248237,39.398512041393 8.400915133554,39.3985066530935 8.4009300785939,39.3984634167733 8.40093784283584,39.3984409576366 8.4009431779472,39.3984255051391 8.40094588103502,39.398417697979 8.40095939854704,39.3983784189057 8.40097812300625,39.3983780107867 8.40097839664439,39.3983745341556 8.40097901000518,39.3983666441449 8.40098001720979,39.3982638849376 8.40097787528841,39.3982495472572 8.40096651924049,39.3981733322686 8.40095121300709,39.3981420861983 8.40096235169454,39.398080863385 8.40097581529155,39.3980315914193 8.40100467585314,39.3979921030472 8.40109601189318,39.3980115315668 8.40110126173358,39.3979992503067 8.40111829588729,39.398003645049 8.40111222404726,39.3980169853114 8.40112846855457,39.3980200154042 8.4011328784602,39.3980054591782 8.40115247450461,39.398007686577 8.40114897079703,39.3980222024186 8.4011333145577,39.3981200836032 8.401086708444,39.3982600284251 8.40108251274014,39.3982726214697</coordinates>
            </LinearRing>
          </innerBoundaryIs>
          <innerBoundaryIs>
            <LinearRing>
              <coordinates>8.40097822623387,39.397869298256 8.40096179873816,39.3979297189251 8.40092117793296,39.3979253017512 8.40091347382076,39.397924460125 8.40091208367058,39.3979335535365 8.40096236059795,39.3979373446769 8.40095456600023,39.3979850690168 8.40091995083232,39.3979831876941 8.40090450857268,39.3979827657314 8.40089928564037,39.3980231057224 8.40089518270325,39.3980438537133 8.40088711918731,39.3980944960541 8.40079345342353,39.3980148383993 8.40077229837839,39.3979898785024 8.40077393911535,39.3979745781709 8.4007747074469,39.3979702931472 8.40077914366848,39.3979458886274 8.40078486156078,39.397911498102 8.40079518308874,39.3978494241072 8.40079717834885,39.3978374774966 8.40080196090912,39.3978051725784 8.40081137663411,39.3977417333321 8.40081846330025,39.3976939602995 8.40082374655766,39.3976655685037 8.40087332118058,39.3976577685991 8.40093073643081,39.3976619929951 8.40097172918964,39.397664997438 8.40100976458525,39.3976648149461 8.40100962653713,39.3977515129745 8.40099593449763,39.3978125604536 8.40099669084951,39.3978205296051 8.40099554054136,39.3978246684951 8.40098602927283,39.3978585799552 8.40095819894095,39.397853688059 8.40092492169896,39.3978488221549 8.40092268152291,39.3978636058037 8.40097822623387,39.397869298256</coordinates>
            </LinearRing>
          </innerBoundaryIs>
        </Polygon>
      </Placemark>
      <Placemark xmlns="http://www.opengis.net/kml/2.2">
        <styleUrl>#Parti singole_style_map</styleUrl>
        <name>T03654</name>
        <Polygon>
          <outerBoundaryIs>
            <LinearRing>
              <coordinates>8.40020104793869,39.3998434318199 8.4001638016528,39.3998233523932 8.40014678503227,39.3998396045839 8.4001799888816,39.3998605812154 8.40020104793869,39.3998434318199</coordinates>
            </LinearRing>
          </outerBoundaryIs>
        </Polygon>
      </Placemark>
      <Placemark xmlns="http://www.opengis.net/kml/2.2">
        <styleUrl>#Parti singole_style_map</styleUrl>
        <name>T03655</name>
        <Polygon>
          <outerBoundaryIs>
            <LinearRing>
              <coordinates>8.40014423875599,39.3998128060503 8.40013458576335,39.3998076021269 8.40012648884347,39.3998131747542 8.40011015692041,39.3998031124238 8.4001049143931,39.3998081805598 8.40012938953581,39.3998259276803 8.40014423875599,39.3998128060503</coordinates>
            </LinearRing>
          </outerBoundaryIs>
        </Polygon>
      </Placemark>
      <Placemark xmlns="http://www.opengis.net/kml/2.2">
        <styleUrl>#Parti singole_style_map</styleUrl>
        <name>T03656</name>
        <Polygon>
          <outerBoundaryIs>
            <LinearRing>
              <coordinates>8.4001514887868,39.3999293253232 8.40020398722007,39.3998860747864 8.40020058056055,39.3998844649677 8.4001514887868,39.3999293253232</coordinates>
            </LinearRing>
          </outerBoundaryIs>
        </Polygon>
      </Placemark>
      <Placemark xmlns="http://www.opengis.net/kml/2.2">
        <styleUrl>#Parti singole_style_map</styleUrl>
        <name>T03657</name>
        <Polygon>
          <outerBoundaryIs>
            <LinearRing>
              <coordinates>8.40041908057541,39.3995700344746 8.40019037212721,39.3995767930891 8.40014853141239,39.3996631137594 8.40008946767441,39.3997832789674 8.40020104793869,39.3998434318199 8.40020479405542,39.3998399640941 8.40025250508855,39.3998668631633 8.40028577472882,39.3998849205435 8.40029532927457,39.399873139082 8.40028928658801,39.3998694857076 8.40029109914683,39.399868035361 8.40026488070787,39.3998511406611 8.4002784221423,39.399838965284 8.40022141679604,39.3997975474731 8.40020888611197,39.3998069708549 8.4001628591908,39.3997827745854 8.40014705873287,39.3997522827474 8.40022541183652,39.3996877845592 8.40025709857818,39.3997089423937 8.40032074508883,39.3997031345437 8.40040320503199,39.3997624882564 8.4004331159227,39.399737440224 8.40046381634138,39.3997097021253 8.40052767177127,39.3997283136035 8.40065985900098,39.3998232715663 8.40062155394811,39.3998561605435 8.40054980332087,39.3999186386506 8.40054593348871,39.3999162129048 8.40053385824979,39.3999267019047 8.40049676302451,39.399956632634 8.40048856795069,39.399965627877 8.40045407160869,39.3999673872548 8.40042698537006,39.3999839980401 8.40037399590417,39.4000282454923 8.40026649991012,39.4001162098907 8.40029729621593,39.4001373302603 8.40032612504161,39.4001143958203 8.4003660818929,39.4001381390624 8.40046618166442,39.4000545178317 8.40054908872129,39.3999885111312 8.40065914934091,39.3998993612961 8.40069193159828,39.3998712734504 8.40070944827511,39.3998573434509 8.40082184349374,39.3999363317837 8.4008208374671,39.3998625669224 8.4005999562331,39.399718747719 8.40057173509635,39.399695670594 8.40049916443796,39.3996369626805 8.40041908057541,39.3995700344746</coordinates>
            </LinearRing>
          </outerBoundaryIs>
        </Polygon>
      </Placemark>
      <Placemark xmlns="http://www.opengis.net/kml/2.2">
        <styleUrl>#Parti singole_style_map</styleUrl>
        <name>T03658</name>
        <Polygon>
          <outerBoundaryIs>
            <LinearRing>
              <coordinates>8.40115006414212,39.3998778867286 8.40128447139013,39.3998080009103 8.40118537481042,39.399684781565 8.40100601033913,39.3997654883482 8.40115006414212,39.3998778867286</coordinates>
            </LinearRing>
          </outerBoundaryIs>
        </Polygon>
      </Placemark>
      <Placemark xmlns="http://www.opengis.net/kml/2.2">
        <styleUrl>#Parti singole_style_map</styleUrl>
        <name>T03659</name>
        <Polygon>
          <outerBoundaryIs>
            <LinearRing>
              <coordinates>8.4011705597686,39.3998938797179 8.40130504527323,39.3998340073702 8.40128447139013,39.3998080009103 8.40115006414212,39.3998778867286 8.4011705597686,39.3998938797179</coordinates>
            </LinearRing>
          </outerBoundaryIs>
        </Polygon>
      </Placemark>
      <Placemark xmlns="http://www.opengis.net/kml/2.2">
        <styleUrl>#Parti singole_style_map</styleUrl>
        <name>T02878</name>
        <Polygon>
          <outerBoundaryIs>
            <LinearRing>
              <coordinates>8.3988804329546,39.3989163368347 8.39895102952841,39.398930145408 8.39895310794928,39.3988828602096 8.39890601352793,39.3988789585061 8.39899616895315,39.3987573327136 8.39895642323931,39.3987172379255 8.39899517197207,39.398602942209 8.39903500224483,39.39850604227 8.39913125816815,39.3984813374564 8.39915011750202,39.3984584582216 8.39908700030645,39.398436551971 8.39907699954129,39.3984529624105 8.39903545719623,39.3984381777772 8.3990719067811,39.398375211793 8.39911371751057,39.3983898446223 8.39910870316788,39.3983990003756 8.39940832589662,39.3984984651744 8.39945382546324,39.3984202190101 8.39948206148902,39.3984292761976 8.39952376283085,39.3983659767757 8.39952832214181,39.3983584135072 8.39957485741152,39.39828937233 8.39968984907921,39.398216846129 8.39971007524031,39.3982038313112 8.39972594549729,39.3981936232892 8.39986798313252,39.39810230554 8.39988296581592,39.3980926695852 8.40001368557591,39.3980101775629 8.400096533997,39.397868122495 8.40015466085559,39.3977107301577 8.40013349726675,39.3977084854934 8.40013617957507,39.3976895593249 8.40010148338373,39.3976849561792 8.4001232385879,39.3975883590507 8.40017977337787,39.3975950301225 8.40018932570278,39.3975468823974 8.39999926016778,39.3975145092922 8.39996379974948,39.397527265337 8.39992377147002,39.3975011806935 8.39994335226136,39.3974333698357 8.39997475219669,39.397321225381 8.39998055455049,39.3972621196088 8.39998485274177,39.3972037179009 8.39995128524284,39.3971081237962 8.40001527620178,39.3969914080023 8.40003527893579,39.3969651195482 8.4000889958018,39.3968967279136 8.40015219573548,39.3968139954538 8.40023652095908,39.3967108190437 8.40035859201065,39.3965571172933 8.40032914132051,39.3965421612046 8.40024909438255,39.3966380612718 8.400184736076,39.3967137055816 8.4001013329136,39.3968068490468 8.40002006461663,39.3968947773931 8.39995716048064,39.3969334951573 8.39985878487411,39.3970851562647 8.39983088643583,39.397227756134 8.39974795867552,39.3974535719461 8.39965459521068,39.3975894093232 8.39950170038447,39.3977388693708 8.3993730916997,39.3978636037946 8.39930336661245,39.3979621695369 8.39923252365572,39.3980894728541 8.39915065419097,39.3982390110437 8.39907261780304,39.3982856333935 8.39901132358144,39.3983057162945 8.39898650048088,39.3983360613904 8.39898165413481,39.3983878645519 8.3989556390764,39.3984704551828 8.39891672146736,39.3985111074629 8.39893550612015,39.3985253329836 8.39895133289233,39.3986040581602 8.3989151700694,39.3987160965922 8.3988705264887,39.3988649619975 8.3988804329546,39.3989163368347</coordinates>
            </LinearRing>
          </outerBoundaryIs>
        </Polygon>
      </Placemark>
      <Placemark xmlns="http://www.opengis.net/kml/2.2">
        <styleUrl>#Parti singole_style_map</styleUrl>
        <name>T02879</name>
        <Polygon>
          <outerBoundaryIs>
            <LinearRing>
              <coordinates>8.40013792242651,39.3978805271926 8.40016239818255,39.397836430079 8.40014697551394,39.397831016317 8.40015435398659,39.397818358631 8.40016889757818,39.3978247139564 8.4001773432127,39.3978094937904 8.40017318805135,39.3978064989001 8.40018952280313,39.3977786597216 8.40015372975109,39.3977665271912 8.40019183224048,39.3976988929389 8.40022899164696,39.3977114920397 8.40023172590494,39.39770682971 8.40024914703143,39.3976335202864 8.4002654329379,39.3975639353383 8.40027770478964,39.3973827169927 8.40026143739688,39.3973796686422 8.40024048678097,39.3974610062149 8.40021093888784,39.3974559971551 8.40020296873832,39.3974780767448 8.40018932570278,39.3975468823974 8.40017977337787,39.3975950301225 8.4001232385879,39.3975883590507 8.40010148338373,39.3976849561792 8.40013617957507,39.3976895593249 8.40013349726675,39.3977084854934 8.40015466085559,39.3977107301577 8.400096533997,39.397868122495 8.40013792242651,39.3978805271926</coordinates>
            </LinearRing>
          </outerBoundaryIs>
        </Polygon>
      </Placemark>
      <Placemark xmlns="http://www.opengis.net/kml/2.2">
        <styleUrl>#Parti singole_style_map</styleUrl>
        <name>T03613</name>
        <Polygon>
          <outerBoundaryIs>
            <LinearRing>
              <coordinates>8.40020296873832,39.3974780767448 8.40021093888784,39.3974559971551 8.40024048678097,39.3974610062149 8.40026143739688,39.3973796686422 8.40020882421426,39.3973707381908 8.40018113558019,39.3974740175309 8.40020296873832,39.3974780767448</coordinates>
            </LinearRing>
          </outerBoundaryIs>
        </Polygon>
      </Placemark>
      <Placemark xmlns="http://www.opengis.net/kml/2.2">
        <styleUrl>#Parti singole_style_map</styleUrl>
        <name>T03684</name>
        <Polygon>
          <outerBoundaryIs>
            <LinearRing>
              <coordinates>8.40347654332004,39.393525884732 8.4034844335649,39.3935225462816 8.40345894328263,39.3935007903653 8.40347654332004,39.393525884732</coordinates>
            </LinearRing>
          </outerBoundaryIs>
        </Polygon>
      </Placemark>
      <Placemark xmlns="http://www.opengis.net/kml/2.2">
        <styleUrl>#Parti singole_style_map</styleUrl>
        <name>T03686</name>
        <Polygon>
          <outerBoundaryIs>
            <LinearRing>
              <coordinates>8.4027931820984,39.3960999313621 8.40279795929789,39.3960871880587 8.40283843184572,39.3959713860857 8.40284431525206,39.3959549781649 8.40280558623199,39.3959494740979 8.40279555236024,39.395988177631 8.40278486735983,39.3960250386582 8.40279601007892,39.3960257266225 8.4027602148706,39.3960969237331 8.40276437411339,39.3960980804164 8.4027931820984,39.3960999313621</coordinates>
            </LinearRing>
          </outerBoundaryIs>
        </Polygon>
      </Placemark>
      <Placemark xmlns="http://www.opengis.net/kml/2.2">
        <styleUrl>#Parti singole_style_map</styleUrl>
        <name>T03690</name>
        <Polygon>
          <outerBoundaryIs>
            <LinearRing>
              <coordinates>8.40342395890929,39.3931473100655 8.40344786838359,39.3931765478311 8.40339796261323,39.3931972897125 8.40340605433123,39.3932083813229 8.40348094999914,39.3931968086704 8.40351565670169,39.3932040329096 8.40357270300265,39.393180276571 8.40361265462783,39.3931634336675 8.40369487845786,39.3931286063785 8.40366689548273,39.3931063871993 8.40371790812143,39.3930915832909 8.40386650675945,39.3930502662967 8.40390919879771,39.393030698155 8.40393227345005,39.3930197425671 8.40400481439672,39.3929819099831 8.40403051980122,39.3929633900478 8.40408455485659,39.3929277332019 8.40413478678879,39.3928791087842 8.40415349444426,39.392851848839 8.40416185830344,39.3928392409868 8.40418126807408,39.3928099843085 8.40419176213608,39.3927899537249 8.40421053175243,39.3927322116391 8.40424765831609,39.3927307078951 8.40426078368147,39.3926866688509 8.40426091471107,39.3926862820717 8.40426373845815,39.3926778717416 8.40426734853505,39.3926671227157 8.40429222996755,39.3926717193875 8.40428819426986,39.392683358271 8.40433173527321,39.3926936280159 8.40434486849779,39.3926991556444 8.40435028138577,39.3926867038603 8.40436011801685,39.3926661382748 8.40440576356936,39.3926679038705 8.40445935180368,39.3926819914112 8.40446305283068,39.3926741982819 8.40454143041129,39.3926955220134 8.40455283659803,39.3926665396518 8.40452791096115,39.3926603119127 8.40443788987644,39.3926371714922 8.40445344868671,39.3926005515026 8.40444122174623,39.3925976956299 8.404422052763,39.3925932093438 8.40441779630733,39.3926075952973 8.40440081716648,39.3926064180595 8.40438333306051,39.3926468486228 8.40435270557933,39.3926447274486 8.40428058527431,39.3926400149285 8.40423712277461,39.3926368998867 8.40424681482389,39.3925964834856 8.40426991699888,39.39250175755 8.40427315851313,39.3924892856338 8.40429386762292,39.3924096670147 8.40431268705941,39.3923528712638 8.40434082172366,39.392301295244 8.40434985756626,39.3922847622504 8.40439275292867,39.3922221158677 8.40443123933609,39.3921781256095 8.40443834571175,39.3921699895031 8.40446390760313,39.3921437197212 8.40451491444226,39.3920912696459 8.40454725009908,39.392059096629 8.40457553343191,39.3920309665784 8.40461961815926,39.3919936456467 8.40465534123157,39.3919632289662 8.40466557692575,39.391952151095 8.40461414139646,39.3919264800235 8.40461987596026,39.3918909635397 8.40457202976351,39.391929544699 8.40449389094684,39.3920181320412 8.4044086702248,39.3921337955871 8.40430652865344,39.3922796205614 8.40427563594673,39.3923468967181 8.40424330820428,39.3924354212328 8.40420978742603,39.3925904369566 8.40418403900178,39.3927054499269 8.40415858385145,39.3927709878556 8.40414089522463,39.3928108676937 8.40409591754846,39.3928766029087 8.40405427609119,39.3929119178095 8.40402865356036,39.3929316185476 8.40398059186862,39.3929640171618 8.40392091464635,39.392992661915 8.40385025534104,39.3930263502634 8.40369191560693,39.3930701762574 8.40357784635399,39.3931013441382 8.40348034422351,39.3931288935938 8.40342395890929,39.3931473100655</coordinates>
            </LinearRing>
          </outerBoundaryIs>
        </Polygon>
      </Placemark>
      <Placemark xmlns="http://www.opengis.net/kml/2.2">
        <styleUrl>#Parti singole_style_map</styleUrl>
        <name>T03691</name>
        <Polygon>
          <outerBoundaryIs>
            <LinearRing>
              <coordinates>8.40497904996123,39.3918361261547 8.40500726095576,39.3917946150644 8.40501392559853,39.3917632926964 8.40492758491562,39.3917485512326 8.40498787350464,39.3917773930518 8.40497240813864,39.3918128577484 8.40492441928022,39.3917958310419 8.40497904996123,39.3918361261547</coordinates>
            </LinearRing>
          </outerBoundaryIs>
        </Polygon>
      </Placemark>
      <Placemark xmlns="http://www.opengis.net/kml/2.2">
        <styleUrl>#Parti singole_style_map</styleUrl>
        <name>T03692</name>
        <Polygon>
          <outerBoundaryIs>
            <LinearRing>
              <coordinates>8.40228932070569,39.3986651462706 8.40226764943032,39.3987250265653 8.40224523317604,39.3987715044587 8.40226037975312,39.3987725734775 8.40228932070569,39.3986651462706</coordinates>
            </LinearRing>
          </outerBoundaryIs>
        </Polygon>
      </Placemark>
      <Placemark xmlns="http://www.opengis.net/kml/2.2">
        <styleUrl>#Parti singole_style_map</styleUrl>
        <name>T03695</name>
        <Polygon>
          <outerBoundaryIs>
            <LinearRing>
              <coordinates>8.40278909855446,39.3976579110261 8.40276679836286,39.3976592979885 8.40276960119225,39.397673647988 8.40279088533175,39.3976722528498 8.40278909855446,39.3976579110261</coordinates>
            </LinearRing>
          </outerBoundaryIs>
        </Polygon>
      </Placemark>
      <Placemark xmlns="http://www.opengis.net/kml/2.2">
        <styleUrl>#Parti singole_style_map</styleUrl>
        <name>T03696</name>
        <Polygon>
          <outerBoundaryIs>
            <LinearRing>
              <coordinates>8.40289138028499,39.3986418299734 8.40292479485902,39.3985530592273 8.40301832116297,39.3983975412064 8.40307731030824,39.3982431793527 8.40307024168784,39.3981446676409 8.40304978496623,39.3980663247082 8.40301276382256,39.3979325904597 8.40300758828449,39.3979048837226 8.40296796869519,39.3977558453472 8.40296338783032,39.3976611488137 8.40294820029472,39.3974851954536 8.40296501849993,39.397305234584 8.40297705715301,39.3971396388877 8.40296793264677,39.3970861238999 8.40296991458295,39.3970334858925 8.40297194038619,39.3969865967906 8.40297982303531,39.3969052276549 8.40294938042743,39.3968145070899 8.40292156330362,39.3967400278576 8.40289149463771,39.3966885317796 8.40287241282143,39.3966274238808 8.40282311584252,39.3964966179755 8.40280587283303,39.3963656432953 8.40281701603358,39.3962383284884 8.402829912073,39.3961655450504 8.40284903393681,39.396099425292 8.40287533147555,39.396010302601 8.40291985646539,39.3958904576855 8.40294987717085,39.3958032192607 8.40298742867119,39.3957303010942 8.40306650244532,39.3956131384127 8.40311400981568,39.3955506784106 8.40315790145557,39.395496858894 8.40324203202649,39.3953940126555 8.40330051182286,39.395318111197 8.40335051094982,39.3952575560809 8.40339553371976,39.3951922449099 8.40345515635459,39.3951048428582 8.40348300225849,39.395049201869 8.40351329170037,39.3949916271451 8.40354925691534,39.394926215383 8.40365736956161,39.3946540228315 8.40374812945373,39.394425730325 8.40381171697894,39.3942694452991 8.40384906662087,39.3941872990686 8.4038672369553,39.3940718238603 8.40392064994481,39.3939429505323 8.40399369524533,39.3938350821147 8.40409709592029,39.3937176739474 8.40426631092159,39.3935668766827 8.4044094854724,39.393427479196 8.40446054848581,39.3933740022517 8.40460387171421,39.393189724091 8.40468570264844,39.3930235213198 8.40504167315068,39.3921548048674 8.40504585572915,39.3921559255469 8.40509452883174,39.3919544299404 8.4051194995651,39.3918091015158 8.4051406107431,39.3916943258969 8.4051240689803,39.3917072974565 8.40509042576827,39.3917335080195 8.40506952755201,39.3917576212673 8.40506654629725,39.3917681843175 8.40506061844095,39.3917906982088 8.40505923866139,39.3917959172276 8.4049645851481,39.3919954745545 8.4048798322512,39.3921723129875 8.40482163966829,39.3922969003811 8.4047754686135,39.3924238920059 8.40473140368014,39.3924971018325 8.40469017932056,39.3925858512391 8.40459777090953,39.3927765083666 8.40449678935153,39.3929838449542 8.40441984956859,39.3931415487336 8.40435666697276,39.3932082179916 8.40426642072658,39.3932660444378 8.40402087443229,39.3934211539682 8.40396111210024,39.3934652062186 8.40390228614615,39.3935179313171 8.40385107873258,39.3935801204046 8.40376246452857,39.3937025509296 8.4036671188817,39.3938231177345 8.4036207236276,39.3938833671119 8.40354534157919,39.3939819244946 8.40360902482658,39.3939449689294 8.40362310301055,39.3939612197038 8.403641330111,39.3939910964598 8.4036466938953,39.394028996524 8.40358833783818,39.3941481979916 8.4035754763432,39.3941435041831 8.40348463065195,39.3942937929876 8.4034546273578,39.3943881071479 8.40341216047382,39.3944445328849 8.40334917586239,39.3945394954841 8.40331402671045,39.3945323319981 8.40331944021914,39.3945252955655 8.40327185448327,39.3945044173764 8.40324509411855,39.3944926655362 8.40323785488187,39.394502720115 8.4031617605783,39.3944667471843 8.40315538992935,39.394474355367 8.403259273282,39.3945240136661 8.40314126539044,39.3946572495748 8.4031835679531,39.3946794162291 8.40321512717524,39.394694941071 8.40314818624693,39.3947907752872 8.40310094052364,39.3947695023132 8.40308766989017,39.394801844866 8.40312324186704,39.3948152728708 8.40314564927039,39.3948240920112 8.40320083273765,39.3948010651619 8.40328494213713,39.3947659865519 8.40332555835532,39.3947843691112 8.40331935174296,39.3947931675269 8.4033889440205,39.3948249621734 8.40341829737702,39.3948704084393 8.4034446448589,39.3948815724401 8.40350145935844,39.394905624537 8.40345532333466,39.3950075756419 8.40342314168322,39.395063698966 8.40338530396879,39.3951280558643 8.40333235735207,39.3952047156105 8.40330774958537,39.3952373964698 8.40327744244438,39.3952765806684 8.403228932649,39.3953381525697 8.40320051477428,39.395375030752 8.40316947861417,39.395413895813 8.40315126941319,39.3954370493679 8.40312955649462,39.3954652488207 8.4031017351113,39.3954988952798 8.40302451011217,39.3955994701875 8.40295813862882,39.3957005693168 8.40294940876026,39.3957138149391 8.40291491199667,39.3957812253599 8.40290863143894,39.3957945916821 8.40287986602607,39.3958558323172 8.40283843184572,39.3959713860857 8.40279795929789,39.3960871880587 8.4027931820984,39.3960999313621 8.4027954570182,39.3961000782036 8.40277071882683,39.3961915335861 8.40275949317463,39.3961896738319 8.40273999263535,39.3962416361769 8.40272718003435,39.396354985179 8.4027481623447,39.3963566607802 8.4027531786628,39.3964465569974 8.40274335572815,39.3964477049339 8.40274501835095,39.3964515609458 8.40275056431482,39.3964875502275 8.40275497066716,39.396511468633 8.40281248549185,39.3966250707307 8.40285401993486,39.3967033687949 8.40287385165206,39.3967460000695 8.40289757581126,39.3968510218144 8.40291180456306,39.3969092664871 8.40289989987038,39.3969543207846 8.40289104855584,39.396984505462 8.402922629278,39.396985370453 8.40292349977999,39.3970303551963 8.40291467909067,39.3970338059639 8.40291147127484,39.3970490802611 8.40290018807988,39.3971192949847 8.40289123784832,39.3971828539383 8.40287681083194,39.3974024100789 8.40287219889637,39.3974828949501 8.40286326127959,39.397636171217 8.402861673069,39.3976685106492 8.40287997944595,39.3976735243796 8.40289455278276,39.3977594599914 8.40291255170228,39.397808686515 8.4029292017674,39.3978553921879 8.40293700502455,39.3978840945632 8.40294315408218,39.3979093104023 8.40294786800616,39.3979380329549 8.40299064265349,39.3980698234725 8.4029694637428,39.3980870508703 8.40297299305314,39.398122588264 8.40297801937296,39.3981732348912 8.4029859567205,39.3981739694526 8.40298548513939,39.3982020256336 8.40297803807334,39.3982677097606 8.40296479523666,39.3983007912795 8.40295059235224,39.3983334173434 8.40292210836068,39.3984051115493 8.40289218915407,39.3984626158984 8.40288394745541,39.3984798556535 8.4028543995655,39.3985360283494 8.40283926876347,39.3985671448844 8.40281878307155,39.3986092717388 8.40279991554749,39.3986454960329 8.40275418572591,39.3987429796798 8.40272469161457,39.3988023513323 8.40272013055276,39.3988156003229 8.40269915751341,39.3988631039004 8.40265962184619,39.398935579234 8.40265753334376,39.3989421551569 8.40265932253912,39.3989515983091 8.40266801314056,39.3989606984768 8.40267807662287,39.3989667871897 8.40267829466101,39.3989698158272 8.40272924748334,39.3989856837052 8.40273221089561,39.3989840950643 8.40277286020614,39.3989907012971 8.40279976704273,39.3988398420696 8.40289138028499,39.3986418299734</coordinates>
            </LinearRing>
          </outerBoundaryIs>
        </Polygon>
      </Placemark>
      <Placemark xmlns="http://www.opengis.net/kml/2.2">
        <styleUrl>#Parti singole_style_map</styleUrl>
        <name>T03698</name>
        <Polygon>
          <outerBoundaryIs>
            <LinearRing>
              <coordinates>8.40348463065195,39.3942937929876 8.4035754763432,39.3941435041831 8.40355765230853,39.3941344358894 8.40344860197915,39.3942741515493 8.40348463065195,39.3942937929876</coordinates>
            </LinearRing>
          </outerBoundaryIs>
        </Polygon>
      </Placemark>
      <Placemark xmlns="http://www.opengis.net/kml/2.2">
        <styleUrl>#Parti singole_style_map</styleUrl>
        <name>T03701</name>
        <Polygon>
          <outerBoundaryIs>
            <LinearRing>
              <coordinates>8.40206994277774,39.399441135153 8.40211333918087,39.399442953164 8.40211788359866,39.3993772902241 8.40231281612922,39.3993871497119 8.40231845133905,39.3993718879156 8.40213569021612,39.3993606403374 8.40207423428395,39.3993597678817 8.40206994277774,39.399441135153</coordinates>
            </LinearRing>
          </outerBoundaryIs>
        </Polygon>
      </Placemark>
      <Placemark xmlns="http://www.opengis.net/kml/2.2">
        <styleUrl>#Parti singole_style_map</styleUrl>
        <name>T03911</name>
        <Polygon>
          <outerBoundaryIs>
            <LinearRing>
              <coordinates>8.40260375932008,39.3980639644626 8.40249981926747,39.3980936236271 8.40251306889376,39.3981213236494 8.4025885788554,39.3981061142394 8.40262395873258,39.3981076644926 8.40262741842888,39.3981319544527 8.40264217840057,39.3981307045634 8.40264574809594,39.3981550445243 8.40258986824669,39.3981561741147 8.40258132826987,39.3981563340522 8.40259012822333,39.3981580441116 8.40264126795457,39.3981678344574 8.40259224802797,39.3981736940852 8.40253268811705,39.3981808236328 8.40254418748034,39.398230713583 8.40254128723584,39.3982516535058 8.40264477701619,39.3982446342774 8.40264105730579,39.3982215743121 8.40263900746493,39.3982089043311 8.40265127743777,39.3982081644223 8.4026686074083,39.3982063845531 8.40267901739386,39.3982050446324 8.40267180795667,39.3981602246999 8.40265658898544,39.3980787948072 8.40275838882684,39.3980671355789 8.40273612947453,39.3980189555459 8.40265910947226,39.398037894935 8.40265291946534,39.3980399748844 8.40265673933809,39.3980495748865 8.40264288933993,39.3980527947771 8.40260375932008,39.3980639644626</coordinates>
            </LinearRing>
          </outerBoundaryIs>
        </Polygon>
      </Placemark>
      <Placemark xmlns="http://www.opengis.net/kml/2.2">
        <styleUrl>#Parti singole_style_map</styleUrl>
        <name>T03660</name>
        <Polygon>
          <outerBoundaryIs>
            <LinearRing>
              <coordinates>8.40369487845786,39.3931286063785 8.40375856778788,39.3931961151012 8.40381445621618,39.3931664958961 8.40390014953559,39.3931210628977 8.40389503604894,39.393113341735 8.40383524054571,39.3931299478386 8.40371790812143,39.3930915832909 8.40366689548273,39.3931063871993 8.40369487845786,39.3931286063785</coordinates>
            </LinearRing>
          </outerBoundaryIs>
        </Polygon>
      </Placemark>
      <Placemark xmlns="http://www.opengis.net/kml/2.2">
        <styleUrl>#Parti singole_style_map</styleUrl>
        <name>T03662</name>
        <Polygon>
          <outerBoundaryIs>
            <LinearRing>
              <coordinates>8.40384906662087,39.3941872990686 8.40387211982704,39.3941366342177 8.4039348351601,39.3940090700425 8.40398790311288,39.3939261573538 8.40400898616542,39.3938954586008 8.40408378801021,39.3937899418527 8.40422462660808,39.3936399363082 8.40428414141011,39.3935758433545 8.40443568010017,39.3934142508289 8.40448241228249,39.3933606886191 8.40458424004255,39.3932464436379 8.40467893409756,39.3931325765232 8.40474199676571,39.3930499218863 8.40480108475333,39.3929730856581 8.40484615890067,39.3928986645627 8.4048973891882,39.3928172287616 8.40490741145825,39.3928007638478 8.40493107311106,39.3927658071501 8.40505325530908,39.392587430205 8.40510288764068,39.3925095002186 8.40522372610782,39.3923251602828 8.4053700150152,39.3922054834226 8.40543187931035,39.3921762273793 8.40566888262099,39.3920662947523 8.40575421020426,39.3920704882274 8.40582695724432,39.3920738154219 8.40591775586171,39.3920956161801 8.40601216707331,39.392066652257 8.40610680082825,39.3920360855281 8.40609946899221,39.3919613151581 8.40611027908565,39.3919463859428 8.40615316783698,39.391948650369 8.40610987973082,39.3918360415614 8.40604886533249,39.391843208612 8.40594733662667,39.3918283092281 8.4058829877458,39.3918083105788 8.40575020044984,39.3917644538089 8.4057562555061,39.3917501851214 8.40573674579198,39.3917461838763 8.40568162730941,39.3918973593306 8.40566580762689,39.3918936742799 8.40544581566664,39.3918424333285 8.40549690016355,39.3916973104245 8.4054054702933,39.3916788129564 8.40530586865696,39.3916667611687 8.40521297800081,39.3916657634417 8.40515571474437,39.3916824642792 8.4051406107431,39.3916943258969 8.4051194995651,39.3918091015158 8.40509452883174,39.3919544299404 8.40504585572915,39.3921559255469 8.40504167315068,39.3921548048674 8.40468570264844,39.3930235213198 8.40460387171421,39.393189724091 8.40446054848581,39.3933740022517 8.4044094854724,39.393427479196 8.40426631092159,39.3935668766827 8.40409709592029,39.3937176739474 8.40399369524533,39.3938350821147 8.40392064994481,39.3939429505323 8.4038672369553,39.3940718238603 8.40384906662087,39.3941872990686</coordinates>
            </LinearRing>
          </outerBoundaryIs>
        </Polygon>
      </Placemark>
      <Placemark xmlns="http://www.opengis.net/kml/2.2">
        <styleUrl>#Parti singole_style_map</styleUrl>
        <name>T03663</name>
        <Polygon>
          <outerBoundaryIs>
            <LinearRing>
              <coordinates>8.40385001069006,39.3932773538843 8.40382435540698,39.3932381529168 8.40380810526474,39.3932140837066 8.40379108131412,39.3931922451248 8.40381445621618,39.3931664958961 8.40375856778788,39.3931961151012 8.40376798187283,39.3932061019309 8.40378673354834,39.3932268771282 8.40381583533978,39.3932513636446 8.40384055650772,39.3932829820132 8.40390222538911,39.3933436863973 8.4038626034815,39.3932808964911 8.40385001069006,39.3932773538843</coordinates>
            </LinearRing>
          </outerBoundaryIs>
        </Polygon>
      </Placemark>
      <Placemark xmlns="http://www.opengis.net/kml/2.2">
        <styleUrl>#Parti singole_style_map</styleUrl>
        <name>T03664</name>
        <Polygon>
          <outerBoundaryIs>
            <LinearRing>
              <coordinates>8.40568162730941,39.3918973593306 8.40573674579198,39.3917461838763 8.40572109626537,39.3917429772581 8.40566580762689,39.3918936742799 8.40568162730941,39.3918973593306</coordinates>
            </LinearRing>
          </outerBoundaryIs>
        </Polygon>
      </Placemark>
      <Placemark xmlns="http://www.opengis.net/kml/2.2">
        <styleUrl>#Parti singole_style_map</styleUrl>
        <name>T03667</name>
        <Polygon>
          <outerBoundaryIs>
            <LinearRing>
              <coordinates>8.40251049054087,39.3981425765184 8.40253680675276,39.3982514050389 8.40254128751445,39.3982516443143 8.40254419537994,39.3982307099148 8.40253269418294,39.3981808229206 8.40252451952696,39.3981453066964 8.40251049054087,39.3981425765184</coordinates>
            </LinearRing>
          </outerBoundaryIs>
        </Polygon>
      </Placemark>
      <Placemark xmlns="http://www.opengis.net/kml/2.2">
        <styleUrl>#Parti singole_style_map</styleUrl>
        <name>T03668</name>
        <Polygon>
          <outerBoundaryIs>
            <LinearRing>
              <coordinates>8.40276893835042,39.3979137138393 8.40277617265573,39.39791245349 8.40276457219688,39.39788507416 8.40276893835042,39.3979137138393</coordinates>
            </LinearRing>
          </outerBoundaryIs>
        </Polygon>
      </Placemark>
      <Placemark xmlns="http://www.opengis.net/kml/2.2">
        <styleUrl>#Parti singole_style_map</styleUrl>
        <name>T03669</name>
        <Polygon>
          <outerBoundaryIs>
            <LinearRing>
              <coordinates>8.40254398891107,39.3976739519228 8.40263458826387,39.3976653979399 8.40263923474956,39.3976911196728 8.40265310145942,39.397757760267 8.40264313554008,39.3976382032002 8.40256131171001,39.3976418104803 8.40256374802934,39.3976706745244 8.4025436573682,39.3976706163452 8.40254398891107,39.3976739519228</coordinates>
            </LinearRing>
          </outerBoundaryIs>
        </Polygon>
      </Placemark>
      <Placemark xmlns="http://www.opengis.net/kml/2.2">
        <styleUrl>#Parti singole_style_map</styleUrl>
        <name>T03670</name>
        <Polygon>
          <outerBoundaryIs>
            <LinearRing>
              <coordinates>8.4023590580332,39.3969040389441 8.40238486913981,39.3969508909026 8.40240184647271,39.3969415171651 8.40242396091822,39.3969466316333 8.40242908793955,39.3969310158046 8.40239764292242,39.3969251415551 8.40236686911257,39.3969018625163 8.40237522887847,39.3968830285465 8.4023844457617,39.3968603785414 8.40237405197997,39.3968576490099 8.4023590580332,39.3969040389441</coordinates>
            </LinearRing>
          </outerBoundaryIs>
        </Polygon>
      </Placemark>
      <Placemark xmlns="http://www.opengis.net/kml/2.2">
        <styleUrl>#Parti singole_style_map</styleUrl>
        <name>T03673</name>
        <Polygon>
          <outerBoundaryIs>
            <LinearRing>
              <coordinates>8.40243646818642,39.3989612387286 8.40252778407386,39.398957373961 8.40253479315959,39.3989430563013 8.40252569503565,39.3989436042412 8.40252200075842,39.3989532625008 8.40243646818642,39.3989612387286</coordinates>
            </LinearRing>
          </outerBoundaryIs>
        </Polygon>
      </Placemark>
      <Placemark xmlns="http://www.opengis.net/kml/2.2">
        <styleUrl>#Parti singole_style_map</styleUrl>
        <name>T03676</name>
        <Polygon>
          <outerBoundaryIs>
            <LinearRing>
              <coordinates>8.40289186445951,39.3954961778128 8.40291388925639,39.3954545724213 8.40293272622966,39.3954177352176 8.40294642205654,39.3954036410793 8.40294865606283,39.3953554825569 8.40291644023116,39.3953964859855 8.40292532306341,39.3954034246119 8.40290341706903,39.3954379123417 8.40289631192024,39.3954703496026 8.40289186445951,39.3954961778128</coordinates>
            </LinearRing>
          </outerBoundaryIs>
        </Polygon>
      </Placemark>
      <Placemark xmlns="http://www.opengis.net/kml/2.2">
        <styleUrl>#Parti singole_style_map</styleUrl>
        <name>T03677</name>
        <Polygon>
          <outerBoundaryIs>
            <LinearRing>
              <coordinates>8.40432922858479,39.3931055922574 8.40436424450326,39.39308193892 8.40435515950133,39.3930783062109 8.40432922858479,39.3931055922574</coordinates>
            </LinearRing>
          </outerBoundaryIs>
        </Polygon>
      </Placemark>
      <Placemark xmlns="http://www.opengis.net/kml/2.2">
        <styleUrl>#Parti singole_style_map</styleUrl>
        <name>T03678</name>
        <Polygon>
          <outerBoundaryIs>
            <LinearRing>
              <coordinates>8.40196148419318,39.3952355168754 8.40203396190803,39.3952938449945 8.40204354198294,39.3952816850693 8.40202105477036,39.3952699729449 8.40196148419318,39.3952355168754</coordinates>
            </LinearRing>
          </outerBoundaryIs>
        </Polygon>
      </Placemark>
      <Placemark xmlns="http://www.opengis.net/kml/2.2">
        <styleUrl>#Parti singole_style_map</styleUrl>
        <name>T03679</name>
        <Polygon>
          <outerBoundaryIs>
            <LinearRing>
              <coordinates>8.40245413177616,39.3944490024048 8.4025836969634,39.3945101645026 8.40250492038902,39.3944673924741 8.40248532821461,39.3944566594355 8.40245413177616,39.3944490024048</coordinates>
            </LinearRing>
          </outerBoundaryIs>
        </Polygon>
      </Placemark>
      <Placemark xmlns="http://www.opengis.net/kml/2.2">
        <styleUrl>#Parti singole_style_map</styleUrl>
        <name>T03681</name>
        <Polygon>
          <outerBoundaryIs>
            <LinearRing>
              <coordinates>8.40232786915598,39.3945070296825 8.40244889408988,39.3945769152238 8.40249453451377,39.3946011897119 8.40252478642304,39.3945698535531 8.40253653813166,39.3945576687022 8.4025836969634,39.3945101645026 8.40245413177616,39.3944490024048 8.40240825876112,39.3944220596044 8.40239144966304,39.3944471665027 8.40232786915598,39.3945070296825</coordinates>
            </LinearRing>
          </outerBoundaryIs>
        </Polygon>
      </Placemark>
      <Placemark xmlns="http://www.opengis.net/kml/2.2">
        <styleUrl>#Parti singole_style_map</styleUrl>
        <name>T03682</name>
        <Polygon>
          <outerBoundaryIs>
            <LinearRing>
              <coordinates>8.40203682711214,39.3951528368029 8.40206667068161,39.3951625593972 8.40207704551858,39.3951525210174 8.40204697416504,39.3951313990047 8.40203004353187,39.3951503060158 8.40203682711214,39.3951528368029</coordinates>
            </LinearRing>
          </outerBoundaryIs>
        </Polygon>
      </Placemark>
      <Placemark xmlns="http://www.opengis.net/kml/2.2">
        <styleUrl>#Parti singole_style_map</styleUrl>
        <name>T03766</name>
        <Polygon>
          <outerBoundaryIs>
            <LinearRing>
              <coordinates>8.40330149749468,39.4001414622888 8.40330903345799,39.4001259105248 8.40327437315277,39.4001196116949 8.40322156122901,39.4001091858466 8.40319766296776,39.4001033955996 8.40323204723827,39.3999894725418 8.40318751670739,39.3999830537879 8.40318721350108,39.4001430715385 8.4032102033797,39.400143738493 8.40321026422969,39.4001366024384 8.40329972166233,39.4001422766023 8.40330149749468,39.4001414622888</coordinates>
            </LinearRing>
          </outerBoundaryIs>
        </Polygon>
      </Placemark>
      <Placemark xmlns="http://www.opengis.net/kml/2.2">
        <styleUrl>#Parti singole_style_map</styleUrl>
        <name>T03767</name>
        <Polygon>
          <outerBoundaryIs>
            <LinearRing>
              <coordinates>8.40318751670739,39.3999830537879 8.40320268239524,39.3999124535281 8.40318602138191,39.3999094866354 8.40318751670739,39.3999830537879</coordinates>
            </LinearRing>
          </outerBoundaryIs>
        </Polygon>
      </Placemark>
      <Placemark xmlns="http://www.opengis.net/kml/2.2">
        <styleUrl>#Parti singole_style_map</styleUrl>
        <name>T03768</name>
        <Polygon>
          <outerBoundaryIs>
            <LinearRing>
              <coordinates>8.40309552347616,39.4005686583369 8.40310426556385,39.4005363466326 8.40303695739737,39.4005206922944 8.40302560703482,39.4005388171389 8.40309552347616,39.4005686583369</coordinates>
            </LinearRing>
          </outerBoundaryIs>
        </Polygon>
      </Placemark>
      <Placemark xmlns="http://www.opengis.net/kml/2.2">
        <styleUrl>#Parti singole_style_map</styleUrl>
        <name>T03769</name>
        <Polygon>
          <outerBoundaryIs>
            <LinearRing>
              <coordinates>8.40292615358095,39.4001444950297 8.40279024833411,39.4001091788407 8.40278407632924,39.4001206625154 8.40290075964947,39.4001493023603 8.40290402060656,39.4001509590115 8.40290298549247,39.4001524944856 8.40291699752401,39.4001572608949 8.40292615358095,39.4001444950297</coordinates>
            </LinearRing>
          </outerBoundaryIs>
        </Polygon>
      </Placemark>
      <Placemark xmlns="http://www.opengis.net/kml/2.2">
        <styleUrl>#Parti singole_style_map</styleUrl>
        <name>T03770</name>
        <Polygon>
          <outerBoundaryIs>
            <LinearRing>
              <coordinates>8.40385824150723,39.3990537760523 8.40385366314014,39.3988659203477 8.4038476927136,39.3988660429142 8.40378848569036,39.3988647932332 8.4038086525613,39.3989104806031 8.40381459519912,39.3989218011915 8.40382199137378,39.3989274526371 8.40384027558937,39.3989310244277 8.40384586312033,39.3990044883962 8.40385096632362,39.3990625509896 8.40385824150723,39.3990537760523</coordinates>
            </LinearRing>
          </outerBoundaryIs>
        </Polygon>
      </Placemark>
      <Placemark xmlns="http://www.opengis.net/kml/2.2">
        <styleUrl>#Parti singole_style_map</styleUrl>
        <name>T03772</name>
        <Polygon>
          <outerBoundaryIs>
            <LinearRing>
              <coordinates>8.40444359085567,39.3966570801784 8.40448319202351,39.396628404445 8.40444217857717,39.3966005862928 8.40441597791419,39.3965939104865 8.40441110019167,39.396596660727 8.40432701035756,39.3965255337969 8.40442157423328,39.3964643955872 8.40448629389884,39.3964412638046 8.40460735816598,39.3964115995892 8.40459517262692,39.3963955293195 8.40456931255624,39.3963789283447 8.40457375208835,39.3963607976541 8.40453842256339,39.3963323959293 8.40452469007741,39.3963398943992 8.40449907309345,39.3963123983977 8.40447398079387,39.3963051335897 8.40445958200168,39.3963295232761 8.40445217247538,39.3963281968277 8.40444729576668,39.3963335601123 8.40444182147609,39.396346371997 8.40440547312098,39.3963449063274 8.40437623593813,39.3963402513249 8.40436163035842,39.3963725601453 8.4043263502568,39.3964488963453 8.40432135455025,39.3965542121877 8.40444359085567,39.3966570801784</coordinates>
            </LinearRing>
          </outerBoundaryIs>
        </Polygon>
      </Placemark>
      <Placemark xmlns="http://www.opengis.net/kml/2.2">
        <styleUrl>#Parti singole_style_map</styleUrl>
        <name>T03773</name>
        <Polygon>
          <outerBoundaryIs>
            <LinearRing>
              <coordinates>8.40418083685915,39.3966358299201 8.40424099284815,39.396614053492 8.40427830547543,39.3965895649824 8.40432135455025,39.3965542121877 8.4043263502568,39.3964488963453 8.40425354986135,39.3964840606696 8.40425566980313,39.3964955959259 8.40416429917691,39.3965076432883 8.40415990987847,39.3964871219705 8.40410271756378,39.3965318271778 8.40409850229096,39.3965413386546 8.40411073935575,39.3965335352261 8.404206271558,39.396620615417 8.40418083685915,39.3966358299201</coordinates>
            </LinearRing>
          </outerBoundaryIs>
        </Polygon>
      </Placemark>
      <Placemark xmlns="http://www.opengis.net/kml/2.2">
        <styleUrl>#Parti singole_style_map</styleUrl>
        <name>T03774</name>
        <Polygon>
          <outerBoundaryIs>
            <LinearRing>
              <coordinates>8.40437623593813,39.3963402513249 8.40431588084398,39.3963267778348 8.40427987846158,39.3964066774931 8.40437623593813,39.3963402513249</coordinates>
            </LinearRing>
          </outerBoundaryIs>
        </Polygon>
      </Placemark>
      <Placemark xmlns="http://www.opengis.net/kml/2.2">
        <styleUrl>#Parti singole_style_map</styleUrl>
        <name>T03905</name>
        <Polygon>
          <outerBoundaryIs>
            <LinearRing>
              <coordinates>8.40550338987879,39.3983980202974 8.40550233990954,39.3983957402958 8.40547634101141,39.3983112203322 8.40546601180146,39.3982486004243 8.40545868230839,39.3982085904779 8.40545330280169,39.398169230544 8.40544861344326,39.3981174806482 8.40544464404485,39.3980688507494 8.40544252465009,39.3980194708661 8.4054413454407,39.3979545810312 8.40543547601962,39.3979082811122 8.40543188639714,39.397878031167 8.40542622694925,39.3978338912438 8.40542419738282,39.3977986413233 8.40542470769949,39.3977724113973 8.40542813836721,39.3977165315719 8.40543673934333,39.3976339718556 8.40544396023436,39.3975587621097 8.40545144082501,39.3975082522995 8.40546657147887,39.3974506725641 8.40548587179887,39.3974196027882 8.40552631226873,39.3973710432135 8.40557604271255,39.3973223737069 8.40562272303374,39.397284554149 8.40566949323761,39.3972563845659 8.40588295001884,39.3974698855531 8.40585566988562,39.3974874953067 8.40579689937116,39.3975441847259 8.40577948777897,39.3976796742361 8.40576969642559,39.3977936238596 8.40578559458045,39.3979418735789 8.40579456287192,39.3980805432732 8.4058097321136,39.3981393732265 8.40593545341056,39.3980019145125 8.40604723458082,39.3978782856596 8.40617242586477,39.3977420269384 8.40626936684402,39.3976377479254 8.40636272779513,39.3975366588777 8.40646729886955,39.3974226799463 8.40657966003006,39.3972997110959 8.40676224190585,39.3971007129617 8.40698047413107,39.3968642451882 8.40704367478347,39.3967951058347 8.40714632582226,39.3966845268803 8.40720990647692,39.3966151075303 8.40724746683771,39.3965762379086 8.40730066738032,39.3965185784514 8.40740497845884,39.3964043195189 8.40753841981745,39.3962598908799 8.40765432098987,39.3961350720603 8.40777688223351,39.3960027633093 8.4078805933026,39.39588942437 8.40800041453149,39.395758995594 8.40813542593441,39.3956105269773 8.40822671687015,39.3955111979097 8.40832251784184,39.395407808886 8.40786716200907,39.3951748561848 8.40764354406661,39.3950595448607 8.40746998566844,39.3949696438341 8.40734131686218,39.3949024830744 8.40716953841912,39.394815852052 8.40699455001658,39.3947266610131 8.40669563275405,39.3945735892402 8.40636083581124,39.3944028772526 8.4061594776663,39.3942988560609 8.40627617158698,39.394771735647 8.4059442221112,39.3948091731229 8.40586650492187,39.3945963231252 8.40586830485544,39.3946013631249 8.40586788444466,39.3946353330309 8.40578037493848,39.394615882444 8.40565172531826,39.3946158315047 8.40559417547234,39.3946171110811 8.40556970552264,39.3946189108976 8.40556482600871,39.3945800209661 8.40556135642985,39.3945461410315 8.40556364718455,39.3944833612163 8.40556664809894,39.394407241442 8.40562598802714,39.394398741898 8.405697617343,39.3944377423166 8.40570538673769,39.3944857622448 8.40570596669267,39.3944893322395 8.40576527650841,39.3944901126704 8.40577920588153,39.3945384126428 8.40585030549151,39.3945532931222 8.40581351678903,39.394455253116 8.40554297232714,39.394064382187 8.405519243563,39.3939682522711 8.40549302380231,39.3939548921154 8.40536532497288,39.3938894113583 8.40525815593557,39.3938360807186 8.40523806613245,39.3938247306023 8.40509974739338,39.3937543797806 8.40488624934408,39.3936454285134 8.40476870043222,39.3935842778188 8.40457885216768,39.3934873266922 8.40444094343629,39.3934162458755 8.40431967220553,39.3935471946394 8.40407540971158,39.3938121821463 8.40393467760048,39.394020440561 8.40389816675939,39.394098660085 8.4038204050002,39.3942625990783 8.40378112399417,39.3943550885438 8.40370500189706,39.3945464874755 8.40359951903513,39.3948080760049 8.40354532753037,39.3949453052418 8.40346769581159,39.3951058742451 8.40342472520079,39.3951666737685 8.40335426417079,39.3952687129808 8.40325724301507,39.3953875719542 8.40310151114315,39.3955797403025 8.40306957072313,39.3956221299558 8.40305345047783,39.3956462697734 8.40298564937459,39.3957536989908 8.40295129861875,39.3958243585508 8.40289619704648,39.3959673677656 8.40283119492055,39.3961584267794 8.40281360384371,39.3962514764019 8.40280334252619,39.3963625860295 8.40282291081458,39.3964989358074 8.40286410935849,39.3966089658137 8.40291277953442,39.3965826362396 8.40316196896978,39.3965686380967 8.40317213760599,39.3966785978766 8.40317223759174,39.3966797478742 8.40316685664617,39.3967590076228 8.40314608676221,39.3967544874832 8.40308217465726,39.3969435465104 8.40310472455889,39.396946176668 8.40309030388996,39.3970048264057 8.4030848036353,39.3970271563058 8.40306625369616,39.3970266461717 8.4030501437491,39.3970261960553 8.40296694402234,39.3970238854539 8.4029663538978,39.3970342954217 8.40296637388513,39.3970353354191 8.40296777328202,39.3970847152971 8.40297549257657,39.3971409952028 8.40295985022583,39.3973385845597 8.40294669847342,39.3974862440684 8.40295507714155,39.3975940038412 8.40296603508854,39.3977605834753 8.40299886346418,39.397886513378 8.40302471221825,39.3979829433086 8.4030677601575,39.3981423631962 8.40307610874878,39.3982564629518 8.40301508716613,39.3984017521173 8.4029215055466,39.3985579910158 8.40288856454146,39.3986488505321 8.40286634339348,39.3987488801021 8.40285999214098,39.3988536697752 8.40285069053313,39.3989884693465 8.40277560064937,39.398997128775 8.40280529031742,39.3990172789379 8.4028226797261,39.3990617989457 8.40281763846718,39.3991667986279 8.40285481925592,39.3990927490976 8.40288456990825,39.3990317494781 8.40295746167808,39.3988681504482 8.40296403183753,39.3988534105356 8.40300533285043,39.3987598810876 8.4029645730955,39.3987495808175 8.40303868494396,39.3985792018147 8.40311562678249,39.3984089528322 8.40315216771198,39.3983234533279 8.40318920860252,39.398241043819 8.40326432045962,39.398069704826 8.40334366239536,39.3978908558841 8.40343236458806,39.3976885470734 8.40366284243884,39.397809728432 8.40359721085866,39.3979559375614 8.40351830890865,39.3981358565037 8.4034445570673,39.3983055655109 8.40340646615439,39.3983900750066 8.40336945523695,39.3984746945098 8.40329453339733,39.3986445435081 8.40326817263591,39.3987137131305 8.40322391153566,39.3988151625357 8.40318334048386,39.398911721981 8.40317528030648,39.3989283018778 8.40309893862603,39.3990853708999 8.40307092793861,39.3991488405255 8.40299830619077,39.3993105595624 8.40297189550421,39.3993735692009 8.40293838463271,39.3994535487422 8.40287194487472,39.3994497382672 8.40280646446901,39.3994990876569 8.40276880467073,39.3994916074019 8.40271493495929,39.3994809070372 8.40268320512934,39.3994745968224 8.40266505469564,39.3995147565824 8.40256827326207,39.3996564354964 8.40246961177362,39.3998030943835 8.40242872122373,39.399858353937 8.40246945095958,39.3998702342026 8.40253392121482,39.3998335347717 8.40255323145429,39.399809104978 8.40263121226015,39.3997237357759 8.40265206247566,39.3997009059893 8.40276844371633,39.3995703671885 8.402786363911,39.399549967374 8.40280248381412,39.3995540374808 8.40288532331645,39.3995749380298 8.4027948612145,39.3997701768467 8.40279015108971,39.3997816067817 8.40274765011609,39.3998721862289 8.40271512934537,39.3999436158003 8.40264301767566,39.4000987648585 8.40260780688944,39.400172124405 8.40256877601828,39.4002534139025 8.40253945529343,39.4003202835094 8.40250945468317,39.4003778731362 8.40250345305153,39.4005138227285 8.40258997102642,39.4006597329699 8.40257615086042,39.4006767728234 8.40250063995261,39.4007699420226 8.40235553173038,39.4006586512608 8.40233315160707,39.4006742510556 8.40236986119353,39.4006994212563 8.40233423095592,39.4007276609206 8.40239115009279,39.4007849811828 8.40243918935954,39.4008337514031 8.40262006659959,39.4010173122327 8.40269026477613,39.4011505623888 8.40268905356406,39.4012507621118 8.40275392399031,39.4011998727217 8.40294065519158,39.4010555044716 8.40279136680186,39.4009590336396 8.40296112827512,39.4007963653146 8.40313638919205,39.4006782169106 8.40328114995925,39.400579818231 8.40349285876024,39.4006272296501 8.40354022914984,39.4005836101128 8.40338616002541,39.4005488590807 8.40332965034576,39.400536178702 8.40328911048208,39.4005347884096 8.40329588102978,39.4004879985843 8.40329740114504,39.4004781286218 8.40327190129079,39.4004723084512 8.40329165207295,39.4004030387808 8.4033200919508,39.40040619898 8.4033303928581,39.4003289092621 8.40334132354809,39.4002693795012 8.40335376433323,39.4002016397733 8.40336008490019,39.4001533699487 8.4033648351133,39.4001346500335 8.40338740586141,39.400067500378 8.40340524664021,39.3999989706917 8.40341104689353,39.3999766807937 8.40343081810458,39.3998720512181 8.40343833855603,39.3998330113774 8.40345801947522,39.3997524617367 8.40346944941727,39.3997544618148 8.4034713197313,39.399728121899 8.40348418063334,39.3996506422003 8.40350321063222,39.3996461123513 8.40351447134887,39.399584302599 8.40352562128654,39.3995867326739 8.40355351113059,39.3995928128613 8.40359381198184,39.3995128533696 8.40361428240216,39.3994732336251 8.40363266280109,39.3994358838593 8.40358558312216,39.3994208535557 8.40361679373101,39.3993630839382 8.40366536342338,39.3993766442566 8.40368488333274,39.3993793743918 8.40371690395533,39.3993202747838 8.40375559468054,39.3992510952515 8.4037673349064,39.3992296253947 8.40378772533071,39.3991896956505 8.40373315564983,39.3991766452869 8.40371570526768,39.3992123850638 8.40370162534508,39.3992094249689 8.40364274428632,39.3993110042671 8.40359215334591,39.3994008136573 8.40357744305371,39.3994284734759 8.40354119233513,39.3994965130291 8.40353430238103,39.3994944029844 8.40349620263524,39.3994827027375 8.40344948293317,39.3994694924317 8.40343739300725,39.3994663223519 8.4034940640194,39.3993691230259 8.40349508403763,39.399367373038 8.40354904485238,39.3992871036468 8.40361591589355,39.3991850344083 8.40363844574939,39.3991914445557 8.40366943638932,39.3991311649433 8.40368063632538,39.3991337150183 8.40368381644739,39.3991228850705 8.40368269692016,39.3990841851659 8.40368927783437,39.3990072254199 8.40367188789593,39.3990063752952 8.40367705845727,39.3989588454602 8.4036932584002,39.3989596155764 8.40369972929762,39.3988840658259 8.40369407990226,39.3988355959143 8.40370787986329,39.3988354560155 8.40371051015662,39.3988106361011 8.40376758010029,39.3988014165425 8.40376706021173,39.398792356563 8.40370042040968,39.3987922260767 8.40368944120775,39.3987291061655 8.40381859075667,39.398734917093 8.40382125083399,39.3987278971312 8.40382420091919,39.3987201571735 8.40377389106854,39.3987200668064 8.40368723133241,39.3987193661754 8.40368332180745,39.3986811562491 8.40369193200408,39.398662856361 8.40367408218685,39.3986521262594 8.40368372319064,39.3985670365575 8.40371554305344,39.3985706167803 8.40374781430376,39.3984597073128 8.40391121350125,39.3984861684351 8.40392078387154,39.3984533185929 8.40407073313997,39.398477199624 8.40403009149653,39.3986225489382 8.40390048200998,39.3986117080208 8.40393247152958,39.3986435381692 8.40398688163612,39.3986215386254 8.40403320138122,39.3986312989375 8.40399771032817,39.3987267284229 8.40402978019109,39.3987302386477 8.40403973016394,39.3987300587208 8.40403791959221,39.3987776285803 8.40410163940832,39.3987773090465 8.40413226861642,39.3988351491153 8.40415288855905,39.3988348692666 8.40415156772724,39.3989037590726 8.40415134691379,39.3989708688914 8.40414548689333,39.3989739788403 8.40414620670524,39.3989893088045 8.40403191483263,39.3991714374824 8.40400693461619,39.3991953472361 8.40394730319341,39.3993271164479 8.40393514299025,39.3993468163064 8.40391596305515,39.3993461261682 8.40390377281896,39.3993685560192 8.40387435227739,39.3994203456657 8.40385054222648,39.3994303254652 8.40379606159802,39.3994953648933 8.40372742209411,39.3994711444568 8.40371487176169,39.3995015942837 8.40365952056902,39.3996133535804 8.40373623015857,39.3996285540999 8.40384010960595,39.3996488748041 8.40381503881548,39.3997201244303 8.40374198920228,39.3997059839347 8.40372886812256,39.3997981735922 8.40373587808249,39.3997997736391 8.40372245759432,39.3998432734247 8.40371723716376,39.3998800332882 8.40371137719097,39.3998792132476 8.4036942362723,39.3999591029086 8.40363311399107,39.4001619919193 8.40362821380813,39.40017826184 8.40370688343255,39.4001901123828 8.40370483254789,39.4002635321713 8.40369589208437,39.400303911998 8.40368382145707,39.4003585517636 8.40366644075685,39.4004204914709 8.40365305080431,39.4004198313749 8.4036271104735,39.4004534010957 8.40360588024477,39.4004774108764 8.40360729980543,39.4005132807907 8.40357775973088,39.4005266005394 8.40355332925755,39.4005715502407 8.40359634961156,39.4005319206609 8.40372700093653,39.4003909719921 8.40396136331606,39.4001379043808 8.40407064441002,39.4000211854911 8.40419052562026,39.3998923067114 8.40429442665896,39.3997814477668 8.40452974905085,39.3995271201659 8.40466346041779,39.3993819615307 8.40474557125064,39.3992933623674 8.40486442246835,39.3991641135812 8.40499897382561,39.3990195449506 8.4051186450404,39.3988903361703 8.40521890606987,39.3987811171947 8.40534959740706,39.398639138529 8.40546025854901,39.398518119661 8.40553082926456,39.39844199038 8.40550338987879,39.3983980202974</coordinates>
            </LinearRing>
          </outerBoundaryIs>
          <innerBoundaryIs>
            <LinearRing>
              <coordinates>8.40412262927785,39.3963098258044 8.40413169922965,39.3963115958659 8.4041688691241,39.3963112661381 8.40424145878789,39.3963213466412 8.40425246893145,39.3963068367605 8.40430306954891,39.3962436372992 8.40430782956217,39.3962413873399 8.40433166958228,39.3962339375339 8.4043635198096,39.3962074578374 8.40438738002105,39.3961842280738 8.40440261015605,39.3961693982247 8.40442095026635,39.3961558483949 8.4044476704012,39.3961382386372 8.40446790004028,39.3961630787184 8.40447471981895,39.3961796687238 8.40446858977018,39.3961851786643 8.40448930945549,39.3962060887596 8.40453150905577,39.396228789007 8.40454287913579,39.396219429115 8.40449386959876,39.3961931688275 8.40451325005206,39.3961510890816 8.40457359993326,39.3961462195353 8.40457548989955,39.3961485395429 8.40466738131571,39.3960094605862 8.40468468156493,39.3959847107788 8.40473505229004,39.3959126913394 8.40469337274511,39.3958853011084 8.40474395326485,39.3958301616254 8.40479059374914,39.3957789021032 8.4048520340496,39.3957392026581 8.40485971408725,39.3957342327274 8.40489692467368,39.3956768431528 8.40497453585874,39.3955602840315 8.40498439616517,39.3955326241776 8.40500543688004,39.3954685745027 8.40502418769165,39.3953971048309 8.40503622819239,39.3953528950372 8.4050713979945,39.3953606652732 8.40510336781707,39.3953675254883 8.4051197580595,39.3953435556721 8.40507344835343,39.3953305753687 8.40503947851188,39.3953257651336 8.40504514885068,39.3952964552534 8.40497554781888,39.3953984344722 8.40495034801419,39.3953884543149 8.40493854775145,39.3954129841631 8.40492174727492,39.3954563539243 8.40493260719269,39.3954604939925 8.40492363701245,39.3954775338814 8.40496960662467,39.3954983341614 8.40496491618511,39.3955357140271 8.40496279609565,39.3955436039905 8.40495221594465,39.395558623873 8.40493358578912,39.3955759736905 8.4049196456821,39.395588183556 8.40492509563026,39.3955911335879 8.40491029549922,39.3956055334413 8.40488715574099,39.3955912233107 8.40487012566273,39.3956018131579 8.40484200580905,39.3955965829666 8.40482475555956,39.3956213427744 8.404823335539,39.3956233827586 8.40483185542486,39.3956307228011 8.40484823521369,39.3956441528848 8.40477545475077,39.3957000022038 8.40479614447498,39.3957177123075 8.404779604339,39.3957329421459 8.40476296457131,39.3957178320649 8.40474993438666,39.3957362219205 8.40473213413418,39.3957613617232 8.40471294386216,39.3957884515106 8.40469569361753,39.3958128113194 8.4046885135157,39.3958229512398 8.40460954234482,39.3959386703534 8.40458010190833,39.3959818100229 8.40454755141549,39.3960303496553 8.40447303028704,39.3961414888137 8.4044177607083,39.3961201884671 8.40440517080435,39.3961153283882 8.404399480731,39.3961227583267 8.40429696138297,39.3960939176553 8.40422279198365,39.3960624171981 8.40417884237749,39.3960406269355 8.40414964262973,39.3960269267589 8.40415698273472,39.3960164868405 8.40411818303005,39.3960015665971 8.40410012287392,39.396018826419 8.40407595308502,39.3960072962734 8.40402233355078,39.3959819259498 8.40400070374141,39.3959714658198 8.40401238386345,39.3959585659397 8.4039890340475,39.3959490657946 8.40397945391126,39.3959626256883 8.40392148462711,39.3959176953853 8.40395379494391,39.3958837257122 8.4039265551666,39.3958719855447 8.4039613556687,39.3958221359323 8.40402264653301,39.3957359866104 8.40403541671358,39.3957179967519 8.40405858704968,39.3956846570103 8.40407426718651,39.3956695671652 8.40410143745866,39.3956405274413 8.40418049690907,39.3956666279488 8.40420975726591,39.3956300982602 8.40425529690535,39.3956487585428 8.40428371722999,39.3956150888404 8.40430013772341,39.39557041908 8.40428438786869,39.3955622689868 8.40432647821453,39.3955235293978 8.40436659854737,39.3954863397903 8.40440819888384,39.3954484901954 8.4044129788432,39.3954506802245 8.40444991916794,39.3954149305899 8.40447199937541,39.3953924608113 8.40448418947436,39.3953813409301 8.40452049919353,39.3953956711569 8.40453055934946,39.3953803712713 8.40451445943524,39.3953772111622 8.4044682997445,39.3953629308633 8.40444395990502,39.3953556107052 8.4044699204038,39.3953081810217 8.40448138059113,39.3952899511542 8.40452206117485,39.3952319416066 8.40455464166236,39.3951838319733 8.40458159142852,39.395196562136 8.40462522106342,39.3952160624023 8.404585030462,39.39527541195 8.40460937024968,39.3952870020967 8.40463469015735,39.3952884622777 8.40460749972806,39.3953304619667 8.40468041915339,39.3953601224198 8.40469277932122,39.3953432825551 8.4047124695806,39.3953171127689 8.40472569977255,39.3952980729165 8.40469229004313,39.3952838827105 8.40466811023909,39.3952736025615 8.40464509044169,39.3952624924232 8.40463651065013,39.3952473924009 8.40470834142852,39.395165763144 8.40469380150862,39.395162693046 8.40466339168654,39.3951554128435 8.40465641135974,39.3951840527158 8.40460927163974,39.3951724224027 8.40456386192095,39.3951602721037 8.40456647219332,39.3951371821845 8.40451512228923,39.3951417517974 8.40451123276864,39.3951031718722 8.40446137310263,39.3950877515494 8.40445213332903,39.3950713315259 8.40445663347975,39.395057811595 8.40446451378449,39.3950307717249 8.40446506421091,39.3949954818234 8.40447440438909,39.394978521937 8.40451706412278,39.3949901122175 8.40452991515796,39.3949016425482 8.40448522530897,39.3949000522261 8.40458042912845,39.3945620138263 8.40455229950536,39.3945377736858 8.40455462012074,39.3944864738401 8.40456865064204,39.3944400840667 8.40460589032487,39.3944571842929 8.40461466168232,39.3943431346623 8.4046227630518,39.394228255029 8.40463272301516,39.3942288551001 8.40464241398601,39.3941464553915 8.40469976378337,39.3941492258029 8.40471704413862,39.3941157360187 8.40474477451972,39.3940775763233 8.40477158433215,39.3940865264952 8.40480365399359,39.3941066466755 8.4048595633616,39.3941451669806 8.40485007329593,39.3941528868906 8.40492430304937,39.3941551774265 8.40492731307046,39.3941527074551 8.40500953345468,39.3941010481937 8.40505878270733,39.3941506984204 8.40506178259236,39.3941594484189 8.40513121236163,39.3941615989201 8.4050738301835,39.394355127983 8.405065099927,39.3943783978569 8.40505178953505,39.3944139476646 8.40506627947172,39.3944156477658 8.40509101937139,39.3944179079404 8.40508558916496,39.3944362478517 8.40508239888339,39.3944602377642 8.40507781842933,39.3944987876275 8.40507039793438,39.3945413974592 8.40506835738903,39.3945868573226 8.40506244707968,39.3946137972073 8.40505966693725,39.3946262171538 8.40506123698125,39.394622207176 8.40509408789828,39.3945386176396 8.40509768827664,39.3945065477518 8.40510706890322,39.3944526079647 8.40511988977242,39.3943778282585 8.40512007029173,39.3943349683746 8.40512002131844,39.3942503286008 8.40513146129055,39.3942498486857 8.40513641224977,39.3941695589368 8.40517681212426,39.3941700892304 8.40521781197722,39.3941722495239 8.40536077145325,39.3941807105452 8.40536250063941,39.3942473903793 8.4053632104036,39.3942666603329 8.4053665793466,39.3943529901264 8.4053682087031,39.3944056499973 8.40535606782389,39.3944810897066 8.40535007743693,39.3945144495736 8.40534653721558,39.3945335594965 8.40538666690118,39.3945497297463 8.40538148740172,39.3945097198156 8.40539046856957,39.3944112501448 8.40546818832085,39.3944128707079 8.40554672782011,39.394435071222 8.40553607683523,39.3945188609199 8.40553670608103,39.3945808907584 8.40553153588681,39.3945981606744 8.40552576567458,39.3946170605817 8.40551441523137,39.3946563603936 8.4054749753783,39.3946538301124 8.40546845528035,39.3946634900389 8.40546532460418,39.3947199998648 8.40543069471182,39.3947195396131 8.40541771451672,39.3947387794668 8.40544668442381,39.3947393996767 8.40544729415761,39.3947611996228 8.40546245411851,39.3947607397347 8.40546603350455,39.3948104896277 8.40546459332904,39.3948253095775 8.40548482363401,39.3947952498057 8.40554985313015,39.3948209902116 8.40555606308201,39.3948234502504 8.40555513349701,39.3947894603346 8.40560975365405,39.3947632408036 8.40561027378314,39.3947524708362 8.40572264387513,39.3947175817502 8.40578879336203,39.394743812163 8.40584504264111,39.3947895824511 8.4058288418504,39.3948587121478 8.40574522193493,39.3948720615015 8.4057356718789,39.3948790014131 8.40569716198718,39.3948794311308 8.40574243163058,39.3948978314121 8.40573034144899,39.3949157412759 8.40578134125853,39.3949190516394 8.40579638096374,39.3949397016939 8.40580129015254,39.3950053915539 8.40579055947983,39.3950634613201 8.40585522911263,39.3950780217533 8.40584345858879,39.3951240715441 8.40582025814641,39.3951661812619 8.40578605746562,39.3952306208397 8.40575278699955,39.3952771304723 8.40563813755831,39.3952589196839 8.40578555640022,39.3953185806006 8.40577410617355,39.3953400504595 8.40581736578735,39.3953613807183 8.40586131486847,39.395426460865 8.40587273445189,39.3954580308638 8.40584306370607,39.3955267304633 8.40576860390162,39.3955286999143 8.40567489476327,39.3954804293593 8.4055994035875,39.3955957084995 8.40560764353641,39.3955979185537 8.40571486303581,39.3956131392959 8.40576593283872,39.3956169796585 8.40577271232872,39.3956573795998 8.40575846204505,39.3956842294239 8.40574249175516,39.3957120092329 8.40561563258146,39.3956747084065 8.40553257312512,39.3956500678659 8.40549541337533,39.3956384676257 8.4054989735036,39.3956270276823 8.40550705365444,39.3956126277798 8.40540803440294,39.3955749771576 8.40539483415778,39.3955983969985 8.40537892365958,39.395643336762 8.40546096299921,39.3956778472687 8.40548375327676,39.3956494275112 8.40552595295917,39.3956653577767 8.40560434233746,39.3956975682628 8.40561661231937,39.3956960783564 8.4057103317232,39.3957224589701 8.40568753132208,39.3957610687003 8.40563758097442,39.3958018682263 8.40562252075208,39.3958238580575 8.40560072089177,39.395817637915 8.40558425034755,39.3958665076639 8.40549549973604,39.3959384868231 8.40543046011645,39.3959229263899 8.40539459050054,39.3958999761894 8.40538321030398,39.3959189460555 8.40540237014611,39.395927306173 8.40547351939412,39.3959720165729 8.40547135929957,39.3959803365349 8.40548359943585,39.3959661266622 8.40551193969207,39.3959381169442 8.40564634080147,39.3958139982578 8.40569444121536,39.3957681887317 8.40578868059922,39.3957960893451 8.40591612987271,39.3958250201983 8.40590764882342,39.3959135898993 8.40589532889247,39.3959108898165 8.40585594851474,39.39595159942 8.4058461485617,39.3959501093524 8.40584453846832,39.395958199319 8.40584452839412,39.3959643193026 8.40587644816007,39.3959758595048 8.40584865724373,39.3960581590815 8.40574087789674,39.3960305083686 8.40570524810351,39.3960221181308 8.40567761779547,39.3960542278431 8.4056807477718,39.3960554178628 8.40583759692676,39.3960869789236 8.40581760654076,39.3961236586794 8.4058023864602,39.3961339985406 8.40578311619945,39.3961601783299 8.40580731599446,39.396171198477 8.40578875559054,39.3962090082403 8.40577318552799,39.3962179481027 8.40573505475006,39.3962913476278 8.40576270445327,39.3963090977822 8.40579719410589,39.3963293579798 8.40583877310943,39.3964014080905 8.40583575278125,39.3964291979941 8.40575761333198,39.3964027774942 8.40567628436227,39.3963375970749 8.4055911147257,39.3963283264778 8.40559759507874,39.3962976466072 8.4055373354139,39.396284656202 8.40547678589715,39.3962595258271 8.40548862621887,39.3962301259923 8.40537668723238,39.3961737653258 8.40540378754575,39.3961413456104 8.40535495800369,39.3961154553232 8.40540788859305,39.3960540058742 8.40539201864043,39.3960539557584 8.4053670189294,39.3960362056234 8.40535589901118,39.396032165553 8.40532813919475,39.3960237753728 8.40533541906681,39.3960325554024 8.40531995900272,39.3960415952653 8.40531387911403,39.3960338952416 8.40530273891895,39.3960526851099 8.40518161726702,39.3962183037821 8.40514735665393,39.3962771733744 8.40517356671326,39.3962659135959 8.40522910651367,39.3962688739935 8.40528987569087,39.3963219442952 8.40530519528232,39.3963519043269 8.40524936439946,39.396438253688 8.40519670415826,39.396470933216 8.40516868456858,39.3964439130838 8.40514830522954,39.3963943730676 8.40511045516194,39.3964091427517 8.40507172510214,39.3964234824305 8.40501639505864,39.3964405119809 8.40499666486776,39.3964610417818 8.4049587849521,39.3964632914992 8.40492584488749,39.396476621223 8.40488001507993,39.396471890901 8.40483803618955,39.3963906108121 8.4048896863151,39.3963677112505 8.40493389621513,39.39636521158 8.40494065602321,39.3963793915914 8.40494945598951,39.3963800316539 8.40497889592119,39.396378511873 8.40496438628272,39.3963522318374 8.40497139632538,39.3963470119026 8.40481012759818,39.396281260901 8.4047456481139,39.396254410502 8.40470043784552,39.3962875200833 8.40473017720744,39.396332900179 8.4047118270991,39.3963462900091 8.40464652733485,39.3963427195419 8.40463862766841,39.3963171395527 8.40462884763744,39.396322069468 8.40457046734371,39.3963604689389 8.40456815717064,39.3963752988823 8.4045981167962,39.396398889038 8.40460965661749,39.3964108190903 8.40465762652377,39.3964068894511 8.40470171657481,39.396391969813 8.40476996555091,39.3964598001298 8.40478682543088,39.3964656002374 8.40480914448703,39.3965379902066 8.4047826341024,39.3965761399109 8.40471836379874,39.3966167893327 8.40465634434057,39.3965871889591 8.40462668491656,39.3965469088504 8.40459918481457,39.3965619986092 8.40457171511629,39.3965437984573 8.40453579486396,39.396573328116 8.4045385548289,39.3965755481302 8.40447990436457,39.3966280775613 8.40447886437613,39.3966273775556 8.40445896425004,39.3966426073695 8.40444029413355,39.3966567471953 8.4043937637816,39.3966970667476 8.40440418367205,39.3967035668063 8.40435860335394,39.3967408663736 8.40432191290797,39.3967865459834 8.40427206226499,39.3968516654451 8.40421548291743,39.3968116251392 8.40417243348086,39.3967756349211 8.40416488356145,39.3967708248788 8.40411898337904,39.3967970144736 8.4040715036239,39.39678836415 8.40405609391204,39.3967683540911 8.40408738439042,39.3967213144455 8.40408810459438,39.3967043244962 8.40409406462424,39.3967004145502 8.40409991482934,39.396682084642 8.4040381950771,39.3966766542059 8.40403446534477,39.3966554942353 8.40397729532622,39.3966709137765 8.40395122546746,39.3966656036004 8.40392970551415,39.3966669834396 8.40387086564402,39.3966705730003 8.40386727597313,39.3966443130444 8.40383856608674,39.3966419228411 8.40383555665492,39.3965958129426 8.40380189853491,39.3964490030898 8.4038323184324,39.3964500633091 8.40387305830808,39.3964504136056 8.40387345836088,39.3964459636205 8.40387818895913,39.3963954937901 8.40388249952854,39.3963475039501 8.40388724015526,39.3962946841261 8.40400760972844,39.3963006249891 8.40412262927785,39.3963098258044</coordinates>
            </LinearRing>
          </innerBoundaryIs>
          <innerBoundaryIs>
            <LinearRing>
              <coordinates>8.40479487007221,39.3985541847057 8.40477241792476,39.3987366640534 8.40474650579769,39.398918303378 8.40445569691594,39.3988967613121 8.4041622780254,39.3988765792236 8.40418820020183,39.3986908699099 8.40421152233022,39.3985097505649 8.40423458446895,39.3983278412203 8.40425784653537,39.3981518418612 8.40455125538468,39.3981754239406 8.40484424426738,39.398196356024 8.40481835216784,39.3983757253548 8.40479487007221,39.3985541847057</coordinates>
            </LinearRing>
          </innerBoundaryIs>
          <innerBoundaryIs>
            <LinearRing>
              <coordinates>8.40489961930097,39.397767947575 8.4048745471857,39.3979484169089 8.40485147511304,39.3981248862681 8.40455956626124,39.3981011442 8.40426702739288,39.3980789221234 8.40429470949078,39.3978992528064 8.4043180115539,39.3977235134469 8.4043430636839,39.3975418341162 8.40436548578113,39.3973634947572 8.40465716466025,39.3973850368295 8.40494792355484,39.3974055288978 8.40492377144198,39.3975855782395 8.40489961930097,39.397767947575</coordinates>
            </LinearRing>
          </innerBoundaryIs>
          <innerBoundaryIs>
            <LinearRing>
              <coordinates>8.40466511551746,39.3973124370818 8.40437517661684,39.3972922450187 8.40441364006754,39.3969984260861 8.40443753216003,39.3968201167378 8.40445896425004,39.3966426073695 8.4047519431247,39.396664199451 8.40474239216075,39.3967459891624 8.40503022106905,39.3967660612104 8.40500639896764,39.3969450905572 8.40498408688919,39.3971218599211 8.40495788439315,39.397333999162 8.40466511551746,39.3973124370818</coordinates>
            </LinearRing>
          </innerBoundaryIs>
          <innerBoundaryIs>
            <LinearRing>
              <coordinates>8.40303075472637,39.3994233894974 8.40306805569661,39.3993343500081 8.40312315710086,39.3992052107561 8.40312992705847,39.3992070608005 8.40313090705231,39.399207330807 8.40329508602403,39.3992522118858 8.40334028574914,39.3992638921846 8.40348560486597,39.3993013931453 8.4033990237304,39.3994160322063 8.40332402273962,39.3995159213913 8.40331328255619,39.3995336512654 8.4032736618809,39.3995989408013 8.4032565015879,39.3996272606002 8.40323738126175,39.3996587903762 8.4031500318125,39.3996346098031 8.40316582215114,39.3996028600034 8.40314949224694,39.3995989298947 8.40317671285323,39.3995423402449 8.40316670290687,39.3995403501771 8.40316307280171,39.399549900125 8.40311477160996,39.399659869478 8.4031255715341,39.3996634995472 8.40321786093786,39.3996902301495 8.40317274019519,39.3997624096269 8.40308975073114,39.3997383890851 8.40307961079148,39.3997358790178 8.40307466067589,39.3997466089529 8.40316671009613,39.3997720395571 8.40314017966273,39.3998142092505 8.40311390925404,39.3998542789514 8.40303693975709,39.3998315084503 8.40303951984302,39.3998237984898 8.40287035089134,39.3997784773757 8.40299743384206,39.3995043790373 8.40300293416103,39.3994767491514 8.40302788400259,39.3994837493149 8.40303760424423,39.3994614694455 8.40303570425541,39.3994610094328 8.4030345542622,39.3994607294252 8.40301565437442,39.3994560692997 8.40303075472637,39.3994233894974</coordinates>
            </LinearRing>
          </innerBoundaryIs>
          <innerBoundaryIs>
            <LinearRing>
              <coordinates>8.40390538276027,39.3968999226384 8.40396033257236,39.3969020630339 8.40397306264705,39.3968928131516 8.40399117264996,39.3968881732963 8.40399897274572,39.3968783833795 8.40418206225124,39.3968746647263 8.40418412224566,39.3968746247415 8.4042170321568,39.3968739549836 8.40425390205723,39.3968732052548 8.40428352197722,39.3968726054727 8.40426371090072,39.3969661650776 8.40423489933485,39.397102254503 8.40409180971702,39.3971055134494 8.40407997893019,39.3971732531817 8.40407408887622,39.3971791331229 8.40407176877158,39.3971883230814 8.40406675836337,39.3972231929515 8.40405739839217,39.3972230928834 8.40405799803438,39.3972524428092 8.40404224806442,39.3972537926906 8.40403974806924,39.3972540026718 8.4040390178966,39.3972684126278 8.40398773805537,39.3972677822551 8.40395292807742,39.3972744219831 8.40394566807892,39.3972760619257 8.40402251786032,39.3972754124886 8.40402037717593,39.3973323523206 8.40401744657381,39.3973827021644 8.40405176647194,39.3973827624148 8.4040505460591,39.3974170923141 8.40401456614525,39.3974187320469 8.4040094651565,39.3975014817882 8.40400790472404,39.3975375116804 8.40400844404255,39.3975935615343 8.40400545356045,39.3976340314041 8.40403380345519,39.3976358216063 8.40403240304118,39.3976702915038 8.40400666311461,39.3976704913154 8.40400698251552,39.3977198011857 8.4039510426936,39.3977187107801 8.4039118228127,39.3977184204945 8.40390407339378,39.3976724005611 8.40391318337203,39.3976719806288 8.40391627383564,39.3976330107556 8.40391723501964,39.3975351710245 8.40389339509766,39.3975345308522 8.40389287555663,39.3974968209493 8.40388161560534,39.3974955408705 8.40388198613592,39.3974517109906 8.40389077610856,39.3974518310544 8.40390236726534,39.3973536514019 8.40388366731573,39.3973540412643 8.40388460830472,39.39727228149 8.40389933825027,39.3972731915951 8.40389737870862,39.3972358816806 8.40388772928753,39.3971905017317 8.40388429949342,39.3971743617498 8.40388248025995,39.3971116119045 8.40390433021387,39.3971101020681 8.40389941090753,39.397054112182 8.4038852415894,39.3970013422198 8.40390124160908,39.3969958323514 8.40390528230642,39.3969373625374 8.40390601243261,39.3969267825711 8.40390538276027,39.3968999226384</coordinates>
            </LinearRing>
          </innerBoundaryIs>
          <innerBoundaryIs>
            <LinearRing>
              <coordinates>8.40288583355548,39.4003794058806 8.40289994343189,39.4003861659655 8.40292558322142,39.400397286123 8.40293429334328,39.4003851262192 8.40294601325925,39.4003892062938 8.40298680406821,39.4003126167967 8.40296765420253,39.400306196674 8.4030191253726,39.4001972473414 8.40311016471926,39.4002289879213 8.40310464455598,39.4002437878413 8.40309767441457,39.4002571377547 8.40308537413332,39.4002833075949 8.40306056354381,39.4003379272675 8.40304348366316,39.400332237158 8.40299942284284,39.4004105566267 8.40307091227673,39.4004398570703 8.40305198191663,39.4004741368404 8.40309483170217,39.4004814071338 8.40311898268949,39.4003941575437 8.40313988257853,39.4003982276854 8.40319517231103,39.4004068480661 8.40314873037651,39.40057758727 8.40307157990045,39.4006355665515 8.40297182928669,39.4007103856228 8.40292656966148,39.4006904853456 8.40298175056939,39.4006022459846 8.40300250092218,39.4005681262275 8.40296616047848,39.4006135258406 8.40290751019758,39.4006509253123 8.40286482017586,39.400663084968 8.40284848031548,39.4006555448688 8.40277433094925,39.400621314419 8.40273509128459,39.4006032041809 8.40268263171918,39.4005801238596 8.40267663176974,39.400577413823 8.40267374179415,39.4005761038054 8.40268772198552,39.4005569339588 8.40274218273092,39.4004822645563 8.40275200264217,39.4004871946148 8.40276697281534,39.4004692847721 8.40274081300901,39.4004596746068 8.40282810411211,39.4003475455443 8.40288133386014,39.400355385912 8.40288890368109,39.4003683059327 8.40288583355548,39.4003794058806</coordinates>
            </LinearRing>
          </innerBoundaryIs>
          <innerBoundaryIs>
            <LinearRing>
              <coordinates>8.40382508846807,39.3980976488461 8.40381113854241,39.3980949087516 8.4038167090948,39.3980480189178 8.40380789914915,39.3980456788597 8.40382016991142,39.3979798591255 8.40383931001356,39.3979667893002 8.40382675005287,39.397966599209 8.40384010106682,39.3978797695389 8.40384734162095,39.3978323297188 8.40384894174361,39.3978218297585 8.40385750170892,39.397822609819 8.40385789217322,39.3977842399245 8.40386418272008,39.3977376300952 8.40395023244198,39.3977396507182 8.40400595224999,39.3977419411189 8.40400186155435,39.3978002809329 8.40399990113059,39.3978356908238 8.40401174108248,39.3978367809073 8.4040986007297,39.3978447615203 8.40409167999813,39.3979067513038 8.40408301907105,39.3979852810303 8.4039617795306,39.3979768501676 8.40396056941432,39.3979867301323 8.4039737693554,39.3979883802243 8.40395618862164,39.3980531399226 8.40396406857646,39.3980549499752 8.40410788799238,39.3980681609901 8.40410044716906,39.3981378407492 8.40406941731205,39.3981335905341 8.40403886738728,39.3981348103077 8.40403792673597,39.3981887301565 8.40401227668444,39.3981992099412 8.40397545691425,39.3981892096991 8.4039577164033,39.3982356394452 8.40398032628027,39.3982402895979 8.40394534485696,39.3983661190057 8.40386472518674,39.3983585184373 8.40389537501356,39.3983653486429 8.40387481453676,39.3984096483741 8.40389050442222,39.3984152784736 8.40387851390089,39.3984611682633 8.40383547396549,39.3984662979353 8.40375376447741,39.3984439473984 8.40375660459568,39.3984335074471 8.40376451519577,39.3983821176424 8.40377980557844,39.3983468578484 8.40378704662132,39.3982591281361 8.40379992712305,39.3982146383493 8.40381191759454,39.3981728585486 8.4038159278411,39.3981515586349 8.40382508846807,39.3980976488461</coordinates>
            </LinearRing>
          </innerBoundaryIs>
          <innerBoundaryIs>
            <LinearRing>
              <coordinates>8.40331166057532,39.3996973308155 8.40329940064468,39.3996945907333 8.40332325102059,39.3996578110059 8.40336204162992,39.3995981614488 8.40338238197819,39.3995645116874 8.40340535235256,39.3995280719527 8.40341765249975,39.3995129520829 8.40344943292955,39.3994698024305 8.40348861264693,39.3994835826797 8.40352133241075,39.3994951028878 8.40350628200625,39.3995321026789 8.40352050192347,39.3995354727737 8.40350321163875,39.3995631425734 8.40349087141951,39.3995842124269 8.40345884092613,39.3996326620633 8.40340799007939,39.3997148114722 8.40338968018466,39.3997105813498 8.40341851942954,39.3997658214125 8.40341090894985,39.3998072112462 8.40340035804464,39.3998843909626 8.40338592731888,39.3999477206877 8.40336255746466,39.399941380534 8.40335523663521,39.4000115302929 8.40331536534654,39.4001274396915 8.40330518540019,39.4001254896224 8.40329909525594,39.4001388595421 8.40329794523337,39.400140999528 8.40329547523337,39.4001415995084 8.4032066455576,39.4001364488735 8.40320658547856,39.4001429788555 8.40318657553972,39.4001427987099 8.403184185547,39.4001427786925 8.40318421748856,39.3999827291211 8.4031822083466,39.3999124892944 8.40318211838314,39.3999094993017 8.40319937830025,39.3999121394207 8.40323231943476,39.3998106199329 8.4032511496185,39.3997909001232 8.40327474965583,39.3997820903191 8.40327387043471,39.399718100484 8.40329926045755,39.3997100506909 8.40331166057532,39.3996973308155</coordinates>
            </LinearRing>
          </innerBoundaryIs>
          <innerBoundaryIs>
            <LinearRing>
              <coordinates>8.40357075598162,39.3991887440686 8.40351467524736,39.3992628934607 8.40335256625508,39.3992192023938 8.40327579673838,39.39919801189 8.40314340753856,39.3991642110137 8.40329265121542,39.3988248630117 8.40361802921922,39.3989103751589 8.40361855915615,39.3989154451492 8.4036265182156,39.3989910450049 8.40363143763701,39.3990375449164 8.40360726698074,39.3990975145794 8.40357075598162,39.3991887440686</coordinates>
            </LinearRing>
          </innerBoundaryIs>
          <innerBoundaryIs>
            <LinearRing>
              <coordinates>8.40299413410297,39.3978350034813 8.4030067378998,39.3975189444193 8.40300769843181,39.3974748545444 8.40301268116768,39.3972481051877 8.40301353163886,39.3972090552984 8.40327951073182,39.3972192072135 8.40320384728733,39.3975215458517 8.40313243369222,39.3978352644905 8.40299413410297,39.3978350034813</coordinates>
            </LinearRing>
          </innerBoundaryIs>
          <innerBoundaryIs>
            <LinearRing>
              <coordinates>8.4037667109135,39.3979102389215 8.40378353082231,39.3979136690351 8.4037475585363,39.3981108582446 8.40374321809602,39.398148208113 8.4037196172121,39.3982268077303 8.40365546472852,39.3984471266721 8.40364227480863,39.3984437265849 8.40355651532983,39.3984215960179 8.40347944579824,39.3984017055083 8.40351685671255,39.3983172460076 8.40354850748637,39.39824576643 8.4035740681111,39.3981880567711 8.40358746845979,39.3981560569546 8.40364170976751,39.3980350776745 8.4036635503093,39.3979851079677 8.40370496127355,39.3978955585098 8.4037667109135,39.3979102389215</coordinates>
            </LinearRing>
          </innerBoundaryIs>
          <innerBoundaryIs>
            <LinearRing>
              <coordinates>8.40361902330489,39.3985733360682 8.40361463263632,39.3986295158858 8.4036123021326,39.3986716057561 8.40360698098298,39.3987676654601 8.40361302981709,39.398862305251 8.40331211165605,39.3987838132637 8.40338682351341,39.3986125542676 8.40340552398842,39.3985688545211 8.40345016512198,39.3984645651263 8.40345965536307,39.3984423852549 8.40353186492828,39.3984606857333 8.40360873446544,39.3984801662424 8.40364339425678,39.398488946472 8.40361902330489,39.3985733360682</coordinates>
            </LinearRing>
          </innerBoundaryIs>
          <innerBoundaryIs>
            <LinearRing>
              <coordinates>8.4028911258574,39.4001883764305 8.40285655537538,39.4002365060492 8.40283004500584,39.4002734057569 8.40279406449764,39.4003240353586 8.40274714383521,39.4003900348394 8.40270283319979,39.4004531743468 8.40258024382648,39.4004312935102 8.40259534460452,39.4003634938019 8.40267912649439,39.400187364885 8.40272023742153,39.4001009554165 8.40278077700789,39.4001203458067 8.40278694712898,39.4001088658825 8.40292286630008,39.4001441767805 8.40291370617227,39.4001569366795 8.4028911258574,39.4001883764305</coordinates>
            </LinearRing>
          </innerBoundaryIs>
          <innerBoundaryIs>
            <LinearRing>
              <coordinates>8.4030279079163,39.3999854379724 8.40300438755058,39.4000212977047 8.40299018731558,39.4000441175399 8.4029606868276,39.4000915071977 8.40293929652911,39.4001213069617 8.40279758741899,39.4000823760311 8.4027381678178,39.4000639356465 8.40277499868246,39.3999837161302 8.40276202876593,39.3999799860454 8.40280259973348,39.3998903765815 8.40281609964724,39.3998942066699 8.40282170977907,39.3998819767435 8.40285797062999,39.3998030272196 8.4029173302196,39.3998224376011 8.40292308034932,39.3998103476755 8.40303662964797,39.3998405784237 8.40311038919914,39.3998596589113 8.4030453281873,39.3999588681707 8.4030279079163,39.3999854379724</coordinates>
            </LinearRing>
          </innerBoundaryIs>
          <innerBoundaryIs>
            <LinearRing>
              <coordinates>8.40407520195117,39.3961009560172 8.40411100258665,39.3960398664421 8.4043376810206,39.3961138978992 8.40436394084872,39.3961216880701 8.40438063068588,39.3961310581669 8.40439932043053,39.3961475682591 8.40436668011093,39.396181847929 8.40435729006607,39.3961878278445 8.40434005993284,39.396202997678 8.40429554977619,39.3962267272895 8.40427845978605,39.3962300671558 8.40424040959604,39.3962549768112 8.4042260994821,39.3962678466723 8.40420777935488,39.3962827864985 8.4041727593522,39.3962915162194 8.40414058952052,39.3962854560008 8.40409208984614,39.3962703956869 8.40404828013828,39.396256955403 8.40400127044919,39.3962427450978 8.40398262059502,39.3962352549816 8.40396973068383,39.3962310648987 8.40404126155194,39.3961421156592 8.40405391147888,39.3961450657436 8.404060251442,39.3961465657859 8.4040846618026,39.3961109060596 8.40409213176287,39.3961123661103 8.40409476181128,39.3961077361419 8.40407520195117,39.3961009560172</coordinates>
            </LinearRing>
          </innerBoundaryIs>
          <innerBoundaryIs>
            <LinearRing>
              <coordinates>8.40360776763039,39.3949218857604 8.40370874041648,39.3946676471784 8.40393256910043,39.3947217586679 8.40383258628024,39.3949785672503 8.40360776763039,39.3949218857604</coordinates>
            </LinearRing>
          </innerBoundaryIs>
          <innerBoundaryIs>
            <LinearRing>
              <coordinates>8.4025040391426,39.400835881871 8.40262992063924,39.4006819432022 8.40286143860819,39.4007931245953 8.40273491709001,39.4009489932543 8.4025040391426,39.400835881871</coordinates>
            </LinearRing>
          </innerBoundaryIs>
          <innerBoundaryIs>
            <LinearRing>
              <coordinates>8.40298971531853,39.4002088470956 8.40300583519861,39.4002148171974 8.40299506498262,39.4002352370641 8.40291544370103,39.4003602161482 8.40284934423878,39.4003319457411 8.40285917439348,39.4003168058534 8.40284998446399,39.4003132257959 8.40290154506009,39.4002515663374 8.40292814549124,39.4002095666441 8.40293754564393,39.4001946967525 8.40305733747037,39.4000150481081 8.40311421697314,39.4000422184507 8.40298971531853,39.4002088470956</coordinates>
            </LinearRing>
          </innerBoundaryIs>
          <innerBoundaryIs>
            <LinearRing>
              <coordinates>8.40392216424932,39.3959486753073 8.40391652419778,39.3959542952511 8.40395785375562,39.3959807054822 8.40397862347972,39.3959984055865 8.4039809834485,39.3960004055984 8.40401732311457,39.3960191058137 8.40407770256811,39.3960494861732 8.40405051222953,39.3960840058823 8.40402680193335,39.3961141856283 8.40400452166994,39.396141315393 8.40397385192505,39.3961277352054 8.40388630062515,39.3962561742223 8.40381154120756,39.3962263237563 8.40386933203284,39.396144244398 8.40383153265394,39.3961022242345 8.40383088266471,39.3961014942317 8.40380510283894,39.3960933940651 8.40381254306483,39.3960729641742 8.4038131530834,39.3960712841831 8.40383010341031,39.3960402143901 8.40385345384803,39.3959984546724 8.40388245424192,39.3959589349899 8.40389001436021,39.3959473450761 8.40390169447171,39.3959353151936 8.40392216424932,39.3959486753073</coordinates>
            </LinearRing>
          </innerBoundaryIs>
          <innerBoundaryIs>
            <LinearRing>
              <coordinates>8.40440992179004,39.3952084708506 8.40442427230363,39.3951626410781 8.40445826221861,39.3951613913296 8.40451046185431,39.3951787416643 8.40446089094166,39.3952660310686 8.40441686013748,39.395343030541 8.40439748969654,39.3953840902897 8.40436379934342,39.3954213899438 8.40431812886938,39.3954715694759 8.4042549994004,39.3954431290911 8.40423278958716,39.3954331289557 8.40428020013673,39.395376299454 8.40429865000921,39.3953823295726 8.40432114029067,39.3953536598136 8.40430142045965,39.3953445196941 8.4043324909971,39.3952926600598 8.40437198199842,39.3952005105948 8.40440992179004,39.3952084708506</coordinates>
            </LinearRing>
          </innerBoundaryIs>
          <innerBoundaryIs>
            <LinearRing>
              <coordinates>8.40495693561942,39.3939353482533 8.40501108523301,39.3939540485987 8.40502979509514,39.393960868717 8.40502306468842,39.3939960385737 8.40499927413222,39.3940476782617 8.40498930418648,39.3940456281944 8.40496314373429,39.3940892678865 8.40493372388759,39.3940837776865 8.40493234386303,39.3940861376701 8.40487798427177,39.394065647328 8.40481748471499,39.3940438069447 8.40473905518801,39.3940238664254 8.40474579560355,39.3939879665707 8.4047950957873,39.3939608370034 8.40481258572641,39.393961607129 8.40481977603487,39.3939344272543 8.40490865568641,39.3939415578842 8.40493813585349,39.3939206181555 8.40495786569589,39.3939288182776 8.40495693561942,39.3939353482533</coordinates>
            </LinearRing>
          </innerBoundaryIs>
          <innerBoundaryIs>
            <LinearRing>
              <coordinates>8.40330444459248,39.4001922494383 8.4033093844418,39.4002034694443 8.40329558372303,39.400266069176 8.40326711209309,39.4004073385901 8.40312479282184,39.4003818376191 8.40312582293817,39.4003719976529 8.40313960347479,39.4003244178809 8.40318323504501,39.4001843885742 8.40320457501233,39.4001818987367 8.40325790482412,39.4001844591193 8.40328457473656,39.4001851993121 8.40329677467489,39.4001873193955 8.40330444459248,39.4001922494383</coordinates>
            </LinearRing>
          </innerBoundaryIs>
          <innerBoundaryIs>
            <LinearRing>
              <coordinates>8.4054816484619,39.3943979708461 8.40539395884334,39.394387830233 8.40539552964927,39.3943210004234 8.40539493992342,39.3942985404792 8.4053904012023,39.3941942007254 8.40538365157938,39.394164750755 8.40545244134546,39.3941673212504 8.40550486123802,39.3941634416435 8.40554533020388,39.3942388717371 8.40554240930648,39.3943135715157 8.40553988854386,39.3943770613274 8.40554821812512,39.3944095613012 8.4054816484619,39.3943979708461</coordinates>
            </LinearRing>
          </innerBoundaryIs>
          <innerBoundaryIs>
            <LinearRing>
              <coordinates>8.40534032323942,39.3940384107768 8.40535389247923,39.3940977907169 8.40532382258762,39.3940961605017 8.40530905235657,39.3941188003333 8.40529441202798,39.3941494501443 8.40522165231763,39.3941432496296 8.40517102248857,39.3941414592647 8.40513245261523,39.394140388986 8.40513367323662,39.3940888591328 8.40511531327583,39.3940900889955 8.40511436391852,39.3940373291298 8.40511540410964,39.3940213191803 8.40511766449364,39.393989109283 8.40517965425659,39.3939935897237 8.40523049406829,39.3939967600864 8.40530290385572,39.3939966906153 8.40533189376529,39.3939971008259 8.40533598351867,39.394016440804 8.40534032323942,39.3940384107768</coordinates>
            </LinearRing>
          </innerBoundaryIs>
          <innerBoundaryIs>
            <LinearRing>
              <coordinates>8.40394676266585,39.3968976529466 8.40389160280816,39.3968993225394 8.4038763545188,39.3967620027956 8.4038537745697,39.3967632926273 8.40384496557139,39.3966828527783 8.40387005551407,39.3966814829651 8.40392049539889,39.3966787233409 8.40393015441167,39.3967577631998 8.4039948642827,39.396752673686 8.4040014537264,39.3967969336156 8.40393698383065,39.3968040031259 8.40394676266585,39.3968976529466</coordinates>
            </LinearRing>
          </innerBoundaryIs>
          <innerBoundaryIs>
            <LinearRing>
              <coordinates>8.40523695449849,39.3939597202328 8.405181304708,39.3939559698364 8.40512232498214,39.3939476994279 8.40512773610847,39.3938535197196 8.40518489590008,39.3938568101281 8.40520664626775,39.3938212103823 8.40523772612847,39.3938251405987 8.40526563582838,39.3938431007544 8.40530016511751,39.3938933208721 8.40532141426374,39.3939585508526 8.40523695449849,39.3939597202328</coordinates>
            </LinearRing>
          </innerBoundaryIs>
          <innerBoundaryIs>
            <LinearRing>
              <coordinates>8.40547130472898,39.3963571655257 8.40556973414706,39.39638122618 8.40558330360976,39.3964222261694 8.4055523337094,39.3964215359451 8.40555317355858,39.3964337659185 8.40549406369773,39.3964366554791 8.40543228389738,39.3964352050319 8.40547130472898,39.3963571655257</coordinates>
            </LinearRing>
          </innerBoundaryIs>
          <innerBoundaryIs>
            <LinearRing>
              <coordinates>8.40416382753423,39.3956191379542 8.40409782774598,39.395617717476 8.40414436825179,39.3955647079578 8.40413268836093,39.395558547889 8.40414609848212,39.3955452980224 8.40417100826387,39.3955572381723 8.4042219978169,39.3955816984792 8.40420944774424,39.3955907383634 8.40416382753423,39.3956191379542</coordinates>
            </LinearRing>
          </innerBoundaryIs>
          <innerBoundaryIs>
            <LinearRing>
              <coordinates>8.40480539683983,39.396344930696 8.40482866729974,39.3963013609826 8.4048834868883,39.3963219613277 8.40485702645223,39.396364341021 8.40480539683983,39.396344930696</coordinates>
            </LinearRing>
          </innerBoundaryIs>
        </Polygon>
      </Placemark>
      <Placemark xmlns="http://www.opengis.net/kml/2.2">
        <styleUrl>#Parti singole_style_map</styleUrl>
        <name>T03705</name>
        <Polygon>
          <outerBoundaryIs>
            <LinearRing>
              <coordinates>8.40445899999333,39.3988970810298 8.40474979540277,39.3989186093902 8.40477570541969,39.3987369738372 8.40448142661144,39.3987127245609 8.40445899999333,39.3988970810298</coordinates>
            </LinearRing>
          </outerBoundaryIs>
        </Polygon>
      </Placemark>
      <Placemark xmlns="http://www.opengis.net/kml/2.2">
        <styleUrl>#Parti singole_style_map</styleUrl>
        <name>T03706</name>
        <Polygon>
          <outerBoundaryIs>
            <LinearRing>
              <coordinates>8.40448142661144,39.3987127245609 8.40477570541969,39.3987369738372 8.4047981615865,39.3985545006394 8.40450560824095,39.3985322876137 8.40448142661144,39.3987127245609</coordinates>
            </LinearRing>
          </outerBoundaryIs>
        </Polygon>
      </Placemark>
      <Placemark xmlns="http://www.opengis.net/kml/2.2">
        <styleUrl>#Parti singole_style_map</styleUrl>
        <name>T03707</name>
        <Polygon>
          <outerBoundaryIs>
            <LinearRing>
              <coordinates>8.40450560824095,39.3985322876137 8.4047981615865,39.3985545006394 8.40482164031819,39.3983760423247 8.404529546749,39.398350380704 8.40450560824095,39.3985322876137</coordinates>
            </LinearRing>
          </outerBoundaryIs>
        </Polygon>
      </Placemark>
      <Placemark xmlns="http://www.opengis.net/kml/2.2">
        <styleUrl>#Parti singole_style_map</styleUrl>
        <name>T03708</name>
        <Polygon>
          <outerBoundaryIs>
            <LinearRing>
              <coordinates>8.404529546749,39.398350380704 8.40482164031819,39.3983760423247 8.40484754231329,39.3981966683249 8.40455453819003,39.3981757416145 8.404529546749,39.398350380704</coordinates>
            </LinearRing>
          </outerBoundaryIs>
        </Polygon>
      </Placemark>
      <Placemark xmlns="http://www.opengis.net/kml/2.2">
        <styleUrl>#Parti singole_style_map</styleUrl>
        <name>T03709</name>
        <Polygon>
          <outerBoundaryIs>
            <LinearRing>
              <coordinates>8.40416556871022,39.3988768900058 8.40445899999333,39.3988970810298 8.40448142661144,39.3987127245609 8.40419149158945,39.3986911909296 8.40416556871022,39.3988768900058</coordinates>
            </LinearRing>
          </outerBoundaryIs>
        </Polygon>
      </Placemark>
      <Placemark xmlns="http://www.opengis.net/kml/2.2">
        <styleUrl>#Parti singole_style_map</styleUrl>
        <name>T03710</name>
        <Polygon>
          <outerBoundaryIs>
            <LinearRing>
              <coordinates>8.40419149158945,39.3986911909296 8.40448142661144,39.3987127245609 8.40450560824095,39.3985322876137 8.40421482034585,39.3985100738885 8.40419149158945,39.3986911909296</coordinates>
            </LinearRing>
          </outerBoundaryIs>
        </Polygon>
      </Placemark>
      <Placemark xmlns="http://www.opengis.net/kml/2.2">
        <styleUrl>#Parti singole_style_map</styleUrl>
        <name>T03711</name>
        <Polygon>
          <outerBoundaryIs>
            <LinearRing>
              <coordinates>8.40421482034585,39.3985100738885 8.40450560824095,39.3985322876137 8.404529546749,39.398350380704 8.40423787701294,39.3983281625214 8.40421482034585,39.3985100738885</coordinates>
            </LinearRing>
          </outerBoundaryIs>
        </Polygon>
      </Placemark>
      <Placemark xmlns="http://www.opengis.net/kml/2.2">
        <styleUrl>#Parti singole_style_map</styleUrl>
        <name>T03712</name>
        <Polygon>
          <outerBoundaryIs>
            <LinearRing>
              <coordinates>8.40423787701294,39.3983281625214 8.404529546749,39.398350380704 8.40455453819003,39.3981757416145 8.40426112704158,39.3981521720133 8.40423787701294,39.3983281625214</coordinates>
            </LinearRing>
          </outerBoundaryIs>
        </Polygon>
      </Placemark>
      <Placemark xmlns="http://www.opengis.net/kml/2.2">
        <styleUrl>#Parti singole_style_map</styleUrl>
        <name>T03713</name>
        <Polygon>
          <outerBoundaryIs>
            <LinearRing>
              <coordinates>8.40456285818618,39.3981014658636 8.4048547696299,39.3981252072368 8.4048778362895,39.3979487381018 8.40459054023204,39.3979231462442 8.40456285818618,39.3981014658636</coordinates>
            </LinearRing>
          </outerBoundaryIs>
        </Polygon>
      </Placemark>
      <Placemark xmlns="http://www.opengis.net/kml/2.2">
        <styleUrl>#Parti singole_style_map</styleUrl>
        <name>T03714</name>
        <Polygon>
          <outerBoundaryIs>
            <LinearRing>
              <coordinates>8.40459054023204,39.3979231462442 8.4048778362895,39.3979487381018 8.4049028995733,39.3977682605056 8.40461123197568,39.3977460612945 8.40459054023204,39.3979231462442</coordinates>
            </LinearRing>
          </outerBoundaryIs>
        </Polygon>
      </Placemark>
      <Placemark xmlns="http://www.opengis.net/kml/2.2">
        <styleUrl>#Parti singole_style_map</styleUrl>
        <name>T03715</name>
        <Polygon>
          <outerBoundaryIs>
            <LinearRing>
              <coordinates>8.40461123197568,39.3977460612945 8.4049028995733,39.3977682605056 8.40492706131539,39.3975858950956 8.40463800751563,39.397563691309 8.40461123197568,39.3977460612945</coordinates>
            </LinearRing>
          </outerBoundaryIs>
        </Polygon>
      </Placemark>
      <Placemark xmlns="http://www.opengis.net/kml/2.2">
        <styleUrl>#Parti singole_style_map</styleUrl>
        <name>T03716</name>
        <Polygon>
          <outerBoundaryIs>
            <LinearRing>
              <coordinates>8.40463800751563,39.397563691309 8.40492706131539,39.3975858950956 8.40495120323989,39.3974058452644 8.40466045167579,39.3973853538461 8.40463800751563,39.397563691309</coordinates>
            </LinearRing>
          </outerBoundaryIs>
        </Polygon>
      </Placemark>
      <Placemark xmlns="http://www.opengis.net/kml/2.2">
        <styleUrl>#Parti singole_style_map</styleUrl>
        <name>T03717</name>
        <Polygon>
          <outerBoundaryIs>
            <LinearRing>
              <coordinates>8.40427031850306,39.3980792433089 8.40456285818618,39.3981014658636 8.40459054023204,39.3979231462442 8.40429800109638,39.397899581203 8.40427031850306,39.3980792433089</coordinates>
            </LinearRing>
          </outerBoundaryIs>
        </Polygon>
      </Placemark>
      <Placemark xmlns="http://www.opengis.net/kml/2.2">
        <styleUrl>#Parti singole_style_map</styleUrl>
        <name>T03718</name>
        <Polygon>
          <outerBoundaryIs>
            <LinearRing>
              <coordinates>8.40429800109638,39.397899581203 8.40459054023204,39.3979231462442 8.40461123197568,39.3977460612945 8.40432130673556,39.3977238432474 8.40429800109638,39.397899581203</coordinates>
            </LinearRing>
          </outerBoundaryIs>
        </Polygon>
      </Placemark>
      <Placemark xmlns="http://www.opengis.net/kml/2.2">
        <styleUrl>#Parti singole_style_map</styleUrl>
        <name>T03719</name>
        <Polygon>
          <outerBoundaryIs>
            <LinearRing>
              <coordinates>8.40432130673556,39.3977238432474 8.40461123197568,39.3977460612945 8.40463800751563,39.397563691309 8.40434634680029,39.3975421582454 8.40432130673556,39.3977238432474</coordinates>
            </LinearRing>
          </outerBoundaryIs>
        </Polygon>
      </Placemark>
      <Placemark xmlns="http://www.opengis.net/kml/2.2">
        <styleUrl>#Parti singole_style_map</styleUrl>
        <name>T03720</name>
        <Polygon>
          <outerBoundaryIs>
            <LinearRing>
              <coordinates>8.40434634680029,39.3975421582454 8.40463800751563,39.397563691309 8.40466045167579,39.3973853538461 8.40436876846917,39.3973638207248 8.40434634680029,39.3975421582454</coordinates>
            </LinearRing>
          </outerBoundaryIs>
        </Polygon>
      </Placemark>
      <Placemark xmlns="http://www.opengis.net/kml/2.2">
        <styleUrl>#Parti singole_style_map</styleUrl>
        <name>T03721</name>
        <Polygon>
          <outerBoundaryIs>
            <LinearRing>
              <coordinates>8.40466839720369,39.3973127521075 8.4049611716753,39.3973343170935 8.40498737461278,39.3971221824932 8.40469962479205,39.3970998143366 8.40466839720369,39.3973127521075</coordinates>
            </LinearRing>
          </outerBoundaryIs>
        </Polygon>
      </Placemark>
      <Placemark xmlns="http://www.opengis.net/kml/2.2">
        <styleUrl>#Parti singole_style_map</styleUrl>
        <name>T03722</name>
        <Polygon>
          <outerBoundaryIs>
            <LinearRing>
              <coordinates>8.40469962479205,39.3970998143366 8.40498737461278,39.3971221824932 8.40500968827424,39.3969454121013 8.40472291951247,39.3969238419452 8.40470861027246,39.3970182615067 8.40469962479205,39.3970998143366</coordinates>
            </LinearRing>
          </outerBoundaryIs>
        </Polygon>
      </Placemark>
      <Placemark xmlns="http://www.opengis.net/kml/2.2">
        <styleUrl>#Parti singole_style_map</styleUrl>
        <name>T03723</name>
        <Polygon>
          <outerBoundaryIs>
            <LinearRing>
              <coordinates>8.40472291951247,39.3969238419452 8.40500968827424,39.3969454121013 8.40503350754693,39.3967663787646 8.40474568156788,39.3967463080049 8.40473374745902,39.3968427580776 8.40472291951247,39.3969238419452</coordinates>
            </LinearRing>
          </outerBoundaryIs>
        </Polygon>
      </Placemark>
      <Placemark xmlns="http://www.opengis.net/kml/2.2">
        <styleUrl>#Parti singole_style_map</styleUrl>
        <name>T03724</name>
        <Polygon>
          <outerBoundaryIs>
            <LinearRing>
              <coordinates>8.40437845640781,39.3972925704925 8.40466839720369,39.3973127521075 8.40469962479205,39.3970998143366 8.40470861027246,39.3970182615067 8.40441693455258,39.3969987559031 8.40437845640781,39.3972925704925</coordinates>
            </LinearRing>
          </outerBoundaryIs>
        </Polygon>
      </Placemark>
      <Placemark xmlns="http://www.opengis.net/kml/2.2">
        <styleUrl>#Parti singole_style_map</styleUrl>
        <name>T03725</name>
        <Polygon>
          <outerBoundaryIs>
            <LinearRing>
              <coordinates>8.40441693455258,39.3969987559031 8.40470861027246,39.3970182615067 8.40472291951247,39.3969238419452 8.40473374745902,39.3968427580776 8.40444081890228,39.3968204438643 8.40441693455258,39.3969987559031</coordinates>
            </LinearRing>
          </outerBoundaryIs>
        </Polygon>
      </Placemark>
      <Placemark xmlns="http://www.opengis.net/kml/2.2">
        <styleUrl>#Parti singole_style_map</styleUrl>
        <name>T03726</name>
        <Polygon>
          <outerBoundaryIs>
            <LinearRing>
              <coordinates>8.40444081890228,39.3968204438643 8.40473374745902,39.3968427580776 8.40474568156788,39.3967463080049 8.40475522634661,39.3966645237573 8.40446225747955,39.3966429392411 8.40444081890228,39.3968204438643</coordinates>
            </LinearRing>
          </outerBoundaryIs>
        </Polygon>
      </Placemark>
      <Placemark xmlns="http://www.opengis.net/kml/2.2">
        <styleUrl>#Parti singole_style_map</styleUrl>
        <name>T03727</name>
        <Polygon>
          <outerBoundaryIs>
            <LinearRing>
              <coordinates>8.40355233357477,39.3992874345076 8.40364603810547,39.3993113153374 8.40370492537854,39.3992097359889 8.40364173774081,39.3991917604099 8.40361921540265,39.3991853555841 8.40355233357477,39.3992874345076</coordinates>
            </LinearRing>
          </outerBoundaryIs>
        </Polygon>
      </Placemark>
      <Placemark xmlns="http://www.opengis.net/kml/2.2">
        <styleUrl>#Parti singole_style_map</styleUrl>
        <name>T03728</name>
        <Polygon>
          <outerBoundaryIs>
            <LinearRing>
              <coordinates>8.40280088025336,39.4000826976252 8.4029425847307,39.4001216297469 8.40296398762423,39.4000918339106 8.40299348446614,39.4000444371356 8.40284090069678,39.3999997455758 8.40280088025336,39.4000826976252</coordinates>
            </LinearRing>
          </outerBoundaryIs>
        </Polygon>
      </Placemark>
      <Placemark xmlns="http://www.opengis.net/kml/2.2">
        <styleUrl>#Parti singole_style_map</styleUrl>
        <name>T03729</name>
        <Polygon>
          <outerBoundaryIs>
            <LinearRing>
              <coordinates>8.40376080949765,39.3986099794179 8.40378212913453,39.3986116745844 8.40382978792917,39.3986147752764 8.40383139702027,39.39859084271 8.40384350301538,39.398594382822 8.40384372374531,39.3985861934371 8.40375554326819,39.3985833354867 8.40376080949765,39.3986099794179</coordinates>
            </LinearRing>
          </outerBoundaryIs>
        </Polygon>
      </Placemark>
      <Placemark xmlns="http://www.opengis.net/kml/2.2">
        <styleUrl>#Parti singole_style_map</styleUrl>
        <name>T03730</name>
        <Polygon>
          <outerBoundaryIs>
            <LinearRing>
              <coordinates>8.40394264558494,39.3973904795732 8.40396680662407,39.397392585732 8.40396706157084,39.3973544637353 8.40394356851454,39.3973543793464 8.40394264558494,39.3973904795732</coordinates>
            </LinearRing>
          </outerBoundaryIs>
        </Polygon>
      </Placemark>
      <Placemark xmlns="http://www.opengis.net/kml/2.2">
        <styleUrl>#Parti singole_style_map</styleUrl>
        <name>T03732</name>
        <Polygon>
          <outerBoundaryIs>
            <LinearRing>
              <coordinates>8.40481341303031,39.3962815881889 8.40497468347798,39.3963473340498 8.40499652670768,39.3963310737994 8.40504644466622,39.3963264365442 8.4050566499662,39.3963458793005 8.40508450951938,39.3963377322117 8.40511411321247,39.3963279631439 8.4051196683784,39.3963261173869 8.4051299470357,39.3962863707138 8.40515063583421,39.3962774931161 8.40518489554404,39.3962186227494 8.4049819048658,39.3961330839298 8.40498324559884,39.3961433987724 8.40495444665097,39.396196485271 8.40496347240638,39.3962289961961 8.40485839613993,39.3962563728643 8.4048476136018,39.3962351700935 8.40481341303031,39.3962815881889</coordinates>
            </LinearRing>
          </outerBoundaryIs>
        </Polygon>
      </Placemark>
      <Placemark xmlns="http://www.opengis.net/kml/2.2">
        <styleUrl>#Parti singole_style_map</styleUrl>
        <name>T03734</name>
        <Polygon>
          <outerBoundaryIs>
            <LinearRing>
              <coordinates>8.40474894452507,39.3962547313357 8.40481341303031,39.3962815881889 8.4048476136018,39.3962351700935 8.4047806412986,39.3962337189869 8.40474894452507,39.3962547313357</coordinates>
            </LinearRing>
          </outerBoundaryIs>
        </Polygon>
      </Placemark>
      <Placemark xmlns="http://www.opengis.net/kml/2.2">
        <styleUrl>#Parti singole_style_map</styleUrl>
        <name>T03736</name>
        <Polygon>
          <outerBoundaryIs>
            <LinearRing>
              <coordinates>8.40491853707307,39.3954740669632 8.40492692420754,39.3954778672551 8.4049358950225,39.3954608202957 8.40492503725801,39.3954566739726 8.40492203326522,39.3954644256277 8.40491853707307,39.3954740669632</coordinates>
            </LinearRing>
          </outerBoundaryIs>
        </Polygon>
      </Placemark>
      <Placemark xmlns="http://www.opengis.net/kml/2.2">
        <styleUrl>#Parti singole_style_map</styleUrl>
        <name>T03737</name>
        <Polygon>
          <outerBoundaryIs>
            <LinearRing>
              <coordinates>8.4041172909716,39.3957966742921 8.40414153992151,39.3958061244005 8.40415374251646,39.395790076206 8.40416874156836,39.3957702038785 8.4041892594092,39.3957432055121 8.40423298490446,39.3956883575445 8.4042693451367,39.3957020325201 8.4042598865741,39.3957135985598 8.40433207415252,39.3957503526877 8.4043514605187,39.3957594174226 8.40433247755985,39.3957820986534 8.40431184610589,39.3958033477808 8.40426592824678,39.3958442543521 8.40425773770241,39.3958541959923 8.40429413397911,39.3958663754061 8.40433867348747,39.3958168567603 8.40438572687429,39.3957707839647 8.40439287004947,39.3957761097033 8.40441574029376,39.3957456002514 8.40441117809431,39.3957426664997 8.40443402933858,39.395721212473 8.40437210467925,39.3956957290213 8.40435231642079,39.3957161535119 8.40427247869284,39.3956777022744 8.40424608357203,39.3956638981486 8.40425857746191,39.3956490948805 8.40421303892564,39.3956304351329 8.40418378833306,39.3956669578792 8.40421039543856,39.3956763209418 8.40419736053076,39.3956919233645 8.40416548637271,39.3957310547103 8.40415658663538,39.3957451825796 8.40412822210988,39.395784016533 8.4041172909716,39.3957966742921</coordinates>
            </LinearRing>
          </outerBoundaryIs>
        </Polygon>
      </Placemark>
      <Placemark xmlns="http://www.opengis.net/kml/2.2">
        <styleUrl>#Parti singole_style_map</styleUrl>
        <name>T03738</name>
        <Polygon>
          <outerBoundaryIs>
            <LinearRing>
              <coordinates>8.40553234430531,39.3952141459269 8.4055526305812,39.3952225392777 8.40555272408506,39.3951937512881 8.40555275413247,39.3951861105588 8.40553234430531,39.3952141459269</coordinates>
            </LinearRing>
          </outerBoundaryIs>
        </Polygon>
      </Placemark>
      <Placemark xmlns="http://www.opengis.net/kml/2.2">
        <styleUrl>#Parti singole_style_map</styleUrl>
        <name>T03740</name>
        <Polygon>
          <outerBoundaryIs>
            <LinearRing>
              <coordinates>8.4052502282786,39.3949984161202 8.40534766625735,39.3950046181072 8.40539567959968,39.3949328879692 8.40540317154201,39.394921762302 8.40537932702009,39.3949221359419 8.4053779251311,39.3948574966324 8.4053767707846,39.3948266028191 8.40537775076707,39.3948096681366 8.40533923175082,39.3948696971656 8.40534223814247,39.3948698567086 8.40533747045646,39.3948856457099 8.40533049001056,39.3949049104482 8.40531270957486,39.3949036661711 8.40529821503808,39.3949229915917 8.4052502282786,39.3949984161202</coordinates>
            </LinearRing>
          </outerBoundaryIs>
        </Polygon>
      </Placemark>
      <Placemark xmlns="http://www.opengis.net/kml/2.2">
        <styleUrl>#Parti singole_style_map</styleUrl>
        <name>T03742</name>
        <Polygon>
          <outerBoundaryIs>
            <LinearRing>
              <coordinates>8.40356971415809,39.3995946634831 8.40364118722389,39.399609383766 8.40366281029809,39.3996136665154 8.40371816108173,39.3995019052202 8.40370832410184,39.3995019268561 8.40369236540525,39.399538905066 8.40363175531534,39.3995223393236 8.40359710843761,39.3995131781752 8.40355681272112,39.3995931376072 8.40356971415809,39.3995946634831</coordinates>
            </LinearRing>
          </outerBoundaryIs>
        </Polygon>
      </Placemark>
      <Placemark xmlns="http://www.opengis.net/kml/2.2">
        <styleUrl>#Parti singole_style_map</styleUrl>
        <name>T03743</name>
        <Polygon>
          <outerBoundaryIs>
            <LinearRing>
              <coordinates>8.40503375429681,39.3946865553747 8.40503075158971,39.3946859633398 8.404950320616,39.3946709457743 8.40493945981499,39.3946644386922 8.40492291255385,39.3947025584241 8.4048355451987,39.39490375669 8.40481584005588,39.3949267406636 8.40486011131278,39.3949291478036 8.4048507704886,39.3949624027098 8.40483727809193,39.3950072598778 8.40483070981146,39.3950299326547 8.4048818367195,39.3949526501938 8.40491201412185,39.3949053825122 8.4048941697953,39.3949020924662 8.40487588393506,39.3948496570254 8.4048914936705,39.3948098115021 8.40490538038399,39.3947568108743 8.4049370818093,39.3946955487051 8.40496346132236,39.3947070639352 8.40500492108157,39.394717791322 8.40501138509346,39.3947087418395 8.40502181212181,39.3947116334946 8.40503375429681,39.3946865553747</coordinates>
            </LinearRing>
          </outerBoundaryIs>
        </Polygon>
      </Placemark>
      <Placemark xmlns="http://www.opengis.net/kml/2.2">
        <styleUrl>#Parti singole_style_map</styleUrl>
        <name>T03746</name>
        <Polygon>
          <outerBoundaryIs>
            <LinearRing>
              <coordinates>8.40421877622954,39.3968119537963 8.40427535192856,39.3968519978763 8.40432520440149,39.3967868732969 8.40428726477775,39.396803150068 8.40428407235816,39.3968002773924 8.40426659110916,39.3968156768295 8.40423828893865,39.3967993850529 8.40421877622954,39.3968119537963</coordinates>
            </LinearRing>
          </outerBoundaryIs>
        </Polygon>
      </Placemark>
      <Placemark xmlns="http://www.opengis.net/kml/2.2">
        <styleUrl>#Parti singole_style_map</styleUrl>
        <name>T03747</name>
        <Polygon>
          <outerBoundaryIs>
            <LinearRing>
              <coordinates>8.4040747842538,39.3967886897198 8.40412226675727,39.3967973488476 8.40416816467569,39.3967711473297 8.40413637713273,39.3967591176421 8.40409123715037,39.396734485948 8.40409067292037,39.3967216431333 8.40405938126401,39.3967686796113 8.4040747842538,39.3967886897198</coordinates>
            </LinearRing>
          </outerBoundaryIs>
        </Polygon>
      </Placemark>
      <Placemark xmlns="http://www.opengis.net/kml/2.2">
        <styleUrl>#Parti singole_style_map</styleUrl>
        <name>T03748</name>
        <Polygon>
          <outerBoundaryIs>
            <LinearRing>
              <coordinates>8.40299742747702,39.3978353337966 8.40313571779259,39.3978355932398 8.40320714403978,39.3975218819005 8.40301002938422,39.3975192841669 8.40299742747702,39.3978353337966</coordinates>
            </LinearRing>
          </outerBoundaryIs>
        </Polygon>
      </Placemark>
      <Placemark xmlns="http://www.opengis.net/kml/2.2">
        <styleUrl>#Parti singole_style_map</styleUrl>
        <name>T03751</name>
        <Polygon>
          <outerBoundaryIs>
            <LinearRing>
              <coordinates>8.40377063744436,39.3992299410537 8.40385046317142,39.3992525161152 8.40383589666221,39.3992774094364 8.40385118800119,39.3992805874401 8.40393358082763,39.3992976612 8.40395058513421,39.3993274378638 8.40401022852686,39.399195659146 8.40398024482338,39.3992157970258 8.40391794475094,39.3992204153906 8.40379101111943,39.399190012015 8.40377063744436,39.3992299410537</coordinates>
            </LinearRing>
          </outerBoundaryIs>
        </Polygon>
      </Placemark>
      <Placemark xmlns="http://www.opengis.net/kml/2.2">
        <styleUrl>#Parti singole_style_map</styleUrl>
        <name>T03752</name>
        <Polygon>
          <outerBoundaryIs>
            <LinearRing>
              <coordinates>8.40215768941139,39.4005213916638 8.40221061570688,39.4006258608132 8.40221742540929,39.4006185973468 8.40223153242435,39.4006027303603 8.40220326204592,39.400547242734 8.40218143566348,39.4004389328403 8.4022104921008,39.400350716593 8.40225312428998,39.4002258705012 8.4021615987803,39.4004634564488 8.40215768941139,39.4005213916638</coordinates>
            </LinearRing>
          </outerBoundaryIs>
        </Polygon>
      </Placemark>
      <Placemark xmlns="http://www.opengis.net/kml/2.2">
        <styleUrl>#Parti singole_style_map</styleUrl>
        <name>T03753</name>
        <Polygon>
          <outerBoundaryIs>
            <LinearRing>
              <coordinates>8.40358538240777,39.3994200579154 8.40363595015232,39.3994362027457 8.40366865969242,39.3993769554841 8.40361715934163,39.3993625899571 8.40359543844626,39.3994011424622 8.40358538240777,39.3994200579154</coordinates>
            </LinearRing>
          </outerBoundaryIs>
        </Polygon>
      </Placemark>
      <Placemark xmlns="http://www.opengis.net/kml/2.2">
        <styleUrl>#Parti singole_style_map</styleUrl>
        <name>T03754</name>
        <Polygon>
          <outerBoundaryIs>
            <LinearRing>
              <coordinates>8.40458285193272,39.3961538556651 8.4045918484987,39.3961515500008 8.404717047958,39.3961203480316 8.40475261318742,39.3961251254487 8.40475565802744,39.3961235011301 8.40479806660976,39.396058248125 8.40467066478513,39.3960097863207 8.40457877175622,39.39614886099 8.40458285193272,39.3961538556651</coordinates>
            </LinearRing>
          </outerBoundaryIs>
        </Polygon>
      </Placemark>
      <Placemark xmlns="http://www.opengis.net/kml/2.2">
        <styleUrl>#Parti singole_style_map</styleUrl>
        <name>T03755</name>
        <Polygon>
          <outerBoundaryIs>
            <LinearRing>
              <coordinates>8.40475565802744,39.3961235011301 8.40483405286572,39.3960817964887 8.40484980175263,39.3960802552151 8.40479806660976,39.396058248125 8.40475565802744,39.3961235011301</coordinates>
            </LinearRing>
          </outerBoundaryIs>
        </Polygon>
      </Placemark>
      <Placemark xmlns="http://www.opengis.net/kml/2.2">
        <styleUrl>#Parti singole_style_map</styleUrl>
        <name>T03756</name>
        <Polygon>
          <outerBoundaryIs>
            <LinearRing>
              <coordinates>8.40350649950295,39.3995634693365 8.4035237958667,39.3995357968174 8.40350957459016,39.39953242603 8.40349790854639,39.3995603707147 8.40350649950295,39.3995634693365</coordinates>
            </LinearRing>
          </outerBoundaryIs>
        </Polygon>
      </Placemark>
      <Placemark xmlns="http://www.opengis.net/kml/2.2">
        <styleUrl>#Parti singole_style_map</styleUrl>
        <name>T03757</name>
        <Polygon>
          <outerBoundaryIs>
            <LinearRing>
              <coordinates>8.40550338987879,39.3983980202974 8.40550233990954,39.3983957402958 8.40547634101141,39.3983112203322 8.40546601180146,39.3982486004243 8.40545868230839,39.3982085904779 8.40545330280169,39.398169230544 8.40544861344326,39.3981174806482 8.40544464404485,39.3980688507494 8.40544252465009,39.3980194708661 8.4054413454407,39.3979545810312 8.40543547601962,39.3979082811122 8.40543188639714,39.397878031167 8.40542622694925,39.3978338912438 8.40542419738282,39.3977986413233 8.40542470769949,39.3977724113973 8.40542813836721,39.3977165315719 8.40543673934333,39.3976339718556 8.40544396023436,39.3975587621097 8.40545144082501,39.3975082522995 8.40546657147887,39.3974506725641 8.40548587179887,39.3974196027882 8.40552631226873,39.3973710432135 8.40557604271255,39.3973223737069 8.40562272303374,39.397284554149 8.40566949323761,39.3972563845659 8.40588295001884,39.3974698855531 8.40585566988562,39.3974874953067 8.40579689937116,39.3975441847259 8.40577948777897,39.3976796742361 8.40576969642559,39.3977936238596 8.40578559458045,39.3979418735789 8.40579456287192,39.3980805432732 8.4058097321136,39.3981393732265 8.40593545341056,39.3980019145125 8.40604723458082,39.3978782856596 8.40617242586477,39.3977420269384 8.40626936684402,39.3976377479254 8.40636272779513,39.3975366588777 8.40646729886955,39.3974226799463 8.40657966003006,39.3972997110959 8.40676224190585,39.3971007129617 8.40698047413107,39.3968642451882 8.40704367478347,39.3967951058347 8.40714632582226,39.3966845268803 8.40720990647692,39.3966151075303 8.40724746683771,39.3965762379086 8.40730066738032,39.3965185784514 8.40740497845884,39.3964043195189 8.40753841981745,39.3962598908799 8.40765432098987,39.3961350720603 8.40777688223351,39.3960027633093 8.4078805933026,39.39588942437 8.40800041453149,39.395758995594 8.40813542593441,39.3956105269773 8.40822671687015,39.3955111979097 8.40832251784184,39.395407808886 8.40786716200907,39.3951748561848 8.40764354406661,39.3950595448607 8.40746998566844,39.3949696438341 8.40734131686218,39.3949024830744 8.40716953841912,39.394815852052 8.40699455001658,39.3947266610131 8.40669563275405,39.3945735892402 8.40636083581124,39.3944028772526 8.4061594776663,39.3942988560609 8.40627617158698,39.394771735647 8.4059442221112,39.3948091731229 8.40586650492187,39.3945963231252 8.40586830485544,39.3946013631249 8.40586788444466,39.3946353330309 8.40578037493848,39.394615882444 8.40565172531826,39.3946158315047 8.40559417547234,39.3946171110811 8.40556970552264,39.3946189108976 8.40556482600871,39.3945800209661 8.40556135642985,39.3945461410315 8.40556364718455,39.3944833612163 8.40556664809894,39.394407241442 8.40562598802714,39.394398741898 8.405697617343,39.3944377423166 8.40570538673769,39.3944857622448 8.40570596669267,39.3944893322395 8.40576527650841,39.3944901126704 8.40577920588153,39.3945384126428 8.40585030549151,39.3945532931222 8.40581351678903,39.394455253116 8.40554297232714,39.394064382187 8.405519243563,39.3939682522711 8.40549302380231,39.3939548921154 8.40536532497288,39.3938894113583 8.40525815593557,39.3938360807186 8.40523806613245,39.3938247306023 8.40509974739338,39.3937543797806 8.40488624934408,39.3936454285134 8.40476870043222,39.3935842778188 8.40457885216768,39.3934873266922 8.40444094343629,39.3934162458755 8.40431967220553,39.3935471946394 8.40407540971158,39.3938121821463 8.40393467760048,39.394020440561 8.40389816675939,39.394098660085 8.4038204050002,39.3942625990783 8.40378112399417,39.3943550885438 8.40370500189706,39.3945464874755 8.40359951903513,39.3948080760049 8.40354532753037,39.3949453052418 8.40346769581159,39.3951058742451 8.40342472520079,39.3951666737685 8.40335426417079,39.3952687129808 8.40325724301507,39.3953875719542 8.40310151114315,39.3955797403025 8.40306957072313,39.3956221299558 8.40305345047783,39.3956462697734 8.40298564937459,39.3957536989908 8.40295129861875,39.3958243585508 8.40289619704648,39.3959673677656 8.40283119492055,39.3961584267794 8.40281360384371,39.3962514764019 8.40280334252619,39.3963625860295 8.40282291081458,39.3964989358074 8.40286410935849,39.3966089658137 8.40291277953442,39.3965826362396 8.40316196896978,39.3965686380967 8.40317213760599,39.3966785978766 8.40317223759174,39.3966797478742 8.40316685664617,39.3967590076228 8.40314608676221,39.3967544874832 8.40308217465726,39.3969435465104 8.40310472455889,39.396946176668 8.40309030388996,39.3970048264057 8.4030848036353,39.3970271563058 8.40306625369616,39.3970266461717 8.4030501437491,39.3970261960553 8.40296694402234,39.3970238854539 8.4029663538978,39.3970342954217 8.40296637388513,39.3970353354191 8.40296777328202,39.3970847152971 8.40297549257657,39.3971409952028 8.40295985022583,39.3973385845597 8.40294669847342,39.3974862440684 8.40295507714155,39.3975940038412 8.40296603508854,39.3977605834753 8.40299886346418,39.397886513378 8.40302471221825,39.3979829433086 8.4030677601575,39.3981423631962 8.40307610874878,39.3982564629518 8.40301508716613,39.3984017521173 8.4029215055466,39.3985579910158 8.40288856454146,39.3986488505321 8.40286634339348,39.3987488801021 8.40285999214098,39.3988536697752 8.40285069053313,39.3989884693465 8.40277560064937,39.398997128775 8.40280529031742,39.3990172789379 8.4028226797261,39.3990617989457 8.40281763846718,39.3991667986279 8.40285481925592,39.3990927490976 8.40288456990825,39.3990317494781 8.40295746167808,39.3988681504482 8.40296403183753,39.3988534105356 8.40300533285043,39.3987598810876 8.4029645730955,39.3987495808175 8.40303868494396,39.3985792018147 8.40311562678249,39.3984089528322 8.40315216771198,39.3983234533279 8.40318920860252,39.398241043819 8.40326432045962,39.398069704826 8.40334366239536,39.3978908558841 8.40343236458806,39.3976885470734 8.40366284243884,39.397809728432 8.40359721085866,39.3979559375614 8.40351830890865,39.3981358565037 8.4034445570673,39.3983055655109 8.40340646615439,39.3983900750066 8.40336945523695,39.3984746945098 8.40329453339733,39.3986445435081 8.40326817263591,39.3987137131305 8.40322391153566,39.3988151625357 8.40318334048386,39.398911721981 8.40317528030648,39.3989283018778 8.40309893862603,39.3990853708999 8.40307092793861,39.3991488405255 8.40299830619077,39.3993105595624 8.40297189550421,39.3993735692009 8.40293838463271,39.3994535487422 8.40287194487472,39.3994497382672 8.40280646446901,39.3994990876569 8.40276880467073,39.3994916074019 8.40271493495929,39.3994809070372 8.40268320512934,39.3994745968224 8.40266505469564,39.3995147565824 8.40256827326207,39.3996564354964 8.40246961177362,39.3998030943835 8.40242872122373,39.399858353937 8.40246945095958,39.3998702342026 8.40253392121482,39.3998335347717 8.40255323145429,39.399809104978 8.40263121226015,39.3997237357759 8.40265206247566,39.3997009059893 8.40276844371633,39.3995703671885 8.402786363911,39.399549967374 8.40280248381412,39.3995540374808 8.40288532331645,39.3995749380298 8.4027948612145,39.3997701768467 8.40279015108971,39.3997816067817 8.40274765011609,39.3998721862289 8.40271512934537,39.3999436158003 8.40264301767566,39.4000987648585 8.40260780688944,39.400172124405 8.40256877601828,39.4002534139025 8.40253945529343,39.4003202835094 8.40250945468317,39.4003778731362 8.40250345305153,39.4005138227285 8.40258997102642,39.4006597329699 8.40257615086042,39.4006767728234 8.40250063995261,39.4007699420226 8.40235553173038,39.4006586512608 8.40233315160707,39.4006742510556 8.40236986119353,39.4006994212563 8.40233423095592,39.4007276609206 8.40239115009279,39.4007849811828 8.40243918935954,39.4008337514031 8.40262006659959,39.4010173122327 8.40269026477613,39.4011505623888 8.40268905356406,39.4012507621118 8.40275392399031,39.4011998727217 8.40294065519158,39.4010555044716 8.40279136680186,39.4009590336396 8.40296112827512,39.4007963653146 8.40313638919205,39.4006782169106 8.40328114995925,39.400579818231 8.40349285876024,39.4006272296501 8.40354022914984,39.4005836101128 8.40338616002541,39.4005488590807 8.40332965034576,39.400536178702 8.40328911048208,39.4005347884096 8.40329588102978,39.4004879985843 8.40329740114504,39.4004781286218 8.40327190129079,39.4004723084512 8.40329165207295,39.4004030387808 8.4033200919508,39.40040619898 8.4033303928581,39.4003289092621 8.40334132354809,39.4002693795012 8.40335376433323,39.4002016397733 8.40336008490019,39.4001533699487 8.4033648351133,39.4001346500335 8.40338740586141,39.400067500378 8.40340524664021,39.3999989706917 8.40341104689353,39.3999766807937 8.40343081810458,39.3998720512181 8.40343833855603,39.3998330113774 8.40345801947522,39.3997524617367 8.40346944941727,39.3997544618148 8.4034713197313,39.399728121899 8.40348418063334,39.3996506422003 8.40350321063222,39.3996461123513 8.40351447134887,39.399584302599 8.40352562128654,39.3995867326739 8.40355351113059,39.3995928128613 8.40359381198184,39.3995128533696 8.40361428240216,39.3994732336251 8.40363266280109,39.3994358838593 8.40358558312216,39.3994208535557 8.40361679373101,39.3993630839382 8.40366536342338,39.3993766442566 8.40368488333274,39.3993793743918 8.40371690395533,39.3993202747838 8.40375559468054,39.3992510952515 8.4037673349064,39.3992296253947 8.40378772533071,39.3991896956505 8.40373315564983,39.3991766452869 8.40371570526768,39.3992123850638 8.40370162534508,39.3992094249689 8.40364274428632,39.3993110042671 8.40359215334591,39.3994008136573 8.40357744305371,39.3994284734759 8.40354119233513,39.3994965130291 8.40353430238103,39.3994944029844 8.40349620263524,39.3994827027375 8.40344948293317,39.3994694924317 8.40343739300725,39.3994663223519 8.4034940640194,39.3993691230259 8.40349508403763,39.399367373038 8.40354904485238,39.3992871036468 8.40361591589355,39.3991850344083 8.40363844574939,39.3991914445557 8.40366943638932,39.3991311649433 8.40368063632538,39.3991337150183 8.40368381644739,39.3991228850705 8.40368269692016,39.3990841851659 8.40368927783437,39.3990072254199 8.40367188789593,39.3990063752952 8.40367705845727,39.3989588454602 8.4036932584002,39.3989596155764 8.40369972929762,39.3988840658259 8.40369407990226,39.3988355959143 8.40370787986329,39.3988354560155 8.40371051015662,39.3988106361011 8.40376758010029,39.3988014165425 8.40376706021173,39.398792356563 8.40370042040968,39.3987922260767 8.40368944120775,39.3987291061655 8.40381859075667,39.398734917093 8.40382125083399,39.3987278971312 8.40382420091919,39.3987201571735 8.40377389106854,39.3987200668064 8.40368723133241,39.3987193661754 8.40368332180745,39.3986811562491 8.40369193200408,39.398662856361 8.40367408218685,39.3986521262594 8.40368372319064,39.3985670365575 8.40371554305344,39.3985706167803 8.40374781430376,39.3984597073128 8.40391121350125,39.3984861684351 8.40392078387154,39.3984533185929 8.40407073313997,39.398477199624 8.40403009149653,39.3986225489382 8.40390048200998,39.3986117080208 8.40393247152958,39.3986435381692 8.40398688163612,39.3986215386254 8.40403320138122,39.3986312989375 8.40399771032817,39.3987267284229 8.40402978019109,39.3987302386477 8.40403973016394,39.3987300587208 8.40403791959221,39.3987776285803 8.40410163940832,39.3987773090465 8.40413226861642,39.3988351491153 8.40415288855905,39.3988348692666 8.40415156772724,39.3989037590726 8.40415134691379,39.3989708688914 8.40414548689333,39.3989739788403 8.40414620670524,39.3989893088045 8.40403191483263,39.3991714374824 8.40400693461619,39.3991953472361 8.40394730319341,39.3993271164479 8.40393514299025,39.3993468163064 8.40391596305515,39.3993461261682 8.40390377281896,39.3993685560192 8.40387435227739,39.3994203456657 8.40385054222648,39.3994303254652 8.40379606159802,39.3994953648933 8.40372742209411,39.3994711444568 8.40371487176169,39.3995015942837 8.40365952056902,39.3996133535804 8.40373623015857,39.3996285540999 8.40384010960595,39.3996488748041 8.40381503881548,39.3997201244303 8.40374198920228,39.3997059839347 8.40372886812256,39.3997981735922 8.40373587808249,39.3997997736391 8.40372245759432,39.3998432734247 8.40371723716376,39.3998800332882 8.40371137719097,39.3998792132476 8.4036942362723,39.3999591029086 8.40363311399107,39.4001619919193 8.40362821380813,39.40017826184 8.40370688343255,39.4001901123828 8.40370483254789,39.4002635321713 8.40369589208437,39.400303911998 8.40368382145707,39.4003585517636 8.40366644075685,39.4004204914709 8.40365305080431,39.4004198313749 8.4036271104735,39.4004534010957 8.40360588024477,39.4004774108764 8.40360729980543,39.4005132807907 8.40357775973088,39.4005266005394 8.40355332925755,39.4005715502407 8.40359634961156,39.4005319206609 8.40372700093653,39.4003909719921 8.40396136331606,39.4001379043808 8.40407064441002,39.4000211854911 8.40419052562026,39.3998923067114 8.40429442665896,39.3997814477668 8.40452974905085,39.3995271201659 8.40466346041779,39.3993819615307 8.40474557125064,39.3992933623674 8.40486442246835,39.3991641135812 8.40499897382561,39.3990195449506 8.4051186450404,39.3988903361703 8.40521890606987,39.3987811171947 8.40534959740706,39.398639138529 8.40546025854901,39.398518119661 8.40553082926456,39.39844199038 8.40550338987879,39.3983980202974</coordinates>
            </LinearRing>
          </outerBoundaryIs>
          <innerBoundaryIs>
            <LinearRing>
              <coordinates>8.40412262927785,39.3963098258044 8.40413169922965,39.3963115958659 8.4041688691241,39.3963112661381 8.40424145878789,39.3963213466412 8.40425246893145,39.3963068367605 8.40430306954891,39.3962436372992 8.40430782956217,39.3962413873399 8.40433166958228,39.3962339375339 8.4043635198096,39.3962074578374 8.40438738002105,39.3961842280738 8.40440261015605,39.3961693982247 8.40442095026635,39.3961558483949 8.4044476704012,39.3961382386372 8.40446790004028,39.3961630787184 8.40447471981895,39.3961796687238 8.40446858977018,39.3961851786643 8.40448930945549,39.3962060887596 8.40453150905577,39.396228789007 8.40454287913579,39.396219429115 8.40449386959876,39.3961931688275 8.40451325005206,39.3961510890816 8.40457359993326,39.3961462195353 8.40457548989955,39.3961485395429 8.40466738131571,39.3960094605862 8.40468468156493,39.3959847107788 8.40473505229004,39.3959126913394 8.40469337274511,39.3958853011084 8.40474395326485,39.3958301616254 8.40479059374914,39.3957789021032 8.4048520340496,39.3957392026581 8.40485971408725,39.3957342327274 8.40489692467368,39.3956768431528 8.40497453585874,39.3955602840315 8.40498439616517,39.3955326241776 8.40500543688004,39.3954685745027 8.40502418769165,39.3953971048309 8.40503622819239,39.3953528950372 8.4050713979945,39.3953606652732 8.40510336781707,39.3953675254883 8.4051197580595,39.3953435556721 8.40507344835343,39.3953305753687 8.40503947851188,39.3953257651336 8.40504514885068,39.3952964552534 8.40497554781888,39.3953984344722 8.40495034801419,39.3953884543149 8.40493854775145,39.3954129841631 8.40492174727492,39.3954563539243 8.40493260719269,39.3954604939925 8.40492363701245,39.3954775338814 8.40496960662467,39.3954983341614 8.40496491618511,39.3955357140271 8.40496279609565,39.3955436039905 8.40495221594465,39.395558623873 8.40493358578912,39.3955759736905 8.4049196456821,39.395588183556 8.40492509563026,39.3955911335879 8.40491029549922,39.3956055334413 8.40488715574099,39.3955912233107 8.40487012566273,39.3956018131579 8.40484200580905,39.3955965829666 8.40482475555956,39.3956213427744 8.404823335539,39.3956233827586 8.40483185542486,39.3956307228011 8.40484823521369,39.3956441528848 8.40477545475077,39.3957000022038 8.40479614447498,39.3957177123075 8.404779604339,39.3957329421459 8.40476296457131,39.3957178320649 8.40474993438666,39.3957362219205 8.40473213413418,39.3957613617232 8.40471294386216,39.3957884515106 8.40469569361753,39.3958128113194 8.4046885135157,39.3958229512398 8.40460954234482,39.3959386703534 8.40458010190833,39.3959818100229 8.40454755141549,39.3960303496553 8.40447303028704,39.3961414888137 8.4044177607083,39.3961201884671 8.40440517080435,39.3961153283882 8.404399480731,39.3961227583267 8.40429696138297,39.3960939176553 8.40422279198365,39.3960624171981 8.40417884237749,39.3960406269355 8.40414964262973,39.3960269267589 8.40415698273472,39.3960164868405 8.40411818303005,39.3960015665971 8.40410012287392,39.396018826419 8.40407595308502,39.3960072962734 8.40402233355078,39.3959819259498 8.40400070374141,39.3959714658198 8.40401238386345,39.3959585659397 8.4039890340475,39.3959490657946 8.40397945391126,39.3959626256883 8.40392148462711,39.3959176953853 8.40395379494391,39.3958837257122 8.4039265551666,39.3958719855447 8.4039613556687,39.3958221359323 8.40402264653301,39.3957359866104 8.40403541671358,39.3957179967519 8.40405858704968,39.3956846570103 8.40407426718651,39.3956695671652 8.40410143745866,39.3956405274413 8.40418049690907,39.3956666279488 8.40420975726591,39.3956300982602 8.40425529690535,39.3956487585428 8.40428371722999,39.3956150888404 8.40430013772341,39.39557041908 8.40428438786869,39.3955622689868 8.40432647821453,39.3955235293978 8.40436659854737,39.3954863397903 8.40440819888384,39.3954484901954 8.4044129788432,39.3954506802245 8.40444991916794,39.3954149305899 8.40447199937541,39.3953924608113 8.40448418947436,39.3953813409301 8.40452049919353,39.3953956711569 8.40453055934946,39.3953803712713 8.40451445943524,39.3953772111622 8.4044682997445,39.3953629308633 8.40444395990502,39.3953556107052 8.4044699204038,39.3953081810217 8.40448138059113,39.3952899511542 8.40452206117485,39.3952319416066 8.40455464166236,39.3951838319733 8.40458159142852,39.395196562136 8.40462522106342,39.3952160624023 8.404585030462,39.39527541195 8.40460937024968,39.3952870020967 8.40463469015735,39.3952884622777 8.40460749972806,39.3953304619667 8.40468041915339,39.3953601224198 8.40469277932122,39.3953432825551 8.4047124695806,39.3953171127689 8.40472569977255,39.3952980729165 8.40469229004313,39.3952838827105 8.40466811023909,39.3952736025615 8.40464509044169,39.3952624924232 8.40463651065013,39.3952473924009 8.40470834142852,39.395165763144 8.40469380150862,39.395162693046 8.40466339168654,39.3951554128435 8.40465641135974,39.3951840527158 8.40460927163974,39.3951724224027 8.40456386192095,39.3951602721037 8.40456647219332,39.3951371821845 8.40451512228923,39.3951417517974 8.40451123276864,39.3951031718722 8.40446137310263,39.3950877515494 8.40445213332903,39.3950713315259 8.40445663347975,39.395057811595 8.40446451378449,39.3950307717249 8.40446506421091,39.3949954818234 8.40447440438909,39.394978521937 8.40451706412278,39.3949901122175 8.40452991515796,39.3949016425482 8.40448522530897,39.3949000522261 8.40458042912845,39.3945620138263 8.40455229950536,39.3945377736858 8.40455462012074,39.3944864738401 8.40456865064204,39.3944400840667 8.40460589032487,39.3944571842929 8.40461466168232,39.3943431346623 8.4046227630518,39.394228255029 8.40463272301516,39.3942288551001 8.40464241398601,39.3941464553915 8.40469976378337,39.3941492258029 8.40471704413862,39.3941157360187 8.40474477451972,39.3940775763233 8.40477158433215,39.3940865264952 8.40480365399359,39.3941066466755 8.4048595633616,39.3941451669806 8.40485007329593,39.3941528868906 8.40492430304937,39.3941551774265 8.40492731307046,39.3941527074551 8.40500953345468,39.3941010481937 8.40505878270733,39.3941506984204 8.40506178259236,39.3941594484189 8.40513121236163,39.3941615989201 8.4050738301835,39.394355127983 8.405065099927,39.3943783978569 8.40505178953505,39.3944139476646 8.40506627947172,39.3944156477658 8.40509101937139,39.3944179079404 8.40508558916496,39.3944362478517 8.40508239888339,39.3944602377642 8.40507781842933,39.3944987876275 8.40507039793438,39.3945413974592 8.40506835738903,39.3945868573226 8.40506244707968,39.3946137972073 8.40505966693725,39.3946262171538 8.40506123698125,39.394622207176 8.40509408789828,39.3945386176396 8.40509768827664,39.3945065477518 8.40510706890322,39.3944526079647 8.40511988977242,39.3943778282585 8.40512007029173,39.3943349683746 8.40512002131844,39.3942503286008 8.40513146129055,39.3942498486857 8.40513641224977,39.3941695589368 8.40517681212426,39.3941700892304 8.40521781197722,39.3941722495239 8.40536077145325,39.3941807105452 8.40536250063941,39.3942473903793 8.4053632104036,39.3942666603329 8.4053665793466,39.3943529901264 8.4053682087031,39.3944056499973 8.40535606782389,39.3944810897066 8.40535007743693,39.3945144495736 8.40534653721558,39.3945335594965 8.40538666690118,39.3945497297463 8.40538148740172,39.3945097198156 8.40539046856957,39.3944112501448 8.40546818832085,39.3944128707079 8.40554672782011,39.394435071222 8.40553607683523,39.3945188609199 8.40553670608103,39.3945808907584 8.40553153588681,39.3945981606744 8.40552576567458,39.3946170605817 8.40551441523137,39.3946563603936 8.4054749753783,39.3946538301124 8.40546845528035,39.3946634900389 8.40546532460418,39.3947199998648 8.40543069471182,39.3947195396131 8.40541771451672,39.3947387794668 8.40544668442381,39.3947393996767 8.40544729415761,39.3947611996228 8.40546245411851,39.3947607397347 8.40546603350455,39.3948104896277 8.40546459332904,39.3948253095775 8.40548482363401,39.3947952498057 8.40554985313015,39.3948209902116 8.40555606308201,39.3948234502504 8.40555513349701,39.3947894603346 8.40560975365405,39.3947632408036 8.40561027378314,39.3947524708362 8.40572264387513,39.3947175817502 8.40578879336203,39.394743812163 8.40584504264111,39.3947895824511 8.4058288418504,39.3948587121478 8.40574522193493,39.3948720615015 8.4057356718789,39.3948790014131 8.40569716198718,39.3948794311308 8.40574243163058,39.3948978314121 8.40573034144899,39.3949157412759 8.40578134125853,39.3949190516394 8.40579638096374,39.3949397016939 8.40580129015254,39.3950053915539 8.40579055947983,39.3950634613201 8.40585522911263,39.3950780217533 8.40584345858879,39.3951240715441 8.40582025814641,39.3951661812619 8.40578605746562,39.3952306208397 8.40575278699955,39.3952771304723 8.40563813755831,39.3952589196839 8.40578555640022,39.3953185806006 8.40577410617355,39.3953400504595 8.40581736578735,39.3953613807183 8.40586131486847,39.395426460865 8.40587273445189,39.3954580308638 8.40584306370607,39.3955267304633 8.40576860390162,39.3955286999143 8.40567489476327,39.3954804293593 8.4055994035875,39.3955957084995 8.40560764353641,39.3955979185537 8.40571486303581,39.3956131392959 8.40576593283872,39.3956169796585 8.40577271232872,39.3956573795998 8.40575846204505,39.3956842294239 8.40574249175516,39.3957120092329 8.40561563258146,39.3956747084065 8.40553257312512,39.3956500678659 8.40549541337533,39.3956384676257 8.4054989735036,39.3956270276823 8.40550705365444,39.3956126277798 8.40540803440294,39.3955749771576 8.40539483415778,39.3955983969985 8.40537892365958,39.395643336762 8.40546096299921,39.3956778472687 8.40548375327676,39.3956494275112 8.40552595295917,39.3956653577767 8.40560434233746,39.3956975682628 8.40561661231937,39.3956960783564 8.4057103317232,39.3957224589701 8.40568753132208,39.3957610687003 8.40563758097442,39.3958018682263 8.40562252075208,39.3958238580575 8.40560072089177,39.395817637915 8.40558425034755,39.3958665076639 8.40549549973604,39.3959384868231 8.40543046011645,39.3959229263899 8.40539459050054,39.3958999761894 8.40538321030398,39.3959189460555 8.40540237014611,39.395927306173 8.40547351939412,39.3959720165729 8.40547135929957,39.3959803365349 8.40548359943585,39.3959661266622 8.40551193969207,39.3959381169442 8.40564634080147,39.3958139982578 8.40569444121536,39.3957681887317 8.40578868059922,39.3957960893451 8.40591612987271,39.3958250201983 8.40590764882342,39.3959135898993 8.40589532889247,39.3959108898165 8.40585594851474,39.39595159942 8.4058461485617,39.3959501093524 8.40584453846832,39.395958199319 8.40584452839412,39.3959643193026 8.40587644816007,39.3959758595048 8.40584865724373,39.3960581590815 8.40574087789674,39.3960305083686 8.40570524810351,39.3960221181308 8.40567761779547,39.3960542278431 8.4056807477718,39.3960554178628 8.40583759692676,39.3960869789236 8.40581760654076,39.3961236586794 8.4058023864602,39.3961339985406 8.40578311619945,39.3961601783299 8.40580731599446,39.396171198477 8.40578875559054,39.3962090082403 8.40577318552799,39.3962179481027 8.40573505475006,39.3962913476278 8.40576270445327,39.3963090977822 8.40579719410589,39.3963293579798 8.40583877310943,39.3964014080905 8.40583575278125,39.3964291979941 8.40575761333198,39.3964027774942 8.40567628436227,39.3963375970749 8.4055911147257,39.3963283264778 8.40559759507874,39.3962976466072 8.4055373354139,39.396284656202 8.40547678589715,39.3962595258271 8.40548862621887,39.3962301259923 8.40537668723238,39.3961737653258 8.40540378754575,39.3961413456104 8.40535495800369,39.3961154553232 8.40540788859305,39.3960540058742 8.40539201864043,39.3960539557584 8.4053670189294,39.3960362056234 8.40535589901118,39.396032165553 8.40532813919475,39.3960237753728 8.40533541906681,39.3960325554024 8.40531995900272,39.3960415952653 8.40531387911403,39.3960338952416 8.40530273891895,39.3960526851099 8.40518161726702,39.3962183037821 8.40514735665393,39.3962771733744 8.40517356671326,39.3962659135959 8.40522910651367,39.3962688739935 8.40528987569087,39.3963219442952 8.40530519528232,39.3963519043269 8.40524936439946,39.396438253688 8.40519670415826,39.396470933216 8.40516868456858,39.3964439130838 8.40514830522954,39.3963943730676 8.40511045516194,39.3964091427517 8.40507172510214,39.3964234824305 8.40501639505864,39.3964405119809 8.40499666486776,39.3964610417818 8.4049587849521,39.3964632914992 8.40492584488749,39.396476621223 8.40488001507993,39.396471890901 8.40483803618955,39.3963906108121 8.4048896863151,39.3963677112505 8.40493389621513,39.39636521158 8.40494065602321,39.3963793915914 8.40494945598951,39.3963800316539 8.40497889592119,39.396378511873 8.40496438628272,39.3963522318374 8.40497139632538,39.3963470119026 8.40481012759818,39.396281260901 8.4047456481139,39.396254410502 8.40470043784552,39.3962875200833 8.40473017720744,39.396332900179 8.4047118270991,39.3963462900091 8.40464652733485,39.3963427195419 8.40463862766841,39.3963171395527 8.40462884763744,39.396322069468 8.40457046734371,39.3963604689389 8.40456815717064,39.3963752988823 8.4045981167962,39.396398889038 8.40460965661749,39.3964108190903 8.40465762652377,39.3964068894511 8.40470171657481,39.396391969813 8.40476996555091,39.3964598001298 8.40478682543088,39.3964656002374 8.40480914448703,39.3965379902066 8.4047826341024,39.3965761399109 8.40471836379874,39.3966167893327 8.40465634434057,39.3965871889591 8.40462668491656,39.3965469088504 8.40459918481457,39.3965619986092 8.40457171511629,39.3965437984573 8.40453579486396,39.396573328116 8.4045385548289,39.3965755481302 8.40447990436457,39.3966280775613 8.40447886437613,39.3966273775556 8.40445896425004,39.3966426073695 8.40444029413355,39.3966567471953 8.4043937637816,39.3966970667476 8.40440418367205,39.3967035668063 8.40435860335394,39.3967408663736 8.40432191290797,39.3967865459834 8.40427206226499,39.3968516654451 8.40421548291743,39.3968116251392 8.40417243348086,39.3967756349211 8.40416488356145,39.3967708248788 8.40411898337904,39.3967970144736 8.4040715036239,39.39678836415 8.40405609391204,39.3967683540911 8.40408738439042,39.3967213144455 8.40408810459438,39.3967043244962 8.40409406462424,39.3967004145502 8.40409991482934,39.396682084642 8.4040381950771,39.3966766542059 8.40403446534477,39.3966554942353 8.40397729532622,39.3966709137765 8.40395122546746,39.3966656036004 8.40392970551415,39.3966669834396 8.40387086564402,39.3966705730003 8.40386727597313,39.3966443130444 8.40383856608674,39.3966419228411 8.40383555665492,39.3965958129426 8.40380189853491,39.3964490030898 8.4038323184324,39.3964500633091 8.40387305830808,39.3964504136056 8.40387345836088,39.3964459636205 8.40387818895913,39.3963954937901 8.40388249952854,39.3963475039501 8.40388724015526,39.3962946841261 8.40400760972844,39.3963006249891 8.40412262927785,39.3963098258044</coordinates>
            </LinearRing>
          </innerBoundaryIs>
          <innerBoundaryIs>
            <LinearRing>
              <coordinates>8.40479487007221,39.3985541847057 8.40477241792476,39.3987366640534 8.40474650579769,39.398918303378 8.40445569691594,39.3988967613121 8.4041622780254,39.3988765792236 8.40418820020183,39.3986908699099 8.40421152233022,39.3985097505649 8.40423458446895,39.3983278412203 8.40425784653537,39.3981518418612 8.40455125538468,39.3981754239406 8.40484424426738,39.398196356024 8.40481835216784,39.3983757253548 8.40479487007221,39.3985541847057</coordinates>
            </LinearRing>
          </innerBoundaryIs>
          <innerBoundaryIs>
            <LinearRing>
              <coordinates>8.40489961930097,39.397767947575 8.4048745471857,39.3979484169089 8.40485147511304,39.3981248862681 8.40455956626124,39.3981011442 8.40426702739288,39.3980789221234 8.40429470949078,39.3978992528064 8.4043180115539,39.3977235134469 8.4043430636839,39.3975418341162 8.40436548578113,39.3973634947572 8.40465716466025,39.3973850368295 8.40494792355484,39.3974055288978 8.40492377144198,39.3975855782395 8.40489961930097,39.397767947575</coordinates>
            </LinearRing>
          </innerBoundaryIs>
          <innerBoundaryIs>
            <LinearRing>
              <coordinates>8.40466511551746,39.3973124370818 8.40437517661684,39.3972922450187 8.40441364006754,39.3969984260861 8.40443753216003,39.3968201167378 8.40445896425004,39.3966426073695 8.4047519431247,39.396664199451 8.40474239216075,39.3967459891624 8.40503022106905,39.3967660612104 8.40500639896764,39.3969450905572 8.40498408688919,39.3971218599211 8.40495788439315,39.397333999162 8.40466511551746,39.3973124370818</coordinates>
            </LinearRing>
          </innerBoundaryIs>
          <innerBoundaryIs>
            <LinearRing>
              <coordinates>8.40303075472637,39.3994233894974 8.40306805569661,39.3993343500081 8.40312315710086,39.3992052107561 8.40312992705847,39.3992070608005 8.40313090705231,39.399207330807 8.40329508602403,39.3992522118858 8.40334028574914,39.3992638921846 8.40348560486597,39.3993013931453 8.4033990237304,39.3994160322063 8.40332402273962,39.3995159213913 8.40331328255619,39.3995336512654 8.4032736618809,39.3995989408013 8.4032565015879,39.3996272606002 8.40323738126175,39.3996587903762 8.4031500318125,39.3996346098031 8.40316582215114,39.3996028600034 8.40314949224694,39.3995989298947 8.40317671285323,39.3995423402449 8.40316670290687,39.3995403501771 8.40316307280171,39.399549900125 8.40311477160996,39.399659869478 8.4031255715341,39.3996634995472 8.40321786093786,39.3996902301495 8.40317274019519,39.3997624096269 8.40308975073114,39.3997383890851 8.40307961079148,39.3997358790178 8.40307466067589,39.3997466089529 8.40316671009613,39.3997720395571 8.40314017966273,39.3998142092505 8.40311390925404,39.3998542789514 8.40303693975709,39.3998315084503 8.40303951984302,39.3998237984898 8.40287035089134,39.3997784773757 8.40299743384206,39.3995043790373 8.40300293416103,39.3994767491514 8.40302788400259,39.3994837493149 8.40303760424423,39.3994614694455 8.40303570425541,39.3994610094328 8.4030345542622,39.3994607294252 8.40301565437442,39.3994560692997 8.40303075472637,39.3994233894974</coordinates>
            </LinearRing>
          </innerBoundaryIs>
          <innerBoundaryIs>
            <LinearRing>
              <coordinates>8.40390538276027,39.3968999226384 8.40396033257236,39.3969020630339 8.40397306264705,39.3968928131516 8.40399117264996,39.3968881732963 8.40399897274572,39.3968783833795 8.40418206225124,39.3968746647263 8.40418412224566,39.3968746247415 8.4042170321568,39.3968739549836 8.40425390205723,39.3968732052548 8.40428352197722,39.3968726054727 8.40426371090072,39.3969661650776 8.40423489933485,39.397102254503 8.40409180971702,39.3971055134494 8.40407997893019,39.3971732531817 8.40407408887622,39.3971791331229 8.40407176877158,39.3971883230814 8.40406675836337,39.3972231929515 8.40405739839217,39.3972230928834 8.40405799803438,39.3972524428092 8.40404224806442,39.3972537926906 8.40403974806924,39.3972540026718 8.4040390178966,39.3972684126278 8.40398773805537,39.3972677822551 8.40395292807742,39.3972744219831 8.40394566807892,39.3972760619257 8.40402251786032,39.3972754124886 8.40402037717593,39.3973323523206 8.40401744657381,39.3973827021644 8.40405176647194,39.3973827624148 8.4040505460591,39.3974170923141 8.40401456614525,39.3974187320469 8.4040094651565,39.3975014817882 8.40400790472404,39.3975375116804 8.40400844404255,39.3975935615343 8.40400545356045,39.3976340314041 8.40403380345519,39.3976358216063 8.40403240304118,39.3976702915038 8.40400666311461,39.3976704913154 8.40400698251552,39.3977198011857 8.4039510426936,39.3977187107801 8.4039118228127,39.3977184204945 8.40390407339378,39.3976724005611 8.40391318337203,39.3976719806288 8.40391627383564,39.3976330107556 8.40391723501964,39.3975351710245 8.40389339509766,39.3975345308522 8.40389287555663,39.3974968209493 8.40388161560534,39.3974955408705 8.40388198613592,39.3974517109906 8.40389077610856,39.3974518310544 8.40390236726534,39.3973536514019 8.40388366731573,39.3973540412643 8.40388460830472,39.39727228149 8.40389933825027,39.3972731915951 8.40389737870862,39.3972358816806 8.40388772928753,39.3971905017317 8.40388429949342,39.3971743617498 8.40388248025995,39.3971116119045 8.40390433021387,39.3971101020681 8.40389941090753,39.397054112182 8.4038852415894,39.3970013422198 8.40390124160908,39.3969958323514 8.40390528230642,39.3969373625374 8.40390601243261,39.3969267825711 8.40390538276027,39.3968999226384</coordinates>
            </LinearRing>
          </innerBoundaryIs>
          <innerBoundaryIs>
            <LinearRing>
              <coordinates>8.40288583355548,39.4003794058806 8.40289994343189,39.4003861659655 8.40292558322142,39.400397286123 8.40293429334328,39.4003851262192 8.40294601325925,39.4003892062938 8.40298680406821,39.4003126167967 8.40296765420253,39.400306196674 8.4030191253726,39.4001972473414 8.40311016471926,39.4002289879213 8.40310464455598,39.4002437878413 8.40309767441457,39.4002571377547 8.40308537413332,39.4002833075949 8.40306056354381,39.4003379272675 8.40304348366316,39.400332237158 8.40299942284284,39.4004105566267 8.40307091227673,39.4004398570703 8.40305198191663,39.4004741368404 8.40309483170217,39.4004814071338 8.40311898268949,39.4003941575437 8.40313988257853,39.4003982276854 8.40319517231103,39.4004068480661 8.40314873037651,39.40057758727 8.40307157990045,39.4006355665515 8.40297182928669,39.4007103856228 8.40292656966148,39.4006904853456 8.40298175056939,39.4006022459846 8.40300250092218,39.4005681262275 8.40296616047848,39.4006135258406 8.40290751019758,39.4006509253123 8.40286482017586,39.400663084968 8.40284848031548,39.4006555448688 8.40277433094925,39.400621314419 8.40273509128459,39.4006032041809 8.40268263171918,39.4005801238596 8.40267663176974,39.400577413823 8.40267374179415,39.4005761038054 8.40268772198552,39.4005569339588 8.40274218273092,39.4004822645563 8.40275200264217,39.4004871946148 8.40276697281534,39.4004692847721 8.40274081300901,39.4004596746068 8.40282810411211,39.4003475455443 8.40288133386014,39.400355385912 8.40288890368109,39.4003683059327 8.40288583355548,39.4003794058806</coordinates>
            </LinearRing>
          </innerBoundaryIs>
          <innerBoundaryIs>
            <LinearRing>
              <coordinates>8.40382508846807,39.3980976488461 8.40381113854241,39.3980949087516 8.4038167090948,39.3980480189178 8.40380789914915,39.3980456788597 8.40382016991142,39.3979798591255 8.40383931001356,39.3979667893002 8.40382675005287,39.397966599209 8.40384010106682,39.3978797695389 8.40384734162095,39.3978323297188 8.40384894174361,39.3978218297585 8.40385750170892,39.397822609819 8.40385789217322,39.3977842399245 8.40386418272008,39.3977376300952 8.40395023244198,39.3977396507182 8.40400595224999,39.3977419411189 8.40400186155435,39.3978002809329 8.40399990113059,39.3978356908238 8.40401174108248,39.3978367809073 8.4040986007297,39.3978447615203 8.40409167999813,39.3979067513038 8.40408301907105,39.3979852810303 8.4039617795306,39.3979768501676 8.40396056941432,39.3979867301323 8.4039737693554,39.3979883802243 8.40395618862164,39.3980531399226 8.40396406857646,39.3980549499752 8.40410788799238,39.3980681609901 8.40410044716906,39.3981378407492 8.40406941731205,39.3981335905341 8.40403886738728,39.3981348103077 8.40403792673597,39.3981887301565 8.40401227668444,39.3981992099412 8.40397545691425,39.3981892096991 8.4039577164033,39.3982356394452 8.40398032628027,39.3982402895979 8.40394534485696,39.3983661190057 8.40386472518674,39.3983585184373 8.40389537501356,39.3983653486429 8.40387481453676,39.3984096483741 8.40389050442222,39.3984152784736 8.40387851390089,39.3984611682633 8.40383547396549,39.3984662979353 8.40375376447741,39.3984439473984 8.40375660459568,39.3984335074471 8.40376451519577,39.3983821176424 8.40377980557844,39.3983468578484 8.40378704662132,39.3982591281361 8.40379992712305,39.3982146383493 8.40381191759454,39.3981728585486 8.4038159278411,39.3981515586349 8.40382508846807,39.3980976488461</coordinates>
            </LinearRing>
          </innerBoundaryIs>
          <innerBoundaryIs>
            <LinearRing>
              <coordinates>8.40331166057532,39.3996973308155 8.40329940064468,39.3996945907333 8.40332325102059,39.3996578110059 8.40336204162992,39.3995981614488 8.40338238197819,39.3995645116874 8.40340535235256,39.3995280719527 8.40341765249975,39.3995129520829 8.40344943292955,39.3994698024305 8.40348861264693,39.3994835826797 8.40352133241075,39.3994951028878 8.40350628200625,39.3995321026789 8.40352050192347,39.3995354727737 8.40350321163875,39.3995631425734 8.40349087141951,39.3995842124269 8.40345884092613,39.3996326620633 8.40340799007939,39.3997148114722 8.40338968018466,39.3997105813498 8.40341851942954,39.3997658214125 8.40341090894985,39.3998072112462 8.40340035804464,39.3998843909626 8.40338592731888,39.3999477206877 8.40336255746466,39.399941380534 8.40335523663521,39.4000115302929 8.40331536534654,39.4001274396915 8.40330518540019,39.4001254896224 8.40329909525594,39.4001388595421 8.40329794523337,39.400140999528 8.40329547523337,39.4001415995084 8.4032066455576,39.4001364488735 8.40320658547856,39.4001429788555 8.40318657553972,39.4001427987099 8.403184185547,39.4001427786925 8.40318421748856,39.3999827291211 8.4031822083466,39.3999124892944 8.40318211838314,39.3999094993017 8.40319937830025,39.3999121394207 8.40323231943476,39.3998106199329 8.4032511496185,39.3997909001232 8.40327474965583,39.3997820903191 8.40327387043471,39.399718100484 8.40329926045755,39.3997100506909 8.40331166057532,39.3996973308155</coordinates>
            </LinearRing>
          </innerBoundaryIs>
          <innerBoundaryIs>
            <LinearRing>
              <coordinates>8.40357075598162,39.3991887440686 8.40351467524736,39.3992628934607 8.40335256625508,39.3992192023938 8.40327579673838,39.39919801189 8.40314340753856,39.3991642110137 8.40329265121542,39.3988248630117 8.40361802921922,39.3989103751589 8.40361855915615,39.3989154451492 8.4036265182156,39.3989910450049 8.40363143763701,39.3990375449164 8.40360726698074,39.3990975145794 8.40357075598162,39.3991887440686</coordinates>
            </LinearRing>
          </innerBoundaryIs>
          <innerBoundaryIs>
            <LinearRing>
              <coordinates>8.40299413410297,39.3978350034813 8.4030067378998,39.3975189444193 8.40300769843181,39.3974748545444 8.40301268116768,39.3972481051877 8.40301353163886,39.3972090552984 8.40327951073182,39.3972192072135 8.40320384728733,39.3975215458517 8.40313243369222,39.3978352644905 8.40299413410297,39.3978350034813</coordinates>
            </LinearRing>
          </innerBoundaryIs>
          <innerBoundaryIs>
            <LinearRing>
              <coordinates>8.4037667109135,39.3979102389215 8.40378353082231,39.3979136690351 8.4037475585363,39.3981108582446 8.40374321809602,39.398148208113 8.4037196172121,39.3982268077303 8.40365546472852,39.3984471266721 8.40364227480863,39.3984437265849 8.40355651532983,39.3984215960179 8.40347944579824,39.3984017055083 8.40351685671255,39.3983172460076 8.40354850748637,39.39824576643 8.4035740681111,39.3981880567711 8.40358746845979,39.3981560569546 8.40364170976751,39.3980350776745 8.4036635503093,39.3979851079677 8.40370496127355,39.3978955585098 8.4037667109135,39.3979102389215</coordinates>
            </LinearRing>
          </innerBoundaryIs>
          <innerBoundaryIs>
            <LinearRing>
              <coordinates>8.40361902330489,39.3985733360682 8.40361463263632,39.3986295158858 8.4036123021326,39.3986716057561 8.40360698098298,39.3987676654601 8.40361302981709,39.398862305251 8.40331211165605,39.3987838132637 8.40338682351341,39.3986125542676 8.40340552398842,39.3985688545211 8.40345016512198,39.3984645651263 8.40345965536307,39.3984423852549 8.40353186492828,39.3984606857333 8.40360873446544,39.3984801662424 8.40364339425678,39.398488946472 8.40361902330489,39.3985733360682</coordinates>
            </LinearRing>
          </innerBoundaryIs>
          <innerBoundaryIs>
            <LinearRing>
              <coordinates>8.4028911258574,39.4001883764305 8.40285655537538,39.4002365060492 8.40283004500584,39.4002734057569 8.40279406449764,39.4003240353586 8.40274714383521,39.4003900348394 8.40270283319979,39.4004531743468 8.40258024382648,39.4004312935102 8.40259534460452,39.4003634938019 8.40267912649439,39.400187364885 8.40272023742153,39.4001009554165 8.40278077700789,39.4001203458067 8.40278694712898,39.4001088658825 8.40292286630008,39.4001441767805 8.40291370617227,39.4001569366795 8.4028911258574,39.4001883764305</coordinates>
            </LinearRing>
          </innerBoundaryIs>
          <innerBoundaryIs>
            <LinearRing>
              <coordinates>8.4030279079163,39.3999854379724 8.40300438755058,39.4000212977047 8.40299018731558,39.4000441175399 8.4029606868276,39.4000915071977 8.40293929652911,39.4001213069617 8.40279758741899,39.4000823760311 8.4027381678178,39.4000639356465 8.40277499868246,39.3999837161302 8.40276202876593,39.3999799860454 8.40280259973348,39.3998903765815 8.40281609964724,39.3998942066699 8.40282170977907,39.3998819767435 8.40285797062999,39.3998030272196 8.4029173302196,39.3998224376011 8.40292308034932,39.3998103476755 8.40303662964797,39.3998405784237 8.40311038919914,39.3998596589113 8.4030453281873,39.3999588681707 8.4030279079163,39.3999854379724</coordinates>
            </LinearRing>
          </innerBoundaryIs>
          <innerBoundaryIs>
            <LinearRing>
              <coordinates>8.40407520195117,39.3961009560172 8.40411100258665,39.3960398664421 8.4043376810206,39.3961138978992 8.40436394084872,39.3961216880701 8.40438063068588,39.3961310581669 8.40439932043053,39.3961475682591 8.40436668011093,39.396181847929 8.40435729006607,39.3961878278445 8.40434005993284,39.396202997678 8.40429554977619,39.3962267272895 8.40427845978605,39.3962300671558 8.40424040959604,39.3962549768112 8.4042260994821,39.3962678466723 8.40420777935488,39.3962827864985 8.4041727593522,39.3962915162194 8.40414058952052,39.3962854560008 8.40409208984614,39.3962703956869 8.40404828013828,39.396256955403 8.40400127044919,39.3962427450978 8.40398262059502,39.3962352549816 8.40396973068383,39.3962310648987 8.40404126155194,39.3961421156592 8.40405391147888,39.3961450657436 8.404060251442,39.3961465657859 8.4040846618026,39.3961109060596 8.40409213176287,39.3961123661103 8.40409476181128,39.3961077361419 8.40407520195117,39.3961009560172</coordinates>
            </LinearRing>
          </innerBoundaryIs>
          <innerBoundaryIs>
            <LinearRing>
              <coordinates>8.40360776763039,39.3949218857604 8.40370874041648,39.3946676471784 8.40393256910043,39.3947217586679 8.40383258628024,39.3949785672503 8.40360776763039,39.3949218857604</coordinates>
            </LinearRing>
          </innerBoundaryIs>
          <innerBoundaryIs>
            <LinearRing>
              <coordinates>8.4025040391426,39.400835881871 8.40262992063924,39.4006819432022 8.40286143860819,39.4007931245953 8.40273491709001,39.4009489932543 8.4025040391426,39.400835881871</coordinates>
            </LinearRing>
          </innerBoundaryIs>
          <innerBoundaryIs>
            <LinearRing>
              <coordinates>8.40298971531853,39.4002088470956 8.40300583519861,39.4002148171974 8.40299506498262,39.4002352370641 8.40291544370103,39.4003602161482 8.40284934423878,39.4003319457411 8.40285917439348,39.4003168058534 8.40284998446399,39.4003132257959 8.40290154506009,39.4002515663374 8.40292814549124,39.4002095666441 8.40293754564393,39.4001946967525 8.40305733747037,39.4000150481081 8.40311421697314,39.4000422184507 8.40298971531853,39.4002088470956</coordinates>
            </LinearRing>
          </innerBoundaryIs>
          <innerBoundaryIs>
            <LinearRing>
              <coordinates>8.40392216424932,39.3959486753073 8.40391652419778,39.3959542952511 8.40395785375562,39.3959807054822 8.40397862347972,39.3959984055865 8.4039809834485,39.3960004055984 8.40401732311457,39.3960191058137 8.40407770256811,39.3960494861732 8.40405051222953,39.3960840058823 8.40402680193335,39.3961141856283 8.40400452166994,39.396141315393 8.40397385192505,39.3961277352054 8.40388630062515,39.3962561742223 8.40381154120756,39.3962263237563 8.40386933203284,39.396144244398 8.40383153265394,39.3961022242345 8.40383088266471,39.3961014942317 8.40380510283894,39.3960933940651 8.40381254306483,39.3960729641742 8.4038131530834,39.3960712841831 8.40383010341031,39.3960402143901 8.40385345384803,39.3959984546724 8.40388245424192,39.3959589349899 8.40389001436021,39.3959473450761 8.40390169447171,39.3959353151936 8.40392216424932,39.3959486753073</coordinates>
            </LinearRing>
          </innerBoundaryIs>
          <innerBoundaryIs>
            <LinearRing>
              <coordinates>8.40440992179004,39.3952084708506 8.40442427230363,39.3951626410781 8.40445826221861,39.3951613913296 8.40451046185431,39.3951787416643 8.40446089094166,39.3952660310686 8.40441686013748,39.395343030541 8.40439748969654,39.3953840902897 8.40436379934342,39.3954213899438 8.40431812886938,39.3954715694759 8.4042549994004,39.3954431290911 8.40423278958716,39.3954331289557 8.40428020013673,39.395376299454 8.40429865000921,39.3953823295726 8.40432114029067,39.3953536598136 8.40430142045965,39.3953445196941 8.4043324909971,39.3952926600598 8.40437198199842,39.3952005105948 8.40440992179004,39.3952084708506</coordinates>
            </LinearRing>
          </innerBoundaryIs>
          <innerBoundaryIs>
            <LinearRing>
              <coordinates>8.40495693561942,39.3939353482533 8.40501108523301,39.3939540485987 8.40502979509514,39.393960868717 8.40502306468842,39.3939960385737 8.40499927413222,39.3940476782617 8.40498930418648,39.3940456281944 8.40496314373429,39.3940892678865 8.40493372388759,39.3940837776865 8.40493234386303,39.3940861376701 8.40487798427177,39.394065647328 8.40481748471499,39.3940438069447 8.40473905518801,39.3940238664254 8.40474579560355,39.3939879665707 8.4047950957873,39.3939608370034 8.40481258572641,39.393961607129 8.40481977603487,39.3939344272543 8.40490865568641,39.3939415578842 8.40493813585349,39.3939206181555 8.40495786569589,39.3939288182776 8.40495693561942,39.3939353482533</coordinates>
            </LinearRing>
          </innerBoundaryIs>
          <innerBoundaryIs>
            <LinearRing>
              <coordinates>8.40330444459248,39.4001922494383 8.4033093844418,39.4002034694443 8.40329558372303,39.400266069176 8.40326711209309,39.4004073385901 8.40312479282184,39.4003818376191 8.40312582293817,39.4003719976529 8.40313960347479,39.4003244178809 8.40318323504501,39.4001843885742 8.40320457501233,39.4001818987367 8.40325790482412,39.4001844591193 8.40328457473656,39.4001851993121 8.40329677467489,39.4001873193955 8.40330444459248,39.4001922494383</coordinates>
            </LinearRing>
          </innerBoundaryIs>
          <innerBoundaryIs>
            <LinearRing>
              <coordinates>8.4054816484619,39.3943979708461 8.40539395884334,39.394387830233 8.40539552964927,39.3943210004234 8.40539493992342,39.3942985404792 8.4053904012023,39.3941942007254 8.40538365157938,39.394164750755 8.40545244134546,39.3941673212504 8.40550486123802,39.3941634416435 8.40554533020388,39.3942388717371 8.40554240930648,39.3943135715157 8.40553988854386,39.3943770613274 8.40554821812512,39.3944095613012 8.4054816484619,39.3943979708461</coordinates>
            </LinearRing>
          </innerBoundaryIs>
          <innerBoundaryIs>
            <LinearRing>
              <coordinates>8.40534032323942,39.3940384107768 8.40535389247923,39.3940977907169 8.40532382258762,39.3940961605017 8.40530905235657,39.3941188003333 8.40529441202798,39.3941494501443 8.40522165231763,39.3941432496296 8.40517102248857,39.3941414592647 8.40513245261523,39.394140388986 8.40513367323662,39.3940888591328 8.40511531327583,39.3940900889955 8.40511436391852,39.3940373291298 8.40511540410964,39.3940213191803 8.40511766449364,39.393989109283 8.40517965425659,39.3939935897237 8.40523049406829,39.3939967600864 8.40530290385572,39.3939966906153 8.40533189376529,39.3939971008259 8.40533598351867,39.394016440804 8.40534032323942,39.3940384107768</coordinates>
            </LinearRing>
          </innerBoundaryIs>
          <innerBoundaryIs>
            <LinearRing>
              <coordinates>8.40394676266585,39.3968976529466 8.40389160280816,39.3968993225394 8.4038763545188,39.3967620027956 8.4038537745697,39.3967632926273 8.40384496557139,39.3966828527783 8.40387005551407,39.3966814829651 8.40392049539889,39.3966787233409 8.40393015441167,39.3967577631998 8.4039948642827,39.396752673686 8.4040014537264,39.3967969336156 8.40393698383065,39.3968040031259 8.40394676266585,39.3968976529466</coordinates>
            </LinearRing>
          </innerBoundaryIs>
          <innerBoundaryIs>
            <LinearRing>
              <coordinates>8.40523695449849,39.3939597202328 8.405181304708,39.3939559698364 8.40512232498214,39.3939476994279 8.40512773610847,39.3938535197196 8.40518489590008,39.3938568101281 8.40520664626775,39.3938212103823 8.40523772612847,39.3938251405987 8.40526563582838,39.3938431007544 8.40530016511751,39.3938933208721 8.40532141426374,39.3939585508526 8.40523695449849,39.3939597202328</coordinates>
            </LinearRing>
          </innerBoundaryIs>
          <innerBoundaryIs>
            <LinearRing>
              <coordinates>8.40547130472898,39.3963571655257 8.40556973414706,39.39638122618 8.40558330360976,39.3964222261694 8.4055523337094,39.3964215359451 8.40555317355858,39.3964337659185 8.40549406369773,39.3964366554791 8.40543228389738,39.3964352050319 8.40547130472898,39.3963571655257</coordinates>
            </LinearRing>
          </innerBoundaryIs>
          <innerBoundaryIs>
            <LinearRing>
              <coordinates>8.40416382753423,39.3956191379542 8.40409782774598,39.395617717476 8.40414436825179,39.3955647079578 8.40413268836093,39.395558547889 8.40414609848212,39.3955452980224 8.40417100826387,39.3955572381723 8.4042219978169,39.3955816984792 8.40420944774424,39.3955907383634 8.40416382753423,39.3956191379542</coordinates>
            </LinearRing>
          </innerBoundaryIs>
          <innerBoundaryIs>
            <LinearRing>
              <coordinates>8.40480539683983,39.396344930696 8.40482866729974,39.3963013609826 8.4048834868883,39.3963219613277 8.40485702645223,39.396364341021 8.40480539683983,39.396344930696</coordinates>
            </LinearRing>
          </innerBoundaryIs>
        </Polygon>
      </Placemark>
      <Placemark xmlns="http://www.opengis.net/kml/2.2">
        <styleUrl>#Parti singole_style_map</styleUrl>
        <name>T03758</name>
        <Polygon>
          <outerBoundaryIs>
            <LinearRing>
              <coordinates>8.40451840099496,39.3951420818788 8.40456974600701,39.3951375061964 8.40457042373983,39.3951315537431 8.40457930575805,39.3951140288004 8.40459157143066,39.3950878080545 8.40460686735405,39.3950521147936 8.40461452797709,39.3950348268766 8.40462239592961,39.3950150080772 8.40463221472626,39.3949938386843 8.40464586659376,39.3949616510848 8.40465833567301,39.394931989371 8.40466759432699,39.3949097718917 8.40463019588167,39.3949076071108 8.40462567388141,39.3949204328941 8.40460919549811,39.3949654459453 8.40459308769154,39.3950078478536 8.40457962243874,39.3950453976348 8.40456161171399,39.3950753192964 8.40454701396772,39.3951135751013 8.40451450203796,39.3951035060893 8.40451840099496,39.3951420818788</coordinates>
            </LinearRing>
          </outerBoundaryIs>
        </Polygon>
      </Placemark>
      <Placemark xmlns="http://www.opengis.net/kml/2.2">
        <styleUrl>#Parti singole_style_map</styleUrl>
        <name>T03759</name>
        <Polygon>
          <outerBoundaryIs>
            <LinearRing>
              <coordinates>8.40452035288564,39.3949904455824 8.40455062938376,39.3949383849302 8.40455850673516,39.3949215576606 8.4045550041409,39.394907375257 8.40455669905319,39.3949033472438 8.40453319455226,39.3949019744194 8.40452035288564,39.3949904455824</coordinates>
            </LinearRing>
          </outerBoundaryIs>
        </Polygon>
      </Placemark>
      <Placemark xmlns="http://www.opengis.net/kml/2.2">
        <styleUrl>#Parti singole_style_map</styleUrl>
        <name>T03760</name>
        <Polygon>
          <outerBoundaryIs>
            <LinearRing>
              <coordinates>8.40463600078181,39.3942291840551 8.40481414241215,39.3942399895549 8.40484805683858,39.3942243767946 8.40489345514768,39.3942048041276 8.40490519484124,39.3942171995535 8.40493220038861,39.3942465767592 8.40496900530172,39.3942256265334 8.40503211873696,39.394184897763 8.40506206571048,39.3941510274346 8.40501280811907,39.3941013799603 8.40493059166993,39.3941530397816 8.40492757455733,39.3941555112322 8.40485335337091,39.3941532211413 8.40481180568122,39.3941870230245 8.40478393852017,39.3942125512229 8.40470304523146,39.3941495503337 8.40464568986663,39.3941467878073 8.40463600078181,39.3942291840551</coordinates>
            </LinearRing>
          </outerBoundaryIs>
        </Polygon>
      </Placemark>
      <Placemark xmlns="http://www.opengis.net/kml/2.2">
        <styleUrl>#Parti singole_style_map</styleUrl>
        <name>T03761</name>
        <Polygon>
          <outerBoundaryIs>
            <LinearRing>
              <coordinates>8.40508934122463,39.3942306303811 8.40508909491173,39.3942664457643 8.40508995705937,39.3942934455623 8.40506966450333,39.3943254550737 8.40506838723937,39.3943787274841 8.40507710886788,39.3943554529962 8.40513448347333,39.3941619221817 8.40506506876835,39.3941597739517 8.40508934122463,39.3942306303811</coordinates>
            </LinearRing>
          </outerBoundaryIs>
        </Polygon>
      </Placemark>
      <Placemark xmlns="http://www.opengis.net/kml/2.2">
        <styleUrl>#Parti singole_style_map</styleUrl>
        <name>T03762</name>
        <Polygon>
          <outerBoundaryIs>
            <LinearRing>
              <coordinates>8.40475599410071,39.3949177121718 8.40479061682567,39.3949253681039 8.40481584005588,39.3949267406636 8.4048355451987,39.39490375669 8.4047894723918,39.3949028991309 8.40478743874144,39.3949167198001 8.40475725999827,39.3949149704574 8.40475599410071,39.3949177121718</coordinates>
            </LinearRing>
          </outerBoundaryIs>
        </Polygon>
      </Placemark>
      <Placemark xmlns="http://www.opengis.net/kml/2.2">
        <styleUrl>#Parti singole_style_map</styleUrl>
        <name>T03763</name>
        <Polygon>
          <outerBoundaryIs>
            <LinearRing>
              <coordinates>8.4048355451987,39.39490375669 8.40492291255385,39.3947025584241 8.40492351599542,39.3946930464502 8.40490845906393,39.3946938253858 8.40484886318475,39.394794726023 8.40486843342373,39.3948026292626 8.40486063848829,39.3948207004211 8.40484078233939,39.3948436926368 8.4048355451987,39.39490375669</coordinates>
            </LinearRing>
          </outerBoundaryIs>
        </Polygon>
      </Placemark>
      <Placemark xmlns="http://www.opengis.net/kml/2.2">
        <styleUrl>#Parti singole_style_map</styleUrl>
        <name>T03764</name>
        <Polygon>
          <outerBoundaryIs>
            <LinearRing>
              <coordinates>8.40492291255385,39.3947025584241 8.40493945981499,39.3946644386922 8.40492576896491,39.3946575206645 8.40492351599542,39.3946930464502 8.40492291255385,39.3947025584241</coordinates>
            </LinearRing>
          </outerBoundaryIs>
        </Polygon>
      </Placemark>
      <Placemark xmlns="http://www.opengis.net/kml/2.2">
        <styleUrl>#Parti singole_style_map</styleUrl>
        <name>T03765</name>
        <Polygon>
          <outerBoundaryIs>
            <LinearRing>
              <coordinates>8.40498544654543,39.3943803034093 8.4049978590038,39.394383232258 8.40498891000012,39.3944059289057 8.40502592043686,39.394409992796 8.40505506710176,39.3944142777421 8.40506838723937,39.3943787274841 8.4049861189504,39.3943749726483 8.40498544654543,39.3943803034093</coordinates>
            </LinearRing>
          </outerBoundaryIs>
        </Polygon>
      </Placemark>
      <Placemark xmlns="http://www.opengis.net/kml/2.2">
        <styleUrl>#Parti singole_style_map</styleUrl>
        <name>T03776</name>
        <Polygon>
          <outerBoundaryIs>
            <LinearRing>
              <coordinates>8.46968145936209,39.400909458373 8.46980970448382,39.4009319387576 8.46986037313875,39.4007667643213 8.4697771629216,39.40075403149 8.46976639227579,39.4007822212323 8.46972999060657,39.4007765678255 8.46968145936209,39.400909458373</coordinates>
            </LinearRing>
          </outerBoundaryIs>
        </Polygon>
      </Placemark>
      <Placemark xmlns="http://www.opengis.net/kml/2.2">
        <styleUrl>#Parti singole_style_map</styleUrl>
        <name>T03777</name>
        <Polygon>
          <outerBoundaryIs>
            <LinearRing>
              <coordinates>8.47002676209495,39.4006522427501 8.47009940837316,39.4006152614551 8.47006844081049,39.4005760328181 8.46999593839332,39.4006170244162 8.47002676209495,39.4006522427501</coordinates>
            </LinearRing>
          </outerBoundaryIs>
        </Polygon>
      </Placemark>
      <Placemark xmlns="http://www.opengis.net/kml/2.2">
        <styleUrl>#Parti singole_style_map</styleUrl>
        <name>T03778</name>
        <Polygon>
          <outerBoundaryIs>
            <LinearRing>
              <coordinates>8.47009940837316,39.4006152614551 8.47018056537336,39.4005739668338 8.47014634351837,39.4005319841992 8.47006844081049,39.4005760328181 8.47009940837316,39.4006152614551</coordinates>
            </LinearRing>
          </outerBoundaryIs>
        </Polygon>
      </Placemark>
      <Placemark xmlns="http://www.opengis.net/kml/2.2">
        <styleUrl>#Parti singole_style_map</styleUrl>
        <name>T03779</name>
        <Polygon>
          <outerBoundaryIs>
            <LinearRing>
              <coordinates>8.46991230068503,39.4004920911571 8.46996972836636,39.4004817476354 8.46994968545944,39.4004169970092 8.46989050563868,39.4004286750948 8.46991230068503,39.4004920911571</coordinates>
            </LinearRing>
          </outerBoundaryIs>
        </Polygon>
      </Placemark>
      <Placemark xmlns="http://www.opengis.net/kml/2.2">
        <styleUrl>#Parti singole_style_map</styleUrl>
        <name>T03780</name>
        <Polygon>
          <outerBoundaryIs>
            <LinearRing>
              <coordinates>8.47257900634737,39.3997036192736 8.4726364916975,39.39970243836 8.47262407162514,39.3996075466314 8.47256862351121,39.3996111786234 8.47257900634737,39.3997036192736</coordinates>
            </LinearRing>
          </outerBoundaryIs>
        </Polygon>
      </Placemark>
      <Placemark xmlns="http://www.opengis.net/kml/2.2">
        <styleUrl>#Parti singole_style_map</styleUrl>
        <name>T03781</name>
        <Polygon>
          <outerBoundaryIs>
            <LinearRing>
              <coordinates>8.44801720857965,39.3906089578388 8.44816707689205,39.3901035496668 8.44810797494403,39.3900897984644 8.4479565904295,39.3905915771428 8.44801720857965,39.3906089578388</coordinates>
            </LinearRing>
          </outerBoundaryIs>
        </Polygon>
      </Placemark>
      <Placemark xmlns="http://www.opengis.net/kml/2.2">
        <styleUrl>#Parti singole_style_map</styleUrl>
        <name>T03617</name>
        <Polygon>
          <outerBoundaryIs>
            <LinearRing>
              <coordinates>8.3897739025755,39.3927913752538 8.38973309367484,39.3928369342885 8.38969912954968,39.3928832500721 8.38984273885351,39.3929409499252 8.38995345208736,39.392935764124 8.38996886724185,39.3929125078712 8.38988951955253,39.392863074587 8.38983832710037,39.392834242769 8.38983445774363,39.3927985409895 8.3897739025755,39.3927913752538</coordinates>
            </LinearRing>
          </outerBoundaryIs>
        </Polygon>
      </Placemark>
      <Placemark xmlns="http://www.opengis.net/kml/2.2">
        <styleUrl>#Parti singole_style_map</styleUrl>
        <name>T03624</name>
        <Polygon>
          <outerBoundaryIs>
            <LinearRing>
              <coordinates>8.39119042694102,39.3928955729937 8.39127943262027,39.3928360292185 8.39126660933348,39.3927882966797 8.3912315614718,39.3927323383593 8.39119358918368,39.3927188941546 8.39110479895382,39.3927403246884 8.39105621153018,39.3927724178509 8.39108235274152,39.3928510359766 8.39112916057038,39.3928766906232 8.39119042694102,39.3928955729937</coordinates>
            </LinearRing>
          </outerBoundaryIs>
        </Polygon>
      </Placemark>
      <Placemark xmlns="http://www.opengis.net/kml/2.2">
        <styleUrl>#Parti singole_style_map</styleUrl>
        <name>T03626</name>
        <Polygon>
          <outerBoundaryIs>
            <LinearRing>
              <coordinates>8.38619865779421,39.3916220102143 8.38640230483549,39.3918776309116 8.38673705797505,39.3923055922982 8.38670631637385,39.3927792008299 8.38667486574799,39.3932541571452 8.38666201357658,39.3935414332947 8.3866463249975,39.3939005980247 8.38663277725488,39.3941611994772 8.3871793905022,39.3941347975568 8.38761688048479,39.3941439504026 8.38824219795869,39.3941608478027 8.38849930671437,39.3945993882546 8.38863607743602,39.3951212730372 8.38876763628207,39.395043303276 8.38944335155277,39.3948217717982 8.38985435597778,39.3948190635533 8.39010474362446,39.3950707781273 8.39081262822113,39.3949553705526 8.39101659506482,39.3949236408663 8.39369155179773,39.3947586718603 8.39369991191524,39.3946917676463 8.39375040730533,39.3942248379418 8.39372905079742,39.3939419779505 8.39366099953185,39.3937141086601 8.39362924507113,39.3935994199507 8.39361042135178,39.3935604866448 8.39344285541939,39.393238209062 8.39339527215936,39.3931410982393 8.3933583527688,39.3930864823658 8.39329138793067,39.3929746734117 8.39310345796648,39.3926843663499 8.39309354140429,39.3926628696614 8.39288403442838,39.3922630624418 8.39277332763802,39.3920534413323 8.39272674505306,39.3919616516275 8.39262988832489,39.3917886852379 8.39252598492347,39.3916918204746 8.39235299328342,39.3915809887807 8.39214724455923,39.3915115238913 8.39198064795527,39.3914533462552 8.39187145447716,39.391417544274 8.39176941973028,39.391386465084 8.39139242769089,39.3912459113897 8.39108776071697,39.3911344786555 8.39042836819871,39.3908730538585 8.39029598752314,39.3908331642337 8.39006735310008,39.3907652876572 8.39007572828089,39.3908036261142 8.38998432177513,39.3908723470844 8.38992332316426,39.3909029329988 8.38991693130211,39.3908901946911 8.38988490954589,39.3909002986224 8.38987321172384,39.3908701422522 8.38985734763689,39.3908650131447 8.38983742965836,39.3908586914009 8.3898272558011,39.3908935085589 8.3898172663696,39.3909204875691 8.38981192801063,39.3909334346419 8.38983208442432,39.3909523723082 8.38982492175032,39.3909881063139 8.38978929883382,39.390985036026 8.38971363463502,39.3909395865512 8.38970661141766,39.3909060307178 8.38958628058201,39.3908692670913 8.38961372565885,39.3908113836923 8.38971350899455,39.3907808212951 8.38975618208958,39.3906811190662 8.38897343314149,39.390491302607 8.38876100837575,39.3904424306436 8.38857098021327,39.390395297947 8.38842278252071,39.3903451411832 8.38827634725402,39.3902926507784 8.38787801075214,39.3900846651491 8.38779221785077,39.3900557403817 8.38769615533085,39.3900193728832 8.38751949517766,39.390023938896 8.38739347106158,39.3901736598881 8.38634919979209,39.3914313321952 8.38619865779421,39.3916220102143</coordinates>
            </LinearRing>
          </outerBoundaryIs>
          <innerBoundaryIs>
            <LinearRing>
              <coordinates>8.38875466238476,39.3925392249824 8.38883921473054,39.3925510226164 8.38881839128506,39.39263507099 8.38873939765921,39.3926250145523 8.38875466238476,39.3925392249824</coordinates>
            </LinearRing>
          </innerBoundaryIs>
          <innerBoundaryIs>
            <LinearRing>
              <coordinates>8.38969825493211,39.3918912823777 8.38971064585056,39.3918152990026 8.38975696357597,39.3917638219636 8.38981787642031,39.3917698182223 8.38978566599375,39.3918681336847 8.38981792505236,39.3918708259034 8.38979931160904,39.3919546157486 8.38973331921523,39.3919451688408 8.38969410319727,39.3919412687226 8.38969825493211,39.3918912823777</coordinates>
            </LinearRing>
          </innerBoundaryIs>
          <innerBoundaryIs>
            <LinearRing>
              <coordinates>8.38991959895249,39.3918633400756 8.38992149087311,39.3918194689881 8.39003476243698,39.3918136657934 8.39005451809011,39.3918653093416 8.39005367603167,39.3919086453097 8.39005363116567,39.3919404520512 8.39005353068596,39.3919519849321 8.38991501169209,39.3919499967771 8.38991959895249,39.3918633400756</coordinates>
            </LinearRing>
          </innerBoundaryIs>
          <innerBoundaryIs>
            <LinearRing>
              <coordinates>8.39083501187208,39.3936776227379 8.39082377941043,39.3936739597028 8.39085100733718,39.393627698412 8.39092254699803,39.3936270820155 8.39099297124457,39.3936612401577 8.39101097138786,39.3937145863256 8.39099912404248,39.3937415556938 8.39085496959567,39.3937462068835 8.39080437638963,39.3937284615129 8.39083501187208,39.3936776227379</coordinates>
            </LinearRing>
          </innerBoundaryIs>
          <innerBoundaryIs>
            <LinearRing>
              <coordinates>8.39134986310957,39.3916138566567 8.39140239330616,39.3915555635139 8.39149534013584,39.3915767740484 8.39152412372776,39.3916453141857 8.39149864080662,39.3917180755836 8.39144040934187,39.3916974972672 8.39137975978661,39.3916745635413 8.39136163491501,39.3916623045297 8.39134986310957,39.3916138566567</coordinates>
            </LinearRing>
          </innerBoundaryIs>
          <innerBoundaryIs>
            <LinearRing>
              <coordinates>8.39172066059418,39.3921735454008 8.39176516669243,39.3921834194215 8.39176856545497,39.392139736395 8.39179421765913,39.3921410419355 8.39188661658972,39.3921452194935 8.39188554263741,39.3921886443677 8.39187621986096,39.3922859988473 8.39168824598535,39.3922555513616 8.39172066059418,39.3921735454008</coordinates>
            </LinearRing>
          </innerBoundaryIs>
          <innerBoundaryIs>
            <LinearRing>
              <coordinates>8.38947913616085,39.3926893611756 8.38965387691525,39.3927458731427 8.3896739081196,39.3927792269323 8.38958585496423,39.3928625621268 8.38944939145964,39.3927977812038 8.38947913616085,39.3926893611756</coordinates>
            </LinearRing>
          </innerBoundaryIs>
          <innerBoundaryIs>
            <LinearRing>
              <coordinates>8.3892165182509,39.3926560849282 8.38926715169611,39.3925359709531 8.38930620788633,39.3925449162415 8.38929870054682,39.392566862369 8.38933926081733,39.392576446279 8.38929318465754,39.3926800049488 8.38923581965933,39.3928263040518 8.38915219532296,39.3928012661848 8.3892165182509,39.3926560849282</coordinates>
            </LinearRing>
          </innerBoundaryIs>
          <innerBoundaryIs>
            <LinearRing>
              <coordinates>8.39013071912794,39.392209188333 8.39013451837867,39.3921329796438 8.39013848170707,39.3920246044188 8.39022082744385,39.3920230539726 8.39030944439591,39.3920214462456 8.39031272631073,39.3920446203743 8.3903159548815,39.3920605858432 8.39022218625665,39.3920670322158 8.39022186443674,39.3921306444803 8.39022396932275,39.3922089565436 8.39022532657005,39.3922531149867 8.3901295381701,39.3922514412647 8.39013071912794,39.392209188333</coordinates>
            </LinearRing>
          </innerBoundaryIs>
          <innerBoundaryIs>
            <LinearRing>
              <coordinates>8.39175235204282,39.3919876448654 8.39179398262905,39.3918873958221 8.39183872420474,39.3919102461313 8.39192199756937,39.3919623116621 8.39191778236422,39.3920866341804 8.39181036811638,39.3920865229302 8.39181413398854,39.3920406793076 8.39174347923767,39.3920331914578 8.39175235204282,39.3919876448654</coordinates>
            </LinearRing>
          </innerBoundaryIs>
          <innerBoundaryIs>
            <LinearRing>
              <coordinates>8.3899327682879,39.391604718425 8.38996346861469,39.3915464015059 8.38994679468061,39.391540907743 8.39001236334308,39.3914923248437 8.39008381190914,39.3915552323326 8.39011233773204,39.3915732226962 8.3901757013778,39.3916177964571 8.39015419736317,39.3916602131223 8.39011201802875,39.3916765711733 8.39003510442851,39.3916677879923 8.38997767606825,39.3916483845194 8.38995408697397,39.3916102365581 8.3899327682879,39.391604718425</coordinates>
            </LinearRing>
          </innerBoundaryIs>
          <innerBoundaryIs>
            <LinearRing>
              <coordinates>8.39105621153018,39.3927724178509 8.39110479895382,39.3927403246884 8.39119358918368,39.3927188941546 8.3912315614718,39.3927323383593 8.39126660933348,39.3927882966797 8.39127943262027,39.3928360292185 8.39119042694102,39.3928955729937 8.39112916057038,39.3928766906232 8.39108235274152,39.3928510359766 8.39105621153018,39.3927724178509</coordinates>
            </LinearRing>
          </innerBoundaryIs>
          <innerBoundaryIs>
            <LinearRing>
              <coordinates>8.38957671069859,39.3929790195431 8.38956284393652,39.3929578622389 8.3896040717874,39.3929308670396 8.3896388836246,39.3929338430235 8.38970923230901,39.3929365549949 8.38984473840761,39.3929913289636 8.38984040403817,39.3930223022477 8.38973914845251,39.393088178062 8.38966627244841,39.3930822991772 8.38964852665865,39.3930531923065 8.38959976170708,39.3930256345927 8.3895511262712,39.392996545758 8.38957671069859,39.3929790195431</coordinates>
            </LinearRing>
          </innerBoundaryIs>
          <innerBoundaryIs>
            <LinearRing>
              <coordinates>8.39138290608554,39.3919538146491 8.39138775234432,39.3919440185966 8.39146505619532,39.3918411631347 8.39150169237292,39.3918345970038 8.39151461019348,39.3918580918398 8.39152168505089,39.3918724555182 8.39160379224429,39.3919250558025 8.39161175818412,39.3919705102781 8.3916067683522,39.3920235558708 8.39137688902539,39.3920047824456 8.39138290608554,39.3919538146491</coordinates>
            </LinearRing>
          </innerBoundaryIs>
          <innerBoundaryIs>
            <LinearRing>
              <coordinates>8.38954086731469,39.3916427582486 8.38964413481632,39.3915190458939 8.38976858175735,39.3915766452591 8.38975572144185,39.3915999148992 8.3897166894457,39.3916548541588 8.3897367088345,39.3916628884455 8.38970547231791,39.3917294020213 8.38961200873995,39.391714224364 8.38954981331475,39.3916955164943 8.38954086731469,39.3916427582486</coordinates>
            </LinearRing>
          </innerBoundaryIs>
          <innerBoundaryIs>
            <LinearRing>
              <coordinates>8.39095725452673,39.3929079577326 8.39105478409479,39.3929098201032 8.39119114558829,39.392959821435 8.39116456457667,39.3929985174013 8.39116554898824,39.3930455572284 8.39114023884703,39.3930716451797 8.39104882662161,39.3930740498397 8.39099965865156,39.3930527078275 8.39096971346719,39.3930375936014 8.39095368903502,39.3929707420594 8.39095725452673,39.3929079577326</coordinates>
            </LinearRing>
          </innerBoundaryIs>
          <innerBoundaryIs>
            <LinearRing>
              <coordinates>8.39010495819338,39.3917138375122 8.39021335576029,39.3916943126557 8.39020014391333,39.3917846184379 8.39029653736702,39.3917967474241 8.39027551742567,39.3918635850364 8.39023932051137,39.391859700933 8.39022375960102,39.3919530579585 8.39010578110483,39.3919526194206 8.39011488832654,39.3918136355576 8.39010495819338,39.3917138375122</coordinates>
            </LinearRing>
          </innerBoundaryIs>
          <innerBoundaryIs>
            <LinearRing>
              <coordinates>8.39102902304418,39.3916127174444 8.3910607525089,39.3915427821093 8.39120320153519,39.3915467717792 8.39126416375082,39.391613858566 8.3912308503192,39.3916790101114 8.3912250581978,39.3917174545186 8.39114735757961,39.3917190299992 8.39108909422658,39.3917154811393 8.39103176139643,39.391711756914 8.3910078041195,39.391715866368 8.39102902304418,39.3916127174444</coordinates>
            </LinearRing>
          </innerBoundaryIs>
          <innerBoundaryIs>
            <LinearRing>
              <coordinates>8.39151779356734,39.3924537910102 8.39152079715251,39.3924155122102 8.39154668471735,39.3923630265026 8.39156636856884,39.3923161849267 8.39164342166957,39.3923090192859 8.39170834664321,39.3923077370619 8.39175149226944,39.3923539161849 8.39176615940245,39.3925102345401 8.39164178057138,39.3924978702518 8.39160831241828,39.392514004104 8.39151029775578,39.3925145724884 8.39151779356734,39.3924537910102</coordinates>
            </LinearRing>
          </innerBoundaryIs>
          <innerBoundaryIs>
            <LinearRing>
              <coordinates>8.39151009100157,39.3917634581963 8.39156949765974,39.3916354598803 8.39163922050772,39.3915897811511 8.39172073122255,39.3916040837109 8.39169818855729,39.3916458644972 8.39178184506054,39.3916537808017 8.39176427542936,39.3917112658408 8.39180814010323,39.3917147390521 8.39178446131463,39.3917536305597 8.39176476994352,39.3918013731859 8.39174988873668,39.3918434643705 8.39167741230373,39.3918318221328 8.39168233370467,39.3917732797871 8.39160985649805,39.3918018242252 8.39155538816613,39.3918025303782 8.39151009100157,39.3917634581963</coordinates>
            </LinearRing>
          </innerBoundaryIs>
          <innerBoundaryIs>
            <LinearRing>
              <coordinates>8.38920792863668,39.3930682689623 8.38926655122804,39.3930440683961 8.38928967110869,39.3929895863603 8.38926876351577,39.3929635263862 8.38929596760928,39.3929333940776 8.38934289390291,39.3929187732479 8.38936369972218,39.3928766233917 8.38943965844959,39.3928618846686 8.38946921793103,39.3928812321853 8.38948077341088,39.3928877803986 8.38952881573095,39.3929049723243 8.38955121536991,39.3929596933902 8.38949186018208,39.3930412869683 8.38943369471745,39.3930929719914 8.38937448209125,39.3930649989044 8.38924423586131,39.3931261266997 8.38920792863668,39.3930682689623</coordinates>
            </LinearRing>
          </innerBoundaryIs>
          <innerBoundaryIs>
            <LinearRing>
              <coordinates>8.38959044661839,39.3921494973206 8.3896615461078,39.392079318521 8.389661572815,39.3920762550998 8.38971929622085,39.3920351999914 8.38990311903016,39.3920487792881 8.38994524830717,39.3920515232586 8.38994868336593,39.3920304567694 8.39004159987936,39.3920285113848 8.39003926408754,39.3920433664155 8.39003321477074,39.3920712671546 8.39002860179364,39.3921475616771 8.38994041750146,39.3921927821568 8.3899026590618,39.3921948366691 8.38988739420905,39.3921742126939 8.38985917317455,39.3921878506417 8.38982879700816,39.3921822849628 8.3897545552079,39.3921733354064 8.38972227063038,39.3922001973924 8.38969999311,39.3921847626625 8.38969802680593,39.392197186797 8.38967825914574,39.3921869012067 8.38963163506278,39.3921669235392 8.38959044661839,39.3921494973206</coordinates>
            </LinearRing>
          </innerBoundaryIs>
          <innerBoundaryIs>
            <LinearRing>
              <coordinates>8.39004169423894,39.3913112780373 8.39011332919543,39.3912061411098 8.39012763217912,39.3911772023947 8.39014034874642,39.3911437501192 8.39019354326516,39.3911159164134 8.39024314202016,39.3910876133036 8.3903130000669,39.3911197865909 8.39038032320615,39.3911630294324 8.39030382981151,39.3912393976329 8.39029561603385,39.3912491759839 8.39028600334664,39.3912595777323 8.39025755595587,39.3913125903735 8.39025061946086,39.3913223754188 8.390154439907,39.391365752049 8.39006779907636,39.3914338673374 8.38999296816586,39.3913993250926 8.39004169423894,39.3913112780373</coordinates>
            </LinearRing>
          </innerBoundaryIs>
          <innerBoundaryIs>
            <LinearRing>
              <coordinates>8.39076961852493,39.3920645855304 8.39080712268122,39.3920650523373 8.39080794640952,39.3920504596832 8.39086677415786,39.3920559038408 8.39092572822536,39.3920601772685 8.39098839576425,39.3920647404301 8.39103668568759,39.3920667954336 8.39105802968209,39.392069430145 8.39109139522252,39.392078435138 8.39108076166861,39.3922329091 8.39096314123287,39.3922313019437 8.39087593715172,39.3922440004533 8.39086915772167,39.3922757719152 8.39075085540228,39.3922724489819 8.39076961852493,39.3920645855304</coordinates>
            </LinearRing>
          </innerBoundaryIs>
          <innerBoundaryIs>
            <LinearRing>
              <coordinates>8.39028950891105,39.3919104227677 8.39032075275648,39.3919096855432 8.3903336820055,39.3918518159782 8.39037868904817,39.391857458232 8.39038206983519,39.3918692796791 8.39043946629991,39.3918657060734 8.39044008373942,39.39183480338 8.39040283705349,39.3918314544529 8.39042836664293,39.3917401319648 8.3905081888333,39.3917482993984 8.39056258650013,39.3917423672894 8.39058507666198,39.3917467200851 8.39065091366039,39.3917606709333 8.39070066977703,39.3917676895208 8.39069750423818,39.3918245290334 8.3906922398661,39.3918690131962 8.39071909803157,39.3919051958322 8.39071735487624,39.3919453734179 8.39066069114672,39.3919448061817 8.39060657262542,39.3919453335139 8.39055140903247,39.3919458553433 8.390285479225,39.3919464435384 8.39028950891105,39.3919104227677</coordinates>
            </LinearRing>
          </innerBoundaryIs>
          <innerBoundaryIs>
            <LinearRing>
              <coordinates>8.39033335787685,39.3920223825723 8.39036749376609,39.3920229219652 8.39044503154332,39.3920267524378 8.39050679124364,39.3920288782713 8.39050329833004,39.3920699477285 8.39055788848385,39.3920686119739 8.39056105657409,39.392038173173 8.39061897342287,39.3920548757754 8.39061947549794,39.3920372178756 8.39068721773402,39.392045772403 8.39074850357407,39.3920489768821 8.39074003727563,39.3920877676695 8.39075283170899,39.3921120728847 8.39073694900831,39.3922157903363 8.39067504472681,39.3922035721352 8.39063921959954,39.3922236579671 8.3905444032898,39.3922036984173 8.39054040901298,39.3922356646673 8.39040609326946,39.3922176604814 8.39033375870498,39.3921897091915 8.39033335787685,39.3920223825723</coordinates>
            </LinearRing>
          </innerBoundaryIs>
          <innerBoundaryIs>
            <LinearRing>
              <coordinates>8.39059618497521,39.391551160877 8.39061042735089,39.3915024888442 8.39069830687429,39.3914921367928 8.3906983051795,39.3914656459847 8.3907835477191,39.3914647410508 8.39078154242642,39.3914816702393 8.39077809745417,39.3915039080657 8.39089221283168,39.3915211752737 8.39099982955791,39.3915379578103 8.39098139107182,39.3916285066265 8.39095337112454,39.3917125177104 8.39093156590371,39.391709520145 8.39086708390534,39.3916999916867 8.39080804303479,39.391692383899 8.3907329636979,39.3916863139316 8.39066705382153,39.3916807424902 8.39059638936905,39.3916744252554 8.39060080095771,39.3916345319689 8.39059618497521,39.391551160877</coordinates>
            </LinearRing>
          </innerBoundaryIs>
          <innerBoundaryIs>
            <LinearRing>
              <coordinates>8.39132310301048,39.393516368367 8.39145186225642,39.3933589986096 8.39158004237483,39.3934151738932 8.39175193424934,39.393492572102 8.39177112250138,39.3935295253092 8.39172119379634,39.3935956713165 8.39168403502679,39.3936489090281 8.39170088390718,39.3936610712068 8.39157392252467,39.3936516667887 8.39148000066729,39.393622071475 8.39134987637208,39.3935357008213 8.39132310301048,39.393516368367</coordinates>
            </LinearRing>
          </innerBoundaryIs>
          <innerBoundaryIs>
            <LinearRing>
              <coordinates>8.39084351718698,39.3919127857645 8.39084765652195,39.3918908218896 8.39085402318843,39.3918531013507 8.39088464878149,39.391856685764 8.39096158308214,39.3918631257687 8.39099006995025,39.391872285447 8.39097767791619,39.3918417651364 8.39099193039666,39.3918052572536 8.39100214770592,39.3917653943593 8.39106256575942,39.3917882369644 8.39112459697808,39.3918125296613 8.39120930510713,39.39183306655 8.39125923324666,39.3918470238656 8.39137222711261,39.3917930118702 8.39133524677425,39.3919326608824 8.3913182794145,39.3920009615734 8.39125958424573,39.3919936261383 8.39123789034195,39.3919911698415 8.39119970909403,39.3919884470098 8.39118806771953,39.3920184810461 8.39101204115487,39.3920030524108 8.39102507446334,39.3919732058915 8.39098226336389,39.3919687467507 8.39093875320416,39.3919645542468 8.39083732943576,39.3919566343628 8.39084351718698,39.3919127857645</coordinates>
            </LinearRing>
          </innerBoundaryIs>
          <innerBoundaryIs>
            <LinearRing>
              <coordinates>8.39006379823581,39.3914932253864 8.39014213837287,39.3913915475969 8.39021981125751,39.3913531197948 8.39030782635992,39.3913671871387 8.39029407496818,39.3913994626434 8.39031292061628,39.391408932353 8.39034522263156,39.3914333398973 8.39038007926989,39.3914577608258 8.3904070571514,39.3914801581351 8.39044997383337,39.3914857894024 8.3905646249811,39.3915081957113 8.39054632473829,39.391569461136 8.39051041924351,39.3916655048195 8.39042796721512,39.3916526381538 8.39037425454894,39.3916465898589 8.39031670684299,39.3916408818502 8.39025788184331,39.3916351671152 8.39026275334722,39.3916224878896 8.39026910380432,39.3915999950006 8.39024879955693,39.3915979963302 8.39025044407096,39.3915825069357 8.39025209800101,39.3915659363335 8.39025060184685,39.3915377256991 8.39020216712819,39.3915523389907 8.39010443241236,39.3915342559777 8.39006379823581,39.3914932253864</coordinates>
            </LinearRing>
          </innerBoundaryIs>
          <innerBoundaryIs>
            <LinearRing>
              <coordinates>8.39162394975552,39.3930664279894 8.39170650056152,39.3929745926196 8.39174401695789,39.3929737076185 8.39177534608657,39.3930166712494 8.39181773198931,39.3929899516355 8.39186220652823,39.3930035197484 8.39194511950594,39.3929501608258 8.39205250693333,39.3930203733028 8.39203638085055,39.3930453381058 8.39210009776377,39.3930896423469 8.39200587482717,39.3931482584212 8.39192881692301,39.3931558747974 8.39191405291213,39.3931844508951 8.39195887234263,39.3932118067993 8.39189236865634,39.3932476811231 8.39182114252324,39.39325235447 8.39180801402376,39.3932263356382 8.39174486785246,39.393236637694 8.39169610898428,39.3932082699466 8.39167515217645,39.393161035533 8.39163401148721,39.3931112626873 8.39162394975552,39.3930664279894</coordinates>
            </LinearRing>
          </innerBoundaryIs>
          <innerBoundaryIs>
            <LinearRing>
              <coordinates>8.38931267450358,39.3924425912203 8.38936733999181,39.3923527735655 8.38941142769533,39.3923040782065 8.38942419002995,39.3922920711862 8.38944224260496,39.3922992842527 8.38948872787404,39.3922552868995 8.38951265353587,39.3922282008837 8.38951782171941,39.3922214701618 8.38956772777399,39.3921713636131 8.38961283521891,39.3921921442875 8.38966265095884,39.3922189866757 8.38968902329695,39.3922309288201 8.38972550432344,39.392242203175 8.3898119917128,39.3922984318967 8.38982658252099,39.3923297748088 8.38975534035204,39.3923763455148 8.38971787204519,39.3923850692404 8.38968939705301,39.3923612222406 8.38951850193864,39.3925429674504 8.38944116735033,39.3925024647974 8.3893586051009,39.3924622049541 8.38932678531891,39.3924490627649 8.38931267450358,39.3924425912203</coordinates>
            </LinearRing>
          </innerBoundaryIs>
          <innerBoundaryIs>
            <LinearRing>
              <coordinates>8.39112518592451,39.3920786120821 8.39115812696374,39.3920830194907 8.39122008763868,39.3920887501881 8.39129909749013,39.3920969128269 8.39135933911675,39.3921000214134 8.39140286818613,39.3921020513452 8.39146656364053,39.3921086019338 8.39153082952356,39.3921163268344 8.39160067854553,39.3921229996549 8.39165660108905,39.3921286985269 8.39168443998176,39.3921322681505 8.39167884272728,39.3921750386255 8.39162771137302,39.3922861405888 8.39158709221907,39.3922833150239 8.39154066630573,39.3922805491644 8.3915389025851,39.3922830628683 8.39152623580601,39.3923108389527 8.3914150294152,39.3923194476534 8.39139809024431,39.3922776404964 8.39133581079557,39.3922684842445 8.39120893582558,39.3922494386766 8.39110740190042,39.3922541331154 8.39112518592451,39.3920786120821</coordinates>
            </LinearRing>
          </innerBoundaryIs>
          <innerBoundaryIs>
            <LinearRing>
              <coordinates>8.38973309367484,39.3928369342885 8.3897739025755,39.3927913752538 8.38974323525135,39.3927658948778 8.38974075546294,39.3927306509113 8.3898013460141,39.3926271682319 8.38984578615579,39.3926446114382 8.38989484914124,39.3926646018159 8.38997445954923,39.3926971868899 8.38999066692324,39.392702948515 8.38999622271211,39.3926917145689 8.39004693108371,39.3927094608958 8.39011981840942,39.3927406590324 8.39017330196389,39.3927597714311 8.39022711350423,39.3927812282484 8.39022407701734,39.3928232011324 8.3901519000563,39.3928970689096 8.39005565034641,39.3928682711799 8.39003808781786,39.3928847583248 8.39002016906859,39.3929021446457 8.38996991939353,39.3929117024485 8.38996886724185,39.3929125078712 8.38995345208736,39.392935764124 8.38984273885351,39.3929409499252 8.38969912954968,39.3928832500721 8.38973309367484,39.3928369342885</coordinates>
            </LinearRing>
          </innerBoundaryIs>
          <innerBoundaryIs>
            <LinearRing>
              <coordinates>8.38865253079766,39.3929580354877 8.38866907946111,39.3928981127426 8.38873942584878,39.3927946819143 8.38882306841489,39.3928043122641 8.38883567264024,39.3927838346339 8.38884526244886,39.3927628005303 8.38887682515747,39.3927654893505 8.38891807078635,39.3926832602851 8.38901679760611,39.3927075667342 8.38907904567436,39.3927203282516 8.3890096107414,39.3929056692791 8.38892289224948,39.3931286733107 8.38881929015368,39.3931040708428 8.38880665736111,39.3931012111952 8.3887975875262,39.3931291860915 8.38870639846309,39.3930794194462 8.38870511311954,39.3930537328414 8.38867150181454,39.3930462576535 8.38864308828972,39.3930153825548 8.38865253079766,39.3929580354877</coordinates>
            </LinearRing>
          </innerBoundaryIs>
          <innerBoundaryIs>
            <LinearRing>
              <coordinates>8.38980242160723,39.3910915186157 8.38987026712524,39.3909948317963 8.38983652171316,39.3909895187552 8.38984451369294,39.3909518969003 8.38988220472243,39.390957500956 8.38994242904808,39.3909224958678 8.3900531526026,39.3908757717188 8.39010047290224,39.3908290753442 8.39019880759543,39.3908581542881 8.39022917608316,39.3909045372894 8.39021645724878,39.3909382598786 8.39020941327236,39.3909603887114 8.39018972106122,39.3910081310709 8.39014814084919,39.39099574886 8.39013215588665,39.3909911597845 8.39016092138761,39.3910749278721 8.39013894525813,39.3911049076055 8.39010151599176,39.3911492230443 8.39009239199067,39.391183505102 8.39002310921558,39.3912852303752 8.38997194865878,39.3913594786233 8.38995736795567,39.3913669709286 8.38994167474666,39.3913688709003 8.38991771831137,39.3913728900299 8.38981680596136,39.3913064038482 8.38975952652379,39.3911633773181 8.38980242160723,39.3910915186157</coordinates>
            </LinearRing>
          </innerBoundaryIs>
          <innerBoundaryIs>
            <LinearRing>
              <coordinates>8.38868729596302,39.3922615284518 8.38872139371737,39.3921201531593 8.38875160548976,39.3921046337531 8.3887895235951,39.3920842891906 8.38889856060242,39.3920714366751 8.38902514626543,39.3921102161796 8.38907732164364,39.3921859980921 8.38907424651006,39.3922456312751 8.38907605124707,39.3922783487784 8.38907746438231,39.3923160199847 8.38908037842555,39.3923546902287 8.38899325800943,39.3923577465579 8.38899376128376,39.3923399985686 8.38894184872774,39.392340536717 8.38890586962084,39.3924181080277 8.38893384032845,39.3924198769073 8.38894370346372,39.3923808232826 8.38897034651093,39.3923883518797 8.38899247190367,39.3923945952657 8.38902317679345,39.3924024155086 8.38913985072089,39.3924326729616 8.38917959333599,39.3924427932601 8.38909273621767,39.3926285834546 8.38905588078698,39.3926202803908 8.38898449156737,39.3926037765327 8.38888285482547,39.3925802657054 8.38890138954025,39.3925322471859 8.38890960551684,39.3925089532374 8.38891153972429,39.3925002232429 8.38891911953276,39.3924699878854 8.38876448312065,39.3924385395106 8.38876298991179,39.392410058564 8.38874463698983,39.392330850127 8.38871799934133,39.3922961098751 8.38868729596302,39.3922615284518</coordinates>
            </LinearRing>
          </innerBoundaryIs>
          <innerBoundaryIs>
            <LinearRing>
              <coordinates>8.38912102522643,39.3921680265415 8.38914042556246,39.3920473881031 8.38929151487179,39.3920327738238 8.38927082470654,39.391968510576 8.38912797416891,39.3919572179445 8.38921204540701,39.3917978137583 8.38923458724081,39.3917563037686 8.38933707818322,39.3917749531186 8.38944209629135,39.3917967693144 8.38953540641874,39.3918561877347 8.38949284272452,39.3919698566704 8.38950776315263,39.391976692863 8.38959691871912,39.3920065350634 8.38957484243098,39.3920346219586 8.38960012326293,39.3920518745733 8.3895495402433,39.3920997249645 8.38950925186876,39.3921388892226 8.38947772819049,39.3921717020486 8.38946964995054,39.3921792284322 8.38943459646924,39.3922040033906 8.38938258225969,39.3922428357182 8.38935664969701,39.3922603600649 8.38927776362452,39.3923178831144 8.38924173496632,39.3922813816677 8.38920799178888,39.3922491271377 8.3891294574383,39.3921997877099 8.38912102522643,39.3921680265415</coordinates>
            </LinearRing>
          </innerBoundaryIs>
          <innerBoundaryIs>
            <LinearRing>
              <coordinates>8.38891480820175,39.391527109173 8.38893220631723,39.3914895368174 8.38898973228367,39.391511013728 8.38900744489741,39.391477317518 8.38894993625384,39.3914538584024 8.38898182839016,39.3913921240251 8.38904577396337,39.3912767655173 8.38910656052743,39.3912971782452 8.38913609771608,39.3912923776578 8.38917768163254,39.3912244769105 8.389244067343,39.3911221962975 8.38935799995366,39.3911203618398 8.38947875207107,39.3911221672666 8.38958149466758,39.3911518105032 8.3896316148103,39.3911836102674 8.38971678988161,39.3912303711781 8.38976630846216,39.391251265051 8.38980156916693,39.3913358782522 8.38968419901379,39.3913323789201 8.38960498726285,39.3913741321621 8.38954868100747,39.3913725751096 8.38951475551988,39.391387895019 8.38950488875706,39.3914407347086 8.38941992479079,39.3915561633116 8.38947183563785,39.3915823860512 8.38951830922325,39.3916195730013 8.38951559872776,39.3916640705187 8.38950823405603,39.3917096248574 8.38943473848196,39.3917350089257 8.38932805885373,39.3917039933128 8.38929051523277,39.3916814501584 8.38929309639207,39.3916384837482 8.3892923460637,39.3916046905253 8.38926499220943,39.3916121156571 8.38924253811925,39.3916169534807 8.3891626070621,39.3916612255728 8.3890943180664,39.3916355473833 8.38908685644268,39.3915191829461 8.38902294499685,39.3915241633293 8.38902169733746,39.3915739847018 8.38900465468058,39.3916107479953 8.38897924151588,39.39163530316 8.38895017154509,39.3916131648414 8.38893554903213,39.3915855159452 8.38889260910449,39.3915692516366 8.38891480820175,39.391527109173</coordinates>
            </LinearRing>
          </innerBoundaryIs>
          <innerBoundaryIs>
            <LinearRing>
              <coordinates>8.38876040946553,39.3943281943591 8.38892058856314,39.3941774801442 8.38896344730544,39.3941367077299 8.38901911722486,39.3940916775902 8.38906195097146,39.3940803692489 8.38915088314596,39.3940163215007 8.3891583524826,39.3940253712111 8.38925139882781,39.3938757455168 8.38933701130539,39.3934200850649 8.38936136772773,39.3934235468509 8.38931584542287,39.3936499211584 8.38927199704648,39.3938840532364 8.38916882135006,39.3940366892962 8.38923013761006,39.3941031482478 8.38929775668187,39.3941260295885 8.38938837341932,39.3942682401958 8.38942655324439,39.394231317543 8.38953783750029,39.3942807385981 8.38957603736586,39.3943347316561 8.38954685969759,39.3943514280588 8.3895212079683,39.3943766128089 8.38961212387036,39.3944979205159 8.3897615966339,39.3945627695132 8.38994962972858,39.3946270096901 8.38998561308034,39.3946289104614 8.38997933745841,39.3946694246567 8.38995032359147,39.3947072966251 8.38984844436904,39.3946579253179 8.38967706836125,39.3946278319894 8.3892874498368,39.3944821593786 8.38925354915783,39.394467834881 8.38894795281637,39.3944749694917 8.38892356688959,39.3945147577232 8.38882389175778,39.394505673907 8.38878612824693,39.3944682621647 8.38878717616049,39.3944147454768 8.38880421412575,39.3943786129431 8.38876040946553,39.3943281943591</coordinates>
            </LinearRing>
          </innerBoundaryIs>
        </Polygon>
      </Placemark>
      <Placemark xmlns="http://www.opengis.net/kml/2.2">
        <styleUrl>#Parti singole_style_map</styleUrl>
        <name>T03618</name>
        <Polygon>
          <outerBoundaryIs>
            <LinearRing>
              <coordinates>8.39104882662161,39.3930740498397 8.39114023884703,39.3930716451797 8.39116554898824,39.3930455572284 8.39116456457667,39.3929985174013 8.39119114558829,39.392959821435 8.39105478409479,39.3929098201032 8.39095725452673,39.3929079577326 8.39095368903502,39.3929707420594 8.39096971346719,39.3930375936014 8.39099965865156,39.3930527078275 8.39104882662161,39.3930740498397</coordinates>
            </LinearRing>
          </outerBoundaryIs>
        </Polygon>
      </Placemark>
      <Placemark xmlns="http://www.opengis.net/kml/2.2">
        <styleUrl>#Parti singole_style_map</styleUrl>
        <name>T03619</name>
        <Polygon>
          <outerBoundaryIs>
            <LinearRing>
              <coordinates>8.39186220652823,39.3930035197484 8.39191723799709,39.3930584110234 8.3919430135149,39.3930856673413 8.39191727310695,39.3931212142096 8.39192881692301,39.3931558747974 8.39200587482717,39.3931482584212 8.39210009776377,39.3930896423469 8.39203638085055,39.3930453381058 8.39205250693333,39.3930203733028 8.39194511950594,39.3929501608258 8.39186220652823,39.3930035197484</coordinates>
            </LinearRing>
          </outerBoundaryIs>
        </Polygon>
      </Placemark>
      <Placemark xmlns="http://www.opengis.net/kml/2.2">
        <styleUrl>#Parti singole_style_map</styleUrl>
        <name>T03620</name>
        <Polygon>
          <outerBoundaryIs>
            <LinearRing>
              <coordinates>8.38874463698983,39.392330850127 8.38877778645099,39.392311381549 8.38884599182177,39.3923467006904 8.38889654476614,39.3923422809355 8.38894433969039,39.3923079318912 8.38899518748675,39.3923096407652 8.38899542024927,39.3923228873852 8.38901308537065,39.3923212682177 8.38903237616571,39.3923196575893 8.38906247944988,39.3923165719871 8.38907746438231,39.3923160199847 8.38907605124707,39.3922783487784 8.3890472394483,39.3922798192845 8.38902585615378,39.3922816892349 8.38896364072711,39.3922652335661 8.38890828716273,39.3922209715609 8.38883880171472,39.3921726706445 8.38877941498573,39.3921514541936 8.38875160548976,39.3921046337531 8.38872139371737,39.3921201531593 8.38868729596302,39.3922615284518 8.38871799934133,39.3922961098751 8.38874463698983,39.392330850127</coordinates>
            </LinearRing>
          </outerBoundaryIs>
        </Polygon>
      </Placemark>
      <Placemark xmlns="http://www.opengis.net/kml/2.2">
        <styleUrl>#Parti singole_style_map</styleUrl>
        <name>T03782</name>
        <Polygon>
          <outerBoundaryIs>
            <LinearRing>
              <coordinates>8.39467081943165,39.3936106496947 8.39488921230817,39.3939634832334 8.39518502060761,39.3943886496551 8.39567770922598,39.3948618823904 8.39603164240865,39.3952622455199 8.39637186791858,39.3955585285233 8.39706694983625,39.3958354494942 8.39792307856637,39.3958880016208 8.39795180333291,39.3958805995798 8.39792771068126,39.3957045543821 8.3975583675788,39.395723608711 8.39693337271421,39.395610747438 8.39644352884782,39.3953905308448 8.39621310528911,39.3951789580528 8.39545144231282,39.3943671395338 8.39509756465251,39.3938712098036 8.39503334568231,39.3936723839753 8.39497525434848,39.3930897617948 8.39512140151351,39.3915291057547 8.39513389651053,39.3913704962452 8.39519164471808,39.3906379023589 8.39490090906551,39.3912062935183 8.39467081943165,39.3936106496947</coordinates>
            </LinearRing>
          </outerBoundaryIs>
        </Polygon>
      </Placemark>
      <Placemark xmlns="http://www.opengis.net/kml/2.2">
        <styleUrl>#Parti singole_style_map</styleUrl>
        <name>T03783</name>
        <Polygon>
          <outerBoundaryIs>
            <LinearRing>
              <coordinates>8.40091370782673,39.3939200812381 8.40100881220722,39.3938364223696 8.40143620966042,39.3933812335041 8.40152620357955,39.3929280462559 8.40204945572421,39.3924712309011 8.40257964287876,39.3917003524769 8.40281695016832,39.3915210825678 8.40340486319268,39.3912850884957 8.40350518123555,39.3911693409297 8.40322290456228,39.3909764468592 8.40290723606597,39.3911807248147 8.4025572659539,39.3913533430471 8.40220849661129,39.3916217658088 8.4018105587149,39.3921931191565 8.40126957508269,39.3926933447445 8.40107927177483,39.3933078343278 8.40081940875307,39.3935880819242 8.40091370782673,39.3939200812381</coordinates>
            </LinearRing>
          </outerBoundaryIs>
        </Polygon>
      </Placemark>
      <Placemark xmlns="http://www.opengis.net/kml/2.2">
        <styleUrl>#Parti singole_style_map</styleUrl>
        <name>T03784</name>
        <Polygon>
          <outerBoundaryIs>
            <LinearRing>
              <coordinates>8.39767432158655,39.3879292992648 8.3980241547192,39.3893224825409 8.39995259950481,39.3916875012298 8.40079442768767,39.3935001461037 8.40081940875307,39.3935880819242 8.40107927177483,39.3933078343278 8.40126957508269,39.3926933447445 8.4018105587149,39.3921931191565 8.40220849661129,39.3916217658088 8.4025572659539,39.3913533430471 8.40290723606597,39.3911807248147 8.40322290456228,39.3909764468592 8.40314020747973,39.3909199501814 8.40168903937659,39.3899246912432 8.40148715314831,39.3888948353679 8.40138172104363,39.3883660169921 8.40102033044373,39.3865411455486 8.40093142012834,39.3860906407272 8.40086970940306,39.3858133043533 8.40120764241682,39.3849395138439 8.40171238458678,39.3836579367646 8.39890371751416,39.383373587987 8.39886653212812,39.3834460833945 8.39812563420936,39.3848968052971 8.39730590470999,39.3865086264466 8.39767432158655,39.3879292992648</coordinates>
            </LinearRing>
          </outerBoundaryIs>
        </Polygon>
      </Placemark>
      <Placemark xmlns="http://www.opengis.net/kml/2.2">
        <styleUrl>#Parti singole_style_map</styleUrl>
        <name>T03785</name>
        <Polygon>
          <outerBoundaryIs>
            <LinearRing>
              <coordinates>8.39519164471808,39.3906379023589 8.39513389651053,39.3913704962452 8.39519662388283,39.3913734716068 8.39526612923207,39.3904922749439 8.39519164471808,39.3906379023589</coordinates>
            </LinearRing>
          </outerBoundaryIs>
        </Polygon>
      </Placemark>
      <Placemark xmlns="http://www.opengis.net/kml/2.2">
        <styleUrl>#Parti singole_style_map</styleUrl>
        <name>T03786</name>
        <Polygon>
          <outerBoundaryIs>
            <LinearRing>
              <coordinates>8.39737725329418,39.3919056169317 8.39706095782715,39.3898098068087 8.39529396006519,39.390324635549 8.39533464839034,39.3903583300794 8.39526612923207,39.3904922749439 8.39519662388283,39.3913734716068 8.39513389651053,39.3913704962452 8.39512140151351,39.3915291057547 8.39497525434848,39.3930897617948 8.39503334568231,39.3936723839753 8.39509756465251,39.3938712098036 8.39545144231282,39.3943671395338 8.39621310528911,39.3951789580528 8.39644352884782,39.3953905308448 8.39693337271421,39.395610747438 8.3975583675788,39.395723608711 8.39792771068126,39.3957045543821 8.39784670234125,39.3951127505708 8.39760365975993,39.3934495998811 8.39750599596629,39.3927737316939 8.39737725329418,39.3919056169317</coordinates>
            </LinearRing>
          </outerBoundaryIs>
        </Polygon>
      </Placemark>
      <Placemark xmlns="http://www.opengis.net/kml/2.2">
        <styleUrl>#Parti singole_style_map</styleUrl>
        <name>T03788</name>
        <Polygon>
          <outerBoundaryIs>
            <LinearRing>
              <coordinates>8.39795180333291,39.3958805995798 8.39792307856637,39.3958880016208 8.39706694983625,39.3958354494942 8.39637186791858,39.3955585285233 8.39603164240865,39.3952622455199 8.39567770922598,39.3948618823904 8.39518502060761,39.3943886496551 8.39488921230817,39.3939634832334 8.39467081943165,39.3936106496947 8.39490090906551,39.3912062935183 8.39483430174365,39.3913364996951 8.39386825417892,39.3932390577619 8.39369911070611,39.3935614627245 8.39371915249117,39.3936018890955 8.39381469746376,39.3939577783279 8.39382871602007,39.394252592989 8.39376808634321,39.394748645798 8.39401524857537,39.3955784470066 8.39431311587246,39.3960208182398 8.39492817225365,39.3967016168221 8.39506960583915,39.3967853751922 8.39529431649357,39.396911023684 8.39564673858125,39.3971349279978 8.39590282668861,39.3972933202518 8.39655193256944,39.3978237581892 8.39687114223124,39.3980834652052 8.39719611713726,39.3983482651118 8.39749256709977,39.3986284323215 8.39765534708609,39.398671084273 8.39775651701178,39.3986476404899 8.39790705672693,39.3985188135591 8.39798423539826,39.3983735499655 8.39807818070849,39.3980868276717 8.39814682046196,39.3979715336233 8.39824269249234,39.3978509471589 8.39807368454612,39.3967149784758 8.39787092263035,39.3964403437347 8.39786173705832,39.396428141042 8.39769963215573,39.3963818526426 8.39766481668944,39.3964087487587 8.39762787537071,39.3964249204015 8.39754884119749,39.3964432166682 8.39743893426189,39.3963784385461 8.39739975598891,39.3963860025352 8.39728510551826,39.3960615719773 8.39732180241623,39.396061636044 8.39737187516662,39.3960619856752 8.39743790400399,39.3960583272198 8.39746833836501,39.3961788197733 8.39771081295182,39.3961729667499 8.39771607374021,39.3962660901856 8.39771718742988,39.396359354327 8.39787726495686,39.39642126537 8.39788691179502,39.3964324973193 8.39806958955796,39.3966874483111 8.39797784171294,39.39607077425 8.39795180333291,39.3958805995798</coordinates>
            </LinearRing>
          </outerBoundaryIs>
        </Polygon>
      </Placemark>
      <Placemark xmlns="http://www.opengis.net/kml/2.2">
        <styleUrl>#Parti singole_style_map</styleUrl>
        <name>T03789</name>
        <Polygon>
          <outerBoundaryIs>
            <LinearRing>
              <coordinates>8.40111718034012,39.3946646737988 8.40117629674318,39.3945674939408 8.4013287463346,39.3944104695044 8.40145670160313,39.3942971637499 8.40167356571337,39.3942054089093 8.40180764108665,39.3940865387494 8.4018926371695,39.3939367893786 8.401958995331,39.3937869350723 8.40201671842764,39.3936351260948 8.40209260236968,39.393478013195 8.40215126230463,39.3933796140546 8.40219233834501,39.3932841880429 8.40223550242958,39.3931359713535 8.40222363880933,39.393028009899 8.40231797306777,39.3929539781818 8.40244053918087,39.3928729281465 8.40251059417432,39.3928747298211 8.40259806559581,39.3928713768378 8.40269115079917,39.3928688095066 8.40278464803609,39.3928669470345 8.40287296059388,39.3928657246374 8.40293919566394,39.3928647312099 8.4030409616566,39.3928682451928 8.40312366931437,39.3928720036557 8.40317830531422,39.3928721489444 8.40317821854957,39.3928700670787 8.40312468011963,39.3928651338498 8.40304422390737,39.3928615401245 8.40293873314475,39.3928590522339 8.40287316949844,39.39285893181 8.40278571808787,39.3928599423788 8.40268977309468,39.392861512953 8.40259877430969,39.3928658930981 8.40250947610708,39.3928683086158 8.40244101459351,39.3928621270271 8.40221372848472,39.39302040817 8.40222392975258,39.3931367318127 8.40218100974172,39.3932822015572 8.40214025460271,39.3933767642091 8.40208206714552,39.393474228684 8.40200585273164,39.3936319616003 8.40179702319223,39.3940829069656 8.40166483718057,39.3941994711434 8.4014511370406,39.3942892509399 8.40132000611664,39.3944045406632 8.40116516922895,39.3945609851336 8.40111292437312,39.3946490457365 8.40111718034012,39.3946646737988</coordinates>
            </LinearRing>
          </outerBoundaryIs>
        </Polygon>
      </Placemark>
      <Placemark xmlns="http://www.opengis.net/kml/2.2">
        <styleUrl>#Parti singole_style_map</styleUrl>
        <name>T03790</name>
        <Polygon>
          <outerBoundaryIs>
            <LinearRing>
              <coordinates>8.4043081772613,39.3922742046988 8.4044485892538,39.3920770087692 8.40460130709364,39.3919183414124 8.40350518123555,39.3911693409297 8.40340486319268,39.3912850884957 8.40281695016832,39.3915210825678 8.40257964287876,39.3917003524769 8.40204945572421,39.3924712309011 8.40152620357955,39.3929280462559 8.40143620966042,39.3933812335041 8.40100881220722,39.3938364223696 8.40091370782673,39.3939200812381 8.40093459660824,39.3939936602774 8.40111292437312,39.3946490457365 8.40116516922895,39.3945609851336 8.40132000611664,39.3944045406632 8.4014511370406,39.3942892509399 8.40166483718057,39.3941994711434 8.40179702319223,39.3940829069656 8.40200585273164,39.3936319616003 8.40208206714552,39.393474228684 8.40214025460271,39.3933767642091 8.40218100974172,39.3932822015572 8.40222392975258,39.3931367318127 8.40221372848472,39.39302040817 8.40244101459351,39.3928621270271 8.40250947610708,39.3928683086158 8.40259877430969,39.3928658930981 8.40268977309468,39.392861512953 8.40278571808787,39.3928599423788 8.40287316949844,39.39285893181 8.40293873314475,39.3928590522339 8.40304422390737,39.3928615401245 8.40312468011963,39.3928651338498 8.40317821854957,39.3928700670787 8.40317830531422,39.3928721489444 8.40312366931437,39.3928720036557 8.4030409616566,39.3928682451928 8.40293919566394,39.3928647312099 8.40287296059388,39.3928657246374 8.40278464803609,39.3928669470345 8.40269115079917,39.3928688095066 8.40259806559581,39.3928713768378 8.40251059417432,39.3928747298211 8.40244053918087,39.3928729281465 8.40231797306777,39.3929539781818 8.40222363880933,39.393028009899 8.40223550242958,39.3931359713535 8.40219233834501,39.3932841880429 8.40215126230463,39.3933796140546 8.40209260236968,39.393478013195 8.40201671842764,39.3936351260948 8.401958995331,39.3937869350723 8.4018926371695,39.3939367893786 8.40180764108665,39.3940865387494 8.40167356571337,39.3942054089093 8.40145670160313,39.3942971637499 8.4013287463346,39.3944104695044 8.40117629674318,39.3945674939408 8.40111718034012,39.3946646737988 8.40135535356996,39.3955399973291 8.40152776458199,39.3952366372157 8.40161323516519,39.3951117684441 8.4017072842756,39.395011722551 8.40186995363767,39.3948818084562 8.40202198530829,39.3947708875663 8.40233377679516,39.3944108461949 8.40280038131587,39.3938036939581 8.40287134894062,39.3935229946342 8.40292650873072,39.3934400030627 8.40291922618177,39.3934360821514 8.4029478719248,39.3933941953689 8.40297323277015,39.3933630231907 8.40307985687236,39.3932394963363 8.40311395555618,39.393200899297 8.40318937926841,39.3931342034422 8.40327982072601,39.393071269893 8.40332218814611,39.3930353102425 8.40339855400934,39.3931332675418 8.40382961338161,39.3930052770487 8.40397741593647,39.3929537739899 8.40411682868286,39.3928633295135 8.40417551341905,39.3927493413332 8.4043081772613,39.3922742046988</coordinates>
            </LinearRing>
          </outerBoundaryIs>
        </Polygon>
      </Placemark>
      <Placemark xmlns="http://www.opengis.net/kml/2.2">
        <styleUrl>#Parti singole_style_map</styleUrl>
        <name>T03621</name>
        <Polygon>
          <outerBoundaryIs>
            <LinearRing>
              <coordinates>8.39013071912794,39.392209188333 8.3901295381701,39.3922514412647 8.39022532657005,39.3922531149867 8.39022396932275,39.3922089565436 8.39022186443674,39.3921306444803 8.39022218625665,39.3920670322158 8.39022082744385,39.3920230539726 8.39013848170707,39.3920246044188 8.39013451837867,39.3921329796438 8.39013071912794,39.392209188333</coordinates>
            </LinearRing>
          </outerBoundaryIs>
        </Polygon>
      </Placemark>
      <Placemark xmlns="http://www.opengis.net/kml/2.2">
        <styleUrl>#Parti singole_style_map</styleUrl>
        <name>T03622</name>
        <Polygon>
          <outerBoundaryIs>
            <LinearRing>
              <coordinates>8.39025060184685,39.3915377256991 8.39025209800101,39.3915659363335 8.39025044407096,39.3915825069357 8.39024879955693,39.3915979963302 8.39026910380432,39.3915999950006 8.39026275334722,39.3916224878896 8.39025788184331,39.3916351671152 8.39031670684299,39.3916408818502 8.39037425454894,39.3916465898589 8.39038363032057,39.3915833854747 8.39040392907612,39.3915860148261 8.39044997383337,39.3914857894024 8.3904070571514,39.3914801581351 8.39038007926989,39.3914577608258 8.39034522263156,39.3914333398973 8.39030123966725,39.391510148854 8.39025060184685,39.3915377256991</coordinates>
            </LinearRing>
          </outerBoundaryIs>
        </Polygon>
      </Placemark>
      <Placemark xmlns="http://www.opengis.net/kml/2.2">
        <styleUrl>#Parti singole_style_map</styleUrl>
        <name>T03623</name>
        <Polygon>
          <outerBoundaryIs>
            <LinearRing>
              <coordinates>8.39086708390534,39.3916999916867 8.39093156590371,39.391709520145 8.39095337112454,39.3917125177104 8.39098139107182,39.3916285066265 8.39099982955791,39.3915379578103 8.39089221283168,39.3915211752737 8.39087081822892,39.3916578422229 8.39086708390534,39.3916999916867</coordinates>
            </LinearRing>
          </outerBoundaryIs>
        </Polygon>
      </Placemark>
      <Placemark xmlns="http://www.opengis.net/kml/2.2">
        <styleUrl>#Parti singole_style_map</styleUrl>
        <name>T03792</name>
        <Polygon>
          <outerBoundaryIs>
            <LinearRing>
              <coordinates>8.405339748221,39.3906721322668 8.4053156269647,39.390694318859 8.40534889891117,39.3907199526389 8.40538264531987,39.3906856240787 8.40539246319893,39.3906795021041 8.40540281460539,39.3906679855783 8.40542400448806,39.3906450270982 8.40543826732946,39.3906296290309 8.40545422836565,39.3906207362025 8.4055546263777,39.3905648078455 8.40556725049229,39.390560511309 8.4055755950562,39.3905583193677 8.40562053623726,39.390545781248 8.40567505294057,39.3905761819491 8.40559214508672,39.3905197129608 8.4055758485873,39.3905339292885 8.40556440712268,39.3905439084756 8.40550095772049,39.3905029197886 8.40555167487637,39.3903694725319 8.4055734609241,39.3903091055474 8.40556432123961,39.3903160509587 8.40555650731148,39.3903131907314 8.40556150959479,39.3902984481231 8.40557510106076,39.3902841548951 8.405568681163,39.3902798601178 8.40555911633108,39.3902890109236 8.40552217988387,39.3903243504239 8.40548648308537,39.3903723289467 8.40543670781484,39.3904440772082 8.40537950890387,39.3904164108763 8.40533916917523,39.3903903174664 8.40533318654652,39.3903864934575 8.40532413174389,39.3903807074723 8.40539230339979,39.3903086478604 8.40541030907444,39.3902900702136 8.40542141487128,39.3902785935847 8.40541433036442,39.3902746197779 8.40533786825138,39.3902317713743 8.40536815376315,39.3901879010353 8.40541091375111,39.3901258933013 8.40544899532918,39.3900691958353 8.40548187496434,39.3900206622886 8.4054539387125,39.3900039581836 8.40554057191646,39.3899265685622 8.40557725349024,39.3899335319686 8.40561602797472,39.3899552201807 8.40563990113387,39.3899758951226 8.40567740042688,39.3900069116565 8.40576072420944,39.3900498850097 8.4057107749756,39.3901134599967 8.40575183738603,39.3901364934081 8.40579866596685,39.3900917163452 8.40595195635288,39.3902082031894 8.4059442759509,39.3902292935336 8.40592983653094,39.3902559448552 8.40592141448925,39.3902672730558 8.40593372309596,39.3902755174592 8.40599852794777,39.3902032871098 8.40606124600084,39.3901169536686 8.40611249258217,39.3900194967294 8.40612785566848,39.3899400666903 8.40609131409441,39.3898905837016 8.40607820728724,39.3899052579071 8.40600636603929,39.3899856789325 8.40592004125671,39.3901006712224 8.40577036851425,39.3900313636906 8.40585917558368,39.3899167085718 8.40589547858671,39.3898382866037 8.40586791561349,39.3898446423317 8.40587768167551,39.3898199764754 8.40586224716862,39.3898051654722 8.40583559960969,39.3897830167004 8.40575926603624,39.3897647318057 8.40587832137338,39.3896556465454 8.40592312360624,39.3897292027663 8.40593360614302,39.3897692628685 8.40596136152531,39.3897730719332 8.40597625958434,39.3898196331265 8.40600082078763,39.3898139648563 8.40602459079429,39.3898084817595 8.40603041981494,39.3898071419416 8.4059731500794,39.3897385859632 8.405924671252,39.3895892328097 8.40592624333379,39.3895065966838 8.40592636506654,39.3895004611662 8.40599024776929,39.3892535218213 8.40602915276619,39.3891612459581 8.40603014227899,39.3891281014402 8.40599465774769,39.3891347501232 8.40536511136379,39.3892527234484 8.40474313876632,39.3893687588352 8.40440380819363,39.389432067927 8.40425327219006,39.3894604637043 8.40383728835279,39.3895389304842 8.40304663169462,39.3896865565907 8.40168106903798,39.3899401572713 8.40174323009612,39.3899807539595 8.40226948920668,39.390344113906 8.40298498380916,39.3908358153756 8.40326051969722,39.3910251433232 8.40353568787826,39.3912141894047 8.40368219078098,39.3913148490245 8.40433082295121,39.3917622551596 8.40452407012922,39.3918954467279 8.40454357258083,39.3918757235457 8.40456939012214,39.3918685302339 8.40462900653037,39.3918250445678 8.40463212389311,39.3918271599712 8.40466543370598,39.3918497395835 8.40468117079796,39.3918603984587 8.40487680571535,39.3917647264657 8.40493212668944,39.3917524940347 8.40501898504617,39.3917623454533 8.40502891788681,39.3917468171579 8.40506448256859,39.3916981082644 8.40513327378849,39.391598416851 8.40515447033212,39.3915487513944 8.40516283554571,39.3914758092956 8.40514957979055,39.3914409880593 8.4051201847844,39.3913991101417 8.40511066608486,39.3914178392853 8.40509826641273,39.3914571966997 8.4050950317821,39.3914675151719 8.40487287755776,39.3914208574202 8.40493801016443,39.391243377932 8.40490570928536,39.391233274065 8.40493159981317,39.3911792085229 8.40479947854293,39.3911623945296 8.40485918150491,39.3910335078413 8.40487764631902,39.3909978397471 8.40485034674384,39.3909936362954 8.40486123056655,39.3909522888402 8.4048650825009,39.3909472176332 8.40489376704413,39.3909278297189 8.40491007402945,39.3909055761926 8.4049606696626,39.3909286857007 8.40505657473101,39.3909492608054 8.40509508912461,39.3909660731872 8.40509297555192,39.3909701891742 8.4050979243611,39.3909713227825 8.40507463823855,39.3910359619733 8.40506088154545,39.3910327739614 8.40503947177739,39.3910761129567 8.40501547956338,39.3910858206284 8.40499493969251,39.3911757302323 8.40499917656332,39.3911977825387 8.40499109655517,39.3912590124632 8.4050189939312,39.3912639397792 8.40503250666623,39.3912671445688 8.40504347732898,39.3912469992043 8.40500908858153,39.3912338841929 8.40501288842486,39.3911980509327 8.40501836602385,39.391146529999 8.40502043659818,39.3911269788394 8.40505498146611,39.3910916542997 8.40505662444475,39.3910923565131 8.40509642736639,39.3911092295499 8.4050958937591,39.3911132635155 8.40516112207488,39.3911321588101 8.40522227215787,39.3911513305534 8.40523705238135,39.3911556951441 8.40525208146427,39.3911389674695 8.40516598569616,39.3911173524385 8.40516554559623,39.3911172150299 8.40511402612446,39.3911003091063 8.40510319880416,39.3910967576459 8.40506494946777,39.3910815414783 8.4051048303272,39.3910195461687 8.40511674268307,39.3910006310396 8.40512654804528,39.390985057029 8.40514229780838,39.3909600434121 8.40514596656697,39.3909614948473 8.40516305537653,39.3909428855195 8.40516693222783,39.3909444461443 8.40519437808796,39.3909095628014 8.40522617070613,39.3909234393804 8.40523864718964,39.3909037251911 8.40520449437033,39.3908833580061 8.40512672721845,39.3909667035951 8.40506151163038,39.3909340313201 8.40501046078185,39.3909084596651 8.40493603473839,39.3908937881844 8.40488610760363,39.3908835670754 8.40491416057118,39.3908141587404 8.40492915201988,39.3907745352802 8.40487401824797,39.3907470775003 8.40492169891929,39.3907046298628 8.40494616092908,39.3906792553859 8.40511480800495,39.3905176773431 8.4051908046775,39.3904458471047 8.40521328689237,39.3904634965057 8.40529361108313,39.3903893636306 8.4054223582391,39.3904642233565 8.40541063898133,39.3904809319383 8.40543015733528,39.390496178364 8.40547846820559,39.3905339810725 8.40549063134784,39.3905251679358 8.4055247951198,39.3905483373537 8.4054331068101,39.3906096714575 8.40537853282735,39.39064618219 8.405339748221,39.3906721322668</coordinates>
            </LinearRing>
          </outerBoundaryIs>
          <innerBoundaryIs>
            <LinearRing>
              <coordinates>8.40475808467666,39.3917751566153 8.40475174861606,39.391778746393 8.40472935658261,39.3917914266434 8.40472118856255,39.3917960522565 8.40468990552665,39.3917659142333 8.40472705164592,39.3917429294504 8.40475808467666,39.3917751566153</coordinates>
            </LinearRing>
          </innerBoundaryIs>
          <innerBoundaryIs>
            <LinearRing>
              <coordinates>8.4057687073844,39.390012280009 8.40576379657893,39.3900217249305 8.40569082833171,39.3899927257038 8.40568835443274,39.3899791072301 8.40564384626239,39.3899680401258 8.40565927799968,39.3899257246803 8.40566915392321,39.3898935987235 8.40571803084035,39.3899043547583 8.4057054024663,39.3899351601316 8.40575682289446,39.3899458660764 8.4057687073844,39.390012280009</coordinates>
            </LinearRing>
          </innerBoundaryIs>
          <innerBoundaryIs>
            <LinearRing>
              <coordinates>8.40459591349392,39.3917810751756 8.40456766099693,39.3918028620126 8.40452092249977,39.3918572982579 8.40450967296354,39.3918528615532 8.40447570825863,39.3918362885325 8.40444916856487,39.3918082471485 8.40448296215735,39.3917657556049 8.40455521085555,39.3916951951054 8.40457031253726,39.3917054632912 8.40460658898215,39.3917301215119 8.40464764293137,39.3917569486768 8.40459591349392,39.3917810751756</coordinates>
            </LinearRing>
          </innerBoundaryIs>
          <innerBoundaryIs>
            <LinearRing>
              <coordinates>8.40473764364904,39.3916744679837 8.40475908529152,39.3916847866222 8.40474500903512,39.3917123406953 8.4047142139711,39.3916971986153 8.40470389656379,39.3917101479176 8.40467114823698,39.3917512752849 8.40463192682928,39.3917301701556 8.40459302904571,39.3917092468798 8.40457763181561,39.3917009594891 8.40461110513782,39.391663340937 8.40464387887618,39.3916260521806 8.40468874302276,39.3915748770915 8.40470217561047,39.3915834157133 8.4047432668092,39.3916031247563 8.40478060083838,39.3916222198604 8.40473764364904,39.3916744679837</coordinates>
            </LinearRing>
          </innerBoundaryIs>
          <innerBoundaryIs>
            <LinearRing>
              <coordinates>8.40498293674519,39.3917244881749 8.40488192690901,39.391707337897 8.40493537820452,39.3915311682263 8.40503531037004,39.3915507547837 8.40498293674519,39.3917244881749</coordinates>
            </LinearRing>
          </innerBoundaryIs>
        </Polygon>
      </Placemark>
      <Placemark xmlns="http://www.opengis.net/kml/2.2">
        <styleUrl>#Parti singole_style_map</styleUrl>
        <name>T03793</name>
        <Polygon>
          <outerBoundaryIs>
            <LinearRing>
              <coordinates>8.405253947009,39.3906473471173 8.40527740214682,39.3906283918938 8.40531445909845,39.3905994054799 8.40521307981845,39.3905247757356 8.40520607612014,39.3905878313055 8.40521693681797,39.3905874453465 8.40522837371503,39.3905889455245 8.40522182809666,39.3906281526922 8.405253947009,39.3906473471173</coordinates>
            </LinearRing>
          </outerBoundaryIs>
        </Polygon>
      </Placemark>
      <Placemark xmlns="http://www.opengis.net/kml/2.2">
        <styleUrl>#Parti singole_style_map</styleUrl>
        <name>T03629</name>
        <Polygon>
          <outerBoundaryIs>
            <LinearRing>
              <coordinates>8.4078567805479,39.3925364600915 8.40800283250394,39.392497882039 8.40801996600044,39.3925123950474 8.40809015672842,39.3924885051742 8.40814135554742,39.392451516467 8.40817307266928,39.3924373872839 8.40820698421998,39.3924081857169 8.40819751317041,39.3924021275232 8.40819703076413,39.3923699035907 8.40812820044338,39.3924018468128 8.40810805166953,39.3923882375402 8.40801419467146,39.3924382274352 8.40800216826188,39.3924473478853 8.40784827559705,39.3924999333465 8.4078567805479,39.3925364600915</coordinates>
            </LinearRing>
          </outerBoundaryIs>
        </Polygon>
      </Placemark>
      <Placemark xmlns="http://www.opengis.net/kml/2.2">
        <styleUrl>#Parti singole_style_map</styleUrl>
        <name>T03630</name>
        <Polygon>
          <outerBoundaryIs>
            <LinearRing>
              <coordinates>8.40820154677826,39.3924579679769 8.40824957732956,39.3924262342275 8.40827833444237,39.3924504295446 8.40829230596463,39.3924406161467 8.40835761903112,39.3923947697812 8.40843362938407,39.3923156750667 8.40844276821433,39.3922318700296 8.4084027995299,39.3922426865005 8.4083730753117,39.3922793430778 8.40819903602735,39.3923689676963 8.40819703076413,39.3923699035907 8.40819751317041,39.3924021275232 8.40820698421998,39.3924081857169 8.40817307266928,39.3924373872839 8.40820154677826,39.3924579679769</coordinates>
            </LinearRing>
          </outerBoundaryIs>
        </Polygon>
      </Placemark>
      <Placemark xmlns="http://www.opengis.net/kml/2.2">
        <styleUrl>#Parti singole_style_map</styleUrl>
        <name>T03631</name>
        <Polygon>
          <outerBoundaryIs>
            <LinearRing>
              <coordinates>8.40762725562746,39.3917669312997 8.40764768686036,39.3917759467499 8.40763831218886,39.3917955688721 8.40775254804891,39.3918279757955 8.40776114928943,39.3918009431095 8.40777400668099,39.3918061445698 8.40787331470081,39.3918516126242 8.40790728267827,39.3917855135089 8.40795438945598,39.3918066757072 8.40797500518205,39.3917581781389 8.4079568725817,39.3917478589196 8.40794872472129,39.3917597382998 8.40785659820607,39.3917329045142 8.4078513710841,39.3917399511227 8.40782065508522,39.3917249904755 8.40778026019394,39.3917175763602 8.40774159418859,39.3917103242151 8.40774100048671,39.3917242243633 8.40774076766589,39.3917297826443 8.4077026099137,39.3917228484418 8.40770024685187,39.3917290175948 8.40768941276959,39.391727610835 8.40768642794635,39.3917386424802 8.40770064541332,39.391742301074 8.40769824037429,39.3917506865915 8.40766353508635,39.3917433284489 8.40765705994977,39.3917578834321 8.4076326455086,39.3917475141402 8.40762725562746,39.3917669312997</coordinates>
            </LinearRing>
          </outerBoundaryIs>
        </Polygon>
      </Placemark>
      <Placemark xmlns="http://www.opengis.net/kml/2.2">
        <styleUrl>#Parti singole_style_map</styleUrl>
        <name>T03632</name>
        <Polygon>
          <outerBoundaryIs>
            <LinearRing>
              <coordinates>8.41401178519521,39.3884604555392 8.4141442454205,39.3876245892183 8.41427094808941,39.3868172658839 8.41427980171997,39.3867458032265 8.41422649527379,39.3867427504617 8.41421973460273,39.3868138632389 8.41409419368666,39.3876571262019 8.4139770461561,39.3884572439327 8.41401178519521,39.3884604555392</coordinates>
            </LinearRing>
          </outerBoundaryIs>
        </Polygon>
      </Placemark>
      <Placemark xmlns="http://www.opengis.net/kml/2.2">
        <styleUrl>#Parti singole_style_map</styleUrl>
        <name>T02865</name>
        <Polygon>
          <outerBoundaryIs>
            <LinearRing>
              <coordinates>8.41049728768101,39.4172571666671 8.41142691913985,39.418850417704 8.41185564674168,39.4200032206163 8.41208207878358,39.4197527043708 8.41216831184568,39.4196933111136 8.4120953541222,39.419375774709 8.41206090945279,39.4193827187643 8.41202794547834,39.4192826262707 8.41197219031117,39.4191298876224 8.41196017079786,39.4190948663178 8.41195133850761,39.4190952721643 8.41192701896312,39.4190447807858 8.41191557803556,39.4190100327162 8.41191400400951,39.4190038075499 8.41192830813445,39.4190019877148 8.41191238100461,39.4189343288433 8.4119004077542,39.4189352594236 8.41189312831156,39.4189029652216 8.4119845522927,39.4188892812837 8.41182744169302,39.4181907179555 8.41173014798465,39.4180460586103 8.41168798166077,39.4180457551321 8.41159077503701,39.4180150781998 8.41153284516899,39.4179277441154 8.41159940990337,39.4178033765146 8.41168434173477,39.4177327139528 8.41152457147531,39.4173094957759 8.41151502412439,39.4172430404832 8.41150731175626,39.4171103677201 8.41131541676119,39.4171366077292 8.41126462787456,39.4169876782274 8.41049728768101,39.4172571666671</coordinates>
            </LinearRing>
          </outerBoundaryIs>
        </Polygon>
      </Placemark>
      <Placemark xmlns="http://www.opengis.net/kml/2.2">
        <styleUrl>#Parti singole_style_map</styleUrl>
        <name>T03569</name>
        <Polygon>
          <outerBoundaryIs>
            <LinearRing>
              <coordinates>8.41152770318048,39.4171374752379 8.41152795457175,39.4173202263172 8.41170516026018,39.417765698407 8.41185296549215,39.4176766121429 8.41163530221902,39.4170760099641 8.41148360254782,39.4169791727822 8.41152770318048,39.4171374752379</coordinates>
            </LinearRing>
          </outerBoundaryIs>
        </Polygon>
      </Placemark>
      <Placemark xmlns="http://www.opengis.net/kml/2.2">
        <styleUrl>#Parti singole_style_map</styleUrl>
        <name>T03570</name>
        <Polygon>
          <outerBoundaryIs>
            <LinearRing>
              <coordinates>8.41163530221902,39.4170760099641 8.41185296549215,39.4176766121429 8.41221573421071,39.4174579522934 8.412316848776,39.4173663407061 8.41234346635247,39.4173050510649 8.41233327502906,39.4172363399714 8.4122822135601,39.4171873263408 8.41178640198727,39.4171406315775 8.41163530221902,39.4170760099641</coordinates>
            </LinearRing>
          </outerBoundaryIs>
        </Polygon>
      </Placemark>
      <Placemark xmlns="http://www.opengis.net/kml/2.2">
        <styleUrl>#Parti singole_style_map</styleUrl>
        <name>T03571</name>
        <Polygon>
          <outerBoundaryIs>
            <LinearRing>
              <coordinates>8.41138657766351,39.4168663483839 8.41143807986169,39.4168725470116 8.41140993509025,39.4167991225847 8.41134379155939,39.4168238277162 8.41138657766351,39.4168663483839</coordinates>
            </LinearRing>
          </outerBoundaryIs>
        </Polygon>
      </Placemark>
      <Placemark xmlns="http://www.opengis.net/kml/2.2">
        <styleUrl>#Parti singole_style_map</styleUrl>
        <name>T03572</name>
        <Polygon>
          <outerBoundaryIs>
            <LinearRing>
              <coordinates>8.41216045106851,39.418856642988 8.41211216947929,39.4185970242912 8.41184445418754,39.4182218359864 8.41200036759456,39.4188869059937 8.41208760780104,39.4188738540076 8.41216343624879,39.4191814934743 8.41212561836242,39.4191889611191 8.41213307847864,39.4192135973447 8.41212575025669,39.4192147316452 8.41214373773805,39.4192584331326 8.41212208413322,39.4192639101099 8.41215504899148,39.4193639124775 8.41211410233252,39.4193720491729 8.41220090410688,39.4197423034801 8.41230091447797,39.4196815741545 8.41224839474921,39.4195971421254 8.4122346514298,39.4194976604606 8.41229045010522,39.4194227504344 8.41240120498959,39.4193385941277 8.41243906857807,39.4193021850907 8.41234758039498,39.4193358992677 8.41216539090389,39.4188660027825 8.41216045106851,39.418856642988</coordinates>
            </LinearRing>
          </outerBoundaryIs>
        </Polygon>
      </Placemark>
      <Placemark xmlns="http://www.opengis.net/kml/2.2">
        <styleUrl>#Parti singole_style_map</styleUrl>
        <name>T03608</name>
        <Polygon>
          <outerBoundaryIs>
            <LinearRing>
              <coordinates>8.41046417363103,39.4171201301252 8.41049728768101,39.4172571666671 8.41126462787456,39.4169876782274 8.41145493851658,39.4169425984529 8.41133047857681,39.416796269443 8.41098602648889,39.4169367095973 8.41046417363103,39.4171201301252</coordinates>
            </LinearRing>
          </outerBoundaryIs>
        </Polygon>
      </Placemark>
    </Folder>
  </Document>
</kml>

