<?xml version="1.0" encoding="UTF-8"?>
<kml xmlns="http://www.opengis.net/kml/2.2">
  <Document xmlns="">
    <Folder>
      <name>Patrimonio IGEA</name>
      <Placemark xmlns="http://www.opengis.net/kml/2.2">
        <styleUrl>#Parti singole_style_map</styleUrl>
        <name>F01535</name>
        <Polygon>
          <outerBoundaryIs>
            <LinearRing>
              <coordinates>8.46289088430039,39.0577831322277 8.46293561606858,39.0578130747098 8.46304977751889,39.0577098840027 8.46306536716323,39.0576963492007 8.46310061941706,39.0576656038394 8.46321603323442,39.0575648517084 8.46342506506536,39.0573721676507 8.46376880177481,39.0570644016802 8.46382441454331,39.0570157277492 8.46381831968306,39.0570116898082 8.46378256658128,39.0569880606369 8.46386403090506,39.0569121932464 8.46393148886911,39.0568560045026 8.46390839231959,39.0568383267876 8.46407937129198,39.0566795281079 8.4640998236684,39.0566800727058 8.46418972576217,39.0566819278268 8.46428380471281,39.0566816394351 8.46440805681678,39.0566802280939 8.46455138263716,39.056678273483 8.46462049927305,39.0566777800202 8.4651778226198,39.0566740312102 8.46575365873468,39.0568360771429 8.46577218991282,39.056815526869 8.46579262584287,39.0567722775687 8.46582555466024,39.0566969162068 8.46590680579406,39.056527881529 8.46598616736207,39.0563641546292 8.46582966560828,39.0562896372137 8.46575205134126,39.0563902048091 8.46513341012826,39.0560965818344 8.4651905943919,39.0560232242721 8.46508510659522,39.0559733597927 8.46516271385769,39.0558737838146 8.46512538279066,39.055843335482 8.46510541928711,39.0558699164628 8.46511394071418,39.0558740105292 8.46502891378298,39.0559919348864 8.46472782375577,39.0558574597264 8.46478353376616,39.0557804010741 8.46436423230738,39.0555978038848 8.46412183925995,39.0554960365666 8.46399400687512,39.0554210177341 8.46344805434741,39.0551149244475 8.46305375886347,39.0549276618248 8.46308958602979,39.0548818707014 8.46288919540311,39.0547435293664 8.46282334827993,39.0546941158496 8.4626598574182,39.0546277619864 8.46250345607588,39.054571442818 8.46215865144298,39.0543965702718 8.46188552409331,39.0542643794499 8.46187624422829,39.0542232463684 8.46184608352218,39.0541467837963 8.46169281582953,39.0541649991156 8.46149543619635,39.0540720848104 8.46142232414841,39.0539903774937 8.46127547670076,39.053985013071 8.46075566394907,39.0537094852219 8.46061923835577,39.0535344907462 8.46049429182813,39.0534153274417 8.46046291585418,39.0533621073047 8.46040154569023,39.0531652928968 8.45990868945079,39.0532055420023 8.45957830416366,39.0532328457552 8.45959040764345,39.0532672338527 8.45890364704543,39.0533956984022 8.4591187784713,39.0537966960167 8.45913147271286,39.0538293748068 8.45919856642719,39.0539421436341 8.45927664258789,39.0540999283437 8.45951071803559,39.054517863686 8.45975172376931,39.055285277796 8.46006452283088,39.056232343105 8.46009305520343,39.0565830036712 8.46012427688786,39.056884116104 8.4604797486271,39.0567822257089 8.46053158272825,39.0571541698862 8.46109775186611,39.0572339234981 8.46140174193695,39.0572908365905 8.46219889168619,39.0575909801079 8.46283147215071,39.0578297156595 8.46283804126531,39.0578321789106 8.46289088430039,39.0577831322277</coordinates>
            </LinearRing>
          </outerBoundaryIs>
        </Polygon>
      </Placemark>
      <Placemark xmlns="http://www.opengis.net/kml/2.2">
        <styleUrl>#Parti singole_style_map</styleUrl>
        <name>F01532</name>
        <Polygon>
          <outerBoundaryIs>
            <LinearRing>
              <coordinates>8.44211607019698,39.0185602563359 8.44213156183629,39.0184703677962 8.44190748645292,39.0184468662987 8.44189199453574,39.0185367548071 8.44211607019698,39.0185602563359</coordinates>
            </LinearRing>
          </outerBoundaryIs>
        </Polygon>
      </Placemark>
      <Placemark xmlns="http://www.opengis.net/kml/2.2">
        <styleUrl>#Parti singole_style_map</styleUrl>
        <name>F01533</name>
        <Polygon>
          <outerBoundaryIs>
            <LinearRing>
              <coordinates>8.44154155782995,39.0186775008194 8.44169232930785,39.0186995305339 8.44170630640178,39.0186413159774 8.44155553504275,39.0186192862816 8.44154155782995,39.0186775008194</coordinates>
            </LinearRing>
          </outerBoundaryIs>
        </Polygon>
      </Placemark>
      <Placemark xmlns="http://www.opengis.net/kml/2.2">
        <styleUrl>#Parti singole_style_map</styleUrl>
        <name>F01534</name>
        <Polygon>
          <outerBoundaryIs>
            <LinearRing>
              <coordinates>8.44317710919147,39.0187914945173 8.4430908844957,39.0187877182932 8.44308624093005,39.0188522424381 8.44317246570386,39.018856018666 8.44317710919147,39.0187914945173</coordinates>
            </LinearRing>
          </outerBoundaryIs>
        </Polygon>
      </Placemark>
      <Placemark xmlns="http://www.opengis.net/kml/2.2">
        <styleUrl>#Parti singole_style_map</styleUrl>
        <name>F01529</name>
        <Polygon>
          <outerBoundaryIs>
            <LinearRing>
              <coordinates>8.44991007607572,39.0111230580557 8.44997551055035,39.0111597715403 8.44996850751594,39.0111692001336 8.44996813239586,39.0111728929061 8.44997026045244,39.0111814634707 8.44997817932603,39.0111879888073 8.44998565368061,39.0111922592766 8.44999499900388,39.011193564916 8.45000494554739,39.0111918096242 8.45001143841221,39.0111885962663 8.45002086753724,39.0111790890045 8.45002273221831,39.0111769351421 8.45004655798978,39.0111875904979 8.45009307066322,39.0112068232749 8.4500857232491,39.0112159799185 8.4500827576651,39.0112260583383 8.45008352842443,39.0112309279563 8.45008992911883,39.0112396087831 8.45010686570947,39.0112450052055 8.4501653009718,39.0112608699785 8.4501621358244,39.0112668924736 8.45016287726645,39.0112755466059 8.45016892450727,39.0112851268691 8.45018166768101,39.0112950991538 8.45019896962707,39.0112980642947 8.45021434794735,39.0112958840469 8.4502238590466,39.0112907024731 8.45023455581221,39.0112815616152 8.45025666115366,39.0112608502616 8.45030438193221,39.0112732402314 8.45032733693128,39.0112173896635 8.45027557804585,39.0112044399977 8.4502771098738,39.0111856140661 8.45027812597314,39.0111737242333 8.45027499890972,39.0111599225379 8.45026697428919,39.0111521351717 8.45025216059555,39.0111410718032 8.45022684454297,39.011128967689 8.45009232179775,39.0110649853628 8.45000883986448,39.0110171932888 8.45000161912816,39.0110249087524 8.44991007607572,39.0111230580557</coordinates>
            </LinearRing>
          </outerBoundaryIs>
        </Polygon>
      </Placemark>
      <Placemark xmlns="http://www.opengis.net/kml/2.2">
        <styleUrl>#Parti singole_style_map</styleUrl>
        <name>F01530</name>
        <Polygon>
          <outerBoundaryIs>
            <LinearRing>
              <coordinates>8.44991007607572,39.0111230580557 8.44997551055035,39.0111597715403 8.44996850751594,39.0111692001336 8.44996813239586,39.0111728929061 8.44997026045244,39.0111814634707 8.44997817932603,39.0111879888073 8.44998565368061,39.0111922592766 8.44999499900388,39.011193564916 8.45000494554739,39.0111918096242 8.45001143841221,39.0111885962663 8.45002086753724,39.0111790890045 8.45002273221831,39.0111769351421 8.45004655798978,39.0111875904979 8.45009307066322,39.0112068232749 8.4500857232491,39.0112159799185 8.4500827576651,39.0112260583383 8.45008352842443,39.0112309279563 8.45008992911883,39.0112396087831 8.45010686570947,39.0112450052055 8.4501653009718,39.0112608699785 8.4501621358244,39.0112668924736 8.45016287726645,39.0112755466059 8.45016892450727,39.0112851268691 8.45018166768101,39.0112950991538 8.45019896962707,39.0112980642947 8.45021434794735,39.0112958840469 8.4502238590466,39.0112907024731 8.45023455581221,39.0112815616152 8.45025666115366,39.0112608502616 8.45030438193221,39.0112732402314 8.45032733693128,39.0112173896635 8.45027557804585,39.0112044399977 8.4502771098738,39.0111856140661 8.45027812597314,39.0111737242333 8.45027499890972,39.0111599225379 8.45026697428919,39.0111521351717 8.45025216059555,39.0111410718032 8.45022684454297,39.011128967689 8.45009232179775,39.0110649853628 8.45000883986448,39.0110171932888 8.45000161912816,39.0110249087524 8.44991007607572,39.0111230580557</coordinates>
            </LinearRing>
          </outerBoundaryIs>
        </Polygon>
      </Placemark>
      <Placemark xmlns="http://www.opengis.net/kml/2.2">
        <styleUrl>#Parti singole_style_map</styleUrl>
        <name>F01531</name>
        <Polygon>
          <outerBoundaryIs>
            <LinearRing>
              <coordinates>8.45027988631515,39.0119156146026 8.45033174519725,39.0119008106184 8.45031712258769,39.0118650578072 8.4503237226209,39.011862926267 8.45038971246298,39.0118429624563 8.45037006035235,39.0118004276323 8.45026147583742,39.0118320852119 8.45028148136022,39.0118737206124 8.45026515381707,39.0118791403806 8.45026639844719,39.0118824803483 8.45027988631515,39.0119156146026</coordinates>
            </LinearRing>
          </outerBoundaryIs>
        </Polygon>
      </Placemark>
      <Placemark xmlns="http://www.opengis.net/kml/2.2">
        <styleUrl>#Parti singole_style_map</styleUrl>
        <name>T02291</name>
        <Polygon>
          <outerBoundaryIs>
            <LinearRing>
              <coordinates>8.43306316564563,39.0211579034409 8.4334986169119,39.0211718337916 8.43359101117876,39.0211798880707 8.43372185463532,39.0211597442171 8.43398637062909,39.0210891566045 8.43411667482101,39.0210323166588 8.4333686288439,39.0205063931877 8.4332086240473,39.0203191675484 8.43361054713384,39.0197472335888 8.43415715391873,39.0197894104596 8.43432721483577,39.0196862571375 8.43420651452385,39.0189375280541 8.43419242648763,39.0189384238637 8.43404350171923,39.0188104197308 8.43386323478462,39.018943529932 8.43273714007991,39.0211442516664 8.43306316564563,39.0211579034409</coordinates>
            </LinearRing>
          </outerBoundaryIs>
        </Polygon>
      </Placemark>
      <Placemark xmlns="http://www.opengis.net/kml/2.2">
        <styleUrl>#Parti singole_style_map</styleUrl>
        <name>T02292</name>
        <Polygon>
          <outerBoundaryIs>
            <LinearRing>
              <coordinates>8.4341334445354,39.0180016178704 8.43442215983801,39.0180034063745 8.4343388531949,39.0178817853683 8.43415084056836,39.017881386591 8.4341334445354,39.0180016178704</coordinates>
            </LinearRing>
          </outerBoundaryIs>
        </Polygon>
      </Placemark>
      <Placemark xmlns="http://www.opengis.net/kml/2.2">
        <styleUrl>#Parti singole_style_map</styleUrl>
        <name>T02293</name>
        <Polygon>
          <outerBoundaryIs>
            <LinearRing>
              <coordinates>8.43415084056836,39.017881386591 8.4343388531949,39.0178817853683 8.43418049628504,39.017650558948 8.43417541628119,39.0176502549493 8.43415169596415,39.0178755155296 8.43415084056836,39.017881386591</coordinates>
            </LinearRing>
          </outerBoundaryIs>
        </Polygon>
      </Placemark>
      <Placemark xmlns="http://www.opengis.net/kml/2.2">
        <styleUrl>#Parti singole_style_map</styleUrl>
        <name>T02294</name>
        <Polygon>
          <outerBoundaryIs>
            <LinearRing>
              <coordinates>8.43486775662461,39.0186452806629 8.43515471779253,39.0188212967583 8.43521346452487,39.0188143545077 8.43537532232595,39.018782058928 8.43575133035497,39.0187130074155 8.43681862696315,39.0185173567321 8.43672572894364,39.0181614034421 8.43607786768787,39.0182569515603 8.43478932550634,39.0184494054334 8.43486775662461,39.0186452806629</coordinates>
            </LinearRing>
          </outerBoundaryIs>
        </Polygon>
      </Placemark>
      <Placemark xmlns="http://www.opengis.net/kml/2.2">
        <styleUrl>#Parti singole_style_map</styleUrl>
        <name>T02295</name>
        <Polygon>
          <outerBoundaryIs>
            <LinearRing>
              <coordinates>8.43455039708295,39.0181906565612 8.43478932550634,39.0184494054334 8.43607786768787,39.0182569515603 8.43672572894364,39.0181614034421 8.43668883675324,39.0180200488493 8.43505934090524,39.0180073699224 8.43442215983801,39.0180034063745 8.43455039708295,39.0181906565612</coordinates>
            </LinearRing>
          </outerBoundaryIs>
        </Polygon>
      </Placemark>
      <Placemark xmlns="http://www.opengis.net/kml/2.2">
        <styleUrl>#Parti singole_style_map</styleUrl>
        <name>T02296</name>
        <Polygon>
          <outerBoundaryIs>
            <LinearRing>
              <coordinates>8.43442215983801,39.0180034063745 8.43505934090524,39.0180073699224 8.43668883675324,39.0180200488493 8.43665238672706,39.0178826702578 8.43485823568995,39.0178828805607 8.4343388531949,39.0178817853683 8.43442215983801,39.0180034063745</coordinates>
            </LinearRing>
          </outerBoundaryIs>
        </Polygon>
      </Placemark>
      <Placemark xmlns="http://www.opengis.net/kml/2.2">
        <styleUrl>#Parti singole_style_map</styleUrl>
        <name>T02297</name>
        <Polygon>
          <outerBoundaryIs>
            <LinearRing>
              <coordinates>8.4343388531949,39.0178817853683 8.43485823568995,39.0178828805607 8.43665238672706,39.0178826702578 8.43662464099933,39.0178230541452 8.43578810622786,39.0177634553784 8.43418049628504,39.017650558948 8.4343388531949,39.0178817853683</coordinates>
            </LinearRing>
          </outerBoundaryIs>
        </Polygon>
      </Placemark>
      <Placemark xmlns="http://www.opengis.net/kml/2.2">
        <styleUrl>#Parti singole_style_map</styleUrl>
        <name>T02298</name>
        <Polygon>
          <outerBoundaryIs>
            <LinearRing>
              <coordinates>8.43417541628119,39.0176502549493 8.43418049628504,39.017650558948 8.43578810622786,39.0177634553784 8.43662464099933,39.0178230541452 8.43653298891925,39.017626061865 8.4344454360401,39.0173917942244 8.43420527077931,39.0173669568291 8.43417607854678,39.0176439774523 8.43417541628119,39.0176502549493</coordinates>
            </LinearRing>
          </outerBoundaryIs>
        </Polygon>
      </Placemark>
      <Placemark xmlns="http://www.opengis.net/kml/2.2">
        <styleUrl>#Parti singole_style_map</styleUrl>
        <name>T02299</name>
        <Polygon>
          <outerBoundaryIs>
            <LinearRing>
              <coordinates>8.43421692159498,39.0171704730497 8.43422076691608,39.0172198633333 8.43420527077931,39.0173669568291 8.4344454360401,39.0173917942244 8.43653298891925,39.017626061865 8.43645304779644,39.0174467968164 8.4341781415105,39.0171260405124 8.43421692159498,39.0171704730497</coordinates>
            </LinearRing>
          </outerBoundaryIs>
        </Polygon>
      </Placemark>
      <Placemark xmlns="http://www.opengis.net/kml/2.2">
        <styleUrl>#Parti singole_style_map</styleUrl>
        <name>T02300</name>
        <Polygon>
          <outerBoundaryIs>
            <LinearRing>
              <coordinates>8.4341781415105,39.0171260405124 8.43645304779644,39.0174467968164 8.43643440171948,39.0174049854506 8.43640478317469,39.0173179846132 8.43429343640766,39.0169355744739 8.4341781415105,39.0171260405124</coordinates>
            </LinearRing>
          </outerBoundaryIs>
        </Polygon>
      </Placemark>
      <Placemark xmlns="http://www.opengis.net/kml/2.2">
        <styleUrl>#Parti singole_style_map</styleUrl>
        <name>T02301</name>
        <Polygon>
          <outerBoundaryIs>
            <LinearRing>
              <coordinates>8.43429343640766,39.0169355744739 8.43640478317469,39.0173179846132 8.43638421736747,39.0172575651199 8.43434092372065,39.0168571202759 8.43429343640766,39.0169355744739</coordinates>
            </LinearRing>
          </outerBoundaryIs>
        </Polygon>
      </Placemark>
      <Placemark xmlns="http://www.opengis.net/kml/2.2">
        <styleUrl>#Parti singole_style_map</styleUrl>
        <name>T02302</name>
        <Polygon>
          <outerBoundaryIs>
            <LinearRing>
              <coordinates>8.43434092372065,39.0168571202759 8.43638421736747,39.0172575651199 8.43630828701271,39.0170344534872 8.43447255765832,39.016639682108 8.43434092372065,39.0168571202759</coordinates>
            </LinearRing>
          </outerBoundaryIs>
        </Polygon>
      </Placemark>
      <Placemark xmlns="http://www.opengis.net/kml/2.2">
        <styleUrl>#Parti singole_style_map</styleUrl>
        <name>T02303</name>
        <Polygon>
          <outerBoundaryIs>
            <LinearRing>
              <coordinates>8.43447255765832,39.016639682108 8.43630828701271,39.0170344534872 8.43618506282907,39.0166724508039 8.43509409179687,39.0162150302742 8.43495160132764,39.0163224274771 8.43454439949283,39.0165199130819 8.43447255765832,39.016639682108</coordinates>
            </LinearRing>
          </outerBoundaryIs>
        </Polygon>
      </Placemark>
      <Placemark xmlns="http://www.opengis.net/kml/2.2">
        <styleUrl>#Parti singole_style_map</styleUrl>
        <name>T02304</name>
        <Polygon>
          <outerBoundaryIs>
            <LinearRing>
              <coordinates>8.43469366324984,39.0158872671478 8.43491358483947,39.0158108381646 8.43480359899673,39.0159790822771 8.43479330908632,39.015994810768 8.43480691420196,39.015997913456 8.43512729166194,39.016071014081 8.43512742708361,39.0161860319876 8.43509409179687,39.0162150302742 8.43618506282907,39.0166724508039 8.43616178860366,39.0166040523849 8.43618105351344,39.0163528179114 8.43470191480191,39.0156895502894 8.43469366324984,39.0158872671478</coordinates>
            </LinearRing>
          </outerBoundaryIs>
        </Polygon>
      </Placemark>
      <Placemark xmlns="http://www.opengis.net/kml/2.2">
        <styleUrl>#Parti singole_style_map</styleUrl>
        <name>T02305</name>
        <Polygon>
          <outerBoundaryIs>
            <LinearRing>
              <coordinates>8.43470191480191,39.0156895502894 8.43618105351344,39.0163528179114 8.43618129795931,39.0163496742314 8.43621667231101,39.0159826082966 8.43621422285186,39.0159725220784 8.43485718116214,39.0153005924247 8.43471413368005,39.015396903045 8.43470191480191,39.0156895502894</coordinates>
            </LinearRing>
          </outerBoundaryIs>
        </Polygon>
      </Placemark>
      <Placemark xmlns="http://www.opengis.net/kml/2.2">
        <styleUrl>#Parti singole_style_map</styleUrl>
        <name>T02306</name>
        <Polygon>
          <outerBoundaryIs>
            <LinearRing>
              <coordinates>8.43485718116214,39.0153005924247 8.43621422285186,39.0159725220784 8.43614099833824,39.0156722345757 8.43504627662752,39.0150582371284 8.43507006781552,39.0151572578975 8.43485718116214,39.0153005924247</coordinates>
            </LinearRing>
          </outerBoundaryIs>
        </Polygon>
      </Placemark>
      <Placemark xmlns="http://www.opengis.net/kml/2.2">
        <styleUrl>#Parti singole_style_map</styleUrl>
        <name>T02307</name>
        <Polygon>
          <outerBoundaryIs>
            <LinearRing>
              <coordinates>8.43492689709226,39.0148006448774 8.43499947654684,39.0148635154356 8.43504627662752,39.0150582371284 8.43614099833824,39.0156722345757 8.43608124297144,39.0154271058337 8.43498564696144,39.0146942565928 8.43492689709226,39.0148006448774</coordinates>
            </LinearRing>
          </outerBoundaryIs>
        </Polygon>
      </Placemark>
      <Placemark xmlns="http://www.opengis.net/kml/2.2">
        <styleUrl>#Parti singole_style_map</styleUrl>
        <name>T02308</name>
        <Polygon>
          <outerBoundaryIs>
            <LinearRing>
              <coordinates>8.43498564696144,39.0146942565928 8.43608124297144,39.0154271058337 8.43597027663013,39.0149707982187 8.4359819643155,39.0149477323618 8.43517007890981,39.014362768003 8.43508806357576,39.0145087554364 8.43498564696144,39.0146942565928</coordinates>
            </LinearRing>
          </outerBoundaryIs>
        </Polygon>
      </Placemark>
      <Placemark xmlns="http://www.opengis.net/kml/2.2">
        <styleUrl>#Parti singole_style_map</styleUrl>
        <name>T02309</name>
        <Polygon>
          <outerBoundaryIs>
            <LinearRing>
              <coordinates>8.43517007890981,39.014362768003 8.4359819643155,39.0149477323618 8.43611414319334,39.014686798456 8.43606774234886,39.0146609555478 8.4357993889608,39.0144577010918 8.43580477079118,39.0139508094228 8.43585437446941,39.0134357153653 8.43578742172081,39.0132637665106 8.43517007890981,39.014362768003</coordinates>
            </LinearRing>
          </outerBoundaryIs>
        </Polygon>
      </Placemark>
      <Placemark xmlns="http://www.opengis.net/kml/2.2">
        <styleUrl>#Parti singole_style_map</styleUrl>
        <name>T02310</name>
        <Polygon>
          <outerBoundaryIs>
            <LinearRing>
              <coordinates>8.43406548785743,39.0174791058791 8.43417607854678,39.0176439774523 8.43420527077931,39.0173669568291 8.43411978371363,39.0173580985425 8.43415536295774,39.0173766267749 8.43415448380791,39.0173941670495 8.43413199295046,39.0173928684238 8.43406548785743,39.0174791058791</coordinates>
            </LinearRing>
          </outerBoundaryIs>
        </Polygon>
      </Placemark>
      <Placemark xmlns="http://www.opengis.net/kml/2.2">
        <styleUrl>#Parti singole_style_map</styleUrl>
        <name>T02311</name>
        <Polygon>
          <outerBoundaryIs>
            <LinearRing>
              <coordinates>8.43411978371363,39.0173580985425 8.43420527077931,39.0173669568291 8.43422076691608,39.0172198633333 8.43417381327629,39.0172545262946 8.43413828847154,39.0172566967464 8.43410812899331,39.0173479405674 8.43411978371363,39.0173580985425</coordinates>
            </LinearRing>
          </outerBoundaryIs>
        </Polygon>
      </Placemark>
      <Placemark xmlns="http://www.opengis.net/kml/2.2">
        <styleUrl>#Parti singole_style_map</styleUrl>
        <name>T02312</name>
        <Polygon>
          <outerBoundaryIs>
            <LinearRing>
              <coordinates>8.43422693022427,39.0169235283412 8.43429343640766,39.0169355744739 8.43434092372065,39.0168571202759 8.43425291678181,39.0168398695706 8.43422693022427,39.0169235283412</coordinates>
            </LinearRing>
          </outerBoundaryIs>
        </Polygon>
      </Placemark>
      <Placemark xmlns="http://www.opengis.net/kml/2.2">
        <styleUrl>#Parti singole_style_map</styleUrl>
        <name>T02313</name>
        <Polygon>
          <outerBoundaryIs>
            <LinearRing>
              <coordinates>8.43425291678181,39.0168398695706 8.43434092372065,39.0168571202759 8.43447255765832,39.016639682108 8.43435123952361,39.0166136012376 8.43434046671278,39.0166188835186 8.43425291678181,39.0168398695706</coordinates>
            </LinearRing>
          </outerBoundaryIs>
        </Polygon>
      </Placemark>
      <Placemark xmlns="http://www.opengis.net/kml/2.2">
        <styleUrl>#Parti singole_style_map</styleUrl>
        <name>T02314</name>
        <Polygon>
          <outerBoundaryIs>
            <LinearRing>
              <coordinates>8.43447255765832,39.016639682108 8.43454439949283,39.0165199130819 8.43435123952361,39.0166136012376 8.43447255765832,39.016639682108</coordinates>
            </LinearRing>
          </outerBoundaryIs>
        </Polygon>
      </Placemark>
      <Placemark xmlns="http://www.opengis.net/kml/2.2">
        <styleUrl>#Parti singole_style_map</styleUrl>
        <name>T02315</name>
        <Polygon>
          <outerBoundaryIs>
            <LinearRing>
              <coordinates>8.4342025152908,39.0188900473824 8.4345424079623,39.0188741879971 8.43444147248698,39.0187106161766 8.4342025152908,39.0188900473824</coordinates>
            </LinearRing>
          </outerBoundaryIs>
        </Polygon>
      </Placemark>
      <Placemark xmlns="http://www.opengis.net/kml/2.2">
        <styleUrl>#Parti singole_style_map</styleUrl>
        <name>T02316</name>
        <Polygon>
          <outerBoundaryIs>
            <LinearRing>
              <coordinates>8.4345424079623,39.0188741879971 8.43481485128042,39.0188614699011 8.43515471779253,39.0188212967583 8.43486775662461,39.0186452806629 8.43478932550634,39.0184494054334 8.43444147248698,39.0187106161766 8.4345424079623,39.0188741879971</coordinates>
            </LinearRing>
          </outerBoundaryIs>
        </Polygon>
      </Placemark>
      <Placemark xmlns="http://www.opengis.net/kml/2.2">
        <styleUrl>#Parti singole_style_map</styleUrl>
        <name>T02317</name>
        <Polygon>
          <outerBoundaryIs>
            <LinearRing>
              <coordinates>8.43432721483577,39.0196862571375 8.43461890347565,39.0195143894236 8.43467682027399,39.0195913814533 8.43477383800901,39.01930305638 8.43481047732716,39.0192771109503 8.43457932119278,39.0189138625192 8.43420651452385,39.0189375280541 8.43432721483577,39.0196862571375</coordinates>
            </LinearRing>
          </outerBoundaryIs>
        </Polygon>
      </Placemark>
      <Placemark xmlns="http://www.opengis.net/kml/2.2">
        <styleUrl>#Parti singole_style_map</styleUrl>
        <name>T02318</name>
        <Polygon>
          <outerBoundaryIs>
            <LinearRing>
              <coordinates>8.43481047732716,39.0192771109503 8.4352039482822,39.0189983863809 8.43556022064756,39.0190740206089 8.43559558514868,39.0189556242725 8.43521036574964,39.0188553668614 8.43483916935408,39.0188973617101 8.43457932119278,39.0189138625192 8.43481047732716,39.0192771109503</coordinates>
            </LinearRing>
          </outerBoundaryIs>
        </Polygon>
      </Placemark>
      <Placemark xmlns="http://www.opengis.net/kml/2.2">
        <styleUrl>#Parti singole_style_map</styleUrl>
        <name>T02319</name>
        <Polygon>
          <outerBoundaryIs>
            <LinearRing>
              <coordinates>8.43451692290583,39.0209266127163 8.43466902288855,39.020885863491 8.43513122563604,39.0208679372206 8.43522172886717,39.0208929488691 8.43527905661053,39.0209324246941 8.43554087585221,39.0209434967239 8.4357261299974,39.0209838349654 8.43600384594952,39.020015408602 8.43510815898184,39.0197449032095 8.43481047732716,39.0192771109503 8.43477383800901,39.01930305638 8.43467682027399,39.0195913814533 8.43461890347565,39.0195143894236 8.43432721483577,39.0196862571375 8.43451692290583,39.0209266127163</coordinates>
            </LinearRing>
          </outerBoundaryIs>
        </Polygon>
      </Placemark>
      <Placemark xmlns="http://www.opengis.net/kml/2.2">
        <styleUrl>#Parti singole_style_map</styleUrl>
        <name>T02320</name>
        <Polygon>
          <outerBoundaryIs>
            <LinearRing>
              <coordinates>8.43510815898184,39.0197449032095 8.43600384594952,39.020015408602 8.43624716083812,39.019166860417 8.4358960236901,39.0190452246286 8.43559558514868,39.0189556242725 8.43556022064756,39.0190740206089 8.4352039482822,39.0189983863809 8.43481047732716,39.0192771109503 8.43510815898184,39.0197449032095</coordinates>
            </LinearRing>
          </outerBoundaryIs>
        </Polygon>
      </Placemark>
      <Placemark xmlns="http://www.opengis.net/kml/2.2">
        <styleUrl>#Parti singole_style_map</styleUrl>
        <name>T02321</name>
        <Polygon>
          <outerBoundaryIs>
            <LinearRing>
              <coordinates>8.43580818854142,39.0210016955585 8.43589918827032,39.0210572926192 8.43602667135318,39.0210703176477 8.4360469452377,39.0211225086579 8.43621826892039,39.0212093659026 8.43642618234031,39.0211646671177 8.43655978328183,39.021188471333 8.43670973168166,39.0207086812194 8.43692517682207,39.0199899095066 8.4361189560205,39.020050189445 8.43600384594952,39.020015408602 8.4357261299974,39.0209838349654 8.43580818854142,39.0210016955585</coordinates>
            </LinearRing>
          </outerBoundaryIs>
        </Polygon>
      </Placemark>
      <Placemark xmlns="http://www.opengis.net/kml/2.2">
        <styleUrl>#Parti singole_style_map</styleUrl>
        <name>T02322</name>
        <Polygon>
          <outerBoundaryIs>
            <LinearRing>
              <coordinates>8.4361189560205,39.020050189445 8.43692517682207,39.0199899095066 8.4369429752002,39.0199305224686 8.43705395235858,39.0195457904883 8.43709601299087,39.0194290209933 8.43725123242464,39.0189216095319 8.43707258171141,39.0189434639065 8.43675197821517,39.019054085072 8.43633842994054,39.0191984800139 8.43624716083812,39.019166860417 8.43600384594952,39.020015408602 8.4361189560205,39.020050189445</coordinates>
            </LinearRing>
          </outerBoundaryIs>
        </Polygon>
      </Placemark>
      <Placemark xmlns="http://www.opengis.net/kml/2.2">
        <styleUrl>#Parti singole_style_map</styleUrl>
        <name>T02323</name>
        <Polygon>
          <outerBoundaryIs>
            <LinearRing>
              <coordinates>8.43404708081636,39.0187570645864 8.4342025152908,39.0188900473824 8.43444147248698,39.0187106161766 8.43431981688063,39.0185134586194 8.43411429652508,39.0181691577317 8.43404708081636,39.0187570645864</coordinates>
            </LinearRing>
          </outerBoundaryIs>
        </Polygon>
      </Placemark>
      <Placemark xmlns="http://www.opengis.net/kml/2.2">
        <styleUrl>#Parti singole_style_map</styleUrl>
        <name>T02324</name>
        <Polygon>
          <outerBoundaryIs>
            <LinearRing>
              <coordinates>8.43411429652508,39.0181691577317 8.43431981688063,39.0185134586194 8.43444147248698,39.0187106161766 8.43478932550634,39.0184494054334 8.43455039708295,39.0181906565612 8.43442215983801,39.0180034063745 8.4341334445354,39.0180016178704 8.43411429652508,39.0181691577317</coordinates>
            </LinearRing>
          </outerBoundaryIs>
        </Polygon>
      </Placemark>
      <Placemark xmlns="http://www.opengis.net/kml/2.2">
        <styleUrl>#Parti singole_style_map</styleUrl>
        <name>T02325</name>
        <Polygon>
          <outerBoundaryIs>
            <LinearRing>
              <coordinates>8.43389122142361,39.0175729828437 8.43391143349998,39.0176339339465 8.43417541628119,39.0176502549493 8.43417607854678,39.0176439774523 8.43406548785743,39.0174791058791 8.43390997326993,39.0175317504048 8.43389122142361,39.0175729828437</coordinates>
            </LinearRing>
          </outerBoundaryIs>
        </Polygon>
      </Placemark>
      <Placemark xmlns="http://www.opengis.net/kml/2.2">
        <styleUrl>#Parti singole_style_map</styleUrl>
        <name>T02326</name>
        <Polygon>
          <outerBoundaryIs>
            <LinearRing>
              <coordinates>8.43391107619999,39.0176339118383 8.43389122142361,39.0175729828437 8.43386481369892,39.017631049299 8.43391107619999,39.0176339118383</coordinates>
            </LinearRing>
          </outerBoundaryIs>
        </Polygon>
      </Placemark>
      <Placemark xmlns="http://www.opengis.net/kml/2.2">
        <styleUrl>#Parti singole_style_map</styleUrl>
        <name>T02327</name>
        <Polygon>
          <outerBoundaryIs>
            <LinearRing>
              <coordinates>8.43388372102678,39.018155287628 8.43395756863204,39.0183447343489 8.43398332631551,39.0187025084713 8.43404708081636,39.0187570645864 8.43411429652508,39.0181691577317 8.43405029254844,39.018061948797 8.43403050681611,39.0180009830131 8.43387812163062,39.0180000358672 8.43388372102678,39.018155287628</coordinates>
            </LinearRing>
          </outerBoundaryIs>
        </Polygon>
      </Placemark>
      <Placemark xmlns="http://www.opengis.net/kml/2.2">
        <styleUrl>#Parti singole_style_map</styleUrl>
        <name>T02328</name>
        <Polygon>
          <outerBoundaryIs>
            <LinearRing>
              <coordinates>8.43405029254844,39.018061948797 8.43411429652508,39.0181691577317 8.4341334445354,39.0180016178704 8.43403050681611,39.0180009830131 8.43405029254844,39.018061948797</coordinates>
            </LinearRing>
          </outerBoundaryIs>
        </Polygon>
      </Placemark>
      <Placemark xmlns="http://www.opengis.net/kml/2.2">
        <styleUrl>#Parti singole_style_map</styleUrl>
        <name>T02329</name>
        <Polygon>
          <outerBoundaryIs>
            <LinearRing>
              <coordinates>8.43387812163062,39.0180000358672 8.43403050681611,39.0180009830131 8.43399161252676,39.0178810551772 8.43387381729396,39.0178808076109 8.43387812163062,39.0180000358672</coordinates>
            </LinearRing>
          </outerBoundaryIs>
        </Polygon>
      </Placemark>
      <Placemark xmlns="http://www.opengis.net/kml/2.2">
        <styleUrl>#Parti singole_style_map</styleUrl>
        <name>T02330</name>
        <Polygon>
          <outerBoundaryIs>
            <LinearRing>
              <coordinates>8.43403050681611,39.0180009830131 8.4341334445354,39.0180016178704 8.43415084056836,39.017881386591 8.43399161252676,39.0178810551772 8.43403050681611,39.0180009830131</coordinates>
            </LinearRing>
          </outerBoundaryIs>
        </Polygon>
      </Placemark>
      <Placemark xmlns="http://www.opengis.net/kml/2.2">
        <styleUrl>#Parti singole_style_map</styleUrl>
        <name>T02331</name>
        <Polygon>
          <outerBoundaryIs>
            <LinearRing>
              <coordinates>8.43387381729396,39.0178808076109 8.43399161252676,39.0178810551772 8.43391143349998,39.0176339339465 8.43386481369892,39.017631049299 8.43387381729396,39.0178808076109</coordinates>
            </LinearRing>
          </outerBoundaryIs>
        </Polygon>
      </Placemark>
      <Placemark xmlns="http://www.opengis.net/kml/2.2">
        <styleUrl>#Parti singole_style_map</styleUrl>
        <name>T02332</name>
        <Polygon>
          <outerBoundaryIs>
            <LinearRing>
              <coordinates>8.43399161252676,39.0178810551772 8.43415084056836,39.017881386591 8.43415169596415,39.0178755155296 8.43417541628119,39.0176502549493 8.43391143349998,39.0176339339465 8.43399161252676,39.0178810551772</coordinates>
            </LinearRing>
          </outerBoundaryIs>
        </Polygon>
      </Placemark>
      <Placemark xmlns="http://www.opengis.net/kml/2.2">
        <styleUrl>#Parti singole_style_map</styleUrl>
        <name>T02333</name>
        <Polygon>
          <outerBoundaryIs>
            <LinearRing>
              <coordinates>8.43407933654543,39.016981059494 8.43410469379715,39.0169459132756 8.43408428832579,39.0169496439266 8.43407933654543,39.016981059494</coordinates>
            </LinearRing>
          </outerBoundaryIs>
        </Polygon>
      </Placemark>
      <Placemark xmlns="http://www.opengis.net/kml/2.2">
        <styleUrl>#Parti singole_style_map</styleUrl>
        <name>T02334</name>
        <Polygon>
          <outerBoundaryIs>
            <LinearRing>
              <coordinates>8.4340561803628,39.0171283500787 8.43410760798893,39.0171409989474 8.4341781415105,39.0171260405124 8.43429343640766,39.0169355744739 8.43422693022427,39.0169235283412 8.43410469379715,39.0169459132756 8.43407933654543,39.016981059494 8.4340561803628,39.0171283500787</coordinates>
            </LinearRing>
          </outerBoundaryIs>
        </Polygon>
      </Placemark>
      <Placemark xmlns="http://www.opengis.net/kml/2.2">
        <styleUrl>#Parti singole_style_map</styleUrl>
        <name>T02335</name>
        <Polygon>
          <outerBoundaryIs>
            <LinearRing>
              <coordinates>8.43471475765336,39.0146168629774 8.43486896678357,39.0147504517702 8.43491798645923,39.0146490084839 8.43473808764014,39.0145286676246 8.43471475765336,39.0146168629774</coordinates>
            </LinearRing>
          </outerBoundaryIs>
        </Polygon>
      </Placemark>
      <Placemark xmlns="http://www.opengis.net/kml/2.2">
        <styleUrl>#Parti singole_style_map</styleUrl>
        <name>T02336</name>
        <Polygon>
          <outerBoundaryIs>
            <LinearRing>
              <coordinates>8.43486896678357,39.0147504517702 8.43492689709226,39.0148006448774 8.43498564696144,39.0146942565928 8.43491798645923,39.0146490084839 8.43486896678357,39.0147504517702</coordinates>
            </LinearRing>
          </outerBoundaryIs>
        </Polygon>
      </Placemark>
      <Placemark xmlns="http://www.opengis.net/kml/2.2">
        <styleUrl>#Parti singole_style_map</styleUrl>
        <name>T02337</name>
        <Polygon>
          <outerBoundaryIs>
            <LinearRing>
              <coordinates>8.43473808764014,39.0145286676246 8.43491798645923,39.0146490084839 8.43509055977718,39.0143054778164 8.4348936230879,39.0141635812547 8.43480544582134,39.0142739719356 8.43473808764014,39.0145286676246</coordinates>
            </LinearRing>
          </outerBoundaryIs>
        </Polygon>
      </Placemark>
      <Placemark xmlns="http://www.opengis.net/kml/2.2">
        <styleUrl>#Parti singole_style_map</styleUrl>
        <name>T02338</name>
        <Polygon>
          <outerBoundaryIs>
            <LinearRing>
              <coordinates>8.43498564696144,39.0146942565928 8.43508806357576,39.0145087554364 8.43517007890981,39.014362768003 8.43509055977718,39.0143054778164 8.43491798645923,39.0146490084839 8.43498564696144,39.0146942565928</coordinates>
            </LinearRing>
          </outerBoundaryIs>
        </Polygon>
      </Placemark>
      <Placemark xmlns="http://www.opengis.net/kml/2.2">
        <styleUrl>#Parti singole_style_map</styleUrl>
        <name>T02339</name>
        <Polygon>
          <outerBoundaryIs>
            <LinearRing>
              <coordinates>8.43509055977718,39.0143054778164 8.43520079961003,39.0140860427221 8.43544838127692,39.0135838654993 8.43550775756221,39.0134217374761 8.43514577035668,39.0137512671857 8.43509551517453,39.0139108169879 8.4348936230879,39.0141635812547 8.43509055977718,39.0143054778164</coordinates>
            </LinearRing>
          </outerBoundaryIs>
        </Polygon>
      </Placemark>
      <Placemark xmlns="http://www.opengis.net/kml/2.2">
        <styleUrl>#Parti singole_style_map</styleUrl>
        <name>T02340</name>
        <Polygon>
          <outerBoundaryIs>
            <LinearRing>
              <coordinates>8.43517007890981,39.014362768003 8.43578742172081,39.0132637665106 8.43572460048475,39.0131024616629 8.43571296298412,39.0131206978106 8.4355389379974,39.0133933684067 8.43550775756221,39.0134217374761 8.43544838127692,39.0135838654993 8.43520079961003,39.0140860427221 8.43509055977718,39.0143054778164 8.43517007890981,39.014362768003</coordinates>
            </LinearRing>
          </outerBoundaryIs>
        </Polygon>
      </Placemark>
      <Placemark xmlns="http://www.opengis.net/kml/2.2">
        <styleUrl>#Parti singole_style_map</styleUrl>
        <name>T02289</name>
        <Polygon>
          <outerBoundaryIs>
            <LinearRing>
              <coordinates>8.43432721483577,39.0196862571375 8.43415715391873,39.0197894104596 8.43361054713384,39.0197472335888 8.4332086240473,39.0203191675484 8.4333686288439,39.0205063931877 8.43411667482101,39.0210323166588 8.43425166740539,39.0209799868262 8.43430312365655,39.020970567664 8.43451603153488,39.0209268516911 8.43451692290583,39.0209266127163 8.43432721483577,39.0196862571375</coordinates>
            </LinearRing>
          </outerBoundaryIs>
        </Polygon>
      </Placemark>
      <Placemark xmlns="http://www.opengis.net/kml/2.2">
        <styleUrl>#Parti singole_style_map</styleUrl>
        <name>T02290</name>
        <Polygon>
          <outerBoundaryIs>
            <LinearRing>
              <coordinates>8.43521346452487,39.0188143545077 8.43561585374168,39.0189110815964 8.43571330507655,39.0189394245516 8.43634723108397,39.0191535213233 8.43693091972853,39.0189476097063 8.43681862696315,39.0185173567321 8.43575133035497,39.0187130074155 8.43537532232595,39.018782058928 8.43521346452487,39.0188143545077</coordinates>
            </LinearRing>
          </outerBoundaryIs>
        </Polygon>
      </Placemark>
      <Placemark xmlns="http://www.opengis.net/kml/2.2">
        <styleUrl>#Parti singole_style_map</styleUrl>
        <name>T02346</name>
        <Polygon>
          <outerBoundaryIs>
            <LinearRing>
              <coordinates>8.43826898414579,39.0201791186612 8.43837185704885,39.0203415520857 8.43853904426014,39.0205921350029 8.43877999836402,39.0209028521932 8.43885159083819,39.0209924063224 8.43904928416397,39.0209718753891 8.43900109326006,39.0209234162986 8.43882143572825,39.0206981491696 8.438441703806,39.0202823074244 8.43833807948963,39.0201432811764 8.43833593445144,39.0201399187271 8.43826898414579,39.0201791186612</coordinates>
            </LinearRing>
          </outerBoundaryIs>
        </Polygon>
      </Placemark>
      <Placemark xmlns="http://www.opengis.net/kml/2.2">
        <styleUrl>#Parti singole_style_map</styleUrl>
        <name>T02347</name>
        <Polygon>
          <outerBoundaryIs>
            <LinearRing>
              <coordinates>8.43663520206841,39.0217544599703 8.43663536914067,39.0217566955201 8.4366372035787,39.0218617102451 8.43673049494098,39.0219766195001 8.43683246014653,39.022192152007 8.43683406509174,39.0221937006512 8.43690411060856,39.0221752960106 8.43693221329549,39.0221072270549 8.43687565556888,39.0220243585107 8.43686382545938,39.0219677569766 8.43678960720553,39.0218701150524 8.43684026754462,39.0216845247397 8.4367637654945,39.0215326612346 8.43694238843073,39.0214496491699 8.43703056762412,39.0213441049818 8.43665584042309,39.0213491792157 8.43665924410083,39.0213816895415 8.43665836506439,39.021453106945 8.43665805185174,39.0214852749107 8.43665802770663,39.0214868607404 8.4366249647723,39.0216151445918 8.43663520206841,39.0217544599703</coordinates>
            </LinearRing>
          </outerBoundaryIs>
        </Polygon>
      </Placemark>
      <Placemark xmlns="http://www.opengis.net/kml/2.2">
        <styleUrl>#Parti singole_style_map</styleUrl>
        <name>T02348</name>
        <Polygon>
          <outerBoundaryIs>
            <LinearRing>
              <coordinates>8.43764109769954,39.0211189187357 8.4381498015426,39.0210653137637 8.43811329531139,39.0210001140074 8.43799857867501,39.0208686934109 8.43797100429662,39.0208017434661 8.43789603840782,39.0207021972877 8.43789543630435,39.0207315343965 8.43764109769954,39.0211189187357</coordinates>
            </LinearRing>
          </outerBoundaryIs>
        </Polygon>
      </Placemark>
      <Placemark xmlns="http://www.opengis.net/kml/2.2">
        <styleUrl>#Parti singole_style_map</styleUrl>
        <name>T02349</name>
        <Polygon>
          <outerBoundaryIs>
            <LinearRing>
              <coordinates>8.43911585780746,39.0210387964565 8.43929805957379,39.020951166301 8.43930845883276,39.0209449536309 8.43904928416397,39.0209718753891 8.43911585780746,39.0210387964565</coordinates>
            </LinearRing>
          </outerBoundaryIs>
        </Polygon>
      </Placemark>
      <Placemark xmlns="http://www.opengis.net/kml/2.2">
        <styleUrl>#Parti singole_style_map</styleUrl>
        <name>T02350</name>
        <Polygon>
          <outerBoundaryIs>
            <LinearRing>
              <coordinates>8.43849902800503,39.0211367509667 8.43856576741747,39.0212016546663 8.4386119800601,39.0210796872461 8.43872690945186,39.0210865844275 8.43894385278503,39.0211077954724 8.43885159083819,39.0209924063224 8.43846963769998,39.0210320811094 8.43849902800503,39.0211367509667</coordinates>
            </LinearRing>
          </outerBoundaryIs>
        </Polygon>
      </Placemark>
      <Placemark xmlns="http://www.opengis.net/kml/2.2">
        <styleUrl>#Parti singole_style_map</styleUrl>
        <name>T02351</name>
        <Polygon>
          <outerBoundaryIs>
            <LinearRing>
              <coordinates>8.43894385278503,39.0211077954724 8.43895176811042,39.0211177006772 8.43911585780746,39.0210387964565 8.43904928416397,39.0209718753891 8.43885159083819,39.0209924063224 8.43894385278503,39.0211077954724</coordinates>
            </LinearRing>
          </outerBoundaryIs>
        </Polygon>
      </Placemark>
      <Placemark xmlns="http://www.opengis.net/kml/2.2">
        <styleUrl>#Parti singole_style_map</styleUrl>
        <name>T02352</name>
        <Polygon>
          <outerBoundaryIs>
            <LinearRing>
              <coordinates>8.43804321145547,39.0197898700804 8.4381443093456,39.0199035453148 8.43861393564033,39.0198603920057 8.43828649986072,39.019656354236 8.43804570865866,39.019789602775 8.43804321145547,39.0197898700804</coordinates>
            </LinearRing>
          </outerBoundaryIs>
        </Polygon>
      </Placemark>
      <Placemark xmlns="http://www.opengis.net/kml/2.2">
        <styleUrl>#Parti singole_style_map</styleUrl>
        <name>T02353</name>
        <Polygon>
          <outerBoundaryIs>
            <LinearRing>
              <coordinates>8.43828927015346,39.02006656012 8.43833593445144,39.0201399187271 8.43867780449231,39.0201492607733 8.43887962841403,39.0201129806499 8.4387365723143,39.019936801574 8.43861393564033,39.0198603920057 8.4381443093456,39.0199035453148 8.43828927015346,39.02006656012</coordinates>
            </LinearRing>
          </outerBoundaryIs>
        </Polygon>
      </Placemark>
      <Placemark xmlns="http://www.opengis.net/kml/2.2">
        <styleUrl>#Parti singole_style_map</styleUrl>
        <name>T02354</name>
        <Polygon>
          <outerBoundaryIs>
            <LinearRing>
              <coordinates>8.43828649986072,39.019656354236 8.43861393564033,39.0198603920057 8.43863734417004,39.0198582339401 8.43921543137727,39.0198070038779 8.43931933024213,39.0197989070697 8.43896895175678,39.0196211722881 8.43871543538889,39.0194766400389 8.43849449820285,39.0195505661568 8.43828649986072,39.019656354236</coordinates>
            </LinearRing>
          </outerBoundaryIs>
        </Polygon>
      </Placemark>
      <Placemark xmlns="http://www.opengis.net/kml/2.2">
        <styleUrl>#Parti singole_style_map</styleUrl>
        <name>T02355</name>
        <Polygon>
          <outerBoundaryIs>
            <LinearRing>
              <coordinates>8.43861393564033,39.0198603920057 8.4387365723143,39.019936801574 8.43887962841403,39.0201129806499 8.43887975362128,39.0201132155402 8.43896375022965,39.0202642937633 8.43956747895686,39.0201816106061 8.43948813681036,39.0199646843297 8.43949947875684,39.0198903074902 8.43931933024213,39.0197989070697 8.43921543137727,39.0198070038779 8.43863734417004,39.0198582339401 8.43861393564033,39.0198603920057</coordinates>
            </LinearRing>
          </outerBoundaryIs>
        </Polygon>
      </Placemark>
      <Placemark xmlns="http://www.opengis.net/kml/2.2">
        <styleUrl>#Parti singole_style_map</styleUrl>
        <name>T02356</name>
        <Polygon>
          <outerBoundaryIs>
            <LinearRing>
              <coordinates>8.43691554358309,39.0200160310986 8.43750947148812,39.0199617231272 8.43753008229716,39.0199438364942 8.43754242149597,39.0199406250127 8.43760341122542,39.0199247714327 8.43775232789396,39.0198566812747 8.43796437467624,39.0197984920786 8.4379657406787,39.0197981201996 8.43804321145547,39.0197898700804 8.43804570865866,39.019789602775 8.43828649986072,39.019656354236 8.43849449820285,39.0195505661568 8.43871543538889,39.0194766400389 8.43890504881585,39.0194460591417 8.43915699684819,39.0193725788006 8.43922945978628,39.0193094985159 8.43949492807314,39.0192308560593 8.43962827980502,39.0191776650405 8.43976765367847,39.0191444262691 8.43992015406591,39.0191018428451 8.4401967175853,39.0189929568933 8.43996639626603,39.0190019971382 8.43976203850876,39.01901147709 8.4394802016755,39.0190128346705 8.43926622623635,39.0190436597747 8.43915843164456,39.0190215867804 8.43895276919604,39.0189652422321 8.43881828672958,39.0189598461159 8.43860511045887,39.0190006040457 8.43831763742659,39.0190149977169 8.43796049030693,39.0189852880626 8.43771004908813,39.0189604894309 8.43739028320174,39.0189233619985 8.4372324306949,39.0189386307793 8.43712871524058,39.0192964549599 8.4370290056511,39.0196355283274 8.43691554358309,39.0200160310986</coordinates>
            </LinearRing>
          </outerBoundaryIs>
        </Polygon>
      </Placemark>
      <Placemark xmlns="http://www.opengis.net/kml/2.2">
        <styleUrl>#Parti singole_style_map</styleUrl>
        <name>T02357</name>
        <Polygon>
          <outerBoundaryIs>
            <LinearRing>
              <coordinates>8.43664013213384,39.0211991232419 8.43663990737855,39.0211968784021 8.43662635974282,39.0211005838323 8.43666332837322,39.0209808342932 8.43676172149648,39.0206770963417 8.43687642288091,39.0203735451992 8.43722321840868,39.0201698307518 8.43740193178747,39.0200530629562 8.43741134867773,39.020046917802 8.43750947148812,39.0199617231272 8.43691554358309,39.0200160310986 8.4368692374363,39.0201713293251 8.43667604336391,39.0208226795522 8.4365672211926,39.0211886334364 8.43664013213384,39.0211991232419</coordinates>
            </LinearRing>
          </outerBoundaryIs>
        </Polygon>
      </Placemark>
      <Placemark xmlns="http://www.opengis.net/kml/2.2">
        <styleUrl>#Parti singole_style_map</styleUrl>
        <name>T02358</name>
        <Polygon>
          <outerBoundaryIs>
            <LinearRing>
              <coordinates>8.43871543538889,39.0194766400389 8.43896895175678,39.0196211722881 8.43931933024213,39.0197989070697 8.44070994754835,39.0196905516918 8.44091395319905,39.0196717509574 8.44095108657704,39.0196209624645 8.44114280258505,39.019465638855 8.44143080190515,39.0192642611815 8.44158981326943,39.0191354979231 8.44158532454418,39.0191363685174 8.44100550415719,39.0191035378258 8.44068350752954,39.0190062058034 8.44053458981035,39.0189798006959 8.4401967175853,39.0189929568933 8.43992015406591,39.0191018428451 8.43976765367847,39.0191444262691 8.43962827980502,39.0191776650405 8.43949492807314,39.0192308560593 8.43922945978628,39.0193094985159 8.43915699684819,39.0193725788006 8.43890504881585,39.0194460591417 8.43871543538889,39.0194766400389</coordinates>
            </LinearRing>
          </outerBoundaryIs>
        </Polygon>
      </Placemark>
      <Placemark xmlns="http://www.opengis.net/kml/2.2">
        <styleUrl>#Parti singole_style_map</styleUrl>
        <name>T02359</name>
        <Polygon>
          <outerBoundaryIs>
            <LinearRing>
              <coordinates>8.43949947875684,39.0198903074902 8.43973070762717,39.0200343885021 8.4399208914913,39.0201818853038 8.44006015553116,39.0202330432694 8.44021222894227,39.0201526199777 8.44043932110633,39.0200892000224 8.44057062552906,39.0200276808992 8.44074089979685,39.0198963596623 8.44088447994704,39.0197120692776 8.44090260297293,39.019687276651 8.44091395319905,39.0196717509574 8.44070994754835,39.0196905516918 8.43931933024213,39.0197989070697 8.43949947875684,39.0198903074902</coordinates>
            </LinearRing>
          </outerBoundaryIs>
        </Polygon>
      </Placemark>
      <Placemark xmlns="http://www.opengis.net/kml/2.2">
        <styleUrl>#Parti singole_style_map</styleUrl>
        <name>T02360</name>
        <Polygon>
          <outerBoundaryIs>
            <LinearRing>
              <coordinates>8.44091395319905,39.0196717509574 8.44205839685458,39.0195662445984 8.44253403448647,39.0193866767594 8.44278846341598,39.0190468333721 8.44268255958413,39.0190309632702 8.44232477029892,39.019004814263 8.44204152284275,39.0190416027883 8.44178494420116,39.0190978110144 8.44158981326943,39.0191354979231 8.44143080190515,39.0192642611815 8.44114280258505,39.019465638855 8.44095108657704,39.0196209624645 8.44091395319905,39.0196717509574</coordinates>
            </LinearRing>
          </outerBoundaryIs>
        </Polygon>
      </Placemark>
      <Placemark xmlns="http://www.opengis.net/kml/2.2">
        <styleUrl>#Parti singole_style_map</styleUrl>
        <name>T02361</name>
        <Polygon>
          <outerBoundaryIs>
            <LinearRing>
              <coordinates>8.44090260297293,39.019687276651 8.44105394684415,39.0198281964952 8.44129057771267,39.0199995677991 8.44144555789924,39.0200910878933 8.44151489056854,39.0201393408924 8.44153537453838,39.02015358639 8.44180868198805,39.0199992202313 8.44205289160162,39.0198652683997 8.44239579019114,39.0197039709802 8.44277077533992,39.019548728165 8.44289991842703,39.019435499603 8.44299712338415,39.019273530644 8.44313184883248,39.0190759128392 8.44312628420952,39.0190769946191 8.4429684735807,39.0190737986823 8.44278846341598,39.0190468333721 8.44253403448647,39.0193866767594 8.44205839685458,39.0195662445984 8.44091395319905,39.0196717509574 8.44090260297293,39.019687276651</coordinates>
            </LinearRing>
          </outerBoundaryIs>
        </Polygon>
      </Placemark>
      <Placemark xmlns="http://www.opengis.net/kml/2.2">
        <styleUrl>#Parti singole_style_map</styleUrl>
        <name>T02362</name>
        <Polygon>
          <outerBoundaryIs>
            <LinearRing>
              <coordinates>8.43779856868848,39.0199352915038 8.43786899049587,39.0199288547746 8.438065101835,39.0199108319567 8.43796437467624,39.0197984920786 8.43775232789396,39.0198566812747 8.43779856868848,39.0199352915038</coordinates>
            </LinearRing>
          </outerBoundaryIs>
        </Polygon>
      </Placemark>
      <Placemark xmlns="http://www.opengis.net/kml/2.2">
        <styleUrl>#Parti singole_style_map</styleUrl>
        <name>T02363</name>
        <Polygon>
          <outerBoundaryIs>
            <LinearRing>
              <coordinates>8.43784526548071,39.0200146788639 8.43800772232599,39.0203269114399 8.43801012995699,39.0203306626366 8.43826898414579,39.0201791186612 8.43818071484838,39.0200397427393 8.438065101835,39.0199108319567 8.43786899049587,39.0199288547746 8.43779856868848,39.0199352915038 8.43784526548071,39.0200146788639</coordinates>
            </LinearRing>
          </outerBoundaryIs>
        </Polygon>
      </Placemark>
      <Placemark xmlns="http://www.opengis.net/kml/2.2">
        <styleUrl>#Parti singole_style_map</styleUrl>
        <name>T02364</name>
        <Polygon>
          <outerBoundaryIs>
            <LinearRing>
              <coordinates>8.43796437467624,39.0197984920786 8.438065101835,39.0199108319567 8.4381443093456,39.0199035453148 8.43804321145547,39.0197898700804 8.4379657406787,39.0197981201996 8.43796437467624,39.0197984920786</coordinates>
            </LinearRing>
          </outerBoundaryIs>
        </Polygon>
      </Placemark>
      <Placemark xmlns="http://www.opengis.net/kml/2.2">
        <styleUrl>#Parti singole_style_map</styleUrl>
        <name>T02365</name>
        <Polygon>
          <outerBoundaryIs>
            <LinearRing>
              <coordinates>8.438065101835,39.0199108319567 8.43818071484838,39.0200397427393 8.43826898414579,39.0201791186612 8.43833593445144,39.0201399187271 8.43828927015346,39.02006656012 8.4381443093456,39.0199035453148 8.438065101835,39.0199108319567</coordinates>
            </LinearRing>
          </outerBoundaryIs>
        </Polygon>
      </Placemark>
      <Placemark xmlns="http://www.opengis.net/kml/2.2">
        <styleUrl>#Parti singole_style_map</styleUrl>
        <name>T02366</name>
        <Polygon>
          <outerBoundaryIs>
            <LinearRing>
              <coordinates>8.43755288985022,39.01995775148 8.43779856868848,39.0199352915038 8.43775232789396,39.0198566812747 8.43760341122542,39.0199247714327 8.43754242149597,39.0199406250127 8.43755288985022,39.01995775148</coordinates>
            </LinearRing>
          </outerBoundaryIs>
        </Polygon>
      </Placemark>
      <Placemark xmlns="http://www.opengis.net/kml/2.2">
        <styleUrl>#Parti singole_style_map</styleUrl>
        <name>T02367</name>
        <Polygon>
          <outerBoundaryIs>
            <LinearRing>
              <coordinates>8.43767773588463,39.0201618955966 8.43789977399608,39.0205208586991 8.43789603840782,39.0207021972877 8.43797100429662,39.0208017434661 8.43799857867501,39.0208686934109 8.43811329531139,39.0210001140074 8.4381498015426,39.0210653137637 8.43816576751368,39.0210636335546 8.43846963769998,39.0210320811094 8.43846831226057,39.0210273258964 8.4382460691733,39.0206995231547 8.43801012995699,39.0203306626366 8.43800772232599,39.0203269114399 8.43784526548071,39.0200146788639 8.43779856868848,39.0199352915038 8.43755288985022,39.01995775148 8.43767773588463,39.0201618955966</coordinates>
            </LinearRing>
          </outerBoundaryIs>
        </Polygon>
      </Placemark>
      <Placemark xmlns="http://www.opengis.net/kml/2.2">
        <styleUrl>#Parti singole_style_map</styleUrl>
        <name>T02341</name>
        <Polygon>
          <outerBoundaryIs>
            <LinearRing>
              <coordinates>8.43948813681036,39.0199646843297 8.43956747895686,39.0201816106061 8.43956909572012,39.0201860518207 8.43964894183426,39.0203538611626 8.4398193226294,39.0206613894891 8.44016642965909,39.0205168524306 8.44071376041526,39.0202897064989 8.44125645047729,39.0200969399748 8.44129057771267,39.0199995677991 8.44105394684415,39.0198281964952 8.44090260297293,39.019687276651 8.44088447994704,39.0197120692776 8.44074089979685,39.0198963596623 8.44057062552906,39.0200276808992 8.44043932110633,39.0200892000224 8.44021222894227,39.0201526199777 8.44006015553116,39.0202330432694 8.4399208914913,39.0201818853038 8.43973070762717,39.0200343885021 8.43949947875684,39.0198903074902 8.43948813681036,39.0199646843297</coordinates>
            </LinearRing>
          </outerBoundaryIs>
        </Polygon>
      </Placemark>
      <Placemark xmlns="http://www.opengis.net/kml/2.2">
        <styleUrl>#Parti singole_style_map</styleUrl>
        <name>T02342</name>
        <Polygon>
          <outerBoundaryIs>
            <LinearRing>
              <coordinates>8.43867780449231,39.0201492607733 8.43833593445144,39.0201399187271 8.43833807948963,39.0201432811764 8.438441703806,39.0202823074244 8.43882143572825,39.0206981491696 8.43900109326006,39.0209234162986 8.43904928416397,39.0209718753891 8.43930845883276,39.0209449536309 8.43939418193721,39.0208938766949 8.43922155654045,39.0206278869667 8.43897523077073,39.0202849392882 8.43896375022965,39.0202642937633 8.43887975362128,39.0201132155402 8.43887962841403,39.0201129806499 8.43867780449231,39.0201492607733</coordinates>
            </LinearRing>
          </outerBoundaryIs>
        </Polygon>
      </Placemark>
      <Placemark xmlns="http://www.opengis.net/kml/2.2">
        <styleUrl>#Parti singole_style_map</styleUrl>
        <name>T02343</name>
        <Polygon>
          <outerBoundaryIs>
            <LinearRing>
              <coordinates>8.43897523077073,39.0202849392882 8.43922155654045,39.0206278869667 8.43939418193721,39.0208938766949 8.43960353344569,39.0207691248899 8.43969188357758,39.0207144559365 8.4398193226294,39.0206613894891 8.43964894183426,39.0203538611626 8.43956909572012,39.0201860518207 8.43956747895686,39.0201816106061 8.43896375022965,39.0202642937633 8.43897523077073,39.0202849392882</coordinates>
            </LinearRing>
          </outerBoundaryIs>
        </Polygon>
      </Placemark>
      <Placemark xmlns="http://www.opengis.net/kml/2.2">
        <styleUrl>#Parti singole_style_map</styleUrl>
        <name>T02344</name>
        <Polygon>
          <outerBoundaryIs>
            <LinearRing>
              <coordinates>8.43401140207191,39.0210921436519 8.43446942678893,39.0211579935565 8.43475229494542,39.0212109447331 8.43515737362466,39.0212254064627 8.43525019176736,39.0212440945309 8.43540377493574,39.0212855323896 8.43552485911745,39.0213057718673 8.43565263623358,39.0213298012312 8.43578221243409,39.0213658328814 8.43590402155404,39.0213704773321 8.43602781049736,39.0214079765419 8.43626235231829,39.0214401540568 8.43631805267125,39.0214098038187 8.43665836506439,39.021453106945 8.43665924410083,39.0213816895415 8.43665584042309,39.0213491792157 8.436642752246,39.0212241145591 8.43664013213384,39.0211991232419 8.4365672211926,39.0211886334364 8.43642407273792,39.0211655760472 8.43622438219123,39.0212003303416 8.43606400660242,39.0211312598309 8.43604302602593,39.0210691532401 8.43591770694128,39.0210629060057 8.43582009067672,39.0210026362435 8.43554269128077,39.0209519759096 8.43528347151189,39.020948107301 8.43524020259756,39.0208969401548 8.43514617040045,39.0208726503286 8.4348496529678,39.0208685549775 8.43466712758224,39.0208859714437 8.43452829836827,39.0209226129181 8.43426256033184,39.0209814544248 8.43401140207191,39.0210921436519</coordinates>
            </LinearRing>
          </outerBoundaryIs>
        </Polygon>
      </Placemark>
      <Placemark xmlns="http://www.opengis.net/kml/2.2">
        <styleUrl>#Parti singole_style_map</styleUrl>
        <name>T02345</name>
        <Polygon>
          <outerBoundaryIs>
            <LinearRing>
              <coordinates>8.4382460691733,39.0206995231547 8.43846831226057,39.0210273258964 8.43846963769998,39.0210320811094 8.43885159083819,39.0209924063224 8.43877999836402,39.0209028521932 8.43853904426014,39.0205921350029 8.43837185704885,39.0203415520857 8.43826898414579,39.0201791186612 8.43801012995699,39.0203306626366 8.4382460691733,39.0206995231547</coordinates>
            </LinearRing>
          </outerBoundaryIs>
        </Polygon>
      </Placemark>
      <Placemark xmlns="http://www.opengis.net/kml/2.2">
        <styleUrl>#Parti singole_style_map</styleUrl>
        <name>T02368</name>
        <Polygon>
          <outerBoundaryIs>
            <LinearRing>
              <coordinates>8.43602804932698,39.0153272221545 8.43619252459946,39.0159921784142 8.43612308095835,39.0165823647684 8.43616260000786,39.0166865436061 8.4363060984757,39.0171121903762 8.43647802116247,39.0176023764208 8.43664315601226,39.0179119476547 8.43677953220914,39.0184787987568 8.43692297596232,39.0190723385094 8.4371376570296,39.0190458914788 8.43735288490043,39.0190189330611 8.43768164672642,39.0190520490104 8.4383248297409,39.0191234805108 8.43850660094842,39.0191116415286 8.43864148138637,39.019095972056 8.43882495893871,39.0190640821675 8.43894448450708,39.0190707219102 8.43926256957887,39.019148242607 8.43933383569618,39.0191357085616 8.43944600036552,39.019122253763 8.44002129489303,39.0191152145325 8.44021816335831,39.0190887213223 8.44006863376518,39.0186056409815 8.44010212972167,39.0184361505512 8.440178190542,39.0180954740601 8.4402670683569,39.0177142912194 8.44024239819456,39.0174957986021 8.44042702226891,39.0169737547231 8.4406232594475,39.0166734745239 8.44052695050606,39.0163949308347 8.44038594661202,39.0163133797393 8.43997202366512,39.0161745500148 8.43951100881293,39.016024183538 8.43935447176545,39.0159454761018 8.43910933170428,39.0157700859786 8.43901721458338,39.0156693495654 8.43881141337266,39.0154463173492 8.43871571248199,39.0153475368675 8.43850882402618,39.0151088736818 8.43831387041256,39.0150231944796 8.43785028610285,39.014947772142 8.43733343271449,39.0148664048974 8.43685279912699,39.014840817634 8.43641992195075,39.0148202621622 8.43611488133709,39.014742166033 8.43606439985636,39.0147327215538 8.43593261433995,39.0149572165433 8.43602804932698,39.0153272221545</coordinates>
            </LinearRing>
          </outerBoundaryIs>
          <innerBoundaryIs>
            <LinearRing>
              <coordinates>8.43812455485272,39.0169911013397 8.43816688446491,39.0169901879724 8.43815441118665,39.0168805803297 8.43822708414583,39.0168680807636 8.43834354865037,39.0168582071022 8.43850046915322,39.0168827341908 8.43855258812094,39.016958443873 8.43849134559722,39.0170357792504 8.43834453728276,39.017057248293 8.43826930558357,39.0170237971883 8.43813464861215,39.0170394493007 8.43812455485272,39.0169911013397</coordinates>
            </LinearRing>
          </innerBoundaryIs>
        </Polygon>
      </Placemark>
      <Placemark xmlns="http://www.opengis.net/kml/2.2">
        <styleUrl>#Parti singole_style_map</styleUrl>
        <name>T02518</name>
        <Polygon>
          <outerBoundaryIs>
            <LinearRing>
              <coordinates>8.44915363670822,39.0052067111082 8.44918276803769,39.0049620174855 8.44917536566588,39.0049426086743 8.44905940235124,39.0049605515042 8.44915363670822,39.0052067111082</coordinates>
            </LinearRing>
          </outerBoundaryIs>
        </Polygon>
      </Placemark>
      <Placemark xmlns="http://www.opengis.net/kml/2.2">
        <styleUrl>#Parti singole_style_map</styleUrl>
        <name>T02519</name>
        <Polygon>
          <outerBoundaryIs>
            <LinearRing>
              <coordinates>8.44949046803605,39.0109695890713 8.44954890577872,39.0110550804867 8.44957400117355,39.0110989740505 8.44960721238552,39.0111574976165 8.44962773952558,39.0112419644508 8.44970918982662,39.0111273364501 8.45024751728291,39.0113528102562 8.44991155736684,39.0119004507563 8.44999220076986,39.012046360137 8.45026639844719,39.0118824803483 8.45026515381707,39.0118791403806 8.45028148136022,39.0118737206124 8.45026147583742,39.0118320852119 8.45037006035235,39.0118004276323 8.45038971246298,39.0118429624563 8.4503237226209,39.011862926267 8.4505045476071,39.0120332770625 8.45014738851656,39.0122459666394 8.450386836627,39.0124677769992 8.45053460519571,39.0128650510169 8.45065208280677,39.0128485737059 8.45078561176246,39.0128325323374 8.45078578933043,39.012824513316 8.45077757880488,39.012810867911 8.45077421988308,39.0127971552509 8.45077617315804,39.0127835577274 8.45077650946511,39.0127699525863 8.45077384353113,39.0127562431907 8.45076921483628,39.0127424344376 8.45075777039091,39.0127287737959 8.45074875209616,39.0127150344725 8.4507419282581,39.012701305487 8.45073660519288,39.0126876736827 8.45072208729432,39.0125786613658 8.45072253841015,39.0125651468761 8.45072368390452,39.0125514554363 8.45072563787931,39.0125377678056 8.4507263206861,39.0125241642966 8.45072654150368,39.0125105586109 8.4507261855326,39.0124968600969 8.45072813880781,39.0124832625735 8.45073286540906,39.0124694978947 8.45074117102481,39.0124559302991 8.45074612722098,39.0124423469229 8.45075246938035,39.0124287700761 8.45075731147021,39.0124150059402 8.45076480999034,39.0124012543189 8.45077034296577,39.0123877637696 8.45077495266043,39.0123741787596 8.45077794539551,39.0123605861319 8.45077862819018,39.0123469826221 8.45079432558682,39.0123334498446 8.45081175167746,39.0123353341504 8.45082911108667,39.0123309103854 8.45084028595973,39.0123196991781 8.45074887156127,39.0119833355729 8.45044165591217,39.0114443770045 8.45023455581221,39.0112815616152 8.4502238590466,39.0112907024731 8.45021434794735,39.0112958840469 8.45019896962707,39.0112980642947 8.45018166768101,39.0112950991538 8.45016892450727,39.0112851268691 8.45016287726645,39.0112755466059 8.4501621358244,39.0112668924736 8.4501653009718,39.0112608699785 8.45010686570947,39.0112450052055 8.45008992911883,39.0112396087831 8.45008352842443,39.0112309279563 8.4500827576651,39.0112260583383 8.4500857232491,39.0112159799185 8.45009307066322,39.0112068232749 8.45004655798978,39.0111875904979 8.45002273221831,39.0111769351421 8.45002086753724,39.0111790890045 8.45001143841221,39.0111885962663 8.45000494554739,39.0111918096242 8.44999499900388,39.011193564916 8.44998565368061,39.0111922592766 8.44997817932603,39.0111879888073 8.44997026045244,39.0111814634707 8.44996813239586,39.0111728929061 8.44996850751594,39.0111692001336 8.44997551055035,39.0111597715403 8.44991007607572,39.0111230580557 8.44998752692883,39.0110399808828 8.45000161912816,39.0110249087524 8.44992286765302,39.0109330747568 8.44949046803605,39.0109695890713</coordinates>
            </LinearRing>
          </outerBoundaryIs>
        </Polygon>
      </Placemark>
      <Placemark xmlns="http://www.opengis.net/kml/2.2">
        <styleUrl>#Parti singole_style_map</styleUrl>
        <name>T02520</name>
        <Polygon>
          <outerBoundaryIs>
            <LinearRing>
              <coordinates>8.4492905979986,39.010985571483 8.44956320876434,39.0113329738476 8.44957304256849,39.0113190122514 8.44954105023895,39.0111997929906 8.44947919795737,39.0110722613737 8.44946740969569,39.0110488589991 8.44939914279891,39.0109767454806 8.4492905979986,39.010985571483</coordinates>
            </LinearRing>
          </outerBoundaryIs>
        </Polygon>
      </Placemark>
      <Placemark xmlns="http://www.opengis.net/kml/2.2">
        <styleUrl>#Parti singole_style_map</styleUrl>
        <name>T02521</name>
        <Polygon>
          <outerBoundaryIs>
            <LinearRing>
              <coordinates>8.44991155736684,39.0119004507563 8.45024751728291,39.0113528102562 8.44970918982662,39.0111273364501 8.44956298889524,39.0113330900824 8.44959952438281,39.0113729113186 8.44991155736684,39.0119004507563</coordinates>
            </LinearRing>
          </outerBoundaryIs>
        </Polygon>
      </Placemark>
      <Placemark xmlns="http://www.opengis.net/kml/2.2">
        <styleUrl>#Parti singole_style_map</styleUrl>
        <name>T02523</name>
        <Polygon>
          <outerBoundaryIs>
            <LinearRing>
              <coordinates>8.44916589501261,39.0111271046459 8.44927279513114,39.0113749187196 8.44943180720653,39.0124819957718 8.44953288207488,39.012560959533 8.44984967184601,39.0130848720157 8.450049594352,39.0130610978914 8.4500403117576,39.0128832655743 8.4497090839859,39.0123593304969 8.44946446933017,39.0114862367434 8.44942919430991,39.0113673221743 8.44922952506521,39.0111224401611 8.44916589501261,39.0111271046459</coordinates>
            </LinearRing>
          </outerBoundaryIs>
        </Polygon>
      </Placemark>
      <Placemark xmlns="http://www.opengis.net/kml/2.2">
        <styleUrl>#Parti singole_style_map</styleUrl>
        <name>T02524</name>
        <Polygon>
          <outerBoundaryIs>
            <LinearRing>
              <coordinates>8.44954472782698,39.0115192898826 8.44976851700991,39.0123523841308 8.45010240268491,39.012846387772 8.45011465904473,39.0130533579092 8.45044891881433,39.0130136002262 8.45031611473838,39.0126378069862 8.44998543310459,39.0123010893821 8.44954026455162,39.0115035534889 8.44954472782698,39.0115192898826</coordinates>
            </LinearRing>
          </outerBoundaryIs>
        </Polygon>
      </Placemark>
      <Placemark xmlns="http://www.opengis.net/kml/2.2">
        <styleUrl>#Parti singole_style_map</styleUrl>
        <name>T02525</name>
        <Polygon>
          <outerBoundaryIs>
            <LinearRing>
              <coordinates>8.44970230863008,39.014938421283 8.45082632551865,39.0141533873398 8.45055705585242,39.0135307148823 8.45072625528392,39.0130697846662 8.45065208280677,39.0128485737059 8.45053460519571,39.0128650510169 8.45044891881433,39.0130136002262 8.45027169170963,39.0130370817133 8.45026618693345,39.0135578389474 8.4502326358232,39.013902957671 8.45015828922661,39.0141997057917 8.4499959579621,39.0146554855908 8.44977524500638,39.0148655103688 8.44972816824126,39.0148687294702 8.44970230863008,39.014938421283</coordinates>
            </LinearRing>
          </outerBoundaryIs>
        </Polygon>
      </Placemark>
      <Placemark xmlns="http://www.opengis.net/kml/2.2">
        <styleUrl>#Parti singole_style_map</styleUrl>
        <name>T02526</name>
        <Polygon>
          <outerBoundaryIs>
            <LinearRing>
              <coordinates>8.44887259170017,39.0151934800721 8.44888304886795,39.0154160399078 8.44889815195016,39.0155460779917 8.44969547209883,39.0148621463532 8.4498328321216,39.014684726844 8.45002001712449,39.0142126458274 8.45007818736655,39.0136087547207 8.450049594352,39.0130610978914 8.44984967184601,39.0130848720157 8.4499893217041,39.0135860781499 8.45000659121656,39.0138138424499 8.44999220017622,39.013885277434 8.44993778431735,39.014231217161 8.44973432856585,39.0146342054357 8.44946876303468,39.0148243288314 8.4488778693661,39.015148990325 8.44887259170017,39.0151934800721</coordinates>
            </LinearRing>
          </outerBoundaryIs>
        </Polygon>
      </Placemark>
      <Placemark xmlns="http://www.opengis.net/kml/2.2">
        <styleUrl>#Parti singole_style_map</styleUrl>
        <name>T02527</name>
        <Polygon>
          <outerBoundaryIs>
            <LinearRing>
              <coordinates>8.44945223461044,39.0151130736801 8.44904545430373,39.0154964095321 8.4491249207735,39.0161060794729 8.44922931503026,39.0165407260976 8.44993382438617,39.0164181677021 8.44985759006925,39.015956260922 8.44971469460305,39.0159877560353 8.44945223461044,39.0151130736801</coordinates>
            </LinearRing>
          </outerBoundaryIs>
        </Polygon>
      </Placemark>
      <Placemark xmlns="http://www.opengis.net/kml/2.2">
        <styleUrl>#Parti singole_style_map</styleUrl>
        <name>T02528</name>
        <Polygon>
          <outerBoundaryIs>
            <LinearRing>
              <coordinates>8.44534738344616,39.0174682495738 8.44573495004819,39.0175735309062 8.44579058347773,39.0173038958953 8.44593266948447,39.0170674810581 8.44573583690439,39.0168360512887 8.44564011106096,39.0170154390387 8.44540397146709,39.0173869866498 8.44534738344616,39.0174682495738</coordinates>
            </LinearRing>
          </outerBoundaryIs>
        </Polygon>
      </Placemark>
      <Placemark xmlns="http://www.opengis.net/kml/2.2">
        <styleUrl>#Parti singole_style_map</styleUrl>
        <name>T02529</name>
        <Polygon>
          <outerBoundaryIs>
            <LinearRing>
              <coordinates>8.44582313936324,39.0175974870682 8.44592081506257,39.0176240203608 8.44592976497606,39.0173403043752 8.44602014168563,39.0171610171329 8.44598044034169,39.0171064016155 8.44587637199789,39.0173127921207 8.44582313936324,39.0175974870682</coordinates>
            </LinearRing>
          </outerBoundaryIs>
        </Polygon>
      </Placemark>
      <Placemark xmlns="http://www.opengis.net/kml/2.2">
        <styleUrl>#Parti singole_style_map</styleUrl>
        <name>T02530</name>
        <Polygon>
          <outerBoundaryIs>
            <LinearRing>
              <coordinates>8.44573583690439,39.0168360512887 8.44593266948447,39.0170674810581 8.44614959392742,39.0168471549296 8.44618579952011,39.0168094894522 8.44619613535469,39.016229676244 8.44593789011495,39.0162717563916 8.44587327023615,39.016578537492 8.44573583690439,39.0168360512887</coordinates>
            </LinearRing>
          </outerBoundaryIs>
        </Polygon>
      </Placemark>
      <Placemark xmlns="http://www.opengis.net/kml/2.2">
        <styleUrl>#Parti singole_style_map</styleUrl>
        <name>T02531</name>
        <Polygon>
          <outerBoundaryIs>
            <LinearRing>
              <coordinates>8.44592081506257,39.0176240203608 8.44600419798706,39.0176466649594 8.44612961951996,39.0169570311152 8.44598044034169,39.0171064016155 8.44602014168563,39.0171610171329 8.44592976497606,39.0173403043752 8.44592081506257,39.0176240203608</coordinates>
            </LinearRing>
          </outerBoundaryIs>
        </Polygon>
      </Placemark>
      <Placemark xmlns="http://www.opengis.net/kml/2.2">
        <styleUrl>#Parti singole_style_map</styleUrl>
        <name>T02532</name>
        <Polygon>
          <outerBoundaryIs>
            <LinearRing>
              <coordinates>8.44888458592591,39.0045114146351 8.44905940235124,39.0049605515042 8.44917536566588,39.0049426086743 8.44913227534646,39.004829685387 8.44903922265218,39.0045994899732 8.44891342601358,39.0045051260509 8.44891311874298,39.0042248887482 8.44888458592591,39.0045114146351</coordinates>
            </LinearRing>
          </outerBoundaryIs>
        </Polygon>
      </Placemark>
      <Placemark xmlns="http://www.opengis.net/kml/2.2">
        <styleUrl>#Parti singole_style_map</styleUrl>
        <name>T02533</name>
        <Polygon>
          <outerBoundaryIs>
            <LinearRing>
              <coordinates>8.44612015494411,39.0176781599455 8.44618300242792,39.0171234308053 8.44618552457409,39.0168239959669 8.44618579952011,39.0168094894522 8.44614959392742,39.0168471549296 8.44612961951996,39.0169570311152 8.44600419798706,39.0176466649594 8.44612015494411,39.0176781599455</coordinates>
            </LinearRing>
          </outerBoundaryIs>
        </Polygon>
      </Placemark>
      <Placemark xmlns="http://www.opengis.net/kml/2.2">
        <styleUrl>#Parti singole_style_map</styleUrl>
        <name>T02534</name>
        <Polygon>
          <outerBoundaryIs>
            <LinearRing>
              <coordinates>8.44447335790666,39.0188032855689 8.44465725796686,39.0189663789494 8.44472187725256,39.0190236907545 8.44539862175067,39.0189505434362 8.44544119152137,39.0189323453513 8.44555107068652,39.0189155397118 8.44563840036321,39.0189092778211 8.44568236473248,39.0188914647444 8.44560402452744,39.0187126190538 8.44559800629068,39.0186579383196 8.44550951028769,39.0185267488457 8.44560080828185,39.0181914667714 8.44562787555866,39.0180920232024 8.44567833003167,39.0178703295532 8.44573495004819,39.0175735309062 8.44534738344616,39.0174682495738 8.4451785319372,39.0176410353061 8.44477998284149,39.0183561574404 8.44468913455619,39.0184785095139 8.44461811512032,39.0187017267254 8.44447335790666,39.0188032855689</coordinates>
            </LinearRing>
          </outerBoundaryIs>
        </Polygon>
      </Placemark>
      <Placemark xmlns="http://www.opengis.net/kml/2.2">
        <styleUrl>#Parti singole_style_map</styleUrl>
        <name>T02535</name>
        <Polygon>
          <outerBoundaryIs>
            <LinearRing>
              <coordinates>8.44492914932094,39.0093690523949 8.44523202142603,39.0097923026185 8.44516327774295,39.0098543321539 8.44536683450086,39.0106015081332 8.44516050445945,39.010829497863 8.44528949938954,39.0110976505811 8.44583750963952,39.0115308059876 8.44643102430393,39.0118171141113 8.44649513113847,39.0118758102637 8.4467926318089,39.0118201822079 8.44705039899185,39.0116609177827 8.44720990377865,39.0115868822513 8.44743952580095,39.0114820005192 8.44775940790065,39.0113699766076 8.44821961942742,39.0112135606705 8.448600351732,39.0110440614095 8.44921403760085,39.010994337589 8.44928974958547,39.0109865852831 8.44939914279891,39.0109767454806 8.44853763405831,39.0098898534563 8.4485316866203,39.0098037928133 8.44855240416862,39.0094081412425 8.44867078245466,39.0089320809401 8.44875112281505,39.0088228222455 8.44772253555652,39.0089989869315 8.44715597175863,39.0092435657691 8.44616872288979,39.009419642401 8.44492914932094,39.0093690523949</coordinates>
            </LinearRing>
          </outerBoundaryIs>
        </Polygon>
      </Placemark>
      <Placemark xmlns="http://www.opengis.net/kml/2.2">
        <styleUrl>#Parti singole_style_map</styleUrl>
        <name>T02536</name>
        <Polygon>
          <outerBoundaryIs>
            <LinearRing>
              <coordinates>8.44905027437744,39.0085229057323 8.44875112281505,39.0088228222455 8.44900720297414,39.0087896197615 8.44929212281993,39.0084502771337 8.44932647019664,39.0082869775553 8.44933253809786,39.0081532862118 8.44933253809786,39.0081532862118 8.44905027437744,39.0085229057323</coordinates>
            </LinearRing>
          </outerBoundaryIs>
        </Polygon>
      </Placemark>
      <Placemark xmlns="http://www.opengis.net/kml/2.2">
        <styleUrl>#Parti singole_style_map</styleUrl>
        <name>T02537</name>
        <Polygon>
          <outerBoundaryIs>
            <LinearRing>
              <coordinates>8.44499376144585,39.0093730365171 8.44616872288979,39.009419642401 8.44715597175863,39.0092435657691 8.44772253555652,39.0089989869315 8.44875112281505,39.0088228222455 8.44905027437744,39.0085229057323 8.44933253809786,39.0081532862118 8.44938437114574,39.0078181863783 8.44946223886146,39.0072283551276 8.44944565961651,39.0071308670128 8.44946792002723,39.0067699069645 8.44917146219427,39.006799820228 8.4485582422991,39.0068685595437 8.44768976149082,39.0069638227892 8.44748819452031,39.007291447908 8.44705495812476,39.0076930905278 8.44663125033312,39.0080807284483 8.44609320766656,39.0084538094107 8.44577139883389,39.0086497488872 8.44554948983553,39.0088415038709 8.44526576027067,39.0091093872627 8.44499376144585,39.0093730365171</coordinates>
            </LinearRing>
          </outerBoundaryIs>
        </Polygon>
      </Placemark>
      <Placemark xmlns="http://www.opengis.net/kml/2.2">
        <styleUrl>#Parti singole_style_map</styleUrl>
        <name>T02538</name>
        <Polygon>
          <outerBoundaryIs>
            <LinearRing>
              <coordinates>8.44725071243542,39.003240577593 8.4472505939828,39.0032528231027 8.44778989469819,39.0034217413752 8.44901497883428,39.0038261969293 8.44905665505152,39.003651029057 8.44902274165924,39.0034733142779 8.44888136822535,39.0034815400462 8.448479471777,39.0028174596277 8.44828598889729,39.0028424871545 8.44819137445272,39.0029951198089 8.44816369076514,39.003014650983 8.44781678111921,39.0031751540789 8.44733540963136,39.003090827309 8.44721126375507,39.0032300097881 8.44725071243542,39.003240577593</coordinates>
            </LinearRing>
          </outerBoundaryIs>
        </Polygon>
      </Placemark>
      <Placemark xmlns="http://www.opengis.net/kml/2.2">
        <styleUrl>#Parti singole_style_map</styleUrl>
        <name>T02539</name>
        <Polygon>
          <outerBoundaryIs>
            <LinearRing>
              <coordinates>8.44889749882305,39.0042211924589 8.44950728713035,39.0043387843922 8.44955361240949,39.0039050290487 8.44965020138227,39.0037209379031 8.44990423857353,39.0036806857579 8.45008239122196,39.0035969120399 8.45008393717439,39.0035911522338 8.45008463844759,39.0035900742106 8.4500950344756,39.0035450677924 8.44916456483431,39.0036035728964 8.44917618067009,39.0036544503226 8.44889452308735,39.004083849395 8.44889749882305,39.0042211924589</coordinates>
            </LinearRing>
          </outerBoundaryIs>
        </Polygon>
      </Placemark>
      <Placemark xmlns="http://www.opengis.net/kml/2.2">
        <styleUrl>#Parti singole_style_map</styleUrl>
        <name>T02540</name>
        <Polygon>
          <outerBoundaryIs>
            <LinearRing>
              <coordinates>8.44887966198658,39.002765690937 8.44899524465815,39.0031310782826 8.44902274165924,39.0034733142779 8.44910003735502,39.0034687955197 8.44906799036941,39.003107146174 8.44904450309025,39.0031053230794 8.44900436083634,39.0028195719064 8.44897509116249,39.0027533462352 8.44887966198658,39.002765690937</coordinates>
            </LinearRing>
          </outerBoundaryIs>
        </Polygon>
      </Placemark>
      <Placemark xmlns="http://www.opengis.net/kml/2.2">
        <styleUrl>#Parti singole_style_map</styleUrl>
        <name>T02541</name>
        <Polygon>
          <outerBoundaryIs>
            <LinearRing>
              <coordinates>8.448479471777,39.0028174596277 8.44888136822535,39.0034815400462 8.44902274165924,39.0034733142779 8.44899524465815,39.0031310782826 8.44887966198658,39.002765690937 8.448479471777,39.0028174596277</coordinates>
            </LinearRing>
          </outerBoundaryIs>
        </Polygon>
      </Placemark>
      <Placemark xmlns="http://www.opengis.net/kml/2.2">
        <styleUrl>#Parti singole_style_map</styleUrl>
        <name>T02542</name>
        <Polygon>
          <outerBoundaryIs>
            <LinearRing>
              <coordinates>8.44900436083634,39.0028195719064 8.44904450309025,39.0031053230794 8.44906799036941,39.003107146174 8.44910003735502,39.0034687955197 8.44911725263813,39.0034677955309 8.44917241090046,39.0034645868662 8.44916363872344,39.0033597914971 8.44913932046784,39.0031182965191 8.44905905570356,39.0028060704376 8.44901889256921,39.0027476870168 8.44897509116249,39.0027533462352 8.44900436083634,39.0028195719064</coordinates>
            </LinearRing>
          </outerBoundaryIs>
        </Polygon>
      </Placemark>
      <Placemark xmlns="http://www.opengis.net/kml/2.2">
        <styleUrl>#Parti singole_style_map</styleUrl>
        <name>T02543</name>
        <Polygon>
          <outerBoundaryIs>
            <LinearRing>
              <coordinates>8.44813115293657,39.0022503384188 8.448479471777,39.0028174596277 8.44887966198658,39.002765690937 8.44880448167682,39.002554394903 8.4488357583558,39.00208396552 8.44872730627581,39.0021048631413 8.44847331092338,39.0021076718572 8.44813115293657,39.0022503384188</coordinates>
            </LinearRing>
          </outerBoundaryIs>
        </Polygon>
      </Placemark>
      <Placemark xmlns="http://www.opengis.net/kml/2.2">
        <styleUrl>#Parti singole_style_map</styleUrl>
        <name>T02544</name>
        <Polygon>
          <outerBoundaryIs>
            <LinearRing>
              <coordinates>8.44880448167682,39.002554394903 8.44887966198658,39.002765690937 8.44897509116249,39.0027533462352 8.44894067918499,39.0026339848788 8.44887497052651,39.0025384631021 8.44892732319274,39.002322345235 8.44889799368957,39.0020719685774 8.4488357583558,39.00208396552 8.44880448167682,39.002554394903</coordinates>
            </LinearRing>
          </outerBoundaryIs>
        </Polygon>
      </Placemark>
      <Placemark xmlns="http://www.opengis.net/kml/2.2">
        <styleUrl>#Parti singole_style_map</styleUrl>
        <name>T02545</name>
        <Polygon>
          <outerBoundaryIs>
            <LinearRing>
              <coordinates>8.44897509116249,39.0027533462352 8.44901889256921,39.0027476870168 8.44894067918499,39.0026339848788 8.44897509116249,39.0027533462352</coordinates>
            </LinearRing>
          </outerBoundaryIs>
        </Polygon>
      </Placemark>
      <Placemark xmlns="http://www.opengis.net/kml/2.2">
        <styleUrl>#Parti singole_style_map</styleUrl>
        <name>T02372</name>
        <Polygon>
          <outerBoundaryIs>
            <LinearRing>
              <coordinates>8.44314373155418,39.0177018271756 8.44320543944623,39.0177471321911 8.44324985943133,39.0177139313018 8.44318483415211,39.0176615547997 8.44314373155418,39.0177018271756</coordinates>
            </LinearRing>
          </outerBoundaryIs>
        </Polygon>
      </Placemark>
      <Placemark xmlns="http://www.opengis.net/kml/2.2">
        <styleUrl>#Parti singole_style_map</styleUrl>
        <name>T02546</name>
        <Polygon>
          <outerBoundaryIs>
            <LinearRing>
              <coordinates>8.43223075505269,39.0112912414356 8.43229941422508,39.0113944011324 8.43256967643755,39.0116494686251 8.43270710073416,39.0115552508016 8.43223957589986,39.0111444039039 8.43217548377778,39.0112095662227 8.43223075505269,39.0112912414356</coordinates>
            </LinearRing>
          </outerBoundaryIs>
        </Polygon>
      </Placemark>
      <Placemark xmlns="http://www.opengis.net/kml/2.2">
        <styleUrl>#Parti singole_style_map</styleUrl>
        <name>T02547</name>
        <Polygon>
          <outerBoundaryIs>
            <LinearRing>
              <coordinates>8.43158520750523,39.0103667316497 8.43166461478879,39.0105351572742 8.43193114575307,39.0108458875027 8.43217548377778,39.0112095662227 8.43223957589986,39.0111444039039 8.43165939942808,39.0102720355238 8.43158520750523,39.0103667316497</coordinates>
            </LinearRing>
          </outerBoundaryIs>
        </Polygon>
      </Placemark>
      <Placemark xmlns="http://www.opengis.net/kml/2.2">
        <styleUrl>#Parti singole_style_map</styleUrl>
        <name>T02548</name>
        <Polygon>
          <outerBoundaryIs>
            <LinearRing>
              <coordinates>8.43135987982216,39.0077407334729 8.43150287088786,39.0079730695591 8.43144561590893,39.0085878144038 8.43148137415575,39.0087520534471 8.43140821194892,39.0091018580732 8.43137361874576,39.0092592570305 8.43135194558226,39.0096564135901 8.4313819987335,39.0099071221146 8.43158520750523,39.0103667316497 8.43165939942808,39.0102720355238 8.43155446201924,39.0101158305866 8.4314405364317,39.0098331293092 8.4315417107346,39.0087864275403 8.43155391418455,39.0079592791792 8.43156523821365,39.0070327882769 8.43148859977583,39.0070512387456 8.43149398986416,39.0071396186578 8.43135987982216,39.0077407334729</coordinates>
            </LinearRing>
          </outerBoundaryIs>
        </Polygon>
      </Placemark>
      <Placemark xmlns="http://www.opengis.net/kml/2.2">
        <styleUrl>#Parti singole_style_map</styleUrl>
        <name>T02373</name>
        <Polygon>
          <outerBoundaryIs>
            <LinearRing>
              <coordinates>8.44175159281878,39.0160344474726 8.44272443529118,39.0166130168134 8.4431635028418,39.0168722726626 8.44351111818071,39.0165035866096 8.44327528215903,39.0163906873329 8.44265795338186,39.0160933731053 8.4421656670074,39.0158576138773 8.44212593705074,39.0158570543114 8.4419377975102,39.0158543696686 8.44175159281878,39.0160344474726</coordinates>
            </LinearRing>
          </outerBoundaryIs>
        </Polygon>
      </Placemark>
      <Placemark xmlns="http://www.opengis.net/kml/2.2">
        <styleUrl>#Parti singole_style_map</styleUrl>
        <name>T02549</name>
        <Polygon>
          <outerBoundaryIs>
            <LinearRing>
              <coordinates>8.43787197295857,39.0121767200252 8.43791433844158,39.0122132028684 8.43860092526486,39.0121003763398 8.43983767393519,39.0118938710804 8.43969958900089,39.0117817675779 8.43865841680145,39.0119520425399 8.43778329967616,39.0120998695305 8.43787197295857,39.0121767200252</coordinates>
            </LinearRing>
          </outerBoundaryIs>
        </Polygon>
      </Placemark>
      <Placemark xmlns="http://www.opengis.net/kml/2.2">
        <styleUrl>#Parti singole_style_map</styleUrl>
        <name>T02550</name>
        <Polygon>
          <outerBoundaryIs>
            <LinearRing>
              <coordinates>8.43741954587315,39.0117846556056 8.43778329967616,39.0120998695305 8.43865841680145,39.0119520425399 8.43969958900089,39.0117817675779 8.43952308152227,39.0116384630843 8.43899446903047,39.0112137878042 8.43873289447343,39.0110053822291 8.43832939277558,39.0112323473358 8.43791565302422,39.0115208343431 8.43753492762105,39.0117121685563 8.43748489657999,39.0117379421416 8.43741954587315,39.0117846556056</coordinates>
            </LinearRing>
          </outerBoundaryIs>
        </Polygon>
      </Placemark>
      <Placemark xmlns="http://www.opengis.net/kml/2.2">
        <styleUrl>#Parti singole_style_map</styleUrl>
        <name>T02551</name>
        <Polygon>
          <outerBoundaryIs>
            <LinearRing>
              <coordinates>8.43648346693973,39.0124852062198 8.43659799821289,39.0125724733025 8.43738964168283,39.0123340245713 8.43760111939159,39.0122646774499 8.43791433844158,39.0122132028684 8.43787197295857,39.0121767200252 8.43778329967616,39.0120998695305 8.43746838100318,39.0121530746986 8.43664260244789,39.0123574593811 8.43657085341005,39.0123850650034 8.43648346693973,39.0124852062198</coordinates>
            </LinearRing>
          </outerBoundaryIs>
        </Polygon>
      </Placemark>
      <Placemark xmlns="http://www.opengis.net/kml/2.2">
        <styleUrl>#Parti singole_style_map</styleUrl>
        <name>T02552</name>
        <Polygon>
          <outerBoundaryIs>
            <LinearRing>
              <coordinates>8.43664260244789,39.0123574593811 8.43746838100318,39.0121530746986 8.43778329967616,39.0120998695305 8.43741954587315,39.0117846556056 8.43720362751725,39.0119349454656 8.4370876693942,39.0120203062234 8.43657085341005,39.0123850650034 8.43664260244789,39.0123574593811</coordinates>
            </LinearRing>
          </outerBoundaryIs>
        </Polygon>
      </Placemark>
      <Placemark xmlns="http://www.opengis.net/kml/2.2">
        <styleUrl>#Parti singole_style_map</styleUrl>
        <name>T02553</name>
        <Polygon>
          <outerBoundaryIs>
            <LinearRing>
              <coordinates>8.4353013006236,39.0129030335979 8.43565973880507,39.0129406963472 8.43609555074467,39.012837564821 8.43615113395189,39.0127920393896 8.43625064286564,39.012737733294 8.43637350728282,39.0126003858535 8.43648346693973,39.0124852062198 8.43657085341005,39.0123850650034 8.43605292699799,39.0126214623779 8.4356390822258,39.0127554098243 8.43536005741548,39.0127403439435 8.43529137464277,39.0127265126959 8.4353013006236,39.0129030335979</coordinates>
            </LinearRing>
          </outerBoundaryIs>
        </Polygon>
      </Placemark>
      <Placemark xmlns="http://www.opengis.net/kml/2.2">
        <styleUrl>#Parti singole_style_map</styleUrl>
        <name>T02554</name>
        <Polygon>
          <outerBoundaryIs>
            <LinearRing>
              <coordinates>8.43446075940077,39.0125115372592 8.43453782371204,39.0125460990683 8.43489864729875,39.012710354245 8.4353013006236,39.0129030335979 8.43529137464277,39.0127265126959 8.43450760667879,39.0124825596164 8.43446075940077,39.0125115372592</coordinates>
            </LinearRing>
          </outerBoundaryIs>
        </Polygon>
      </Placemark>
      <Placemark xmlns="http://www.opengis.net/kml/2.2">
        <styleUrl>#Parti singole_style_map</styleUrl>
        <name>T02555</name>
        <Polygon>
          <outerBoundaryIs>
            <LinearRing>
              <coordinates>8.43415988171079,39.0123735055515 8.43438451340384,39.0124916944493 8.43446075940077,39.0125115372592 8.43450760667879,39.0124825596164 8.43411341820726,39.012350004436 8.43415988171079,39.0123735055515</coordinates>
            </LinearRing>
          </outerBoundaryIs>
        </Polygon>
      </Placemark>
      <Placemark xmlns="http://www.opengis.net/kml/2.2">
        <styleUrl>#Parti singole_style_map</styleUrl>
        <name>T02556</name>
        <Polygon>
          <outerBoundaryIs>
            <LinearRing>
              <coordinates>8.43322418446295,39.0121015568953 8.43348929934684,39.0122049589042 8.43354841878466,39.0120971223097 8.43327972204006,39.0119678953124 8.43311848215347,39.0120678101476 8.43322418446295,39.0121015568953</coordinates>
            </LinearRing>
          </outerBoundaryIs>
        </Polygon>
      </Placemark>
      <Placemark xmlns="http://www.opengis.net/kml/2.2">
        <styleUrl>#Parti singole_style_map</styleUrl>
        <name>T02557</name>
        <Polygon>
          <outerBoundaryIs>
            <LinearRing>
              <coordinates>8.43270053853211,39.011776530808 8.43297853957498,39.0119726575348 8.43311848215347,39.0120678101476 8.43327972204006,39.0119678953124 8.43303906312265,39.0118467247806 8.43286528891778,39.0116969265573 8.43270053853211,39.011776530808</coordinates>
            </LinearRing>
          </outerBoundaryIs>
        </Polygon>
      </Placemark>
      <Placemark xmlns="http://www.opengis.net/kml/2.2">
        <styleUrl>#Parti singole_style_map</styleUrl>
        <name>T02558</name>
        <Polygon>
          <outerBoundaryIs>
            <LinearRing>
              <coordinates>8.43270053853211,39.011776530808 8.43286528891778,39.0116969265573 8.43270710073416,39.0115552508016 8.43256967643755,39.0116494686251 8.43270053853211,39.011776530808</coordinates>
            </LinearRing>
          </outerBoundaryIs>
        </Polygon>
      </Placemark>
      <Placemark xmlns="http://www.opengis.net/kml/2.2">
        <styleUrl>#Parti singole_style_map</styleUrl>
        <name>T02559</name>
        <Polygon>
          <outerBoundaryIs>
            <LinearRing>
              <coordinates>8.44462214358576,39.0117398647283 8.4455565689417,39.0120022363734 8.44614669669263,39.0121634650988 8.44646958772249,39.012113527337 8.44647684848075,39.0120933409553 8.4464980823858,39.0120586590146 8.4464141303385,39.0119780167743 8.44615008921913,39.0120277293548 8.44466363040317,39.0116012377127 8.44462214358576,39.0117398647283</coordinates>
            </LinearRing>
          </outerBoundaryIs>
        </Polygon>
      </Placemark>
      <Placemark xmlns="http://www.opengis.net/kml/2.2">
        <styleUrl>#Parti singole_style_map</styleUrl>
        <name>T02560</name>
        <Polygon>
          <outerBoundaryIs>
            <LinearRing>
              <coordinates>8.44460919229382,39.0117831372959 8.44527805881134,39.01202485395 8.44635657586293,39.0124281260567 8.44646958772249,39.012113527337 8.44614669669263,39.0121634650988 8.4455565689417,39.0120022363734 8.44462214358576,39.0117398647283 8.44460919229382,39.0117831372959</coordinates>
            </LinearRing>
          </outerBoundaryIs>
        </Polygon>
      </Placemark>
      <Placemark xmlns="http://www.opengis.net/kml/2.2">
        <styleUrl>#Parti singole_style_map</styleUrl>
        <name>T02561</name>
        <Polygon>
          <outerBoundaryIs>
            <LinearRing>
              <coordinates>8.44427289003851,39.0116445303189 8.44447122088187,39.0117264130246 8.44455305990524,39.011725496355 8.44459800928613,39.0115901478691 8.44430546110393,39.0116253478022 8.44427289003851,39.0116445303189</coordinates>
            </LinearRing>
          </outerBoundaryIs>
        </Polygon>
      </Placemark>
      <Placemark xmlns="http://www.opengis.net/kml/2.2">
        <styleUrl>#Parti singole_style_map</styleUrl>
        <name>T02562</name>
        <Polygon>
          <outerBoundaryIs>
            <LinearRing>
              <coordinates>8.44454292252951,39.0117560316491 8.44455305990524,39.011725496355 8.44447122088187,39.0117264130246 8.44454292252951,39.0117560316491</coordinates>
            </LinearRing>
          </outerBoundaryIs>
        </Polygon>
      </Placemark>
      <Placemark xmlns="http://www.opengis.net/kml/2.2">
        <styleUrl>#Parti singole_style_map</styleUrl>
        <name>T02563</name>
        <Polygon>
          <outerBoundaryIs>
            <LinearRing>
              <coordinates>8.44408477356846,39.0118998003333 8.44439790416497,39.0120771531804 8.44454292252951,39.0117560316491 8.44447122088187,39.0117264130246 8.44438913924528,39.0117273374917 8.44408477356846,39.0118998003333</coordinates>
            </LinearRing>
          </outerBoundaryIs>
        </Polygon>
      </Placemark>
      <Placemark xmlns="http://www.opengis.net/kml/2.2">
        <styleUrl>#Parti singole_style_map</styleUrl>
        <name>T02564</name>
        <Polygon>
          <outerBoundaryIs>
            <LinearRing>
              <coordinates>8.44408477356846,39.0118998003333 8.44438913924528,39.0117273374917 8.44447122088187,39.0117264130246 8.44427289003851,39.0116445303189 8.44395981390044,39.0118290171468 8.44408477356846,39.0118998003333</coordinates>
            </LinearRing>
          </outerBoundaryIs>
        </Polygon>
      </Placemark>
      <Placemark xmlns="http://www.opengis.net/kml/2.2">
        <styleUrl>#Parti singole_style_map</styleUrl>
        <name>T02565</name>
        <Polygon>
          <outerBoundaryIs>
            <LinearRing>
              <coordinates>8.44353178528436,39.0121937887599 8.44378464123077,39.0123350725531 8.44416774889894,39.0125515795532 8.44419581401857,39.0125134613423 8.44439790416497,39.0120771531804 8.44408477356846,39.0118998003333 8.44376334272724,39.012106693372 8.44353178528436,39.0121937887599</coordinates>
            </LinearRing>
          </outerBoundaryIs>
        </Polygon>
      </Placemark>
      <Placemark xmlns="http://www.opengis.net/kml/2.2">
        <styleUrl>#Parti singole_style_map</styleUrl>
        <name>T02566</name>
        <Polygon>
          <outerBoundaryIs>
            <LinearRing>
              <coordinates>8.4433898906672,39.012114498778 8.44353178528436,39.0121937887599 8.44376334272724,39.012106693372 8.44408477356846,39.0118998003333 8.44395981390044,39.0118290171468 8.44367878540785,39.0119946246637 8.44335596828751,39.0120953324597 8.4433898906672,39.012114498778</coordinates>
            </LinearRing>
          </outerBoundaryIs>
        </Polygon>
      </Placemark>
      <Placemark xmlns="http://www.opengis.net/kml/2.2">
        <styleUrl>#Parti singole_style_map</styleUrl>
        <name>T02567</name>
        <Polygon>
          <outerBoundaryIs>
            <LinearRing>
              <coordinates>8.44105188930302,39.0117083576022 8.44146386962924,39.0117285163971 8.44267371526131,39.0120705545325 8.44335447653465,39.0122604713092 8.44353178528436,39.0121937887599 8.4433898906672,39.012114498778 8.44335596828751,39.0120953324597 8.4433193804479,39.0121067550153 8.44263218350545,39.0119099768703 8.44163875924611,39.011619977697 8.44161294390528,39.0116098427519 8.44115849895259,39.0115495708893 8.44094030019815,39.011584307747 8.44105188930302,39.0117083576022</coordinates>
            </LinearRing>
          </outerBoundaryIs>
        </Polygon>
      </Placemark>
      <Placemark xmlns="http://www.opengis.net/kml/2.2">
        <styleUrl>#Parti singole_style_map</styleUrl>
        <name>T02568</name>
        <Polygon>
          <outerBoundaryIs>
            <LinearRing>
              <coordinates>8.43983767393519,39.0118938710804 8.44047426091577,39.0117875695849 8.44075322986373,39.011749304431 8.44059084419708,39.0116399238957 8.43969958900089,39.0117817675779 8.43983767393519,39.0118938710804</coordinates>
            </LinearRing>
          </outerBoundaryIs>
        </Polygon>
      </Placemark>
      <Placemark xmlns="http://www.opengis.net/kml/2.2">
        <styleUrl>#Parti singole_style_map</styleUrl>
        <name>T02569</name>
        <Polygon>
          <outerBoundaryIs>
            <LinearRing>
              <coordinates>8.43873289447343,39.0110053822291 8.43899446903047,39.0112137878042 8.43952308152227,39.0116384630843 8.43969958900089,39.0117817675779 8.44059084419708,39.0116399238957 8.44043226779078,39.0115323546208 8.43977299101917,39.0110851587224 8.43957663368096,39.010951734172 8.43923675918287,39.0107217502437 8.43894519119435,39.0108843670776 8.43873289447343,39.0110053822291</coordinates>
            </LinearRing>
          </outerBoundaryIs>
        </Polygon>
      </Placemark>
      <Placemark xmlns="http://www.opengis.net/kml/2.2">
        <styleUrl>#Parti singole_style_map</styleUrl>
        <name>T02570</name>
        <Polygon>
          <outerBoundaryIs>
            <LinearRing>
              <coordinates>8.43634170170181,39.0126886397138 8.43659799821289,39.0125724733025 8.43648346693973,39.0124852062198 8.43637350728282,39.0126003858535 8.43625064286564,39.012737733294 8.43634170170181,39.0126886397138</coordinates>
            </LinearRing>
          </outerBoundaryIs>
        </Polygon>
      </Placemark>
      <Placemark xmlns="http://www.opengis.net/kml/2.2">
        <styleUrl>#Parti singole_style_map</styleUrl>
        <name>T02571</name>
        <Polygon>
          <outerBoundaryIs>
            <LinearRing>
              <coordinates>8.4464980823858,39.0120586590146 8.44673753310817,39.0119171232276 8.4464141303385,39.0119780167743 8.4464980823858,39.0120586590146</coordinates>
            </LinearRing>
          </outerBoundaryIs>
        </Polygon>
      </Placemark>
      <Placemark xmlns="http://www.opengis.net/kml/2.2">
        <styleUrl>#Parti singole_style_map</styleUrl>
        <name>T02412</name>
        <Polygon>
          <outerBoundaryIs>
            <LinearRing>
              <coordinates>8.43992107543814,39.008102212215 8.44004411339684,39.0082263901766 8.44008654222028,39.0084040131007 8.44019500501476,39.0086922487025 8.44025591064401,39.0089742364755 8.44040624416583,39.0092153647113 8.44056027650193,39.0093155952506 8.44095696131711,39.0095822435403 8.44167852639618,39.0095573073607 8.44170229854436,39.0095525281848 8.44438616871603,39.0094779420556 8.44484122737856,39.0094643314305 8.4448737220093,39.0094134293805 8.44543254171558,39.0088914277185 8.4456087799629,39.0087238938487 8.44576778530134,39.0085889249329 8.44579738446057,39.0085788560826 8.44609027821943,39.0084133267252 8.4461634288007,39.0083560934307 8.44663772415469,39.0080177266539 8.44672023162611,39.0079408842437 8.44691923048527,39.0077582456562 8.44731146040614,39.0074005905058 8.44747857938267,39.0072447609712 8.44752786306177,39.0071553702792 8.44763635923637,39.0069666065314 8.44657781562116,39.0070907605237 8.44515181861983,39.0072441819131 8.44306565620041,39.0074727674967 8.44168284646709,39.0076193240843 8.43991538033272,39.0078096671641 8.43992107543814,39.008102212215</coordinates>
            </LinearRing>
          </outerBoundaryIs>
        </Polygon>
      </Placemark>
      <Placemark xmlns="http://www.opengis.net/kml/2.2">
        <styleUrl>#Parti singole_style_map</styleUrl>
        <name>T02413</name>
        <Polygon>
          <outerBoundaryIs>
            <LinearRing>
              <coordinates>8.44135996038894,39.0182459147656 8.44138898729459,39.0184470186271 8.44138650484041,39.0186977486153 8.44158801056717,39.0187687029361 8.44163456841965,39.0187795950385 8.44179910042803,39.0188533455512 8.44234092690678,39.0184203888391 8.44286671056726,39.0180113944181 8.44274147130775,39.017895589354 8.44238880522392,39.0175622237276 8.4417976565612,39.0177874918342 8.44129380078154,39.0179856645264 8.44135996038894,39.0182459147656</coordinates>
            </LinearRing>
          </outerBoundaryIs>
          <innerBoundaryIs>
            <LinearRing>
              <coordinates>8.44154155782995,39.0186775008194 8.44155553504275,39.0186192862816 8.44170630640178,39.0186413159774 8.44169232930785,39.0186995305339 8.44154155782995,39.0186775008194</coordinates>
            </LinearRing>
          </innerBoundaryIs>
          <innerBoundaryIs>
            <LinearRing>
              <coordinates>8.44189199453574,39.0185367548071 8.44190748645292,39.0184468662987 8.44213156183629,39.0184703677962 8.44211607019698,39.0185602563359 8.44189199453574,39.0185367548071</coordinates>
            </LinearRing>
          </innerBoundaryIs>
        </Polygon>
      </Placemark>
      <Placemark xmlns="http://www.opengis.net/kml/2.2">
        <styleUrl>#Parti singole_style_map</styleUrl>
        <name>T02414</name>
        <Polygon>
          <outerBoundaryIs>
            <LinearRing>
              <coordinates>8.44103679457733,39.0169280382226 8.44099602281593,39.0174862495129 8.44114144274376,39.0177334354125 8.44124093257088,39.0178931558557 8.44129380078154,39.0179856645264 8.4417976565612,39.0177874918342 8.44238880522392,39.0175622237276 8.44227438122793,39.0174491011183 8.44189545948803,39.0170120982475 8.44185496462162,39.0169677321285 8.44177888777336,39.0168844119903 8.44156454658996,39.0166353828687 8.44133442449382,39.0164411461166 8.44083359323421,39.0167695773475 8.44103679457733,39.0169280382226</coordinates>
            </LinearRing>
          </outerBoundaryIs>
        </Polygon>
      </Placemark>
      <Placemark xmlns="http://www.opengis.net/kml/2.2">
        <styleUrl>#Parti singole_style_map</styleUrl>
        <name>T02415</name>
        <Polygon>
          <outerBoundaryIs>
            <LinearRing>
              <coordinates>8.44985933612559,39.0169228146127 8.44993617271185,39.017542562045 8.45001101968717,39.0181300583769 8.45043105458224,39.0178880014908 8.45032822777423,39.0173557014402 8.45021104839939,39.0167931194507 8.44993050249682,39.0168823933572 8.44985933612559,39.0169228146127</coordinates>
            </LinearRing>
          </outerBoundaryIs>
        </Polygon>
      </Placemark>
      <Placemark xmlns="http://www.opengis.net/kml/2.2">
        <styleUrl>#Parti singole_style_map</styleUrl>
        <name>T02416</name>
        <Polygon>
          <outerBoundaryIs>
            <LinearRing>
              <coordinates>8.4405369131133,39.0155782514597 8.4410882786395,39.0160010912452 8.44147776516008,39.0163008547697 8.44175159281878,39.0160344474726 8.4419377975102,39.0158543696686 8.44212593705074,39.0158570543114 8.44148854013776,39.0153047417376 8.44111342586617,39.0149803027141 8.44097839004857,39.0150900589127 8.44066031269402,39.0150927414405 8.44077481222351,39.0155178923219 8.4405369131133,39.0155782514597</coordinates>
            </LinearRing>
          </outerBoundaryIs>
        </Polygon>
      </Placemark>
      <Placemark xmlns="http://www.opengis.net/kml/2.2">
        <styleUrl>#Parti singole_style_map</styleUrl>
        <name>T02417</name>
        <Polygon>
          <outerBoundaryIs>
            <LinearRing>
              <coordinates>8.4396879199641,39.0149271163061 8.4399878156636,39.0151571771078 8.44006590865168,39.0147020246093 8.43990497710798,39.014495510806 8.43971411922408,39.014449916831 8.43927285937627,39.0146089583342 8.4396879199641,39.0149271163061</coordinates>
            </LinearRing>
          </outerBoundaryIs>
        </Polygon>
      </Placemark>
      <Placemark xmlns="http://www.opengis.net/kml/2.2">
        <styleUrl>#Parti singole_style_map</styleUrl>
        <name>T02374</name>
        <Polygon>
          <outerBoundaryIs>
            <LinearRing>
              <coordinates>8.44620837274981,39.0186056195733 8.44676759813836,39.0186307573723 8.44714040744274,39.0186786626324 8.44716257874944,39.0186751002712 8.44723997370421,39.0186866680229 8.44750929783529,39.0186751129625 8.44774350774438,39.0184274451722 8.44769495215528,39.0182976810571 8.44690811458317,39.0182918600997 8.44613144611108,39.0182899659189 8.44620837274981,39.0186056195733</coordinates>
            </LinearRing>
          </outerBoundaryIs>
        </Polygon>
      </Placemark>
      <Placemark xmlns="http://www.opengis.net/kml/2.2">
        <styleUrl>#Parti singole_style_map</styleUrl>
        <name>T02418</name>
        <Polygon>
          <outerBoundaryIs>
            <LinearRing>
              <coordinates>8.44000419008815,39.0102122401237 8.44054296443545,39.0105154002376 8.44117101576669,39.0108665192514 8.44162275999393,39.0111212191295 8.44230701297851,39.0115060953473 8.44271454464116,39.011733771538 8.44304984008523,39.0119223265799 8.44335596828751,39.0120953324597 8.44367878540785,39.0119946246637 8.44395981390044,39.0118290171468 8.44347708777681,39.0115556156113 8.44293901143701,39.0112462727655 8.44259268282018,39.0110467792615 8.44216764911626,39.0108054662285 8.44188645593769,39.010643948563 8.44125638767699,39.0102832809868 8.44066100534328,39.0099466017061 8.44051031939852,39.0098626793943 8.44031582929512,39.0099877387764 8.44022015696369,39.0100587733413 8.44000419008815,39.0102122401237</coordinates>
            </LinearRing>
          </outerBoundaryIs>
        </Polygon>
      </Placemark>
      <Placemark xmlns="http://www.opengis.net/kml/2.2">
        <styleUrl>#Parti singole_style_map</styleUrl>
        <name>T02419</name>
        <Polygon>
          <outerBoundaryIs>
            <LinearRing>
              <coordinates>8.44066100534328,39.0099466017061 8.44125638767699,39.0102832809868 8.44188645593769,39.010643948563 8.44216764911626,39.0108054662285 8.44259268282018,39.0110467792615 8.44293901143701,39.0112462727655 8.44347708777681,39.0115556156113 8.44395981390044,39.0118290171468 8.44427289003851,39.0116445303189 8.44419957668931,39.0116142640586 8.44381944737085,39.0114560549912 8.44348112304128,39.0113150030946 8.44324332682323,39.0111700149079 8.44287007440473,39.0107440263823 8.44269539881656,39.0105390365616 8.4423776167755,39.0101760106569 8.4421218664156,39.0100398822972 8.44182653109426,39.0098867762261 8.44169121043691,39.0098373963718 8.44166617440178,39.0098325186275 8.44131123320125,39.0097057985747 8.44095696131711,39.0095822435403 8.44051031939852,39.0098626793943 8.44066100534328,39.0099466017061</coordinates>
            </LinearRing>
          </outerBoundaryIs>
        </Polygon>
      </Placemark>
      <Placemark xmlns="http://www.opengis.net/kml/2.2">
        <styleUrl>#Parti singole_style_map</styleUrl>
        <name>T02420</name>
        <Polygon>
          <outerBoundaryIs>
            <LinearRing>
              <coordinates>8.44421881730418,39.0125818839639 8.44458366582463,39.0127881831121 8.44518462857842,39.013127112631 8.44551563847965,39.0133173973384 8.4456465464877,39.0132453095236 8.44555896774859,39.0131379946804 8.44554975976051,39.0131190907107 8.44583788254377,39.0129102953262 8.44528608066048,39.0125914454654 8.44445289475841,39.0121139461344 8.44423951568547,39.0125552738103 8.44421881730418,39.0125818839639</coordinates>
            </LinearRing>
          </outerBoundaryIs>
        </Polygon>
      </Placemark>
      <Placemark xmlns="http://www.opengis.net/kml/2.2">
        <styleUrl>#Parti singole_style_map</styleUrl>
        <name>T02421</name>
        <Polygon>
          <outerBoundaryIs>
            <LinearRing>
              <coordinates>8.44445289475841,39.0121139461344 8.44528608066048,39.0125914454654 8.44583788254377,39.0129102953262 8.44602815029789,39.0127695905391 8.44622792531438,39.0126211990937 8.4463203692059,39.012522480292 8.44635657586293,39.0124281260567 8.44527805881134,39.01202485395 8.44460919229382,39.0117831372959 8.44445289475841,39.0121139461344</coordinates>
            </LinearRing>
          </outerBoundaryIs>
        </Polygon>
      </Placemark>
      <Placemark xmlns="http://www.opengis.net/kml/2.2">
        <styleUrl>#Parti singole_style_map</styleUrl>
        <name>T02375</name>
        <Polygon>
          <outerBoundaryIs>
            <LinearRing>
              <coordinates>8.44613144611108,39.0182899659189 8.44690811458317,39.0182918600997 8.44769495215528,39.0182976810571 8.44786379977578,39.0176231373982 8.44795598395589,39.017252543217 8.44794561925926,39.0169650049928 8.4474550809556,39.0169748820422 8.44680314795071,39.0170521690327 8.44627007034198,39.0171134185863 8.44616688095343,39.0176926644779 8.44608953058179,39.0181179167174 8.44613144611108,39.0182899659189</coordinates>
            </LinearRing>
          </outerBoundaryIs>
        </Polygon>
      </Placemark>
      <Placemark xmlns="http://www.opengis.net/kml/2.2">
        <styleUrl>#Parti singole_style_map</styleUrl>
        <name>T02422</name>
        <Polygon>
          <outerBoundaryIs>
            <LinearRing>
              <coordinates>8.43223957589986,39.0111444039039 8.43270710073416,39.0115552508016 8.4329886491594,39.0113622335768 8.43336394681132,39.0111099008921 8.43401015280273,39.0106768858027 8.43475462157858,39.0101750573694 8.43511482867307,39.0099335852507 8.43550992817057,39.0096641123253 8.43533907083215,39.0094946516634 8.43509836733851,39.0092607024889 8.43482082417146,39.0089917103748 8.43455407559975,39.0091583924499 8.43422698905894,39.0093672773534 8.43421230791154,39.0096948848811 8.4339626726318,39.0099961479334 8.43336352858291,39.0103565730716 8.43281114796565,39.0106471074396 8.43241299366149,39.0109557544364 8.43234202519843,39.0110402481693 8.43223957589986,39.0111444039039</coordinates>
            </LinearRing>
          </outerBoundaryIs>
        </Polygon>
      </Placemark>
      <Placemark xmlns="http://www.opengis.net/kml/2.2">
        <styleUrl>#Parti singole_style_map</styleUrl>
        <name>T02369</name>
        <Polygon>
          <outerBoundaryIs>
            <LinearRing>
              <coordinates>8.43813464861215,39.0170394493007 8.43826930558357,39.0170237971883 8.43834453728276,39.017057248293 8.43849134559722,39.0170357792504 8.43855258812094,39.016958443873 8.43850046915322,39.0168827341908 8.43834354865037,39.0168582071022 8.43822708414583,39.0168680807636 8.43815441118665,39.0168805803297 8.43816688446491,39.0169901879724 8.43812455485272,39.0169911013397 8.43813464861215,39.0170394493007</coordinates>
            </LinearRing>
          </outerBoundaryIs>
        </Polygon>
      </Placemark>
      <Placemark xmlns="http://www.opengis.net/kml/2.2">
        <styleUrl>#Parti singole_style_map</styleUrl>
        <name>T02376</name>
        <Polygon>
          <outerBoundaryIs>
            <LinearRing>
              <coordinates>8.44627007034198,39.0171134185863 8.44680314795071,39.0170521690327 8.4474550809556,39.0169748820422 8.44794561925926,39.0169650049928 8.44794842469527,39.0169354980151 8.44799431162925,39.016680738079 8.44763301486689,39.0167072674723 8.44692777218473,39.0167644782189 8.4464240832044,39.0168048721146 8.44629874807273,39.0169524909572 8.44627007034198,39.0171134185863</coordinates>
            </LinearRing>
          </outerBoundaryIs>
        </Polygon>
      </Placemark>
      <Placemark xmlns="http://www.opengis.net/kml/2.2">
        <styleUrl>#Parti singole_style_map</styleUrl>
        <name>T02377</name>
        <Polygon>
          <outerBoundaryIs>
            <LinearRing>
              <coordinates>8.44743426456447,39.0190232513094 8.44754477392032,39.0190159624638 8.44779319141399,39.0190163014035 8.44779841457175,39.0188795111283 8.44756447219527,39.0187143833394 8.4474466163839,39.0188596508749 8.44743426456447,39.0190232513094</coordinates>
            </LinearRing>
          </outerBoundaryIs>
        </Polygon>
      </Placemark>
      <Placemark xmlns="http://www.opengis.net/kml/2.2">
        <styleUrl>#Parti singole_style_map</styleUrl>
        <name>T02378</name>
        <Polygon>
          <outerBoundaryIs>
            <LinearRing>
              <coordinates>8.44786063348117,39.0189991844309 8.44794595400045,39.0189883607084 8.44793763208153,39.018947447104 8.44793109822434,39.0189454337278 8.44785293786789,39.018953497922 8.44786063348117,39.0189991844309</coordinates>
            </LinearRing>
          </outerBoundaryIs>
        </Polygon>
      </Placemark>
      <Placemark xmlns="http://www.opengis.net/kml/2.2">
        <styleUrl>#Parti singole_style_map</styleUrl>
        <name>T02423</name>
        <Polygon>
          <outerBoundaryIs>
            <LinearRing>
              <coordinates>8.44768976149082,39.0069638227892 8.4485582422991,39.0068685595437 8.44917146219427,39.006799820228 8.44946792002723,39.0067699069645 8.44951933225242,39.0061287406368 8.44817624038003,39.0063040549042 8.44782715223336,39.0065999932102 8.44774734659995,39.0068702361151 8.44768976149082,39.0069638227892</coordinates>
            </LinearRing>
          </outerBoundaryIs>
        </Polygon>
      </Placemark>
      <Placemark xmlns="http://www.opengis.net/kml/2.2">
        <styleUrl>#Parti singole_style_map</styleUrl>
        <name>T02424</name>
        <Polygon>
          <outerBoundaryIs>
            <LinearRing>
              <coordinates>8.43979392800712,39.0076427481119 8.43991538033272,39.0078096671641 8.44168284646709,39.0076193240843 8.44306565620041,39.0074727674967 8.44515181861983,39.0072441819131 8.44657781562116,39.0070907605237 8.44763635923637,39.0069666065314 8.44772058465515,39.006820079805 8.44779425823608,39.0065824280006 8.44799108058862,39.0064159521155 8.44811780423026,39.0063081937386 8.44552434745117,39.0066549532584 8.44522967691946,39.0066895147218 8.44359682781494,39.0069002974536 8.44298338696561,39.0069875782349 8.4421251307896,39.0070945002072 8.44084447728075,39.007266316126 8.44051794529584,39.007311607259 8.43951395138042,39.0074362021596 8.43979392800712,39.0076427481119</coordinates>
            </LinearRing>
          </outerBoundaryIs>
        </Polygon>
      </Placemark>
      <Placemark xmlns="http://www.opengis.net/kml/2.2">
        <styleUrl>#Parti singole_style_map</styleUrl>
        <name>T02425</name>
        <Polygon>
          <outerBoundaryIs>
            <LinearRing>
              <coordinates>8.43951395138042,39.0074362021596 8.44051794529584,39.007311607259 8.44084447728075,39.007266316126 8.4421251307896,39.0070945002072 8.44298338696561,39.0069875782349 8.44359682781494,39.0069002974536 8.44522967691946,39.0066895147218 8.44552434745117,39.0066549532584 8.44811780423026,39.0063081937386 8.4482287042927,39.0062139220191 8.44846519993634,39.0059354360367 8.44871210810591,39.0056498800342 8.44879862271417,39.0055873105974 8.44680733035297,39.0058909965479 8.4447699234034,39.0062086303177 8.44286216577275,39.006510925476 8.4421112599722,39.0066258124744 8.44098636532209,39.0068008442379 8.43975845020906,39.0069899680931 8.43945536812311,39.007392982712 8.43951395138042,39.0074362021596</coordinates>
            </LinearRing>
          </outerBoundaryIs>
        </Polygon>
      </Placemark>
      <Placemark xmlns="http://www.opengis.net/kml/2.2">
        <styleUrl>#Parti singole_style_map</styleUrl>
        <name>T02379</name>
        <Polygon>
          <outerBoundaryIs>
            <LinearRing>
              <coordinates>8.44785835785316,39.0190184843674 8.44796687623552,39.0190221161152 8.44806469172871,39.0189954018858 8.44817083319429,39.0189942373142 8.44810113375653,39.0189035984617 8.44803271353835,39.0189068969781 8.44792767683022,39.018911580972 8.44793109822434,39.0189454337278 8.44793763208153,39.018947447104 8.44794595400045,39.0189883607084 8.44786063348117,39.0189991844309 8.44785835785316,39.0190184843674</coordinates>
            </LinearRing>
          </outerBoundaryIs>
        </Polygon>
      </Placemark>
      <Placemark xmlns="http://www.opengis.net/kml/2.2">
        <styleUrl>#Parti singole_style_map</styleUrl>
        <name>T02380</name>
        <Polygon>
          <outerBoundaryIs>
            <LinearRing>
              <coordinates>8.44779319141399,39.0190163014035 8.44785835785316,39.0190184843674 8.44786063348117,39.0189991844309 8.44785293786789,39.018953497922 8.44793109822434,39.0189454337278 8.44792767683022,39.018911580972 8.44803271353835,39.0189068969781 8.44803122202044,39.0188387842774 8.44793438323197,39.0188483730682 8.44782367310337,39.0188666548337 8.44779841457175,39.0188795111283 8.44779319141399,39.0190163014035</coordinates>
            </LinearRing>
          </outerBoundaryIs>
        </Polygon>
      </Placemark>
      <Placemark xmlns="http://www.opengis.net/kml/2.2">
        <styleUrl>#Parti singole_style_map</styleUrl>
        <name>T02381</name>
        <Polygon>
          <outerBoundaryIs>
            <LinearRing>
              <coordinates>8.44782367310337,39.0188666548337 8.44793438323197,39.0188483730682 8.44792027335511,39.0187645213542 8.44785915739589,39.018767331718 8.44777856873292,39.0188158170165 8.44782367310337,39.0188666548337</coordinates>
            </LinearRing>
          </outerBoundaryIs>
        </Polygon>
      </Placemark>
      <Placemark xmlns="http://www.opengis.net/kml/2.2">
        <styleUrl>#Parti singole_style_map</styleUrl>
        <name>T02382</name>
        <Polygon>
          <outerBoundaryIs>
            <LinearRing>
              <coordinates>8.44759053909407,39.0186629815834 8.44777856873292,39.0188158170165 8.44785915739589,39.018767331718 8.44792027335511,39.0187645213542 8.44791322962886,39.0187226406046 8.44787991939246,39.0187044066512 8.44785693641889,39.0186104114983 8.44778006896427,39.0185251361292 8.44777680997688,39.0185164340234 8.4477235573053,39.01853301443 8.44759053909407,39.0186629815834</coordinates>
            </LinearRing>
          </outerBoundaryIs>
        </Polygon>
      </Placemark>
      <Placemark xmlns="http://www.opengis.net/kml/2.2">
        <styleUrl>#Parti singole_style_map</styleUrl>
        <name>T02383</name>
        <Polygon>
          <outerBoundaryIs>
            <LinearRing>
              <coordinates>8.44810113375653,39.0189035984617 8.44817083319429,39.0189942373142 8.4482563654433,39.0189814319321 8.44816966686658,39.0188649950817 8.44810113375653,39.0189035984617</coordinates>
            </LinearRing>
          </outerBoundaryIs>
        </Polygon>
      </Placemark>
      <Placemark xmlns="http://www.opengis.net/kml/2.2">
        <styleUrl>#Parti singole_style_map</styleUrl>
        <name>T02384</name>
        <Polygon>
          <outerBoundaryIs>
            <LinearRing>
              <coordinates>8.44816966686658,39.0188649950817 8.4482563654433,39.0189814319321 8.44837448689376,39.0189637435119 8.44826104820797,39.0188412328926 8.44822815185056,39.0188455106412 8.44816966686658,39.0188649950817</coordinates>
            </LinearRing>
          </outerBoundaryIs>
        </Polygon>
      </Placemark>
      <Placemark xmlns="http://www.opengis.net/kml/2.2">
        <styleUrl>#Parti singole_style_map</styleUrl>
        <name>T02370</name>
        <Polygon>
          <outerBoundaryIs>
            <LinearRing>
              <coordinates>8.44006863376518,39.0186056409815 8.44021816335831,39.0190887213223 8.44053733912066,39.0190676717602 8.44066335153002,39.0190881458216 8.4410013580674,39.0191928626408 8.44147478141778,39.0192300135874 8.44158841732564,39.0192189246756 8.4417818598336,39.0191741740227 8.44205016442122,39.0191369091163 8.44224155667233,39.0191133869644 8.44166551929874,39.0189858713701 8.44160542592442,39.0189673091097 8.44126236866044,39.0188145769028 8.44107132298893,39.0186724757519 8.44077025681511,39.0184493777652 8.44057823690623,39.0181849729575 8.44045425597927,39.0178822279292 8.4402670683569,39.0177142912194 8.440178190542,39.0180954740601 8.44010212972167,39.0184361505512 8.44006863376518,39.0186056409815</coordinates>
            </LinearRing>
          </outerBoundaryIs>
        </Polygon>
      </Placemark>
      <Placemark xmlns="http://www.opengis.net/kml/2.2">
        <styleUrl>#Parti singole_style_map</styleUrl>
        <name>T02385</name>
        <Polygon>
          <outerBoundaryIs>
            <LinearRing>
              <coordinates>8.44826104820797,39.0188412328926 8.44837448689376,39.0189637435119 8.44851496288352,39.0189426914641 8.44831767752004,39.0188435013499 8.44826104820797,39.0188412328926</coordinates>
            </LinearRing>
          </outerBoundaryIs>
        </Polygon>
      </Placemark>
      <Placemark xmlns="http://www.opengis.net/kml/2.2">
        <styleUrl>#Parti singole_style_map</styleUrl>
        <name>T02386</name>
        <Polygon>
          <outerBoundaryIs>
            <LinearRing>
              <coordinates>8.44792027335511,39.0187645213542 8.44793438323197,39.0188483730682 8.44803122202044,39.0188387842774 8.44803271353835,39.0189068969781 8.44810113375653,39.0189035984617 8.44816966686658,39.0188649950817 8.44822815185056,39.0188455106412 8.44826104820797,39.0188412328926 8.44831767752004,39.0188435013499 8.44851496288352,39.0189426914641 8.44864427115326,39.0187949989678 8.44822164967709,39.0186760537938 8.44791322962886,39.0187226406046 8.44792027335511,39.0187645213542</coordinates>
            </LinearRing>
          </outerBoundaryIs>
        </Polygon>
      </Placemark>
      <Placemark xmlns="http://www.opengis.net/kml/2.2">
        <styleUrl>#Parti singole_style_map</styleUrl>
        <name>T02387</name>
        <Polygon>
          <outerBoundaryIs>
            <LinearRing>
              <coordinates>8.44774350774438,39.0184274451722 8.44777680997688,39.0185164340234 8.44778006896427,39.0185251361292 8.44785693641889,39.0186104114983 8.44787991939246,39.0187044066512 8.44791322962886,39.0187226406046 8.44822164967709,39.0186760537938 8.44864427115326,39.0187949989678 8.44874253967136,39.0186905838821 8.44904296594737,39.0185443037077 8.44932308546151,39.0184082715376 8.44949191190515,39.0183373948642 8.44973360774394,39.0182226175786 8.45001101968717,39.0181300583769 8.44993617271185,39.017542562045 8.44985933612559,39.0169228146127 8.4497345485148,39.0169843479859 8.44946910695744,39.0171260914382 8.4492177139607,39.0172584300203 8.4484768152302,39.0174530716605 8.44786379977578,39.0176231373982 8.44769495215528,39.0182976810571 8.44774350774438,39.0184274451722</coordinates>
            </LinearRing>
          </outerBoundaryIs>
        </Polygon>
      </Placemark>
      <Placemark xmlns="http://www.opengis.net/kml/2.2">
        <styleUrl>#Parti singole_style_map</styleUrl>
        <name>T02388</name>
        <Polygon>
          <outerBoundaryIs>
            <LinearRing>
              <coordinates>8.45061805974439,39.0177649446725 8.45071401017509,39.0176654640495 8.45083545897431,39.0174652695979 8.45084559181608,39.0174022488555 8.45084400814859,39.0173904639277 8.45084197101246,39.0173790643399 8.45084024599243,39.0173691260154 8.4508387128952,39.0173582694659 8.45083748182792,39.0173486849 8.45083769206364,39.017339431522 8.45083718742329,39.0173300125771 8.45083636927293,39.0173193125836 8.45083515837822,39.0173101065775 8.45083322252231,39.0173005457246 8.45083128513247,39.017291183108 8.4508292986393,39.0172807028873 8.45082757362328,39.0172707645626 8.4508263337983,39.0172608195123 8.45082553589157,39.0172504890678 8.45082425418959,39.0172399851339 8.45082302305638,39.0172304095783 8.45082154060265,39.0172204723961 8.45081980543356,39.0172103538019 8.4508184846455,39.0171989305546 8.45081773737857,39.0171895194776 8.45081722119122,39.0171801004781 8.45081670639896,39.0171705012637 8.45081595913252,39.0171610901866 8.45081473815718,39.0171516949001 8.45081376989763,39.0171424810255 8.45081268019091,39.0171310498556 8.45081195316659,39.0171220083276 8.45081141673916,39.0171122197788 8.45081088170686,39.017102251015 8.45081035683017,39.0170924625206 8.45080981024766,39.0170824937024 8.45080924488882,39.0170719661094 8.45080876049494,39.0170629167133 8.45080897073311,39.0170536633349 8.45080840537458,39.0170431357419 8.45080807102536,39.0170326092371 8.45080746378973,39.0170215227605 8.4508066571973,39.0170108228206 8.45080545646671,39.017001797083 8.45080424558094,39.0169925910762 8.45080241929946,39.0169808140152 8.45080167203661,39.0169714029378 8.45080116740309,39.0169619839923 8.45080068294107,39.0169529436068 8.45080003661987,39.0169409378166 8.45079954067741,39.0169318883659 8.45079976107163,39.0169228152565 8.45080067749139,39.0169133579501 8.45080219756092,39.0169020201737 8.4508039587941,39.0168908637548 8.45080525786985,39.0168797231808 8.45080655694519,39.0168685826068 8.45080759315015,39.0168570803516 8.45080848793179,39.0168474337106 8.4508091430139,39.0168374164865 8.45081073388949,39.0168273766376 8.45081257608399,39.0168176984153 8.45081408599394,39.0168061803693 8.45081466873112,39.0167950634537 8.45081505078663,39.0167845042791 8.45081504003036,39.0167754481027 8.45081452384573,39.0167660291025 8.45081259809228,39.0167566575285 8.45081137712369,39.0167472622414 8.45081078137012,39.0167361848294 8.45081002395291,39.0167265934823 8.45080901528663,39.0167166314978 8.45080773352605,39.0167061365736 8.4508065125589,39.0166967412863 8.45080597752973,39.016686772522 8.45080523026904,39.0166773614441 8.45080398906159,39.0166675966075 8.4508017802018,39.0166574938028 8.45079891712698,39.0166483430895 8.45079551969386,39.0166380905081 8.45079142609938,39.0166282401452 8.4507873440564,39.0166183898366 8.45078402759022,39.0166096154519 8.45078062869626,39.0165995520956 8.45077720087176,39.0165887496952 8.45077356214201,39.0165783337771 8.45077095046197,39.0165695356791 8.45076777395861,39.0165590949052 8.45076438661966,39.0165490316029 8.45076148307222,39.01653914179 8.4507581159759,39.0165294480367 8.45075768682723,39.016528184465 8.4503681593578,39.0166534227493 8.45061805974439,39.0177649446725</coordinates>
            </LinearRing>
          </outerBoundaryIs>
          <innerBoundaryIs>
            <LinearRing>
              <coordinates>8.45044915997199,39.016962794207 8.45049212588516,39.0169483086947 8.45052850982723,39.0170081334712 8.45048610396023,39.017024874404 8.45044915997199,39.016962794207</coordinates>
            </LinearRing>
          </innerBoundaryIs>
        </Polygon>
      </Placemark>
      <Placemark xmlns="http://www.opengis.net/kml/2.2">
        <styleUrl>#Parti singole_style_map</styleUrl>
        <name>T02389</name>
        <Polygon>
          <outerBoundaryIs>
            <LinearRing>
              <coordinates>8.44786379977578,39.0176231373982 8.4484768152302,39.0174530716605 8.4492177139607,39.0172584300203 8.44946910695744,39.0171260914382 8.4497345485148,39.0169843479859 8.44985933612559,39.0169228146127 8.44993050249682,39.0168823933572 8.45021104839939,39.0167931194507 8.44980144755338,39.0167211710408 8.4495551870117,39.0168517864395 8.44883758350962,39.0170757182289 8.44795598395589,39.017252543217 8.44786379977578,39.0176231373982</coordinates>
            </LinearRing>
          </outerBoundaryIs>
        </Polygon>
      </Placemark>
      <Placemark xmlns="http://www.opengis.net/kml/2.2">
        <styleUrl>#Parti singole_style_map</styleUrl>
        <name>T02390</name>
        <Polygon>
          <outerBoundaryIs>
            <LinearRing>
              <coordinates>8.4503681593578,39.0166534227493 8.45075768682723,39.016528184465 8.4507547286397,39.0165193847341 8.45075209665355,39.0165102260971 8.45074891007001,39.0164995960426 8.45074594580442,39.0164885975816 8.45074343500362,39.0164772137808 8.45074142830407,39.0164663640082 8.45073922954458,39.016456450482 8.45073747416394,39.0164459623363 8.45073627345085,39.0164369365972 8.45073576882896,39.0164275176507 8.45073527429265,39.0164182879841 8.45073425402062,39.0164083349548 8.45073301422235,39.0163983899023 8.45073181351056,39.0163893641632 8.45072985598668,39.0163796229836 8.45072795049492,39.016370620957 8.45072480433246,39.016360739011 8.4507219311937,39.0163513990155 8.45071849330428,39.016340407333 8.45071585117403,39.0163310684257 8.45071319033863,39.0163211617328 8.45071003409497,39.0163110905063 8.45070786574007,39.0163017267979 8.45070491157412,39.0162909176155 8.45070202835534,39.0162813883395 8.45069939638446,39.016272229701 8.45069624014486,39.0162621584741 8.45069331637777,39.01625189911 8.45069038940243,39.0162420542399 8.44995724562243,39.0165855236781 8.4503681593578,39.0166534227493</coordinates>
            </LinearRing>
          </outerBoundaryIs>
        </Polygon>
      </Placemark>
      <Placemark xmlns="http://www.opengis.net/kml/2.2">
        <styleUrl>#Parti singole_style_map</styleUrl>
        <name>T02391</name>
        <Polygon>
          <outerBoundaryIs>
            <LinearRing>
              <coordinates>8.44794561925926,39.0169650049928 8.44795598395589,39.017252543217 8.44883758350962,39.0170757182289 8.4495551870117,39.0168517864395 8.44980144755338,39.0167211710408 8.4497765311245,39.0165545198559 8.44940821196627,39.0166109203383 8.44906894525958,39.0166669703572 8.44872228380939,39.0167232367298 8.44835868318773,39.016821755922 8.44794842469527,39.0169354980151 8.44794561925926,39.0169650049928</coordinates>
            </LinearRing>
          </outerBoundaryIs>
        </Polygon>
      </Placemark>
      <Placemark xmlns="http://www.opengis.net/kml/2.2">
        <styleUrl>#Parti singole_style_map</styleUrl>
        <name>T02392</name>
        <Polygon>
          <outerBoundaryIs>
            <LinearRing>
              <coordinates>8.43914050802147,39.0137650837259 8.43895179431855,39.0143163380823 8.43916374643412,39.0145250991082 8.43927285937627,39.0146089583342 8.43971411922408,39.014449916831 8.43990497710798,39.014495510806 8.44006590865168,39.0147020246093 8.4399878156636,39.0151571771078 8.44025747910057,39.0153631405631 8.4405369131133,39.0155782514597 8.44077481222351,39.0155178923219 8.44066031269402,39.0150927414405 8.44097839004857,39.0150900589127 8.44111342586617,39.0149803027141 8.44088735173798,39.0147847598202 8.44079149628453,39.0147009386608 8.44035932330766,39.0143230581724 8.43983110955491,39.0138710671601 8.43944918241175,39.0135380745462 8.43919572085171,39.0134652085613 8.43873029984121,39.013723911418 8.43914050802147,39.0137650837259</coordinates>
            </LinearRing>
          </outerBoundaryIs>
        </Polygon>
      </Placemark>
      <Placemark xmlns="http://www.opengis.net/kml/2.2">
        <styleUrl>#Parti singole_style_map</styleUrl>
        <name>T02426</name>
        <Polygon>
          <outerBoundaryIs>
            <LinearRing>
              <coordinates>8.44889749882305,39.0042211924589 8.44950728713035,39.0043387843922 8.44955361240949,39.0039050290487 8.44965020138227,39.0037209379031 8.44990423857353,39.0036806857579 8.45008239122196,39.0035969120399 8.45008393717439,39.0035911522338 8.45008463844759,39.0035900742106 8.4500950344756,39.0035450677924 8.44916456483431,39.0036035728964 8.44917618067009,39.0036544503226 8.44889452308735,39.004083849395 8.44889749882305,39.0042211924589</coordinates>
            </LinearRing>
          </outerBoundaryIs>
        </Polygon>
      </Placemark>
      <Placemark xmlns="http://www.opengis.net/kml/2.2">
        <styleUrl>#Parti singole_style_map</styleUrl>
        <name>T02393</name>
        <Polygon>
          <outerBoundaryIs>
            <LinearRing>
              <coordinates>8.43529137464277,39.0127265126959 8.43536005741548,39.0127403439435 8.4356390822258,39.0127554098243 8.43605292699799,39.0126214623779 8.43657085341005,39.0123850650034 8.4370876693942,39.0120203062234 8.43720362751725,39.0119349454656 8.43741954587315,39.0117846556056 8.43748489657999,39.0117379421416 8.43753492762105,39.0117121685563 8.43791565302422,39.0115208343431 8.43832939277558,39.0112323473358 8.43873289447343,39.0110053822291 8.43894519119435,39.0108843670776 8.43923675918287,39.0107217502437 8.43930279419844,39.010681707235 8.43942879489786,39.0105979244136 8.43976428999582,39.0103760893996 8.43994403609562,39.0102565019368 8.44000419008815,39.0102122401237 8.44022015696369,39.0100587733413 8.44031582929512,39.0099877387764 8.44051031939852,39.0098626793943 8.44095696131711,39.0095822435403 8.44056027650193,39.0093155952506 8.44040624416583,39.0092153647113 8.44025591064401,39.0089742364755 8.43993187149186,39.0093114247586 8.43985468768119,39.0093828362025 8.43948706199425,39.0096242423066 8.43912620752008,39.0098810166644 8.43865362567409,39.010217144197 8.43825548379532,39.0105000035671 8.43752126825224,39.0110252965879 8.43727482167541,39.0112198278689 8.43681987871154,39.0115883917536 8.43652454599031,39.0118268845755 8.43611132590728,39.0121678030704 8.43583245477065,39.0123850174819 8.43528701261201,39.0126490954729 8.43529137464277,39.0127265126959</coordinates>
            </LinearRing>
          </outerBoundaryIs>
        </Polygon>
      </Placemark>
      <Placemark xmlns="http://www.opengis.net/kml/2.2">
        <styleUrl>#Parti singole_style_map</styleUrl>
        <name>T02371</name>
        <Polygon>
          <outerBoundaryIs>
            <LinearRing>
              <coordinates>8.44031785968142,39.017684798555 8.44049850974324,39.0178453778126 8.44064178847112,39.0181984610883 8.44083495697453,39.0184432091576 8.44099075172499,39.0185539904221 8.44130706275334,39.0187819728074 8.44158518740579,39.018920453757 8.44161144301647,39.0189234180041 8.44215953792541,39.0190670290876 8.44185207964458,39.0189157755567 8.44166328743883,39.018826202646 8.44160455059962,39.0188070161074 8.44136488934055,39.0187201726989 8.441352546145,39.0185875157375 8.44132259978873,39.0182552784484 8.44124123619044,39.017988070864 8.44093911956539,39.0174793354912 8.44099835778412,39.0169494624639 8.44069879643998,39.0167195771173 8.44065644538794,39.0167173734718 8.44046955339882,39.0169912240634 8.44036581646902,39.0172941737934 8.44029556339825,39.0174889621528 8.44031785968142,39.017684798555</coordinates>
            </LinearRing>
          </outerBoundaryIs>
        </Polygon>
      </Placemark>
      <Placemark xmlns="http://www.opengis.net/kml/2.2">
        <styleUrl>#Parti singole_style_map</styleUrl>
        <name>T02394</name>
        <Polygon>
          <outerBoundaryIs>
            <LinearRing>
              <coordinates>8.43450760667879,39.0124825596164 8.43529137464277,39.0127265126959 8.43528701261201,39.0126490954729 8.43583245477065,39.0123850174819 8.43611132590728,39.0121678030704 8.43652454599031,39.0118268845755 8.43681987871154,39.0115883917536 8.43727482167541,39.0112198278689 8.43752126825224,39.0110252965879 8.43825548379532,39.0105000035671 8.43865362567409,39.010217144197 8.43912620752008,39.0098810166644 8.43948706199425,39.0096242423066 8.43985468768119,39.0093828362025 8.43993187149186,39.0093114247586 8.44025591064401,39.0089742364755 8.44019500501476,39.0086922487025 8.44008654222028,39.0084040131007 8.43969717879317,39.008725360941 8.43921357892685,39.0090379279792 8.43888412119702,39.0092534377186 8.43821497147825,39.0098881184714 8.43778943742035,39.0101398912245 8.43732745175602,39.0104117343766 8.4366996253512,39.0107845546107 8.4365659758677,39.0109293385287 8.43626461561631,39.0112478469667 8.43606846518888,39.0114147295969 8.43582277176218,39.0116213632983 8.43557151066177,39.0118293391997 8.4352822764286,39.0120033120647 8.43450760667879,39.0124825596164</coordinates>
            </LinearRing>
          </outerBoundaryIs>
        </Polygon>
      </Placemark>
      <Placemark xmlns="http://www.opengis.net/kml/2.2">
        <styleUrl>#Parti singole_style_map</styleUrl>
        <name>T02427</name>
        <Polygon>
          <outerBoundaryIs>
            <LinearRing>
              <coordinates>8.45065208280677,39.0128485737059 8.45072625528392,39.0130697846662 8.45055705585242,39.0135307148823 8.45082632551865,39.0141533873398 8.45074192632702,39.0147010432523 8.4507567588403,39.0146799371101 8.45075983370216,39.0146706701907 8.45076232059717,39.0146627521623 8.45076408798267,39.014658254952 8.45076683168521,39.014647004036 8.45076570178777,39.0146437547264 8.45076896719412,39.0146397151271 8.45077500740645,39.0146353281572 8.45077942433131,39.0146317445362 8.45078416543886,39.0146310459858 8.45080154284878,39.0146243695444 8.45081892513739,39.0146170623482 8.45082191726628,39.0146035598327 8.45080723849785,39.0145898839635 8.45080445559828,39.0145763542432 8.4508086034312,39.0145627670615 8.45082349281324,39.0145492304801 8.45082694694033,39.0145357301406 8.45082624374544,39.0145221201066 8.45082195933851,39.0145085833135 8.45082541346383,39.014495082974 8.45084122683182,39.0144815507426 8.45084953266687,39.0144679831455 8.45084571095759,39.0144543584219 8.45084558526156,39.0144407511081 8.45085123318818,39.0144273512123 8.45085838540634,39.0144135979588 8.45086137961078,39.0143998251194 8.45086437172196,39.0143863226022 8.4508726768439,39.0143728451105 8.45088132916072,39.0143592791429 8.45089044417239,39.0143456252431 8.45090785357816,39.014334803842 8.45092332109126,39.0143211798593 8.45091510967221,39.0143076245736 8.45093275912964,39.0142956328596 8.45091923470649,39.0142820525512 8.45092624350543,39.0142719030475 8.4509288110039,39.0142684909316 8.45093654069107,39.0142547403927 8.45093745447796,39.0142411379742 8.45093779076434,39.0142275328358 8.45093685655054,39.0142139217138 8.45094037855332,39.0141319375243 8.45094002114205,39.0141184192294 8.45093862492971,39.0141048059312 8.45094434884414,39.014036799276 8.45094410693206,39.0140232815248 8.45094571440926,39.0140095922619 8.45093819462463,39.013996220456 8.45092160520909,39.0139906455686 8.45090417801231,39.0139888513844 8.45088659303567,39.013977594826 8.45088265514762,39.013964059666 8.45089269410398,39.0139504101169 8.45091031628143,39.0139419325961 8.45090337610008,39.0139282931854 8.45088582993296,39.0139269489918 8.45086843692244,39.0139207395366 8.45085687746848,39.0139069882543 8.45084751181172,39.0138933374154 8.45083687705926,39.0138795003761 8.45082323793087,39.0138658294048 8.4508122573864,39.0138519006236 8.45080404604186,39.0138383453295 8.45079780028195,39.0138245289622 8.45079594280207,39.013810823378 8.45079270002845,39.013797021157 8.45079084394507,39.0137831353578 8.45079129575561,39.0137695307631 8.45079209476115,39.0137558376932 8.45079058308426,39.0137422238485 8.45078884250183,39.0137283385932 8.45078005367985,39.0137147805768 8.45079413439338,39.013701240187 8.45079262271715,39.0136876263423 8.45078117811705,39.0136739657039 8.45079444893364,39.0136606017201 8.45079917490571,39.0136469271493 8.45080805884193,39.0136332721656 8.45082248603091,39.0136197334044 8.450836797018,39.0136062842047 8.45083112806913,39.0135925606665 8.45082661411211,39.0135788425687 8.45082949278664,39.0135650691838 8.45081700801119,39.0135514937596 8.4508087973972,39.0135378483579 8.45081617983227,39.0135241863001 8.45083392229281,39.0135150785813 8.45084777195841,39.0135015370961 8.45085549948391,39.0134880568827 8.45085271940523,39.0134741667313 8.45084866674902,39.0134605409178 8.45083860885656,39.0134467967058 8.45082116715019,39.0134468947668 8.45082381273051,39.013433390616 8.45082738229947,39.0134198908176 8.45082702630645,39.0134061923058 8.45081107659913,39.0133926005588 8.45080055603147,39.0133789442746 8.45078772479804,39.0133653672148 8.45078655962522,39.0133517550016 8.45078758962316,39.0133380630189 8.45078850551697,39.0133241902772 8.45078838052878,39.0133104928534 8.45078409759433,39.0132967758417 8.45077300025089,39.0132830267269 8.45075562205433,39.0132749249985 8.45075699855229,39.0132612346484 8.45076160761073,39.0132477397489 8.45076771814666,39.0132342519228 8.45077394557351,39.0132205844255 8.45077820882835,39.0132069977853 8.45078328056991,39.0131934149538 8.45078788961881,39.013179920053 8.45078684134172,39.0131661281685 8.45078001605908,39.013152579401 8.45078809144824,39.0131389206085 8.45078149716437,39.0131253729292 8.45078345184257,39.0131115951914 8.4507929125071,39.0130980330352 8.45080618530476,39.0130843987255 8.45081460717541,39.0130707415631 8.4508097474566,39.013056931724 8.450798302256,39.013043361194 8.45079875336132,39.013029846705 8.45079539372816,39.0130162241534 8.45078787756204,39.013002401799 8.45078151498403,39.0129887651003 8.45077700177104,39.012974956892 8.45077525911599,39.0129613419573 8.45077548062398,39.012947646165 8.4507753556381,39.0129339487403 8.4507738446775,39.0129202447863 8.45077337389574,39.0129064556217 8.45077567297024,39.0128929498383 8.45077797553097,39.0128789935174 8.45077923721567,39.0128652125144 8.45078419343406,39.0128516291377 8.45078845596655,39.0128381326036 8.45078561176246,39.0128325323374 8.45065208280677,39.0128485737059</coordinates>
            </LinearRing>
          </outerBoundaryIs>
        </Polygon>
      </Placemark>
      <Placemark xmlns="http://www.opengis.net/kml/2.2">
        <styleUrl>#Parti singole_style_map</styleUrl>
        <name>T02395</name>
        <Polygon>
          <outerBoundaryIs>
            <LinearRing>
              <coordinates>8.43354841878466,39.0120971223097 8.43388887773033,39.0122364201163 8.43411341820726,39.012350004436 8.43450760667879,39.0124825596164 8.4352822764286,39.0120033120647 8.43557151066177,39.0118293391997 8.43582277176218,39.0116213632983 8.43606846518888,39.0114147295969 8.43626461561631,39.0112478469667 8.4365659758677,39.0109293385287 8.4366996253512,39.0107845546107 8.43732745175602,39.0104117343766 8.43778943742035,39.0101398912245 8.43821497147825,39.0098881184714 8.43888412119702,39.0092534377186 8.43921357892685,39.0090379279792 8.43969717879317,39.008725360941 8.44008654222028,39.0084040131007 8.44004411339684,39.0082263901766 8.43992107543814,39.008102212215 8.43953856110802,39.008289093072 8.43922492714263,39.008415884703 8.43888717098304,39.0085507054085 8.43864050418502,39.0086505321894 8.4381787507062,39.0091281208702 8.43800992167946,39.0092940301444 8.43766636471361,39.009555208687 8.43753179890731,39.0096456525388 8.43731394554786,39.0097932119944 8.4370760542999,39.0099434587113 8.43674677947574,39.0102335298904 8.43646287539001,39.0105257838476 8.43646955286002,39.0106637486525 8.4362057392714,39.0107819780657 8.43612418352524,39.0108215027075 8.4358095046335,39.0109598772562 8.43544513438198,39.0111900224131 8.43489848459996,39.0115313087008 8.43446607812583,39.0117456038973 8.43411422831863,39.0118501101287 8.43355234523356,39.0120899595625 8.43354841878466,39.0120971223097</coordinates>
            </LinearRing>
          </outerBoundaryIs>
        </Polygon>
      </Placemark>
      <Placemark xmlns="http://www.opengis.net/kml/2.2">
        <styleUrl>#Parti singole_style_map</styleUrl>
        <name>T02396</name>
        <Polygon>
          <outerBoundaryIs>
            <LinearRing>
              <coordinates>8.43354841878466,39.0120971223097 8.43355234523356,39.0120899595625 8.43411422831863,39.0118501101287 8.43446607812583,39.0117456038973 8.43489848459996,39.0115313087008 8.43544513438198,39.0111900224131 8.4358095046335,39.0109598772562 8.43612418352524,39.0108215027075 8.4362057392714,39.0107819780657 8.43646955286002,39.0106637486525 8.43646287539001,39.0105257838476 8.43674677947574,39.0102335298904 8.4370760542999,39.0099434587113 8.43731394554786,39.0097932119944 8.43753179890731,39.0096456525388 8.43766636471361,39.009555208687 8.43800992167946,39.0092940301444 8.4381787507062,39.0091281208702 8.43864050418502,39.0086505321894 8.43888717098304,39.0085507054085 8.43922492714263,39.008415884703 8.43953856110802,39.008289093072 8.43992107543814,39.008102212215 8.43991538033272,39.0078096671641 8.43979392800712,39.0076427481119 8.43930940794774,39.008036239714 8.43882263639094,39.0083413287488 8.43830719712412,39.0087628629521 8.4378064913299,39.0091461958311 8.43718951407361,39.0096251044755 8.43707132909195,39.0097106617652 8.4368864516714,39.0098607946025 8.43675764345325,39.0099634032813 8.43656800629775,39.0101353464464 8.43645218684929,39.0102398828437 8.43635922512414,39.0103166583748 8.43608127833712,39.0105232178368 8.43563089037277,39.0108474556581 8.43509242191664,39.0112409205605 8.43456416261593,39.0114627174399 8.43397562978808,39.0116225385048 8.43365769975977,39.0117331463334 8.43362303482945,39.0117523787748 8.43327972204006,39.0119678953124 8.43354841878466,39.0120971223097</coordinates>
            </LinearRing>
          </outerBoundaryIs>
        </Polygon>
      </Placemark>
      <Placemark xmlns="http://www.opengis.net/kml/2.2">
        <styleUrl>#Parti singole_style_map</styleUrl>
        <name>T02397</name>
        <Polygon>
          <outerBoundaryIs>
            <LinearRing>
              <coordinates>8.43286528891778,39.0116969265573 8.43303906312265,39.0118467247806 8.43327972204006,39.0119678953124 8.43362303482945,39.0117523787748 8.43365769975977,39.0117331463334 8.43397562978808,39.0116225385048 8.43456416261593,39.0114627174399 8.43509242191664,39.0112409205605 8.43563089037277,39.0108474556581 8.43608127833712,39.0105232178368 8.43635922512414,39.0103166583748 8.43645218684929,39.0102398828437 8.43656800629775,39.0101353464464 8.43675764345325,39.0099634032813 8.4368864516714,39.0098607946025 8.43707132909195,39.0097106617652 8.43718951407361,39.0096251044755 8.4378064913299,39.0091461958311 8.43830719712412,39.0087628629521 8.43882263639094,39.0083413287488 8.43930940794774,39.008036239714 8.43979392800712,39.0076427481119 8.43951395138042,39.0074362021596 8.43945536812311,39.007392982712 8.43904004860151,39.0078204803068 8.43852835947908,39.0083087876578 8.43804837046348,39.0087674548785 8.43759609835428,39.0090871497706 8.43711598042132,39.009425217198 8.43694765675335,39.0095969034584 8.43670374611625,39.009841970942 8.43658506059408,39.0099584513288 8.43643770446943,39.0100652232434 8.43614858113126,39.0101973424218 8.43598271960913,39.0102781444459 8.43575780095888,39.0105045497383 8.43569142102204,39.0105674051093 8.43514851952798,39.0109449533035 8.43495456038158,39.0110496412374 8.43445260123156,39.0113207204905 8.43409212800463,39.0112989306886 8.43385370734993,39.0114069152738 8.43342927584676,39.0115160681108 8.43297927711522,39.0116418466376 8.43286528891778,39.0116969265573</coordinates>
            </LinearRing>
          </outerBoundaryIs>
        </Polygon>
      </Placemark>
      <Placemark xmlns="http://www.opengis.net/kml/2.2">
        <styleUrl>#Parti singole_style_map</styleUrl>
        <name>T02398</name>
        <Polygon>
          <outerBoundaryIs>
            <LinearRing>
              <coordinates>8.44467458899162,39.015263173929 8.44487736931064,39.015424329481 8.44527139202616,39.0156951314096 8.4456504293874,39.0158559617368 8.44583350981841,39.0160923184441 8.44593789011495,39.0162717563916 8.44619613535469,39.016229676244 8.4463091036034,39.0158460709167 8.44578204969798,39.0155246917795 8.44551893249085,39.0153627912755 8.44439985462778,39.0150408954559 8.44467458899162,39.015263173929</coordinates>
            </LinearRing>
          </outerBoundaryIs>
        </Polygon>
      </Placemark>
      <Placemark xmlns="http://www.opengis.net/kml/2.2">
        <styleUrl>#Parti singole_style_map</styleUrl>
        <name>T02399</name>
        <Polygon>
          <outerBoundaryIs>
            <LinearRing>
              <coordinates>8.44399991750004,39.0143995901795 8.44409070551789,39.0146809883406 8.44433489007894,39.0149883396432 8.44439985462778,39.0150408954559 8.44551893249085,39.0153627912755 8.44578204969798,39.0155246917795 8.4463091036034,39.0158460709167 8.44690622737123,39.0160239364081 8.44696427577619,39.0156763934805 8.44702815945636,39.0152662422229 8.44699471773437,39.0151169143175 8.44688796078543,39.0146317563681 8.44679305967939,39.0139683434261 8.44675461474991,39.0136445913593 8.44651312632804,39.0133521351206 8.44620311915653,39.0129744505676 8.44602815029789,39.0127695905391 8.44583788254377,39.0129102953262 8.44554975976051,39.0131190907107 8.44555896774859,39.0131379946804 8.4456465464877,39.0132453095236 8.44551563847965,39.0133173973384 8.44530185809714,39.0134351373173 8.44491548944762,39.0134926993457 8.4448063237471,39.0136230924003 8.4447737593927,39.0136619822975 8.44434010454593,39.013874091391 8.44431903016559,39.0138955724631 8.44415948320808,39.0141435084773 8.44415486026529,39.0141630314517 8.44408493160713,39.0142650728139 8.44399991750004,39.0143995901795</coordinates>
            </LinearRing>
          </outerBoundaryIs>
        </Polygon>
      </Placemark>
      <Placemark xmlns="http://www.opengis.net/kml/2.2">
        <styleUrl>#Parti singole_style_map</styleUrl>
        <name>T02400</name>
        <Polygon>
          <outerBoundaryIs>
            <LinearRing>
              <coordinates>8.44347633796762,39.0133728394088 8.44367738372744,39.0136628651633 8.44402220233717,39.0140482376119 8.44399991750004,39.0143995901795 8.44408493160713,39.0142650728139 8.44415486026529,39.0141630314517 8.44415948320808,39.0141435084773 8.44431903016559,39.0138955724631 8.44434010454593,39.013874091391 8.4447737593927,39.0136619822975 8.4448063237471,39.0136230924003 8.44440774553882,39.0135640453761 8.44458486655452,39.0133106238749 8.44451134313868,39.0132331838426 8.44465367082691,39.0130804844199 8.44454877841286,39.0129497656844 8.44458366582463,39.0127881831121 8.44421881730418,39.0125818839639 8.44401637117104,39.0128421767638 8.44355338264981,39.0131189507161 8.44347633796762,39.0133728394088</coordinates>
            </LinearRing>
          </outerBoundaryIs>
        </Polygon>
      </Placemark>
      <Placemark xmlns="http://www.opengis.net/kml/2.2">
        <styleUrl>#Parti singole_style_map</styleUrl>
        <name>T02401</name>
        <Polygon>
          <outerBoundaryIs>
            <LinearRing>
              <coordinates>8.44440774553882,39.0135640453761 8.4448063237471,39.0136230924003 8.44491548944762,39.0134926993457 8.44530185809714,39.0134351373173 8.44551563847965,39.0133173973384 8.44518462857842,39.013127112631 8.44458366582463,39.0127881831121 8.44454877841286,39.0129497656844 8.44465367082691,39.0130804844199 8.44451134313868,39.0132331838426 8.44458486655452,39.0133106238749 8.44440774553882,39.0135640453761</coordinates>
            </LinearRing>
          </outerBoundaryIs>
        </Polygon>
      </Placemark>
      <Placemark xmlns="http://www.opengis.net/kml/2.2">
        <styleUrl>#Parti singole_style_map</styleUrl>
        <name>T02403</name>
        <Polygon>
          <outerBoundaryIs>
            <LinearRing>
              <coordinates>8.4463203692059,39.012522480292 8.44648692927534,39.0128162482911 8.44688908320172,39.0135512979692 8.44709827040793,39.013927871799 8.44735761130359,39.0138165982012 8.44768306393299,39.0137915938847 8.44780079760876,39.0137588196335 8.44773892527849,39.0132019305098 8.44750585794589,39.0127488036597 8.44711037739052,39.012007903418 8.44646958772249,39.012113527337 8.44635657586293,39.0124281260567 8.4463203692059,39.012522480292</coordinates>
            </LinearRing>
          </outerBoundaryIs>
        </Polygon>
      </Placemark>
      <Placemark xmlns="http://www.opengis.net/kml/2.2">
        <styleUrl>#Parti singole_style_map</styleUrl>
        <name>T02428</name>
        <Polygon>
          <outerBoundaryIs>
            <LinearRing>
              <coordinates>8.44817719132947,39.0123727520766 8.44845871269552,39.0129881260007 8.44850496723755,39.0132204881373 8.4486007998912,39.013733266087 8.44864489644733,39.0139907678418 8.44881986908802,39.0143318083021 8.44893631042472,39.0145710801143 8.44890169129956,39.0149282956193 8.44955704905018,39.0145496736911 8.44977501263392,39.0141377791647 8.44982293201415,39.0137225857761 8.44970214769238,39.0131807744911 8.44964453521034,39.0131092699801 8.44963525694178,39.0130933306422 8.4493533080076,39.012609086706 8.44891706410381,39.0122499344839 8.44832956366984,39.012009840213 8.44799349276589,39.0119829553618 8.44817719132947,39.0123727520766</coordinates>
            </LinearRing>
          </outerBoundaryIs>
        </Polygon>
      </Placemark>
      <Placemark xmlns="http://www.opengis.net/kml/2.2">
        <styleUrl>#Parti singole_style_map</styleUrl>
        <name>T02404</name>
        <Polygon>
          <outerBoundaryIs>
            <LinearRing>
              <coordinates>8.44993382438617,39.0164181677021 8.44995724562243,39.0165855236781 8.45069038940243,39.0162420542399 8.45068800333996,39.0162324642284 8.45068749726059,39.016223234507 8.45068579392402,39.0162134855131 8.45068312154671,39.0162035787649 8.45067932125444,39.0161946398976 8.45067459379808,39.0161861021597 8.45066907913793,39.0161762991621 8.45066405988715,39.0161666606981 8.45065920959781,39.0161560858785 8.4506551883202,39.0161473442127 8.45065184149656,39.0161380200052 8.45064800942118,39.0161287115332 8.4506451666269,39.0161199303649 8.450642554979,39.0161111322636 8.45063995481228,39.0161023432274 8.45063675810821,39.0160915329 8.45063358164518,39.0160810921219 8.45063063765426,39.0160704632067 8.45062794644516,39.016060006693 8.45062480037969,39.0160501157332 8.45062209755213,39.0160396681755 8.45061970829592,39.0160304926566 8.45061753996108,39.0160211289462 8.45061513039632,39.0160115928887 8.45061248836118,39.016002244968 8.45060953429148,39.0159914267721 8.45060644888145,39.0159826534704 8.45060381700332,39.0159734858188 8.45060120669141,39.0159645165123 8.45059903836093,39.0159551528015 8.45059636600505,39.015945246051 8.45059295847889,39.0159348131937 8.45059010561389,39.0159258427439 8.45058790689142,39.0159159292142 8.4505852547085,39.0159064010235 8.45058185734054,39.0158961484351 8.45057805707706,39.0158872095643 8.45057471027544,39.0158778853544 8.4505713634049,39.0158685701551 8.45056820720077,39.0158584989243 8.45056622078408,39.0158480186972 8.45056472684264,39.0158380814553 8.45056351747152,39.0158286862189 8.4505618330049,39.0158194869869 8.45055986676001,39.0158093853197 8.45055902061953,39.0158052903053 8.44985759006925,39.015956260922 8.44993382438617,39.0164181677021</coordinates>
            </LinearRing>
          </outerBoundaryIs>
        </Polygon>
      </Placemark>
      <Placemark xmlns="http://www.opengis.net/kml/2.2">
        <styleUrl>#Parti singole_style_map</styleUrl>
        <name>T02429</name>
        <Polygon>
          <outerBoundaryIs>
            <LinearRing>
              <coordinates>8.44999220076986,39.012046360137 8.45004539737698,39.0121421285103 8.45014738851656,39.0122459666394 8.4505045476071,39.0120332770625 8.4503237226209,39.011862926267 8.45031712258769,39.0118650578072 8.45033174519725,39.0119008106184 8.45027988631515,39.0119156146026 8.45026639844719,39.0118824803483 8.44999220076986,39.012046360137</coordinates>
            </LinearRing>
          </outerBoundaryIs>
        </Polygon>
      </Placemark>
      <Placemark xmlns="http://www.opengis.net/kml/2.2">
        <styleUrl>#Parti singole_style_map</styleUrl>
        <name>T02405</name>
        <Polygon>
          <outerBoundaryIs>
            <LinearRing>
              <coordinates>8.44971469460305,39.0159877560353 8.44985759006925,39.015956260922 8.45055902061953,39.0158052903053 8.45055792951442,39.0158000136859 8.45055577274467,39.0157906500286 8.45055283746628,39.0157803906059 8.45055023739209,39.0157715925567 8.45054782644888,39.0157622367123 8.45054589060168,39.0157526848634 8.45054393451545,39.0157427634651 8.45054217918009,39.0157322753155 8.45054020292519,39.015721975357 8.45053755075563,39.015712447165 8.45053423429161,39.0157036817831 8.45053066511875,39.0156947349886 8.45052637093343,39.0156854423561 8.45052257068792,39.0156765034833 8.45051925429717,39.0156677290902 8.45051639998639,39.0156589478639 8.45051329582796,39.0156496157845 8.45051106680022,39.0156391434236 8.45050721592588,39.0156292851823 8.45050357595744,39.0156190404588 8.45050049057618,39.0156102671539 8.45049853456978,39.015600336744 8.45049729335184,39.0155905809136 8.45049560021008,39.0155810121854 8.45049410628372,39.0155710749423 8.45049167651091,39.0155611693323 8.45048976098543,39.0155519780209 8.4504871392224,39.0155429996462 8.45048427623148,39.0155338489241 8.45048047599917,39.0155249100498 8.45047642305892,39.0155157897627 8.45047210858238,39.0155061365894 8.45046750098984,39.0154955538938 8.45046346822216,39.0154868121664 8.45045912349524,39.0154765911524 8.45045483941679,39.0154674877971 8.45045081827221,39.0154587371129 8.45044608942577,39.0154503885908 8.45044017349225,39.0154417010628 8.45043448863391,39.0154330056128 8.45042969038584,39.0154231789469 8.45042636246786,39.0154144044965 8.45042255209478,39.0154052853509 8.4504191749425,39.0153954113174 8.45041650263191,39.0153855045622 8.45041337825941,39.0153758029305 8.45041000979832,39.0153662983916 8.45040643196907,39.0153569820981 8.45040237904769,39.0153478618083 8.45040736615099,39.0153392707337 8.45041259448075,39.0153308520064 8.45041661415831,39.0153218959278 8.45041800709454,39.0153120624032 8.45041466082878,39.0153026751129 8.45041274699494,39.0152932675421 8.45041270889615,39.0152832740831 8.45041601378639,39.0152741434244 8.45042535480706,39.0152686186165 8.45042936718661,39.0152591128276 8.45043172335455,39.0152501849507 8.45043528087878,39.0152412447149 8.45044191999302,39.0152326163708 8.45044978052652,39.0152258590761 8.45044967964582,39.0152254621134 8.45060653385417,39.01498713764 8.45061735392603,39.0149621378464 8.45062495987708,39.0149494680758 8.45063969511561,39.0149260186122 8.45064574722042,39.0149200998228 8.45065323975363,39.0149071591836 8.45065100298342,39.0148976870168 8.45064917310439,39.014895335515 8.45068289136605,39.0147771790043 8.45069109850765,39.0147614482967 8.45070559431216,39.0147390790245 8.45073294766727,39.0147119944598 8.45074087775213,39.0147022097517 8.45074192632702,39.0147010432523 8.45082632551865,39.0141533873398 8.44945223461044,39.0151130736801 8.44971469460305,39.0159877560353</coordinates>
            </LinearRing>
          </outerBoundaryIs>
        </Polygon>
      </Placemark>
      <Placemark xmlns="http://www.opengis.net/kml/2.2">
        <styleUrl>#Parti singole_style_map</styleUrl>
        <name>T02431</name>
        <Polygon>
          <outerBoundaryIs>
            <LinearRing>
              <coordinates>8.4459315058034,39.0180906281838 8.44603611343523,39.0185978716403 8.44605506023002,39.0182897832042 8.44612015494411,39.0176781599455 8.44600419798706,39.0176466649594 8.4459315058034,39.0180906281838</coordinates>
            </LinearRing>
          </outerBoundaryIs>
        </Polygon>
      </Placemark>
      <Placemark xmlns="http://www.opengis.net/kml/2.2">
        <styleUrl>#Parti singole_style_map</styleUrl>
        <name>T02406</name>
        <Polygon>
          <outerBoundaryIs>
            <LinearRing>
              <coordinates>8.44466363040317,39.0116012377127 8.44615008921913,39.0120277293548 8.4464141303385,39.0119780167743 8.44636266776226,39.0119285899444 8.44610015972848,39.0117893113774 8.44578427644578,39.0116371990347 8.44547277560027,39.0113722879986 8.44523910425988,39.0111792764273 8.44512356015809,39.010920604252 8.44532522074763,39.0106930879858 8.44524083134584,39.0103466790784 8.44514070276947,39.0099453177154 8.44520545953515,39.0098776823531 8.44516119333336,39.0098210533297 8.44492746413894,39.0094826200209 8.44470781359274,39.0097541321679 8.44469925801789,39.0099161466637 8.44468163916265,39.0100762617026 8.4449213427887,39.0106388294284 8.44473122086972,39.0108115405123 8.4447235854428,39.011108356067 8.44471575578449,39.0114270315529 8.44466363040317,39.0116012377127</coordinates>
            </LinearRing>
          </outerBoundaryIs>
        </Polygon>
      </Placemark>
      <Placemark xmlns="http://www.opengis.net/kml/2.2">
        <styleUrl>#Parti singole_style_map</styleUrl>
        <name>T02432</name>
        <Polygon>
          <outerBoundaryIs>
            <LinearRing>
              <coordinates>8.44619848674192,39.0192786811863 8.44622444945759,39.0192659367178 8.44627669356021,39.0192477946507 8.44623731332451,39.0191622636224 8.44633614978307,39.01913080005 8.44628436003407,39.0189173939419 8.44620837274981,39.0186056195733 8.44603611343523,39.0185978716403 8.44619848674192,39.0192786811863</coordinates>
            </LinearRing>
          </outerBoundaryIs>
        </Polygon>
      </Placemark>
      <Placemark xmlns="http://www.opengis.net/kml/2.2">
        <styleUrl>#Parti singole_style_map</styleUrl>
        <name>T02433</name>
        <Polygon>
          <outerBoundaryIs>
            <LinearRing>
              <coordinates>8.44603611343523,39.0185978716403 8.44600481286781,39.0190856360616 8.44602322075665,39.0193170105452 8.44603088309656,39.0193608947981 8.44609432666551,39.0193303840772 8.44603062656269,39.0192302393256 8.44617431419758,39.0191773297679 8.44603611343523,39.0185978716403</coordinates>
            </LinearRing>
          </outerBoundaryIs>
        </Polygon>
      </Placemark>
      <Placemark xmlns="http://www.opengis.net/kml/2.2">
        <styleUrl>#Parti singole_style_map</styleUrl>
        <name>T02434</name>
        <Polygon>
          <outerBoundaryIs>
            <LinearRing>
              <coordinates>8.44605506023002,39.0182897832042 8.44613144611108,39.0182899659189 8.44608953058179,39.0181179167174 8.44616688095343,39.0176926644779 8.44627007034198,39.0171134185863 8.44618300242792,39.0171234308053 8.44612015494411,39.0176781599455 8.44605506023002,39.0182897832042</coordinates>
            </LinearRing>
          </outerBoundaryIs>
        </Polygon>
      </Placemark>
      <Placemark xmlns="http://www.opengis.net/kml/2.2">
        <styleUrl>#Parti singole_style_map</styleUrl>
        <name>T02435</name>
        <Polygon>
          <outerBoundaryIs>
            <LinearRing>
              <coordinates>8.44618300242792,39.0171234308053 8.44627007034198,39.0171134185863 8.44629874807273,39.0169524909572 8.4464240832044,39.0168048721146 8.44618552457409,39.0168239959669 8.44618300242792,39.0171234308053</coordinates>
            </LinearRing>
          </outerBoundaryIs>
        </Polygon>
      </Placemark>
      <Placemark xmlns="http://www.opengis.net/kml/2.2">
        <styleUrl>#Parti singole_style_map</styleUrl>
        <name>T02436</name>
        <Polygon>
          <outerBoundaryIs>
            <LinearRing>
              <coordinates>8.44618552457409,39.0168239959669 8.4464240832044,39.0168048721146 8.44649846106651,39.0167172592157 8.44711474694211,39.0163196145271 8.4471274412521,39.016307753084 8.4471773686762,39.0162611503082 8.44770620509841,39.0158668543565 8.44816796841145,39.0155503374533 8.44816793357305,39.0154048174946 8.44808213845685,39.0153940576337 8.44741168852133,39.0158872474994 8.4463415454226,39.0166473901918 8.44618579952011,39.0168094894522 8.44618552457409,39.0168239959669</coordinates>
            </LinearRing>
          </outerBoundaryIs>
        </Polygon>
      </Placemark>
      <Placemark xmlns="http://www.opengis.net/kml/2.2">
        <styleUrl>#Parti singole_style_map</styleUrl>
        <name>T02437</name>
        <Polygon>
          <outerBoundaryIs>
            <LinearRing>
              <coordinates>8.44618579952011,39.0168094894522 8.4463415454226,39.0166473901918 8.44741168852133,39.0158872474994 8.44808213845685,39.0153940576337 8.44751373390558,39.0153227189659 8.44702815945636,39.0152662422229 8.44696427577619,39.0156763934805 8.44690622737123,39.0160239364081 8.4463091036034,39.0158460709167 8.44619613535469,39.016229676244 8.44618579952011,39.0168094894522</coordinates>
            </LinearRing>
          </outerBoundaryIs>
        </Polygon>
      </Placemark>
      <Placemark xmlns="http://www.opengis.net/kml/2.2">
        <styleUrl>#Parti singole_style_map</styleUrl>
        <name>T02438</name>
        <Polygon>
          <outerBoundaryIs>
            <LinearRing>
              <coordinates>8.44816796841145,39.0155503374533 8.44835859490468,39.0154425570883 8.4483305043641,39.0152449014722 8.44814550964881,39.0153474369782 8.44808213845685,39.0153940576337 8.44816793357305,39.0154048174946 8.44816796841145,39.0155503374533</coordinates>
            </LinearRing>
          </outerBoundaryIs>
        </Polygon>
      </Placemark>
      <Placemark xmlns="http://www.opengis.net/kml/2.2">
        <styleUrl>#Parti singole_style_map</styleUrl>
        <name>T02439</name>
        <Polygon>
          <outerBoundaryIs>
            <LinearRing>
              <coordinates>8.44620311915653,39.0129744505676 8.44651312632804,39.0133521351206 8.44675461474991,39.0136445913593 8.44679305967939,39.0139683434261 8.44688796078543,39.0146317563681 8.44699471773437,39.0151169143175 8.44702815945636,39.0152662422229 8.44751373390558,39.0153227189659 8.44808213845685,39.0153940576337 8.44814550964881,39.0153474369782 8.4483305043641,39.0152449014722 8.44823232952402,39.014544645988 8.4481200839791,39.0138345377089 8.44800806063605,39.0130753559785 8.44782262294418,39.0127768420117 8.44740001916213,39.0120952963957 8.44732479419051,39.0119736056648 8.44711037739052,39.012007903418 8.44750585794589,39.0127488036597 8.44773892527849,39.0132019305098 8.44780079760876,39.0137588196335 8.44768306393299,39.0137915938847 8.44735761130359,39.0138165982012 8.44709827040793,39.013927871799 8.44688908320172,39.0135512979692 8.44648692927534,39.0128162482911 8.4463203692059,39.012522480292 8.44622792531438,39.0126211990937 8.44602815029789,39.0127695905391 8.44620311915653,39.0129744505676</coordinates>
            </LinearRing>
          </outerBoundaryIs>
        </Polygon>
      </Placemark>
      <Placemark xmlns="http://www.opengis.net/kml/2.2">
        <styleUrl>#Parti singole_style_map</styleUrl>
        <name>T02440</name>
        <Polygon>
          <outerBoundaryIs>
            <LinearRing>
              <coordinates>8.44711037739052,39.012007903418 8.44732479419051,39.0119736056648 8.44723227736632,39.0118239616373 8.44703229545873,39.0118616167321 8.44711037739052,39.012007903418</coordinates>
            </LinearRing>
          </outerBoundaryIs>
        </Polygon>
      </Placemark>
      <Placemark xmlns="http://www.opengis.net/kml/2.2">
        <styleUrl>#Parti singole_style_map</styleUrl>
        <name>T02441</name>
        <Polygon>
          <outerBoundaryIs>
            <LinearRing>
              <coordinates>8.44703229545873,39.0118616167321 8.44723227736632,39.0118239616373 8.44715470323489,39.011698475002 8.44698707880351,39.0117769144017 8.44703229545873,39.0118616167321</coordinates>
            </LinearRing>
          </outerBoundaryIs>
        </Polygon>
      </Placemark>
      <Placemark xmlns="http://www.opengis.net/kml/2.2">
        <styleUrl>#Parti singole_style_map</styleUrl>
        <name>T02442</name>
        <Polygon>
          <outerBoundaryIs>
            <LinearRing>
              <coordinates>8.44646958772249,39.012113527337 8.44711037739052,39.012007903418 8.44703229545873,39.0118616167321 8.44673753310817,39.0119171232276 8.4464980823858,39.0120586590146 8.44647684848075,39.0120933409553 8.44646958772249,39.012113527337</coordinates>
            </LinearRing>
          </outerBoundaryIs>
        </Polygon>
      </Placemark>
      <Placemark xmlns="http://www.opengis.net/kml/2.2">
        <styleUrl>#Parti singole_style_map</styleUrl>
        <name>T02443</name>
        <Polygon>
          <outerBoundaryIs>
            <LinearRing>
              <coordinates>8.44673753310817,39.0119171232276 8.44703229545873,39.0118616167321 8.44698707880351,39.0117769144017 8.4467793637887,39.0118923970943 8.44673753310817,39.0119171232276</coordinates>
            </LinearRing>
          </outerBoundaryIs>
        </Polygon>
      </Placemark>
      <Placemark xmlns="http://www.opengis.net/kml/2.2">
        <styleUrl>#Parti singole_style_map</styleUrl>
        <name>T02444</name>
        <Polygon>
          <outerBoundaryIs>
            <LinearRing>
              <coordinates>8.4483513520465,39.0153936107191 8.44835859490468,39.0154425570883 8.44862554743902,39.0152916409762 8.44861889789488,39.0151782141964 8.44861435834839,39.0150875683733 8.4483305043641,39.0152449014722 8.4483513520465,39.0153936107191</coordinates>
            </LinearRing>
          </outerBoundaryIs>
        </Polygon>
      </Placemark>
      <Placemark xmlns="http://www.opengis.net/kml/2.2">
        <styleUrl>#Parti singole_style_map</styleUrl>
        <name>T02445</name>
        <Polygon>
          <outerBoundaryIs>
            <LinearRing>
              <coordinates>8.44740001916213,39.0120952963957 8.44782262294418,39.0127768420117 8.44800806063605,39.0130753559785 8.4481200839791,39.0138345377089 8.44823232952402,39.014544645988 8.4483305043641,39.0152449014722 8.44861435834839,39.0150875683733 8.44858047778978,39.0144116677802 8.44837953773215,39.0139670209315 8.4482765608098,39.013572560467 8.44804779859707,39.0127034678054 8.44782461121516,39.0123328216537 8.44759870207069,39.0119604680788 8.44743074692967,39.0119508322824 8.44732479419051,39.0119736056648 8.44740001916213,39.0120952963957</coordinates>
            </LinearRing>
          </outerBoundaryIs>
        </Polygon>
      </Placemark>
      <Placemark xmlns="http://www.opengis.net/kml/2.2">
        <styleUrl>#Parti singole_style_map</styleUrl>
        <name>T02446</name>
        <Polygon>
          <outerBoundaryIs>
            <LinearRing>
              <coordinates>8.44732479419051,39.0119736056648 8.44743074692967,39.0119508322824 8.44759870207069,39.0119604680788 8.44749747140616,39.0117936078589 8.44742648711547,39.0117873962144 8.44723227736632,39.0118239616373 8.44732479419051,39.0119736056648</coordinates>
            </LinearRing>
          </outerBoundaryIs>
        </Polygon>
      </Placemark>
      <Placemark xmlns="http://www.opengis.net/kml/2.2">
        <styleUrl>#Parti singole_style_map</styleUrl>
        <name>T02447</name>
        <Polygon>
          <outerBoundaryIs>
            <LinearRing>
              <coordinates>8.44723227736632,39.0118239616373 8.44742648711547,39.0117873962144 8.44749747140616,39.0117936078589 8.44748853108727,39.0117788504009 8.44737766865864,39.0115941385378 8.44715470323489,39.011698475002 8.44723227736632,39.0118239616373</coordinates>
            </LinearRing>
          </outerBoundaryIs>
        </Polygon>
      </Placemark>
      <Placemark xmlns="http://www.opengis.net/kml/2.2">
        <styleUrl>#Parti singole_style_map</styleUrl>
        <name>T02448</name>
        <Polygon>
          <outerBoundaryIs>
            <LinearRing>
              <coordinates>8.44861889789488,39.0151782141964 8.44862554743902,39.0152916409762 8.4488778693661,39.015148990325 8.44889128263486,39.0150355772999 8.44890169129956,39.0149282956193 8.44861435834839,39.0150875683733 8.44861889789488,39.0151782141964</coordinates>
            </LinearRing>
          </outerBoundaryIs>
        </Polygon>
      </Placemark>
      <Placemark xmlns="http://www.opengis.net/kml/2.2">
        <styleUrl>#Parti singole_style_map</styleUrl>
        <name>T02449</name>
        <Polygon>
          <outerBoundaryIs>
            <LinearRing>
              <coordinates>8.44782461121516,39.0123328216537 8.44804779859707,39.0127034678054 8.4482765608098,39.013572560467 8.44837953773215,39.0139670209315 8.44858047778978,39.0144116677802 8.44861435834839,39.0150875683733 8.44890169129956,39.0149282956193 8.44893631042472,39.0145710801143 8.44881986908802,39.0143318083021 8.44864489644733,39.0139907678418 8.4486007998912,39.013733266087 8.44850496723755,39.0132204881373 8.44845871269552,39.0129881260007 8.44817719132947,39.0123727520766 8.44799349276589,39.0119829553618 8.44759870207069,39.0119604680788 8.44782461121516,39.0123328216537</coordinates>
            </LinearRing>
          </outerBoundaryIs>
        </Polygon>
      </Placemark>
      <Placemark xmlns="http://www.opengis.net/kml/2.2">
        <styleUrl>#Parti singole_style_map</styleUrl>
        <name>T02450</name>
        <Polygon>
          <outerBoundaryIs>
            <LinearRing>
              <coordinates>8.44759870207069,39.0119604680788 8.44799349276589,39.0119829553618 8.44792177286767,39.0118307610893 8.44749747140616,39.0117936078589 8.44759870207069,39.0119604680788</coordinates>
            </LinearRing>
          </outerBoundaryIs>
        </Polygon>
      </Placemark>
      <Placemark xmlns="http://www.opengis.net/kml/2.2">
        <styleUrl>#Parti singole_style_map</styleUrl>
        <name>T02451</name>
        <Polygon>
          <outerBoundaryIs>
            <LinearRing>
              <coordinates>8.44748853108727,39.0117788504009 8.44749747140616,39.0117936078589 8.44792177286767,39.0118307610893 8.4478777889091,39.0117374233156 8.44769630434267,39.0114880021394 8.44749493642968,39.0115525134879 8.44737766865864,39.0115941385378 8.44748853108727,39.0117788504009</coordinates>
            </LinearRing>
          </outerBoundaryIs>
        </Polygon>
      </Placemark>
      <Placemark xmlns="http://www.opengis.net/kml/2.2">
        <styleUrl>#Parti singole_style_map</styleUrl>
        <name>T02452</name>
        <Polygon>
          <outerBoundaryIs>
            <LinearRing>
              <coordinates>8.44603611343523,39.0185978716403 8.44620837274981,39.0186056195733 8.44613144611108,39.0182899659189 8.44605506023002,39.0182897832042 8.44603611343523,39.0185978716403</coordinates>
            </LinearRing>
          </outerBoundaryIs>
        </Polygon>
      </Placemark>
      <Placemark xmlns="http://www.opengis.net/kml/2.2">
        <styleUrl>#Parti singole_style_map</styleUrl>
        <name>T02453</name>
        <Polygon>
          <outerBoundaryIs>
            <LinearRing>
              <coordinates>8.44975789180052,39.0028793597655 8.44967111469891,39.0030195232198 8.44998775862335,39.0031262669418 8.45014731946461,39.002818479785 8.4499989738391,39.002841389143 8.45005478050467,39.0028975211554 8.44998050294806,39.0029448394482 8.44999747135511,39.0029607790161 8.4498899983163,39.0030295672696 8.44979552298684,39.0029411732207 8.44992844005527,39.0028526806981 8.44975789180052,39.0028793597655</coordinates>
            </LinearRing>
          </outerBoundaryIs>
        </Polygon>
      </Placemark>
      <Placemark xmlns="http://www.opengis.net/kml/2.2">
        <styleUrl>#Parti singole_style_map</styleUrl>
        <name>T02454</name>
        <Polygon>
          <outerBoundaryIs>
            <LinearRing>
              <coordinates>8.44975789180052,39.0028793597655 8.44992844005527,39.0028526806981 8.44997742948944,39.0028198411114 8.4499989738391,39.002841389143 8.45014731946461,39.002818479785 8.45016662167883,39.0027865814388 8.44985697306198,39.0026863591931 8.44975789180052,39.0028793597655</coordinates>
            </LinearRing>
          </outerBoundaryIs>
        </Polygon>
      </Placemark>
      <Placemark xmlns="http://www.opengis.net/kml/2.2">
        <styleUrl>#Parti singole_style_map</styleUrl>
        <name>T02455</name>
        <Polygon>
          <outerBoundaryIs>
            <LinearRing>
              <coordinates>8.4488778693661,39.015148990325 8.44946876303468,39.0148243288314 8.44973432856585,39.0146342054357 8.44993778431735,39.014231217161 8.44999220017622,39.013885277434 8.45000659121656,39.0138138424499 8.4499893217041,39.0135860781499 8.44984967184601,39.0130848720157 8.44964453521034,39.0131092699801 8.44970214769238,39.0131807744911 8.44982293201415,39.0137225857761 8.44977501263392,39.0141377791647 8.44955704905018,39.0145496736911 8.44890169129956,39.0149282956193 8.44889128263486,39.0150355772999 8.4488778693661,39.015148990325</coordinates>
            </LinearRing>
          </outerBoundaryIs>
        </Polygon>
      </Placemark>
      <Placemark xmlns="http://www.opengis.net/kml/2.2">
        <styleUrl>#Parti singole_style_map</styleUrl>
        <name>T02456</name>
        <Polygon>
          <outerBoundaryIs>
            <LinearRing>
              <coordinates>8.44799349276589,39.0119829553618 8.44832956366984,39.012009840213 8.44891706410381,39.0122499344839 8.4493533080076,39.012609086706 8.44963525694178,39.0130933306422 8.44965200443139,39.0129012665337 8.44944817137786,39.0125731119561 8.44943180720653,39.0124819957718 8.44902747611571,39.0121333123432 8.44840664808089,39.0118732275665 8.44792177286767,39.0118307610893 8.44799349276589,39.0119829553618</coordinates>
            </LinearRing>
          </outerBoundaryIs>
        </Polygon>
      </Placemark>
      <Placemark xmlns="http://www.opengis.net/kml/2.2">
        <styleUrl>#Parti singole_style_map</styleUrl>
        <name>T02457</name>
        <Polygon>
          <outerBoundaryIs>
            <LinearRing>
              <coordinates>8.4478777889091,39.0117374233156 8.44792177286767,39.0118307610893 8.44840664808089,39.0118732275665 8.44902747611571,39.0121333123432 8.44943180720653,39.0124819957718 8.44927279513114,39.0113749187196 8.44916589501261,39.0111271046459 8.44852642724529,39.0111740209559 8.44817544207995,39.0113262964274 8.44769630434267,39.0114880021394 8.4478777889091,39.0117374233156</coordinates>
            </LinearRing>
          </outerBoundaryIs>
        </Polygon>
      </Placemark>
      <Placemark xmlns="http://www.opengis.net/kml/2.2">
        <styleUrl>#Parti singole_style_map</styleUrl>
        <name>T02458</name>
        <Polygon>
          <outerBoundaryIs>
            <LinearRing>
              <coordinates>8.44944817137786,39.0125731119561 8.44965200443139,39.0129012665337 8.44963525694178,39.0130933306422 8.44964453521034,39.0131092699801 8.44984967184601,39.0130848720157 8.44953288207488,39.012560959533 8.44943180720653,39.0124819957718 8.44944817137786,39.0125731119561</coordinates>
            </LinearRing>
          </outerBoundaryIs>
        </Polygon>
      </Placemark>
      <Placemark xmlns="http://www.opengis.net/kml/2.2">
        <styleUrl>#Parti singole_style_map</styleUrl>
        <name>T02459</name>
        <Polygon>
          <outerBoundaryIs>
            <LinearRing>
              <coordinates>8.44445042562387,39.0172238337081 8.44483664832023,39.017330760644 8.44531226700165,39.0174581072427 8.44544898555544,39.0172451052548 8.44563024675865,39.0169562885342 8.44570276109344,39.0168175655159 8.44536663799367,39.0164488198965 8.44534090478096,39.0164574382046 8.44492117839145,39.0165113001187 8.44479540370126,39.0167782308123 8.44460189206328,39.017027663575 8.44445042562387,39.0172238337081</coordinates>
            </LinearRing>
          </outerBoundaryIs>
        </Polygon>
      </Placemark>
      <Placemark xmlns="http://www.opengis.net/kml/2.2">
        <styleUrl>#Parti singole_style_map</styleUrl>
        <name>T02460</name>
        <Polygon>
          <outerBoundaryIs>
            <LinearRing>
              <coordinates>8.44536663799367,39.0164488198965 8.44570276109344,39.0168175655159 8.44584755444889,39.0165405597561 8.44589987840065,39.0162907512865 8.44588434669281,39.0162621303958 8.44543841766378,39.0164247774141 8.44536663799367,39.0164488198965</coordinates>
            </LinearRing>
          </outerBoundaryIs>
        </Polygon>
      </Placemark>
      <Placemark xmlns="http://www.opengis.net/kml/2.2">
        <styleUrl>#Parti singole_style_map</styleUrl>
        <name>T02407</name>
        <Polygon>
          <outerBoundaryIs>
            <LinearRing>
              <coordinates>8.43286528891778,39.0116969265573 8.43297927711522,39.0116418466376 8.43342927584676,39.0115160681108 8.43385370734993,39.0114069152738 8.43409212800463,39.0112989306886 8.43445260123156,39.0113207204905 8.43495456038158,39.0110496412374 8.43514851952798,39.0109449533035 8.43569142102204,39.0105674051093 8.43575780095888,39.0105045497383 8.43598271960913,39.0102781444459 8.43614858113126,39.0101973424218 8.43643770446943,39.0100652232434 8.43658506059408,39.0099584513288 8.43670374611625,39.009841970942 8.43694765675335,39.0095969034584 8.43711598042132,39.009425217198 8.43759609835428,39.0090871497706 8.43804837046348,39.0087674548785 8.43852835947908,39.0083087876578 8.43904004860151,39.0078204803068 8.43945536812311,39.007392982712 8.43975845020906,39.0069899680931 8.43985342214628,39.0067072151207 8.43993566050594,39.0064383500436 8.43968581990845,39.0061542556757 8.43948120427784,39.0059202815762 8.43900097526796,39.0062718821223 8.43857184281539,39.0064589771063 8.43776933657421,39.0068105610771 8.43722251666909,39.0071585980925 8.43719769190151,39.0071898638547 8.4369510794623,39.0074927790829 8.43693989441271,39.0075138290156 8.436758037293,39.0076624534332 8.43660605676816,39.0077820891183 8.43633252536655,39.007999736237 8.43618320217373,39.0081190688201 8.43606272564245,39.0082184730704 8.43582427577618,39.0083681378706 8.43545138752567,39.0085992782374 8.43515820149105,39.0087809182369 8.43482082417146,39.0089917103748 8.43509836733851,39.0092607024889 8.43533907083215,39.0094946516634 8.43550992817057,39.0096641123253 8.43511482867307,39.0099335852507 8.43475462157858,39.0101750573694 8.43401015280273,39.0106768858027 8.43336394681132,39.0111099008921 8.4329886491594,39.0113622335768 8.43270710073416,39.0115552508016 8.43286528891778,39.0116969265573</coordinates>
            </LinearRing>
          </outerBoundaryIs>
        </Polygon>
      </Placemark>
      <Placemark xmlns="http://www.opengis.net/kml/2.2">
        <styleUrl>#Parti singole_style_map</styleUrl>
        <name>T02461</name>
        <Polygon>
          <outerBoundaryIs>
            <LinearRing>
              <coordinates>8.44536663799367,39.0164488198965 8.44543841766378,39.0164247774141 8.4454214047093,39.0164053947737 8.44506291746157,39.0161156049974 8.44536663799367,39.0164488198965</coordinates>
            </LinearRing>
          </outerBoundaryIs>
        </Polygon>
      </Placemark>
      <Placemark xmlns="http://www.opengis.net/kml/2.2">
        <styleUrl>#Parti singole_style_map</styleUrl>
        <name>T02462</name>
        <Polygon>
          <outerBoundaryIs>
            <LinearRing>
              <coordinates>8.4400033373336,39.0120283732547 8.44029900307794,39.0122661445248 8.44050594125498,39.012435239395 8.44087736763451,39.0127346120009 8.44124035517875,39.0130264908143 8.44164273389643,39.0133489695256 8.44165963225058,39.0133606747399 8.4417031670781,39.0133956749797 8.44230360074108,39.0132438376879 8.44246758633375,39.0133032750988 8.44249398249151,39.0132983821613 8.44161953892639,39.0123393658981 8.44143225905562,39.0122139807811 8.4409809777059,39.0119026658342 8.44075322986373,39.011749304431 8.44047426091577,39.0117875695849 8.43983767393519,39.0118938710804 8.4400033373336,39.0120283732547</coordinates>
            </LinearRing>
          </outerBoundaryIs>
        </Polygon>
      </Placemark>
      <Placemark xmlns="http://www.opengis.net/kml/2.2">
        <styleUrl>#Parti singole_style_map</styleUrl>
        <name>T02463</name>
        <Polygon>
          <outerBoundaryIs>
            <LinearRing>
              <coordinates>8.44161953892639,39.0123393658981 8.44249398249151,39.0132983821613 8.4425736913937,39.0132836156907 8.44267038231476,39.0133037401249 8.44282117442947,39.0133783336691 8.44305422990048,39.0133746984262 8.44318461917008,39.0134338121285 8.44322513033441,39.0137924390497 8.44338339341672,39.0140103345837 8.44364716019323,39.0141441104497 8.44346746281882,39.0143659884389 8.44506291746157,39.0161156049974 8.4454214047093,39.0164053947737 8.44543841766378,39.0164247774141 8.44588434669281,39.0162621303958 8.44581217689824,39.016129126378 8.44560816267512,39.0158740532207 8.44524269727358,39.0157087998273 8.44482653459361,39.015427340408 8.44429227585381,39.0149844600059 8.4440538019387,39.0146735854847 8.44396257011168,39.0144193625708 8.44397215900424,39.0140461877212 8.44368571212731,39.0137408687072 8.44355652265802,39.0136567735873 8.44322385384662,39.0134310799235 8.44291153412605,39.0132177376062 8.44256144546214,39.012981073429 8.44224899784769,39.012766872668 8.44188161245877,39.0125183372081 8.44173608934905,39.0124174012734 8.44161953892639,39.0123393658981</coordinates>
            </LinearRing>
          </outerBoundaryIs>
        </Polygon>
      </Placemark>
      <Placemark xmlns="http://www.opengis.net/kml/2.2">
        <styleUrl>#Parti singole_style_map</styleUrl>
        <name>T02464</name>
        <Polygon>
          <outerBoundaryIs>
            <LinearRing>
              <coordinates>8.44334663382859,39.0147237368264 8.44415144523295,39.0153774732943 8.44432443403944,39.0155196546186 8.44493238800889,39.0160100947404 8.44506291746157,39.0161156049974 8.44346746281882,39.0143659884389 8.44340664980917,39.0144410757328 8.44314595047465,39.0145624714803 8.44334663382859,39.0147237368264</coordinates>
            </LinearRing>
          </outerBoundaryIs>
        </Polygon>
      </Placemark>
      <Placemark xmlns="http://www.opengis.net/kml/2.2">
        <styleUrl>#Parti singole_style_map</styleUrl>
        <name>T02465</name>
        <Polygon>
          <outerBoundaryIs>
            <LinearRing>
              <coordinates>8.44105188930302,39.0117083576022 8.44161953892639,39.0123393658981 8.44173608934905,39.0124174012734 8.44188161245877,39.0125183372081 8.44224899784769,39.012766872668 8.44256144546214,39.012981073429 8.44291153412605,39.0132177376062 8.44322385384662,39.0134310799235 8.44355652265802,39.0136567735873 8.44368571212731,39.0137408687072 8.4436276944413,39.0136687285368 8.44341160535835,39.0133425325196 8.44350335513757,39.0130928771787 8.44398372424426,39.0128016784878 8.44416774889894,39.0125515795532 8.44378464123077,39.0123350725531 8.44353178528436,39.0121937887599 8.44335447653465,39.0122604713092 8.44267371526131,39.0120705545325 8.44146386962924,39.0117285163971 8.44105188930302,39.0117083576022</coordinates>
            </LinearRing>
          </outerBoundaryIs>
        </Polygon>
      </Placemark>
      <Placemark xmlns="http://www.opengis.net/kml/2.2">
        <styleUrl>#Parti singole_style_map</styleUrl>
        <name>T02466</name>
        <Polygon>
          <outerBoundaryIs>
            <LinearRing>
              <coordinates>8.4409809777059,39.0119026658342 8.44143225905562,39.0122139807811 8.44161953892639,39.0123393658981 8.44105188930302,39.0117083576022 8.44075322986373,39.011749304431 8.4409809777059,39.0119026658342</coordinates>
            </LinearRing>
          </outerBoundaryIs>
        </Polygon>
      </Placemark>
      <Placemark xmlns="http://www.opengis.net/kml/2.2">
        <styleUrl>#Parti singole_style_map</styleUrl>
        <name>T02467</name>
        <Polygon>
          <outerBoundaryIs>
            <LinearRing>
              <coordinates>8.43923675918287,39.0107217502437 8.43957663368096,39.010951734172 8.43977299101917,39.0110851587224 8.44043226779078,39.0115323546208 8.44082583754195,39.0114570721026 8.44094030019815,39.011584307747 8.44115849895259,39.0115495708893 8.44161294390528,39.0116098427519 8.44163875924611,39.011619977697 8.44263218350545,39.0119099768703 8.4433193804479,39.0121067550153 8.44335596828751,39.0120953324597 8.44304984008523,39.0119223265799 8.44271454464116,39.011733771538 8.44230701297851,39.0115060953473 8.44162275999393,39.0111212191295 8.44117101576669,39.0108665192514 8.44054296443545,39.0105154002376 8.44000419008815,39.0102122401237 8.43994403609562,39.0102565019368 8.43976428999582,39.0103760893996 8.43942879489786,39.0105979244136 8.43930279419844,39.010681707235 8.43923675918287,39.0107217502437</coordinates>
            </LinearRing>
          </outerBoundaryIs>
        </Polygon>
      </Placemark>
      <Placemark xmlns="http://www.opengis.net/kml/2.2">
        <styleUrl>#Parti singole_style_map</styleUrl>
        <name>T02468</name>
        <Polygon>
          <outerBoundaryIs>
            <LinearRing>
              <coordinates>8.44059084419708,39.0116399238957 8.44094030019815,39.011584307747 8.44082583754195,39.0114570721026 8.44043226779078,39.0115323546208 8.44059084419708,39.0116399238957</coordinates>
            </LinearRing>
          </outerBoundaryIs>
        </Polygon>
      </Placemark>
      <Placemark xmlns="http://www.opengis.net/kml/2.2">
        <styleUrl>#Parti singole_style_map</styleUrl>
        <name>T02469</name>
        <Polygon>
          <outerBoundaryIs>
            <LinearRing>
              <coordinates>8.4418673787607,39.0135276714712 8.44221987794976,39.0138162530191 8.44262624184867,39.0141412975171 8.44295123672118,39.014403045536 8.44314595047465,39.0145624714803 8.44340664980917,39.0144410757328 8.44346746281882,39.0143659884389 8.44249398249151,39.0132983821613 8.44246758633375,39.0133032750988 8.44230360074108,39.0132438376879 8.4417031670781,39.0133956749797 8.4418673787607,39.0135276714712</coordinates>
            </LinearRing>
          </outerBoundaryIs>
        </Polygon>
      </Placemark>
      <Placemark xmlns="http://www.opengis.net/kml/2.2">
        <styleUrl>#Parti singole_style_map</styleUrl>
        <name>T02470</name>
        <Polygon>
          <outerBoundaryIs>
            <LinearRing>
              <coordinates>8.44249398249151,39.0132983821613 8.44346746281882,39.0143659884389 8.44364716019323,39.0141441104497 8.44338339341672,39.0140103345837 8.44322513033441,39.0137924390497 8.44318461917008,39.0134338121285 8.44305422990048,39.0133746984262 8.44282117442947,39.0133783336691 8.44267038231476,39.0133037401249 8.4425736913937,39.0132836156907 8.44249398249151,39.0132983821613</coordinates>
            </LinearRing>
          </outerBoundaryIs>
        </Polygon>
      </Placemark>
      <Placemark xmlns="http://www.opengis.net/kml/2.2">
        <styleUrl>#Parti singole_style_map</styleUrl>
        <name>T02408</name>
        <Polygon>
          <outerBoundaryIs>
            <LinearRing>
              <coordinates>8.43165939942808,39.0102720355238 8.43223957589986,39.0111444039039 8.43234202519843,39.0110402481693 8.43241299366149,39.0109557544364 8.43281114796565,39.0106471074396 8.43336352858291,39.0103565730716 8.4339626726318,39.0099961479334 8.43421230791154,39.0096948848811 8.43422698905894,39.0093672773534 8.43455407559975,39.0091583924499 8.43482082417146,39.0089917103748 8.43515820149105,39.0087809182369 8.43545138752567,39.0085992782374 8.43582427577618,39.0083681378706 8.43606272564245,39.0082184730704 8.43618320217373,39.0081190688201 8.43633252536655,39.007999736237 8.43660605676816,39.0077820891183 8.436758037293,39.0076624534332 8.43693989441271,39.0075138290156 8.4369510794623,39.0074927790829 8.43719769190151,39.0071898638547 8.43722251666909,39.0071585980925 8.43776933657421,39.0068105610771 8.43857184281539,39.0064589771063 8.43900097526796,39.0062718821223 8.43948120427784,39.0059202815762 8.43944486177776,39.0058453959576 8.43926511035838,39.0054933246037 8.4392491547206,39.005472215995 8.43919636393965,39.0053640903946 8.4388835730313,39.0050819352251 8.43868971578801,39.0048697822662 8.43845779338677,39.0046154539963 8.4382026890627,39.0049994218884 8.43768378700662,39.005346081872 8.43748461658064,39.0055030673773 8.43708465424881,39.0057968987607 8.43682846492053,39.0059915444747 8.43665012642845,39.0061236594435 8.43636239950444,39.006362702515 8.43617385051717,39.0065252518696 8.43600865617572,39.0066728834074 8.43574450279547,39.0068966480279 8.43536819594599,39.0072216490936 8.43519365211006,39.0073638275244 8.4346866237363,39.0077628948558 8.43440049544422,39.0079866219056 8.43393776794582,39.0082140595666 8.43359516535903,39.0083891749847 8.43332098218702,39.0085756244849 8.43304831987981,39.0087681361705 8.43276671051605,39.0090322327263 8.43252264775287,39.0092658826968 8.43221006741741,39.0095634834917 8.43203933438223,39.0097908123114 8.4318371297473,39.0100452369939 8.43165939942808,39.0102720355238</coordinates>
            </LinearRing>
          </outerBoundaryIs>
        </Polygon>
      </Placemark>
      <Placemark xmlns="http://www.opengis.net/kml/2.2">
        <styleUrl>#Parti singole_style_map</styleUrl>
        <name>T02471</name>
        <Polygon>
          <outerBoundaryIs>
            <LinearRing>
              <coordinates>8.44740389800805,39.0188874351937 8.44740823834047,39.0188515533338 8.44749982348546,39.01873688844 8.44750929783529,39.0186751129625 8.44723997370421,39.0186866680229 8.44716257874944,39.0186751002712 8.4471395404427,39.0186785548614 8.44676759813836,39.0186307573723 8.44620837274981,39.0186056195733 8.44633614978307,39.01913080005 8.44635566625815,39.0192160111501 8.44644050338304,39.0191857913607 8.44641513984199,39.0191402649065 8.4463649053228,39.0191595614972 8.44634641681141,39.0191003402776 8.44638981753239,39.0190894588731 8.44638246766434,39.0190772805003 8.44652291622311,39.0190325413753 8.44669927530167,39.0189826927543 8.44700700409093,39.0189239635116 8.44702666782881,39.0189193049931 8.44726780405481,39.0188945776709 8.44740389800805,39.0188874351937</coordinates>
            </LinearRing>
          </outerBoundaryIs>
        </Polygon>
      </Placemark>
      <Placemark xmlns="http://www.opengis.net/kml/2.2">
        <styleUrl>#Parti singole_style_map</styleUrl>
        <name>T02472</name>
        <Polygon>
          <outerBoundaryIs>
            <LinearRing>
              <coordinates>8.4463649053228,39.0191595614972 8.44641513984199,39.0191402649065 8.44638981753239,39.0190894588731 8.44634641681141,39.0191003402776 8.4463649053228,39.0191595614972</coordinates>
            </LinearRing>
          </outerBoundaryIs>
        </Polygon>
      </Placemark>
      <Placemark xmlns="http://www.opengis.net/kml/2.2">
        <styleUrl>#Parti singole_style_map</styleUrl>
        <name>T02409</name>
        <Polygon>
          <outerBoundaryIs>
            <LinearRing>
              <coordinates>8.4314405364317,39.0098331293092 8.43155446201924,39.0101158305866 8.43165939942808,39.0102720355238 8.4318371297473,39.0100452369939 8.43203933438223,39.0097908123114 8.43221006741741,39.0095634834917 8.43252264775287,39.0092658826968 8.43276671051605,39.0090322327263 8.43304831987981,39.0087681361705 8.43332098218702,39.0085756244849 8.43359516535903,39.0083891749847 8.43393776794582,39.0082140595666 8.43440049544422,39.0079866219056 8.4346866237363,39.0077628948558 8.43519365211006,39.0073638275244 8.43536819594599,39.0072216490936 8.43574450279547,39.0068966480279 8.43600865617572,39.0066728834074 8.43617385051717,39.0065252518696 8.43636239950444,39.006362702515 8.43665012642845,39.0061236594435 8.43682846492053,39.0059915444747 8.43708465424881,39.0057968987607 8.43748461658064,39.0055030673773 8.43768378700662,39.005346081872 8.4382026890627,39.0049994218884 8.43845779338677,39.0046154539963 8.43806131109468,39.0046386125727 8.43779858681841,39.0046049872124 8.43738271127739,39.0045031653428 8.43660953500043,39.0043204356016 8.4364181228954,39.0042465297343 8.43617835888249,39.004156322976 8.43594692125918,39.0040720402455 8.43596183439151,39.0043259186085 8.43584499293425,39.0045717614093 8.43562129026866,39.0050411023919 8.43534070186698,39.005451415153 8.43532911269405,39.0054738867321 8.43529174880306,39.0055294122793 8.43509438702476,39.0057196172934 8.43479914583901,39.0059997466853 8.43461049317862,39.0060430493721 8.43389051119963,39.0061980425994 8.43330046257664,39.00614943586 8.43232769090168,39.0063995459297 8.43204629104546,39.0065589331416 8.43192070643394,39.0067391736787 8.43164576451028,39.007013419558 8.43156523821365,39.0070327882769 8.43155391418455,39.0079592791792 8.4315417107346,39.0087864275403 8.4314405364317,39.0098331293092</coordinates>
            </LinearRing>
          </outerBoundaryIs>
        </Polygon>
      </Placemark>
      <Placemark xmlns="http://www.opengis.net/kml/2.2">
        <styleUrl>#Parti singole_style_map</styleUrl>
        <name>T02410</name>
        <Polygon>
          <outerBoundaryIs>
            <LinearRing>
              <coordinates>8.44131123320125,39.0097057985747 8.44166617440178,39.0098325186275 8.44169121043691,39.0098373963718 8.44182653109426,39.0098867762261 8.4421218664156,39.0100398822972 8.4423776167755,39.0101760106569 8.44269539881656,39.0105390365616 8.44287007440473,39.0107440263823 8.44324332682323,39.0111700149079 8.44348112304128,39.0113150030946 8.44381944737085,39.0114560549912 8.44419957668931,39.0116142640586 8.44427289003851,39.0116445303189 8.44430546110393,39.0116253478022 8.44459800928613,39.0115901478691 8.44464439004707,39.0114504538307 8.44467653451025,39.0108038729354 8.44486145123761,39.0106174042728 8.44463458136453,39.0100871211758 8.44465451258794,39.009756978098 8.44484122737856,39.0094643314305 8.44438616871603,39.0094779420556 8.44170229854436,39.0095525281848 8.44167852639618,39.0095573073607 8.44095696131711,39.0095822435403 8.44131123320125,39.0097057985747</coordinates>
            </LinearRing>
          </outerBoundaryIs>
        </Polygon>
      </Placemark>
      <Placemark xmlns="http://www.opengis.net/kml/2.2">
        <styleUrl>#Parti singole_style_map</styleUrl>
        <name>T02473</name>
        <Polygon>
          <outerBoundaryIs>
            <LinearRing>
              <coordinates>8.44216855932932,39.0190435353561 8.44228562601556,39.0190896914483 8.4426873276133,39.0191254039952 8.44295394980322,39.0191713911988 8.4430349141095,39.0191711652894 8.44369188223254,39.0189025825265 8.44370915581472,39.0188032999412 8.44341557154206,39.018480834394 8.44300648010256,39.0181406141587 8.44286671056726,39.0180113944181 8.44234092690678,39.0184203888391 8.44179910042803,39.0188533455512 8.44216855932932,39.0190435353561</coordinates>
            </LinearRing>
          </outerBoundaryIs>
          <innerBoundaryIs>
            <LinearRing>
              <coordinates>8.44308624093005,39.0188522424381 8.4430908844957,39.0187877182932 8.44317710919147,39.0187914945173 8.44317246570386,39.018856018666 8.44308624093005,39.0188522424381</coordinates>
            </LinearRing>
          </innerBoundaryIs>
        </Polygon>
      </Placemark>
      <Placemark xmlns="http://www.opengis.net/kml/2.2">
        <styleUrl>#Parti singole_style_map</styleUrl>
        <name>T02474</name>
        <Polygon>
          <outerBoundaryIs>
            <LinearRing>
              <coordinates>8.44309389591606,39.0191710055237 8.44324268966483,39.0191456742545 8.44341540594892,39.0190555503144 8.443636815344,39.0189662262079 8.44381403730561,39.0189731362994 8.44383062159071,39.018936711597 8.44370915581472,39.0188032999412 8.44369188223254,39.0189025825265 8.4430349141095,39.0191711652894 8.44309389591606,39.0191710055237</coordinates>
            </LinearRing>
          </outerBoundaryIs>
        </Polygon>
      </Placemark>
      <Placemark xmlns="http://www.opengis.net/kml/2.2">
        <styleUrl>#Parti singole_style_map</styleUrl>
        <name>T02475</name>
        <Polygon>
          <outerBoundaryIs>
            <LinearRing>
              <coordinates>8.44381045939178,39.0188946688992 8.44383062159071,39.018936711597 8.44403810254898,39.0189118394997 8.44434668244542,39.0188496925863 8.44444634449524,39.018782025892 8.44386024274191,39.018236278621 8.44375873815443,39.0186789405309 8.44381045939178,39.0188946688992</coordinates>
            </LinearRing>
          </outerBoundaryIs>
        </Polygon>
      </Placemark>
      <Placemark xmlns="http://www.opengis.net/kml/2.2">
        <styleUrl>#Parti singole_style_map</styleUrl>
        <name>T02411</name>
        <Polygon>
          <outerBoundaryIs>
            <LinearRing>
              <coordinates>8.44702314163239,39.0029788166531 8.44715140838878,39.0029718466054 8.44715848137242,39.0030097267229 8.44721038750452,39.0030459360955 8.44732273726882,39.0030126681195 8.44735051967467,39.002973069915 8.44731744978868,39.0029204776223 8.44729392466571,39.0029086967411 8.44725297359859,39.0028968062088 8.44714958539752,39.0029049035816 8.44700627341817,39.0029234175648 8.44702314163239,39.0029788166531</coordinates>
            </LinearRing>
          </outerBoundaryIs>
        </Polygon>
      </Placemark>
      <Placemark xmlns="http://www.opengis.net/kml/2.2">
        <styleUrl>#Parti singole_style_map</styleUrl>
        <name>T02476</name>
        <Polygon>
          <outerBoundaryIs>
            <LinearRing>
              <coordinates>8.44374377988785,39.0184593686174 8.44375873815443,39.0186789405309 8.44386024274191,39.018236278621 8.44379200043875,39.0181727404243 8.4437349815607,39.0183012725446 8.44374377988785,39.0184593686174</coordinates>
            </LinearRing>
          </outerBoundaryIs>
        </Polygon>
      </Placemark>
      <Placemark xmlns="http://www.opengis.net/kml/2.2">
        <styleUrl>#Parti singole_style_map</styleUrl>
        <name>T02477</name>
        <Polygon>
          <outerBoundaryIs>
            <LinearRing>
              <coordinates>8.44386024274191,39.018236278621 8.44444634449524,39.018782025892 8.44458038053571,39.0186910130159 8.44465909044022,39.0184799433346 8.4446664142004,39.0184430058192 8.44484302529149,39.0181720732339 8.44515851238768,39.0176043280617 8.44531226700165,39.0174581072427 8.44483664832023,39.017330760644 8.44445042562387,39.0172238337081 8.44423249001763,39.0175060668686 8.44406137531364,39.0177624178305 8.44403716416833,39.0177993018108 8.44391924147816,39.0179789066455 8.44386024274191,39.018236278621</coordinates>
            </LinearRing>
          </outerBoundaryIs>
        </Polygon>
      </Placemark>
      <Placemark xmlns="http://www.opengis.net/kml/2.2">
        <styleUrl>#Parti singole_style_map</styleUrl>
        <name>T02478</name>
        <Polygon>
          <outerBoundaryIs>
            <LinearRing>
              <coordinates>8.44386024274191,39.018236278621 8.44391924147816,39.0179789066455 8.44379200043875,39.0181727404243 8.44386024274191,39.018236278621</coordinates>
            </LinearRing>
          </outerBoundaryIs>
        </Polygon>
      </Placemark>
      <Placemark xmlns="http://www.opengis.net/kml/2.2">
        <styleUrl>#Parti singole_style_map</styleUrl>
        <name>T02479</name>
        <Polygon>
          <outerBoundaryIs>
            <LinearRing>
              <coordinates>8.44189545948803,39.0170120982475 8.44227438122793,39.0174491011183 8.44238880522392,39.0175622237276 8.44274147130775,39.017895589354 8.44286671056726,39.0180113944181 8.44300648010256,39.0181406141587 8.44341557154206,39.018480834394 8.44370915581472,39.0188032999412 8.44375873815443,39.0186789405309 8.44374377988785,39.0184593686174 8.4437349815607,39.0183012725446 8.44379200043875,39.0181727404243 8.44391924147816,39.0179789066455 8.44392957128881,39.0177574368705 8.4437557622748,39.017689817667 8.44300000774571,39.0174039736171 8.44242583997303,39.0171885947794 8.44185496462162,39.0169677321285 8.44189545948803,39.0170120982475</coordinates>
            </LinearRing>
          </outerBoundaryIs>
          <innerBoundaryIs>
            <LinearRing>
              <coordinates>8.44318483415211,39.0176615547997 8.44324985943133,39.0177139313018 8.44320543944623,39.0177471321911 8.44314373155418,39.0177018271756 8.44318483415211,39.0176615547997</coordinates>
            </LinearRing>
          </innerBoundaryIs>
        </Polygon>
      </Placemark>
      <Placemark xmlns="http://www.opengis.net/kml/2.2">
        <styleUrl>#Parti singole_style_map</styleUrl>
        <name>T02480</name>
        <Polygon>
          <outerBoundaryIs>
            <LinearRing>
              <coordinates>8.44391924147816,39.0179789066455 8.44403716416833,39.0177993018108 8.44392957128881,39.0177574368705 8.44391924147816,39.0179789066455</coordinates>
            </LinearRing>
          </outerBoundaryIs>
        </Polygon>
      </Placemark>
      <Placemark xmlns="http://www.opengis.net/kml/2.2">
        <styleUrl>#Parti singole_style_map</styleUrl>
        <name>T02481</name>
        <Polygon>
          <outerBoundaryIs>
            <LinearRing>
              <coordinates>8.44370915581472,39.0188032999412 8.44383062159071,39.018936711597 8.44381045939178,39.0188946688992 8.44375873815443,39.0186789405309 8.44370915581472,39.0188032999412</coordinates>
            </LinearRing>
          </outerBoundaryIs>
        </Polygon>
      </Placemark>
      <Placemark xmlns="http://www.opengis.net/kml/2.2">
        <styleUrl>#Parti singole_style_map</styleUrl>
        <name>T02482</name>
        <Polygon>
          <outerBoundaryIs>
            <LinearRing>
              <coordinates>8.44133442449382,39.0164411461166 8.44156454658996,39.0166353828687 8.44177888777336,39.0168844119903 8.44185496462162,39.0169677321285 8.44242583997303,39.0171885947794 8.44300000774571,39.0174039736171 8.4437557622748,39.017689817667 8.44392957128881,39.0177574368705 8.44394911332464,39.017337686449 8.44354195788572,39.0170957519732 8.4431635028418,39.0168722726626 8.44272443529118,39.0166130168134 8.44175159281878,39.0160344474726 8.44147776516008,39.0163008547697 8.44133442449382,39.0164411461166</coordinates>
            </LinearRing>
          </outerBoundaryIs>
        </Polygon>
      </Placemark>
      <Placemark xmlns="http://www.opengis.net/kml/2.2">
        <styleUrl>#Parti singole_style_map</styleUrl>
        <name>T02483</name>
        <Polygon>
          <outerBoundaryIs>
            <LinearRing>
              <coordinates>8.44392957128881,39.0177574368705 8.44403716416833,39.0177993018108 8.44406137531364,39.0177624178305 8.44423249001763,39.0175060668686 8.44394911332464,39.017337686449 8.44392957128881,39.0177574368705</coordinates>
            </LinearRing>
          </outerBoundaryIs>
        </Polygon>
      </Placemark>
      <Placemark xmlns="http://www.opengis.net/kml/2.2">
        <styleUrl>#Parti singole_style_map</styleUrl>
        <name>T03577</name>
        <Polygon>
          <outerBoundaryIs>
            <LinearRing>
              <coordinates>8.44265795338186,39.0160933731053 8.44327528215903,39.0163906873329 8.44351111818071,39.0165035866096 8.44389767032805,39.0166886441893 8.44385461585453,39.0161454678515 8.44324145167314,39.0158841036991 8.44274232814882,39.0158570106089 8.4421656670074,39.0158576138773 8.44265795338186,39.0160933731053</coordinates>
            </LinearRing>
          </outerBoundaryIs>
        </Polygon>
      </Placemark>
      <Placemark xmlns="http://www.opengis.net/kml/2.2">
        <styleUrl>#Parti singole_style_map</styleUrl>
        <name>T03578</name>
        <Polygon>
          <outerBoundaryIs>
            <LinearRing>
              <coordinates>8.44389767032805,39.0166886441893 8.44420396989127,39.0168352731813 8.44460189206328,39.017027663575 8.44479540370126,39.0167782308123 8.44492117839145,39.0165113001187 8.44404407351896,39.0162262185823 8.44385461585453,39.0161454678515 8.44389767032805,39.0166886441893</coordinates>
            </LinearRing>
          </outerBoundaryIs>
        </Polygon>
      </Placemark>
      <Placemark xmlns="http://www.opengis.net/kml/2.2">
        <styleUrl>#Parti singole_style_map</styleUrl>
        <name>T02484</name>
        <Polygon>
          <outerBoundaryIs>
            <LinearRing>
              <coordinates>8.43587657242362,39.0133429456718 8.4360037215705,39.0135677202414 8.43587029776168,39.0139636699246 8.4358549660905,39.0140906067647 8.43582033581001,39.0144380772311 8.43610965554541,39.0146628523624 8.43644419930027,39.0147623212039 8.43723400806951,39.0148049561067 8.4373730409639,39.0148225139033 8.43826351894495,39.0149549543519 8.43856258956365,39.0150697542464 8.43876708242651,39.015333835042 8.43919733116551,39.0157502704632 8.43939473327953,39.0159036150595 8.43960094359764,39.016000664464 8.44007417710922,39.016160073306 8.44038526229284,39.0162683391377 8.4405685705019,39.0163697013287 8.44069715047892,39.0166631599397 8.44083359323421,39.0167695773475 8.44133442449382,39.0164411461166 8.44147776516008,39.0163008547697 8.4410882786395,39.0160010912452 8.4405369131133,39.0155782514597 8.44025747910057,39.0153631405631 8.4399878156636,39.0151571771078 8.4396879199641,39.0149271163061 8.43927285937627,39.0146089583342 8.43916374643412,39.0145250991082 8.43882909620981,39.0142678717249 8.4384583708426,39.0139880140325 8.43802635841402,39.0136576050044 8.43769896495427,39.0134097538226 8.43711437988155,39.0129659129624 8.43667448268519,39.0126307480424 8.43628140940594,39.012754120014 8.43621990408804,39.0127774586445 8.43605696659134,39.0129880793489 8.43594415958453,39.0130369863839 8.43579394577857,39.0132000808009 8.43587657242362,39.0133429456718</coordinates>
            </LinearRing>
          </outerBoundaryIs>
        </Polygon>
      </Placemark>
      <Placemark xmlns="http://www.opengis.net/kml/2.2">
        <styleUrl>#Parti singole_style_map</styleUrl>
        <name>T02485</name>
        <Polygon>
          <outerBoundaryIs>
            <LinearRing>
              <coordinates>8.43579394577857,39.0132000808009 8.43594415958453,39.0130369863839 8.43574864482133,39.0131217535957 8.43579394577857,39.0132000808009</coordinates>
            </LinearRing>
          </outerBoundaryIs>
        </Polygon>
      </Placemark>
      <Placemark xmlns="http://www.opengis.net/kml/2.2">
        <styleUrl>#Parti singole_style_map</styleUrl>
        <name>T02486</name>
        <Polygon>
          <outerBoundaryIs>
            <LinearRing>
              <coordinates>8.43621990408804,39.0127774586445 8.43628140940594,39.012754120014 8.43667448268519,39.0126307480424 8.43659799821289,39.0125724733025 8.43634170170181,39.0126886397138 8.43625064286564,39.012737733294 8.43621990408804,39.0127774586445</coordinates>
            </LinearRing>
          </outerBoundaryIs>
        </Polygon>
      </Placemark>
      <Placemark xmlns="http://www.opengis.net/kml/2.2">
        <styleUrl>#Parti singole_style_map</styleUrl>
        <name>T02487</name>
        <Polygon>
          <outerBoundaryIs>
            <LinearRing>
              <coordinates>8.43711437988155,39.0129659129624 8.43769896495427,39.0134097538226 8.43802635841402,39.0136576050044 8.4384583708426,39.0139880140325 8.43882909620981,39.0142678717249 8.43916374643412,39.0145250991082 8.43895179431855,39.0143163380823 8.43914050802147,39.0137650837259 8.43873029984121,39.013723911418 8.43919572085171,39.0134652085613 8.43944918241175,39.0135380745462 8.43923432557425,39.0133507463888 8.43841065833336,39.012640701078 8.43740978197015,39.0123999746818 8.43667448268519,39.0126307480424 8.43711437988155,39.0129659129624</coordinates>
            </LinearRing>
          </outerBoundaryIs>
        </Polygon>
      </Placemark>
      <Placemark xmlns="http://www.opengis.net/kml/2.2">
        <styleUrl>#Parti singole_style_map</styleUrl>
        <name>T02488</name>
        <Polygon>
          <outerBoundaryIs>
            <LinearRing>
              <coordinates>8.43667448268519,39.0126307480424 8.43740978197015,39.0123999746818 8.43841065833336,39.012640701078 8.43791433844158,39.0122132028684 8.43760111939159,39.0122646774499 8.43738964168283,39.0123340245713 8.43659799821289,39.0125724733025 8.43667448268519,39.0126307480424</coordinates>
            </LinearRing>
          </outerBoundaryIs>
        </Polygon>
      </Placemark>
      <Placemark xmlns="http://www.opengis.net/kml/2.2">
        <styleUrl>#Parti singole_style_map</styleUrl>
        <name>T02489</name>
        <Polygon>
          <outerBoundaryIs>
            <LinearRing>
              <coordinates>8.43923432557425,39.0133507463888 8.43944918241175,39.0135380745462 8.43981028696237,39.0136278574107 8.44016415750682,39.0136581764028 8.44038607244831,39.0136290727623 8.44058639394603,39.0137003205165 8.44087609893463,39.0138938713815 8.44120334266675,39.013899891827 8.44092424101055,39.0133074634433 8.43965069622852,39.0129389419138 8.43841065833336,39.012640701078 8.43923432557425,39.0133507463888</coordinates>
            </LinearRing>
          </outerBoundaryIs>
        </Polygon>
      </Placemark>
      <Placemark xmlns="http://www.opengis.net/kml/2.2">
        <styleUrl>#Parti singole_style_map</styleUrl>
        <name>T02490</name>
        <Polygon>
          <outerBoundaryIs>
            <LinearRing>
              <coordinates>8.43841065833336,39.012640701078 8.43965069622852,39.0129389419138 8.44092424101055,39.0133074634433 8.44120334266675,39.013899891827 8.44130845892236,39.0139018193633 8.44169130638023,39.0137492757373 8.44157171052654,39.0134297830695 8.4417031670781,39.0133956749797 8.44165963225058,39.0133606747399 8.44164273389643,39.0133489695256 8.44124035517875,39.0130264908143 8.44087736763451,39.0127346120009 8.44050594125498,39.012435239395 8.44029900307794,39.0122661445248 8.4400033373336,39.0120283732547 8.43983767393519,39.0118938710804 8.43860092526486,39.0121003763398 8.43791433844158,39.0122132028684 8.43841065833336,39.012640701078</coordinates>
            </LinearRing>
          </outerBoundaryIs>
        </Polygon>
      </Placemark>
      <Placemark xmlns="http://www.opengis.net/kml/2.2">
        <styleUrl>#Parti singole_style_map</styleUrl>
        <name>T02491</name>
        <Polygon>
          <outerBoundaryIs>
            <LinearRing>
              <coordinates>8.43944918241175,39.0135380745462 8.43983110955491,39.0138710671601 8.44035932330766,39.0143230581724 8.44079149628453,39.0147009386608 8.44090022672329,39.0144656854935 8.44122989972458,39.0145493118511 8.44164356052546,39.0147396521678 8.44167314618343,39.0147287643103 8.44150262573901,39.0145351106309 8.44120334266675,39.013899891827 8.44087609893463,39.0138938713815 8.44058639394603,39.0137003205165 8.44038607244831,39.0136290727623 8.44016415750682,39.0136581764028 8.43981028696237,39.0136278574107 8.43944918241175,39.0135380745462</coordinates>
            </LinearRing>
          </outerBoundaryIs>
        </Polygon>
      </Placemark>
      <Placemark xmlns="http://www.opengis.net/kml/2.2">
        <styleUrl>#Parti singole_style_map</styleUrl>
        <name>T02492</name>
        <Polygon>
          <outerBoundaryIs>
            <LinearRing>
              <coordinates>8.44120334266675,39.013899891827 8.44150262573901,39.0145351106309 8.44167314618343,39.0147287643103 8.44169738003388,39.0147198422627 8.4417049739595,39.0144754893782 8.44179377688689,39.0144662997942 8.44217660149752,39.0146812890426 8.4425053953923,39.0148653630087 8.44265993575547,39.0146175675706 8.44301171890007,39.0146247185139 8.44314595047465,39.0145624714803 8.44295123672118,39.014403045536 8.44262624184867,39.0141412975171 8.44221987794976,39.0138162530191 8.4418673787607,39.0135276714712 8.4417031670781,39.0133956749797 8.44157171052654,39.0134297830695 8.44169130638023,39.0137492757373 8.44130845892236,39.0139018193633 8.44120334266675,39.013899891827</coordinates>
            </LinearRing>
          </outerBoundaryIs>
        </Polygon>
      </Placemark>
      <Placemark xmlns="http://www.opengis.net/kml/2.2">
        <styleUrl>#Parti singole_style_map</styleUrl>
        <name>T02493</name>
        <Polygon>
          <outerBoundaryIs>
            <LinearRing>
              <coordinates>8.4431635028418,39.0168722726626 8.44354195788572,39.0170957519732 8.44394911332464,39.017337686449 8.44389767032805,39.0166886441893 8.44351111818071,39.0165035866096 8.4431635028418,39.0168722726626</coordinates>
            </LinearRing>
          </outerBoundaryIs>
        </Polygon>
      </Placemark>
      <Placemark xmlns="http://www.opengis.net/kml/2.2">
        <styleUrl>#Parti singole_style_map</styleUrl>
        <name>T02494</name>
        <Polygon>
          <outerBoundaryIs>
            <LinearRing>
              <coordinates>8.44394911332464,39.017337686449 8.44423249001763,39.0175060668686 8.44445042562387,39.0172238337081 8.44460189206328,39.017027663575 8.44420396989127,39.0168352731813 8.44389767032805,39.0166886441893 8.44394911332464,39.017337686449</coordinates>
            </LinearRing>
          </outerBoundaryIs>
        </Polygon>
      </Placemark>
      <Placemark xmlns="http://www.opengis.net/kml/2.2">
        <styleUrl>#Parti singole_style_map</styleUrl>
        <name>T02495</name>
        <Polygon>
          <outerBoundaryIs>
            <LinearRing>
              <coordinates>8.4353013006236,39.0129030335979 8.43572537914653,39.0130815237023 8.43574864482133,39.0131217535957 8.43594415958453,39.0130369863839 8.43610559220654,39.0128617270175 8.43616202496824,39.0127994090526 8.43621990408804,39.0127774586445 8.43625064286564,39.012737733294 8.43615113395189,39.0127920393896 8.43609555074467,39.012837564821 8.43565973880507,39.0129406963472 8.4353013006236,39.0129030335979</coordinates>
            </LinearRing>
          </outerBoundaryIs>
        </Polygon>
      </Placemark>
      <Placemark xmlns="http://www.opengis.net/kml/2.2">
        <styleUrl>#Parti singole_style_map</styleUrl>
        <name>T02496</name>
        <Polygon>
          <outerBoundaryIs>
            <LinearRing>
              <coordinates>8.43605696659134,39.0129880793489 8.43621990408804,39.0127774586445 8.43616202496824,39.0127994090526 8.43610559220654,39.0128617270175 8.43594415958453,39.0130369863839 8.43605696659134,39.0129880793489</coordinates>
            </LinearRing>
          </outerBoundaryIs>
        </Polygon>
      </Placemark>
      <Placemark xmlns="http://www.opengis.net/kml/2.2">
        <styleUrl>#Parti singole_style_map</styleUrl>
        <name>T02497</name>
        <Polygon>
          <outerBoundaryIs>
            <LinearRing>
              <coordinates>8.44088735173798,39.0147847598202 8.44111342586617,39.0149803027141 8.44148854013776,39.0153047417376 8.44212593705074,39.0158570543114 8.4421656670074,39.0158576138773 8.44274232814882,39.0158570106089 8.44324145167314,39.0158841036991 8.44385461585453,39.0161454678515 8.44385208325104,39.0161134304301 8.44327357444994,39.0156308658291 8.44251924631331,39.0152223667512 8.44177244801927,39.0148415357971 8.44167314618343,39.0147287643103 8.44164356052546,39.0147396521678 8.44122989972458,39.0145493118511 8.44090022672329,39.0144656854935 8.44079149628453,39.0147009386608 8.44088735173798,39.0147847598202</coordinates>
            </LinearRing>
          </outerBoundaryIs>
        </Polygon>
      </Placemark>
      <Placemark xmlns="http://www.opengis.net/kml/2.2">
        <styleUrl>#Parti singole_style_map</styleUrl>
        <name>T02498</name>
        <Polygon>
          <outerBoundaryIs>
            <LinearRing>
              <coordinates>8.44167314618343,39.0147287643103 8.44177244801927,39.0148415357971 8.44251924631331,39.0152223667512 8.44327357444994,39.0156308658291 8.44385208325104,39.0161134304301 8.44385461585453,39.0161454678515 8.44404407351896,39.0162262185823 8.44492117839145,39.0165113001187 8.44534090478096,39.0164574382046 8.44536663799367,39.0164488198965 8.44506291746157,39.0161156049974 8.44493238800889,39.0160100947404 8.44432443403944,39.0155196546186 8.44415144523295,39.0153774732943 8.44334663382859,39.0147237368264 8.44314595047465,39.0145624714803 8.44301171890007,39.0146247185139 8.44265993575547,39.0146175675706 8.4425053953923,39.0148653630087 8.44217660149752,39.0146812890426 8.44179377688689,39.0144662997942 8.4417049739595,39.0144754893782 8.44169738003388,39.0147198422627 8.44167314618343,39.0147287643103</coordinates>
            </LinearRing>
          </outerBoundaryIs>
        </Polygon>
      </Placemark>
      <Placemark xmlns="http://www.opengis.net/kml/2.2">
        <styleUrl>#Parti singole_style_map</styleUrl>
        <name>T02499</name>
        <Polygon>
          <outerBoundaryIs>
            <LinearRing>
              <coordinates>8.44628873870309,39.0030046082112 8.44721126375507,39.0032300097881 8.44733540963136,39.003090827309 8.44781678111921,39.0031751540789 8.44816369076514,39.003014650983 8.44819137445272,39.0029951198089 8.44828598889729,39.0028424871545 8.448479471777,39.0028174596277 8.44813115293657,39.0022503384188 8.44798412610486,39.002311638711 8.44786631912816,39.0023607500207 8.44730091945513,39.0025917557715 8.44727801345792,39.0026072634051 8.44719864729544,39.0026390026588 8.44710938913001,39.00268490544 8.44680742590161,39.0028394640986 8.44654972373003,39.0029233598554 8.44628873870309,39.0030046082112</coordinates>
            </LinearRing>
          </outerBoundaryIs>
          <innerBoundaryIs>
            <LinearRing>
              <coordinates>8.44700627341817,39.0029234175648 8.44714958539752,39.0029049035816 8.44725297359859,39.0028968062088 8.44729392466571,39.0029086967411 8.44731744978868,39.0029204776223 8.44735051967467,39.002973069915 8.44732273726882,39.0030126681195 8.44721038750452,39.0030459360955 8.44715848137242,39.0030097267229 8.44715140838878,39.0029718466054 8.44702314163239,39.0029788166531 8.44700627341817,39.0029234175648</coordinates>
            </LinearRing>
          </innerBoundaryIs>
        </Polygon>
      </Placemark>
      <Placemark xmlns="http://www.opengis.net/kml/2.2">
        <styleUrl>#Parti singole_style_map</styleUrl>
        <name>T02500</name>
        <Polygon>
          <outerBoundaryIs>
            <LinearRing>
              <coordinates>8.44424649795915,39.0031578389668 8.44486111592649,39.0033881528441 8.44541417089103,39.0035949310681 8.44598594073564,39.0034373601288 8.44663899421555,39.0035959387871 8.44714410835721,39.0032819196458 8.44616959115977,39.0030416996464 8.44598406250932,39.0030994533684 8.44519374459084,39.0030226513984 8.44471640310214,39.002974350332 8.44406132257856,39.0029947745689 8.44424649795915,39.0031578389668</coordinates>
            </LinearRing>
          </outerBoundaryIs>
        </Polygon>
      </Placemark>
      <Placemark xmlns="http://www.opengis.net/kml/2.2">
        <styleUrl>#Parti singole_style_map</styleUrl>
        <name>T02501</name>
        <Polygon>
          <outerBoundaryIs>
            <LinearRing>
              <coordinates>8.43806131109468,39.0046386125727 8.43845779338677,39.0046154539963 8.43868971578801,39.0048697822662 8.4388835730313,39.0050819352251 8.43919636393965,39.0053640903946 8.4392491547206,39.005472215995 8.43926511035838,39.0054933246037 8.43944486177776,39.0058453959576 8.43948120427784,39.0059202815762 8.43968581990845,39.0061542556757 8.43993566050594,39.0064383500436 8.44075178200974,39.0063034158303 8.44121143890855,39.0062328102168 8.44195011111104,39.006109156723 8.44301178458454,39.0059355707617 8.44425241326121,39.0057329475239 8.44557161515367,39.0055198714361 8.44633926795099,39.0053982112245 8.44738312448149,39.0052304030575 8.44766192053054,39.0051838572786 8.44873695018546,39.0050104536008 8.44898846449739,39.0049715341948 8.44882494513684,39.0045429778879 8.44881759420282,39.004360802002 8.4490147927136,39.0038918328264 8.44837630786591,39.0036809549206 8.44761675577669,39.0034323022168 8.44714410835721,39.0032819196458 8.44663899421555,39.0035959387871 8.44598594073564,39.0034373601288 8.44541417089103,39.0035949310681 8.44486111592649,39.0033881528441 8.44424649795915,39.0031578389668 8.44406132257856,39.0029947745689 8.44388022645443,39.003002480465 8.44303065002182,39.0029264625134 8.44269662708432,39.00296512793 8.44198359340846,39.0029637540032 8.44175692529916,39.0029877558098 8.44120011265382,39.0030548973695 8.44100433533873,39.0031039794414 8.44083083810317,39.0031526724297 8.44079785883883,39.0031522168928 8.44048721253944,39.003147824982 8.44029265632885,39.0031430073892 8.44013368793958,39.0031329717364 8.43987165743261,39.0030778629347 8.43904496340693,39.0029023263418 8.43862302231609,39.0029113791598 8.43845821344421,39.0031375477741 8.43817091059,39.0034362148669 8.43806131109468,39.0046386125727</coordinates>
            </LinearRing>
          </outerBoundaryIs>
        </Polygon>
      </Placemark>
      <Placemark xmlns="http://www.opengis.net/kml/2.2">
        <styleUrl>#Parti singole_style_map</styleUrl>
        <name>T02502</name>
        <Polygon>
          <outerBoundaryIs>
            <LinearRing>
              <coordinates>8.44565892947582,39.0183486528558 8.44568564635865,39.0187109616706 8.44578572176134,39.0189539432694 8.44579307126601,39.01899644736 8.44581589688991,39.0190481442185 8.44584464981271,39.019090777083 8.4459597699068,39.0193465716795 8.44603088309656,39.0193608947981 8.44602322075665,39.0193170105452 8.44600481286781,39.0190856360616 8.44603611343523,39.0185978716403 8.4459315058034,39.0180906281838 8.44600419798706,39.0176466649594 8.44592081506257,39.0176240203608 8.44582313936324,39.0175974870682 8.4456650276103,39.0182556245702 8.44565892947582,39.0183486528558</coordinates>
            </LinearRing>
          </outerBoundaryIs>
        </Polygon>
      </Placemark>
      <Placemark xmlns="http://www.opengis.net/kml/2.2">
        <styleUrl>#Parti singole_style_map</styleUrl>
        <name>T02503</name>
        <Polygon>
          <outerBoundaryIs>
            <LinearRing>
              <coordinates>8.44794842469527,39.0169354980151 8.44835868318773,39.016821755922 8.44838355776508,39.0165030980191 8.44840808528278,39.0160507592186 8.44814481928115,39.0162782322876 8.44807941583482,39.0163068391938 8.44799431162925,39.016680738079 8.44794842469527,39.0169354980151</coordinates>
            </LinearRing>
          </outerBoundaryIs>
        </Polygon>
      </Placemark>
      <Placemark xmlns="http://www.opengis.net/kml/2.2">
        <styleUrl>#Parti singole_style_map</styleUrl>
        <name>T02504</name>
        <Polygon>
          <outerBoundaryIs>
            <LinearRing>
              <coordinates>8.44811967834107,39.0162345177173 8.44841253441347,39.0159687705142 8.44841895175202,39.0158505305711 8.44835859490468,39.0154425570883 8.44816796841145,39.0155503374533 8.4481680591038,39.0159173858422 8.44809380293417,39.0162436495919 8.44811967834107,39.0162345177173</coordinates>
            </LinearRing>
          </outerBoundaryIs>
        </Polygon>
      </Placemark>
      <Placemark xmlns="http://www.opengis.net/kml/2.2">
        <styleUrl>#Parti singole_style_map</styleUrl>
        <name>T02505</name>
        <Polygon>
          <outerBoundaryIs>
            <LinearRing>
              <coordinates>8.44835868318773,39.016821755922 8.44872228380939,39.0167232367298 8.44866167584566,39.0159087638608 8.44865741386996,39.0158358982064 8.44849545273391,39.0159752542873 8.44840808528278,39.0160507592186 8.44838355776508,39.0165030980191 8.44835868318773,39.016821755922</coordinates>
            </LinearRing>
          </outerBoundaryIs>
        </Polygon>
      </Placemark>
      <Placemark xmlns="http://www.opengis.net/kml/2.2">
        <styleUrl>#Parti singole_style_map</styleUrl>
        <name>T02506</name>
        <Polygon>
          <outerBoundaryIs>
            <LinearRing>
              <coordinates>8.44841895175202,39.0158505305711 8.44841253441347,39.0159687705142 8.44865299839397,39.0157604907029 8.44862554743902,39.0152916409762 8.44835859490468,39.0154425570883 8.44841895175202,39.0158505305711</coordinates>
            </LinearRing>
          </outerBoundaryIs>
        </Polygon>
      </Placemark>
      <Placemark xmlns="http://www.opengis.net/kml/2.2">
        <styleUrl>#Parti singole_style_map</styleUrl>
        <name>T02507</name>
        <Polygon>
          <outerBoundaryIs>
            <LinearRing>
              <coordinates>8.44866167584566,39.0159087638608 8.44872228380939,39.0167232367298 8.44906894525958,39.0166669703572 8.44901074959437,39.0163713214533 8.44896098827785,39.0161022049217 8.44893186540693,39.0158364479236 8.44890687807962,39.0156212265233 8.44865741386996,39.0158358982064 8.44866167584566,39.0159087638608</coordinates>
            </LinearRing>
          </outerBoundaryIs>
        </Polygon>
      </Placemark>
      <Placemark xmlns="http://www.opengis.net/kml/2.2">
        <styleUrl>#Parti singole_style_map</styleUrl>
        <name>T02508</name>
        <Polygon>
          <outerBoundaryIs>
            <LinearRing>
              <coordinates>8.44865299839397,39.0157604907029 8.44889815195016,39.0155460779917 8.44888304886795,39.0154160399078 8.44887259170017,39.0151934800721 8.4488778693661,39.015148990325 8.44862554743902,39.0152916409762 8.44865299839397,39.0157604907029</coordinates>
            </LinearRing>
          </outerBoundaryIs>
        </Polygon>
      </Placemark>
      <Placemark xmlns="http://www.opengis.net/kml/2.2">
        <styleUrl>#Parti singole_style_map</styleUrl>
        <name>T02509</name>
        <Polygon>
          <outerBoundaryIs>
            <LinearRing>
              <coordinates>8.44910232627896,39.0087793892486 8.4487624042734,39.0092028263664 8.44867922576982,39.0093247333948 8.4486444030111,39.0095070167587 8.44862907812494,39.0098257271115 8.44867961472664,39.00993623689 8.44949046803605,39.0109695890713 8.44992286765302,39.0109330747568 8.44983885651504,39.0106854143264 8.44982963863162,39.0106825773924 8.4498206200739,39.0106689281031 8.44981495154979,39.0106552045117 8.44981367180631,39.0106415016316 8.44981378078744,39.010627444862 8.44981411796237,39.0106137496124 8.44981433824584,39.0106002340327 8.44981363457654,39.0105867140926 8.44980796536156,39.0105730806083 8.4497904521822,39.0105675913104 8.449784090009,39.0105539545545 8.44976672307103,39.0105445010682 8.44976105456702,39.010530777474 8.44977063057013,39.0105172159387 8.44977142972837,39.0105035228693 8.4497539389264,39.010495150126 8.4497366651426,39.0104885806203 8.4497191142591,39.0104879571167 8.44970188659683,39.010475440511 8.44970834426894,39.0104618642617 8.44972599855406,39.010449151857 8.44972795545313,39.010435103809 8.44972829264325,39.0104214085593 8.44973186365927,39.0104077285729 8.44971454168723,39.0104073764815 8.44969638261053,39.0104107149789 8.44967888974399,39.010402612547 8.44968696502504,39.0103889538235 8.44968776489643,39.010375170647 8.44967033442662,39.0103739169289 8.44965274215067,39.0103637414754 8.44963497568545,39.010361134504 8.44963277203184,39.0103474272598 8.44964511988217,39.0103338788195 8.44965504236123,39.0103203189288 8.44967266866959,39.0103112108317 8.4496730058695,39.0102975155819 8.44966826205026,39.0102837062368 8.44965090218153,39.0102733516584 8.44963330453138,39.0102787653448 8.4496157998242,39.010272194731 8.4496232976345,39.0102585332855 8.44964071949905,39.0102460000175 8.449637590502,39.0102324686265 8.44962036151803,39.0102201322238 8.44960299608097,39.0102104984983 8.44960033046409,39.0101967890722 8.44959812752076,39.0101829917196 8.44960446969198,39.01016941493 8.44961588378561,39.0101571236353 8.44950788494417,39.0100986724914 8.44931611827083,39.0099848580158 8.44927341101421,39.0098921124878 8.44934499384848,39.0096869979709 8.44933649284208,39.0096811006163 8.44928870732854,39.0095581439825 8.44922742127944,39.009433591665 8.4492220994426,39.0094198696802 8.44921724307301,39.0094056993402 8.44920972898778,39.0093916966656 8.44920382829822,39.0093781521669 8.44919816349048,39.0093639780066 8.44919226770085,39.0093498027547 8.44918821908673,39.0093357263403 8.44918521060165,39.0093215647291 8.4491819704344,39.009307492134 8.44917895845485,39.0092937810601 8.44917779434753,39.0092800787166 8.44917732319216,39.0092663796469 8.44917534924351,39.0092528536987 8.44918019071507,39.009239179729 8.44919450111816,39.0092257307166 8.4492123812728,39.0092136502292 8.44922519166967,39.0092000139048 8.44923384365777,39.009186448045 8.44924884768994,39.0091729121917 8.44926660323997,39.0091620025478 8.44928443092393,39.0091566801125 8.44930198427078,39.0091569432492 8.44931947945941,39.0091498170216 8.44933697883954,39.0091421501463 8.44935456434364,39.0091382683294 8.44937060776794,39.0091247373694 8.44937417808546,39.0091111474984 8.44936423727674,39.0090973135935 8.44934665514739,39.009085876589 8.44932930960033,39.0090737198128 8.44934246572494,39.0090601752189 8.44935984679231,39.0090528682244 8.449365264973,39.0090392870811 8.44935867343037,39.0090254689941 8.44936582468092,39.0090118059251 8.44936974146789,39.0089982176904 8.44937562300648,39.0089844585132 8.44939224314984,39.0089710203843 8.44940965564832,39.0089596585439 8.4493968275684,39.008945811006 8.44940363163021,39.0089322364057 8.44939738516569,39.0089186001719 8.44939044575552,39.0089049606652 8.44939898218428,39.0088913942466 8.44941662774178,39.0088797631731 8.4494342690993,39.0088686727419 8.44945203712676,39.0088561411332 8.44946854383121,39.0088424321248 8.44946656983786,39.0088289061803 8.44947510624282,39.0088153397558 8.44949250960325,39.0088051493001 8.44951014254315,39.0087951401474 8.44951278958651,39.008781455801 8.44951081558627,39.008767929857 8.44951946746645,39.0087543639743 8.44953683026927,39.008749399748 8.44955433721481,39.008740741656 8.44957210379132,39.0087283902433 8.44958017959747,39.0087146414145 8.44910232627896,39.0087793892486</coordinates>
            </LinearRing>
          </outerBoundaryIs>
        </Polygon>
      </Placemark>
      <Placemark xmlns="http://www.opengis.net/kml/2.2">
        <styleUrl>#Parti singole_style_map</styleUrl>
        <name>T02510</name>
        <Polygon>
          <outerBoundaryIs>
            <LinearRing>
              <coordinates>8.449452639024,39.0081338876809 8.44958893976455,39.0079633567014 8.44957551060495,39.0078944936784 8.44951921165745,39.007563367905 8.44951186429882,39.0078569593806 8.449452639024,39.0081338876809</coordinates>
            </LinearRing>
          </outerBoundaryIs>
        </Polygon>
      </Placemark>
      <Placemark xmlns="http://www.opengis.net/kml/2.2">
        <styleUrl>#Parti singole_style_map</styleUrl>
        <name>T02511</name>
        <Polygon>
          <outerBoundaryIs>
            <LinearRing>
              <coordinates>8.44910232627896,39.0087793892486 8.44958017959747,39.0087146414145 8.44958863490202,39.008711527454 8.44959767045624,39.0087080557889 8.44961515152858,39.0087027316659 8.44963249614396,39.0087001102208 8.44965020679629,39.008694967398 8.44966793421568,39.0086876619919 8.44968259158635,39.0086741244448 8.44970001165114,39.0086617713767 8.44971270706194,39.0086480443435 8.4497219377407,39.0086343009556 8.44972435305652,39.0086207056211 8.44972157268003,39.0086069055417 8.44970851362011,39.0085930569471 8.44969077554306,39.0085868456855 8.44968083334709,39.0085731920214 8.44968047758851,39.0085594934966 8.44968485695117,39.0085458173227 8.44969350877069,39.0085322514261 8.44970331689141,39.0085185107651 8.44971312361097,39.0085049503182 8.44972223738273,39.0084913865998 8.44972130276582,39.0084778655644 8.44972406524663,39.0084641817572 8.44973664303051,39.0084507244981 8.44975314818809,39.0084371956626 8.4497707907801,39.0084259249635 8.44978833464174,39.0084124911359 8.44980414753601,39.0083988689151 8.4498146485597,39.0083851315142 8.44982468622035,39.0083715721474 8.44983587878172,39.0083580182295 8.44985352972279,39.0083456662271 8.44987127659109,39.0083358377779 8.44988913894489,39.0083260098709 8.4499065393322,39.0083161797814 8.44990803137667,39.008302489975 8.4498906188719,39.0082989836047 8.44987324408591,39.0082906114249 8.44988536054773,39.0082770618615 8.44989124052847,39.0082634828706 8.44989943170945,39.0082497345627 8.44990473493231,39.0082360627388 8.44991511902515,39.0082225049983 8.44991764977932,39.0082089102034 8.44990782447858,39.0081950768877 8.44989869212267,39.0081812468408 8.44990110808669,39.0081675613937 8.44991883814204,39.0081598955174 8.44993638007196,39.0081616002775 8.44995399533029,39.0081538437435 8.4499627639368,39.0081400981552 8.44997002977213,39.008126525698 8.44997821952516,39.0081129575992 8.44998791064554,39.0080993965826 8.44999817921228,39.0080858382893 8.45000706189514,39.0080722734573 8.45001548261469,39.0080587064452 8.45002205758657,39.0080448603931 8.45003001634024,39.0080312912007 8.45003820746714,39.0080175428821 8.45004963091117,39.0080039900318 8.45003899578695,39.0079903331284 8.45002163599763,39.0079949370015 8.45000391367578,39.008001611711 8.4499862060152,39.0080063941594 8.44996877123215,39.0080057712423 8.44995125168727,39.008001183046 8.44993399804335,39.0079920905599 8.44993468024933,39.0079785771532 8.44994795084541,39.0079651231386 8.44996260801236,39.0079515855532 8.44997587859807,39.0079381315353 8.44998637812293,39.0079245743322 8.44999814803082,39.0079110231212 8.45001003342391,39.0078974724537 8.45002619123272,39.0078840320501 8.45004393516836,39.007874564003 8.45004103787104,39.0078609435995 8.45003779340767,39.0078474116692 8.45004679154224,39.0078338473781 8.45005278764233,39.0078201788147 8.45003649495244,39.0078063150019 8.45001889906547,39.0077966802486 8.45000167199708,39.0077841636857 8.45000062184514,39.0077706421058 8.45001597189846,39.0077571077818 8.45003350018602,39.0077456562802 8.45005099914253,39.0077379892929 8.4500678498436,39.0077245521515 8.45007731131063,39.0077108098215 8.45008296022785,39.0076972297294 8.45009576948353,39.0076836834102 8.45011319202476,39.007670969846 8.45013070212425,39.0076618611257 8.45014821989835,39.0076517612196 8.45016554608787,39.0076514824891 8.45018317724963,39.0076416534451 8.45018409177871,39.00762796091 8.45018223456531,39.0076142553035 8.45018534269152,39.007600663224 8.45019549565833,39.0075871043668 8.45020969074284,39.00757356457 8.45022400061309,39.0075601154237 8.45023323035149,39.0075464620986 8.45023772573027,39.0075326963374 8.45022605263327,39.0075188543338 8.4502091818343,39.0075050779293 8.4502083647185,39.0074912871169 8.45021054892179,39.0074776906794 8.45021643016857,39.0074639314542 8.45021768975951,39.0074504207672 8.45020028582366,39.0074458331534 8.45018288887057,39.0074403444614 8.45016565068956,39.0074292696432 8.4501570944284,39.0074156225534 8.4501537344733,39.0074020900806 8.45015129912863,39.0073884718574 8.45015279389668,39.0073744216151 8.45015070571769,39.0073607149183 8.45015081182704,39.0073470185702 8.45015784935836,39.0073330845791 8.45016915717928,39.0073195311699 8.45018531482545,39.0073060907417 8.45020317408359,39.007296623213 8.45022059232203,39.0072844502763 8.4502305156548,39.0072707101106 8.45023224138178,39.007256660956 8.45022772862695,39.0072428527164 8.4502105114267,39.007229074678 8.45020992319636,39.0072155552769 8.45021268483317,39.0072019615618 8.45021475563153,39.0071880942562 8.45022098192248,39.0071745168788 8.45023494594173,39.0071609759882 8.45025267291725,39.0071536704881 8.45027052654452,39.0071449238089 8.45027947150241,39.0071382076717 8.45029479004215,39.0070392480741 8.45029247086821,39.0070255402899 8.45029939075729,39.0070118760673 8.45030637207942,39.0069604556868 8.45030786194298,39.0069172095019 8.45031200940601,39.0069036223176 8.45031534914874,39.006889941214 8.45031672559318,39.0068762508538 8.45031660208834,39.0068623732 8.45032028899005,39.0068486036221 8.45032039506475,39.0068349072723 8.45032373480248,39.0068212261683 8.45034194391931,39.0065726961637 8.45053460168377,39.0061974815562 8.45053461493764,39.0061957695122 8.45053922426135,39.0061821844946 8.45054926356072,39.0061683547343 8.4505504330784,39.0061664679178 8.45055918667173,39.0061546145365 8.45057222652921,39.0061410692473 8.45056684886865,39.0061345559224 8.45056124511812,39.0061274107557 8.45054385613139,39.0061209309351 8.45052645738173,39.0061157126179 8.45050898012077,39.0061057180523 8.45049175267416,39.0060932916681 8.45048977995119,39.0060795855185 8.45049092816149,39.006065533635 8.45049946682372,39.006051606695 8.45050107279271,39.0060380976341 8.45050106543565,39.006024130415 8.45050082571004,39.0060103423224 8.45050150917992,39.0059966486918 8.4504986146575,39.0059826678649 8.45050183813474,39.0059690763166 8.45050725655302,39.0059554050022 8.45051452205626,39.0059418325037 8.45052872023571,39.0059278421236 8.45053864331653,39.0059141019267 8.45053920989637,39.0059005879665 8.45054497476147,39.0058869182829 8.4505486615661,39.0058731486948 8.45055315747167,39.0058592928087 8.45055511546513,39.0058450645186 8.45055591719909,39.0058310110011 8.4505596046961,39.0058171513049 8.45055462932282,39.0058034310053 8.45054064532291,39.0057897583608 8.45052781619109,39.0057760911575 8.45052006915676,39.0057623577938 8.45052456366548,39.0057486821237 8.45051658496471,39.0057350377787 8.45050017577565,39.0057213536994 8.45050155076397,39.0057078435491 8.45049253199928,39.0056942844113 8.45047762553899,39.0056804271896 8.45046537386935,39.005666762701 8.45045727970294,39.0056531178076 8.45045149456293,39.0056395739082 8.45045760727645,39.0056257256462 8.45045482616997,39.0056120156846 8.45044373077154,39.005598176422 8.45044580007903,39.0055844893231 8.45043747565139,39.0055707532319 8.45043792676106,39.0055572387271 8.45044149738498,39.0055435587049 8.4504590257518,39.005532017023 8.45047679694434,39.0055189445982 8.45049475096722,39.0055120906827 8.45051263414612,39.0054994693345 8.45050858129468,39.0054859336018 8.45049101489617,39.0054874728048 8.45047341431295,39.0054934272769 8.45045576661114,39.0054905506585 8.45046003014282,39.0054768739015 8.45046140513349,39.0054633637511 8.4504657834505,39.0054497776458 8.45047582265888,39.0054359478894 8.45047546675548,39.0054222493587 8.45045799595011,39.0054114438172 8.45044060156614,39.0054056848424 8.45042350025101,39.0053919073785 8.45041933193687,39.0053783710983 8.45041366370688,39.0053646475258 8.45040695680656,39.0053508289459 8.45040001823999,39.0053370993845 8.45039307897836,39.0053234599301 8.45038452361993,39.005309722746 8.45038254954217,39.0052961968083 8.45038150144208,39.005282404903 8.45037768378496,39.0052683296089 8.45037536464879,39.0052546218225 8.45037570167766,39.0052409265577 8.45036622314712,39.0052270949092 8.45035997611685,39.005213548827 8.45036251016076,39.005199503476 8.45035603495404,39.0051855958743 8.45033879449763,39.0051748815115 8.45033069971278,39.0051613267164 8.45032353230203,39.0051473257384 8.45031174408952,39.005133483196 8.45029568153348,39.0051198007213 8.45028781843126,39.0051061569045 8.4502719868563,39.0050924755155 8.45025788756442,39.0050788022924 8.45026896403214,39.0050652477765 8.45028489086936,39.0050517161289 8.45030254160248,39.0050392739375 8.45032018604908,39.0050276427117 8.45033792155222,39.0050191657934 8.45033908407829,39.0050181800544 8.45028804126352,39.004749318856 8.45023973326365,39.0046343799182 8.45023511877264,39.004633727383 8.4502170288987,39.0046283255387 8.4501997585856,39.0046214857822 8.45018179048373,39.0046152735087 8.45004977320875,39.0045887349716 8.45003857671525,39.004586483452 8.45002074855733,39.0045771179327 8.45000338792697,39.0045670337291 8.44998602660332,39.0045570396306 8.44996868972329,39.0045438917636 8.44995193446048,39.0045302059727 8.44993679877625,39.0045161673769 8.44992374041678,39.0045023188018 8.44991148905492,39.0044886542545 8.44984444504707,39.0043921895928 8.44984090694724,39.004386766244 8.44983497092229,39.0043778172551 8.44982607072901,39.0043638981794 8.44982413054977,39.0043609153645 8.44981520940753,39.0043496995159 8.44980434809037,39.0043355008513 8.44979544790832,39.0043215817733 8.44978827789237,39.0043079411922 8.44978203244841,39.004294214863 8.44977555673767,39.0042803973359 8.44976803957971,39.0042668452262 8.44976710639713,39.0042531439665 8.44977564428007,39.0042393071822 8.4497837181293,39.0042257385401 8.44978644389292,39.0042167673475 8.44978936099317,39.0041980110148 8.44978842780721,39.0041843097552 8.44979038171277,39.0041706221202 8.44979753168222,39.0041570491169 8.44981022556033,39.0041434121641 8.44981783745753,39.0041298413394 8.44982198554344,39.0041161640579 8.44981585698976,39.0041022580599 8.44980961085963,39.0040886218395 8.44980798477,39.0040749173099 8.44980959221812,39.0040612280393 8.4498177843174,39.0040472995088 8.44982354916626,39.0040336298564 8.44983220179636,39.0040198837197 8.44984940019329,39.0040061779072 8.44986636622013,39.0039926512175 8.4498735161568,39.0039790782089 8.44987812755281,39.0039652228893 8.4498810080943,39.0039511791809 8.44988584975519,39.0039374150583 8.4498957733754,39.0039235848027 8.44990939175663,39.0039098620896 8.44992714867421,39.0038985918947 8.44994477124989,39.0038897540575 8.44996262059811,39.0038814579529 8.44998034328753,39.0038746030224 8.44998972674893,39.003870862631 8.45008239122196,39.0035969120399 8.44990423857353,39.0036806857579 8.44965020138227,39.0037209379031 8.44955361240949,39.0039050290487 8.44950728713035,39.0043387843922 8.44889749882305,39.0042211924589 8.44889439239692,39.0043535506713 8.44904538500896,39.00445131372 8.44919888095662,39.0048367223402 8.44917876933787,39.0050620847471 8.44916870405871,39.0050792483714 8.44938323495324,39.0054933930615 8.44941744918236,39.0055348640628 8.44971799154299,39.0062656156117 8.44962231903518,39.0068395749033 8.44959983543921,39.0068394687628 8.44957084366471,39.0072643758659 8.44957964378798,39.007830651642 8.44958893976455,39.0079633567014 8.449452639024,39.0081338876809 8.44935911843362,39.0084713428627 8.44910232627896,39.0087793892486</coordinates>
            </LinearRing>
          </outerBoundaryIs>
        </Polygon>
      </Placemark>
      <Placemark xmlns="http://www.opengis.net/kml/2.2">
        <styleUrl>#Parti singole_style_map</styleUrl>
        <name>T02512</name>
        <Polygon>
          <outerBoundaryIs>
            <LinearRing>
              <coordinates>8.44946223886146,39.0072283551276 8.44947146153437,39.0072826273842 8.44951040751663,39.0068907840367 8.44960157435039,39.0064115904233 8.44951933225242,39.0061287406368 8.44946792002723,39.0067699069645 8.44944565961651,39.0071308670128 8.44946223886146,39.0072283551276</coordinates>
            </LinearRing>
          </outerBoundaryIs>
        </Polygon>
      </Placemark>
      <Placemark xmlns="http://www.opengis.net/kml/2.2">
        <styleUrl>#Parti singole_style_map</styleUrl>
        <name>T02513</name>
        <Polygon>
          <outerBoundaryIs>
            <LinearRing>
              <coordinates>8.44817624038003,39.0063040549042 8.44951933225242,39.0061287406368 8.44936154644563,39.0056168867018 8.44930134787349,39.00550590117 8.44890087361336,39.0055670143998 8.44873717434373,39.0056849435506 8.44826435194123,39.0062293554998 8.44817624038003,39.0063040549042</coordinates>
            </LinearRing>
          </outerBoundaryIs>
        </Polygon>
      </Placemark>
      <Placemark xmlns="http://www.opengis.net/kml/2.2">
        <styleUrl>#Parti singole_style_map</styleUrl>
        <name>T02514</name>
        <Polygon>
          <outerBoundaryIs>
            <LinearRing>
              <coordinates>8.4493843527642,39.005495110496 8.44940904385389,39.0055418416062 8.44941744918236,39.0055348640628 8.4493843527642,39.005495110496</coordinates>
            </LinearRing>
          </outerBoundaryIs>
        </Polygon>
      </Placemark>
      <Placemark xmlns="http://www.opengis.net/kml/2.2">
        <styleUrl>#Parti singole_style_map</styleUrl>
        <name>T02515</name>
        <Polygon>
          <outerBoundaryIs>
            <LinearRing>
              <coordinates>8.44890087361336,39.0055670143998 8.44930134787349,39.00550590117 8.44914967934837,39.0053222776301 8.44908123832863,39.0054370798978 8.44890087361336,39.0055670143998</coordinates>
            </LinearRing>
          </outerBoundaryIs>
        </Polygon>
      </Placemark>
      <Placemark xmlns="http://www.opengis.net/kml/2.2">
        <styleUrl>#Parti singole_style_map</styleUrl>
        <name>T02516</name>
        <Polygon>
          <outerBoundaryIs>
            <LinearRing>
              <coordinates>8.44919596977537,39.0052446135003 8.44928431635635,39.0053893794526 8.44938323495324,39.0054933930615 8.44922152551766,39.0052017243096 8.44919596977537,39.0052446135003</coordinates>
            </LinearRing>
          </outerBoundaryIs>
        </Polygon>
      </Placemark>
      <Placemark xmlns="http://www.opengis.net/kml/2.2">
        <styleUrl>#Parti singole_style_map</styleUrl>
        <name>T02517</name>
        <Polygon>
          <outerBoundaryIs>
            <LinearRing>
              <coordinates>8.43975845020906,39.0069899680931 8.44098636532209,39.0068008442379 8.4421112599722,39.0066258124744 8.44286216577275,39.006510925476 8.4447699234034,39.0062086303177 8.44680733035297,39.0058909965479 8.44879862271417,39.0055873105974 8.44903468174375,39.0054165849488 8.44911764236359,39.0052702133858 8.44898846449739,39.0049715341948 8.44873695018546,39.0050104536008 8.44766192053054,39.0051838572786 8.44738312448149,39.0052304030575 8.44633926795099,39.0053982112245 8.44557161515367,39.0055198714361 8.44425241326121,39.0057329475239 8.44301178458454,39.0059355707617 8.44195011111104,39.006109156723 8.44121143890855,39.0062328102168 8.44075178200974,39.0063034158303 8.43993566050594,39.0064383500436 8.43985342214628,39.0067072151207 8.43975845020906,39.0069899680931</coordinates>
            </LinearRing>
          </outerBoundaryIs>
        </Polygon>
      </Placemark>
    </Folder>
  </Document>
</kml>

