<?xml version="1.0" encoding="UTF-8"?>
<kml xmlns="http://www.opengis.net/kml/2.2">
  <Document xmlns="">
    <Folder>
      <name>Patrimonio IGEA</name>
      <Placemark xmlns="http://www.opengis.net/kml/2.2">
        <styleUrl>#Parti singole_style_map</styleUrl>
        <name>F02025</name>
        <Polygon>
          <outerBoundaryIs>
            <LinearRing>
              <coordinates>8.44776267597545,39.3052523078858 8.44782271320638,39.3051760523191 8.44773528484498,39.3051345055093 8.44767524755574,39.305210761031 8.44776267597545,39.3052523078858</coordinates>
            </LinearRing>
          </outerBoundaryIs>
        </Polygon>
      </Placemark>
      <Placemark xmlns="http://www.opengis.net/kml/2.2">
        <styleUrl>#Parti singole_style_map</styleUrl>
        <name>F02026</name>
        <Polygon>
          <outerBoundaryIs>
            <LinearRing>
              <coordinates>8.44776267597545,39.3052523078858 8.44782271320638,39.3051760523191 8.44773528484498,39.3051345055093 8.44767524755574,39.305210761031 8.44776267597545,39.3052523078858</coordinates>
            </LinearRing>
          </outerBoundaryIs>
        </Polygon>
      </Placemark>
      <Placemark xmlns="http://www.opengis.net/kml/2.2">
        <styleUrl>#Parti singole_style_map</styleUrl>
        <name>F02027</name>
        <Polygon>
          <outerBoundaryIs>
            <LinearRing>
              <coordinates>8.43817339289518,39.2915717324903 8.43821170176749,39.2915374066936 8.43817282846339,39.2915118089787 8.43813520810455,39.291547039152 8.43817339289518,39.2915717324903</coordinates>
            </LinearRing>
          </outerBoundaryIs>
        </Polygon>
      </Placemark>
      <Placemark xmlns="http://www.opengis.net/kml/2.2">
        <styleUrl>#Parti singole_style_map</styleUrl>
        <name>F00516</name>
        <Polygon>
          <outerBoundaryIs>
            <LinearRing>
              <coordinates>8.48222230353436,39.2881804804211 8.48226089813537,39.2881860405426 8.4822625453456,39.2882032582382 8.4826153627073,39.2882794990327 8.48263347427186,39.2882275790344 8.48223418045794,39.2881422649896 8.48222230353436,39.2881804804211</coordinates>
            </LinearRing>
          </outerBoundaryIs>
        </Polygon>
      </Placemark>
      <Placemark xmlns="http://www.opengis.net/kml/2.2">
        <styleUrl>#Parti singole_style_map</styleUrl>
        <name>F00505</name>
        <Polygon>
          <outerBoundaryIs>
            <LinearRing>
              <coordinates>8.47997368763171,39.2886874748017 8.48005055247097,39.2887330518417 8.48014254556482,39.2887242990629 8.48016140633114,39.2887657152351 8.48029218167689,39.2887497198313 8.48042073044253,39.2887149361189 8.48056055528393,39.2887515580341 8.48071649452636,39.2886850886394 8.48068303788884,39.2886464007148 8.48080061276655,39.288615334057 8.48076572596752,39.2885708999823 8.48063170368607,39.2885038481778 8.48023411616832,39.2885391065608 8.48014188942761,39.2885685017946 8.48015361919266,39.2886004879874 8.48007574119342,39.2886197562184 8.47999114883767,39.2886406703716 8.47997368763171,39.2886874748017</coordinates>
            </LinearRing>
          </outerBoundaryIs>
        </Polygon>
      </Placemark>
      <Placemark xmlns="http://www.opengis.net/kml/2.2">
        <styleUrl>#Parti singole_style_map</styleUrl>
        <name>F00506</name>
        <Polygon>
          <outerBoundaryIs>
            <LinearRing>
              <coordinates>8.47997368763171,39.2886874748017 8.48005055247097,39.2887330518417 8.48014254556482,39.2887242990629 8.48016140633114,39.2887657152351 8.48029218167689,39.2887497198313 8.48042073044253,39.2887149361189 8.48056055528393,39.2887515580341 8.48071649452636,39.2886850886394 8.48068303788884,39.2886464007148 8.48080061276655,39.288615334057 8.48076572596752,39.2885708999823 8.48063170368607,39.2885038481778 8.48023411616832,39.2885391065608 8.48014188942761,39.2885685017946 8.48015361919266,39.2886004879874 8.48007574119342,39.2886197562184 8.47999114883767,39.2886406703716 8.47997368763171,39.2886874748017</coordinates>
            </LinearRing>
          </outerBoundaryIs>
        </Polygon>
      </Placemark>
      <Placemark xmlns="http://www.opengis.net/kml/2.2">
        <styleUrl>#Parti singole_style_map</styleUrl>
        <name>F02028</name>
        <Polygon>
          <outerBoundaryIs>
            <LinearRing>
              <coordinates>8.47859891498729,39.2857763744658 8.47866959406253,39.2857721588061 8.4786661630188,39.2857188813892 8.47859950725575,39.285724682932 8.47859891498729,39.2857763744658</coordinates>
            </LinearRing>
          </outerBoundaryIs>
        </Polygon>
      </Placemark>
      <Placemark xmlns="http://www.opengis.net/kml/2.2">
        <styleUrl>#Parti singole_style_map</styleUrl>
        <name>F00511</name>
        <Polygon>
          <outerBoundaryIs>
            <LinearRing>
              <coordinates>8.47375595436218,39.2660813663783 8.47380612240581,39.2660969474591 8.47392618818596,39.266134226904 8.47396738002255,39.266048117693 8.47379787230869,39.2659958371949 8.47375595436218,39.2660813663783</coordinates>
            </LinearRing>
          </outerBoundaryIs>
        </Polygon>
      </Placemark>
      <Placemark xmlns="http://www.opengis.net/kml/2.2">
        <styleUrl>#Parti singole_style_map</styleUrl>
        <name>F00512</name>
        <Polygon>
          <outerBoundaryIs>
            <LinearRing>
              <coordinates>8.47379787230869,39.2659958371949 8.47396738002255,39.266048117693 8.47400748831002,39.2659642832739 8.47383901312929,39.2659119083848 8.47379787230869,39.2659958371949</coordinates>
            </LinearRing>
          </outerBoundaryIs>
        </Polygon>
      </Placemark>
      <Placemark xmlns="http://www.opengis.net/kml/2.2">
        <styleUrl>#Parti singole_style_map</styleUrl>
        <name>F00513</name>
        <Polygon>
          <outerBoundaryIs>
            <LinearRing>
              <coordinates>8.47379787230869,39.2659958371949 8.47396738002255,39.266048117693 8.47400748831002,39.2659642832739 8.47383901312929,39.2659119083848 8.47379787230869,39.2659958371949</coordinates>
            </LinearRing>
          </outerBoundaryIs>
        </Polygon>
      </Placemark>
      <Placemark xmlns="http://www.opengis.net/kml/2.2">
        <styleUrl>#Parti singole_style_map</styleUrl>
        <name>F00514</name>
        <Polygon>
          <outerBoundaryIs>
            <LinearRing>
              <coordinates>8.47379787230869,39.2659958371949 8.47396738002255,39.266048117693 8.47400748831002,39.2659642832739 8.47383901312929,39.2659119083848 8.47379787230869,39.2659958371949</coordinates>
            </LinearRing>
          </outerBoundaryIs>
        </Polygon>
      </Placemark>
      <Placemark xmlns="http://www.opengis.net/kml/2.2">
        <styleUrl>#Parti singole_style_map</styleUrl>
        <name>F00515</name>
        <Polygon>
          <outerBoundaryIs>
            <LinearRing>
              <coordinates>8.47379787230869,39.2659958371949 8.47396738002255,39.266048117693 8.47400748831002,39.2659642832739 8.47383901312929,39.2659119083848 8.47379787230869,39.2659958371949</coordinates>
            </LinearRing>
          </outerBoundaryIs>
        </Polygon>
      </Placemark>
      <Placemark xmlns="http://www.opengis.net/kml/2.2">
        <styleUrl>#Parti singole_style_map</styleUrl>
        <name>F00519</name>
        <Polygon>
          <outerBoundaryIs>
            <LinearRing>
              <coordinates>8.49129048425747,39.2591318016657 8.49135527340312,39.2591753362735 8.4913771343476,39.2591623482708 8.4914706780542,39.2592285532827 8.49151878757032,39.2591872601731 8.49133162750622,39.2590857565683 8.49129048425747,39.2591318016657</coordinates>
            </LinearRing>
          </outerBoundaryIs>
        </Polygon>
      </Placemark>
      <Placemark xmlns="http://www.opengis.net/kml/2.2">
        <styleUrl>#Parti singole_style_map</styleUrl>
        <name>F00520</name>
        <Polygon>
          <outerBoundaryIs>
            <LinearRing>
              <coordinates>8.49129048425747,39.2591318016657 8.49135527340312,39.2591753362735 8.4913771343476,39.2591623482708 8.4914706780542,39.2592285532827 8.49151878757032,39.2591872601731 8.49133162750622,39.2590857565683 8.49129048425747,39.2591318016657</coordinates>
            </LinearRing>
          </outerBoundaryIs>
        </Polygon>
      </Placemark>
      <Placemark xmlns="http://www.opengis.net/kml/2.2">
        <styleUrl>#Parti singole_style_map</styleUrl>
        <name>T00726</name>
        <Polygon>
          <outerBoundaryIs>
            <LinearRing>
              <coordinates>8.43527470216902,39.3076636624984 8.4350216741541,39.3074987110703 8.43484490417852,39.3075286688217 8.43478432494197,39.3076483058654 8.43442792041766,39.3078045299604 8.43527470216902,39.3076636624984</coordinates>
            </LinearRing>
          </outerBoundaryIs>
        </Polygon>
      </Placemark>
      <Placemark xmlns="http://www.opengis.net/kml/2.2">
        <styleUrl>#Parti singole_style_map</styleUrl>
        <name>T00734</name>
        <Polygon>
          <outerBoundaryIs>
            <LinearRing>
              <coordinates>8.4384667385923,39.2915028655414 8.43842785152937,39.2914789798674 8.43831981978451,39.2915898299789 8.43835836189,39.2916133535977 8.4384667385923,39.2915028655414</coordinates>
            </LinearRing>
          </outerBoundaryIs>
        </Polygon>
      </Placemark>
      <Placemark xmlns="http://www.opengis.net/kml/2.2">
        <styleUrl>#Parti singole_style_map</styleUrl>
        <name>T00730</name>
        <Polygon>
          <outerBoundaryIs>
            <LinearRing>
              <coordinates>8.43876395128645,39.2950867505894 8.43920307513233,39.2947858401273 8.43976315595918,39.294047322996 8.44029007018515,39.2935112928523 8.43870770060142,39.2919527582851 8.43892005209398,39.2917892481156 8.43885965918996,39.290508904595 8.43872541009536,39.2903107887617 8.43869071907601,39.2902595941216 8.43868533353448,39.2902849150901 8.43867841683629,39.2903451359163 8.43869832521389,39.2905717325746 8.43870122724791,39.2906729451406 8.43869952885141,39.2907578082219 8.43869753774625,39.2908575374553 8.43869003171674,39.2912324522243 8.43837180458952,39.2916869453435 8.43820927273009,39.2919281866069 8.43805240976107,39.2920839440019 8.43758228547914,39.2918408180081 8.43770755659358,39.291705993482 8.43770106964543,39.291705151175 8.43768438665586,39.2917032684217 8.43763692691084,39.2916928570205 8.43766407973807,39.2916181097994 8.43649685187098,39.2929756829236 8.43634769650636,39.2934418918997 8.4364930920442,39.293762473905 8.43675632766649,39.2940804724968 8.43616176189235,39.2946759893451 8.43616963844362,39.2950961034943 8.43577888911324,39.2959416597699 8.43537526909108,39.2964972799762 8.43510580108947,39.2967088032083 8.43517426929319,39.2973518642166 8.43472773820082,39.2978917754003 8.43467733666095,39.2984913683729 8.43478680523893,39.2989245907856 8.43498316764344,39.2993108391562 8.43556497964219,39.2992550940264 8.43600763394944,39.2992127280944 8.43608825222175,39.2991959986591 8.43718142022816,39.2989034904445 8.4380170160882,39.2974360929464 8.43876395128645,39.2950867505894</coordinates>
            </LinearRing>
          </outerBoundaryIs>
          <innerBoundaryIs>
            <LinearRing>
              <coordinates>8.43917903456359,39.2928148266643 8.43910253706458,39.2927812086487 8.43914507581071,39.2927254576129 8.43922053613882,39.2927582596441 8.43917903456359,39.2928148266643</coordinates>
            </LinearRing>
          </innerBoundaryIs>
        </Polygon>
      </Placemark>
      <Placemark xmlns="http://www.opengis.net/kml/2.2">
        <styleUrl>#Parti singole_style_map</styleUrl>
        <name>T00733</name>
        <Polygon>
          <outerBoundaryIs>
            <LinearRing>
              <coordinates>8.43867841683629,39.2903451359163 8.43868533353448,39.2902849150901 8.43869071907601,39.2902595941216 8.43863423028829,39.2901762254157 8.43858254964546,39.2901717410621 8.43845997804039,39.2904336297184 8.43850797291988,39.2904640470017 8.43851333044055,39.2905800849253 8.43851534649203,39.2906238143088 8.43863831143972,39.2907132706183 8.43870122724791,39.2906729451406 8.43869832521389,39.2905717325746 8.43867841683629,39.2903451359163</coordinates>
            </LinearRing>
          </outerBoundaryIs>
        </Polygon>
      </Placemark>
      <Placemark xmlns="http://www.opengis.net/kml/2.2">
        <styleUrl>#Parti singole_style_map</styleUrl>
        <name>T00727</name>
        <Polygon>
          <outerBoundaryIs>
            <LinearRing>
              <coordinates>8.43795816278541,39.3070803073141 8.4379760168239,39.3071261675175 8.43981235618624,39.3068285818271 8.44114893861057,39.306604437028 8.44091054996999,39.3064656093651 8.44080721077671,39.306447911436 8.44072501151119,39.3064350636384 8.44052020703364,39.3063945042734 8.44000249575458,39.3061790113789 8.43968928592037,39.3063939745526 8.43962140475657,39.306457460838 8.43950106252708,39.3064238121457 8.43942410250684,39.3062922647134 8.43928974157989,39.3063061423613 8.43913340058179,39.3063927827943 8.43902272088836,39.3063517734577 8.43900424520517,39.3062965573844 8.43863944086034,39.3061896437834 8.43857445609581,39.3060779048538 8.43813378986149,39.3062130183089 8.43799367859426,39.3063816421405 8.43796800232389,39.3065972594156 8.43804249657437,39.3067728488144 8.43787772864,39.3070975885387 8.43795816278541,39.3070803073141</coordinates>
            </LinearRing>
          </outerBoundaryIs>
        </Polygon>
      </Placemark>
      <Placemark xmlns="http://www.opengis.net/kml/2.2">
        <styleUrl>#Parti singole_style_map</styleUrl>
        <name>T03462</name>
        <Polygon>
          <outerBoundaryIs>
            <LinearRing>
              <coordinates>8.44649289194105,39.3057705148525 8.44762245104312,39.3055966710363 8.44739172875362,39.3053136869388 8.44762003406964,39.3051844144041 8.44777498163051,39.3053440884161 8.44799427518861,39.3050185119117 8.44807228918102,39.3048319025167 8.44821148522441,39.3046921501757 8.44820397188774,39.3046549727349 8.44716696046112,39.3050097809603 8.44708461154627,39.3050380974824 8.44660604498977,39.3051655120553 8.44655987036154,39.3053792226938 8.44649289194105,39.3057705148525</coordinates>
            </LinearRing>
          </outerBoundaryIs>
          <innerBoundaryIs>
            <LinearRing>
              <coordinates>8.44767524755574,39.305210761031 8.44773528484498,39.3051345055093 8.44782271320638,39.3051760523191 8.44776267597545,39.3052523078858 8.44767524755574,39.305210761031</coordinates>
            </LinearRing>
          </innerBoundaryIs>
        </Polygon>
      </Placemark>
      <Placemark xmlns="http://www.opengis.net/kml/2.2">
        <styleUrl>#Parti singole_style_map</styleUrl>
        <name>T00728</name>
        <Polygon>
          <outerBoundaryIs>
            <LinearRing>
              <coordinates>8.43769305232715,39.3072649424029 8.4379224141781,39.3072283863469 8.43790717941707,39.307190017606 8.43782724608319,39.3072070218853 8.43769549549959,39.3072350389521 8.43769305232715,39.3072649424029</coordinates>
            </LinearRing>
          </outerBoundaryIs>
        </Polygon>
      </Placemark>
      <Placemark xmlns="http://www.opengis.net/kml/2.2">
        <styleUrl>#Parti singole_style_map</styleUrl>
        <name>T00740</name>
        <Polygon>
          <outerBoundaryIs>
            <LinearRing>
              <coordinates>8.43744890936392,39.2905113734337 8.43746205866803,39.2905200872271 8.43754844602383,39.2905780828768 8.43757905491477,39.2905495769803 8.43763908930022,39.2904955329562 8.43772552275413,39.2904173778365 8.4377321803373,39.2904113728756 8.43777107503371,39.2903762390889 8.43787105665944,39.2902858948439 8.43795127540823,39.2902134042568 8.43803212474278,39.2901403399773 8.43809102542068,39.2901815688171 8.43830056845363,39.2903282466785 8.43843279261182,39.2902950048801 8.43858254964546,39.2901717410621 8.43863423028829,39.2901762254157 8.43892658953879,39.2897218770272 8.43885051030626,39.2893459463415 8.43793460908679,39.2901833903818 8.43790900454995,39.2900937008663 8.43863178982249,39.289378681241 8.43814925033607,39.2897475908666 8.43765718955821,39.2902768419476 8.43744890936392,39.2905113734337</coordinates>
            </LinearRing>
          </outerBoundaryIs>
        </Polygon>
      </Placemark>
      <Placemark xmlns="http://www.opengis.net/kml/2.2">
        <styleUrl>#Parti singole_style_map</styleUrl>
        <name>T00741</name>
        <Polygon>
          <outerBoundaryIs>
            <LinearRing>
              <coordinates>8.43540956883243,39.3059269883893 8.43544701421199,39.3061166274254 8.43567053203352,39.3063407787705 8.43585549831572,39.3065014251186 8.43598988230497,39.3067620510979 8.43607304351062,39.3068153645856 8.43652338508355,39.3066606897032 8.4366243193123,39.3066759108769 8.43679860521814,39.3067846659047 8.43711346902165,39.3068841171342 8.43740891159475,39.3068801398016 8.43750934046542,39.3068282016081 8.43757293042057,39.3066375469452 8.43763707935263,39.3064074644628 8.43781355206994,39.306122950953 8.43794522261624,39.3060206227546 8.43818468507128,39.305917039887 8.43841503522482,39.305875243431 8.43881012969045,39.3058823309899 8.4391548464662,39.3061211528451 8.43932064827243,39.3061626800136 8.43977725393549,39.3061852706451 8.44002006544244,39.3061079570811 8.44014997689836,39.3061196653671 8.44065310851068,39.3063235899585 8.44072187469906,39.30642116319 8.44072501151119,39.3064350636384 8.44080721077671,39.306447911436 8.44081106102075,39.3064217450731 8.4407233479701,39.3062798746998 8.44016253217579,39.3060534526531 8.44000272201161,39.3060488360017 8.43976126447158,39.3061221913768 8.43938806149946,39.3061272957772 8.43919952073735,39.3060735037691 8.43883732418588,39.3058304979009 8.43840842774775,39.3058182463802 8.43818346597066,39.3058621142559 8.4378425851938,39.3060023669274 8.43763845115289,39.3062593454845 8.43755236555113,39.3064552257331 8.43752183079041,39.3065517891098 8.43744233660853,39.3068108385537 8.43725420126944,39.3068424570354 8.437049700072,39.306819148375 8.43678419426239,39.3067044106275 8.43663864648043,39.3066133474285 8.43648757812487,39.3066133546853 8.43610457985393,39.3067459914951 8.43603311611329,39.3067135582775 8.43593855504438,39.3065084956912 8.43575599542598,39.306328335131 8.43552527579843,39.3060939670051 8.43548960072206,39.3059351258767 8.43548781947589,39.3058638251954 8.43553347496758,39.3057246974471 8.43588781568694,39.3050701093661 8.43605299855082,39.3049484197567 8.43611107871835,39.3047870146452 8.43654412778389,39.3035783731154 8.43661327435549,39.3033860607938 8.43669404674656,39.3033102129915 8.43669536410943,39.3032038128864 8.43669506115883,39.3031027752676 8.43665250146927,39.3029287722366 8.43671735352208,39.302749774763 8.43712896351966,39.3023957299218 8.43714803044744,39.3022842525735 8.43667667110324,39.3018862966024 8.43614713174065,39.3014393182727 8.43609474294272,39.3013515801727 8.43584111284356,39.300537925231 8.43588358600925,39.3003049901274 8.43598725053434,39.3001220362671 8.43629379524974,39.3000981839954 8.43644550245513,39.300035601219 8.43656643035092,39.2998544694996 8.436496348534,39.2997677181405 8.43606352155711,39.2992588090472 8.43598179741122,39.2992717125961 8.43639871887684,39.2997379156468 8.43648596562107,39.2998447538036 8.43638451279768,39.2999907662371 8.43624743388002,39.3000557265372 8.43592173067808,39.3000896858384 8.43581333307995,39.3002987835603 8.43576630856322,39.3005453296491 8.43601339461157,39.301362151802 8.43608248794119,39.3014724704441 8.43657335365963,39.3018885445556 8.43706741856667,39.3023055601557 8.4370563885632,39.3023533892621 8.43664013878713,39.3027277483675 8.43656889152006,39.3029362426512 8.43661290741578,39.3031137488866 8.43661738442501,39.3031990110899 8.43662253108557,39.3032860966809 8.43653636480288,39.3033692799923 8.43598700053816,39.3049245010061 8.43581524524037,39.3050457261407 8.43547058088296,39.3056969279081 8.43541692834902,39.305836773717 8.43540956883243,39.3059269883893</coordinates>
            </LinearRing>
          </outerBoundaryIs>
        </Polygon>
      </Placemark>
      <Placemark xmlns="http://www.opengis.net/kml/2.2">
        <styleUrl>#Parti singole_style_map</styleUrl>
        <name>T00742</name>
        <Polygon>
          <outerBoundaryIs>
            <LinearRing>
              <coordinates>8.43917903456359,39.2928148266643 8.43922053613882,39.2927582596441 8.43914507581071,39.2927254576129 8.43910253706458,39.2927812086487 8.43917903456359,39.2928148266643</coordinates>
            </LinearRing>
          </outerBoundaryIs>
        </Polygon>
      </Placemark>
      <Placemark xmlns="http://www.opengis.net/kml/2.2">
        <styleUrl>#Parti singole_style_map</styleUrl>
        <name>T00690</name>
        <Polygon>
          <outerBoundaryIs>
            <LinearRing>
              <coordinates>8.44739172875362,39.3053136869388 8.44762245104312,39.3055966710363 8.44777498163051,39.3053440884161 8.44762003406964,39.3051844144041 8.44739172875362,39.3053136869388</coordinates>
            </LinearRing>
          </outerBoundaryIs>
        </Polygon>
      </Placemark>
      <Placemark xmlns="http://www.opengis.net/kml/2.2">
        <styleUrl>#Parti singole_style_map</styleUrl>
        <name>T00743</name>
        <Polygon>
          <outerBoundaryIs>
            <LinearRing>
              <coordinates>8.43377800527967,39.3078969713618 8.43378440284808,39.3079090767261 8.43386091999585,39.3078988165689 8.43384993766712,39.3078799309345 8.43382181323102,39.3078293346081 8.43375195037799,39.3078486377455 8.43377800527967,39.3078969713618</coordinates>
            </LinearRing>
          </outerBoundaryIs>
        </Polygon>
      </Placemark>
      <Placemark xmlns="http://www.opengis.net/kml/2.2">
        <styleUrl>#Parti singole_style_map</styleUrl>
        <name>T00711</name>
        <Polygon>
          <outerBoundaryIs>
            <LinearRing>
              <coordinates>8.39830319409128,39.2477453590544 8.39859967702832,39.2480694563383 8.3996998753047,39.2487100656695 8.40047977401781,39.2488450288727 8.40125386731996,39.2490865084972 8.40226848262096,39.2497630474712 8.40301810607002,39.2499155712628 8.40381475117364,39.2498887028468 8.40425441237189,39.249786177672 8.40598938165169,39.2493003667628 8.40631970685046,39.2492747497039 8.40662301696119,39.2492726380601 8.40699021028991,39.249403272364 8.40765797482697,39.2499125062948 8.40864499840167,39.2504886414076 8.40916264276368,39.2505761420615 8.40973606315269,39.2507234749978 8.41053896920474,39.2508354111734 8.41136339000347,39.2509968923311 8.41301877041816,39.2512736903006 8.41353995094871,39.2512942398576 8.41387927977138,39.2512431374599 8.4150716708261,39.2511648590002 8.41578293989422,39.2511180705952 8.41614894540584,39.2511143475862 8.41650893132633,39.2511363548397 8.41650372833448,39.2510650180773 8.41637172144,39.2510322420758 8.41598741262437,39.2510546522444 8.4155047659921,39.251071899801 8.41500849970883,39.2510824360173 8.41495267378789,39.2510867238386 8.41447221596815,39.2511249910671 8.41437126533708,39.2511845394736 8.41393160371037,39.2511653773032 8.41353166216638,39.2511847000822 8.41332123322231,39.2511740702118 8.41317018001758,39.251171263279 8.41294017984749,39.2511630750585 8.41269547979515,39.2511415845035 8.41244387979129,39.2510970452786 8.41191291242883,39.2509733860122 8.41169217588156,39.250934335439 8.41128920114534,39.2508716468427 8.41098039871307,39.2507939260604 8.41070347465155,39.2507374328811 8.41044145350465,39.2506824562453 8.41010187016185,39.2506326275192 8.40937606185415,39.2505174302592 8.40870958044619,39.2503925640559 8.40814782074962,39.2501022675581 8.40779735792415,39.2497965450356 8.40715505959321,39.2493169336295 8.40677847103786,39.2491680503459 8.40641566243286,39.2491016840233 8.4058914726596,39.2491336466702 8.40511797481362,39.2493927632321 8.4041724632578,39.2497044907062 8.40380934403788,39.2498005865705 8.40304725745234,39.2498111516366 8.40240302429918,39.2495577087373 8.40235174230687,39.2495291788682 8.40197189831722,39.2493948787053 8.40168081135042,39.2492514552249 8.40125181349231,39.2489560680783 8.40096543671776,39.2489172452004 8.40081828489716,39.2489277961918 8.4006790960159,39.2488034708178 8.40033137311494,39.2486472364643 8.39981012385335,39.2485369800528 8.39946345389867,39.2483365060094 8.39917955240075,39.2482036378451 8.39887384682417,39.2480647904163 8.39873892265537,39.2479925936149 8.3985789880669,39.2478596614673 8.39839118022199,39.2477609968921 8.39830319409128,39.2477453590544</coordinates>
            </LinearRing>
          </outerBoundaryIs>
        </Polygon>
      </Placemark>
      <Placemark xmlns="http://www.opengis.net/kml/2.2">
        <styleUrl>#Parti singole_style_map</styleUrl>
        <name>T00713</name>
        <Polygon>
          <outerBoundaryIs>
            <LinearRing>
              <coordinates>8.4536671682306,39.2444677828847 8.45370192043754,39.2444902385309 8.4545899881765,39.2450641333462 8.45470795998647,39.24495145739 8.45385265913824,39.2445200145408 8.45361025556411,39.2444309231833 8.4536671682306,39.2444677828847</coordinates>
            </LinearRing>
          </outerBoundaryIs>
        </Polygon>
      </Placemark>
      <Placemark xmlns="http://www.opengis.net/kml/2.2">
        <styleUrl>#Parti singole_style_map</styleUrl>
        <name>T00714</name>
        <Polygon>
          <outerBoundaryIs>
            <LinearRing>
              <coordinates>8.45523964138216,39.2444075099355 8.4552799317686,39.2443657716162 8.45494587650581,39.244118133899 8.45523964138216,39.2444075099355</coordinates>
            </LinearRing>
          </outerBoundaryIs>
        </Polygon>
      </Placemark>
      <Placemark xmlns="http://www.opengis.net/kml/2.2">
        <styleUrl>#Parti singole_style_map</styleUrl>
        <name>T00715</name>
        <Polygon>
          <outerBoundaryIs>
            <LinearRing>
              <coordinates>8.45317098828741,39.2442441854886 8.45361025556411,39.2444309231833 8.4532347206279,39.2441728496616 8.45317098828741,39.2442441854886</coordinates>
            </LinearRing>
          </outerBoundaryIs>
        </Polygon>
      </Placemark>
      <Placemark xmlns="http://www.opengis.net/kml/2.2">
        <styleUrl>#Parti singole_style_map</styleUrl>
        <name>T00692</name>
        <Polygon>
          <outerBoundaryIs>
            <LinearRing>
              <coordinates>8.45453142312492,39.2948976465678 8.45461408522979,39.2948868158228 8.45473410341959,39.2948156986683 8.45482060091754,39.294746965327 8.45510832715066,39.2945769487296 8.45512913004082,39.2945591329902 8.45516645238094,39.2944463142767 8.45521153359693,39.2942391543778 8.4551014070536,39.294098171721 8.4549040032822,39.2940249906882 8.45486739298034,39.2939757922402 8.45487761086923,39.2938769572848 8.45489546464791,39.2937041716852 8.45495522879116,39.2936566952414 8.45505398145891,39.2936134201306 8.45520620011991,39.2935467243263 8.45522959244809,39.2935269203262 8.45530263729545,39.2934475901724 8.45531430130336,39.2934313625385 8.45538117863026,39.2933383343092 8.4553948794458,39.2932613033436 8.4553246009684,39.2931169842251 8.45525852322665,39.2930485904231 8.45516636337438,39.2929850212971 8.45510020312638,39.2929557061964 8.45509810393166,39.2928899636914 8.45511278005731,39.2928292465936 8.45521132041142,39.2926995402116 8.45526205196713,39.2925501379081 8.45526006974683,39.2925021919791 8.45522330104145,39.2923538577362 8.45518192186115,39.2922901659442 8.45517565253126,39.2922537515887 8.4551756841997,39.2920807022279 8.45514250101528,39.291969490592 8.45509827682737,39.2918884129124 8.45513896673978,39.2918390899484 8.4552098820402,39.2918113538425 8.45537750297173,39.2917826467136 8.45545462279624,39.2917892069999 8.45571352051072,39.2918106563165 8.45583754413295,39.2917291043559 8.45604240544887,39.2915707630097 8.45615894685104,39.2914475375069 8.4562633108696,39.2913304813364 8.45626185141422,39.291075563212 8.45617773685028,39.290967546883 8.45610109840629,39.2909198827375 8.45602478806367,39.2908553160941 8.45591972922783,39.2907716475512 8.4558660827397,39.2907393097515 8.45570618085042,39.2906535914035 8.45564220965895,39.2906068962871 8.45563862335193,39.2905549331035 8.45563846771372,39.2905525715847 8.45563703924195,39.2905319034779 8.45575935657673,39.2903544882827 8.45578112707671,39.2903028869926 8.45577970097957,39.2902220277432 8.45575242999671,39.2901379479403 8.45576826665717,39.2901024029085 8.45580302029029,39.2900243529999 8.45581568252374,39.2899959295503 8.45584718196949,39.2899517624812 8.45597670769638,39.2898959704938 8.45605711885133,39.2898515815167 8.45610758374616,39.2897241364773 8.45602998308296,39.2895478226885 8.45591323331995,39.2894003581076 8.45589206148772,39.2892384457903 8.45572232619209,39.2890214953594 8.4556790793006,39.2889281679447 8.45557066358828,39.2886780655924 8.45555151204224,39.2886296608512 8.45552117280959,39.2885855108471 8.45543953891171,39.2885289834256 8.4553217450393,39.2884821803786 8.45522852085603,39.2884070906673 8.45495393989613,39.2880921258429 8.45492429868069,39.2881165139919 8.4552248989908,39.2884554789456 8.45536363930204,39.2885374946598 8.45550595570444,39.2886383952531 8.45552763853822,39.2887043015265 8.45560110442115,39.2888527804359 8.45568615086815,39.2890511153546 8.45572674616668,39.2891125326477 8.45576990179085,39.2891607793157 8.45585064682576,39.2892393784459 8.45587469399217,39.2894088100911 8.45599637099773,39.289572850317 8.45605381582717,39.2897150636979 8.45604540566496,39.2897709174594 8.45602134517334,39.2898262925722 8.45582758343864,39.2899071041357 8.45576761818455,39.2899705560123 8.45571122640317,39.2901429994002 8.45572864183032,39.2901910535779 8.45573682938699,39.290253787993 8.45569538252026,39.2903845278902 8.45561746410759,39.2904572847946 8.45557742349977,39.2905307054602 8.45559486012808,39.2906074496676 8.45563541545887,39.2906576665518 8.45589109735659,39.2907913731359 8.45596016919966,39.2908442912925 8.45605166129339,39.2909339335104 8.45614870068373,39.2909945602572 8.4561992089994,39.2910728285673 8.45622471926959,39.2912286968891 8.45621366743373,39.2913217162457 8.45608051646063,39.2914784919079 8.45596851457061,39.2915875017301 8.45580992276928,39.2917201177022 8.45570066736945,39.2917738687822 8.45534844716266,39.2917492884402 8.4551136857963,39.2917974685074 8.45504582936719,39.2918748495374 8.45510621992472,39.2920140135061 8.45512549725884,39.292076178144 8.45512220597456,39.292214971775 8.45514446695085,39.2923379992896 8.45516179524373,39.2923703926196 8.45520123166535,39.292419937614 8.45521842454912,39.2924922294517 8.45519282737354,39.2926304140355 8.45506519728001,39.2928402420033 8.45504727584442,39.2929052329631 8.45505553633242,39.2929734732436 8.4551118279018,39.2929998497357 8.45521901508228,39.2930725449677 8.45528513449719,39.2931520130724 8.45532781255698,39.2932382014755 8.45533721566975,39.2933101684791 8.45531337083292,39.2933659138541 8.45526627305813,39.293429470718 8.45519858169618,39.2934928590506 8.45515445646794,39.2935244870439 8.45490857929153,39.2936385004619 8.45483809992875,39.2936949823755 8.45481871101681,39.2938698152003 8.45481894625979,39.2939963978565 8.45487219597907,39.294060695027 8.45506442300741,39.2941240392746 8.45515024588487,39.2942617454209 8.45507206000666,39.2945507291016 8.45497347243275,39.2946159008582 8.45477410964009,39.2947142731094 8.45474121944587,39.2947460166598 8.45459049630908,39.2948467250182 8.45453142312492,39.2948976465678</coordinates>
            </LinearRing>
          </outerBoundaryIs>
        </Polygon>
      </Placemark>
      <Placemark xmlns="http://www.opengis.net/kml/2.2">
        <styleUrl>#Parti singole_style_map</styleUrl>
        <name>T00701</name>
        <Polygon>
          <outerBoundaryIs>
            <LinearRing>
              <coordinates>8.4715191185304,39.2861543553904 8.47170355460452,39.2863848296936 8.47190097614133,39.2866803925855 8.47199846130357,39.2867938467287 8.47208687770505,39.286875118612 8.47224812887753,39.2870173805872 8.4723770035367,39.2871199657525 8.47242008144755,39.287156762396 8.47269897471275,39.2872670736747 8.4726685101881,39.2871471028206 8.47262845456479,39.2871231871921 8.47252038769017,39.2870490802215 8.47238070126063,39.2869425355593 8.47210914276209,39.2866571706192 8.47204064434778,39.2865793230759 8.47184991502105,39.2862834664085 8.47180077096876,39.2862362437079 8.47148974131251,39.2861306410504 8.4715191185304,39.2861543553904</coordinates>
            </LinearRing>
          </outerBoundaryIs>
        </Polygon>
      </Placemark>
      <Placemark xmlns="http://www.opengis.net/kml/2.2">
        <styleUrl>#Parti singole_style_map</styleUrl>
        <name>T03463</name>
        <Polygon>
          <outerBoundaryIs>
            <LinearRing>
              <coordinates>8.47406296278231,39.2871876008182 8.47424318233677,39.28734461513 8.47443387193967,39.2873514236705 8.47449723394446,39.2873692265869 8.47449077689708,39.287516314497 8.4747858796743,39.2875978598732 8.47481572734354,39.2876038515317 8.47488029969495,39.28750163769 8.47511457785887,39.2876230772349 8.47538138539011,39.2877998983382 8.47557079525995,39.2879239730064 8.47564229672578,39.2880273952461 8.47590342193476,39.2881487199098 8.47606662193057,39.2883607188716 8.47596265969793,39.288103987485 8.4759193003222,39.2879988900731 8.47581574427863,39.2877002878268 8.47561381825072,39.2875551442811 8.47521526244143,39.2874534101034 8.47515681113622,39.2874378823943 8.47511257493669,39.287422436805 8.47481717557812,39.2873061548146 8.47466732046276,39.2872703817857 8.47427414379157,39.2871645327809 8.47415900572358,39.2871348720054 8.47386564164519,39.2871637045011 8.47406296278231,39.2871876008182</coordinates>
            </LinearRing>
          </outerBoundaryIs>
        </Polygon>
      </Placemark>
      <Placemark xmlns="http://www.opengis.net/kml/2.2">
        <styleUrl>#Parti singole_style_map</styleUrl>
        <name>T03464</name>
        <Polygon>
          <outerBoundaryIs>
            <LinearRing>
              <coordinates>8.47648329255153,39.2890184893799 8.47650481343844,39.2892037192247 8.4765807017078,39.2892727579111 8.47661952943362,39.2893139761302 8.47666742881986,39.2892939536451 8.47664732782027,39.2890783823169 8.47648329255153,39.2890184893799</coordinates>
            </LinearRing>
          </outerBoundaryIs>
        </Polygon>
      </Placemark>
      <Placemark xmlns="http://www.opengis.net/kml/2.2">
        <styleUrl>#Parti singole_style_map</styleUrl>
        <name>T03465</name>
        <Polygon>
          <outerBoundaryIs>
            <LinearRing>
              <coordinates>8.46751061513851,39.2809923502591 8.46755494917277,39.2813093862911 8.46763255586576,39.2817860183049 8.46765809745236,39.2819406861437 8.46778156273436,39.282345154125 8.46779588584356,39.2823920751091 8.46790245842781,39.2827124772412 8.46791439916402,39.2827402396463 8.46799553357103,39.2828984234549 8.46807192616517,39.2830566125584 8.46815192198102,39.2831370650376 8.46831668548077,39.2833002443003 8.46844729792627,39.2834458136594 8.46863818160073,39.2838701687903 8.46868227565681,39.2839637386606 8.46870392703978,39.2840122518303 8.46891717647827,39.2844708139585 8.46897406220106,39.2846638567556 8.46931896779073,39.2851785516088 8.46941905243841,39.2852693849958 8.46945958522022,39.2853066036462 8.46947434858088,39.2853154022944 8.46975669346404,39.2854338369529 8.46982671433658,39.2854615574532 8.46975120916742,39.2855567534503 8.46986593047025,39.2856057175245 8.46994029762137,39.2855122733486 8.47019615348952,39.2856009952477 8.4702806946564,39.2856190680951 8.47062151549206,39.2857020666134 8.47069017772864,39.2857270591928 8.47088818958406,39.285806370595 8.47105995407764,39.2858698657691 8.47116995009361,39.2859398649975 8.47122328375452,39.2859156164047 8.47140955030522,39.2860659316307 8.47148974131251,39.2861306410504 8.47180077096876,39.2862362437079 8.47164806731024,39.2860894424972 8.47159653371646,39.2861102303534 8.47129246800856,39.2858481706081 8.47133123331958,39.2858060957492 8.47107207859434,39.2856932217794 8.47069707117233,39.2856077262947 8.470184165722,39.2854824053859 8.46994698104107,39.2853625375578 8.46957739092563,39.2851772790577 8.46953930581396,39.2851506591364 8.46943817284213,39.2850742831863 8.46945237851178,39.2850786190158 8.46945388413881,39.2850711650514 8.46924278826837,39.2848210844952 8.46914434574626,39.2847017757337 8.46907444116152,39.2845176121954 8.46902786035509,39.2843878262815 8.46898185162073,39.2842069074332 8.46892053963305,39.2840718280543 8.46883982528546,39.2839082404324 8.46879572611518,39.2838321963417 8.46871383721588,39.2836599440149 8.46867345003246,39.2835760415023 8.46858480207345,39.2833930625533 8.46849252889021,39.283301615343 8.46843927075348,39.2832562376245 8.46836314804565,39.2831066822168 8.46823658846689,39.2828515795913 8.46810822855951,39.2825771046655 8.46793209255533,39.2821888857285 8.46791068403023,39.2821360033393 8.46775761038542,39.2816284711822 8.46766089759438,39.2813000854662 8.46763671699703,39.2809933237372 8.46764577530848,39.2807204319913 8.46791757345316,39.2800269164299 8.4679593354888,39.2800344961401 8.46796243624899,39.2799480439166 8.46796697910272,39.2797246901418 8.46797087937654,39.2795663093757 8.46796191340172,39.2795515088998 8.46795247623942,39.2794948066441 8.46791449365113,39.2792483803047 8.46782356398714,39.2794320254717 8.46783284368509,39.2794727601073 8.46786934488014,39.2796529692733 8.46785899925151,39.2797606715724 8.46784587833088,39.2798827241863 8.46781782239306,39.2800310647034 8.46766813616203,39.2804423839123 8.46755247627968,39.2807741952701 8.46751061513851,39.2809923502591</coordinates>
            </LinearRing>
          </outerBoundaryIs>
        </Polygon>
      </Placemark>
      <Placemark xmlns="http://www.opengis.net/kml/2.2">
        <styleUrl>#Parti singole_style_map</styleUrl>
        <name>T00698</name>
        <Polygon>
          <outerBoundaryIs>
            <LinearRing>
              <coordinates>8.46737979844547,39.2773893748484 8.46713513556311,39.2774802266587 8.46703961708574,39.2775458825028 8.46701897856614,39.2775690805663 8.46699576920526,39.2776071795166 8.46702248209611,39.2776070045221 8.46720334251566,39.2775732408074 8.46722983000156,39.2775676222857 8.46721761403748,39.277518196866 8.467364179381,39.2774845732213 8.46739690768289,39.2774708375779 8.46737979844547,39.2773893748484</coordinates>
            </LinearRing>
          </outerBoundaryIs>
        </Polygon>
      </Placemark>
      <Placemark xmlns="http://www.opengis.net/kml/2.2">
        <styleUrl>#Parti singole_style_map</styleUrl>
        <name>T00699</name>
        <Polygon>
          <outerBoundaryIs>
            <LinearRing>
              <coordinates>8.46739690768289,39.2774708375779 8.467364179381,39.2774845732213 8.46721761403748,39.277518196866 8.46722983000156,39.2775676222857 8.46740925046002,39.2775295535655 8.46739690768289,39.2774708375779</coordinates>
            </LinearRing>
          </outerBoundaryIs>
        </Polygon>
      </Placemark>
      <Placemark xmlns="http://www.opengis.net/kml/2.2">
        <styleUrl>#Parti singole_style_map</styleUrl>
        <name>T03466</name>
        <Polygon>
          <outerBoundaryIs>
            <LinearRing>
              <coordinates>8.46739690768289,39.2774708375779 8.46740081553899,39.2774691975004 8.46745281549902,39.2774473863765 8.46750486158963,39.2774546799206 8.46749399108176,39.277376075109 8.46740630115452,39.2773802061498 8.46737979844547,39.2773893748484 8.46739690768289,39.2774708375779</coordinates>
            </LinearRing>
          </outerBoundaryIs>
        </Polygon>
      </Placemark>
      <Placemark xmlns="http://www.opengis.net/kml/2.2">
        <styleUrl>#Parti singole_style_map</styleUrl>
        <name>T00703</name>
        <Polygon>
          <outerBoundaryIs>
            <LinearRing>
              <coordinates>8.46763816838974,39.2780755847228 8.46754846271507,39.2776462751858 8.46752473340064,39.2775403182047 8.46748965473049,39.2775475193992 8.46748680291999,39.2775153562602 8.46751868417699,39.2775093658867 8.46750645597247,39.2774661217635 8.46750486158963,39.2774546799206 8.46745281549902,39.2774473863765 8.46740081553899,39.2774691975004 8.46739690768289,39.2774708375779 8.46740925046002,39.2775295535655 8.46741684588588,39.2775691181604 8.46743220100664,39.2776281002311 8.46747033751618,39.2778064428386 8.46760023659525,39.2783752413481 8.46766892627345,39.2786848469771 8.46767764774576,39.2787104771879 8.46769228101245,39.2788219701138 8.46772640680703,39.2789988525488 8.46773291211872,39.279033906791 8.46782356398714,39.2794320254717 8.46791449365113,39.2792483803047 8.46789346316404,39.2791119887037 8.46779081811492,39.2786119765729 8.46763816838974,39.2780755847228</coordinates>
            </LinearRing>
          </outerBoundaryIs>
        </Polygon>
      </Placemark>
      <Placemark xmlns="http://www.opengis.net/kml/2.2">
        <styleUrl>#Parti singole_style_map</styleUrl>
        <name>T00746</name>
        <Polygon>
          <outerBoundaryIs>
            <LinearRing>
              <coordinates>8.47616508631496,39.2884777962089 8.47626843605913,39.2886768654293 8.47630725508482,39.2887456293047 8.47636718021663,39.2888094061433 8.47652007045983,39.2889581753057 8.47666029882383,39.2890244758187 8.47711594391237,39.2890210909649 8.47724175935438,39.2890188810319 8.47743657831623,39.2891571146817 8.47752938851439,39.2892241563004 8.477579077388,39.2894141078674 8.47745421290663,39.2896547444798 8.47731819662567,39.28993692405 8.47727892898892,39.2901760436976 8.47727884103006,39.2901909829739 8.47739461998719,39.2904658145367 8.4774358210234,39.2905591427611 8.4775020789305,39.2906495649266 8.47767403783225,39.2908967424659 8.47774204952581,39.2909431913465 8.4780088828405,39.2911237999735 8.47804812080621,39.2911506295286 8.47805525371022,39.2911488684065 8.47811740764019,39.2910816844246 8.47796966504509,39.290994384164 8.477951293086,39.2910058804266 8.47776402770405,39.2908630681161 8.47765868180315,39.2907708487074 8.47758058370749,39.2906929883899 8.47751157277268,39.2906203499555 8.47748196823089,39.2905643148867 8.47741279550106,39.2904246003287 8.47735959435903,39.2902656296101 8.47740941754806,39.2901086264272 8.47752888432336,39.2897987277424 8.47762674452047,39.2895594205352 8.47764171884554,39.2893888168627 8.47760438696785,39.2892196272993 8.47746689350063,39.2890645041085 8.47729187828577,39.2889654297006 8.47699977897051,39.2889854993695 8.47687598911819,39.28899443109 8.47670989206765,39.2889778344335 8.47652107568062,39.2889135229976 8.47640043853894,39.2887965984868 8.47637403451379,39.2887220876505 8.47624689053952,39.2883737128988 8.47616508631496,39.2884777962089</coordinates>
            </LinearRing>
          </outerBoundaryIs>
        </Polygon>
      </Placemark>
      <Placemark xmlns="http://www.opengis.net/kml/2.2">
        <styleUrl>#Parti singole_style_map</styleUrl>
        <name>T00695</name>
        <Polygon>
          <outerBoundaryIs>
            <LinearRing>
              <coordinates>8.46897321936822,39.2847462374128 8.46910320643955,39.2852099246408 8.46941905243841,39.2852693849958 8.46931896779073,39.2851785516088 8.46897406220106,39.2846638567556 8.46891717647827,39.2844708139585 8.46897321936822,39.2847462374128</coordinates>
            </LinearRing>
          </outerBoundaryIs>
        </Polygon>
      </Placemark>
      <Placemark xmlns="http://www.opengis.net/kml/2.2">
        <styleUrl>#Parti singole_style_map</styleUrl>
        <name>T00696</name>
        <Polygon>
          <outerBoundaryIs>
            <LinearRing>
              <coordinates>8.47192114329551,39.2998292600336 8.47198075861196,39.2998300622394 8.47197930527435,39.2998058710806 8.47197739604104,39.299794499996 8.47192023718173,39.2997939882683 8.47192114329551,39.2998292600336</coordinates>
            </LinearRing>
          </outerBoundaryIs>
        </Polygon>
      </Placemark>
      <Placemark xmlns="http://www.opengis.net/kml/2.2">
        <styleUrl>#Parti singole_style_map</styleUrl>
        <name>T00700</name>
        <Polygon>
          <outerBoundaryIs>
            <LinearRing>
              <coordinates>8.46750645597247,39.2774661217635 8.46770705457983,39.2774866017455 8.4678542936229,39.2775339324695 8.4677744053864,39.2774309625392 8.46757448173995,39.2773719020507 8.46749399108176,39.277376075109 8.46750486158963,39.2774546799206 8.46750645597247,39.2774661217635</coordinates>
            </LinearRing>
          </outerBoundaryIs>
        </Polygon>
      </Placemark>
      <Placemark xmlns="http://www.opengis.net/kml/2.2">
        <styleUrl>#Parti singole_style_map</styleUrl>
        <name>T03475</name>
        <Polygon>
          <outerBoundaryIs>
            <LinearRing>
              <coordinates>8.45616269066305,39.2781899902397 8.45643812190877,39.2783472969424 8.45658450845476,39.2782342119385 8.45698132778959,39.2779276651961 8.45686451856547,39.2778891220341 8.45682940851812,39.2779242259156 8.45672825282202,39.277964914431 8.45660554750111,39.2779962122249 8.45658513550254,39.2781336107289 8.45633973260733,39.2781906012809 8.45616269066305,39.2781899902397</coordinates>
            </LinearRing>
          </outerBoundaryIs>
        </Polygon>
      </Placemark>
      <Placemark xmlns="http://www.opengis.net/kml/2.2">
        <styleUrl>#Parti singole_style_map</styleUrl>
        <name>T03476</name>
        <Polygon>
          <outerBoundaryIs>
            <LinearRing>
              <coordinates>8.45701172397375,39.2773981777844 8.45716570227885,39.2774365968481 8.45716026258508,39.2758470887182 8.45710635025761,39.2757559915843 8.4569835427271,39.275670474936 8.45701172397375,39.2773981777844</coordinates>
            </LinearRing>
          </outerBoundaryIs>
        </Polygon>
      </Placemark>
      <Placemark xmlns="http://www.opengis.net/kml/2.2">
        <styleUrl>#Parti singole_style_map</styleUrl>
        <name>T03477</name>
        <Polygon>
          <outerBoundaryIs>
            <LinearRing>
              <coordinates>8.45716570227885,39.2774365968481 8.45786782207724,39.2776029182383 8.45776944822595,39.2774108749651 8.45769070317151,39.2772247800224 8.45739277808223,39.2768952855404 8.45741477717427,39.2768208698557 8.45719351782962,39.2761736375004 8.45718537048921,39.2758895289817 8.45716026258508,39.2758470887182 8.45716570227885,39.2774365968481</coordinates>
            </LinearRing>
          </outerBoundaryIs>
          <innerBoundaryIs>
            <LinearRing>
              <coordinates>8.45720463247045,39.2765404057432 8.45724324028366,39.2765416671094 8.45724275583426,39.2766299334056 8.45720344126155,39.2766301104501 8.45720463247045,39.2765404057432</coordinates>
            </LinearRing>
          </innerBoundaryIs>
        </Polygon>
      </Placemark>
      <Placemark xmlns="http://www.opengis.net/kml/2.2">
        <styleUrl>#Parti singole_style_map</styleUrl>
        <name>T00747</name>
        <Polygon>
          <outerBoundaryIs>
            <LinearRing>
              <coordinates>8.4539602916537,39.2775795024507 8.45397528851181,39.2778532899639 8.45429616209839,39.2777654904411 8.45468085974837,39.2777102743845 8.45468306149,39.2777074193093 8.45468714653257,39.2777083845735 8.45529414832938,39.2778508839758 8.45573049643552,39.2779542056865 8.45599083021589,39.2780921239542 8.45616269066305,39.2781899902397 8.45633973260733,39.2781906012809 8.45658513550254,39.2781336107289 8.45660554750111,39.2779962122249 8.45672825282202,39.277964914431 8.45682940851812,39.2779242259156 8.45686451856547,39.2778891220341 8.45665754403026,39.2778208460596 8.45657436666261,39.2776655281595 8.45633338881929,39.2774444069744 8.45624516815742,39.2774286315647 8.45567997463245,39.2773863871895 8.45480386505986,39.2773608312468 8.45394386715733,39.2774074206794 8.4539602916537,39.2775795024507</coordinates>
            </LinearRing>
          </outerBoundaryIs>
        </Polygon>
      </Placemark>
      <Placemark xmlns="http://www.opengis.net/kml/2.2">
        <styleUrl>#Parti singole_style_map</styleUrl>
        <name>T03467</name>
        <Polygon>
          <outerBoundaryIs>
            <LinearRing>
              <coordinates>8.43823005658789,39.289167838284 8.43851675136581,39.2888240666636 8.43851257987817,39.288803955245 8.43841617539186,39.2887866650396 8.43834741569257,39.2887492412752 8.43801552471713,39.2891278234578 8.43823005658789,39.289167838284</coordinates>
            </LinearRing>
          </outerBoundaryIs>
        </Polygon>
      </Placemark>
      <Placemark xmlns="http://www.opengis.net/kml/2.2">
        <styleUrl>#Parti singole_style_map</styleUrl>
        <name>T03468</name>
        <Polygon>
          <outerBoundaryIs>
            <LinearRing>
              <coordinates>8.43759977896465,39.2855411074982 8.4375286216609,39.2856670929116 8.43755897676296,39.2860466782437 8.43788620713532,39.2863774186553 8.4377604378437,39.2872278670618 8.43774229501738,39.2873505945665 8.43802375413694,39.2886063268636 8.43795518044399,39.2889888581099 8.43791456335166,39.2891089540612 8.43801552471713,39.2891278234578 8.43834741569257,39.2887492412752 8.43841617539186,39.2887866650396 8.43851257987817,39.288803955245 8.43783629626363,39.2855433317011 8.43759977896465,39.2855411074982</coordinates>
            </LinearRing>
          </outerBoundaryIs>
        </Polygon>
      </Placemark>
      <Placemark xmlns="http://www.opengis.net/kml/2.2">
        <styleUrl>#Parti singole_style_map</styleUrl>
        <name>T00748</name>
        <Polygon>
          <outerBoundaryIs>
            <LinearRing>
              <coordinates>8.45720344126155,39.2766301104501 8.45724275583426,39.2766299334056 8.45724324028366,39.2765416671094 8.45720463247045,39.2765404057432 8.45720344126155,39.2766301104501</coordinates>
            </LinearRing>
          </outerBoundaryIs>
        </Polygon>
      </Placemark>
      <Placemark xmlns="http://www.opengis.net/kml/2.2">
        <styleUrl>#Parti singole_style_map</styleUrl>
        <name>T00749</name>
        <Polygon>
          <outerBoundaryIs>
            <LinearRing>
              <coordinates>8.45633350784163,39.2761579087338 8.45666876920844,39.2767751108649 8.45668327264219,39.2767766022706 8.45668487143928,39.2768292410755 8.45669969476719,39.2773203288577 8.45701172397375,39.2773981777844 8.4569835427271,39.275670474936 8.45680747309588,39.275547855881 8.45676633443373,39.2755381215329 8.45668797106749,39.2760007331383 8.45659083268827,39.2760754826371 8.45633350784163,39.2761579087338</coordinates>
            </LinearRing>
          </outerBoundaryIs>
        </Polygon>
      </Placemark>
      <Placemark xmlns="http://www.opengis.net/kml/2.2">
        <styleUrl>#Parti singole_style_map</styleUrl>
        <name>T00750</name>
        <Polygon>
          <outerBoundaryIs>
            <LinearRing>
              <coordinates>8.455698501776,39.2772111261813 8.45632743731133,39.2772650577871 8.45669969476719,39.2773203288577 8.45668487143928,39.2768292410755 8.45630177143019,39.2769020600744 8.45599642054287,39.2770267643403 8.455698501776,39.2772111261813</coordinates>
            </LinearRing>
          </outerBoundaryIs>
        </Polygon>
      </Placemark>
      <Placemark xmlns="http://www.opengis.net/kml/2.2">
        <styleUrl>#Parti singole_style_map</styleUrl>
        <name>T00751</name>
        <Polygon>
          <outerBoundaryIs>
            <LinearRing>
              <coordinates>8.455067230104,39.2771700384683 8.455698501776,39.2772111261813 8.45599642054287,39.2770267643403 8.45630177143019,39.2769020600744 8.45668487143928,39.2768292410755 8.45668327264219,39.2767766022706 8.45666876920844,39.2767751108649 8.45633350784163,39.2761579087338 8.45629365557333,39.2761706798813 8.45599639536228,39.2762929890914 8.4558101847564,39.2762972725101 8.45551198223013,39.2764407781845 8.45522384616759,39.2765148759512 8.45504592984907,39.2766290911407 8.4549126830273,39.2766774400495 8.45465261638568,39.2764925840132 8.45453480645446,39.2763758031622 8.45444270381783,39.2764167844402 8.45400330444372,39.2768644822424 8.45403731072804,39.2768730847997 8.45466677424084,39.2771273891458 8.455067230104,39.2771700384683</coordinates>
            </LinearRing>
          </outerBoundaryIs>
        </Polygon>
      </Placemark>
      <Placemark xmlns="http://www.opengis.net/kml/2.2">
        <styleUrl>#Parti singole_style_map</styleUrl>
        <name>T00716</name>
        <Polygon>
          <outerBoundaryIs>
            <LinearRing>
              <coordinates>8.48133321159738,39.2912698620449 8.48142014351732,39.2913203938546 8.48152001682962,39.2913630268596 8.48161046092899,39.2913807753842 8.48169521655444,39.2912453803902 8.48137386189839,39.291127548708 8.48135512603517,39.2910925939445 8.48115371543483,39.291138578399 8.48133321159738,39.2912698620449</coordinates>
            </LinearRing>
          </outerBoundaryIs>
        </Polygon>
      </Placemark>
      <Placemark xmlns="http://www.opengis.net/kml/2.2">
        <styleUrl>#Parti singole_style_map</styleUrl>
        <name>T00767</name>
        <Polygon>
          <outerBoundaryIs>
            <LinearRing>
              <coordinates>8.47874948520428,39.287716279152 8.47930981671535,39.28811010311 8.47889928470161,39.2875019917818 8.47879823988495,39.2875869782964 8.47884102374613,39.2876138865553 8.47874948520428,39.287716279152</coordinates>
            </LinearRing>
          </outerBoundaryIs>
        </Polygon>
      </Placemark>
      <Placemark xmlns="http://www.opengis.net/kml/2.2">
        <styleUrl>#Parti singole_style_map</styleUrl>
        <name>T03478</name>
        <Polygon>
          <outerBoundaryIs>
            <LinearRing>
              <coordinates>8.47828514143263,39.2908145678495 8.479019778576,39.2909536773196 8.47904944142177,39.2909332297963 8.47912493210123,39.2908578512232 8.4792045185432,39.2907805536417 8.47901171373662,39.2907636875314 8.47879048880796,39.2905872682204 8.47844353989466,39.2905817487886 8.47828514143263,39.2908145678495</coordinates>
            </LinearRing>
          </outerBoundaryIs>
        </Polygon>
      </Placemark>
      <Placemark xmlns="http://www.opengis.net/kml/2.2">
        <styleUrl>#Parti singole_style_map</styleUrl>
        <name>T03479</name>
        <Polygon>
          <outerBoundaryIs>
            <LinearRing>
              <coordinates>8.4781406863255,39.2910262471477 8.47830637975895,39.2910978950746 8.47846815379721,39.2911289772399 8.47851948954697,39.2911413176633 8.47871022627852,39.2911166542155 8.47887573607745,39.291045896082 8.47891456581347,39.2910261834721 8.479019778576,39.2909536773196 8.47828514143263,39.2908145678495 8.4781406863255,39.2910262471477</coordinates>
            </LinearRing>
          </outerBoundaryIs>
        </Polygon>
      </Placemark>
      <Placemark xmlns="http://www.opengis.net/kml/2.2">
        <styleUrl>#Parti singole_style_map</styleUrl>
        <name>T03480</name>
        <Polygon>
          <outerBoundaryIs>
            <LinearRing>
              <coordinates>8.48063170368607,39.2885038481778 8.4805565423303,39.288466235539 8.48054788034685,39.2884761792707 8.48063170368607,39.2885038481778</coordinates>
            </LinearRing>
          </outerBoundaryIs>
        </Polygon>
      </Placemark>
      <Placemark xmlns="http://www.opengis.net/kml/2.2">
        <styleUrl>#Parti singole_style_map</styleUrl>
        <name>T03481</name>
        <Polygon>
          <outerBoundaryIs>
            <LinearRing>
              <coordinates>8.48070116462855,39.2882945521984 8.48073915056806,39.2883134278662 8.48090795006997,39.2883973314672 8.48093343381779,39.288391435047 8.48089975453947,39.2883232452818 8.48082305848474,39.2882626577889 8.48071653555566,39.2882731934465 8.48070116462855,39.2882945521984</coordinates>
            </LinearRing>
          </outerBoundaryIs>
        </Polygon>
      </Placemark>
      <Placemark xmlns="http://www.opengis.net/kml/2.2">
        <styleUrl>#Parti singole_style_map</styleUrl>
        <name>T03482</name>
        <Polygon>
          <outerBoundaryIs>
            <LinearRing>
              <coordinates>8.48076572596752,39.2885708999823 8.48093087403363,39.2885637074836 8.48099150035935,39.2885472361273 8.48095073241691,39.2885187968298 8.48093343381779,39.288391435047 8.48090795006997,39.2883973314672 8.48076572596752,39.2885708999823</coordinates>
            </LinearRing>
          </outerBoundaryIs>
        </Polygon>
      </Placemark>
      <Placemark xmlns="http://www.opengis.net/kml/2.2">
        <styleUrl>#Parti singole_style_map</styleUrl>
        <name>T03483</name>
        <Polygon>
          <outerBoundaryIs>
            <LinearRing>
              <coordinates>8.48133834606668,39.2884538825023 8.48142786220427,39.2884507403178 8.48142832924751,39.2884094555454 8.48133640147607,39.2884125779692 8.48133834606668,39.2884538825023</coordinates>
            </LinearRing>
          </outerBoundaryIs>
        </Polygon>
      </Placemark>
      <Placemark xmlns="http://www.opengis.net/kml/2.2">
        <styleUrl>#Parti singole_style_map</styleUrl>
        <name>T00753</name>
        <Polygon>
          <outerBoundaryIs>
            <LinearRing>
              <coordinates>8.48269029856085,39.2887967018452 8.48279695947032,39.2887974193139 8.48279724549725,39.2887727403822 8.4827667743602,39.2887725238312 8.48276702586479,39.2887493855691 8.48269083628755,39.2887488666315 8.48269029856085,39.2887967018452</coordinates>
            </LinearRing>
          </outerBoundaryIs>
        </Polygon>
      </Placemark>
      <Placemark xmlns="http://www.opengis.net/kml/2.2">
        <styleUrl>#Parti singole_style_map</styleUrl>
        <name>T00721</name>
        <Polygon>
          <outerBoundaryIs>
            <LinearRing>
              <coordinates>8.48940427074466,39.2705116791494 8.48946449076172,39.2713549025621 8.48947541550307,39.2715202966654 8.48968328120531,39.2719946931929 8.49001368412676,39.2727312517847 8.4901062708569,39.2724090388231 8.49031303494729,39.2716500101142 8.49050073094666,39.2709925200219 8.4906298483484,39.2704900634132 8.49063300621126,39.2704782101545 8.48982491929945,39.2703446097253 8.4899970081746,39.2698412068148 8.48967548026583,39.2696213869811 8.48944693424573,39.2695246638571 8.48942781567044,39.2701364510837 8.48940427074466,39.2705116791494</coordinates>
            </LinearRing>
          </outerBoundaryIs>
        </Polygon>
      </Placemark>
      <Placemark xmlns="http://www.opengis.net/kml/2.2">
        <styleUrl>#Parti singole_style_map</styleUrl>
        <name>T00722</name>
        <Polygon>
          <outerBoundaryIs>
            <LinearRing>
              <coordinates>8.48982491929945,39.2703446097253 8.49063300621126,39.2704782101545 8.49070502176881,39.2702072674802 8.49048115679832,39.2701343911481 8.49029551401396,39.270045273343 8.4899970081746,39.2698412068148 8.48982491929945,39.2703446097253</coordinates>
            </LinearRing>
          </outerBoundaryIs>
        </Polygon>
      </Placemark>
      <Placemark xmlns="http://www.opengis.net/kml/2.2">
        <styleUrl>#Parti singole_style_map</styleUrl>
        <name>T00723</name>
        <Polygon>
          <outerBoundaryIs>
            <LinearRing>
              <coordinates>8.48344653438927,39.2698391289072 8.48372116513732,39.2699136136184 8.48398437529873,39.2699379295738 8.48419477381892,39.2699318520672 8.48486750550053,39.2698707480634 8.48515952078924,39.2699159134668 8.48532279021037,39.2699170231742 8.48547675988696,39.2698947448304 8.48654891299352,39.2694448731028 8.48686469508141,39.2693307399395 8.48674376744156,39.2690334844928 8.48728748570747,39.2689699231363 8.48795124576185,39.269045580127 8.48919807031008,39.2689138000154 8.48990758265951,39.2690282845435 8.48983086481658,39.2689533306607 8.48981501823705,39.2688574955229 8.48984703414351,39.2685893064047 8.48981662255336,39.2684990120589 8.48964499886421,39.2684978449877 8.4893190061895,39.2686814584264 8.48914086965185,39.2686145560424 8.48900170960396,39.268521639471 8.48889799985007,39.2685002882009 8.48859863557277,39.2685447923295 8.48833674930778,39.2686162132375 8.48827064127043,39.2686908464647 8.48811573456466,39.2687085649819 8.48786196545694,39.2687030782058 8.4875640423886,39.2686482431082 8.48732983773333,39.2686241261145 8.48702304088676,39.2686051491444 8.48642360186884,39.2685973149275 8.48608673027347,39.2685933317088 8.48597998383268,39.2686338678981 8.4859831929913,39.2687784136024 8.48595799504939,39.2688683371448 8.48579366085386,39.2690258298531 8.48550454664023,39.2691533688007 8.48524043718444,39.2692078778469 8.48494750678412,39.2692453006066 8.48458856044211,39.2692713921484 8.48421144825817,39.269270703383 8.48363024756517,39.269187444034 8.48349270284448,39.269552433423 8.48345036556558,39.2696647890339 8.48344653438927,39.2698391289072</coordinates>
            </LinearRing>
          </outerBoundaryIs>
        </Polygon>
      </Placemark>
      <Placemark xmlns="http://www.opengis.net/kml/2.2">
        <styleUrl>#Parti singole_style_map</styleUrl>
        <name>T03484</name>
        <Polygon>
          <outerBoundaryIs>
            <LinearRing>
              <coordinates>8.48114445980474,39.2882780670284 8.48117973319635,39.2882701597786 8.48116818574493,39.2882212795074 8.48097099169295,39.2881260854091 8.48114445980474,39.2882780670284</coordinates>
            </LinearRing>
          </outerBoundaryIs>
        </Polygon>
      </Placemark>
      <Placemark xmlns="http://www.opengis.net/kml/2.2">
        <styleUrl>#Parti singole_style_map</styleUrl>
        <name>T00771</name>
        <Polygon>
          <outerBoundaryIs>
            <LinearRing>
              <coordinates>8.48340909932749,39.2615228185878 8.48360950587222,39.2617849193436 8.48376184481697,39.2617803239735 8.48401501855564,39.2622015888801 8.48399256174759,39.2623191690889 8.48387601101529,39.2625532909302 8.48390917820581,39.262658421723 8.48399020263606,39.2627101960961 8.48452068155972,39.2625061930205 8.48480698646822,39.2624105417664 8.48497794168625,39.2624328881306 8.48495708942097,39.2624028082229 8.48479278126164,39.2623813202415 8.48451703805507,39.2624814244801 8.48399931698596,39.262674932578 8.48393840330889,39.2626357722729 8.48391203900284,39.2625607944369 8.48408744328709,39.2622547667702 8.48399070537574,39.2620350623936 8.48376229248438,39.261683019368 8.48385225273693,39.2614962570701 8.483758477278,39.2613374509462 8.48358449143657,39.2613036277295 8.4834614321705,39.261395008781 8.48340909932749,39.2615228185878</coordinates>
            </LinearRing>
          </outerBoundaryIs>
        </Polygon>
      </Placemark>
      <Placemark xmlns="http://www.opengis.net/kml/2.2">
        <styleUrl>#Parti singole_style_map</styleUrl>
        <name>T02251</name>
        <Polygon>
          <outerBoundaryIs>
            <LinearRing>
              <coordinates>8.47211168241372,39.2759246446381 8.47240952464936,39.2762043353098 8.47327568084741,39.2754406755651 8.47244822375621,39.274803169897 8.47230378344284,39.2746520726386 8.47216533819101,39.2754087022759 8.47204173999012,39.2758675510296 8.47211168241372,39.2759246446381</coordinates>
            </LinearRing>
          </outerBoundaryIs>
        </Polygon>
      </Placemark>
      <Placemark xmlns="http://www.opengis.net/kml/2.2">
        <styleUrl>#Parti singole_style_map</styleUrl>
        <name>T02252</name>
        <Polygon>
          <outerBoundaryIs>
            <LinearRing>
              <coordinates>8.47204173999012,39.2758675510296 8.47216533819101,39.2754087022759 8.47230378344284,39.2746520726386 8.47225927925392,39.2746055288765 8.47217900959327,39.2749466515723 8.47209097197423,39.2754374784233 8.47200312763719,39.2758360366904 8.47204173999012,39.2758675510296</coordinates>
            </LinearRing>
          </outerBoundaryIs>
        </Polygon>
      </Placemark>
      <Placemark xmlns="http://www.opengis.net/kml/2.2">
        <styleUrl>#Parti singole_style_map</styleUrl>
        <name>T02253</name>
        <Polygon>
          <outerBoundaryIs>
            <LinearRing>
              <coordinates>8.4708130494812,39.2746386889125 8.47092783624555,39.2747752811554 8.47102685409861,39.2747735777683 8.47116579983591,39.274967416318 8.47146822757027,39.2753994377799 8.47158602208601,39.275495585074 8.4719657944114,39.2758055553602 8.47200312763719,39.2758360366904 8.47209097197423,39.2754374784233 8.47217900959327,39.2749466515723 8.47225927925392,39.2746055288765 8.47187426185575,39.2742027797381 8.47153174458026,39.2743449270328 8.47100902599189,39.2745144847154 8.47089621264663,39.2745839757851 8.4708130494812,39.2746386889125</coordinates>
            </LinearRing>
          </outerBoundaryIs>
          <innerBoundaryIs>
            <LinearRing>
              <coordinates>8.4713725907826,39.2746446382381 8.47157440085966,39.2745446802983 8.47160784620869,39.2745786943124 8.4713963397317,39.2746823386838 8.4713725907826,39.2746446382381</coordinates>
            </LinearRing>
          </innerBoundaryIs>
        </Polygon>
      </Placemark>
      <Placemark xmlns="http://www.opengis.net/kml/2.2">
        <styleUrl>#Parti singole_style_map</styleUrl>
        <name>T03469</name>
        <Polygon>
          <outerBoundaryIs>
            <LinearRing>
              <coordinates>8.47430773895724,39.2825359867365 8.4741608213447,39.282336799812 8.47424073476064,39.2819006119986 8.47419269199426,39.2813375613921 8.47261192468794,39.2817492683422 8.47257427734402,39.2817555583503 8.47162764503243,39.2819093557938 8.47175336462691,39.2822837972948 8.4724603252296,39.2825916824071 8.47309209617328,39.2828725241499 8.47321302480068,39.2828696025928 8.47430773895724,39.2825359867365</coordinates>
            </LinearRing>
          </outerBoundaryIs>
        </Polygon>
      </Placemark>
      <Placemark xmlns="http://www.opengis.net/kml/2.2">
        <styleUrl>#Parti singole_style_map</styleUrl>
        <name>T03470</name>
        <Polygon>
          <outerBoundaryIs>
            <LinearRing>
              <coordinates>8.47175336462691,39.2822837972948 8.47162764503243,39.2819093557938 8.47156984656454,39.2819187437466 8.47160507086903,39.2820591864319 8.47171416498797,39.2822667243226 8.47175336462691,39.2822837972948</coordinates>
            </LinearRing>
          </outerBoundaryIs>
        </Polygon>
      </Placemark>
      <Placemark xmlns="http://www.opengis.net/kml/2.2">
        <styleUrl>#Parti singole_style_map</styleUrl>
        <name>T03471</name>
        <Polygon>
          <outerBoundaryIs>
            <LinearRing>
              <coordinates>8.47171416498797,39.2822667243226 8.47160507086903,39.2820591864319 8.47156984656454,39.2819187437466 8.47091527962299,39.2820250956767 8.47090090192729,39.2821576403134 8.47096305165576,39.282278755971 8.47153535154555,39.2821888440834 8.47171416498797,39.2822667243226</coordinates>
            </LinearRing>
          </outerBoundaryIs>
        </Polygon>
      </Placemark>
      <Placemark xmlns="http://www.opengis.net/kml/2.2">
        <styleUrl>#Parti singole_style_map</styleUrl>
        <name>T00764</name>
        <Polygon>
          <outerBoundaryIs>
            <LinearRing>
              <coordinates>8.47203817757362,39.2835557293013 8.47274305235884,39.2837200542646 8.47373548467124,39.2839514087285 8.47465125684388,39.2843211819166 8.47552105464126,39.2851149628255 8.47557584946148,39.2851649757119 8.47678581547532,39.2863872230972 8.47663033391069,39.2869404003015 8.47639715137047,39.2877595287034 8.47661335239133,39.2881040509356 8.47686852099212,39.2884634623699 8.47697180063871,39.2885242350362 8.47697672553522,39.2885277713325 8.47708287526762,39.2885129753794 8.47711349222897,39.2886260165558 8.47715311069412,39.2886544610383 8.47714971450575,39.2886091041326 8.47761543573234,39.2886163050696 8.47784307129549,39.2888026401166 8.47784904046107,39.2888529013372 8.47787701647929,39.2890890160762 8.47828837425723,39.289334545606 8.4781882162696,39.2894261313365 8.47789447418415,39.2892363736543 8.47792290916743,39.289476301936 8.47784044141348,39.289485717441 8.47770629043262,39.2891834294205 8.47775784638879,39.2894014935422 8.47772733394898,39.2896220636745 8.47745453974478,39.290274958594 8.47750174558788,39.2904230895566 8.47761263026569,39.2906295891198 8.47784163450641,39.2908588660479 8.4778596269712,39.2908609832027 8.4781406863255,39.2910262471477 8.47828514143263,39.2908145678495 8.47844353989466,39.2905817487886 8.47871104807235,39.2901885601271 8.47960465186092,39.2889928630951 8.47941502283827,39.2886779211761 8.47964249093945,39.2885963289649 8.47932382086357,39.2881308452493 8.47930981671535,39.28811010311 8.47874948520428,39.287716279152 8.4786058921259,39.2878769176175 8.47820657455325,39.2877285961233 8.47812190776818,39.287697156641 8.47830409299146,39.2874112363569 8.47812640268873,39.2872824340212 8.47798156609701,39.2874574291461 8.47746938529032,39.2872061474645 8.47784833884758,39.2870827536685 8.47585724181918,39.2848201619918 8.47562815656681,39.2845523870507 8.47542789696196,39.2843592237824 8.47502805950915,39.2842250808139 8.47468341999159,39.2840079361395 8.4744690504591,39.2839501198157 8.47406150334875,39.2839031889955 8.47395907220302,39.2838913905319 8.47367883513527,39.2838706782282 8.47333387850541,39.2838173060093 8.47297188903352,39.2836419232748 8.47290447928917,39.2836170548474 8.4726775302663,39.2835873275651 8.47256879813761,39.2835809417661 8.47222774705036,39.2833675545267 8.47203817757362,39.2835557293013</coordinates>
            </LinearRing>
          </outerBoundaryIs>
        </Polygon>
      </Placemark>
      <Placemark xmlns="http://www.opengis.net/kml/2.2">
        <styleUrl>#Parti singole_style_map</styleUrl>
        <name>T03485</name>
        <Polygon>
          <outerBoundaryIs>
            <LinearRing>
              <coordinates>8.47222774705036,39.2833675545267 8.47256879813761,39.2835809417661 8.4726775302663,39.2835873275651 8.47290447928917,39.2836170548474 8.47297188903352,39.2836419232748 8.47333387850541,39.2838173060093 8.47367883513527,39.2838706782282 8.47395907220302,39.2838913905319 8.47406150334875,39.2839031889955 8.47406933201205,39.2838533052861 8.47396381001459,39.2838393122745 8.47367149457975,39.2838166531072 8.47333695888444,39.283774492252 8.47299800286134,39.2836013403698 8.47291361205271,39.2835819996702 8.47259006334926,39.283542211193 8.47226800175442,39.2833276035962 8.47222774705036,39.2833675545267</coordinates>
            </LinearRing>
          </outerBoundaryIs>
        </Polygon>
      </Placemark>
      <Placemark xmlns="http://www.opengis.net/kml/2.2">
        <styleUrl>#Parti singole_style_map</styleUrl>
        <name>T03486</name>
        <Polygon>
          <outerBoundaryIs>
            <LinearRing>
              <coordinates>8.47406150334875,39.2839031889955 8.4744690504591,39.2839501198157 8.47468341999159,39.2840079361395 8.47502805950915,39.2842250808139 8.47542789696196,39.2843592237824 8.47539604390394,39.2843051963852 8.47507809607555,39.2841870742994 8.47470818490768,39.2839724197671 8.4744743818567,39.2839069918107 8.47406933201205,39.2838533052861 8.47406150334875,39.2839031889955</coordinates>
            </LinearRing>
          </outerBoundaryIs>
        </Polygon>
      </Placemark>
      <Placemark xmlns="http://www.opengis.net/kml/2.2">
        <styleUrl>#Parti singole_style_map</styleUrl>
        <name>T03487</name>
        <Polygon>
          <outerBoundaryIs>
            <LinearRing>
              <coordinates>8.47770228495517,39.2857476908519 8.47815338412622,39.2859117176633 8.4784544003094,39.2860647979276 8.47854602571347,39.2860879605261 8.47865950441219,39.2861037511309 8.47916950639723,39.2863324912009 8.47920716985386,39.2864228385202 8.4793941398505,39.2865667736093 8.47975296443272,39.2868089182611 8.48021933688228,39.2872625810584 8.4803339903576,39.2874130126155 8.48051873145937,39.2877540081427 8.48079846817485,39.2880707651221 8.48104845390332,39.2885853079153 8.48110508379078,39.2885730086324 8.48098344268863,39.2883304667303 8.48090116800406,39.2881664570533 8.48084268488372,39.288049841432 8.48066753380994,39.287854321336 8.48057935405795,39.2877410961926 8.48039459876819,39.2874019839256 8.48028947041553,39.2872554965914 8.47978639964834,39.2867798371608 8.4794313150044,39.2865352764643 8.47926588754498,39.2864102521173 8.47921026253881,39.2863168869462 8.47869317173321,39.286073094515 8.47856530464997,39.2860478052962 8.4784713069695,39.2860208926536 8.47815388096241,39.2858666755767 8.47815897579614,39.2858441897853 8.47773499004452,39.2857061272874 8.47766950407073,39.285699615969 8.47770228495517,39.2857476908519</coordinates>
            </LinearRing>
          </outerBoundaryIs>
        </Polygon>
      </Placemark>
      <Placemark xmlns="http://www.opengis.net/kml/2.2">
        <styleUrl>#Parti singole_style_map</styleUrl>
        <name>T03488</name>
        <Polygon>
          <outerBoundaryIs>
            <LinearRing>
              <coordinates>8.4792687002285,39.2863764927342 8.47943895928716,39.2862875624392 8.47935784679584,39.286191280986 8.47919009226076,39.2862708422726 8.4792687002285,39.2863764927342</coordinates>
            </LinearRing>
          </outerBoundaryIs>
        </Polygon>
      </Placemark>
      <Placemark xmlns="http://www.opengis.net/kml/2.2">
        <styleUrl>#Parti singole_style_map</styleUrl>
        <name>T00763</name>
        <Polygon>
          <outerBoundaryIs>
            <LinearRing>
              <coordinates>8.47585724181918,39.2848201619918 8.47784833884758,39.2870827536685 8.47797177770432,39.2870425613376 8.47813602032306,39.2872707993395 8.47812640268873,39.2872824340212 8.47830409299146,39.2874112363569 8.47840547494382,39.2874167729004 8.47840738741638,39.2874168715805 8.47845436360422,39.2874194429536 8.47820419823886,39.2870930183653 8.47828515256996,39.2869903354402 8.47840392473469,39.2869648811913 8.47854512727786,39.2869855538188 8.4784724690211,39.2868797673573 8.47838334842784,39.2867486591681 8.47823287033702,39.2868404158555 8.47791880368413,39.2868157324972 8.47770167877877,39.2865608465467 8.47808616770186,39.2863457752709 8.47817869330011,39.2864476052955 8.4779051648476,39.2860452414851 8.47770228495517,39.2857476908519 8.47732955265799,39.2856716340594 8.47672525629034,39.2852301435855 8.47649920388371,39.2850511300556 8.47562815656681,39.2845523870507 8.47585724181918,39.2848201619918</coordinates>
            </LinearRing>
          </outerBoundaryIs>
        </Polygon>
      </Placemark>
      <Placemark xmlns="http://www.opengis.net/kml/2.2">
        <styleUrl>#Parti singole_style_map</styleUrl>
        <name>T03489</name>
        <Polygon>
          <outerBoundaryIs>
            <LinearRing>
              <coordinates>8.47542789696196,39.2843592237824 8.47562815656681,39.2845523870507 8.47649920388371,39.2850511300556 8.47672525629034,39.2852301435855 8.47732955265799,39.2856716340594 8.47770228495517,39.2857476908519 8.47766950407073,39.285699615969 8.47738776611167,39.2856472964287 8.47656219240104,39.2850379244697 8.47570153528823,39.2845374085988 8.4755174974481,39.2843503286932 8.47539604390394,39.2843051963852 8.47542789696196,39.2843592237824</coordinates>
            </LinearRing>
          </outerBoundaryIs>
        </Polygon>
      </Placemark>
      <Placemark xmlns="http://www.opengis.net/kml/2.2">
        <styleUrl>#Parti singole_style_map</styleUrl>
        <name>T00768</name>
        <Polygon>
          <outerBoundaryIs>
            <LinearRing>
              <coordinates>8.47495525771864,39.2830951930487 8.47523635172908,39.2841109541862 8.47539604390394,39.2843051963852 8.4755174974481,39.2843503286932 8.47570153528823,39.2845374085988 8.47656219240104,39.2850379244697 8.47738776611167,39.2856472964287 8.47766950407073,39.285699615969 8.4773908112175,39.2852908661978 8.47684375119202,39.2844784750122 8.47633389473597,39.2837304586355 8.47619565745649,39.2836675907112 8.47497419680843,39.2831115517753 8.47495525771864,39.2830951930487</coordinates>
            </LinearRing>
          </outerBoundaryIs>
        </Polygon>
      </Placemark>
      <Placemark xmlns="http://www.opengis.net/kml/2.2">
        <styleUrl>#Parti singole_style_map</styleUrl>
        <name>T00717</name>
        <Polygon>
          <outerBoundaryIs>
            <LinearRing>
              <coordinates>8.48173582839432,39.2911804863276 8.48185952261458,39.2909774234038 8.48143163647593,39.2910751209076 8.48173582839432,39.2911804863276</coordinates>
            </LinearRing>
          </outerBoundaryIs>
        </Polygon>
      </Placemark>
      <Placemark xmlns="http://www.opengis.net/kml/2.2">
        <styleUrl>#Parti singole_style_map</styleUrl>
        <name>T00724</name>
        <Polygon>
          <outerBoundaryIs>
            <LinearRing>
              <coordinates>8.48112646180608,39.2911186424238 8.48115371543483,39.291138578399 8.48135512603517,39.2910925939445 8.48143163647593,39.2910751209076 8.48185952261458,39.2909774234038 8.48190984309462,39.2908947854724 8.48153536964927,39.2909812145794 8.48137652678808,39.2910178828566 8.48131827469741,39.2910313283946 8.48112179715484,39.2910766770082 8.48112646180608,39.2911186424238</coordinates>
            </LinearRing>
          </outerBoundaryIs>
        </Polygon>
      </Placemark>
      <Placemark xmlns="http://www.opengis.net/kml/2.2">
        <styleUrl>#Parti singole_style_map</styleUrl>
        <name>T00725</name>
        <Polygon>
          <outerBoundaryIs>
            <LinearRing>
              <coordinates>8.48686469508141,39.2693307399395 8.48719873495536,39.2692116854407 8.48767212621288,39.2692544719318 8.4880414548854,39.2693020339262 8.48870417954421,39.2694233753007 8.48916985342255,39.269394270526 8.4893857739781,39.2694336307825 8.48951576781344,39.2694833094093 8.48984080099049,39.2696560371493 8.49002947729372,39.2698029725738 8.49033365703734,39.269990312993 8.49049950073628,39.2700617371552 8.49072654445955,39.2701166420213 8.49079889035807,39.2698544050462 8.49085161399736,39.2696636540988 8.49057188977145,39.2695264764923 8.49043379125554,39.2693841516402 8.49046381675606,39.2692479603279 8.49055068102034,39.2690458343089 8.49055202865624,39.2689222405101 8.49046812294407,39.268874503917 8.4903470657801,39.2688905714767 8.49018378024801,39.2689655370328 8.49005371012225,39.2690303306776 8.48990758265951,39.2690282845435 8.48919807031008,39.2689138000154 8.48795124576185,39.269045580127 8.48728748570747,39.2689699231363 8.48674376744156,39.2690334844928 8.48686469508141,39.2693307399395</coordinates>
            </LinearRing>
          </outerBoundaryIs>
        </Polygon>
      </Placemark>
      <Placemark xmlns="http://www.opengis.net/kml/2.2">
        <styleUrl>#Parti singole_style_map</styleUrl>
        <name>T00808</name>
        <Polygon>
          <outerBoundaryIs>
            <LinearRing>
              <coordinates>8.48104782548358,39.2884301955779 8.48130399828546,39.2884432049302 8.48131016996191,39.2883250035449 8.48105394446701,39.2883176166251 8.48104782548358,39.2884301955779</coordinates>
            </LinearRing>
          </outerBoundaryIs>
        </Polygon>
      </Placemark>
      <Placemark xmlns="http://www.opengis.net/kml/2.2">
        <styleUrl>#Parti singole_style_map</styleUrl>
        <name>T00762</name>
        <Polygon>
          <outerBoundaryIs>
            <LinearRing>
              <coordinates>8.47631096711096,39.2882133772789 8.47635210421809,39.2883491458415 8.47647158505561,39.2884546306782 8.47670357190955,39.2888066665411 8.47677444253831,39.2887942802338 8.4768005002069,39.2887814490922 8.47685744596317,39.288753321568 8.47667263261899,39.288598426184 8.47675319773291,39.2885314158144 8.4763508451044,39.2879222060384 8.47628922629364,39.2881386531282 8.47631096711096,39.2882133772789</coordinates>
            </LinearRing>
          </outerBoundaryIs>
        </Polygon>
      </Placemark>
      <Placemark xmlns="http://www.opengis.net/kml/2.2">
        <styleUrl>#Parti singole_style_map</styleUrl>
        <name>T00769</name>
        <Polygon>
          <outerBoundaryIs>
            <LinearRing>
              <coordinates>8.47715311069412,39.2886544610383 8.47717351382943,39.2886691229603 8.47766722312075,39.2889637994156 8.47784904046107,39.2888529013372 8.47784307129549,39.2888026401166 8.47761543573234,39.2886163050696 8.47714971450575,39.2886091041326 8.47715311069412,39.2886544610383</coordinates>
            </LinearRing>
          </outerBoundaryIs>
        </Polygon>
      </Placemark>
      <Placemark xmlns="http://www.opengis.net/kml/2.2">
        <styleUrl>#Parti singole_style_map</styleUrl>
        <name>T00752</name>
        <Polygon>
          <outerBoundaryIs>
            <LinearRing>
              <coordinates>8.47669511815754,39.2889017270267 8.47684157453274,39.2889227046812 8.47716176665977,39.2889045547721 8.47695419723374,39.288834419976 8.47689327743192,39.2888138360722 8.4768005002069,39.2887814490922 8.47677444253831,39.2887942802338 8.47670357190955,39.2888066665411 8.47665470737399,39.2888815866544 8.47669511815754,39.2889017270267</coordinates>
            </LinearRing>
          </outerBoundaryIs>
        </Polygon>
      </Placemark>
      <Placemark xmlns="http://www.opengis.net/kml/2.2">
        <styleUrl>#Parti singole_style_map</styleUrl>
        <name>T00770</name>
        <Polygon>
          <outerBoundaryIs>
            <LinearRing>
              <coordinates>8.47766722312075,39.2889637994156 8.47787701647929,39.2890890160762 8.47784904046107,39.2888529013372 8.47766722312075,39.2889637994156</coordinates>
            </LinearRing>
          </outerBoundaryIs>
        </Polygon>
      </Placemark>
      <Placemark xmlns="http://www.opengis.net/kml/2.2">
        <styleUrl>#Parti singole_style_map</styleUrl>
        <name>T00718</name>
        <Polygon>
          <outerBoundaryIs>
            <LinearRing>
              <coordinates>8.48104843366808,39.2906555520641 8.48113586667109,39.2906914890573 8.48121975940645,39.2907577580973 8.48137652678808,39.2910178828566 8.48153536964927,39.2909812145794 8.48123461022609,39.290481818826 8.48109967033491,39.2905039149412 8.48104843366808,39.2906555520641</coordinates>
            </LinearRing>
          </outerBoundaryIs>
        </Polygon>
      </Placemark>
      <Placemark xmlns="http://www.opengis.net/kml/2.2">
        <styleUrl>#Parti singole_style_map</styleUrl>
        <name>T00719</name>
        <Polygon>
          <outerBoundaryIs>
            <LinearRing>
              <coordinates>8.48109967033491,39.2905039149412 8.48123461022609,39.290481818826 8.48120654325047,39.2904354419679 8.48101358698895,39.2903794902588 8.48109967033491,39.2905039149412</coordinates>
            </LinearRing>
          </outerBoundaryIs>
        </Polygon>
      </Placemark>
      <Placemark xmlns="http://www.opengis.net/kml/2.2">
        <styleUrl>#Parti singole_style_map</styleUrl>
        <name>T00759</name>
        <Polygon>
          <outerBoundaryIs>
            <LinearRing>
              <coordinates>8.47697672553522,39.2885277713325 8.47711349222897,39.2886260165558 8.47708287526762,39.2885129753794 8.47697672553522,39.2885277713325</coordinates>
            </LinearRing>
          </outerBoundaryIs>
        </Polygon>
      </Placemark>
      <Placemark xmlns="http://www.opengis.net/kml/2.2">
        <styleUrl>#Parti singole_style_map</styleUrl>
        <name>T00760</name>
        <Polygon>
          <outerBoundaryIs>
            <LinearRing>
              <coordinates>8.47695419723374,39.288834419976 8.47716176665977,39.2889045547721 8.4773128260412,39.288895988542 8.47747634372499,39.2889584910795 8.47730641214089,39.2888603586096 8.4771249905258,39.2887948739428 8.47695419723374,39.288834419976</coordinates>
            </LinearRing>
          </outerBoundaryIs>
        </Polygon>
      </Placemark>
      <Placemark xmlns="http://www.opengis.net/kml/2.2">
        <styleUrl>#Parti singole_style_map</styleUrl>
        <name>T00773</name>
        <Polygon>
          <outerBoundaryIs>
            <LinearRing>
              <coordinates>8.47018046284304,39.2728650132226 8.47021255915901,39.272882477888 8.47055503198581,39.2736338154789 8.47056933325403,39.2736651836558 8.47061785017262,39.2736543302589 8.47060353729234,39.273622962035 8.47025348364068,39.2728560646665 8.47019546939516,39.2728181358899 8.47017608907087,39.2728054597264 8.47018046284304,39.2728650132226</coordinates>
            </LinearRing>
          </outerBoundaryIs>
        </Polygon>
      </Placemark>
      <Placemark xmlns="http://www.opengis.net/kml/2.2">
        <styleUrl>#Parti singole_style_map</styleUrl>
        <name>T00761</name>
        <Polygon>
          <outerBoundaryIs>
            <LinearRing>
              <coordinates>8.47770629043262,39.2891834294205 8.47784044141348,39.289485717441 8.47792290916743,39.289476301936 8.47789447418415,39.2892363736543 8.47756132461113,39.2890211453644 8.47770629043262,39.2891834294205</coordinates>
            </LinearRing>
          </outerBoundaryIs>
        </Polygon>
      </Placemark>
      <Placemark xmlns="http://www.opengis.net/kml/2.2">
        <styleUrl>#Parti singole_style_map</styleUrl>
        <name>T00705</name>
        <Polygon>
          <outerBoundaryIs>
            <LinearRing>
              <coordinates>8.42782063115659,39.2548623853001 8.42818106621026,39.254892610435 8.4286869242833,39.2547929674551 8.42893204788776,39.2547616058036 8.42908956252305,39.2547333010544 8.42946499875265,39.2546522166446 8.42982812119817,39.2546045904954 8.43022763935306,39.2545206480659 8.43060877276188,39.2544320083262 8.43108992556946,39.2543288835609 8.43121810547439,39.2543105335231 8.43146941241875,39.2542493983555 8.43198924486503,39.2542508732702 8.43321460983222,39.2542784998706 8.43334763547748,39.2542814994129 8.43363269999339,39.2542565126627 8.43528122673919,39.2542728852152 8.43671895290735,39.2542960266605 8.43712211925407,39.2542242066095 8.43778855093595,39.2541080720588 8.4396342717702,39.2534757628238 8.43969731563507,39.2534732820414 8.4399743134045,39.253363215915 8.44019644508901,39.2532823232056 8.44028406248149,39.2532341949341 8.44056690560348,39.2531233625583 8.44075763996785,39.2530701609251 8.44174939272618,39.2527322991425 8.44218761463333,39.2525873996386 8.44255949966638,39.2524962810464 8.44341079760141,39.2523867303269 8.44391209658821,39.2523251956529 8.44531250561655,39.2522583600343 8.44665417184114,39.2522030406041 8.44656699564583,39.2520243679921 8.44637086982605,39.2520059419988 8.44407862292875,39.2521420556404 8.4440262986234,39.2521521139467 8.4432739913145,39.2522365162918 8.44309047091303,39.2522573540834 8.44237032348013,39.2524058985003 8.44198877644912,39.2525009799301 8.44174906556665,39.252570510358 8.44056423038227,39.2530021467144 8.4376936239216,39.2540321668538 8.43670141683944,39.2541890208048 8.43671621295368,39.2541750357225 8.43629396937618,39.2541557899292 8.43570512975086,39.2541474308674 8.43529489159102,39.2541414223163 8.43485423366567,39.2541465730402 8.43322235977847,39.2541552261779 8.43255813379296,39.254154981149 8.43204485054505,39.254133365778 8.43182427002254,39.2541269007441 8.43115451858735,39.2542023106131 8.43015737060769,39.2543904598652 8.42871608501836,39.2546729799691 8.42825691789794,39.2547276277665 8.42765699336458,39.2547351134691 8.42782063115659,39.2548623853001</coordinates>
            </LinearRing>
          </outerBoundaryIs>
        </Polygon>
      </Placemark>
      <Placemark xmlns="http://www.opengis.net/kml/2.2">
        <styleUrl>#Parti singole_style_map</styleUrl>
        <name>T03474</name>
        <Polygon>
          <outerBoundaryIs>
            <LinearRing>
              <coordinates>8.4510560790188,39.2518655489198 8.45111885849735,39.2518848395868 8.45113387889092,39.2518743588828 8.45127109521983,39.2518715367877 8.45143825410699,39.2518841198069 8.45153956610858,39.2519750377742 8.45189599417274,39.2519901518623 8.45199541689591,39.2519889440528 8.45208939215807,39.2520116069148 8.45242349422585,39.2521718308755 8.45281262140832,39.2525469927389 8.45298494018739,39.2526891627833 8.45329724650973,39.2529494628441 8.45367916284649,39.2530454722129 8.45342224888047,39.2528467782364 8.45318763182948,39.2525962327033 8.45274059210998,39.2521955067281 8.45233039787368,39.2519722020836 8.45200469205453,39.2518530701809 8.4515783130321,39.2517277502332 8.45118826604684,39.2517096382765 8.4510947993522,39.2517184334739 8.45057143069107,39.2517520968761 8.4510560790188,39.2518655489198</coordinates>
            </LinearRing>
          </outerBoundaryIs>
        </Polygon>
      </Placemark>
      <Placemark xmlns="http://www.opengis.net/kml/2.2">
        <styleUrl>#Parti singole_style_map</styleUrl>
        <name>T00707</name>
        <Polygon>
          <outerBoundaryIs>
            <LinearRing>
              <coordinates>8.45111885849735,39.2518848395868 8.45123069386648,39.2519192111852 8.45139544592935,39.2519922627989 8.45160418832627,39.2520285505272 8.45189599417274,39.2519901518623 8.45153956610858,39.2519750377742 8.45143825410699,39.2518841198069 8.45127109521983,39.2518715367877 8.45113387889092,39.2518743588828 8.45111885849735,39.2518848395868</coordinates>
            </LinearRing>
          </outerBoundaryIs>
        </Polygon>
      </Placemark>
      <Placemark xmlns="http://www.opengis.net/kml/2.2">
        <styleUrl>#Parti singole_style_map</styleUrl>
        <name>T03472</name>
        <Polygon>
          <outerBoundaryIs>
            <LinearRing>
              <coordinates>8.45111885849735,39.2518848395868 8.45123069386648,39.2519192111852 8.45139544592935,39.2519922627989 8.45160418832627,39.2520285505272 8.45189599417274,39.2519901518623 8.45153956610858,39.2519750377742 8.45143825410699,39.2518841198069 8.45127109521983,39.2518715367877 8.45113387889092,39.2518743588828 8.45111885849735,39.2518848395868</coordinates>
            </LinearRing>
          </outerBoundaryIs>
        </Polygon>
      </Placemark>
      <Placemark xmlns="http://www.opengis.net/kml/2.2">
        <styleUrl>#Parti singole_style_map</styleUrl>
        <name>T03473</name>
        <Polygon>
          <outerBoundaryIs>
            <LinearRing>
              <coordinates>8.45274059210998,39.2521955067281 8.45318763182948,39.2525962327033 8.45342224888047,39.2528467782364 8.45354717873045,39.2527533831922 8.45328844929614,39.2525245215466 8.45316088576427,39.2523588550657 8.45301593843977,39.2522662737033 8.45286238365034,39.2521077293441 8.45295101452601,39.2518295888918 8.45233039787368,39.2519722020836 8.45274059210998,39.2521955067281</coordinates>
            </LinearRing>
          </outerBoundaryIs>
        </Polygon>
      </Placemark>
      <Placemark xmlns="http://www.opengis.net/kml/2.2">
        <styleUrl>#Parti singole_style_map</styleUrl>
        <name>T00782</name>
        <Polygon>
          <outerBoundaryIs>
            <LinearRing>
              <coordinates>8.48772171059218,39.2600044852379 8.48808428185925,39.2601345734214 8.4884254463564,39.2600766390553 8.48890819968322,39.2598323984718 8.48849010751416,39.2589088921527 8.48841863109976,39.2589755275339 8.48811050497309,39.2593487748031 8.48792489305174,39.25976914575 8.48796761279583,39.2598444289627 8.48772171059218,39.2600044852379</coordinates>
            </LinearRing>
          </outerBoundaryIs>
        </Polygon>
      </Placemark>
      <Placemark xmlns="http://www.opengis.net/kml/2.2">
        <styleUrl>#Parti singole_style_map</styleUrl>
        <name>T00786</name>
        <Polygon>
          <outerBoundaryIs>
            <LinearRing>
              <coordinates>8.48032293949009,39.2592808476287 8.4812630562906,39.2595061196747 8.48135492786362,39.2590276641424 8.48142089092396,39.259021173038 8.48151231597796,39.2590102809765 8.48146252338943,39.2589127795247 8.48158783681931,39.2588015239524 8.48173074119175,39.2587630269545 8.48199678407334,39.2587290246463 8.48220784292019,39.2587200341138 8.48233740130244,39.2586979485624 8.48247333799542,39.2586312611935 8.48255378859506,39.2585586051656 8.48262451056044,39.2583273624104 8.48270583636119,39.2581703068521 8.48288129688188,39.2580639222886 8.48329135128226,39.2578983246826 8.48335551994133,39.2577761900726 8.48347526265314,39.2576400021026 8.48355641758446,39.2574979570109 8.48368817147531,39.2573674628202 8.48392300928985,39.2573126470703 8.48411102051055,39.2573513076343 8.4842647451147,39.2573429422362 8.48433848451671,39.2572177227651 8.48467268152652,39.257131619005 8.48524192935442,39.257208260436 8.48573958162889,39.2573409357167 8.48619489370964,39.2574581397778 8.4864974593215,39.2573943368046 8.48677409137137,39.257413911929 8.48674314591418,39.2574614961795 8.48694102270678,39.2577178043625 8.4872482089879,39.2578199430465 8.48734312565775,39.2580309415261 8.48754147930732,39.2581475487191 8.48770278528682,39.258234671638 8.48814156522015,39.2571814841347 8.48804478343574,39.2571931237572 8.48798844498809,39.2567932598161 8.48801989670497,39.2567906138784 8.4880949411099,39.2567844833228 8.48830497200997,39.2567820640313 8.48876561575195,39.2557112999952 8.48754004656501,39.255751116432 8.48714964020402,39.2557620116314 8.48592013039086,39.255793665986 8.48373218662971,39.2558505335585 8.48159079309276,39.2572776099787 8.48143786185989,39.2574456001088 8.48134174399532,39.2575524803167 8.48123205424227,39.2576812770643 8.48119979990419,39.2577187980447 8.48080007101501,39.2580253888678 8.48043224750192,39.2590097349708 8.48032293949009,39.2592808476287</coordinates>
            </LinearRing>
          </outerBoundaryIs>
        </Polygon>
      </Placemark>
      <Placemark xmlns="http://www.opengis.net/kml/2.2">
        <styleUrl>#Parti singole_style_map</styleUrl>
        <name>T00774</name>
        <Polygon>
          <outerBoundaryIs>
            <LinearRing>
              <coordinates>8.48470312646359,39.2620725679992 8.48481302077811,39.2623336441077 8.48483370779012,39.2623799425755 8.48520661015294,39.262417067927 8.48591896965515,39.2622019867966 8.48663153855335,39.2622339126471 8.4871292191968,39.2619467283223 8.48831410128864,39.2611463151465 8.48868258953712,39.2609051233 8.49009079641218,39.2606680040959 8.49074573547542,39.2605588599106 8.49080250039026,39.2604733263676 8.49069649543334,39.260368734743 8.49063958842401,39.2594928250107 8.4908457770424,39.2596460173076 8.49122843046442,39.2597852753856 8.49162725492947,39.2597576884764 8.49151207110005,39.2596369193025 8.49143758189693,39.2596251952517 8.4912477713791,39.2595246260591 8.49080858628682,39.2593717668282 8.49071443272142,39.2593674351605 8.49033966714319,39.2595108758902 8.49038536817397,39.2595813505519 8.49013817922416,39.2596623733892 8.49012545459937,39.2597260684033 8.48987750122276,39.2596439033992 8.48982637459062,39.2594522197286 8.48969636703823,39.2593254727476 8.48942494774126,39.2595127231972 8.48905239530214,39.2597626850684 8.48890819968322,39.2598323984718 8.4884254463564,39.2600766390553 8.48808428185925,39.2601345734214 8.48772171059218,39.2600044852379 8.48771093928181,39.2600081592439 8.4871636040193,39.2600495856025 8.48662406873892,39.2602815481659 8.48556080050784,39.260230042101 8.48511067836259,39.2603135630208 8.48515328696394,39.2606189982187 8.48511371199745,39.2609488672576 8.4849263290575,39.2615004032643 8.48474749515837,39.2617468923499 8.48470312646359,39.2620725679992</coordinates>
            </LinearRing>
          </outerBoundaryIs>
        </Polygon>
      </Placemark>
      <Placemark xmlns="http://www.opengis.net/kml/2.2">
        <styleUrl>#Parti singole_style_map</styleUrl>
        <name>T00794</name>
        <Polygon>
          <outerBoundaryIs>
            <LinearRing>
              <coordinates>8.4812630562906,39.2595061196747 8.48136066640488,39.259525765557 8.48137405677099,39.2594593081959 8.48144469771306,39.2592397076759 8.48151754723098,39.2590474824622 8.48162767350042,39.2588942774168 8.48164008276268,39.258882258343 8.48176166871922,39.2588175172746 8.48195509710042,39.2587631158162 8.48220784292019,39.2587200341138 8.48199678407334,39.2587290246463 8.48173074119175,39.2587630269545 8.48158783681931,39.2588015239524 8.48146252338943,39.2589127795247 8.48151231597796,39.2590102809765 8.48142089092396,39.259021173038 8.48135492786362,39.2590276641424 8.4812630562906,39.2595061196747</coordinates>
            </LinearRing>
          </outerBoundaryIs>
        </Polygon>
      </Placemark>
      <Placemark xmlns="http://www.opengis.net/kml/2.2">
        <styleUrl>#Parti singole_style_map</styleUrl>
        <name>T00775</name>
        <Polygon>
          <outerBoundaryIs>
            <LinearRing>
              <coordinates>8.4898690057374,39.259420121243 8.49027161061993,39.2594976114028 8.49069123103252,39.2593238569465 8.49082009296337,39.2593305210934 8.49127318550933,39.2594819182693 8.49144606888437,39.2593619394083 8.49149887255609,39.2593142511962 8.49075118845158,39.2590085732888 8.49068581930485,39.2589507718522 8.48993510971331,39.2591400247519 8.48973396303275,39.2592972358468 8.4898690057374,39.259420121243</coordinates>
            </LinearRing>
          </outerBoundaryIs>
        </Polygon>
      </Placemark>
      <Placemark xmlns="http://www.opengis.net/kml/2.2">
        <styleUrl>#Parti singole_style_map</styleUrl>
        <name>T00795</name>
        <Polygon>
          <outerBoundaryIs>
            <LinearRing>
              <coordinates>8.48463279532969,39.2575308421381 8.48485052619932,39.2574965382336 8.48509570607568,39.2574253393729 8.48458582883172,39.2574900949505 8.48463279532969,39.2575308421381</coordinates>
            </LinearRing>
          </outerBoundaryIs>
        </Polygon>
      </Placemark>
      <Placemark xmlns="http://www.opengis.net/kml/2.2">
        <styleUrl>#Parti singole_style_map</styleUrl>
        <name>T00796</name>
        <Polygon>
          <outerBoundaryIs>
            <LinearRing>
              <coordinates>8.48543489090731,39.2575113871095 8.48568908801472,39.257463888996 8.4856706856782,39.2574603115109 8.48526188507146,39.257427182834 8.48543489090731,39.2575113871095</coordinates>
            </LinearRing>
          </outerBoundaryIs>
        </Polygon>
      </Placemark>
      <Placemark xmlns="http://www.opengis.net/kml/2.2">
        <styleUrl>#Parti singole_style_map</styleUrl>
        <name>T00797</name>
        <Polygon>
          <outerBoundaryIs>
            <LinearRing>
              <coordinates>8.48611964724497,39.2575631968109 8.48627459347817,39.2576716580224 8.4869407745132,39.2579552174765 8.4870980158879,39.2579733373135 8.48697695998332,39.2579043042934 8.48622410093267,39.257593041932 8.48611964724497,39.2575631968109</coordinates>
            </LinearRing>
          </outerBoundaryIs>
        </Polygon>
      </Placemark>
      <Placemark xmlns="http://www.opengis.net/kml/2.2">
        <styleUrl>#Parti singole_style_map</styleUrl>
        <name>T00798</name>
        <Polygon>
          <outerBoundaryIs>
            <LinearRing>
              <coordinates>8.48718402821716,39.258179935488 8.48728550596287,39.2583240674024 8.48756947339204,39.2584270851041 8.48779102288469,39.2584940909273 8.48797424739035,39.2585270924958 8.48834936812048,39.2583857514 8.48826600225465,39.2583406106232 8.48801184595368,39.2583934488716 8.48783084960434,39.2583792084565 8.48720516314255,39.2580313068433 8.48718402821716,39.258179935488</coordinates>
            </LinearRing>
          </outerBoundaryIs>
        </Polygon>
      </Placemark>
      <Placemark xmlns="http://www.opengis.net/kml/2.2">
        <styleUrl>#Parti singole_style_map</styleUrl>
        <name>T00783</name>
        <Polygon>
          <outerBoundaryIs>
            <LinearRing>
              <coordinates>8.49069649543334,39.260368734743 8.49080250039026,39.2604733263676 8.4915057342975,39.2605791143793 8.49150716248853,39.2605883836275 8.49256137810376,39.259968191788 8.49257104742112,39.2599581779992 8.49265840902637,39.2598678120458 8.49252121826117,39.2598458584801 8.49231205969345,39.2597470538418 8.49200420304766,39.2597243099381 8.4916980395913,39.2596661785505 8.49151207110005,39.2596369193025 8.49162725492947,39.2597576884764 8.49122843046442,39.2597852753856 8.4908457770424,39.2596460173076 8.49063958842401,39.2594928250107 8.49069649543334,39.260368734743</coordinates>
            </LinearRing>
          </outerBoundaryIs>
        </Polygon>
      </Placemark>
      <Placemark xmlns="http://www.opengis.net/kml/2.2">
        <styleUrl>#Parti singole_style_map</styleUrl>
        <name>T00784</name>
        <Polygon>
          <outerBoundaryIs>
            <LinearRing>
              <coordinates>8.48807101771713,39.2578755212344 8.48851921752451,39.2577413311372 8.48875781253681,39.2576731502525 8.48901149957748,39.2576653258176 8.48921170761953,39.2576928043602 8.48942816953209,39.2575440773155 8.48954206237482,39.2574712567802 8.48978135033836,39.2574303162136 8.49006145712363,39.2573496455795 8.48992091365092,39.2572841615318 8.48953511473827,39.2572180252899 8.48938490801019,39.2572639967643 8.48927959836757,39.2574077871436 8.48906838711217,39.2575134117014 8.4890339033122,39.2574818849995 8.48870686209007,39.2575774218794 8.48848860021747,39.2576642450904 8.48816583233221,39.257814196891 8.48807101771713,39.2578755212344</coordinates>
            </LinearRing>
          </outerBoundaryIs>
        </Polygon>
      </Placemark>
      <Placemark xmlns="http://www.opengis.net/kml/2.2">
        <styleUrl>#Parti singole_style_map</styleUrl>
        <name>T00776</name>
        <Polygon>
          <outerBoundaryIs>
            <LinearRing>
              <coordinates>8.49127318550933,39.2594819182693 8.49147122317883,39.259585983485 8.49155640016627,39.2594275779508 8.49160932837785,39.2593786918088 8.49149887255609,39.2593142511962 8.49144606888437,39.2593619394083 8.49127318550933,39.2594819182693</coordinates>
            </LinearRing>
          </outerBoundaryIs>
        </Polygon>
      </Placemark>
      <Placemark xmlns="http://www.opengis.net/kml/2.2">
        <styleUrl>#Parti singole_style_map</styleUrl>
        <name>T00801</name>
        <Polygon>
          <outerBoundaryIs>
            <LinearRing>
              <coordinates>8.49086333773816,39.2567221273077 8.49094234028142,39.2567920085915 8.49100484594662,39.2567535629566 8.49098730130751,39.2567355548992 8.49095148635288,39.2566973189665 8.49092308996194,39.2566669728174 8.49086333773816,39.2567221273077</coordinates>
            </LinearRing>
          </outerBoundaryIs>
        </Polygon>
      </Placemark>
      <Placemark xmlns="http://www.opengis.net/kml/2.2">
        <styleUrl>#Parti singole_style_map</styleUrl>
        <name>T00785</name>
        <Polygon>
          <outerBoundaryIs>
            <LinearRing>
              <coordinates>8.4885242796018,39.2567407588531 8.48854340894022,39.2567065121097 8.48883373225754,39.2564223102686 8.48906192952026,39.2563073985557 8.4892333947456,39.2563103318277 8.48939900230889,39.256414501548 8.48952874426315,39.2564828132685 8.48969971916599,39.256532626447 8.48987630303073,39.2565074497703 8.49047937077512,39.2563441864542 8.4905763347823,39.256371183543 8.49059420833821,39.2563453469679 8.49063270453108,39.2563605813838 8.49061715923608,39.2563850044629 8.49097368118152,39.2565868455805 8.49109920014485,39.256595116717 8.49110119641331,39.2566363855053 8.49099975258901,39.2566357706513 8.49099932450384,39.2566789120764 8.49114125582632,39.2568008530182 8.49155052175237,39.2569346488037 8.49161734620452,39.2570138385525 8.49166660524137,39.2572045762515 8.49165548457284,39.2575838336307 8.49167330303566,39.2577340029005 8.49173508844679,39.2578337870715 8.49231894397601,39.2584368454885 8.49244365705518,39.258560484813 8.49226952439813,39.2583418462103 8.49211042802656,39.2580377883416 8.49200236641543,39.2577351514567 8.49198506448518,39.2575294154257 8.49205758048665,39.2572796306142 8.49210822640788,39.257047348224 8.49212275868966,39.2568036087665 8.49211212743344,39.2566467308929 8.49204550965493,39.2565469167998 8.49194710901587,39.2564844304688 8.49173435701803,39.2562636760837 8.49158997457878,39.2560254598922 8.49105515385916,39.2559549110768 8.49067289218928,39.2559053197233 8.4899844800966,39.2558127743362 8.48960557997625,39.2557617344774 8.48876561575195,39.2557112999952 8.48830497200997,39.2567820640313 8.4885242796018,39.2567407588531</coordinates>
            </LinearRing>
          </outerBoundaryIs>
        </Polygon>
      </Placemark>
      <Placemark xmlns="http://www.opengis.net/kml/2.2">
        <styleUrl>#Parti singole_style_map</styleUrl>
        <name>T00804</name>
        <Polygon>
          <outerBoundaryIs>
            <LinearRing>
              <coordinates>8.48234997984816,39.2587463739954 8.48251288798979,39.2588072359852 8.4826271857741,39.2587310360235 8.48258578296816,39.2586225522466 8.48252546407056,39.2586779972559 8.48245408773553,39.2587098210461 8.48234997984816,39.2587463739954</coordinates>
            </LinearRing>
          </outerBoundaryIs>
        </Polygon>
      </Placemark>
      <Placemark xmlns="http://www.opengis.net/kml/2.2">
        <styleUrl>#Parti singole_style_map</styleUrl>
        <name>T00805</name>
        <Polygon>
          <outerBoundaryIs>
            <LinearRing>
              <coordinates>8.48268644752167,39.2583402527436 8.48277981393637,39.258244892917 8.48291031824036,39.2581507522873 8.48322982628864,39.2580376363952 8.48325618868279,39.2579610993503 8.48289887547081,39.2581164877802 8.48276497074324,39.2582206962677 8.48268644752167,39.2583402527436</coordinates>
            </LinearRing>
          </outerBoundaryIs>
        </Polygon>
      </Placemark>
      <Placemark xmlns="http://www.opengis.net/kml/2.2">
        <styleUrl>#Parti singole_style_map</styleUrl>
        <name>T00777</name>
        <Polygon>
          <outerBoundaryIs>
            <LinearRing>
              <coordinates>8.48151747374543,39.2598357387646 8.48202893688922,39.2599155895442 8.48240948869732,39.2600153642699 8.48274007799527,39.2599648964406 8.4837368215263,39.2600479409415 8.48401840514819,39.260149082474 8.48504233949863,39.2603056465898 8.48509979582957,39.2606205456749 8.48506011722895,39.26095978537 8.48488551707504,39.2614909596149 8.48470903734341,39.2617293584391 8.48465000946888,39.2620703594391 8.48476705980908,39.2623292326265 8.48481302077811,39.2623336441077 8.48470312646359,39.2620725679992 8.48474749515837,39.2617468923499 8.4849263290575,39.2615004032643 8.48511371199745,39.2609488672576 8.48515328696394,39.2606189982187 8.48511067836259,39.2603135630208 8.48556080050784,39.260230042101 8.48662406873892,39.2602815481659 8.4871636040193,39.2600495856025 8.48771093928181,39.2600081592439 8.48772171059218,39.2600044852379 8.48764941251192,39.2599800002378 8.48715153264665,39.260021725362 8.48674580518525,39.2600735953987 8.48637993861433,39.2599475523375 8.48579611325817,39.2598783309295 8.48538936493252,39.2599714878009 8.48492413102161,39.2599219251246 8.48456365749771,39.2599778534384 8.48402328518531,39.2599088876841 8.4833839895166,39.2599107009414 8.48310675715265,39.2598564779298 8.48226189797008,39.259868274755 8.48198824951698,39.2598720939756 8.48150907232488,39.25979304465 8.48151747374543,39.2598357387646</coordinates>
            </LinearRing>
          </outerBoundaryIs>
          <innerBoundaryIs>
            <LinearRing>
              <coordinates>8.48212111138364,39.259902231411 8.4825777567214,39.2598900437565 8.48310091761301,39.2598877281549 8.48338260889478,39.2599392857844 8.48403036094478,39.2599365819262 8.48457196921685,39.2600093195974 8.4849372254132,39.2599571608806 8.48538696388587,39.2600049970135 8.48579853396428,39.2599118614568 8.48637275557487,39.2599772739902 8.48675213233284,39.2601055482398 8.48704144808024,39.2600657260359 8.48659751817293,39.2602524526019 8.48556048708548,39.2601999990192 8.48509486378457,39.2602778106507 8.48404330659555,39.2601231699605 8.48375935149517,39.2600182514926 8.4827609271208,39.2599305592005 8.48243241093539,39.2599812705881 8.48212111138364,39.259902231411</coordinates>
            </LinearRing>
          </innerBoundaryIs>
        </Polygon>
      </Placemark>
      <Placemark xmlns="http://www.opengis.net/kml/2.2">
        <styleUrl>#Parti singole_style_map</styleUrl>
        <name>T00778</name>
        <Polygon>
          <outerBoundaryIs>
            <LinearRing>
              <coordinates>8.48982637459062,39.2594522197286 8.48987750122276,39.2596439033992 8.49012545459937,39.2597260684033 8.49013817922416,39.2596623733892 8.49038536817397,39.2595813505519 8.49033966714319,39.2595108758902 8.49026099215477,39.2595409965101 8.4898387354197,39.2594642761819 8.48982637459062,39.2594522197286</coordinates>
            </LinearRing>
          </outerBoundaryIs>
        </Polygon>
      </Placemark>
      <Placemark xmlns="http://www.opengis.net/kml/2.2">
        <styleUrl>#Parti singole_style_map</styleUrl>
        <name>T00806</name>
        <Polygon>
          <outerBoundaryIs>
            <LinearRing>
              <coordinates>8.48637086479518,39.2579427376799 8.48700264321063,39.2582842369777 8.48689034512909,39.2584350136937 8.4874710080049,39.25874745979 8.48840120538726,39.2587133203738 8.48828225560387,39.2584516309695 8.48806323985034,39.2585651487819 8.48776377009701,39.2585614431698 8.48753767352346,39.2584662768244 8.48721506743889,39.2583611424833 8.48711979406362,39.2582292563756 8.4871105075233,39.258070671999 8.48702374166704,39.2580532593261 8.48685766639946,39.2579940926933 8.48640905258543,39.2578144855714 8.486412411035,39.2578942271607 8.48637086479518,39.2579427376799</coordinates>
            </LinearRing>
          </outerBoundaryIs>
        </Polygon>
      </Placemark>
      <Placemark xmlns="http://www.opengis.net/kml/2.2">
        <styleUrl>#Parti singole_style_map</styleUrl>
        <name>T00807</name>
        <Polygon>
          <outerBoundaryIs>
            <LinearRing>
              <coordinates>8.48828225560387,39.2584516309695 8.48840120538726,39.2587133203738 8.48914134191423,39.2582897794926 8.48906195934721,39.2582929722009 8.48881993285983,39.258340269819 8.48844629485995,39.2584261129769 8.48837329381126,39.2584044456849 8.48828225560387,39.2584516309695</coordinates>
            </LinearRing>
          </outerBoundaryIs>
        </Polygon>
      </Placemark>
      <Placemark xmlns="http://www.opengis.net/kml/2.2">
        <styleUrl>#Parti singole_style_map</styleUrl>
        <name>T00799</name>
        <Polygon>
          <outerBoundaryIs>
            <LinearRing>
              <coordinates>8.48784557969355,39.2578919311329 8.48797601566298,39.2578527116662 8.48867275005661,39.2575043393019 8.48894798803557,39.2573043661511 8.48901240484527,39.2571434563826 8.48903547171294,39.2570122986143 8.48907266236647,39.2569168672489 8.48910434998972,39.2568881270297 8.48920597673213,39.2568699840342 8.48959395123217,39.2569586396684 8.48945677074384,39.2569090376739 8.48931505459594,39.2568312661469 8.4890995087685,39.2566498895553 8.48899809023177,39.2566473898295 8.48889376762665,39.2566936432407 8.48868954798195,39.2570637802728 8.48848117510549,39.2571281561913 8.48834455938312,39.257171464826 8.48814156522015,39.2571814841347 8.48784557969355,39.2578919311329</coordinates>
            </LinearRing>
          </outerBoundaryIs>
        </Polygon>
      </Placemark>
      <Placemark xmlns="http://www.opengis.net/kml/2.2">
        <styleUrl>#Parti singole_style_map</styleUrl>
        <name>T00800</name>
        <Polygon>
          <outerBoundaryIs>
            <LinearRing>
              <coordinates>8.48784727765492,39.2583197019399 8.48802350300124,39.2583301548629 8.48826560973893,39.258273488115 8.48839166101253,39.2581946039105 8.48844805551928,39.2580374166816 8.48890203655349,39.257809485066 8.48899898702833,39.2577763188849 8.48906743829095,39.257886559125 8.48921776979002,39.2578284061342 8.48934094513971,39.2577271256615 8.48941001869183,39.2576319602499 8.48921381835302,39.2577421022171 8.4889774582439,39.2577068959353 8.48877192178746,39.2577300247709 8.48853960183482,39.2577736250096 8.48802578347831,39.2579467952005 8.4879895926038,39.257942824447 8.48796080096479,39.2579238924155 8.48795876769834,39.2578863628687 8.48797601566298,39.2578527116662 8.48784557969355,39.2578919311329 8.48770278528682,39.258234671638 8.48784727765492,39.2583197019399</coordinates>
            </LinearRing>
          </outerBoundaryIs>
        </Polygon>
      </Placemark>
      <Placemark xmlns="http://www.opengis.net/kml/2.2">
        <styleUrl>#Parti singole_style_map</styleUrl>
        <name>T00802</name>
        <Polygon>
          <outerBoundaryIs>
            <LinearRing>
              <coordinates>8.49243191769885,39.2592267756697 8.4923294317579,39.2597024094774 8.49251694958031,39.2597917035234 8.49269617216155,39.2598323483291 8.49341702438086,39.2590895278794 8.49337894765094,39.2575884748815 8.49337806696397,39.2573873068764 8.49332453854916,39.2572334952344 8.49267323755711,39.2570037769897 8.49264751322039,39.257015820296 8.49261467015607,39.2570201554316 8.49256159676261,39.2569882964177 8.4925675408466,39.2566832736268 8.4925432424589,39.2565506921541 8.49244445879284,39.2564336086532 8.49231810380953,39.2563372465742 8.49222604078478,39.2563135972723 8.4921365635861,39.2562833633391 8.49197417958269,39.2562169754791 8.49185695309378,39.2560058562397 8.49178703957431,39.2559292121693 8.49169432921906,39.2559294830686 8.49165560609114,39.2559536698897 8.49165517071487,39.2560235370718 8.4917866698326,39.2562274291741 8.49198527062038,39.2564417330949 8.49209318212056,39.2565192997858 8.49217913144425,39.2566192252424 8.49218433301857,39.256821835823 8.49217239142135,39.2570487095266 8.49212647878651,39.2572787959666 8.49204675589911,39.2575202775307 8.49206400663785,39.2577267071546 8.49216934530223,39.2580276651192 8.49232601755801,39.2583223592147 8.49236237220841,39.2583647239776 8.4925073977274,39.2585421376574 8.4925263483007,39.2586320660992 8.49244671688259,39.2586359808858 8.49167774910676,39.257885393275 8.49159936582564,39.2577536206222 8.49158409940517,39.257590342894 8.49159519800195,39.2572077784947 8.4915618991155,39.2573970111706 8.49151964639583,39.2575149209616 8.49135707251831,39.2578222777476 8.49137067616092,39.2579301323526 8.49152075429127,39.2581392510122 8.49161818723664,39.2582974001865 8.49179215447364,39.2585450535275 8.49211432270577,39.2589333979528 8.49222221644842,39.259038050618 8.49239016625796,39.25915161544 8.49241417879596,39.2591648848264 8.49243089227954,39.259192197102 8.49243191769885,39.2592267756697</coordinates>
            </LinearRing>
          </outerBoundaryIs>
        </Polygon>
      </Placemark>
      <Placemark xmlns="http://www.opengis.net/kml/2.2">
        <styleUrl>#Parti singole_style_map</styleUrl>
        <name>T00803</name>
        <Polygon>
          <outerBoundaryIs>
            <LinearRing>
              <coordinates>8.4923294317579,39.2597024094774 8.49243191769885,39.2592267756697 8.49240962939066,39.2592395817924 8.49237951819325,39.2592490738888 8.49229740274082,39.2592485805094 8.49218412200002,39.2592253792512 8.49207379740766,39.2591459369218 8.49189296245747,39.2590463991265 8.49159094684455,39.2588157304619 8.4912230123697,39.2586179412612 8.49098569466001,39.2585863842034 8.49057997926943,39.2586781220618 8.49133162750622,39.2590857565683 8.49151878757032,39.2591872601731 8.49180434749457,39.2594417715764 8.49200166160875,39.2595161244228 8.49207541398502,39.2595175276344 8.49211104130348,39.2594825143297 8.49219494700592,39.2595449192288 8.49215614376812,39.2595783418251 8.49226768973029,39.2596990314184 8.4923294317579,39.2597024094774</coordinates>
            </LinearRing>
          </outerBoundaryIs>
        </Polygon>
      </Placemark>
      <Placemark xmlns="http://www.opengis.net/kml/2.2">
        <styleUrl>#Parti singole_style_map</styleUrl>
        <name>T00710</name>
        <Polygon>
          <outerBoundaryIs>
            <LinearRing>
              <coordinates>8.46031037799683,39.2558420049963 8.46041284319144,39.256136868887 8.46044174974928,39.256234949277 8.46047718799966,39.2563110377748 8.46056610650982,39.256413856624 8.46066247596181,39.2565380653055 8.46086123211639,39.2568286984195 8.46110886414166,39.2571270994726 8.46137830739098,39.2574426311679 8.46145477010773,39.2575528885823 8.4614887224317,39.2574629837072 8.46151910103953,39.2574068884685 8.4614099468017,39.2569600110892 8.46136732202554,39.2567899890639 8.46114242909159,39.2565355579453 8.46103553308927,39.2564146258602 8.460873224069,39.2560700615925 8.46079147818388,39.2559130137318 8.46052138150196,39.2555175436086 8.46043763185132,39.2554587299361 8.4603535490405,39.2556337244741 8.46031037799683,39.2558420049963</coordinates>
            </LinearRing>
          </outerBoundaryIs>
        </Polygon>
      </Placemark>
      <Placemark xmlns="http://www.opengis.net/kml/2.2">
        <styleUrl>#Parti singole_style_map</styleUrl>
        <name>T00787</name>
        <Polygon>
          <outerBoundaryIs>
            <LinearRing>
              <coordinates>8.48149564975457,39.2595431449892 8.48162421820321,39.2595581078534 8.48163040530206,39.2594153067003 8.48161513901657,39.2592472430771 8.48185991155768,39.2591681018131 8.48275091237047,39.258959773187 8.48275956284534,39.2586660805725 8.4828664068251,39.2586104637444 8.48278843104287,39.2584411754426 8.48322425277354,39.2581667981853 8.48311871953189,39.2581246189321 8.48295970485494,39.2581838517945 8.48284449359557,39.2582504696495 8.48274184244815,39.2583680176787 8.48265937714832,39.2586327011033 8.48270790059868,39.2587311875878 8.48250118128392,39.2588687180529 8.48240482803034,39.258843735366 8.48203023958328,39.2588620634782 8.48173935984808,39.2589634274343 8.48166588860499,39.259062389201 8.48158207025005,39.2592269298062 8.48150232838658,39.2594563385652 8.48149564975457,39.2595431449892</coordinates>
            </LinearRing>
          </outerBoundaryIs>
        </Polygon>
      </Placemark>
      <Placemark xmlns="http://www.opengis.net/kml/2.2">
        <styleUrl>#Parti singole_style_map</styleUrl>
        <name>T00779</name>
        <Polygon>
          <outerBoundaryIs>
            <LinearRing>
              <coordinates>8.48163040530206,39.2594153067003 8.48162421820321,39.2595581078534 8.48183857612267,39.2595830760245 8.48227631840915,39.2595295093091 8.48460580805891,39.2590705897875 8.48452006968208,39.259006206979 8.48461003049127,39.2589467382802 8.4845486197343,39.2588113146748 8.48489083636498,39.2586567103972 8.48503993130304,39.2584831932356 8.48532296852387,39.2586781215236 8.48552514561245,39.2587487583858 8.48562236859832,39.2589275461274 8.48534575312061,39.2592138188103 8.48549564513056,39.2592545792521 8.48556966124189,39.2592119434072 8.48606317753365,39.2589403155489 8.48644177624078,39.2587377772225 8.48689034512909,39.2584350136937 8.48700264321063,39.2582842369777 8.48637086479518,39.2579427376799 8.486412411035,39.2578942271607 8.48640905258543,39.2578144855714 8.48624036316426,39.2578959727248 8.48576101215229,39.2577673631915 8.48560391159674,39.2577776439323 8.48547419854592,39.2577055795295 8.48530793966608,39.2576670444033 8.48474509940109,39.2577515251435 8.48410456901881,39.2577963540643 8.48404907206231,39.2577903862299 8.48388600531259,39.2577038902071 8.48340085355047,39.2579050552461 8.48339317233833,39.2580387581 8.48322425277354,39.2581667981853 8.48278843104287,39.2584411754426 8.4828664068251,39.2586104637444 8.48275956284534,39.2586660805725 8.48275091237047,39.258959773187 8.48185991155768,39.2591681018131 8.48161513901657,39.2592472430771 8.48163040530206,39.2594153067003</coordinates>
            </LinearRing>
          </outerBoundaryIs>
        </Polygon>
      </Placemark>
      <Placemark xmlns="http://www.opengis.net/kml/2.2">
        <styleUrl>#Parti singole_style_map</styleUrl>
        <name>T00788</name>
        <Polygon>
          <outerBoundaryIs>
            <LinearRing>
              <coordinates>8.48388600531259,39.2577038902071 8.48404907206231,39.2577903862299 8.48410456901881,39.2577963540643 8.48474509940109,39.2577515251435 8.48530793966608,39.2576670444033 8.48547419854592,39.2577055795295 8.48560391159674,39.2577776439323 8.48576101215229,39.2577673631915 8.48624036316426,39.2578959727248 8.48640905258543,39.2578144855714 8.48621537706396,39.2577369405126 8.48610756182644,39.2576500066976 8.48591457873669,39.2575634624954 8.4857216413832,39.25753413619 8.48540232127687,39.2575828151708 8.48523187026664,39.2574804925982 8.48515941134958,39.2574800369037 8.4850123518143,39.2575151947879 8.48467345141478,39.2575881410708 8.48457915804053,39.2575969414442 8.48451903523458,39.2575721930467 8.48427681659847,39.2575744898989 8.48404210534165,39.2576388312404 8.48388600531259,39.2577038902071</coordinates>
            </LinearRing>
          </outerBoundaryIs>
        </Polygon>
      </Placemark>
      <Placemark xmlns="http://www.opengis.net/kml/2.2">
        <styleUrl>#Parti singole_style_map</styleUrl>
        <name>T00789</name>
        <Polygon>
          <outerBoundaryIs>
            <LinearRing>
              <coordinates>8.48424746680428,39.2574721873834 8.48434315402372,39.2574882540048 8.48456038399996,39.2574353142732 8.4851286725183,39.2573694025638 8.48552704028963,39.257386852003 8.48575294570647,39.257420126837 8.48617962328209,39.2575033962337 8.48672086627873,39.2577224111847 8.48705631048417,39.257865727803 8.48734312565775,39.2580309415261 8.4872482089879,39.2578199430465 8.48694102270678,39.2577178043625 8.48674314591418,39.2574614961795 8.48677409137137,39.257413911929 8.4864974593215,39.2573943368046 8.48619489370964,39.2574581397778 8.48573958162889,39.2573409357167 8.48524192935442,39.257208260436 8.48467268152652,39.257131619005 8.48433848451671,39.2572177227651 8.4842647451147,39.2573429422362 8.48411102051055,39.2573513076343 8.48424746680428,39.2574721873834</coordinates>
            </LinearRing>
          </outerBoundaryIs>
        </Polygon>
      </Placemark>
      <Placemark xmlns="http://www.opengis.net/kml/2.2">
        <styleUrl>#Parti singole_style_map</styleUrl>
        <name>T00790</name>
        <Polygon>
          <outerBoundaryIs>
            <LinearRing>
              <coordinates>8.48460580805891,39.2590705897875 8.48583384027835,39.2594392256237 8.48764941251192,39.2599800002378 8.48772171059218,39.2600044852379 8.48796761279583,39.2598444289627 8.48792489305174,39.25976914575 8.48811050497309,39.2593487748031 8.48841863109976,39.2589755275339 8.48849010751416,39.2589088921527 8.48840120538726,39.2587133203738 8.4874710080049,39.25874745979 8.48689034512909,39.2584350136937 8.48644177624078,39.2587377772225 8.48606317753365,39.2589403155489 8.48556966124189,39.2592119434072 8.48549564513056,39.2592545792521 8.48534575312061,39.2592138188103 8.48562236859832,39.2589275461274 8.48552514561245,39.2587487583858 8.48532296852387,39.2586781215236 8.48503993130304,39.2584831932356 8.48489083636498,39.2586567103972 8.4845486197343,39.2588113146748 8.48461003049127,39.2589467382802 8.48452006968208,39.259006206979 8.48460580805891,39.2590705897875</coordinates>
            </LinearRing>
          </outerBoundaryIs>
        </Polygon>
      </Placemark>
      <Placemark xmlns="http://www.opengis.net/kml/2.2">
        <styleUrl>#Parti singole_style_map</styleUrl>
        <name>T00780</name>
        <Polygon>
          <outerBoundaryIs>
            <LinearRing>
              <coordinates>8.48849010751416,39.2589088921527 8.48890819968322,39.2598323984718 8.48905239530214,39.2597626850684 8.48942494774126,39.2595127231972 8.48969636703823,39.2593254727476 8.48961582749277,39.2592467624198 8.48974432503448,39.2587204787153 8.48974253665013,39.2586650369842 8.48967588158109,39.2585689698652 8.48943633150298,39.2583724407839 8.48922385476055,39.2582864653087 8.48914134191423,39.2582897794926 8.48840120538726,39.2587133203738 8.48849010751416,39.2589088921527</coordinates>
            </LinearRing>
          </outerBoundaryIs>
        </Polygon>
      </Placemark>
      <Placemark xmlns="http://www.opengis.net/kml/2.2">
        <styleUrl>#Parti singole_style_map</styleUrl>
        <name>T00791</name>
        <Polygon>
          <outerBoundaryIs>
            <LinearRing>
              <coordinates>8.48343914896088,39.2578386360915 8.48371405391423,39.2576988654243 8.48400986211211,39.2575881472091 8.48420582840633,39.2575441606126 8.48412614120991,39.2574909956244 8.48404037039577,39.2573760532093 8.48394874786951,39.2573604909421 8.48372588490326,39.2574228928216 8.48358896251018,39.2575485433887 8.4835590721811,39.2576383916998 8.48343914896088,39.2578386360915</coordinates>
            </LinearRing>
          </outerBoundaryIs>
        </Polygon>
      </Placemark>
      <Placemark xmlns="http://www.opengis.net/kml/2.2">
        <styleUrl>#Parti singole_style_map</styleUrl>
        <name>T00781</name>
        <Polygon>
          <outerBoundaryIs>
            <LinearRing>
              <coordinates>8.48967868133994,39.258440282164 8.48974120720121,39.2585191747853 8.48981071141421,39.258676256868 8.48967934971275,39.259247527574 8.48973396303275,39.2592972358468 8.48993510971331,39.2591400247519 8.49068581930485,39.2589507718522 8.49075118845158,39.2590085732888 8.49149887255609,39.2593142511962 8.49160932837785,39.2593786918088 8.49155640016627,39.2594275779508 8.49147122317883,39.259585983485 8.49205905976985,39.259687632513 8.49226768973029,39.2596990314184 8.49215614376812,39.2595783418251 8.49219494700592,39.2595449192288 8.49211104130348,39.2594825143297 8.49207541398502,39.2595175276344 8.49200166160875,39.2595161244228 8.49180434749457,39.2594417715764 8.49151878757032,39.2591872601731 8.4914706780542,39.2592285532827 8.4913771343476,39.2591623482708 8.49135527340312,39.2591753362735 8.49129048425747,39.2591318016657 8.49133162750622,39.2590857565683 8.49057997926943,39.2586781220618 8.49042187197816,39.2586879903983 8.49031884436567,39.2586048299015 8.49024503600414,39.2584993426156 8.49024158936269,39.2583624007565 8.49028279053073,39.2581196704747 8.49028421192385,39.2580978617682 8.48999735949156,39.2582580859599 8.48983267880611,39.2583497960104 8.4897678111709,39.2582773718698 8.48970948736889,39.2583126543826 8.4896168214978,39.2583622664682 8.48967868133994,39.258440282164</coordinates>
            </LinearRing>
          </outerBoundaryIs>
        </Polygon>
      </Placemark>
      <Placemark xmlns="http://www.opengis.net/kml/2.2">
        <styleUrl>#Parti singole_style_map</styleUrl>
        <name>T00792</name>
        <Polygon>
          <outerBoundaryIs>
            <LinearRing>
              <coordinates>8.49129048425747,39.2591318016657 8.49135527340312,39.2591753362735 8.4913771343476,39.2591623482708 8.4914706780542,39.2592285532827 8.49151878757032,39.2591872601731 8.49133162750622,39.2590857565683 8.49129048425747,39.2591318016657</coordinates>
            </LinearRing>
          </outerBoundaryIs>
        </Polygon>
      </Placemark>
      <Placemark xmlns="http://www.opengis.net/kml/2.2">
        <styleUrl>#Parti singole_style_map</styleUrl>
        <name>T00793</name>
        <Polygon>
          <outerBoundaryIs>
            <LinearRing>
              <coordinates>8.48851535418707,39.2570644565104 8.48864850787902,39.2570333870308 8.48885033066589,39.2566613563025 8.48899356479776,39.256589088665 8.48913596760467,39.2565993283029 8.48934655042781,39.2567938026492 8.48950512343881,39.2568772978016 8.48965568811322,39.2569240389633 8.48965535986301,39.2569916449028 8.48959081544911,39.2570026522582 8.48940458144023,39.2569551778334 8.4891930258441,39.2569105294616 8.48913585751748,39.256936842099 8.48909356530223,39.2570070120815 8.48908326838514,39.2570842697794 8.48907294732164,39.2571935694627 8.48907690983578,39.2571841796757 8.48910823914362,39.2571202150088 8.4893518970195,39.2569976664578 8.48956215025916,39.2571755141942 8.48979148219976,39.2572271150055 8.48995841242369,39.2572244136582 8.49008034978587,39.2572008804026 8.49009569218379,39.2571165623027 8.4903827286006,39.2571558268071 8.49037720884685,39.2572378001215 8.49040359077105,39.2572422407913 8.49039582970164,39.2572928289895 8.4903708507535,39.2572899082616 8.49051327668591,39.2573835855173 8.49053255072861,39.2575404743145 8.49047329804185,39.2575473243528 8.49049295400878,39.2577250836332 8.49040881178767,39.2577182275003 8.49036382768925,39.2578672929522 8.49035643081474,39.2581155417043 8.4903106248715,39.2583459792568 8.49031885223418,39.2584885827577 8.49038309744112,39.258584629948 8.49044309332283,39.2586225033696 8.49057355353273,39.2586195513466 8.49098751751997,39.2585282911131 8.49126006122931,39.2585674630357 8.49164832242088,39.2587752617079 8.49196227171085,39.2590210031779 8.49205637695075,39.2590769109312 8.49215730794076,39.259128171837 8.4922220087312,39.259179202489 8.49232821289738,39.2591872168247 8.49218187634533,39.2590869198888 8.49204073497741,39.258951008085 8.49177527243129,39.2586389705281 8.4915965796055,39.2583940447877 8.49144902114226,39.25815373315 8.49130591380497,39.2579727943337 8.49127113225278,39.2578300297535 8.49144611996727,39.2575017954524 8.49149819540122,39.2573670695657 8.4915248139465,39.2571768615942 8.49156585510513,39.2571255176504 8.49155723211283,39.2570228839953 8.49149503544247,39.2569624837497 8.49120361736089,39.2568800595333 8.49109306324344,39.25682498923 8.49100484594662,39.2567535629566 8.49094234028142,39.2567920085915 8.49086333773816,39.2567221273077 8.49092308996194,39.2566669728174 8.49086351793727,39.2565947526469 8.49069439075005,39.256489704575 8.49048515364668,39.2564002674251 8.49043927058033,39.256399985434 8.48990145568568,39.2565598942476 8.4897007577955,39.2565811717152 8.48963584002241,39.2565526384491 8.48950814354948,39.2565218474216 8.48935752098705,39.2564512814872 8.48921111667141,39.2563584864203 8.48908313528832,39.2563558251246 8.48888663333271,39.2564409064529 8.48874289219603,39.2565638209533 8.48857909223182,39.2567578948316 8.48846566619514,39.2569609843594 8.48851535418707,39.2570644565104</coordinates>
            </LinearRing>
          </outerBoundaryIs>
        </Polygon>
      </Placemark>
    </Folder>
  </Document>
</kml>

