<?xml version="1.0" encoding="UTF-8"?>
<kml xmlns="http://www.opengis.net/kml/2.2">
  <Document xmlns="">
    <Folder>
      <name>Patrimonio IGEA</name>
      <Placemark xmlns="http://www.opengis.net/kml/2.2">
        <styleUrl>#Parti singole_style_map</styleUrl>
        <name>F02029</name>
        <Polygon>
          <outerBoundaryIs>
            <LinearRing>
              <coordinates>9.17297451515385,39.8793613301513 9.17315895136017,39.8796986981448 9.1733123563874,39.880005109347 9.1733789297397,39.8798735569461 9.17340513016089,39.8797871047805 9.1734433720361,39.8795875345016 9.17360095929793,39.879464234247 9.17380634708677,39.8793666573923 9.17391383773804,39.8793187806514 9.17403325866743,39.8792764179711 9.17420580929996,39.8790914944109 9.17429411936696,39.8789829469698 9.17425581750159,39.8788983752498 9.17446840577425,39.8788375734764 9.17452886797298,39.8788433480893 9.17458310735733,39.8788485373705 9.17477640907573,39.8788514543515 9.17493873328322,39.8787023951039 9.17515359432438,39.8785147034846 9.17553849625715,39.8781788316912 9.17518429656629,39.8776462104691 9.1748952256399,39.8776577999532 9.17467396129194,39.8777266162711 9.17423086844902,39.8778590227936 9.17397995686076,39.8778113493132 9.1738218311987,39.8779094865149 9.17381580801902,39.8778813488692 9.17377694930937,39.8778862902916 9.17392975931205,39.8777948283662 9.17376723886127,39.8777452652078 9.17364293939995,39.8776975187685 9.17346012870487,39.8776241004762 9.17320387028405,39.8773884795876 9.17306570108503,39.8772887755814 9.17286019915812,39.8772687282158 9.17237990897649,39.8772193289223 9.17216358473567,39.8772063330357 9.17164508778097,39.8771790252868 9.17134657790665,39.8773446966828 9.17131496138567,39.8774216870901 9.17130128039115,39.8774550615812 9.17130105286151,39.8775000118737 9.17130005367959,39.8775167625885 9.17129400120418,39.8776177084418 9.17123450011576,39.8778902888845 9.1709549613981,39.8781486062324 9.17076414277654,39.8783070719933 9.17057010609499,39.8784602894388 9.17036608043379,39.8785703732108 9.17011290687246,39.8786771679018 9.16998386082892,39.8786533275243 9.16983806311245,39.8786129424377 9.16962933529022,39.8787993538927 9.16949939262489,39.8789151483366 9.16970902321948,39.8789290779591 9.17009849576281,39.8789270220425 9.17028859971447,39.8789562328006 9.17078795808868,39.8789283806186 9.17131352020633,39.8788287966039 9.17135348695223,39.8788223947845 9.17145511518864,39.8787633117448 9.17152539034231,39.8787227720295 9.17159004310783,39.8786785825883 9.17170127982963,39.8785710033526 9.17177026889023,39.8785307086525 9.17186213554839,39.8785154273624 9.17192745027442,39.878511789914 9.17199782404091,39.8785297865097 9.1720100990736,39.8785329217788 9.17205387300407,39.8785620758088 9.17211847282528,39.8786374913946 9.17225577649888,39.8787834361375 9.17241218159413,39.8789169819114 9.17243002710463,39.8789357228747 9.17245007016501,39.8789259985829 9.17245012204096,39.8789046452546 9.1725389592927,39.8789310743374 9.17254053918474,39.8789315405023 9.17249591629493,39.8790307416798 9.17250550188314,39.8790619914961 9.17251995716501,39.8791980722364 9.17264109990058,39.8793621772414 9.17271884148369,39.8794966863231 9.17280738747355,39.8796586051465 9.17304169088457,39.8795771772818 9.17292894927217,39.8793641099061 9.17297657816539,39.8789947629522 9.17342817373464,39.8787798006683 9.17353806617877,39.8784550041438 9.17357133247912,39.8782490172105 9.17359526348734,39.8779999322531 9.17362550386866,39.8779811106359 9.17373210393859,39.8779147382394 9.17374294650696,39.8779573834926 9.17365483219091,39.8780087900132 9.17358086638175,39.8784547960764 9.17347098708759,39.8787940443582 9.17302197865213,39.8790100661146 9.17297451515385,39.8793613301513</coordinates>
            </LinearRing>
          </outerBoundaryIs>
          <innerBoundaryIs>
            <LinearRing>
              <coordinates>9.17424979552966,39.878472663897 9.17423512519261,39.8784318259488 9.17432385250715,39.8784153840043 9.17433534341966,39.8784590325431 9.17424979552966,39.878472663897</coordinates>
            </LinearRing>
          </innerBoundaryIs>
          <innerBoundaryIs>
            <LinearRing>
              <coordinates>9.17433199231106,39.8785740767146 9.17432233689831,39.8785362124536 9.1744083680045,39.878533628288 9.17441211353039,39.8785746579721 9.17433199231106,39.8785740767146</coordinates>
            </LinearRing>
          </innerBoundaryIs>
          <innerBoundaryIs>
            <LinearRing>
              <coordinates>9.17424816559553,39.8787285232163 9.17424111223574,39.8786394486011 9.17441544196211,39.8786307696327 9.17441869680647,39.8786577708886 9.174461481718,39.8786552515723 9.17446472593885,39.8786780440936 9.17441238661167,39.8786826821232 9.17441749161713,39.8787212546625 9.17424816559553,39.8787285232163</coordinates>
            </LinearRing>
          </innerBoundaryIs>
          <innerBoundaryIs>
            <LinearRing>
              <coordinates>9.17425666792028,39.878850564191 9.17422791517227,39.8788214967811 9.17433564060955,39.8787568010995 9.17436850370171,39.8787911232531 9.17425666792028,39.878850564191</coordinates>
            </LinearRing>
          </innerBoundaryIs>
          <innerBoundaryIs>
            <LinearRing>
              <coordinates>9.17188016572872,39.8784475830246 9.17188628970491,39.8784319727627 9.17184254035285,39.8784229932738 9.17185887997795,39.8783849835707 9.17198162135931,39.8784135172876 9.17195826897619,39.8784637470221 9.17188016572872,39.8784475830246</coordinates>
            </LinearRing>
          </innerBoundaryIs>
          <innerBoundaryIs>
            <LinearRing>
              <coordinates>9.1733446422757,39.8795462952778 9.1733120523917,39.8795046307034 9.17347284101717,39.8794276385984 9.17350470207796,39.8794665233378 9.1733446422757,39.8795462952778</coordinates>
            </LinearRing>
          </innerBoundaryIs>
        </Polygon>
      </Placemark>
      <Placemark xmlns="http://www.opengis.net/kml/2.2">
        <styleUrl>#Parti singole_style_map</styleUrl>
        <name>F00457</name>
        <Polygon>
          <outerBoundaryIs>
            <LinearRing>
              <coordinates>9.17492488333832,39.8797109200228 9.1750087612484,39.8796854942108 9.17503552087807,39.8796773991453 9.17502561321421,39.879657970897 9.17501433057522,39.8796358868245 9.17490370478607,39.8796694076644 9.17492488333832,39.8797109200228</coordinates>
            </LinearRing>
          </outerBoundaryIs>
        </Polygon>
      </Placemark>
      <Placemark xmlns="http://www.opengis.net/kml/2.2">
        <styleUrl>#Parti singole_style_map</styleUrl>
        <name>F02030</name>
        <Polygon>
          <outerBoundaryIs>
            <LinearRing>
              <coordinates>9.17167470852776,39.8789790321748 9.17174379824623,39.8789368426199 9.17170243010298,39.8788990249959 9.1716345543346,39.878941212734 9.17167470852776,39.8789790321748</coordinates>
            </LinearRing>
          </outerBoundaryIs>
        </Polygon>
      </Placemark>
      <Placemark xmlns="http://www.opengis.net/kml/2.2">
        <styleUrl>#Parti singole_style_map</styleUrl>
        <name>F02032</name>
        <Polygon>
          <outerBoundaryIs>
            <LinearRing>
              <coordinates>9.1733446422757,39.8795462952778 9.17350470207796,39.8794665233378 9.17347284101717,39.8794276385984 9.1733120523917,39.8795046307034 9.1733446422757,39.8795462952778</coordinates>
            </LinearRing>
          </outerBoundaryIs>
        </Polygon>
      </Placemark>
      <Placemark xmlns="http://www.opengis.net/kml/2.2">
        <styleUrl>#Parti singole_style_map</styleUrl>
        <name>F02031</name>
        <Polygon>
          <outerBoundaryIs>
            <LinearRing>
              <coordinates>9.17176230067737,39.8787215121894 9.17183941287522,39.878699842256 9.17185459752569,39.8787040285552 9.17185942996284,39.8786946686342 9.17192610572975,39.8786947565709 9.17193249141866,39.8786717246262 9.17185604666163,39.8786296267132 9.17179871154296,39.8786443704343 9.17178638659168,39.8786493710761 9.17172931796459,39.8786725295326 9.17176230067737,39.8787215121894</coordinates>
            </LinearRing>
          </outerBoundaryIs>
        </Polygon>
      </Placemark>
      <Placemark xmlns="http://www.opengis.net/kml/2.2">
        <styleUrl>#Parti singole_style_map</styleUrl>
        <name>F02033</name>
        <Polygon>
          <outerBoundaryIs>
            <LinearRing>
              <coordinates>9.1770774084483,39.8789421232722 9.17718214447405,39.8789724156939 9.17720596319753,39.878926057966 9.17710512406303,39.8788957596275 9.1770774084483,39.8789421232722</coordinates>
            </LinearRing>
          </outerBoundaryIs>
        </Polygon>
      </Placemark>
      <Placemark xmlns="http://www.opengis.net/kml/2.2">
        <styleUrl>#Parti singole_style_map</styleUrl>
        <name>F02182</name>
        <Polygon>
          <outerBoundaryIs>
            <LinearRing>
              <coordinates>9.17511005197751,39.8791209761803 9.17522304165304,39.8790976957315 9.1752022429198,39.8790399651922 9.17509495646529,39.8790617954596 9.17511005197751,39.8791209761803</coordinates>
            </LinearRing>
          </outerBoundaryIs>
        </Polygon>
      </Placemark>
      <Placemark xmlns="http://www.opengis.net/kml/2.2">
        <styleUrl>#Parti singole_style_map</styleUrl>
        <name>F02034</name>
        <Polygon>
          <outerBoundaryIs>
            <LinearRing>
              <coordinates>9.16962602611114,39.8680860977771 9.16989569219984,39.8679878211915 9.17021676776758,39.8682541324777 9.17036063859891,39.8681621656327 9.17049637202132,39.8682741029413 9.1707543546693,39.8684868787566 9.17100027909839,39.8684334223336 9.17080893456428,39.8680897264671 9.17033572890503,39.8677101159999 9.17015636650254,39.8676857728464 9.1695733428082,39.868030115493 9.16962602611114,39.8680860977771</coordinates>
            </LinearRing>
          </outerBoundaryIs>
        </Polygon>
      </Placemark>
      <Placemark xmlns="http://www.opengis.net/kml/2.2">
        <styleUrl>#Parti singole_style_map</styleUrl>
        <name>F02035</name>
        <Polygon>
          <outerBoundaryIs>
            <LinearRing>
              <coordinates>9.16962602611114,39.8680860977771 9.16989569219984,39.8679878211915 9.17021676776758,39.8682541324777 9.17036063859891,39.8681621656327 9.17049637202132,39.8682741029413 9.1707543546693,39.8684868787566 9.17100027909839,39.8684334223336 9.17080893456428,39.8680897264671 9.17033572890503,39.8677101159999 9.17015636650254,39.8676857728464 9.1695733428082,39.868030115493 9.16962602611114,39.8680860977771</coordinates>
            </LinearRing>
          </outerBoundaryIs>
        </Polygon>
      </Placemark>
      <Placemark xmlns="http://www.opengis.net/kml/2.2">
        <styleUrl>#Parti singole_style_map</styleUrl>
        <name>F02036</name>
        <Polygon>
          <outerBoundaryIs>
            <LinearRing>
              <coordinates>9.16962602611114,39.8680860977771 9.16989569219984,39.8679878211915 9.17021676776758,39.8682541324777 9.17036063859891,39.8681621656327 9.17049637202132,39.8682741029413 9.1707543546693,39.8684868787566 9.17100027909839,39.8684334223336 9.17080893456428,39.8680897264671 9.17033572890503,39.8677101159999 9.17015636650254,39.8676857728464 9.1695733428082,39.868030115493 9.16962602611114,39.8680860977771</coordinates>
            </LinearRing>
          </outerBoundaryIs>
        </Polygon>
      </Placemark>
      <Placemark xmlns="http://www.opengis.net/kml/2.2">
        <styleUrl>#Parti singole_style_map</styleUrl>
        <name>F02037</name>
        <Polygon>
          <outerBoundaryIs>
            <LinearRing>
              <coordinates>9.16962602611114,39.8680860977771 9.16989569219984,39.8679878211915 9.17021676776758,39.8682541324777 9.17036063859891,39.8681621656327 9.17049637202132,39.8682741029413 9.1707543546693,39.8684868787566 9.17100027909839,39.8684334223336 9.17080893456428,39.8680897264671 9.17033572890503,39.8677101159999 9.17015636650254,39.8676857728464 9.1695733428082,39.868030115493 9.16962602611114,39.8680860977771</coordinates>
            </LinearRing>
          </outerBoundaryIs>
        </Polygon>
      </Placemark>
      <Placemark xmlns="http://www.opengis.net/kml/2.2">
        <styleUrl>#Parti singole_style_map</styleUrl>
        <name>F02038</name>
        <Polygon>
          <outerBoundaryIs>
            <LinearRing>
              <coordinates>9.16962602611114,39.8680860977771 9.16989569219984,39.8679878211915 9.17021676776758,39.8682541324777 9.17036063859891,39.8681621656327 9.17049637202132,39.8682741029413 9.1707543546693,39.8684868787566 9.17100027909839,39.8684334223336 9.17080893456428,39.8680897264671 9.17033572890503,39.8677101159999 9.17015636650254,39.8676857728464 9.1695733428082,39.868030115493 9.16962602611114,39.8680860977771</coordinates>
            </LinearRing>
          </outerBoundaryIs>
        </Polygon>
      </Placemark>
      <Placemark xmlns="http://www.opengis.net/kml/2.2">
        <styleUrl>#Parti singole_style_map</styleUrl>
        <name>F00473</name>
        <Polygon>
          <outerBoundaryIs>
            <LinearRing>
              <coordinates>9.16989899789323,39.86811287262 9.17007056186198,39.8682866494923 9.170122386381,39.8682552270451 9.16996203634857,39.8680781910997 9.16989899789323,39.86811287262</coordinates>
            </LinearRing>
          </outerBoundaryIs>
        </Polygon>
      </Placemark>
      <Placemark xmlns="http://www.opengis.net/kml/2.2">
        <styleUrl>#Parti singole_style_map</styleUrl>
        <name>F00411</name>
        <Polygon>
          <outerBoundaryIs>
            <LinearRing>
              <coordinates>9.19136399112502,39.9015865178178 9.19137994576203,39.9017249717599 9.19153331607741,39.9017193221862 9.19161323189169,39.9015573118205 9.19158029623168,39.9015427162387 9.1915126436997,39.901525024454 9.19148682640629,39.9015209675575 9.19141199509565,39.9015046480205 9.19135914866515,39.9015445852964 9.19136399112502,39.9015865178178</coordinates>
            </LinearRing>
          </outerBoundaryIs>
        </Polygon>
      </Placemark>
      <Placemark xmlns="http://www.opengis.net/kml/2.2">
        <styleUrl>#Parti singole_style_map</styleUrl>
        <name>T00592</name>
        <Polygon>
          <outerBoundaryIs>
            <LinearRing>
              <coordinates>9.17311727562772,39.880944276143 9.1732912178715,39.8809056802053 9.17326960089076,39.8807824852943 9.17324794328957,39.8806151423782 9.17312894303725,39.8806445114723 9.17311727562772,39.880944276143</coordinates>
            </LinearRing>
          </outerBoundaryIs>
        </Polygon>
      </Placemark>
      <Placemark xmlns="http://www.opengis.net/kml/2.2">
        <styleUrl>#Parti singole_style_map</styleUrl>
        <name>T00593</name>
        <Polygon>
          <outerBoundaryIs>
            <LinearRing>
              <coordinates>9.17311727562772,39.880944276143 9.17333992069847,39.8812154548539 9.17353614419253,39.8814474528872 9.17380187413049,39.8817643181451 9.17390743191637,39.8817415095985 9.17381114360213,39.8815861623941 9.17367474235692,39.8813655539523 9.17356197123608,39.8812449729742 9.17329887384763,39.8809692690213 9.1732912178715,39.8809056802053 9.17311727562772,39.880944276143</coordinates>
            </LinearRing>
          </outerBoundaryIs>
        </Polygon>
      </Placemark>
      <Placemark xmlns="http://www.opengis.net/kml/2.2">
        <styleUrl>#Parti singole_style_map</styleUrl>
        <name>T00594</name>
        <Polygon>
          <outerBoundaryIs>
            <LinearRing>
              <coordinates>9.17247819423699,39.8796133873455 9.17251972353798,39.879637787345 9.17254395156164,39.8796133077681 9.17255401840462,39.879603147778 9.17252901412999,39.8795884448473 9.17251250078426,39.8795787387634 9.17247819423699,39.8796133873455</coordinates>
            </LinearRing>
          </outerBoundaryIs>
        </Polygon>
      </Placemark>
      <Placemark xmlns="http://www.opengis.net/kml/2.2">
        <styleUrl>#Parti singole_style_map</styleUrl>
        <name>T00595</name>
        <Polygon>
          <outerBoundaryIs>
            <LinearRing>
              <coordinates>9.17385012461746,39.8815685980403 9.1739617154392,39.881749402042 9.17408376925049,39.8819516245876 9.1740975938185,39.8820077619999 9.17412451128329,39.8820803317009 9.17419754254998,39.882241326599 9.17438542004539,39.8821626955947 9.17451413115931,39.8818891358935 9.17429316436493,39.881562825951 9.17404938430654,39.8813666693625 9.17400779046109,39.8813126728003 9.1739046692568,39.8814852838493 9.17385012461746,39.8815685980403</coordinates>
            </LinearRing>
          </outerBoundaryIs>
        </Polygon>
      </Placemark>
      <Placemark xmlns="http://www.opengis.net/kml/2.2">
        <styleUrl>#Parti singole_style_map</styleUrl>
        <name>T00624</name>
        <Polygon>
          <outerBoundaryIs>
            <LinearRing>
              <coordinates>9.16144167392175,39.8739736796339 9.16170951669326,39.8743101034117 9.16200877176665,39.8746867296353 9.16236063567104,39.8751212958109 9.16252325567578,39.8753235191679 9.16263368003293,39.8754679092302 9.16281543048391,39.875694026462 9.16296609815715,39.875879696864 9.16307906581726,39.8760257497378 9.16329668328365,39.8762959819861 9.16347402417794,39.8765247802602 9.16369165490285,39.8768042107444 9.1639286171958,39.8771032008824 9.16413706236932,39.8773688314092 9.16428295881233,39.8775563447811 9.16446220639017,39.8775814629571 9.16483380885088,39.8776748729371 9.16499861700997,39.8776177872016 9.16538313175458,39.8774042758187 9.16593696226418,39.877298206875 9.16616391070966,39.877255806854 9.16691426386013,39.8774044028539 9.16703987609223,39.8772816439022 9.16732335343222,39.8770949492863 9.16746116436443,39.8771036164893 9.16760932626556,39.87712745915 9.16788418031989,39.8772376579716 9.16816467757245,39.8776093487958 9.16826493934984,39.877502635633 9.16836381378524,39.8773259001211 9.16827996471743,39.8771376173265 9.16821762812611,39.8768274365881 9.16842532093537,39.8766011336522 9.16848019746332,39.8764275611332 9.16858750336201,39.8761847622229 9.16860887006078,39.8759415563132 9.16845571114193,39.8756565906711 9.16845791766665,39.8753246027705 9.16844118640801,39.8752058055539 9.16840756105531,39.8750164138636 9.1683916948619,39.8748926509709 9.16837135676172,39.8748243409672 9.16833070305308,39.874778386708 9.16811455556122,39.8744552830956 9.16784710330212,39.8742300096835 9.16786326673891,39.8736976592209 9.16782467208272,39.8732478005997 9.1678095850865,39.8730303163143 9.16766866738658,39.8725673878501 9.16765667923645,39.8725085439804 9.16774500703264,39.8724257424346 9.16782349251012,39.8722193673104 9.16759657914622,39.8722352546492 9.16713052310609,39.8722678654724 9.1664544351462,39.8723104879488 9.16590623310002,39.8722650332287 9.16547624439772,39.8723443288788 9.16508578420942,39.8724166112239 9.16475385711213,39.8726006662431 9.1646941547466,39.8726411598891 9.16438997512628,39.87284059936 9.16430162234443,39.8729050003294 9.16327429431722,39.8729073217182 9.16244720610088,39.8729116518753 9.16215277515077,39.8730929621124 9.16154380881276,39.8734610321805 9.16120254074243,39.8736721915304 9.16144167392175,39.8739736796339</coordinates>
            </LinearRing>
          </outerBoundaryIs>
          <innerBoundaryIs>
            <LinearRing>
              <coordinates>9.1665754857132,39.8768316754451 9.1666732634252,39.8767901351911 9.16671164372529,39.8768437516179 9.16661385426666,39.8768852919208 9.1665754857132,39.8768316754451</coordinates>
            </LinearRing>
          </innerBoundaryIs>
        </Polygon>
      </Placemark>
      <Placemark xmlns="http://www.opengis.net/kml/2.2">
        <styleUrl>#Parti singole_style_map</styleUrl>
        <name>T00625</name>
        <Polygon>
          <outerBoundaryIs>
            <LinearRing>
              <coordinates>9.16725215597608,39.8774066291273 9.16757290764009,39.8775063743178 9.16777958737066,39.8772801280814 9.16755092614482,39.8772091362172 9.16745229747586,39.8772036291868 9.16725215597608,39.8774066291273</coordinates>
            </LinearRing>
          </outerBoundaryIs>
        </Polygon>
      </Placemark>
      <Placemark xmlns="http://www.opengis.net/kml/2.2">
        <styleUrl>#Parti singole_style_map</styleUrl>
        <name>T00626</name>
        <Polygon>
          <outerBoundaryIs>
            <LinearRing>
              <coordinates>9.1682977708159,39.8779031733945 9.1683790706415,39.8780192011483 9.16856248345116,39.8781637590413 9.16868067923408,39.8782176554628 9.16888153990398,39.87830924587 9.1688925564006,39.8783142663485 9.16911295589692,39.878452462747 9.16892627247003,39.8782576807844 9.16879493518835,39.8781954425923 9.16858562494956,39.8780962600066 9.16843703249782,39.8779784739086 9.16836733727744,39.8778785119019 9.16837804615645,39.8778150222597 9.16831035202422,39.8777778557127 9.1682977708159,39.8779031733945</coordinates>
            </LinearRing>
          </outerBoundaryIs>
        </Polygon>
      </Placemark>
      <Placemark xmlns="http://www.opengis.net/kml/2.2">
        <styleUrl>#Parti singole_style_map</styleUrl>
        <name>T00628</name>
        <Polygon>
          <outerBoundaryIs>
            <LinearRing>
              <coordinates>9.1721144085435,39.8826334824213 9.17261688148456,39.8825032843886 9.17271950407247,39.8823912031248 9.17288228593175,39.8822143328884 9.17295878003523,39.8821296710684 9.17307061495931,39.8820540654917 9.17325110607594,39.8819164691309 9.17346333553421,39.8820530836157 9.17362809992946,39.8819261867587 9.17357335808903,39.8818942116325 9.17349446197008,39.8818464423088 9.17337732661884,39.8817950179383 9.17322194349144,39.8817178643923 9.17287957527901,39.8819213470475 9.17236372905026,39.882225058879 9.17203547675827,39.8824353475263 9.1721144085435,39.8826334824213</coordinates>
            </LinearRing>
          </outerBoundaryIs>
        </Polygon>
      </Placemark>
      <Placemark xmlns="http://www.opengis.net/kml/2.2">
        <styleUrl>#Parti singole_style_map</styleUrl>
        <name>T00629</name>
        <Polygon>
          <outerBoundaryIs>
            <LinearRing>
              <coordinates>9.16919740106841,39.8798503020682 9.17035366286311,39.8807165911552 9.17073181780587,39.880995106098 9.17122156086627,39.881544722732 9.17159865825043,39.8819778266145 9.17183471532574,39.8822492676704 9.17200898703854,39.8824537667341 9.17203547675827,39.8824353475263 9.17188130255937,39.8822284942536 9.17183723588049,39.8822000974349 9.17185081749797,39.8821875897643 9.17173680982279,39.8820346276134 9.1714904011447,39.8817055748994 9.17145211381912,39.8816449052874 9.17121009040764,39.8811968349426 9.17104974336155,39.8808990085717 9.17082193213208,39.8804690531845 9.17067956197182,39.8801992203468 9.16979770593949,39.8799955567887 9.16919740106841,39.8798503020682</coordinates>
            </LinearRing>
          </outerBoundaryIs>
        </Polygon>
      </Placemark>
      <Placemark xmlns="http://www.opengis.net/kml/2.2">
        <styleUrl>#Parti singole_style_map</styleUrl>
        <name>T00634</name>
        <Polygon>
          <outerBoundaryIs>
            <LinearRing>
              <coordinates>9.17362345260218,39.8820777386341 9.17376041928154,39.8820905351 9.17362809992946,39.8819261867587 9.17362345260218,39.8820777386341</coordinates>
            </LinearRing>
          </outerBoundaryIs>
        </Polygon>
      </Placemark>
      <Placemark xmlns="http://www.opengis.net/kml/2.2">
        <styleUrl>#Parti singole_style_map</styleUrl>
        <name>T00635</name>
        <Polygon>
          <outerBoundaryIs>
            <LinearRing>
              <coordinates>9.17348094134427,39.8820644277136 9.17362345260218,39.8820777386341 9.17362809992946,39.8819261867587 9.17346333553421,39.8820530836157 9.17348094134427,39.8820644277136</coordinates>
            </LinearRing>
          </outerBoundaryIs>
        </Polygon>
      </Placemark>
      <Placemark xmlns="http://www.opengis.net/kml/2.2">
        <styleUrl>#Parti singole_style_map</styleUrl>
        <name>T00636</name>
        <Polygon>
          <outerBoundaryIs>
            <LinearRing>
              <coordinates>9.17472568549239,39.8801467718292 9.17508364243072,39.8798060768388 9.17518690476076,39.8800043532715 9.17548586779915,39.8799653763244 9.17507432889428,39.8795783859592 9.17502561321421,39.879657970897 9.17503552087807,39.8796773991453 9.1750087612484,39.8796854942108 9.17477738638988,39.8800635335622 9.17472568549239,39.8801467718292</coordinates>
            </LinearRing>
          </outerBoundaryIs>
        </Polygon>
      </Placemark>
      <Placemark xmlns="http://www.opengis.net/kml/2.2">
        <styleUrl>#Parti singole_style_map</styleUrl>
        <name>T00642</name>
        <Polygon>
          <outerBoundaryIs>
            <LinearRing>
              <coordinates>9.16350713662429,39.8705852172365 9.16386176018249,39.870620847315 9.16450466585088,39.8704528881724 9.1646362849579,39.8704842362304 9.16501239956688,39.8703925145239 9.16544418997993,39.8703721602823 9.16523411810267,39.8702896497659 9.1649914305833,39.870346918535 9.16479742076108,39.8703164071572 9.1646057856428,39.8702862705049 9.16450416972656,39.8702447258852 9.16430947154428,39.8702686700459 9.16404905726844,39.8702522435111 9.16389620848226,39.8703258711572 9.16381976100879,39.8703259158422 9.16371225604789,39.870320445156 9.16350713662429,39.8705852172365</coordinates>
            </LinearRing>
          </outerBoundaryIs>
        </Polygon>
      </Placemark>
      <Placemark xmlns="http://www.opengis.net/kml/2.2">
        <styleUrl>#Parti singole_style_map</styleUrl>
        <name>T00643</name>
        <Polygon>
          <outerBoundaryIs>
            <LinearRing>
              <coordinates>9.1673394576895,39.8720466891124 9.16741343848653,39.8721376808976 9.16759657914622,39.8722352546492 9.16782349251012,39.8722193673104 9.16768520312745,39.8721252790962 9.16755372824964,39.8720444253312 9.16728689187718,39.8719238888203 9.1673394576895,39.8720466891124</coordinates>
            </LinearRing>
          </outerBoundaryIs>
        </Polygon>
      </Placemark>
      <Placemark xmlns="http://www.opengis.net/kml/2.2">
        <styleUrl>#Parti singole_style_map</styleUrl>
        <name>T00644</name>
        <Polygon>
          <outerBoundaryIs>
            <LinearRing>
              <coordinates>9.1649914305833,39.870346918535 9.16523411810267,39.8702896497659 9.16605488185816,39.8705857954424 9.16660655475344,39.8709265865323 9.16693712801109,39.8710873610887 9.16705880281656,39.8714247303025 9.16712974379036,39.8716418461436 9.16717375106039,39.8718520631067 9.16757180187979,39.8720283708056 9.16786870485102,39.8722125086222 9.16814516711662,39.8721987835253 9.16820316457412,39.8720834549901 9.16814881636065,39.8719880204984 9.16801696751049,39.8719025637787 9.16788775273145,39.8718807484864 9.16760868341141,39.8718749164052 9.16744070690389,39.8718292534393 9.16739930223592,39.871771596151 9.16736818139909,39.8716053376616 9.16724970078893,39.8710958495368 9.16703658195908,39.8707707661905 9.16662634597362,39.8703530468257 9.16631525716197,39.8702116866875 9.16537679934616,39.870174895962 9.16479742076108,39.8703164071572 9.1649914305833,39.870346918535</coordinates>
            </LinearRing>
          </outerBoundaryIs>
        </Polygon>
      </Placemark>
      <Placemark xmlns="http://www.opengis.net/kml/2.2">
        <styleUrl>#Parti singole_style_map</styleUrl>
        <name>T00600</name>
        <Polygon>
          <outerBoundaryIs>
            <LinearRing>
              <coordinates>9.16909194634747,39.8773903355249 9.16924016653622,39.8774803711134 9.16937000426778,39.8775561887829 9.16944652718499,39.8776407424687 9.16945372565982,39.8776720140452 9.16948964437045,39.8777602578419 9.16957095052535,39.8778448044676 9.1696641826922,39.8778999346099 9.16987745723008,39.8778467355102 9.16989098996597,39.8778478239386 9.16993482812312,39.8772056124608 9.16989774795218,39.8772346872742 9.16986362111341,39.8772331424136 9.16974127039516,39.8774104090289 9.16955776688416,39.8773909273432 9.16913704839345,39.8773943964006 9.16907756505189,39.8773817430629 9.16909194634747,39.8773903355249</coordinates>
            </LinearRing>
          </outerBoundaryIs>
        </Polygon>
      </Placemark>
      <Placemark xmlns="http://www.opengis.net/kml/2.2">
        <styleUrl>#Parti singole_style_map</styleUrl>
        <name>T00601</name>
        <Polygon>
          <outerBoundaryIs>
            <LinearRing>
              <coordinates>9.16880076173999,39.8771784424904 9.16891742941301,39.8772727228842 9.16902247584615,39.8773488382546 9.16907756505189,39.8773817430629 9.16913704839345,39.8773943964006 9.16955776688416,39.8773909273432 9.16974127039516,39.8774104090289 9.16986362111341,39.8772331424136 9.16972289168573,39.8772267347806 9.16968149646887,39.8772653752374 9.16946259154834,39.8772965892351 9.16916230586223,39.8772888096819 9.1688789343589,39.8771777973636 9.16880076173999,39.8771784424904</coordinates>
            </LinearRing>
          </outerBoundaryIs>
        </Polygon>
      </Placemark>
      <Placemark xmlns="http://www.opengis.net/kml/2.2">
        <styleUrl>#Parti singole_style_map</styleUrl>
        <name>T00602</name>
        <Polygon>
          <outerBoundaryIs>
            <LinearRing>
              <coordinates>9.16867776062045,39.8770715934681 9.16880011729549,39.877177920857 9.16880076173999,39.8771784424904 9.1688789343589,39.8771777973636 9.16916230586223,39.8772888096819 9.16946259154834,39.8772965892351 9.16968149646887,39.8772653752374 9.16972289168573,39.8772267347806 9.16953127610026,39.8772180136041 9.16910829873158,39.8771391451641 9.16871596024843,39.8770458330303 9.16867776062045,39.8770715934681</coordinates>
            </LinearRing>
          </outerBoundaryIs>
        </Polygon>
      </Placemark>
      <Placemark xmlns="http://www.opengis.net/kml/2.2">
        <styleUrl>#Parti singole_style_map</styleUrl>
        <name>T00604</name>
        <Polygon>
          <outerBoundaryIs>
            <LinearRing>
              <coordinates>9.16980362954788,39.8768666567825 9.16992446850774,39.876797744322 9.16970720151658,39.8768191176713 9.16980362954788,39.8768666567825</coordinates>
            </LinearRing>
          </outerBoundaryIs>
        </Polygon>
      </Placemark>
      <Placemark xmlns="http://www.opengis.net/kml/2.2">
        <styleUrl>#Parti singole_style_map</styleUrl>
        <name>T00605</name>
        <Polygon>
          <outerBoundaryIs>
            <LinearRing>
              <coordinates>9.16983675183992,39.8768829882337 9.16988828242508,39.8768384044483 9.16995904437035,39.8768392470342 9.16996273340461,39.8767939853436 9.16992638361677,39.8767966513348 9.16992446850774,39.876797744322 9.16980362954788,39.8768666567825 9.16983675183992,39.8768829882337</coordinates>
            </LinearRing>
          </outerBoundaryIs>
        </Polygon>
      </Placemark>
      <Placemark xmlns="http://www.opengis.net/kml/2.2">
        <styleUrl>#Parti singole_style_map</styleUrl>
        <name>T00606</name>
        <Polygon>
          <outerBoundaryIs>
            <LinearRing>
              <coordinates>9.16983675183992,39.8768829882337 9.16995091788065,39.8769392678521 9.16995904437035,39.8768392470342 9.16988828242508,39.8768384044483 9.16983675183992,39.8768829882337</coordinates>
            </LinearRing>
          </outerBoundaryIs>
        </Polygon>
      </Placemark>
      <Placemark xmlns="http://www.opengis.net/kml/2.2">
        <styleUrl>#Parti singole_style_map</styleUrl>
        <name>T00608</name>
        <Polygon>
          <outerBoundaryIs>
            <LinearRing>
              <coordinates>9.17401458354593,39.8757806746433 9.17426048933217,39.8757707287964 9.17440284350876,39.8757454950273 9.17453898936427,39.8756976017107 9.17476557205454,39.8754595732945 9.17476223450313,39.8752914461367 9.17468311145584,39.875229892885 9.17467012810012,39.8754364173809 9.17453378271235,39.8756178456319 9.17436582635446,39.8756966452863 9.17409211342246,39.8757066870682 9.17405804219491,39.8757408312368 9.17398781966123,39.8757772549401 9.17401458354593,39.8757806746433</coordinates>
            </LinearRing>
          </outerBoundaryIs>
        </Polygon>
      </Placemark>
      <Placemark xmlns="http://www.opengis.net/kml/2.2">
        <styleUrl>#Parti singole_style_map</styleUrl>
        <name>T00609</name>
        <Polygon>
          <outerBoundaryIs>
            <LinearRing>
              <coordinates>9.1723752010814,39.8757280224011 9.17253519605572,39.8757239198083 9.17253755802146,39.8757238532335 9.17259199880469,39.8756984007683 9.17270666341014,39.8756781115321 9.17290734429758,39.8756614513513 9.17317017368905,39.8756760253774 9.1732905490576,39.8756854414276 9.17354870597226,39.8757251859767 9.17385686620643,39.8757605394664 9.17398781966123,39.8757772549401 9.17405804219491,39.8757408312368 9.17409211342246,39.8757066870682 9.17399548544456,39.8757102284574 9.17371230362537,39.8756797123177 9.17363718070792,39.8756973126182 9.17340048941547,39.8756559415074 9.17314086668402,39.8756330651863 9.17290812970067,39.875610887097 9.17264439488674,39.8756175589673 9.17254647706388,39.8756617533539 9.1723752010814,39.8757280224011</coordinates>
            </LinearRing>
          </outerBoundaryIs>
        </Polygon>
      </Placemark>
      <Placemark xmlns="http://www.opengis.net/kml/2.2">
        <styleUrl>#Parti singole_style_map</styleUrl>
        <name>T00610</name>
        <Polygon>
          <outerBoundaryIs>
            <LinearRing>
              <coordinates>9.17314086668402,39.8756330651863 9.17340048941547,39.8756559415074 9.17363718070792,39.8756973126182 9.17371230362537,39.8756797123177 9.17351998342928,39.8756589886948 9.17318065759594,39.8756040033103 9.17290812970067,39.875610887097 9.17314086668402,39.8756330651863</coordinates>
            </LinearRing>
          </outerBoundaryIs>
        </Polygon>
      </Placemark>
      <Placemark xmlns="http://www.opengis.net/kml/2.2">
        <styleUrl>#Parti singole_style_map</styleUrl>
        <name>T00611</name>
        <Polygon>
          <outerBoundaryIs>
            <LinearRing>
              <coordinates>9.17099587432094,39.8761742256125 9.17117402677088,39.8761543219978 9.17135557751358,39.8761137716132 9.171472611488,39.876067730053 9.1715829710042,39.8760087240932 9.17175749793241,39.8759325045783 9.17188412539426,39.8759214065092 9.1720561561627,39.8759323511896 9.17214691515345,39.8759010338376 9.17231734076014,39.875821765226 9.17253519605572,39.8757239198083 9.1723752010814,39.8757280224011 9.17237448783436,39.8757280504882 9.17235539867826,39.8757354127856 9.17212851902446,39.8758440379594 9.17205448004523,39.8758698165419 9.17191313869514,39.8758608266519 9.17191066218883,39.8758618574336 9.17159732184316,39.8759862504484 9.17148014903344,39.8759857476341 9.17143485799447,39.8760135556635 9.17126755377956,39.8760601037385 9.17122011107234,39.8760738235032 9.17110472424777,39.8761381252793 9.17099587432094,39.8761742256125</coordinates>
            </LinearRing>
          </outerBoundaryIs>
        </Polygon>
      </Placemark>
      <Placemark xmlns="http://www.opengis.net/kml/2.2">
        <styleUrl>#Parti singole_style_map</styleUrl>
        <name>T00612</name>
        <Polygon>
          <outerBoundaryIs>
            <LinearRing>
              <coordinates>9.17148014903344,39.8759857476341 9.17159732184316,39.8759862504484 9.17191066218883,39.8758618574336 9.17191313869514,39.8758608266519 9.17188243773961,39.8758588718759 9.17176194615656,39.8758685823745 9.17158997296232,39.8759183272895 9.17157473585256,39.8759276749408 9.17148014903344,39.8759857476341</coordinates>
            </LinearRing>
          </outerBoundaryIs>
        </Polygon>
      </Placemark>
      <Placemark xmlns="http://www.opengis.net/kml/2.2">
        <styleUrl>#Parti singole_style_map</styleUrl>
        <name>T00613</name>
        <Polygon>
          <outerBoundaryIs>
            <LinearRing>
              <coordinates>9.1704908892725,39.8762688947213 9.17063642053185,39.8762554007044 9.17069067404048,39.876224696686 9.17095901396992,39.8761783432587 9.17099587432094,39.8761742256125 9.17110472424777,39.8761381252793 9.17122011107234,39.8760738235032 9.17117200227217,39.8760877334355 9.1708853315722,39.8761265010126 9.17063361430573,39.876175127372 9.17050944176432,39.8762524336054 9.1704908892725,39.8762688947213</coordinates>
            </LinearRing>
          </outerBoundaryIs>
        </Polygon>
      </Placemark>
      <Placemark xmlns="http://www.opengis.net/kml/2.2">
        <styleUrl>#Parti singole_style_map</styleUrl>
        <name>T00614</name>
        <Polygon>
          <outerBoundaryIs>
            <LinearRing>
              <coordinates>9.16992638361677,39.8767966513348 9.16996273340461,39.8767939853436 9.17013431036236,39.8766912567089 9.17027961558969,39.8765526081384 9.17044195972177,39.876414592116 9.1705378392784,39.8763112080172 9.17063642053185,39.8762554007044 9.1704908892725,39.8762688947213 9.17038463822814,39.8763631940726 9.17008926303277,39.8766333264599 9.17002775947452,39.876673825459 9.16992638361677,39.8767966513348</coordinates>
            </LinearRing>
          </outerBoundaryIs>
        </Polygon>
      </Placemark>
      <Placemark xmlns="http://www.opengis.net/kml/2.2">
        <styleUrl>#Parti singole_style_map</styleUrl>
        <name>T00615</name>
        <Polygon>
          <outerBoundaryIs>
            <LinearRing>
              <coordinates>9.16951739915504,39.8768387657281 9.16970217071685,39.8769084753426 9.16977955047176,39.8768803868729 9.16980362954788,39.8768666567825 9.16970720151658,39.8768191176713 9.16992446850774,39.876797744322 9.16992638361677,39.8767966513348 9.17002775947452,39.876673825459 9.16996790205796,39.87671325886 9.16995793164362,39.8767198235738 9.16979924028959,39.8767319574624 9.16978900814579,39.8767319633992 9.16967117221044,39.8768332345884 9.16949136066443,39.8768165314381 9.16951739915504,39.8768387657281</coordinates>
            </LinearRing>
          </outerBoundaryIs>
        </Polygon>
      </Placemark>
      <Placemark xmlns="http://www.opengis.net/kml/2.2">
        <styleUrl>#Parti singole_style_map</styleUrl>
        <name>T00616</name>
        <Polygon>
          <outerBoundaryIs>
            <LinearRing>
              <coordinates>9.16949136066443,39.8768165314381 9.16967117221044,39.8768332345884 9.16978900814579,39.8767319633992 9.1696080921196,39.8767320563366 9.16945284198403,39.8767836296969 9.16949136066443,39.8768165314381</coordinates>
            </LinearRing>
          </outerBoundaryIs>
        </Polygon>
      </Placemark>
      <Placemark xmlns="http://www.opengis.net/kml/2.2">
        <styleUrl>#Parti singole_style_map</styleUrl>
        <name>T00617</name>
        <Polygon>
          <outerBoundaryIs>
            <LinearRing>
              <coordinates>9.16977537247467,39.8769360916457 9.16983675183992,39.8768829882337 9.16980362954788,39.8768666567825 9.16977955047176,39.8768803868729 9.16970217071685,39.8769084753426 9.16977537247467,39.8769360916457</coordinates>
            </LinearRing>
          </outerBoundaryIs>
        </Polygon>
      </Placemark>
      <Placemark xmlns="http://www.opengis.net/kml/2.2">
        <styleUrl>#Parti singole_style_map</styleUrl>
        <name>T00618</name>
        <Polygon>
          <outerBoundaryIs>
            <LinearRing>
              <coordinates>9.16972289168573,39.8772267347806 9.16986362111341,39.8772331424136 9.16992279199309,39.8771473996313 9.17003365932448,39.8770464627391 9.1700346008669,39.8770109446757 9.16995091788065,39.8769392678521 9.16983675183992,39.8768829882337 9.16977537247467,39.8769360916457 9.16991654413511,39.8769893586115 9.16995002993795,39.8770297997604 9.16997873483797,39.8770757528869 9.16985219098796,39.8771788119212 9.16978077258187,39.877172708498 9.16972289168573,39.8772267347806</coordinates>
            </LinearRing>
          </outerBoundaryIs>
        </Polygon>
      </Placemark>
      <Placemark xmlns="http://www.opengis.net/kml/2.2">
        <styleUrl>#Parti singole_style_map</styleUrl>
        <name>T00619</name>
        <Polygon>
          <outerBoundaryIs>
            <LinearRing>
              <coordinates>9.16989774795218,39.8772346872742 9.16993482812312,39.8772056124608 9.17003146741893,39.8771297977126 9.17003365932448,39.8770464627391 9.16992279199309,39.8771473996313 9.16986362111341,39.8772331424136 9.16989774795218,39.8772346872742</coordinates>
            </LinearRing>
          </outerBoundaryIs>
        </Polygon>
      </Placemark>
      <Placemark xmlns="http://www.opengis.net/kml/2.2">
        <styleUrl>#Parti singole_style_map</styleUrl>
        <name>T00620</name>
        <Polygon>
          <outerBoundaryIs>
            <LinearRing>
              <coordinates>9.16856782688387,39.8770385427699 9.16863479877719,39.8771249398423 9.16869474631294,39.8771793081717 9.16880011729549,39.877177920857 9.16867776062045,39.8770715934681 9.16871596024843,39.8770458330303 9.16910829873158,39.8771391451641 9.16953127610026,39.8772180136041 9.16972289168573,39.8772267347806 9.16978077258187,39.877172708498 9.16942448775249,39.877142243605 9.16865737745413,39.8769660910941 9.16860115401506,39.876904284245 9.16853191420059,39.8769521276593 9.16856782688387,39.8770385427699</coordinates>
            </LinearRing>
          </outerBoundaryIs>
        </Polygon>
      </Placemark>
      <Placemark xmlns="http://www.opengis.net/kml/2.2">
        <styleUrl>#Parti singole_style_map</styleUrl>
        <name>T00621</name>
        <Polygon>
          <outerBoundaryIs>
            <LinearRing>
              <coordinates>9.16880076173999,39.8771784424904 9.16880011729549,39.877177920857 9.16869474631294,39.8771793081717 9.16884761000785,39.8773179364607 9.1688757968397,39.8773388072902 9.16907756505189,39.8773817430629 9.16902247584615,39.8773488382546 9.16891742941301,39.8772727228842 9.16880076173999,39.8771784424904</coordinates>
            </LinearRing>
          </outerBoundaryIs>
        </Polygon>
      </Placemark>
      <Placemark xmlns="http://www.opengis.net/kml/2.2">
        <styleUrl>#Parti singole_style_map</styleUrl>
        <name>T00622</name>
        <Polygon>
          <outerBoundaryIs>
            <LinearRing>
              <coordinates>9.16886638689759,39.8778754994832 9.16889973275257,39.8777632968865 9.16890094019801,39.8777597272462 9.16894125837712,39.8776391083485 9.168983735809,39.8775120803182 9.16898798476155,39.877499397334 9.16900603417327,39.8774252653785 9.16912557059077,39.8774969177466 9.16919010730092,39.8775244659349 9.1692833424191,39.8775906334034 9.16943167339475,39.8778112297789 9.16952765845532,39.8779112068653 9.16960446433017,39.8779536391557 9.16980277795203,39.877946177811 9.16988604637487,39.8779202880761 9.16995087557057,39.8779001284544 9.17004884330976,39.8779074362881 9.17019078216821,39.8780195719011 9.17049660237886,39.8780083840255 9.17059462468698,39.8779525415436 9.17061452340539,39.8779412050229 9.17064007408571,39.8779266436984 9.17093375370336,39.8776929391328 9.17121226886429,39.8774752575815 9.17123656221635,39.8773688429319 9.17084771078737,39.8776653964993 9.170584717808,39.8778666024729 9.17044859272252,39.8779494221468 9.17031888918269,39.8779382238691 9.17017609345297,39.8778153229399 9.17010679704293,39.8778116762907 9.17001366186114,39.8778576995279 9.16989098996597,39.8778478239386 9.16987745723008,39.8778467355102 9.1696641826922,39.8778999346099 9.16957095052535,39.8778448044676 9.16948964437045,39.8777602578419 9.16945372565982,39.8776720140452 9.16944652718499,39.8776407424687 9.16937000426778,39.8775561887829 9.16924016653622,39.8774803711134 9.16909194634747,39.8773903355249 9.16907756505189,39.8773817430629 9.1688757968397,39.8773388072902 9.16896148215455,39.8774022740346 9.16893437100446,39.877491213267 9.16892951022427,39.877507149681 9.16891382589564,39.8775586185069 9.16889099209582,39.8776274055693 9.16885426292608,39.8777380633931 9.16881372620781,39.8778602592932 9.16886638689759,39.8778754994832</coordinates>
            </LinearRing>
          </outerBoundaryIs>
        </Polygon>
      </Placemark>
      <Placemark xmlns="http://www.opengis.net/kml/2.2">
        <styleUrl>#Parti singole_style_map</styleUrl>
        <name>T00631</name>
        <Polygon>
          <outerBoundaryIs>
            <LinearRing>
              <coordinates>9.16841727235468,39.8777736464306 9.16855479299584,39.8776676538744 9.16875728855116,39.8775773430226 9.16868497844476,39.8775271101553 9.1685022453803,39.8776220052594 9.16836530310164,39.8777397727419 9.16841727235468,39.8777736464306</coordinates>
            </LinearRing>
          </outerBoundaryIs>
        </Polygon>
      </Placemark>
      <Placemark xmlns="http://www.opengis.net/kml/2.2">
        <styleUrl>#Parti singole_style_map</styleUrl>
        <name>T00632</name>
        <Polygon>
          <outerBoundaryIs>
            <LinearRing>
              <coordinates>9.16868497844476,39.8775271101553 9.16875728855116,39.8775773430226 9.16885933631872,39.8775318394237 9.16891837140032,39.8774998769297 9.16884660751501,39.8774530490781 9.16871901165904,39.8775094465767 9.16868497844476,39.8775271101553</coordinates>
            </LinearRing>
          </outerBoundaryIs>
        </Polygon>
      </Placemark>
      <Placemark xmlns="http://www.opengis.net/kml/2.2">
        <styleUrl>#Parti singole_style_map</styleUrl>
        <name>T00633</name>
        <Polygon>
          <outerBoundaryIs>
            <LinearRing>
              <coordinates>9.16891837140032,39.8774998769297 9.16893437100446,39.877491213267 9.16896148215455,39.8774022740346 9.16884660751501,39.8774530490781 9.16891837140032,39.8774998769297</coordinates>
            </LinearRing>
          </outerBoundaryIs>
        </Polygon>
      </Placemark>
      <Placemark xmlns="http://www.opengis.net/kml/2.2">
        <styleUrl>#Parti singole_style_map</styleUrl>
        <name>T00585</name>
        <Polygon>
          <outerBoundaryIs>
            <LinearRing>
              <coordinates>9.17163653144853,39.8770911742203 9.17202230541744,39.8771107588833 9.17289920662593,39.8771599307612 9.1728991194016,39.8768824556619 9.17290559864749,39.8762761305721 9.17290711295161,39.8757417922215 9.17253755802146,39.8757238532335 9.17253519605572,39.8757239198083 9.17231734076014,39.875821765226 9.17214691515345,39.8759010338376 9.1720561561627,39.8759323511896 9.17188412539426,39.8759214065092 9.17175749793241,39.8759325045783 9.1715829710042,39.8760087240932 9.17163653144853,39.8770911742203</coordinates>
            </LinearRing>
          </outerBoundaryIs>
        </Polygon>
      </Placemark>
      <Placemark xmlns="http://www.opengis.net/kml/2.2">
        <styleUrl>#Parti singole_style_map</styleUrl>
        <name>T00586</name>
        <Polygon>
          <outerBoundaryIs>
            <LinearRing>
              <coordinates>9.17253755802146,39.8757238532335 9.17290711295161,39.8757417922215 9.17290734429758,39.8756614513513 9.17270666341014,39.8756781115321 9.17259199880469,39.8756984007683 9.17253755802146,39.8757238532335</coordinates>
            </LinearRing>
          </outerBoundaryIs>
        </Polygon>
      </Placemark>
      <Placemark xmlns="http://www.opengis.net/kml/2.2">
        <styleUrl>#Parti singole_style_map</styleUrl>
        <name>T00588</name>
        <Polygon>
          <outerBoundaryIs>
            <LinearRing>
              <coordinates>9.17289920662593,39.8771599307612 9.17311098432085,39.8771692290141 9.17329986770954,39.877305202952 9.17340747073255,39.8773915817223 9.17357964627495,39.8775514831571 9.17400834134289,39.8777707896965 9.17421146174058,39.8778056146867 9.17445986160064,39.8776969802031 9.17461752792125,39.8776766515595 9.17487070708855,39.877580893046 9.17520225027317,39.877573843623 9.1754459583186,39.8775479421965 9.17562517385047,39.877379719617 9.17563216415726,39.8771994947759 9.17564150714252,39.8769788033017 9.17583496863154,39.8768996208612 9.17630097899322,39.876998671583 9.17665326854797,39.8770755039431 9.17689212248361,39.8769907727744 9.17662669039725,39.876779445828 9.17611957285839,39.8763763955014 9.17579620711222,39.8761254751762 9.17559961386935,39.8759611540278 9.17523856584213,39.875674475035 9.17476223450313,39.8752914461367 9.17476557205454,39.8754595732945 9.17453898936427,39.8756976017107 9.17440284350876,39.8757454950273 9.17426048933217,39.8757707287964 9.17401458354593,39.8757806746433 9.17398781966123,39.8757772549401 9.17390347774656,39.8758209886672 9.1736542941484,39.8758389033312 9.17332644075723,39.8757707018553 9.17291236404755,39.8757420366848 9.17290711295161,39.8757417922215 9.17290559864749,39.8762761305721 9.1728991194016,39.8768824556619 9.17289920662593,39.8771599307612</coordinates>
            </LinearRing>
          </outerBoundaryIs>
          <innerBoundaryIs>
            <LinearRing>
              <coordinates>9.17417564974283,39.8764210678629 9.174154888446,39.8763715292411 9.17429801668079,39.8763273566338 9.17432241974387,39.8763768897684 9.17417564974283,39.8764210678629</coordinates>
            </LinearRing>
          </innerBoundaryIs>
          <innerBoundaryIs>
            <LinearRing>
              <coordinates>9.17420318438932,39.8762685762917 9.17419037833171,39.876244745896 9.17424313766925,39.8762268965348 9.17425412290668,39.8762507296546 9.17420318438932,39.8762685762917</coordinates>
            </LinearRing>
          </innerBoundaryIs>
        </Polygon>
      </Placemark>
      <Placemark xmlns="http://www.opengis.net/kml/2.2">
        <styleUrl>#Parti singole_style_map</styleUrl>
        <name>T00589</name>
        <Polygon>
          <outerBoundaryIs>
            <LinearRing>
              <coordinates>9.17290711295161,39.8757417922215 9.17291236404755,39.8757420366848 9.17332644075723,39.8757707018553 9.1736542941484,39.8758389033312 9.17390347774656,39.8758209886672 9.17398781966123,39.8757772549401 9.17385686620643,39.8757605394664 9.17354870597226,39.8757251859767 9.1732905490576,39.8756854414276 9.17317017368905,39.8756760253774 9.17290734429758,39.8756614513513 9.17290711295161,39.8757417922215</coordinates>
            </LinearRing>
          </outerBoundaryIs>
        </Polygon>
      </Placemark>
      <Placemark xmlns="http://www.opengis.net/kml/2.2">
        <styleUrl>#Parti singole_style_map</styleUrl>
        <name>T00640</name>
        <Polygon>
          <outerBoundaryIs>
            <LinearRing>
              <coordinates>9.16354976191163,39.8702763725671 9.16350973930669,39.8702574091259 9.16316921261162,39.8702041079354 9.16302736943523,39.8701703128663 9.16268351658792,39.8700647669365 9.16249978102566,39.870026957396 9.16239917154152,39.8700198630947 9.16236436400543,39.8701349581722 9.16231671197217,39.8703023281564 9.16226887405944,39.870500151583 9.16224729005759,39.8705552857954 9.16242164007722,39.8705593940815 9.16259905356487,39.8704939780147 9.16350713662429,39.8705852172365 9.16371225604789,39.870320445156 9.16354976191163,39.8702763725671</coordinates>
            </LinearRing>
          </outerBoundaryIs>
        </Polygon>
      </Placemark>
      <Placemark xmlns="http://www.opengis.net/kml/2.2">
        <styleUrl>#Parti singole_style_map</styleUrl>
        <name>T00641</name>
        <Polygon>
          <outerBoundaryIs>
            <LinearRing>
              <coordinates>9.16340636421011,39.870208405883 9.16320563009111,39.8701275814199 9.16305890619401,39.8700718813458 9.16289878705828,39.8700131004762 9.16272913785625,39.869983758815 9.16241441713851,39.8699694228138 9.16239917154152,39.8700198630947 9.16249978102566,39.870026957396 9.16268351658792,39.8700647669365 9.16302736943523,39.8701703128663 9.16316921261162,39.8702041079354 9.16350973930669,39.8702574091259 9.16340636421011,39.870208405883</coordinates>
            </LinearRing>
          </outerBoundaryIs>
        </Polygon>
      </Placemark>
      <Placemark xmlns="http://www.opengis.net/kml/2.2">
        <styleUrl>#Parti singole_style_map</styleUrl>
        <name>T03491</name>
        <Polygon>
          <outerBoundaryIs>
            <LinearRing>
              <coordinates>9.17462852270127,39.878985111931 9.17460926494802,39.878990808034 9.17446239564424,39.8790274642537 9.17444148433788,39.8790267027768 9.17439148716872,39.8790389590672 9.17436378142026,39.879052055849 9.17434581685497,39.8790650929636 9.17433278576102,39.8790821590707 9.17426282077378,39.8791570183855 9.17424162588578,39.8791782682639 9.17418402567259,39.8791621009016 9.1740813597583,39.8792634348806 9.17407910151733,39.8793278313745 9.17407499842229,39.8794443433703 9.17414586248664,39.8793826371474 9.17423183812548,39.8792895540904 9.17421699989811,39.8792810350326 9.17429155229262,39.8792120162347 9.1742814893114,39.8791958046563 9.1743249399802,39.8791797831218 9.17436794215329,39.8791436343281 9.17441651949261,39.8791109369192 9.17446059838279,39.879089030985 9.17450363323642,39.8790751002836 9.1745717887017,39.8790524373717 9.17457818675568,39.8790621853864 9.17467544622552,39.8790475604951 9.17462852270127,39.878985111931</coordinates>
            </LinearRing>
          </outerBoundaryIs>
        </Polygon>
      </Placemark>
      <Placemark xmlns="http://www.opengis.net/kml/2.2">
        <styleUrl>#Parti singole_style_map</styleUrl>
        <name>T03492</name>
        <Polygon>
          <outerBoundaryIs>
            <LinearRing>
              <coordinates>9.17405216341482,39.8800253841279 9.17406628989628,39.8796914954878 9.17407499842229,39.8794443433703 9.17401138049757,39.8794997318344 9.17378488309493,39.8796664909022 9.17365581058068,39.8799911180353 9.17363641977072,39.8800137886547 9.17361426823463,39.8800640153899 9.17358654171553,39.8801202059303 9.17352362812838,39.8802003069741 9.17340351575831,39.8802568065453 9.17331713548184,39.8802688823901 9.17331613215778,39.8802977693322 9.17328191225363,39.8802970545203 9.17323625072063,39.8805088170417 9.17329612605833,39.8806016549446 9.17334683930131,39.8809483217708 9.17370839116372,39.8813389607769 9.17385012461746,39.8815685980403 9.1739046692568,39.8814852838493 9.17400779046109,39.8813126728003 9.17400529271034,39.881203342533 9.17402166987266,39.8808250232355 9.17403580406063,39.8804152630391 9.17405216341482,39.8800253841279</coordinates>
            </LinearRing>
          </outerBoundaryIs>
        </Polygon>
      </Placemark>
      <Placemark xmlns="http://www.opengis.net/kml/2.2">
        <styleUrl>#Parti singole_style_map</styleUrl>
        <name>T03493</name>
        <Polygon>
          <outerBoundaryIs>
            <LinearRing>
              <coordinates>9.17407910151733,39.8793278313745 9.17403083801486,39.8793784396731 9.17392888941005,39.8794583651318 9.17382126771924,39.8795239373477 9.17356958009074,39.8796860665826 9.17356529217663,39.8798689180546 9.17350530116523,39.8800415274453 9.17343072615837,39.8801440892806 9.17335591117091,39.8801791589481 9.17330592358103,39.8801770170805 9.17329003098962,39.8802422808002 9.17331805244731,39.8802428606957 9.17331713548184,39.8802688823901 9.17340351575831,39.8802568065453 9.17352362812838,39.8802003069741 9.17358654171553,39.8801202059303 9.17361426823463,39.8800640153899 9.17363641977072,39.8800137886547 9.17365581058068,39.8799911180353 9.17378488309493,39.8796664909022 9.17401138049757,39.8794997318344 9.17407499842229,39.8794443433703 9.17407910151733,39.8793278313745</coordinates>
            </LinearRing>
          </outerBoundaryIs>
        </Polygon>
      </Placemark>
      <Placemark xmlns="http://www.opengis.net/kml/2.2">
        <styleUrl>#Parti singole_style_map</styleUrl>
        <name>T03494</name>
        <Polygon>
          <outerBoundaryIs>
            <LinearRing>
              <coordinates>9.1740813597583,39.8792634348806 9.17405032935457,39.8792983943654 9.17386165155644,39.8793720616528 9.17363669802152,39.8794738303685 9.17347911759417,39.8796044826658 9.17343390577865,39.8798086403394 9.17340505430548,39.8799011600678 9.17333619225726,39.8800526816326 9.17330592358103,39.8801770170805 9.17335591117091,39.8801791589481 9.17343072615837,39.8801440892806 9.17350530116523,39.8800415274453 9.17356529217663,39.8798689180546 9.17356958009074,39.8796860665826 9.17382126771924,39.8795239373477 9.17392888941005,39.8794583651318 9.17403083801486,39.8793784396731 9.17407910151733,39.8793278313745 9.1740813597583,39.8792634348806</coordinates>
            </LinearRing>
          </outerBoundaryIs>
        </Polygon>
      </Placemark>
      <Placemark xmlns="http://www.opengis.net/kml/2.2">
        <styleUrl>#Parti singole_style_map</styleUrl>
        <name>T03495</name>
        <Polygon>
          <outerBoundaryIs>
            <LinearRing>
              <coordinates>9.17113708511499,39.878883791113 9.17082293433627,39.8789467452746 9.17073125404392,39.8789620524967 9.16995247794573,39.8790491654014 9.16988773383918,39.8790615764592 9.16974355273436,39.8791034664856 9.16964399868957,39.8791460750625 9.16945202751479,39.8792851962604 9.16938277034726,39.879288594795 9.16938585544194,39.8793448565647 9.1694019211722,39.879343923161 9.16944903779403,39.8793392144317 9.16951743165186,39.8793318798294 9.16976205687164,39.8792095570103 9.16984730678873,39.8791803848429 9.1699197662135,39.8791619890251 9.17000273800904,39.8791432804635 9.1701345098233,39.8791197252244 9.17032983236367,39.8790883192795 9.17092456235945,39.8790053308295 9.17137505247269,39.8789029647581 9.17135821848275,39.8788723201809 9.17148825991486,39.8788210788055 9.17113708511499,39.878883791113</coordinates>
            </LinearRing>
          </outerBoundaryIs>
        </Polygon>
      </Placemark>
      <Placemark xmlns="http://www.opengis.net/kml/2.2">
        <styleUrl>#Parti singole_style_map</styleUrl>
        <name>T03496</name>
        <Polygon>
          <outerBoundaryIs>
            <LinearRing>
              <coordinates>9.17247411422912,39.8790853104161 9.1724741057071,39.8790678674358 9.17246033492726,39.8790699060666 9.17244037983589,39.8794423651857 9.17244287553671,39.8794489656737 9.17252901412999,39.8795884448473 9.17255401840462,39.879603147778 9.17254395156164,39.8796133077681 9.17259711151114,39.8796963623532 9.17280056280655,39.8799546956448 9.17291858464386,39.8800579527284 9.17319608177859,39.8802533227015 9.17319654035205,39.880240338884 9.17324656028513,39.8802413725442 9.17326164821139,39.880167676849 9.17318594686393,39.8801385348217 9.17298169896693,39.8799783923002 9.17281150904363,39.8798193970864 9.17270121741202,39.8796879637394 9.17262563866908,39.8795906709619 9.17257981424558,39.8795182100429 9.17251485731034,39.8793706627183 9.17248283104616,39.8792602139377 9.17247679420273,39.8791936944575 9.17248052807271,39.8791248809956 9.17247411422912,39.8790853104161</coordinates>
            </LinearRing>
          </outerBoundaryIs>
        </Polygon>
      </Placemark>
      <Placemark xmlns="http://www.opengis.net/kml/2.2">
        <styleUrl>#Parti singole_style_map</styleUrl>
        <name>T03497</name>
        <Polygon>
          <outerBoundaryIs>
            <LinearRing>
              <coordinates>9.17328105707008,39.8800729728448 9.17327507611214,39.8800523222697 9.17325449672126,39.8800488030828 9.17318037889646,39.8800028734168 9.17298673507955,39.8798834394373 9.17283364563719,39.87970698482 9.17277842334408,39.8796784337471 9.17269466495156,39.8795276799529 9.17259893231582,39.8793677358501 9.17256543710073,39.8793199344833 9.17249606372692,39.8792206772729 9.17248052807271,39.8791248809956 9.17247679420273,39.8791936944575 9.17248283104616,39.8792602139377 9.17251485731034,39.8793706627183 9.17257981424558,39.8795182100429 9.17262563866908,39.8795906709619 9.17270121741202,39.8796879637394 9.17281150904363,39.8798193970864 9.17298169896693,39.8799783923002 9.17318594686393,39.8801385348217 9.17326164821139,39.880167676849 9.17328105707008,39.8800729728448</coordinates>
            </LinearRing>
          </outerBoundaryIs>
        </Polygon>
      </Placemark>
      <Placemark xmlns="http://www.opengis.net/kml/2.2">
        <styleUrl>#Parti singole_style_map</styleUrl>
        <name>T03498</name>
        <Polygon>
          <outerBoundaryIs>
            <LinearRing>
              <coordinates>9.17068197113496,39.8789560162238 9.17027819041068,39.8789746190543 9.17010852241832,39.8789526312712 9.16968575990609,39.8789514652628 9.16947416445329,39.8789422325747 9.16937858426765,39.8792125761148 9.16938277034726,39.879288594795 9.16945202751479,39.8792851962604 9.16964399868957,39.8791460750625 9.16974355273436,39.8791034664856 9.16988773383918,39.8790615764592 9.16995247794573,39.8790491654014 9.17073125404392,39.8789620524967 9.17082293433627,39.8789467452746 9.17068197113496,39.8789560162238</coordinates>
            </LinearRing>
          </outerBoundaryIs>
        </Polygon>
      </Placemark>
      <Placemark xmlns="http://www.opengis.net/kml/2.2">
        <styleUrl>#Parti singole_style_map</styleUrl>
        <name>T03499</name>
        <Polygon>
          <outerBoundaryIs>
            <LinearRing>
              <coordinates>9.17146519270991,39.8788044897348 9.17159893210849,39.8787308624091 9.17170876825137,39.8786572432131 9.17178724893152,39.8786011853314 9.1718088533057,39.8785891703502 9.17186231657529,39.8785740178976 9.1719347709714,39.8785728475864 9.17197253086304,39.8785866398048 9.17199782404091,39.8785297865097 9.17192745027442,39.878511789914 9.17186213554839,39.8785154273624 9.17177026889023,39.8785307086525 9.17170127982963,39.8785710033526 9.17159004310783,39.8786785825883 9.17152539034231,39.8787227720295 9.17145511518864,39.8787633117448 9.17135348695223,39.8788223947845 9.17146519270991,39.8788044897348</coordinates>
            </LinearRing>
          </outerBoundaryIs>
        </Polygon>
      </Placemark>
      <Placemark xmlns="http://www.opengis.net/kml/2.2">
        <styleUrl>#Parti singole_style_map</styleUrl>
        <name>T03501</name>
        <Polygon>
          <outerBoundaryIs>
            <LinearRing>
              <coordinates>9.16879511487808,39.8779247154908 9.16869474008608,39.8778990210639 9.1684218778691,39.8778303385093 9.168622439344,39.8780010810084 9.16870226247118,39.8780724670557 9.16879493518835,39.8781954425923 9.16892627247003,39.8782576807844 9.16890260149269,39.8782329742388 9.16881163715148,39.8780436030014 9.16879511487808,39.8779247154908</coordinates>
            </LinearRing>
          </outerBoundaryIs>
        </Polygon>
      </Placemark>
      <Placemark xmlns="http://www.opengis.net/kml/2.2">
        <styleUrl>#Parti singole_style_map</styleUrl>
        <name>T03502</name>
        <Polygon>
          <outerBoundaryIs>
            <LinearRing>
              <coordinates>9.16839246088875,39.8778229390234 9.16837804615645,39.8778150222597 9.16836733727744,39.8778785119019 9.16843703249782,39.8779784739086 9.16858562494956,39.8780962600066 9.16879493518835,39.8781954425923 9.16870226247118,39.8780724670557 9.168622439344,39.8780010810084 9.1684218778691,39.8778303385093 9.16839246088875,39.8778229390234</coordinates>
            </LinearRing>
          </outerBoundaryIs>
        </Polygon>
      </Placemark>
      <Placemark xmlns="http://www.opengis.net/kml/2.2">
        <styleUrl>#Parti singole_style_map</styleUrl>
        <name>T03503</name>
        <Polygon>
          <outerBoundaryIs>
            <LinearRing>
              <coordinates>9.16988604637487,39.8779202880761 9.16980277795203,39.877946177811 9.16960446433017,39.8779536391557 9.16952765845532,39.8779112068653 9.16943167339475,39.8778112297789 9.1692833424191,39.8775906334034 9.16919010730092,39.8775244659349 9.16912557059077,39.8774969177466 9.16900603417327,39.8774252653785 9.16898798476155,39.877499397334 9.168983735809,39.8775120803182 9.16916698820661,39.8775673953037 9.16918454003982,39.8777148694059 9.16923528848222,39.8778229853616 9.16912340160603,39.8779001730963 9.16894564397357,39.8777634193723 9.16892701217699,39.8777764656305 9.16890094019801,39.8777597272462 9.16889973275257,39.8777632968865 9.16886638689759,39.8778754994832 9.16911649997622,39.8779756493271 9.16934199434905,39.8781268660746 9.16951417055873,39.8782996485493 9.16963914723765,39.8784237926149 9.16984417277562,39.8785248265644 9.16988604637487,39.8779202880761</coordinates>
            </LinearRing>
          </outerBoundaryIs>
        </Polygon>
      </Placemark>
      <Placemark xmlns="http://www.opengis.net/kml/2.2">
        <styleUrl>#Parti singole_style_map</styleUrl>
        <name>T03504</name>
        <Polygon>
          <outerBoundaryIs>
            <LinearRing>
              <coordinates>9.16894125837712,39.8776391083485 9.16890094019801,39.8777597272462 9.16892701217699,39.8777764656305 9.16894564397357,39.8777634193723 9.16912340160603,39.8779001730963 9.16923528848222,39.8778229853616 9.16918454003982,39.8777148694059 9.16894125837712,39.8776391083485</coordinates>
            </LinearRing>
          </outerBoundaryIs>
        </Polygon>
      </Placemark>
      <Placemark xmlns="http://www.opengis.net/kml/2.2">
        <styleUrl>#Parti singole_style_map</styleUrl>
        <name>T03500</name>
        <Polygon>
          <outerBoundaryIs>
            <LinearRing>
              <coordinates>9.1750087612484,39.8796854942108 9.17492488333832,39.8797109200228 9.17490370478607,39.8796694076644 9.17501433057522,39.8796358868245 9.17502561321421,39.879657970897 9.17507432889428,39.8795783859592 9.17467544622552,39.8790475604951 9.17457818675568,39.8790621853864 9.1745717887017,39.8790524373717 9.17450363323642,39.8790751002836 9.17446059838279,39.879089030985 9.17441651949261,39.8791109369192 9.17436794215329,39.8791436343281 9.1743249399802,39.8791797831218 9.17438523811145,39.8791575465556 9.1744113055591,39.8791995111769 9.17430755671047,39.8792377693007 9.17429155229262,39.8792120162347 9.17421699989811,39.8792810350326 9.17423183812548,39.8792895540904 9.17414586248664,39.8793826371474 9.17407499842229,39.8794443433703 9.17406628989628,39.8796914954878 9.17405216341482,39.8800253841279 9.17403580406063,39.8804152630391 9.17402166987266,39.8808250232355 9.17400529271034,39.881203342533 9.17400779046109,39.8813126728003 9.17418053224118,39.8810346687355 9.17450042098021,39.8805190801861 9.17455850398793,39.8804159117537 9.17472568549239,39.8801467718292 9.17477738638988,39.8800635335622 9.1750087612484,39.8796854942108</coordinates>
            </LinearRing>
          </outerBoundaryIs>
        </Polygon>
      </Placemark>
      <Placemark xmlns="http://www.opengis.net/kml/2.2">
        <styleUrl>#Parti singole_style_map</styleUrl>
        <name>T03490</name>
        <Polygon>
          <outerBoundaryIs>
            <LinearRing>
              <coordinates>9.17244010105703,39.8794477985147 9.17222771697285,39.8796387159352 9.171970222361,39.8797060580986 9.17188289778999,39.8796909787074 9.17177148500763,39.8795734482664 9.17175612079119,39.8794709843846 9.17161403712842,39.8794298031865 9.17160521783737,39.8793256628036 9.1717097493835,39.8790702695113 9.17177149282927,39.8790505098657 9.1717666747369,39.8790082159254 9.17185015919874,39.8788481773936 9.17189578564976,39.8788041150197 9.17192610572975,39.8786947565709 9.17185942996284,39.8786946686342 9.17185459752569,39.8787040285552 9.17183941287522,39.878699842256 9.17176230067737,39.8787215121894 9.17172931796459,39.8786725295326 9.17170796250364,39.8786812014912 9.17164349634787,39.8787345627101 9.17148825991486,39.8788210788055 9.17135821848275,39.8788723201809 9.17137505247269,39.8789029647581 9.17092456235945,39.8790053308295 9.17032983236367,39.8790883192795 9.1701345098233,39.8791197252244 9.17000273800904,39.8791432804635 9.1699197662135,39.8791619890251 9.16984730678873,39.8791803848429 9.16976205687164,39.8792095570103 9.16951743165186,39.8793318798294 9.16944903779403,39.8793392144317 9.1694019211722,39.879343923161 9.16938585544194,39.8793448565647 9.16938829128031,39.8793891182128 9.1692666877283,39.8796870875982 9.16919740106841,39.8798503020682 9.16979770593949,39.8799955567887 9.17067956197182,39.8801992203468 9.17087694929033,39.8803251397328 9.17140528783669,39.880637488688 9.1718988601192,39.880934560956 9.17241763966576,39.8812413963858 9.17287503850927,39.8815109841486 9.17322194349144,39.8817178643923 9.17337732661884,39.8817950179383 9.17349446197008,39.8818464423088 9.17357335808903,39.8818942116325 9.17362809992946,39.8819261867587 9.17376041928154,39.8820905351 9.17384791364987,39.8821530584512 9.17395992177797,39.8821789742478 9.17402833728923,39.8822302907885 9.17415368612282,39.8822410048996 9.17407241976608,39.8820745623655 9.17403645616207,39.88195320909 9.17393079946149,39.8817791896807 9.17390743191637,39.8817415095985 9.17380187413049,39.8817643181451 9.17353614419253,39.8814474528872 9.17333992069847,39.8812154548539 9.17311727562772,39.880944276143 9.17312894303725,39.8806445114723 9.17324794328957,39.8806151423782 9.17318572033429,39.8805048379307 9.17321428444387,39.8803908032722 9.17323110868315,39.880295995014 9.17319461994304,39.8802952385089 9.17319608177859,39.8802533227015 9.17291858464386,39.8800579527284 9.17280056280655,39.8799546956448 9.17259711151114,39.8796963623532 9.17254395156164,39.8796133077681 9.17251972353798,39.879637787345 9.17247819423699,39.8796133873455 9.17251250078426,39.8795787387634 9.17252901412999,39.8795884448473 9.17244287553671,39.8794489656737 9.17244037983589,39.8794423651857 9.17244010105703,39.8794477985147</coordinates>
            </LinearRing>
          </outerBoundaryIs>
          <innerBoundaryIs>
            <LinearRing>
              <coordinates>9.17167470852776,39.8789790321748 9.1716345543346,39.878941212734 9.17170243010298,39.8788990249959 9.17174379824623,39.8789368426199 9.17167470852776,39.8789790321748</coordinates>
            </LinearRing>
          </innerBoundaryIs>
        </Polygon>
      </Placemark>
      <Placemark xmlns="http://www.opengis.net/kml/2.2">
        <styleUrl>#Parti singole_style_map</styleUrl>
        <name>T00564</name>
        <Polygon>
          <outerBoundaryIs>
            <LinearRing>
              <coordinates>9.16691426386013,39.8774044028539 9.16746116436443,39.8771036164893 9.16732335343222,39.8770949492863 9.16703987609223,39.8772816439022 9.16691426386013,39.8774044028539</coordinates>
            </LinearRing>
          </outerBoundaryIs>
        </Polygon>
      </Placemark>
      <Placemark xmlns="http://www.opengis.net/kml/2.2">
        <styleUrl>#Parti singole_style_map</styleUrl>
        <name>T00565</name>
        <Polygon>
          <outerBoundaryIs>
            <LinearRing>
              <coordinates>9.1688473009235,39.8780231439767 9.16894782402132,39.8782382603465 9.16910327135733,39.8783944896883 9.16930217060468,39.8786013267162 9.16944841919401,39.8789111502218 9.16979641130023,39.8785951458435 9.16956317491088,39.8784733222831 9.16952492191346,39.8784347169776 9.16925407531841,39.8781782689683 9.16906041994828,39.8780349253728 9.16884157596682,39.8779440101002 9.1688473009235,39.8780231439767</coordinates>
            </LinearRing>
          </outerBoundaryIs>
        </Polygon>
      </Placemark>
      <Placemark xmlns="http://www.opengis.net/kml/2.2">
        <styleUrl>#Parti singole_style_map</styleUrl>
        <name>T00581</name>
        <Polygon>
          <outerBoundaryIs>
            <LinearRing>
              <coordinates>9.16575907278215,39.8781596546497 9.1660791307632,39.8780289339449 9.1666117759757,39.8778116659152 9.16701364577319,39.8776485431741 9.16725215597608,39.8774066291273 9.16745229747586,39.8772036291868 9.16694519468344,39.8774818067916 9.16646727622494,39.8774158375906 9.1661520453117,39.8773643109812 9.16603994077029,39.8773813285255 9.16575907278215,39.8781596546497</coordinates>
            </LinearRing>
          </outerBoundaryIs>
        </Polygon>
      </Placemark>
      <Placemark xmlns="http://www.opengis.net/kml/2.2">
        <styleUrl>#Parti singole_style_map</styleUrl>
        <name>T00650</name>
        <Polygon>
          <outerBoundaryIs>
            <LinearRing>
              <coordinates>9.17500518837438,39.8726336797656 9.17508289821898,39.872632436509 9.1751675561384,39.8725906475483 9.17519280052745,39.8725395058004 9.17522691968341,39.8724145602379 9.17508834657506,39.8724754772315 9.17505806906853,39.8725430874795 9.17507497243814,39.8725641720293 9.17507515354753,39.8725756412578 9.17505546519039,39.8725860322049 9.17502944618091,39.8725853776323 9.17500518837438,39.8726336797656</coordinates>
            </LinearRing>
          </outerBoundaryIs>
        </Polygon>
      </Placemark>
      <Placemark xmlns="http://www.opengis.net/kml/2.2">
        <styleUrl>#Parti singole_style_map</styleUrl>
        <name>T00651</name>
        <Polygon>
          <outerBoundaryIs>
            <LinearRing>
              <coordinates>9.17453280512614,39.8726146315066 9.17481007380152,39.8726329462541 9.1748839461103,39.8725754786138 9.17483656882794,39.8725722522935 9.17455982953124,39.8725967064311 9.17453280512614,39.8726146315066</coordinates>
            </LinearRing>
          </outerBoundaryIs>
        </Polygon>
      </Placemark>
      <Placemark xmlns="http://www.opengis.net/kml/2.2">
        <styleUrl>#Parti singole_style_map</styleUrl>
        <name>T00652</name>
        <Polygon>
          <outerBoundaryIs>
            <LinearRing>
              <coordinates>9.17421014741053,39.8728942577965 9.17422626773982,39.8728785205085 9.17443237315085,39.8727630118302 9.17444671498428,39.8727607378515 9.17459293140757,39.8726561755868 9.17484572302732,39.8726362442869 9.17495875657255,39.8726344254023 9.17500518837438,39.8726336797656 9.17502944618091,39.8725853776323 9.1748839461103,39.8725754786138 9.17481007380152,39.8726329462541 9.17453280512614,39.8726146315066 9.17428938660895,39.8727761734337 9.17419953936474,39.8728470352093 9.17421014741053,39.8728942577965</coordinates>
            </LinearRing>
          </outerBoundaryIs>
        </Polygon>
      </Placemark>
      <Placemark xmlns="http://www.opengis.net/kml/2.2">
        <styleUrl>#Parti singole_style_map</styleUrl>
        <name>T00653</name>
        <Polygon>
          <outerBoundaryIs>
            <LinearRing>
              <coordinates>9.17421014741053,39.8728942577965 9.1742349116847,39.8730046089898 9.1742683676782,39.8730978374972 9.17435613322427,39.873248899658 9.17439231242029,39.8733322312591 9.1744155515857,39.8734265562253 9.17444850861231,39.8735211278853 9.17445319265378,39.8735237787518 9.17457259832435,39.8736042824033 9.17458412584125,39.873617302297 9.17473153091607,39.8737090710467 9.17480773842105,39.8737974599069 9.17483409273547,39.8739395051034 9.17484244295421,39.8740184005303 9.17485516223608,39.8741694309949 9.17485748210263,39.8743558136039 9.17483272173813,39.8744460481333 9.17471525907378,39.8746394673188 9.17469253027821,39.874710111418 9.17469623947445,39.8748034115075 9.17478017169312,39.8749356305259 9.17479952117057,39.8750219875497 9.17480011116033,39.8751117875031 9.17475775409855,39.8752076525729 9.17483550607269,39.8752634235343 9.17488745382228,39.875131432663 9.17489021199144,39.8750154901949 9.17487930129566,39.8749460589451 9.17482577323443,39.8748604200735 9.17478183591495,39.8748078417922 9.1748071505673,39.8747332294682 9.17480649409444,39.8746402671631 9.17490702669885,39.8744570184177 9.17495307159941,39.8743585348834 9.17495429237891,39.8742404593857 9.17494644373681,39.8741888089042 9.1749262869134,39.8740561066038 9.17489643672619,39.8737759281565 9.17484197794995,39.8736918133343 9.17474538167003,39.8736374762249 9.17459730034481,39.8735556733671 9.17452789349438,39.8735021331429 9.17449680141018,39.8734098562092 9.17449392085176,39.8733342861709 9.1744427182356,39.8732334800805 9.17434810073446,39.873077977412 9.17433085330086,39.8730178627353 9.17430286751132,39.8728635845121 9.17444671498428,39.8727607378515 9.17443237315085,39.8727630118302 9.17422626773982,39.8728785205085 9.17421014741053,39.8728942577965</coordinates>
            </LinearRing>
          </outerBoundaryIs>
        </Polygon>
      </Placemark>
      <Placemark xmlns="http://www.opengis.net/kml/2.2">
        <styleUrl>#Parti singole_style_map</styleUrl>
        <name>T00654</name>
        <Polygon>
          <outerBoundaryIs>
            <LinearRing>
              <coordinates>9.17444978078237,39.8735248019821 9.17452275599304,39.8735791027297 9.17458412584125,39.873617302297 9.17457259832435,39.8736042824033 9.17445319265378,39.8735237787518 9.17444850861231,39.8735211278853 9.17444978078237,39.8735248019821</coordinates>
            </LinearRing>
          </outerBoundaryIs>
        </Polygon>
      </Placemark>
      <Placemark xmlns="http://www.opengis.net/kml/2.2">
        <styleUrl>#Parti singole_style_map</styleUrl>
        <name>T03505</name>
        <Polygon>
          <outerBoundaryIs>
            <LinearRing>
              <coordinates>9.17931585308279,39.8779124204449 9.17940435185915,39.8778351508725 9.17912308172564,39.8779011400948 9.1790904807126,39.8779785395674 9.17905599193717,39.8780270024237 9.17878446496987,39.8781438181781 9.17876707168725,39.8781512600072 9.17869686098376,39.8782418985622 9.17911340589278,39.878138013941 9.17931585308279,39.8779124204449</coordinates>
            </LinearRing>
          </outerBoundaryIs>
        </Polygon>
      </Placemark>
      <Placemark xmlns="http://www.opengis.net/kml/2.2">
        <styleUrl>#Parti singole_style_map</styleUrl>
        <name>T03506</name>
        <Polygon>
          <outerBoundaryIs>
            <LinearRing>
              <coordinates>9.17907800508182,39.8779117240081 9.1789455308812,39.8779464446375 9.17890945053012,39.8779674299758 9.17876707168725,39.8781512600072 9.17878446496987,39.8781438181781 9.17905599193717,39.8780270024237 9.1790904807126,39.8779785395674 9.17912308172564,39.8779011400948 9.17907800508182,39.8779117240081</coordinates>
            </LinearRing>
          </outerBoundaryIs>
        </Polygon>
      </Placemark>
      <Placemark xmlns="http://www.opengis.net/kml/2.2">
        <styleUrl>#Parti singole_style_map</styleUrl>
        <name>T03507</name>
        <Polygon>
          <outerBoundaryIs>
            <LinearRing>
              <coordinates>9.17892065106389,39.8779529700058 9.17890945053012,39.8779674299758 9.1789455308812,39.8779464446375 9.17892065106389,39.8779529700058</coordinates>
            </LinearRing>
          </outerBoundaryIs>
        </Polygon>
      </Placemark>
      <Placemark xmlns="http://www.opengis.net/kml/2.2">
        <styleUrl>#Parti singole_style_map</styleUrl>
        <name>T03508</name>
        <Polygon>
          <outerBoundaryIs>
            <LinearRing>
              <coordinates>9.17890945053012,39.8779674299758 9.17887677968362,39.8779864278969 9.17870118761549,39.878043171511 9.17862036208299,39.8780809297392 9.17854049662297,39.8781236868813 9.17847038944251,39.8781730782248 9.17842464315023,39.8782368388181 9.17826074354008,39.8783838331103 9.17778243788933,39.8786098830812 9.1777707528559,39.8786361375231 9.17756633087501,39.8787697051128 9.17748984740973,39.8788048520803 9.17743197819362,39.8788252215223 9.17742543020396,39.8788255288422 9.1774203740803,39.8789102918462 9.17755685850875,39.8787833243978 9.17795140857529,39.8786193370696 9.17805458829984,39.8786290447882 9.17827054239299,39.878496638933 9.17847473049039,39.8784045966753 9.17859924776507,39.8782230018626 9.17876707168725,39.8781512600072 9.17890945053012,39.8779674299758</coordinates>
            </LinearRing>
          </outerBoundaryIs>
        </Polygon>
      </Placemark>
      <Placemark xmlns="http://www.opengis.net/kml/2.2">
        <styleUrl>#Parti singole_style_map</styleUrl>
        <name>T03509</name>
        <Polygon>
          <outerBoundaryIs>
            <LinearRing>
              <coordinates>9.17892065106389,39.8779529700058 9.17846927245223,39.878071287091 9.17745416476753,39.8783442980103 9.17742543020396,39.8788255288422 9.17743197819362,39.8788252215223 9.17748984740973,39.8788048520803 9.17756633087501,39.8787697051128 9.1777707528559,39.8786361375231 9.17778243788933,39.8786098830812 9.17826074354008,39.8783838331103 9.17842464315023,39.8782368388181 9.17847038944251,39.8781730782248 9.17854049662297,39.8781236868813 9.17862036208299,39.8780809297392 9.17870118761549,39.878043171511 9.17887677968362,39.8779864278969 9.17890945053012,39.8779674299758 9.17892065106389,39.8779529700058</coordinates>
            </LinearRing>
          </outerBoundaryIs>
        </Polygon>
      </Placemark>
      <Placemark xmlns="http://www.opengis.net/kml/2.2">
        <styleUrl>#Parti singole_style_map</styleUrl>
        <name>T03510</name>
        <Polygon>
          <outerBoundaryIs>
            <LinearRing>
              <coordinates>9.17858473787918,39.878354999872 9.17869686098376,39.8782418985622 9.17876707168725,39.8781512600072 9.17859924776507,39.8782230018626 9.17847473049039,39.8784045966753 9.17858473787918,39.878354999872</coordinates>
            </LinearRing>
          </outerBoundaryIs>
        </Polygon>
      </Placemark>
      <Placemark xmlns="http://www.opengis.net/kml/2.2">
        <styleUrl>#Parti singole_style_map</styleUrl>
        <name>T03511</name>
        <Polygon>
          <outerBoundaryIs>
            <LinearRing>
              <coordinates>9.17812928594714,39.8789758530762 9.17858678314039,39.8786075146972 9.17895388069427,39.8783117075525 9.17914644216915,39.8781561628426 9.17871438047158,39.8782696218427 9.17861272744462,39.8783706429421 9.17840683543574,39.8784684273081 9.17829691902659,39.8785216727757 9.1780726812012,39.8786569835208 9.17803429657062,39.8786553574907 9.17743781988593,39.8789367810851 9.17726708915351,39.878884343229 9.17718746681481,39.8788721932799 9.17711690774824,39.8788601195631 9.17687359637848,39.8787184504288 9.17654384798678,39.8786886337601 9.17640904945503,39.8788170120011 9.17618970982829,39.8789260120311 9.17573558629765,39.8790453587544 9.17560622675435,39.8790831612211 9.17550231105946,39.8790646949013 9.17546542634571,39.8790689311427 9.17533044481768,39.8790619630325 9.17523512568614,39.8790439520151 9.17523884839161,39.8790362880636 9.17518422998141,39.8790200716529 9.17508054352047,39.8790042985427 9.1750350843221,39.8790029074219 9.17498530877012,39.8790056672945 9.17489902663908,39.8790142123254 9.17490367612736,39.8790261433275 9.17477617711518,39.8790414806121 9.17516356618967,39.8795681875495 9.17528712713871,39.8796825339649 9.1755280100986,39.8799084607944 9.17601386739167,39.8797664972726 9.17677172914441,39.8796910612131 9.17729391205067,39.8796428291858 9.17768804079941,39.8793267308036 9.17812928594714,39.8789758530762</coordinates>
            </LinearRing>
          </outerBoundaryIs>
          <innerBoundaryIs>
            <LinearRing>
              <coordinates>9.17522304165304,39.8790976957315 9.17511005197751,39.8791209761803 9.17509495646529,39.8790617954596 9.1752022429198,39.8790399651922 9.17522304165304,39.8790976957315</coordinates>
            </LinearRing>
          </innerBoundaryIs>
          <innerBoundaryIs>
            <LinearRing>
              <coordinates>9.1770774084483,39.8789421232722 9.17710512406303,39.8788957596275 9.17720596319753,39.878926057966 9.17718214447405,39.8789724156939 9.1770774084483,39.8789421232722</coordinates>
            </LinearRing>
          </innerBoundaryIs>
        </Polygon>
      </Placemark>
      <Placemark xmlns="http://www.opengis.net/kml/2.2">
        <styleUrl>#Parti singole_style_map</styleUrl>
        <name>T03512</name>
        <Polygon>
          <outerBoundaryIs>
            <LinearRing>
              <coordinates>9.17722263927888,39.8788706890743 9.17711626262726,39.8788502548039 9.17682550250965,39.8786198301421 9.17648567425093,39.8786906051596 9.17646660334253,39.878723537945 9.17610924560612,39.8788817786833 9.17604421328988,39.8788907338467 9.17589575864461,39.878928998029 9.17583933721196,39.8789303357657 9.17584259945348,39.8789760375981 9.17574518740517,39.878985717313 9.17574325967763,39.8789405270193 9.17545022591911,39.879005398888 9.17537584344176,39.8790073040994 9.17517694816286,39.878961663018 9.17514534527921,39.878959710467 9.17505384886091,39.878950324938 9.17496799414292,39.8789521480579 9.1748210504263,39.8789685597999 9.17472834647642,39.878976438627 9.17477617711518,39.8790414806121 9.17490367612736,39.8790261433275 9.17489902663908,39.8790142123254 9.17498530877012,39.8790056672945 9.1750350843221,39.8790029074219 9.17508054352047,39.8790042985427 9.17518422998141,39.8790200716529 9.17523884839161,39.8790362880636 9.17523512568614,39.8790439520151 9.17533044481768,39.8790619630325 9.17546542634571,39.8790689311427 9.17550231105946,39.8790646949013 9.17560622675435,39.8790831612211 9.17573558629765,39.8790453587544 9.17618970982829,39.8789260120311 9.17640904945503,39.8788170120011 9.17654384798678,39.8786886337601 9.17687359637848,39.8787184504288 9.17711690774824,39.8788601195631 9.17718746681481,39.8788721932799 9.17726708915351,39.878884343229 9.17722263927888,39.8788706890743</coordinates>
            </LinearRing>
          </outerBoundaryIs>
        </Polygon>
      </Placemark>
      <Placemark xmlns="http://www.opengis.net/kml/2.2">
        <styleUrl>#Parti singole_style_map</styleUrl>
        <name>T03513</name>
        <Polygon>
          <outerBoundaryIs>
            <LinearRing>
              <coordinates>9.17594388833726,39.878904535624 9.17560120878605,39.8789540762414 9.17545887948183,39.8789225496285 9.17528240035081,39.8788807491039 9.17509999581651,39.8788587067419 9.17484243351723,39.8788740057139 9.17472834647642,39.878976438627 9.1748210504263,39.8789685597999 9.17496799414292,39.8789521480579 9.17505384886091,39.878950324938 9.17514534527921,39.878959710467 9.17517694816286,39.878961663018 9.17537584344176,39.8790073040994 9.17545022591911,39.879005398888 9.17574325967763,39.8789405270193 9.17583933721196,39.8789303357657 9.17589575864461,39.878928998029 9.17604421328988,39.8788907338467 9.17594388833726,39.878904535624</coordinates>
            </LinearRing>
          </outerBoundaryIs>
        </Polygon>
      </Placemark>
      <Placemark xmlns="http://www.opengis.net/kml/2.2">
        <styleUrl>#Parti singole_style_map</styleUrl>
        <name>T03514</name>
        <Polygon>
          <outerBoundaryIs>
            <LinearRing>
              <coordinates>9.17795700098396,39.8786520701588 9.17757633573354,39.8788130360251 9.17743781988593,39.8789367810851 9.17803429657062,39.8786553574907 9.17795700098396,39.8786520701588</coordinates>
            </LinearRing>
          </outerBoundaryIs>
        </Polygon>
      </Placemark>
      <Placemark xmlns="http://www.opengis.net/kml/2.2">
        <styleUrl>#Parti singole_style_map</styleUrl>
        <name>T00646</name>
        <Polygon>
          <outerBoundaryIs>
            <LinearRing>
              <coordinates>9.17732936478659,39.8779348934498 9.17722629758386,39.8775770367642 9.17711587096594,39.877199018208 9.17707026750039,39.8770407222089 9.17706822553035,39.8770424642138 9.17684043849791,39.8771243408154 9.17671366376046,39.8771013153461 9.17640029877682,39.8770730861016 9.17601278961251,39.876951293286 9.17582157977848,39.8769733143602 9.17584223192251,39.8772855812614 9.1758439570277,39.8774577381542 9.17577082898173,39.8775382613452 9.17557139902933,39.8776072175402 9.17527849066828,39.8776226159169 9.17545930461955,39.8778941601257 9.17563572471154,39.8781571873969 9.17550742184179,39.8782741573748 9.17514185235358,39.8786018370415 9.17487907830452,39.878844344346 9.17510193676813,39.8788309445914 9.17528690116271,39.8788525506191 9.17560785930713,39.8789297216857 9.17610234997425,39.8788558498872 9.17636793093363,39.8787340670188 9.17645357488419,39.8786773914555 9.17644092082603,39.8786724642799 9.17650679623893,39.8786274773803 9.17659572407934,39.8785928887802 9.17668734913754,39.8785749821811 9.17673263551901,39.8785683541857 9.17679458643873,39.878561844982 9.17683189853534,39.8785693654706 9.17686579539972,39.8785858018473 9.17696739519319,39.8786771778618 9.1770361620978,39.8787246449361 9.17711017725102,39.8787620039741 9.17725957265595,39.8788172045763 9.17725820394412,39.878821567412 9.17730958579574,39.8788296248958 9.17737698695357,39.878827873256 9.17742543020396,39.8788255288422 9.17745416476753,39.8783442980103 9.17732936478659,39.8779348934498</coordinates>
            </LinearRing>
          </outerBoundaryIs>
          <innerBoundaryIs>
            <LinearRing>
              <coordinates>9.17583222552544,39.8780074265267 9.17581784695867,39.8779865184851 9.17589419491249,39.8779578688947 9.17591027577417,39.8779813781861 9.17583222552544,39.8780074265267</coordinates>
            </LinearRing>
          </innerBoundaryIs>
          <innerBoundaryIs>
            <LinearRing>
              <coordinates>9.17683541283349,39.8777732892228 9.17678636593911,39.8777907798024 9.17677672719233,39.8777668553923 9.17683339612184,39.8777392712406 9.17687624531297,39.8777127352118 9.17689692194746,39.8777361382652 9.17683541283349,39.8777732892228</coordinates>
            </LinearRing>
          </innerBoundaryIs>
          <innerBoundaryIs>
            <LinearRing>
              <coordinates>9.17627279643976,39.8777172198674 9.17623533045633,39.8777362333277 9.17619662180313,39.8776945135156 9.17616718424703,39.8777068385121 9.17615051678385,39.877678014355 9.17621406540042,39.877647185556 9.17627279643976,39.8777172198674</coordinates>
            </LinearRing>
          </innerBoundaryIs>
          <innerBoundaryIs>
            <LinearRing>
              <coordinates>9.17655848646309,39.8777782241425 9.17649826805229,39.8778080209538 9.17645489151997,39.8777519016273 9.17642211472462,39.8777662769853 9.17636872125885,39.8776983069077 9.17643027014364,39.8776674900347 9.17648699512794,39.8777349414662 9.17651375865018,39.8777241611276 9.17655848646309,39.8777782241425</coordinates>
            </LinearRing>
          </innerBoundaryIs>
        </Polygon>
      </Placemark>
      <Placemark xmlns="http://www.opengis.net/kml/2.2">
        <styleUrl>#Parti singole_style_map</styleUrl>
        <name>T00647</name>
        <Polygon>
          <outerBoundaryIs>
            <LinearRing>
              <coordinates>9.17645940489649,39.8786615613767 9.17682961119986,39.8785894608288 9.17708018519655,39.8787862139852 9.17713111772357,39.878824247872 9.17724561224891,39.8788454986519 9.1774203740803,39.8789102918462 9.17742543020396,39.8788255288422 9.17737698695357,39.878827873256 9.17730958579574,39.8788296248958 9.17725820394412,39.878821567412 9.17725957265595,39.8788172045763 9.17711017725102,39.8787620039741 9.1770361620978,39.8787246449361 9.17696739519319,39.8786771778618 9.17686579539972,39.8785858018473 9.17683189853534,39.8785693654706 9.17679458643873,39.878561844982 9.17673263551901,39.8785683541857 9.17668734913754,39.8785749821811 9.17659572407934,39.8785928887802 9.17650679623893,39.8786274773803 9.17644092082603,39.8786724642799 9.17645357488419,39.8786773914555 9.17645940489649,39.8786615613767</coordinates>
            </LinearRing>
          </outerBoundaryIs>
        </Polygon>
      </Placemark>
      <Placemark xmlns="http://www.opengis.net/kml/2.2">
        <styleUrl>#Parti singole_style_map</styleUrl>
        <name>T00648</name>
        <Polygon>
          <outerBoundaryIs>
            <LinearRing>
              <coordinates>9.17644584011151,39.8786983419981 9.17645357488419,39.8786773914555 9.17636793093363,39.8787340670188 9.17644584011151,39.8786983419981</coordinates>
            </LinearRing>
          </outerBoundaryIs>
        </Polygon>
      </Placemark>
      <Placemark xmlns="http://www.opengis.net/kml/2.2">
        <styleUrl>#Parti singole_style_map</styleUrl>
        <name>T00655</name>
        <Polygon>
          <outerBoundaryIs>
            <LinearRing>
              <coordinates>9.17761275392403,39.8796133848475 9.1780966894024,39.8794089505264 9.17845870980535,39.8792320372052 9.17902778491066,39.8786801220253 9.17936662003875,39.8783453356192 9.17964821581577,39.8780714709429 9.17941480722407,39.877866957388 9.17934558095805,39.8779354847421 9.17914644216915,39.8781561628426 9.17895388069427,39.8783117075525 9.17858678314039,39.8786075146972 9.17812928594714,39.8789758530762 9.17768804079941,39.8793267308036 9.17729391205067,39.8796428291858 9.17761275392403,39.8796133848475</coordinates>
            </LinearRing>
          </outerBoundaryIs>
        </Polygon>
      </Placemark>
      <Placemark xmlns="http://www.opengis.net/kml/2.2">
        <styleUrl>#Parti singole_style_map</styleUrl>
        <name>T00664</name>
        <Polygon>
          <outerBoundaryIs>
            <LinearRing>
              <coordinates>9.17496668296015,39.8725369452348 9.17504169155395,39.8724803767649 9.17506637447277,39.8724060896601 9.17511430106824,39.872261797265 9.17513503240181,39.8722200956085 9.17508160092432,39.8722501607881 9.17501922976474,39.8723193240067 9.17498843645475,39.8723818084271 9.17496668296015,39.8725369452348</coordinates>
            </LinearRing>
          </outerBoundaryIs>
        </Polygon>
      </Placemark>
      <Placemark xmlns="http://www.opengis.net/kml/2.2">
        <styleUrl>#Parti singole_style_map</styleUrl>
        <name>T00666</name>
        <Polygon>
          <outerBoundaryIs>
            <LinearRing>
              <coordinates>9.17525037326704,39.8705347967014 9.17530675957589,39.8705361442341 9.17533594704468,39.8704909609936 9.1753039837319,39.8704284449899 9.17521013526954,39.8704737707591 9.1751988888848,39.870479211625 9.17525037326704,39.8705347967014</coordinates>
            </LinearRing>
          </outerBoundaryIs>
        </Polygon>
      </Placemark>
      <Placemark xmlns="http://www.opengis.net/kml/2.2">
        <styleUrl>#Parti singole_style_map</styleUrl>
        <name>T00673</name>
        <Polygon>
          <outerBoundaryIs>
            <LinearRing>
              <coordinates>9.17457921170473,39.8718320228296 9.17459996251015,39.8718580210351 9.17475027463944,39.8718432803257 9.17487420343745,39.8718040003252 9.17509241970498,39.8718686866848 9.17529152057352,39.8719158953795 9.17532286815034,39.8719152804813 9.17539191730432,39.8719112840661 9.17545005092854,39.871950965681 9.17526684354161,39.8720429800815 9.17542481417923,39.8720233526366 9.17550831044578,39.8719435707605 9.1754375829316,39.8719083229966 9.17514446540062,39.8718041249801 9.17510979240538,39.8718075198651 9.17467421592297,39.8717758299983 9.17457787535356,39.8717937240853 9.17457921170473,39.8718320228296</coordinates>
            </LinearRing>
          </outerBoundaryIs>
        </Polygon>
      </Placemark>
      <Placemark xmlns="http://www.opengis.net/kml/2.2">
        <styleUrl>#Parti singole_style_map</styleUrl>
        <name>T00674</name>
        <Polygon>
          <outerBoundaryIs>
            <LinearRing>
              <coordinates>9.17494745412513,39.8721059263355 9.17500305852428,39.8721212043748 9.17510706451661,39.8721287511321 9.17516338625493,39.872094933499 9.17521690750315,39.8720680486126 9.17519467308991,39.8720519365285 9.17526684354161,39.8720429800815 9.17545005092854,39.871950965681 9.17539191730432,39.8719112840661 9.17532286815034,39.8719152804813 9.17529152057352,39.8719158953795 9.17534069619313,39.8719275519947 9.1753520688395,39.8719579069457 9.17528641014854,39.8719985411671 9.17510426452091,39.8720298725638 9.17500473654304,39.872058980024 9.17494657782588,39.8720923588639 9.17494745412513,39.8721059263355</coordinates>
            </LinearRing>
          </outerBoundaryIs>
        </Polygon>
      </Placemark>
      <Placemark xmlns="http://www.opengis.net/kml/2.2">
        <styleUrl>#Parti singole_style_map</styleUrl>
        <name>T00675</name>
        <Polygon>
          <outerBoundaryIs>
            <LinearRing>
              <coordinates>9.17510706451661,39.8721287511321 9.17517787937904,39.8721338971526 9.17513503240181,39.8722200956085 9.17522087767605,39.8721718087362 9.17531584968128,39.8721397797712 9.17521690750315,39.8720680486126 9.17516338625493,39.872094933499 9.17510706451661,39.8721287511321</coordinates>
            </LinearRing>
          </outerBoundaryIs>
        </Polygon>
      </Placemark>
      <Placemark xmlns="http://www.opengis.net/kml/2.2">
        <styleUrl>#Parti singole_style_map</styleUrl>
        <name>T00676</name>
        <Polygon>
          <outerBoundaryIs>
            <LinearRing>
              <coordinates>9.17506637447277,39.8724060896601 9.17516834444917,39.8723622384017 9.17521530198385,39.8722278311979 9.17531848549756,39.8721416948874 9.17531584968128,39.8721397797712 9.17522087767605,39.8721718087362 9.17513503240181,39.8722200956085 9.17511430106824,39.872261797265 9.17506637447277,39.8724060896601</coordinates>
            </LinearRing>
          </outerBoundaryIs>
        </Polygon>
      </Placemark>
      <Placemark xmlns="http://www.opengis.net/kml/2.2">
        <styleUrl>#Parti singole_style_map</styleUrl>
        <name>T00678</name>
        <Polygon>
          <outerBoundaryIs>
            <LinearRing>
              <coordinates>9.16212526499711,39.8687338764494 9.16230755561878,39.868591347905 9.1624105304367,39.8685163144055 9.16245270223975,39.8684603675216 9.16247622829053,39.868232178771 9.16247757628664,39.8681094179775 9.16240461918489,39.8681109795111 9.16241891734214,39.8682394667162 9.16238484378461,39.868482275119 9.16234788878283,39.8685341062116 9.16221594529122,39.8686064951515 9.16206811165642,39.8687337849525 9.16209793761091,39.8687579527753 9.16212526499711,39.8687338764494</coordinates>
            </LinearRing>
          </outerBoundaryIs>
        </Polygon>
      </Placemark>
      <Placemark xmlns="http://www.opengis.net/kml/2.2">
        <styleUrl>#Parti singole_style_map</styleUrl>
        <name>T00679</name>
        <Polygon>
          <outerBoundaryIs>
            <LinearRing>
              <coordinates>9.16209793761091,39.8687579527753 9.16206811165642,39.8687337849525 9.1619915865488,39.8687996453285 9.16197788288043,39.8688145937063 9.16198640338127,39.8688231231507 9.16200401861254,39.8688407308368 9.16209793761091,39.8687579527753</coordinates>
            </LinearRing>
          </outerBoundaryIs>
        </Polygon>
      </Placemark>
      <Placemark xmlns="http://www.opengis.net/kml/2.2">
        <styleUrl>#Parti singole_style_map</styleUrl>
        <name>T00680</name>
        <Polygon>
          <outerBoundaryIs>
            <LinearRing>
              <coordinates>9.16200843592111,39.869153536864 9.16176454686736,39.8690617600117 9.16176445389018,39.8690320637515 9.16189244574871,39.8689593204396 9.16193693681322,39.8688998566847 9.16200401861254,39.8688407308368 9.16198640338127,39.8688231231507 9.16197788288043,39.8688145937063 9.16188989917386,39.868910490723 9.16182050183224,39.8689695116095 9.16169291179348,39.8690491107614 9.16170226676585,39.8690794428468 9.16194831529332,39.8691646846972 9.1621347732768,39.8693023292099 9.16216861532121,39.8693237524237 9.16217109435429,39.8693039273473 9.16217582309439,39.869266205617 9.16200843592111,39.869153536864</coordinates>
            </LinearRing>
          </outerBoundaryIs>
        </Polygon>
      </Placemark>
      <Placemark xmlns="http://www.opengis.net/kml/2.2">
        <styleUrl>#Parti singole_style_map</styleUrl>
        <name>T00681</name>
        <Polygon>
          <outerBoundaryIs>
            <LinearRing>
              <coordinates>9.16218989990074,39.8692756823361 9.16217582309439,39.869266205617 9.16217109435429,39.8693039273473 9.16216861532121,39.8693237524237 9.16227050458112,39.869388246744 9.1622787013565,39.869373423148 9.16228942470518,39.8693540370522 9.16218989990074,39.8692756823361</coordinates>
            </LinearRing>
          </outerBoundaryIs>
        </Polygon>
      </Placemark>
      <Placemark xmlns="http://www.opengis.net/kml/2.2">
        <styleUrl>#Parti singole_style_map</styleUrl>
        <name>T00682</name>
        <Polygon>
          <outerBoundaryIs>
            <LinearRing>
              <coordinates>9.16245841040593,39.8694549363283 9.16233844920168,39.8693926387792 9.16228942470518,39.8693540370522 9.1622787013565,39.869373423148 9.16227050458112,39.869388246744 9.16229506061255,39.8694037904554 9.16246229201449,39.8694945290901 9.16396413863766,39.869649389763 9.16491674877231,39.8697499524058 9.16540807955042,39.8696634177368 9.16558413159984,39.8696077746953 9.16574717178008,39.8694946852699 9.16593020481007,39.8694443925948 9.16612014427567,39.8693780072219 9.16660083705098,39.8693232153065 9.16675617057658,39.8693122258437 9.16694392077277,39.8692886929948 9.16714793903097,39.8692811919619 9.1673520788721,39.8693093873261 9.16746736615472,39.8693615323478 9.16826636527084,39.8698099057656 9.16836151534231,39.8698365001467 9.16852386217606,39.8698433556327 9.16876429088853,39.8698397542786 9.16892961994208,39.8698372706882 9.16912202592132,39.8698190793855 9.1693922637068,39.8699030448955 9.16949688250653,39.8699903327459 9.16980824816244,39.8702039517508 9.16987325989743,39.8702323908767 9.17017795270976,39.8702664167947 9.17051912062663,39.8703639707402 9.17062823970035,39.8704119681273 9.17071640650375,39.8703658795626 9.17079476125366,39.8703474655081 9.17098963455333,39.8702298440726 9.17105624228427,39.8701990766316 9.17109071981837,39.8701831145405 9.17120036579944,39.8700758082718 9.1712434638843,39.8700422372508 9.17155994572925,39.8699316074572 9.1718102777475,39.8698526179882 9.17247526084224,39.8697053046251 9.17270471551722,39.8696667622751 9.17298355286166,39.8696394262922 9.17302444382477,39.8696354101185 9.17304356886462,39.8696244076817 9.17323060431142,39.8695169482114 9.17341979096631,39.8694235856051 9.17335339252479,39.8694531647972 9.17313565532142,39.869533793892 9.17303412858441,39.8695713989142 9.17293169238812,39.8695820748331 9.17265255564116,39.8696111680521 9.17216045696235,39.869690733906 9.17188454924749,39.8697584366042 9.17156407607651,39.8698574775325 9.17114416922695,39.8700140475892 9.17094331078281,39.8702169200388 9.17078523487159,39.8703109807072 9.17073453471,39.8703298226505 9.170625658693,39.870332820611 9.17018062836207,39.8701992176073 9.16992877947536,39.8701715474725 9.16984139680271,39.8701420148377 9.16970509783805,39.8700531788166 9.16945018358721,39.8698434776142 9.16932624639726,39.86981243917 9.16912919934159,39.8697737224987 9.16894035543424,39.8697662576643 9.16878011040261,39.8697725090051 9.1684073588313,39.8697870689087 9.16831794657203,39.8697590967635 9.16768145149378,39.8694164179274 9.16736119801664,39.8692510626031 9.1671702795794,39.8692264071234 9.16695508158041,39.8692283471701 9.16683739817967,39.8692488693253 9.16666758139751,39.869227516367 9.16651137689209,39.8692699872915 9.16610750360172,39.8693144609617 9.16586409220591,39.8693899054172 9.16572207084295,39.8694229758119 9.16559949281097,39.8695236821294 9.16531350912957,39.8696195212416 9.16518163249866,39.8696510088372 9.16492797579232,39.8696920753781 9.16245841040593,39.8694549363283</coordinates>
            </LinearRing>
          </outerBoundaryIs>
        </Polygon>
      </Placemark>
      <Placemark xmlns="http://www.opengis.net/kml/2.2">
        <styleUrl>#Parti singole_style_map</styleUrl>
        <name>T00683</name>
        <Polygon>
          <outerBoundaryIs>
            <LinearRing>
              <coordinates>9.17089172009092,39.8703246813161 9.17105495651798,39.8702181252924 9.17109071981837,39.8701831145405 9.17105624228427,39.8701990766316 9.17098963455333,39.8702298440726 9.17079476125366,39.8703474655081 9.17089172009092,39.8703246813161</coordinates>
            </LinearRing>
          </outerBoundaryIs>
        </Polygon>
      </Placemark>
      <Placemark xmlns="http://www.opengis.net/kml/2.2">
        <styleUrl>#Parti singole_style_map</styleUrl>
        <name>T00684</name>
        <Polygon>
          <outerBoundaryIs>
            <LinearRing>
              <coordinates>9.17306470353835,39.8696314579392 9.17320224052399,39.8696065211115 9.17331211708737,39.8695601189134 9.17336299922973,39.869525787681 9.17348224006901,39.8694835158742 9.1734927993204,39.8694838244679 9.17353189315438,39.86946731417 9.17363217022427,39.8693839767049 9.17372141896931,39.8693230991101 9.17356476038317,39.8693367938162 9.17348720542964,39.8693935363475 9.17341979096631,39.8694235856051 9.17323060431142,39.8695169482114 9.17304356886462,39.8696244076817 9.17302444382477,39.8696354101185 9.17306470353835,39.8696314579392</coordinates>
            </LinearRing>
          </outerBoundaryIs>
        </Polygon>
      </Placemark>
      <Placemark xmlns="http://www.opengis.net/kml/2.2">
        <styleUrl>#Parti singole_style_map</styleUrl>
        <name>T00685</name>
        <Polygon>
          <outerBoundaryIs>
            <LinearRing>
              <coordinates>9.1738077844804,39.8692642079191 9.17395010719948,39.869194646391 9.17418408723884,39.8691665006891 9.17418864138672,39.8691826665016 9.17413928378615,39.8692324206354 9.17415737489202,39.8692612610121 9.17423387358918,39.8692541907836 9.17435239915382,39.8692624282353 9.17445373396157,39.8691909904509 9.17430957623966,39.8691865666606 9.17429932870722,39.869156885642 9.17433369147946,39.8691052528568 9.17431530977549,39.8690724756488 9.17389931032736,39.8691373117885 9.17371205025831,39.8692290325131 9.17356476038317,39.8693367938162 9.17372141896931,39.8693230991101 9.1738077844804,39.8692642079191</coordinates>
            </LinearRing>
          </outerBoundaryIs>
        </Polygon>
      </Placemark>
      <Placemark xmlns="http://www.opengis.net/kml/2.2">
        <styleUrl>#Parti singole_style_map</styleUrl>
        <name>T00686</name>
        <Polygon>
          <outerBoundaryIs>
            <LinearRing>
              <coordinates>9.17341124767404,39.8695182645852 9.1734927993204,39.8694838244679 9.17348224006901,39.8694835158742 9.17336299922973,39.869525787681 9.17331211708737,39.8695601189134 9.17341124767404,39.8695182645852</coordinates>
            </LinearRing>
          </outerBoundaryIs>
        </Polygon>
      </Placemark>
      <Placemark xmlns="http://www.opengis.net/kml/2.2">
        <styleUrl>#Parti singole_style_map</styleUrl>
        <name>T00668</name>
        <Polygon>
          <outerBoundaryIs>
            <LinearRing>
              <coordinates>9.17514367342221,39.8702757358899 9.17513494311085,39.8701207350224 9.17518698276908,39.8699575968015 9.17520973027501,39.8698214420863 9.17526370569296,39.8697530932712 9.17540635917078,39.8696896381249 9.17556038319206,39.8695869819008 9.17569468205482,39.8694570915571 9.17579306261937,39.869415200288 9.17581063814511,39.8692597181799 9.17576615419179,39.869211763086 9.17551633682475,39.8691363949791 9.17533402197193,39.8691165061438 9.17494407166234,39.8691387623363 9.17450913033927,39.86919896208 9.17445400851325,39.8692394719104 9.17469929119408,39.8691912433237 9.17495794181895,39.8691859619559 9.17504931110075,39.8691918339446 9.17531290389383,39.8691712546684 9.17547795374447,39.8691838536242 9.17570557048335,39.8692514258363 9.17567969325805,39.8693932525717 9.17551251892017,39.8695156062728 9.17530254462308,39.8696823706463 9.17516928646151,39.8697390361182 9.1751461095899,39.8697889584434 9.17509436007803,39.8699005329884 9.17508535962433,39.8700307475182 9.17505951453573,39.8701812505094 9.17506913729628,39.870273280378 9.17506575560817,39.8702999635599 9.17509314390122,39.8702783978368 9.17514971929125,39.8702852231342 9.17514367342221,39.8702757358899</coordinates>
            </LinearRing>
          </outerBoundaryIs>
        </Polygon>
      </Placemark>
      <Placemark xmlns="http://www.opengis.net/kml/2.2">
        <styleUrl>#Parti singole_style_map</styleUrl>
        <name>T00669</name>
        <Polygon>
          <outerBoundaryIs>
            <LinearRing>
              <coordinates>9.17441859885321,39.869265491367 9.1745426080436,39.8692551331256 9.17457147869061,39.8692511254461 9.17493335501859,39.8692008922031 9.17504931110075,39.8691918339446 9.17495794181895,39.8691859619559 9.17469929119408,39.8691912433237 9.17445400851325,39.8692394719104 9.17441859885321,39.869265491367</coordinates>
            </LinearRing>
          </outerBoundaryIs>
        </Polygon>
      </Placemark>
      <Placemark xmlns="http://www.opengis.net/kml/2.2">
        <styleUrl>#Parti singole_style_map</styleUrl>
        <name>T00670</name>
        <Polygon>
          <outerBoundaryIs>
            <LinearRing>
              <coordinates>9.17527715184636,39.870429683761 9.17524267308766,39.8704310151436 9.17514971929125,39.8702852231342 9.17509314390122,39.8702783978368 9.17506575560817,39.8702999635599 9.17506180075241,39.8703311705363 9.17516009095402,39.8704373113496 9.17521013526954,39.8704737707591 9.1753039837319,39.8704284449899 9.17529029505201,39.8704114550872 9.17527715184636,39.870429683761</coordinates>
            </LinearRing>
          </outerBoundaryIs>
        </Polygon>
      </Placemark>
      <Placemark xmlns="http://www.opengis.net/kml/2.2">
        <styleUrl>#Parti singole_style_map</styleUrl>
        <name>T00671</name>
        <Polygon>
          <outerBoundaryIs>
            <LinearRing>
              <coordinates>9.1751988888848,39.870479211625 9.17521013526954,39.8704737707591 9.17516009095402,39.8704373113496 9.1751988888848,39.870479211625</coordinates>
            </LinearRing>
          </outerBoundaryIs>
        </Polygon>
      </Placemark>
      <Placemark xmlns="http://www.opengis.net/kml/2.2">
        <styleUrl>#Parti singole_style_map</styleUrl>
        <name>T00672</name>
        <Polygon>
          <outerBoundaryIs>
            <LinearRing>
              <coordinates>9.17540569681706,39.8711358149289 9.17561888688134,39.8709996609267 9.17569414228956,39.8709123050838 9.17576259150393,39.8707466100619 9.17576217492567,39.8706335464206 9.1755759143684,39.8704063749308 9.17543436608326,39.8702979482039 9.17537198526894,39.8702980603592 9.17529029505201,39.8704114550872 9.1753039837319,39.8704284449899 9.17533594704468,39.8704909609936 9.1753404311197,39.8704840076554 9.17535524110577,39.8704130780017 9.17539832455275,39.8703652609309 9.17544723706569,39.8703796388685 9.17557358789975,39.8705168388819 9.17566798281322,39.8706541050741 9.17565523573448,39.8707590347196 9.17563110656311,39.8708574584491 9.17559183658202,39.8709197396171 9.17551685586982,39.8709864264454 9.1752728262106,39.8711205545094 9.17515484302775,39.8712582132411 9.17489572308456,39.8714227984246 9.17474744607285,39.8714881714634 9.17466670639512,39.8715114750919 9.17458051620484,39.8716497341585 9.17455822384666,39.8717307929656 9.17457714400688,39.8717727142798 9.17457787535356,39.8717937240853 9.17467421592297,39.8717758299983 9.17510979240538,39.8718075198651 9.17514446540062,39.8718041249801 9.17488812141462,39.8717129982062 9.17476675817752,39.8717587163871 9.17466330064659,39.8717551148015 9.17466142813263,39.871680552331 9.17470384527652,39.8715907417494 9.17476631974791,39.8715255698877 9.17487790325035,39.8715013548455 9.17529749001971,39.8712553853478 9.17540569681706,39.8711358149289</coordinates>
            </LinearRing>
          </outerBoundaryIs>
        </Polygon>
      </Placemark>
      <Placemark xmlns="http://www.opengis.net/kml/2.2">
        <styleUrl>#Parti singole_style_map</styleUrl>
        <name>T00659</name>
        <Polygon>
          <outerBoundaryIs>
            <LinearRing>
              <coordinates>9.17016625561484,39.8694726773506 9.17027905603378,39.8694826842611 9.17068958515627,39.8694920109929 9.1706627774916,39.8694651019661 9.17109534493168,39.8692895493211 9.17114984729884,39.8690078489554 9.17119194930453,39.8687662245028 9.17112229494587,39.8685343780836 9.17103721603063,39.8685515318721 9.17102342654544,39.8685074400482 9.17100954277944,39.8684630420269 9.17100027909839,39.8684334223336 9.1707543546693,39.8684868787566 9.16987871402829,39.8686763499824 9.17016625561484,39.8694726773506</coordinates>
            </LinearRing>
          </outerBoundaryIs>
        </Polygon>
      </Placemark>
      <Placemark xmlns="http://www.opengis.net/kml/2.2">
        <styleUrl>#Parti singole_style_map</styleUrl>
        <name>T00687</name>
        <Polygon>
          <outerBoundaryIs>
            <LinearRing>
              <coordinates>9.15738939278995,39.8679301573988 9.15776742517047,39.8679580710409 9.15827804169052,39.8681303387006 9.15841278323475,39.8682211454452 9.15866572955326,39.8682938972549 9.15880259178259,39.8683150726967 9.15913809095326,39.8683131273273 9.15928414377468,39.8683039535286 9.15943016012325,39.8682840669101 9.16020404225246,39.8680846246849 9.16035130819015,39.8680895752819 9.16050441203332,39.8681160871618 9.16081565904317,39.8682994034804 9.16094556415458,39.8683152341787 9.16112641915967,39.8683184974973 9.16139739785551,39.8682109407028 9.16173693487223,39.8681460575703 9.16208697638238,39.8681133238858 9.16240461918489,39.8681109795111 9.16247757628664,39.8681094179775 9.16271018131157,39.8681026686494 9.16289000593975,39.8680757927849 9.16310656942255,39.8679653890419 9.16320754029641,39.8679386503206 9.16354533236065,39.8679873872905 9.16367339698792,39.8679568078975 9.16373736491918,39.8679168583381 9.16453197983911,39.8678185293987 9.1648450379475,39.8678407366133 9.16524210556221,39.8679311090896 9.16566705696386,39.8678981589905 9.16598768446444,39.8679753843644 9.16638706742951,39.868016411793 9.1672467737153,39.8682182776527 9.16771039734617,39.8683123029944 9.16831895820233,39.8684190548206 9.16854799514375,39.8684592311426 9.16935070736507,39.8682111591774 9.16962602611114,39.8680860977771 9.1695733428082,39.868030115493 9.16929889738251,39.8681584190355 9.16853834962645,39.8683973025647 9.16828009751967,39.8683492218514 9.16768734850751,39.8682388791202 9.16731099469586,39.8681580626586 9.16639497308685,39.8679443128419 9.16599846796799,39.8679086061389 9.16566819365257,39.8678310071193 9.16524486550825,39.8678629548243 9.16485270712732,39.86777176451 9.16453510637252,39.867756717549 9.16434146432628,39.8677743984437 9.16371214309406,39.8678571406761 9.1636312027397,39.8679040877198 9.16353984564903,39.8679219746444 9.16318609921423,39.8678705841349 9.16308933695047,39.8679019569956 9.16286896062688,39.8680167718554 9.16269109507104,39.8680413564494 9.16249290932488,39.8680416876869 9.16210552578232,39.8680458324272 9.16190614124639,39.8680584987889 9.16168776112569,39.8680831472705 9.16150091975072,39.8681146800905 9.16136812448007,39.8681478494719 9.16131758833863,39.8681672546981 9.16109591111229,39.8682523355585 9.16091346233297,39.8682474526291 9.16085036924598,39.8682371606176 9.16050141413414,39.8680436883185 9.16035075152998,39.868021074323 9.16018859407505,39.8680230908224 9.16009386656169,39.8680451782572 9.15973170214195,39.8681296299904 9.15941286733214,39.8682133364408 9.15922602056042,39.8682431357169 9.15900532293348,39.8682521863095 9.15880712089076,39.8682507903948 9.15864712037413,39.8682198528507 9.15844196996304,39.8681508560401 9.15833366795579,39.868081690972 9.15779130894014,39.8678950148748 9.15746035919626,39.8678709297999 9.15738939278995,39.8679301573988</coordinates>
            </LinearRing>
          </outerBoundaryIs>
        </Polygon>
      </Placemark>
      <Placemark xmlns="http://www.opengis.net/kml/2.2">
        <styleUrl>#Parti singole_style_map</styleUrl>
        <name>T00689</name>
        <Polygon>
          <outerBoundaryIs>
            <LinearRing>
              <coordinates>9.15234337001862,39.8646752383282 9.15277501186414,39.8647026204958 9.15311158980788,39.8647152059921 9.15322137001681,39.8647281616785 9.15345649626362,39.8650188331999 9.15397343072813,39.8656847423157 9.15424653906481,39.8660381243708 9.15475677872498,39.8666837035618 9.15524736794232,39.8673113410694 9.1556193841187,39.8677740390841 9.15573343999494,39.8678244315108 9.15599424723588,39.8678644639344 9.1560952378532,39.8679435518193 9.15626934387249,39.8679979084934 9.15659372287178,39.8680530086371 9.15680620080677,39.8680492805083 9.1570032846427,39.8680219760376 9.15731689689846,39.867949365363 9.15741259952044,39.8678674446002 9.15737230086566,39.8678645169011 9.15700770470962,39.8679552883247 9.15685011948958,39.8679780886676 9.15661676667504,39.867990296218 9.15630357415488,39.8679440107323 9.15612997294522,39.867880166081 9.15604869459272,39.8678057458911 9.15576249301366,39.867750746247 9.15570385575144,39.8677196327589 9.15486645421027,39.8666692859572 9.15442991628151,39.8661159151109 9.1539614743153,39.8655084987874 9.15343918358863,39.8648518407554 9.15335069921292,39.8647306580918 9.1532810280425,39.864657202681 9.15313555517821,39.8646400774619 9.15237341392431,39.8645938852043 9.15234337001862,39.8646752383282</coordinates>
            </LinearRing>
          </outerBoundaryIs>
        </Polygon>
      </Placemark>
      <Placemark xmlns="http://www.opengis.net/kml/2.2">
        <styleUrl>#Parti singole_style_map</styleUrl>
        <name>T00661</name>
        <Polygon>
          <outerBoundaryIs>
            <LinearRing>
              <coordinates>9.17453115730568,39.8719399785972 9.17473624255502,39.871903153665 9.17496134778366,39.8719223303159 9.17529152057352,39.8719158953795 9.17509241970498,39.8718686866848 9.17487420343745,39.8718040003252 9.17475027463944,39.8718432803257 9.17459996251015,39.8718580210351 9.17453115730568,39.8719399785972</coordinates>
            </LinearRing>
          </outerBoundaryIs>
        </Polygon>
      </Placemark>
      <Placemark xmlns="http://www.opengis.net/kml/2.2">
        <styleUrl>#Parti singole_style_map</styleUrl>
        <name>T00662</name>
        <Polygon>
          <outerBoundaryIs>
            <LinearRing>
              <coordinates>9.17450279349214,39.871973771974 9.17481531765041,39.872122676185 9.17477867997603,39.8725184786483 9.1748037564015,39.8725209456686 9.1748383823475,39.872489602483 9.17488715534278,39.8722822762045 9.17502581589745,39.8721775445586 9.17510706451661,39.8721287511321 9.17500305852428,39.8721212043748 9.17494745412513,39.8721059263355 9.17494657782588,39.8720923588639 9.17500473654304,39.872058980024 9.17510426452091,39.8720298725638 9.17528641014854,39.8719985411671 9.1753520688395,39.8719579069457 9.17534069619313,39.8719275519947 9.17529152057352,39.8719158953795 9.17496134778366,39.8719223303159 9.17473624255502,39.871903153665 9.17453115730568,39.8719399785972 9.17450279349214,39.871973771974</coordinates>
            </LinearRing>
          </outerBoundaryIs>
        </Polygon>
      </Placemark>
      <Placemark xmlns="http://www.opengis.net/kml/2.2">
        <styleUrl>#Parti singole_style_map</styleUrl>
        <name>T00663</name>
        <Polygon>
          <outerBoundaryIs>
            <LinearRing>
              <coordinates>9.1748037564015,39.8725209456686 9.17496668296015,39.8725369452348 9.17498843645475,39.8723818084271 9.17501922976474,39.8723193240067 9.17508160092432,39.8722501607881 9.17513503240181,39.8722200956085 9.17517787937904,39.8721338971526 9.17510706451661,39.8721287511321 9.17502581589745,39.8721775445586 9.17488715534278,39.8722822762045 9.1748383823475,39.872489602483 9.1748037564015,39.8725209456686</coordinates>
            </LinearRing>
          </outerBoundaryIs>
        </Polygon>
      </Placemark>
      <Placemark xmlns="http://www.opengis.net/kml/2.2">
        <styleUrl>#Parti singole_style_map</styleUrl>
        <name>T00563</name>
        <Polygon>
          <outerBoundaryIs>
            <LinearRing>
              <coordinates>9.19136399112502,39.9015865178178 9.19137994576203,39.9017249717599 9.19153331607741,39.9017193221862 9.19161323189169,39.9015573118205 9.19158029623168,39.9015427162387 9.1915126436997,39.901525024454 9.19148682640629,39.9015209675575 9.19141199509565,39.9015046480205 9.19135914866515,39.9015445852964 9.19136399112502,39.9015865178178</coordinates>
            </LinearRing>
          </outerBoundaryIs>
        </Polygon>
      </Placemark>
    </Folder>
  </Document>
</kml>

