<?xml version="1.0" encoding="UTF-8"?>
<kml xmlns="http://www.opengis.net/kml/2.2">
  <Document xmlns="">
    <Folder>
      <name>Patrimonio IGEA</name>
      <Placemark xmlns="http://www.opengis.net/kml/2.2">
        <styleUrl>#Parti singole_style_map</styleUrl>
        <name>F01884</name>
        <Polygon>
          <outerBoundaryIs>
            <LinearRing>
              <coordinates>8.55272979816754,39.3742829224821 8.5529691095713,39.3741987111622 8.55294363783415,39.3741551193069 8.55270496644061,39.3742391167842 8.55272979816754,39.3742829224821</coordinates>
            </LinearRing>
          </outerBoundaryIs>
        </Polygon>
      </Placemark>
      <Placemark xmlns="http://www.opengis.net/kml/2.2">
        <styleUrl>#Parti singole_style_map</styleUrl>
        <name>F01880</name>
        <Polygon>
          <outerBoundaryIs>
            <LinearRing>
              <coordinates>8.55168341396985,39.3753461468213 8.55184002527173,39.3752288565906 8.55177065920662,39.3751741204414 8.55161603735343,39.375292571602 8.55168341396985,39.3753461468213</coordinates>
            </LinearRing>
          </outerBoundaryIs>
        </Polygon>
      </Placemark>
      <Placemark xmlns="http://www.opengis.net/kml/2.2">
        <styleUrl>#Parti singole_style_map</styleUrl>
        <name>F01881</name>
        <Polygon>
          <outerBoundaryIs>
            <LinearRing>
              <coordinates>8.55128463903128,39.3752470423199 8.55143066702321,39.3751290810563 8.55136089638441,39.3750759469792 8.55121384900956,39.3751935528103 8.55128463903128,39.3752470423199</coordinates>
            </LinearRing>
          </outerBoundaryIs>
        </Polygon>
      </Placemark>
      <Placemark xmlns="http://www.opengis.net/kml/2.2">
        <styleUrl>#Parti singole_style_map</styleUrl>
        <name>F01882</name>
        <Polygon>
          <outerBoundaryIs>
            <LinearRing>
              <coordinates>8.55094008159431,39.3748674312811 8.5512310044868,39.374744785648 8.55124062924844,39.3747555994115 8.55125699120105,39.3747495443998 8.55127802449709,39.3747772519148 8.55140230113847,39.374723596102 8.55137348683305,39.374683595231 8.55144072602505,39.374655183091 8.5514070656331,39.3746086939585 8.55130320190707,39.3746528233113 8.55090437582901,39.3748158701779 8.55094008159431,39.3748674312811</coordinates>
            </LinearRing>
          </outerBoundaryIs>
        </Polygon>
      </Placemark>
      <Placemark xmlns="http://www.opengis.net/kml/2.2">
        <styleUrl>#Parti singole_style_map</styleUrl>
        <name>F00838</name>
        <Polygon>
          <outerBoundaryIs>
            <LinearRing>
              <coordinates>8.54754118503073,39.3734396434002 8.54760402423681,39.3734454384138 8.54761026986058,39.3734023382282 8.54754923621828,39.3733956041364 8.54754118503073,39.3734396434002</coordinates>
            </LinearRing>
          </outerBoundaryIs>
        </Polygon>
      </Placemark>
      <Placemark xmlns="http://www.opengis.net/kml/2.2">
        <styleUrl>#Parti singole_style_map</styleUrl>
        <name>F01883</name>
        <Polygon>
          <outerBoundaryIs>
            <LinearRing>
              <coordinates>8.54797707831301,39.3739891891718 8.54816902736654,39.3740543876976 8.54820679127854,39.3739916858708 8.54801544005049,39.3739274178172 8.54797707831301,39.3739891891718</coordinates>
            </LinearRing>
          </outerBoundaryIs>
        </Polygon>
      </Placemark>
      <Placemark xmlns="http://www.opengis.net/kml/2.2">
        <styleUrl>#Parti singole_style_map</styleUrl>
        <name>F00846</name>
        <Polygon>
          <outerBoundaryIs>
            <LinearRing>
              <coordinates>8.5510244671489,39.3763586781828 8.5511682579773,39.3761844377818 8.55108229107336,39.3761403056307 8.55093518335339,39.3763157855815 8.5510244671489,39.3763586781828</coordinates>
            </LinearRing>
          </outerBoundaryIs>
        </Polygon>
      </Placemark>
      <Placemark xmlns="http://www.opengis.net/kml/2.2">
        <styleUrl>#Parti singole_style_map</styleUrl>
        <name>F00847</name>
        <Polygon>
          <outerBoundaryIs>
            <LinearRing>
              <coordinates>8.5510244671489,39.3763586781828 8.5511682579773,39.3761844377818 8.55108229107336,39.3761403056307 8.55093518335339,39.3763157855815 8.5510244671489,39.3763586781828</coordinates>
            </LinearRing>
          </outerBoundaryIs>
        </Polygon>
      </Placemark>
      <Placemark xmlns="http://www.opengis.net/kml/2.2">
        <styleUrl>#Parti singole_style_map</styleUrl>
        <name>F00848</name>
        <Polygon>
          <outerBoundaryIs>
            <LinearRing>
              <coordinates>8.5510244671489,39.3763586781828 8.5511682579773,39.3761844377818 8.55108229107336,39.3761403056307 8.55093518335339,39.3763157855815 8.5510244671489,39.3763586781828</coordinates>
            </LinearRing>
          </outerBoundaryIs>
        </Polygon>
      </Placemark>
      <Placemark xmlns="http://www.opengis.net/kml/2.2">
        <styleUrl>#Parti singole_style_map</styleUrl>
        <name>F00849</name>
        <Polygon>
          <outerBoundaryIs>
            <LinearRing>
              <coordinates>8.5510244671489,39.3763586781828 8.5511682579773,39.3761844377818 8.55108229107336,39.3761403056307 8.55093518335339,39.3763157855815 8.5510244671489,39.3763586781828</coordinates>
            </LinearRing>
          </outerBoundaryIs>
        </Polygon>
      </Placemark>
      <Placemark xmlns="http://www.opengis.net/kml/2.2">
        <styleUrl>#Parti singole_style_map</styleUrl>
        <name>F01885</name>
        <Polygon>
          <outerBoundaryIs>
            <LinearRing>
              <coordinates>8.53102791715841,39.3619569305938 8.53123319703101,39.361847478033 8.53119811035116,39.36181409662 8.53099615606321,39.3619209494696 8.53102791715841,39.3619569305938</coordinates>
            </LinearRing>
          </outerBoundaryIs>
        </Polygon>
      </Placemark>
      <Placemark xmlns="http://www.opengis.net/kml/2.2">
        <styleUrl>#Parti singole_style_map</styleUrl>
        <name>F01886</name>
        <Polygon>
          <outerBoundaryIs>
            <LinearRing>
              <coordinates>8.53138694506013,39.361766633229 8.53147466257754,39.3617041740567 8.53161272736357,39.3616616777898 8.53159067387461,39.3616268442264 8.53144604909434,39.3616661423168 8.53135165289921,39.3617292593544 8.53138694506013,39.361766633229</coordinates>
            </LinearRing>
          </outerBoundaryIs>
        </Polygon>
      </Placemark>
      <Placemark xmlns="http://www.opengis.net/kml/2.2">
        <styleUrl>#Parti singole_style_map</styleUrl>
        <name>F01761</name>
        <Polygon>
          <outerBoundaryIs>
            <LinearRing>
              <coordinates>8.44050638985149,39.3665325282414 8.44057278116302,39.3665480483978 8.44061087358579,39.3665575034693 8.44067328361227,39.3665729863967 8.44071745843701,39.3665839394036 8.44078795702589,39.3666011821802 8.44084913463313,39.3664423593928 8.44056776718377,39.3663705708979 8.44055950988742,39.3663914085744 8.44054645756732,39.366387633446 8.44052268525221,39.3664528904787 8.44053520492003,39.3664565008577 8.44050638985149,39.3665325282414</coordinates>
            </LinearRing>
          </outerBoundaryIs>
        </Polygon>
      </Placemark>
      <Placemark xmlns="http://www.opengis.net/kml/2.2">
        <styleUrl>#Parti singole_style_map</styleUrl>
        <name>F01790</name>
        <Polygon>
          <outerBoundaryIs>
            <LinearRing>
              <coordinates>8.43982262728303,39.3673604489276 8.43985853837848,39.3675397061553 8.43987395240086,39.3676357875758 8.43990925301569,39.3676315063953 8.43991454499276,39.3676534725184 8.43994204650504,39.3676504242504 8.43994250091052,39.3676545712818 8.43999629128672,39.3676476939813 8.43999794944443,39.3676421154386 8.44002502116563,39.3676391011236 8.44002035627357,39.3676171019828 8.44005296353267,39.3676128438316 8.44003536063654,39.3675175448207 8.4400282200717,39.3674799545556 8.44002002202258,39.367462840129 8.43983536049475,39.3673649524526 8.43982262728303,39.3673604489276</coordinates>
            </LinearRing>
          </outerBoundaryIs>
        </Polygon>
      </Placemark>
      <Placemark xmlns="http://www.opengis.net/kml/2.2">
        <styleUrl>#Parti singole_style_map</styleUrl>
        <name>F01796</name>
        <Polygon>
          <outerBoundaryIs>
            <LinearRing>
              <coordinates>8.4404378963851,39.3671145672406 8.4405271412742,39.3673021092656 8.44062179338125,39.3672762538433 8.44052106064571,39.3670634181307 8.44049106673876,39.3670718878941 8.44050338247096,39.3670966900598 8.4404378963851,39.3671145672406</coordinates>
            </LinearRing>
          </outerBoundaryIs>
        </Polygon>
      </Placemark>
      <Placemark xmlns="http://www.opengis.net/kml/2.2">
        <styleUrl>#Parti singole_style_map</styleUrl>
        <name>F01789</name>
        <Polygon>
          <outerBoundaryIs>
            <LinearRing>
              <coordinates>8.43874744815934,39.3454913396411 8.43876132806237,39.3454927131487 8.43881008759328,39.3452524655305 8.43877064481845,39.3452696565903 8.43873969139914,39.3452831582297 8.43867893463111,39.3452737643631 8.43865797383373,39.3453509287731 8.4386759607513,39.3453538809393 8.43865497591883,39.3454441916414 8.43864366238173,39.3454426052433 8.4386275295501,39.3454718747794 8.4386865599408,39.3454852970731 8.43874744815934,39.3454913396411</coordinates>
            </LinearRing>
          </outerBoundaryIs>
        </Polygon>
      </Placemark>
      <Placemark xmlns="http://www.opengis.net/kml/2.2">
        <styleUrl>#Parti singole_style_map</styleUrl>
        <name>F01791</name>
        <Polygon>
          <outerBoundaryIs>
            <LinearRing>
              <coordinates>8.43902598884373,39.3437284331335 8.43909299816234,39.3437234400676 8.43909098596296,39.3436921006306 8.43914100113434,39.3436906568399 8.43912449873174,39.3435123032389 8.43906105939167,39.3435163944629 8.4390705400221,39.3436049149212 8.43901498381985,39.3436085305348 8.43902598884373,39.3437284331335</coordinates>
            </LinearRing>
          </outerBoundaryIs>
        </Polygon>
      </Placemark>
      <Placemark xmlns="http://www.opengis.net/kml/2.2">
        <styleUrl>#Parti singole_style_map</styleUrl>
        <name>F01792</name>
        <Polygon>
          <outerBoundaryIs>
            <LinearRing>
              <coordinates>8.43938006353847,39.3437154711009 8.43943539469882,39.3437211441209 8.43945359624724,39.3435897677006 8.43939869678413,39.3435867188445 8.43938006353847,39.3437154711009</coordinates>
            </LinearRing>
          </outerBoundaryIs>
        </Polygon>
      </Placemark>
      <Placemark xmlns="http://www.opengis.net/kml/2.2">
        <styleUrl>#Parti singole_style_map</styleUrl>
        <name>F01794</name>
        <Polygon>
          <outerBoundaryIs>
            <LinearRing>
              <coordinates>8.43943611432284,39.3429792987372 8.43948864243073,39.3429131079692 8.43944289078513,39.3428922532866 8.43939037124338,39.3429617239214 8.43943611432284,39.3429792987372</coordinates>
            </LinearRing>
          </outerBoundaryIs>
        </Polygon>
      </Placemark>
      <Placemark xmlns="http://www.opengis.net/kml/2.2">
        <styleUrl>#Parti singole_style_map</styleUrl>
        <name>F01785</name>
        <Polygon>
          <outerBoundaryIs>
            <LinearRing>
              <coordinates>8.43911174369525,39.3430482426707 8.43916002740991,39.3430484935179 8.43916107743842,39.3429970031979 8.43914941579127,39.3429403245714 8.43911511253663,39.342944781579 8.4390975486453,39.3429470486384 8.43910114623486,39.3429731335541 8.43910491961639,39.3430004537649 8.43911174369525,39.3430482426707</coordinates>
            </LinearRing>
          </outerBoundaryIs>
        </Polygon>
      </Placemark>
      <Placemark xmlns="http://www.opengis.net/kml/2.2">
        <styleUrl>#Parti singole_style_map</styleUrl>
        <name>F01793</name>
        <Polygon>
          <outerBoundaryIs>
            <LinearRing>
              <coordinates>8.43940068659796,39.3435686171995 8.43945859141812,39.3435731402499 8.43947098665145,39.3434669474023 8.4394860792398,39.343466092047 8.43949468171027,39.3434148273442 8.43942382813453,39.3434086470351 8.43940068659796,39.3435686171995</coordinates>
            </LinearRing>
          </outerBoundaryIs>
        </Polygon>
      </Placemark>
      <Placemark xmlns="http://www.opengis.net/kml/2.2">
        <styleUrl>#Parti singole_style_map</styleUrl>
        <name>F01787</name>
        <Polygon>
          <outerBoundaryIs>
            <LinearRing>
              <coordinates>8.44006707902595,39.3637444655023 8.44015124400671,39.3636213452886 8.4400775659444,39.3635927425543 8.43999643787096,39.3637149402432 8.44006707902595,39.3637444655023</coordinates>
            </LinearRing>
          </outerBoundaryIs>
        </Polygon>
      </Placemark>
      <Placemark xmlns="http://www.opengis.net/kml/2.2">
        <styleUrl>#Parti singole_style_map</styleUrl>
        <name>F01788</name>
        <Polygon>
          <outerBoundaryIs>
            <LinearRing>
              <coordinates>8.43999212815804,39.3633856204995 8.44004744436295,39.3633704157655 8.44000630748074,39.3632802474994 8.43995413987186,39.3632965486411 8.43999212815804,39.3633856204995</coordinates>
            </LinearRing>
          </outerBoundaryIs>
        </Polygon>
      </Placemark>
      <Placemark xmlns="http://www.opengis.net/kml/2.2">
        <styleUrl>#Parti singole_style_map</styleUrl>
        <name>F01763</name>
        <Polygon>
          <outerBoundaryIs>
            <LinearRing>
              <coordinates>8.44119703897184,39.366991835805 8.44129002932333,39.3669268120896 8.44125590096954,39.3668947778779 8.44115926989324,39.3669607211661 8.44119703897184,39.366991835805</coordinates>
            </LinearRing>
          </outerBoundaryIs>
        </Polygon>
      </Placemark>
      <Placemark xmlns="http://www.opengis.net/kml/2.2">
        <styleUrl>#Parti singole_style_map</styleUrl>
        <name>F01762</name>
        <Polygon>
          <outerBoundaryIs>
            <LinearRing>
              <coordinates>8.43954646410723,39.3670208360593 8.43959431898945,39.3670056496616 8.43956793917041,39.3669555681642 8.43952142268106,39.3669703284962 8.43954646410723,39.3670208360593</coordinates>
            </LinearRing>
          </outerBoundaryIs>
        </Polygon>
      </Placemark>
      <Placemark xmlns="http://www.opengis.net/kml/2.2">
        <styleUrl>#Parti singole_style_map</styleUrl>
        <name>F01795</name>
        <Polygon>
          <outerBoundaryIs>
            <LinearRing>
              <coordinates>8.4411143205839,39.3658272417388 8.44134311848515,39.3660497838825 8.44138276401664,39.3660274840409 8.44115052871305,39.3658036549709 8.4411143205839,39.3658272417388</coordinates>
            </LinearRing>
          </outerBoundaryIs>
        </Polygon>
      </Placemark>
      <Placemark xmlns="http://www.opengis.net/kml/2.2">
        <styleUrl>#Parti singole_style_map</styleUrl>
        <name>F01925</name>
        <Polygon>
          <outerBoundaryIs>
            <LinearRing>
              <coordinates>8.43946221505651,39.3668548975778 8.43951562939134,39.3669602628459 8.43956286527436,39.3669455420251 8.4395085198732,39.3668404696383 8.43946221505651,39.3668548975778</coordinates>
            </LinearRing>
          </outerBoundaryIs>
        </Polygon>
      </Placemark>
      <Placemark xmlns="http://www.opengis.net/kml/2.2">
        <styleUrl>#Parti singole_style_map</styleUrl>
        <name>F01756</name>
        <Polygon>
          <outerBoundaryIs>
            <LinearRing>
              <coordinates>8.44108214475261,39.3679036537678 8.44117479502351,39.3679425649649 8.44122735175999,39.3678749592191 8.44112868446412,39.3678350820524 8.4410999760328,39.3678773746608 8.44108214475261,39.3679036537678</coordinates>
            </LinearRing>
          </outerBoundaryIs>
        </Polygon>
      </Placemark>
      <Placemark xmlns="http://www.opengis.net/kml/2.2">
        <styleUrl>#Parti singole_style_map</styleUrl>
        <name>F01766</name>
        <Polygon>
          <outerBoundaryIs>
            <LinearRing>
              <coordinates>8.44047685399019,39.3668165602272 8.44051600741201,39.3668181812737 8.44051595267146,39.3667450785836 8.44047992923159,39.3667439952071 8.44047685399019,39.3668165602272</coordinates>
            </LinearRing>
          </outerBoundaryIs>
        </Polygon>
      </Placemark>
      <Placemark xmlns="http://www.opengis.net/kml/2.2">
        <styleUrl>#Parti singole_style_map</styleUrl>
        <name>F01757</name>
        <Polygon>
          <outerBoundaryIs>
            <LinearRing>
              <coordinates>8.44115991943903,39.3676681319076 8.44122841669551,39.3677050347832 8.44125406129091,39.3676742699079 8.44118658195979,39.3676378224651 8.44115991943903,39.3676681319076</coordinates>
            </LinearRing>
          </outerBoundaryIs>
        </Polygon>
      </Placemark>
      <Placemark xmlns="http://www.opengis.net/kml/2.2">
        <styleUrl>#Parti singole_style_map</styleUrl>
        <name>F01767</name>
        <Polygon>
          <outerBoundaryIs>
            <LinearRing>
              <coordinates>8.43925590166643,39.3665429315705 8.43934973604294,39.3665191006045 8.43928160632574,39.3663596551876 8.4391885108526,39.366385462969 8.43918852173923,39.3663855531268 8.43925590166643,39.3665429315705</coordinates>
            </LinearRing>
          </outerBoundaryIs>
        </Polygon>
      </Placemark>
      <Placemark xmlns="http://www.opengis.net/kml/2.2">
        <styleUrl>#Parti singole_style_map</styleUrl>
        <name>F01768</name>
        <Polygon>
          <outerBoundaryIs>
            <LinearRing>
              <coordinates>8.44097955098077,39.3658096902296 8.44101961746427,39.3658553950134 8.44105581108567,39.3658379984404 8.44101620911083,39.36579226887 8.44097955098077,39.3658096902296</coordinates>
            </LinearRing>
          </outerBoundaryIs>
        </Polygon>
      </Placemark>
      <Placemark xmlns="http://www.opengis.net/kml/2.2">
        <styleUrl>#Parti singole_style_map</styleUrl>
        <name>F01775</name>
        <Polygon>
          <outerBoundaryIs>
            <LinearRing>
              <coordinates>8.43977664310222,39.3628570158379 8.43991023744634,39.3629090373835 8.43993855745222,39.3628672477491 8.43993497375635,39.3628639596663 8.43980499192632,39.3628145325634 8.43977664310222,39.3628570158379</coordinates>
            </LinearRing>
          </outerBoundaryIs>
        </Polygon>
      </Placemark>
      <Placemark xmlns="http://www.opengis.net/kml/2.2">
        <styleUrl>#Parti singole_style_map</styleUrl>
        <name>F01777</name>
        <Polygon>
          <outerBoundaryIs>
            <LinearRing>
              <coordinates>8.44007321858025,39.3659279903633 8.44012997788466,39.3660011948667 8.44017321431084,39.3659798948731 8.44011964846099,39.3659065345648 8.44007321858025,39.3659279903633</coordinates>
            </LinearRing>
          </outerBoundaryIs>
        </Polygon>
      </Placemark>
      <Placemark xmlns="http://www.opengis.net/kml/2.2">
        <styleUrl>#Parti singole_style_map</styleUrl>
        <name>F01779</name>
        <Polygon>
          <outerBoundaryIs>
            <LinearRing>
              <coordinates>8.44069910532073,39.3654874677697 8.44083491326638,39.3656395608424 8.44087491197888,39.3656195425347 8.44073721700565,39.3654682603916 8.44069910532073,39.3654874677697</coordinates>
            </LinearRing>
          </outerBoundaryIs>
        </Polygon>
      </Placemark>
      <Placemark xmlns="http://www.opengis.net/kml/2.2">
        <styleUrl>#Parti singole_style_map</styleUrl>
        <name>F01780</name>
        <Polygon>
          <outerBoundaryIs>
            <LinearRing>
              <coordinates>8.4408507854661,39.3653612207394 8.44092973985736,39.3654169520259 8.44096289518063,39.3653904222155 8.44088609140055,39.3653328451213 8.4408507854661,39.3653612207394</coordinates>
            </LinearRing>
          </outerBoundaryIs>
        </Polygon>
      </Placemark>
      <Placemark xmlns="http://www.opengis.net/kml/2.2">
        <styleUrl>#Parti singole_style_map</styleUrl>
        <name>F01781</name>
        <Polygon>
          <outerBoundaryIs>
            <LinearRing>
              <coordinates>8.44057204179949,39.3653713506016 8.44062060677773,39.3654095455806 8.44065586336176,39.3653844586396 8.44060668736862,39.3653428277234 8.44057204179949,39.3653713506016</coordinates>
            </LinearRing>
          </outerBoundaryIs>
        </Polygon>
      </Placemark>
      <Placemark xmlns="http://www.opengis.net/kml/2.2">
        <styleUrl>#Parti singole_style_map</styleUrl>
        <name>F01782</name>
        <Polygon>
          <outerBoundaryIs>
            <LinearRing>
              <coordinates>8.4404951927706,39.3653078531129 8.44056725456893,39.3653675791916 8.44060073028826,39.365338735319 8.4405280577992,39.3652813490611 8.4404951927706,39.3653078531129</coordinates>
            </LinearRing>
          </outerBoundaryIs>
        </Polygon>
      </Placemark>
      <Placemark xmlns="http://www.opengis.net/kml/2.2">
        <styleUrl>#Parti singole_style_map</styleUrl>
        <name>F01783</name>
        <Polygon>
          <outerBoundaryIs>
            <LinearRing>
              <coordinates>8.44038612665859,39.3652173581733 8.44048503298187,39.3652965680995 8.44051848663974,39.365271941073 8.44041773516328,39.365194118929 8.44038612665859,39.3652173581733</coordinates>
            </LinearRing>
          </outerBoundaryIs>
        </Polygon>
      </Placemark>
      <Placemark xmlns="http://www.opengis.net/kml/2.2">
        <styleUrl>#Parti singole_style_map</styleUrl>
        <name>F01758</name>
        <Polygon>
          <outerBoundaryIs>
            <LinearRing>
              <coordinates>8.43953926850357,39.3673254023043 8.43960232449493,39.3674590169454 8.43963759467376,39.3674527263525 8.43962157658459,39.3674206077289 8.43962819519453,39.3674189276213 8.43958202292086,39.3673194992078 8.43953926850357,39.3673254023043</coordinates>
            </LinearRing>
          </outerBoundaryIs>
        </Polygon>
      </Placemark>
      <Placemark xmlns="http://www.opengis.net/kml/2.2">
        <styleUrl>#Parti singole_style_map</styleUrl>
        <name>F01784</name>
        <Polygon>
          <outerBoundaryIs>
            <LinearRing>
              <coordinates>8.43997663113601,39.3652274340294 8.44006282539758,39.3653067452866 8.44009926685379,39.365284475505 8.44001489084801,39.3652042359344 8.43997663113601,39.3652274340294</coordinates>
            </LinearRing>
          </outerBoundaryIs>
        </Polygon>
      </Placemark>
      <Placemark xmlns="http://www.opengis.net/kml/2.2">
        <styleUrl>#Parti singole_style_map</styleUrl>
        <name>F01786</name>
        <Polygon>
          <outerBoundaryIs>
            <LinearRing>
              <coordinates>8.43989090447671,39.3643373932827 8.44012692501279,39.364417606218 8.44014387957586,39.3643862140476 8.4400110415633,39.3643408552023 8.43990938674291,39.364303674776 8.43989090447671,39.3643373932827</coordinates>
            </LinearRing>
          </outerBoundaryIs>
        </Polygon>
      </Placemark>
      <Placemark xmlns="http://www.opengis.net/kml/2.2">
        <styleUrl>#Parti singole_style_map</styleUrl>
        <name>F01759</name>
        <Polygon>
          <outerBoundaryIs>
            <LinearRing>
              <coordinates>8.44014235159391,39.367329145205 8.44015932314051,39.3673262264021 8.44016422230433,39.3673479653608 8.44018176892388,39.3673457161021 8.44017848167269,39.3673241831353 8.44019108150978,39.367322135325 8.4401653389014,39.3672271035038 8.4401181358937,39.3672347965141 8.44014235159391,39.367329145205</coordinates>
            </LinearRing>
          </outerBoundaryIs>
        </Polygon>
      </Placemark>
      <Placemark xmlns="http://www.opengis.net/kml/2.2">
        <styleUrl>#Parti singole_style_map</styleUrl>
        <name>F01778</name>
        <Polygon>
          <outerBoundaryIs>
            <LinearRing>
              <coordinates>8.44027197515825,39.3657998622888 8.44033036169713,39.3658902576107 8.44037184906366,39.3658742833595 8.44031667620497,39.3657826510606 8.44027197515825,39.3657998622888</coordinates>
            </LinearRing>
          </outerBoundaryIs>
        </Polygon>
      </Placemark>
      <Placemark xmlns="http://www.opengis.net/kml/2.2">
        <styleUrl>#Parti singole_style_map</styleUrl>
        <name>F01765</name>
        <Polygon>
          <outerBoundaryIs>
            <LinearRing>
              <coordinates>8.44103060901325,39.3659647005346 8.44105053854033,39.3659547225508 8.44114400728941,39.3660493318051 8.4411266826579,39.3660601783236 8.44114575355427,39.36607926417 8.44125983102762,39.3661093308159 8.44125063513059,39.3661256227258 8.44131244539175,39.3660867238755 8.44107507578158,39.3658516969328 8.44097968880612,39.365911726147 8.44103060901325,39.3659647005346</coordinates>
            </LinearRing>
          </outerBoundaryIs>
        </Polygon>
      </Placemark>
      <Placemark xmlns="http://www.opengis.net/kml/2.2">
        <styleUrl>#Parti singole_style_map</styleUrl>
        <name>F01769</name>
        <Polygon>
          <outerBoundaryIs>
            <LinearRing>
              <coordinates>8.44097384346036,39.365803409485 8.44101003419079,39.3657863733334 8.44095850421015,39.3657283681278 8.44092418513545,39.3657450618507 8.44097384346036,39.365803409485</coordinates>
            </LinearRing>
          </outerBoundaryIs>
        </Polygon>
      </Placemark>
      <Placemark xmlns="http://www.opengis.net/kml/2.2">
        <styleUrl>#Parti singole_style_map</styleUrl>
        <name>F01770</name>
        <Polygon>
          <outerBoundaryIs>
            <LinearRing>
              <coordinates>8.44090856826811,39.3657411933391 8.44095550129114,39.3657162795803 8.44088742415737,39.3656357135209 8.44083737743798,39.3656609727028 8.44090856826811,39.3657411933391</coordinates>
            </LinearRing>
          </outerBoundaryIs>
        </Polygon>
      </Placemark>
      <Placemark xmlns="http://www.opengis.net/kml/2.2">
        <styleUrl>#Parti singole_style_map</styleUrl>
        <name>F01771</name>
        <Polygon>
          <outerBoundaryIs>
            <LinearRing>
              <coordinates>8.44066271091904,39.3658892164914 8.44068233707884,39.3659303358328 8.4407217668529,39.3659205417955 8.44070104333614,39.3658787413933 8.44066271091904,39.3658892164914</coordinates>
            </LinearRing>
          </outerBoundaryIs>
        </Polygon>
      </Placemark>
      <Placemark xmlns="http://www.opengis.net/kml/2.2">
        <styleUrl>#Parti singole_style_map</styleUrl>
        <name>F01772</name>
        <Polygon>
          <outerBoundaryIs>
            <LinearRing>
              <coordinates>8.44057567119929,39.3659287144783 8.44061714198997,39.365914812482 8.44059303505584,39.365867886815 8.44054987354811,39.3658827357857 8.44057567119929,39.3659287144783</coordinates>
            </LinearRing>
          </outerBoundaryIs>
        </Polygon>
      </Placemark>
      <Placemark xmlns="http://www.opengis.net/kml/2.2">
        <styleUrl>#Parti singole_style_map</styleUrl>
        <name>F01773</name>
        <Polygon>
          <outerBoundaryIs>
            <LinearRing>
              <coordinates>8.44054320048538,39.3658738102897 8.44058600879501,39.3658595813491 8.44055494107613,39.3658063328392 8.44051238463667,39.3658210044963 8.44054320048538,39.3658738102897</coordinates>
            </LinearRing>
          </outerBoundaryIs>
        </Polygon>
      </Placemark>
      <Placemark xmlns="http://www.opengis.net/kml/2.2">
        <styleUrl>#Parti singole_style_map</styleUrl>
        <name>F01774</name>
        <Polygon>
          <outerBoundaryIs>
            <LinearRing>
              <coordinates>8.44061172975379,39.3658162923338 8.44065631193085,39.3658037839004 8.44062793596567,39.3657521522306 8.44058418916349,39.3657661694304 8.44061172975379,39.3658162923338</coordinates>
            </LinearRing>
          </outerBoundaryIs>
        </Polygon>
      </Placemark>
      <Placemark xmlns="http://www.opengis.net/kml/2.2">
        <styleUrl>#Parti singole_style_map</styleUrl>
        <name>F01776</name>
        <Polygon>
          <outerBoundaryIs>
            <LinearRing>
              <coordinates>8.44016641788386,39.3660503425267 8.44020980369758,39.3660219699722 8.44017767600556,39.365986638207 8.44013520883188,39.3660119065391 8.44016641788386,39.3660503425267</coordinates>
            </LinearRing>
          </outerBoundaryIs>
        </Polygon>
      </Placemark>
      <Placemark xmlns="http://www.opengis.net/kml/2.2">
        <styleUrl>#Parti singole_style_map</styleUrl>
        <name>F01146</name>
        <Polygon>
          <outerBoundaryIs>
            <LinearRing>
              <coordinates>8.42027063979311,39.3335621826265 8.42040487789179,39.3337314394122 8.42043469970035,39.3337170809761 8.42044319833105,39.3337276656913 8.42046649528688,39.3337166086503 8.42046465826746,39.3337142567487 8.42037201613615,39.333594134728 8.42037551022829,39.3335925302355 8.42035932071654,39.3335719054537 8.42032866270854,39.3335330072092 8.42029172930535,39.3335514750415 8.42027063979311,39.3335621826265</coordinates>
            </LinearRing>
          </outerBoundaryIs>
        </Polygon>
      </Placemark>
      <Placemark xmlns="http://www.opengis.net/kml/2.2">
        <styleUrl>#Parti singole_style_map</styleUrl>
        <name>F01144</name>
        <Polygon>
          <outerBoundaryIs>
            <LinearRing>
              <coordinates>8.42027063979311,39.3335621826265 8.42040487789179,39.3337314394122 8.42043469970035,39.3337170809761 8.42044319833105,39.3337276656913 8.42046649528688,39.3337166086503 8.42046465826746,39.3337142567487 8.42037201613615,39.333594134728 8.42037551022829,39.3335925302355 8.42035932071654,39.3335719054537 8.42032866270854,39.3335330072092 8.42029172930535,39.3335514750415 8.42027063979311,39.3335621826265</coordinates>
            </LinearRing>
          </outerBoundaryIs>
        </Polygon>
      </Placemark>
      <Placemark xmlns="http://www.opengis.net/kml/2.2">
        <styleUrl>#Parti singole_style_map</styleUrl>
        <name>F01145</name>
        <Polygon>
          <outerBoundaryIs>
            <LinearRing>
              <coordinates>8.42027063979311,39.3335621826265 8.42040487789179,39.3337314394122 8.42043469970035,39.3337170809761 8.42044319833105,39.3337276656913 8.42046649528688,39.3337166086503 8.42046465826746,39.3337142567487 8.42037201613615,39.333594134728 8.42037551022829,39.3335925302355 8.42035932071654,39.3335719054537 8.42032866270854,39.3335330072092 8.42029172930535,39.3335514750415 8.42027063979311,39.3335621826265</coordinates>
            </LinearRing>
          </outerBoundaryIs>
        </Polygon>
      </Placemark>
      <Placemark xmlns="http://www.opengis.net/kml/2.2">
        <styleUrl>#Parti singole_style_map</styleUrl>
        <name>F01147</name>
        <Polygon>
          <outerBoundaryIs>
            <LinearRing>
              <coordinates>8.42022779077589,39.3334961918737 8.42027455803414,39.3335373329688 8.42025961550811,39.3335483415041 8.42027063979311,39.3335621826265 8.42029172930535,39.3335514750415 8.42032866270854,39.3335330072092 8.42035932071654,39.3335719054537 8.42037551022829,39.3335925302355 8.42044900587125,39.3335583859348 8.42043213211777,39.3335363160621 8.42041994077306,39.3335373365879 8.42032432964067,39.3334536024546 8.42025711417634,39.3334859758625 8.42022779077589,39.3334961918737</coordinates>
            </LinearRing>
          </outerBoundaryIs>
        </Polygon>
      </Placemark>
      <Placemark xmlns="http://www.opengis.net/kml/2.2">
        <styleUrl>#Parti singole_style_map</styleUrl>
        <name>F01149</name>
        <Polygon>
          <outerBoundaryIs>
            <LinearRing>
              <coordinates>8.42022779077589,39.3334961918737 8.42027455803414,39.3335373329688 8.42025961550811,39.3335483415041 8.42027063979311,39.3335621826265 8.42029172930535,39.3335514750415 8.42032866270854,39.3335330072092 8.42035932071654,39.3335719054537 8.42037551022829,39.3335925302355 8.42044900587125,39.3335583859348 8.42043213211777,39.3335363160621 8.42041994077306,39.3335373365879 8.42032432964067,39.3334536024546 8.42025711417634,39.3334859758625 8.42022779077589,39.3334961918737</coordinates>
            </LinearRing>
          </outerBoundaryIs>
        </Polygon>
      </Placemark>
      <Placemark xmlns="http://www.opengis.net/kml/2.2">
        <styleUrl>#Parti singole_style_map</styleUrl>
        <name>F01148</name>
        <Polygon>
          <outerBoundaryIs>
            <LinearRing>
              <coordinates>8.42022779077589,39.3334961918737 8.42027455803414,39.3335373329688 8.42025961550811,39.3335483415041 8.42027063979311,39.3335621826265 8.42029172930535,39.3335514750415 8.42032866270854,39.3335330072092 8.42035932071654,39.3335719054537 8.42037551022829,39.3335925302355 8.42044900587125,39.3335583859348 8.42043213211777,39.3335363160621 8.42041994077306,39.3335373365879 8.42032432964067,39.3334536024546 8.42025711417634,39.3334859758625 8.42022779077589,39.3334961918737</coordinates>
            </LinearRing>
          </outerBoundaryIs>
        </Polygon>
      </Placemark>
      <Placemark xmlns="http://www.opengis.net/kml/2.2">
        <styleUrl>#Parti singole_style_map</styleUrl>
        <name>F01186</name>
        <Polygon>
          <outerBoundaryIs>
            <LinearRing>
              <coordinates>8.42589117551275,39.3315065697814 8.42610388402039,39.3315007803706 8.42609737314112,39.3314612999315 8.4261274511973,39.3314579071654 8.42612884349799,39.3313288284714 8.42588151021933,39.3313308157792 8.42589117551275,39.3315065697814</coordinates>
            </LinearRing>
          </outerBoundaryIs>
        </Polygon>
      </Placemark>
      <Placemark xmlns="http://www.opengis.net/kml/2.2">
        <styleUrl>#Parti singole_style_map</styleUrl>
        <name>F01183</name>
        <Polygon>
          <outerBoundaryIs>
            <LinearRing>
              <coordinates>8.43147885650047,39.3316293723846 8.43157671232192,39.3315548285119 8.43155062324739,39.331534183929 8.43145274407749,39.3316087456869 8.43147885650047,39.3316293723846</coordinates>
            </LinearRing>
          </outerBoundaryIs>
        </Polygon>
      </Placemark>
      <Placemark xmlns="http://www.opengis.net/kml/2.2">
        <styleUrl>#Parti singole_style_map</styleUrl>
        <name>F01180</name>
        <Polygon>
          <outerBoundaryIs>
            <LinearRing>
              <coordinates>8.43356837149787,39.331483737033 8.43360810275293,39.331553600315 8.4337557012224,39.3315057068128 8.43370014056866,39.3314046619895 8.43369205637987,39.3313899534052 8.43363418456059,39.3314085037621 8.43364951212265,39.3314357182624 8.43365217712426,39.3314404708038 8.43363044782138,39.3314474022712 8.4335604322611,39.3314697590027 8.43356837149787,39.331483737033</coordinates>
            </LinearRing>
          </outerBoundaryIs>
        </Polygon>
      </Placemark>
      <Placemark xmlns="http://www.opengis.net/kml/2.2">
        <styleUrl>#Parti singole_style_map</styleUrl>
        <name>F01181</name>
        <Polygon>
          <outerBoundaryIs>
            <LinearRing>
              <coordinates>8.432194227623,39.331157972843 8.43222343477049,39.3311689551378 8.43225743068994,39.3311817448933 8.43234800609435,39.3310317282364 8.43273104813776,39.3311664218277 8.43274814820955,39.3311379506837 8.43278951083567,39.3310690502284 8.4324062815733,39.3309303011527 8.43245426562747,39.3308503861495 8.43235854834886,39.3308157239412 8.4321606480834,39.331145347292 8.432194227623,39.331157972843</coordinates>
            </LinearRing>
          </outerBoundaryIs>
        </Polygon>
      </Placemark>
      <Placemark xmlns="http://www.opengis.net/kml/2.2">
        <styleUrl>#Parti singole_style_map</styleUrl>
        <name>F01813</name>
        <Polygon>
          <outerBoundaryIs>
            <LinearRing>
              <coordinates>8.42712044677674,39.3310485313674 8.42711276619599,39.3310882932747 8.42715100584378,39.3310941943046 8.42714152786121,39.331133839235 8.42713632481475,39.331154366745 8.42711006343936,39.3312544620946 8.4271067964446,39.3312694936734 8.4271670221122,39.3312783142782 8.42720057384713,39.3311421854626 8.42726586438049,39.3311516526864 8.42728310448445,39.3310906638555 8.42721332028428,39.331078795721 8.42720636796044,39.3311032612551 8.42718198888304,39.3310993026992 8.4272277842156,39.3309286695753 8.42714743233905,39.3309123071499 8.42713675865054,39.3309520362987 8.42710899138378,39.331047582903 8.42712044677674,39.3310485313674</coordinates>
            </LinearRing>
          </outerBoundaryIs>
        </Polygon>
      </Placemark>
      <Placemark xmlns="http://www.opengis.net/kml/2.2">
        <styleUrl>#Parti singole_style_map</styleUrl>
        <name>F01184</name>
        <Polygon>
          <outerBoundaryIs>
            <LinearRing>
              <coordinates>8.42937484030367,39.3319120941526 8.42949497081808,39.3319322994277 8.42949774929642,39.3319244918715 8.42962806843189,39.3319473600469 8.42963424494537,39.3319268912633 8.42963687983337,39.3319181909522 8.42957276157073,39.331907117912 8.42957536782508,39.3318905241939 8.429560284016,39.3318877380402 8.42939204537993,39.3318566373375 8.42937484030367,39.3319120941526</coordinates>
            </LinearRing>
          </outerBoundaryIs>
        </Polygon>
      </Placemark>
      <Placemark xmlns="http://www.opengis.net/kml/2.2">
        <styleUrl>#Parti singole_style_map</styleUrl>
        <name>F01801</name>
        <Polygon>
          <outerBoundaryIs>
            <LinearRing>
              <coordinates>8.43332890460472,39.3327669749165 8.43371072307135,39.332590379819 8.43366099488365,39.3325256219626 8.43328158814118,39.3326981378462 8.43332890460472,39.3327669749165</coordinates>
            </LinearRing>
          </outerBoundaryIs>
        </Polygon>
      </Placemark>
      <Placemark xmlns="http://www.opengis.net/kml/2.2">
        <styleUrl>#Parti singole_style_map</styleUrl>
        <name>F01927</name>
        <Polygon>
          <outerBoundaryIs>
            <LinearRing>
              <coordinates>8.41893167921519,39.3408514101433 8.41882604409951,39.3407925961059 8.41875681110623,39.3407138651638 8.41861679027089,39.3404317833257 8.41860589832915,39.3401845146348 8.41870621629479,39.339947851115 8.41871650837285,39.3398503252733 8.41872868758007,39.3397349169681 8.41868635385238,39.3395337181886 8.41869326259825,39.3393247260012 8.41865251789512,39.3392441274776 8.41794976153315,39.338822633131 8.41764550974827,39.3386401482209 8.41757681421804,39.3384971033278 8.41737602298091,39.3383654560538 8.41725215848476,39.3381310601076 8.41723332395184,39.3380954182845 8.41718323103974,39.3378941800408 8.41678060144701,39.3377575005031 8.41676846521693,39.337756645564 8.41653486275304,39.3377401891416 8.41628678693351,39.3376927174431 8.41522755672904,39.337148751324 8.41534488431548,39.336735307291 8.41534748126012,39.336553073668 8.41529990619355,39.3365397154713 8.41517288618012,39.3365215063117 8.41478951435132,39.3365493130696 8.41430167654065,39.3367065249901 8.41320306958716,39.3368321819473 8.41318492712265,39.3367955075209 8.41431645054034,39.336646408787 8.41473638009994,39.3364926395822 8.41513944896708,39.3364542995662 8.41520541914355,39.3364605782208 8.41535587213111,39.3365019432308 8.41536288415388,39.3364388786861 8.4154628370465,39.3363462123143 8.41411526780408,39.3361718902902 8.41349253510938,39.3365868423996 8.41334621327899,39.3366844999266 8.41259651174082,39.336686032688 8.41190148531331,39.3370169029559 8.41048048667,39.3366780309918 8.41034471441271,39.3366934717272 8.41029790046398,39.3366859358493 8.41026060599286,39.3366640313099 8.41022550395405,39.3366435795652 8.41010593895768,39.3366220687676 8.40987073750854,39.336594835226 8.40982119515109,39.336594403662 8.40978325939954,39.336607366608 8.40975796308786,39.3366212947345 8.40975655331589,39.3366233600113 8.40974911312801,39.3366250342652 8.40971194556505,39.3366432272143 8.40967890721708,39.3366671177637 8.40965809424707,39.3366860244322 8.40964816438178,39.3366939934406 8.4096441845486,39.3366981181025 8.4096325635555,39.3367140078249 8.40961499479381,39.3367334715849 8.40957706121163,39.3367323779909 8.40954059353628,39.3367225515767 8.40950330381488,39.3367138923515 8.40938542485993,39.3366575184823 8.40938070944163,39.3366525387285 8.4093787453126,39.3366515375934 8.40935785503123,39.3366382760944 8.40932829377657,39.3366212762291 8.40930160370105,39.3365940188911 8.40928267157119,39.3365686931636 8.40925778865438,39.3365473018609 8.4092231389387,39.3365282938022 8.40919528866284,39.3365010305471 8.40917781638513,39.3364814789795 8.40914836434688,39.3364790767406 8.4091374623061,39.3364784807294 8.40909851725995,39.3364735072985 8.40905183025223,39.3364647100854 8.40900511225085,39.3364458208618 8.40896100596899,39.3364337028146 8.40893723640221,39.3364179036514 8.4089269359025,39.336401001552 8.408907472277,39.3363836924664 8.40889546920154,39.3363760625958 8.40868333570399,39.3362965924865 8.40818928332188,39.3362125343121 8.407610500625,39.3364203453352 8.40760931295732,39.3364235830906 8.40759643616071,39.3364507294213 8.40759179578939,39.3364780979089 8.40758902327027,39.3365041243241 8.40757564012569,39.3365225278245 8.4075605614569,39.3365356064539 8.4075534727118,39.3365506179947 8.4075504624364,39.3365635778774 8.40754027934234,39.336587764434 8.4075304192108,39.3366149261212 8.40751672634769,39.3366425188138 8.40751140422432,39.3366681718173 8.40753001885605,39.336689801882 8.40753362784242,39.3367158607982 8.40753527348754,39.3367408284464 8.40753726838647,39.3367519216025 8.40754006898707,39.3367775258726 8.40755272817341,39.336803630883 8.40756493010531,39.3368289226122 8.40757185106142,39.3368475196256 8.40758865800843,39.336863373712 8.40759194064375,39.3368731218406 8.40759446663144,39.3368762884029 8.40761003836972,39.3368872704903 8.40763578331613,39.3369027195599 8.40765855110323,39.3369134679694 8.40767825346757,39.3369299675267 8.40770291082349,39.3369505470654 8.40771796066166,39.3369683745103 8.40771842364184,39.336982253138 8.40770022506596,39.3369937841024 8.40767109128028,39.3369948972304 8.40764362563584,39.3370045788827 8.40750587891869,39.3370200963531 8.40747374207949,39.3370195722335 8.40746368185386,39.3370154662332 8.40745523993861,39.3370120893209 8.40739875050605,39.3369961231644 8.40737380635873,39.3369820297072 8.40735011721817,39.3369704655971 8.40731826955795,39.3369631849842 8.40730116283426,39.3369553487345 8.40729735902262,39.3369523558662 8.40727944665512,39.3369300084984 8.40727007440821,39.3368994149256 8.40726835470136,39.3368694910864 8.40726163969404,39.3368402626377 8.40723428188103,39.3368234536816 8.40719445577214,39.3368128885734 8.40715144104835,39.3367951888539 8.40713260690941,39.3367858119792 8.40712520548268,39.3367828908744 8.40711171750907,39.3367587639179 8.40710105153344,39.3367302361667 8.40706725818996,39.33671979187 8.4070189476542,39.3367108954606 8.4069691107287,39.3367178498443 8.40691083094672,39.3367078212965 8.40690770885807,39.3367065438987 8.40688585271709,39.3366977823152 8.40686987286344,39.3366939163965 8.40659632768091,39.3367965031721 8.4059639503483,39.3372620049975 8.40488375720638,39.3380729307088 8.40674781643161,39.3393816855929 8.40737533102322,39.3398229778311 8.40807379685068,39.3403140957291 8.40857755234149,39.340668250225 8.41027099937046,39.341859033677 8.4114732229239,39.3420762401563 8.41940982321163,39.3434624597153 8.41944792758469,39.3433683370626 8.41938964375142,39.3432173058169 8.41938812034691,39.3430886664667 8.41944774225059,39.3427653748187 8.4196056027488,39.3424566424559 8.41963286626509,39.3422899591741 8.419601779826,39.3419802838667 8.41893167921519,39.3408514101433</coordinates>
            </LinearRing>
          </outerBoundaryIs>
          <innerBoundaryIs>
            <LinearRing>
              <coordinates>8.41657973647497,39.3382429215986 8.41659386038478,39.3382049678501 8.41667359727742,39.3382164507448 8.41665354909873,39.3382551857435 8.41657973647497,39.3382429215986</coordinates>
            </LinearRing>
          </innerBoundaryIs>
        </Polygon>
      </Placemark>
      <Placemark xmlns="http://www.opengis.net/kml/2.2">
        <styleUrl>#Parti singole_style_map</styleUrl>
        <name>F01111</name>
        <Polygon>
          <outerBoundaryIs>
            <LinearRing>
              <coordinates>8.42176394486918,39.3326396429115 8.42184784877053,39.3327276968282 8.42190119624956,39.332694082199 8.42181769832133,39.3326060393487 8.42176394486918,39.3326396429115</coordinates>
            </LinearRing>
          </outerBoundaryIs>
        </Polygon>
      </Placemark>
      <Placemark xmlns="http://www.opengis.net/kml/2.2">
        <styleUrl>#Parti singole_style_map</styleUrl>
        <name>F01814</name>
        <Polygon>
          <outerBoundaryIs>
            <LinearRing>
              <coordinates>8.42459669171526,39.3318417737635 8.42475713259758,39.3317821513592 8.42470053359745,39.3316734561699 8.42454029850185,39.3317334759813 8.42459669171526,39.3318417737635</coordinates>
            </LinearRing>
          </outerBoundaryIs>
        </Polygon>
      </Placemark>
      <Placemark xmlns="http://www.opengis.net/kml/2.2">
        <styleUrl>#Parti singole_style_map</styleUrl>
        <name>F01817</name>
        <Polygon>
          <outerBoundaryIs>
            <LinearRing>
              <coordinates>8.42398900179667,39.3319686626791 8.42402881334768,39.3320431610376 8.42410223298916,39.3320164477632 8.42426455831425,39.3323295849548 8.42445184499183,39.3322563006543 8.42441472935604,39.3321826447548 8.42429073726928,39.3319459900555 8.42432200763369,39.3319330704663 8.42426825431472,39.3318311380772 8.42409837422716,39.331894299284 8.42397398693241,39.3319405474086 8.42398900179667,39.3319686626791</coordinates>
            </LinearRing>
          </outerBoundaryIs>
        </Polygon>
      </Placemark>
      <Placemark xmlns="http://www.opengis.net/kml/2.2">
        <styleUrl>#Parti singole_style_map</styleUrl>
        <name>F01928</name>
        <Polygon>
          <outerBoundaryIs>
            <LinearRing>
              <coordinates>8.42597038475943,39.3311592244 8.42597446513676,39.3311993776582 8.4259767061259,39.331284250357 8.4260547837526,39.3312807971145 8.42605198776535,39.3312169523719 8.42606467522982,39.3312162130303 8.42613718960188,39.3312120294582 8.42624467846903,39.3312058287836 8.42637067028717,39.3311985568904 8.42640051400625,39.3311968478762 8.42640116226847,39.3312268292722 8.42643964372581,39.3312244419945 8.42661956060247,39.331213263811 8.42662039946612,39.3312355511102 8.42683887009666,39.331223075874 8.42683423993759,39.3310484910899 8.42683275532029,39.3309831030036 8.42670543763418,39.3309908193929 8.42649853214002,39.3310036757809 8.4264973475404,39.3309782691147 8.42634984637409,39.3309882553866 8.4263497761661,39.330958529136 8.42635440443345,39.3309586600872 8.42635364698184,39.3308143248748 8.42642025819238,39.3308112113044 8.42642067659579,39.3308082849288 8.42645210720778,39.3308054574031 8.42647808157938,39.3307874021181 8.42648818147207,39.3307682323456 8.42648819028736,39.3307444444561 8.42648117609363,39.3307324528333 8.42647718317422,39.3307255670842 8.4264501344054,39.3307118367537 8.42641691074282,39.3307126010253 8.4263861286546,39.3307255145795 8.42638549427267,39.3307264755833 8.42637750424098,39.3307387626571 8.42635258402504,39.3307399913537 8.42635256502833,39.3307309626582 8.4261963222866,39.3307387881416 8.42619612288578,39.3307376338037 8.42604796063145,39.3307462288042 8.4260495486235,39.3310243932539 8.42605008353899,39.3311405422696 8.42601657255491,39.3311437829182 8.42596927874338,39.3311483431721 8.42597038475943,39.3311592244</coordinates>
            </LinearRing>
          </outerBoundaryIs>
        </Polygon>
      </Placemark>
      <Placemark xmlns="http://www.opengis.net/kml/2.2">
        <styleUrl>#Parti singole_style_map</styleUrl>
        <name>F01818</name>
        <Polygon>
          <outerBoundaryIs>
            <LinearRing>
              <coordinates>8.42614003540401,39.3314541938152 8.4261470901054,39.3314896041529 8.42616553767031,39.3315222684026 8.42619367366249,39.3315492136704 8.42623047693155,39.3315690382729 8.42627266437275,39.3315802753056 8.42631799086113,39.3315822198759 8.42636283803309,39.3315746739247 8.42639672467451,39.331562406429 8.42649709872732,39.3316658652316 8.42664476284247,39.3315722253619 8.42660684827016,39.3315350410361 8.42648597966649,39.3314080267437 8.42648628904871,39.3314042438256 8.4264798869044,39.3314039509539 8.4264024234616,39.3313237532879 8.42640258257555,39.3313184828833 8.42639760187976,39.3313188818204 8.42639472555677,39.3313159121668 8.42638927960336,39.3313192913111 8.42629685210686,39.3313252960845 8.4262639678111,39.3313270891915 8.42624153042161,39.3313283030778 8.42623258301315,39.3313242852793 8.42622491687983,39.3313281670679 8.42618883206345,39.3313524437842 8.42618419163042,39.3313481228468 8.42616553117271,39.3313670250964 8.42617250418754,39.3313712854566 8.4261619432007,39.3313829741436 8.42614523043069,39.3314176635227 8.42614003540401,39.3314541938152</coordinates>
            </LinearRing>
          </outerBoundaryIs>
        </Polygon>
      </Placemark>
      <Placemark xmlns="http://www.opengis.net/kml/2.2">
        <styleUrl>#Parti singole_style_map</styleUrl>
        <name>F01126</name>
        <Polygon>
          <outerBoundaryIs>
            <LinearRing>
              <coordinates>8.43161227888134,39.3322502046334 8.43174424453165,39.3322046070891 8.43171713597549,39.3321622510772 8.43169005281993,39.3321310863234 8.43170039766097,39.3321259287489 8.43169277080245,39.3321178270179 8.43156271728654,39.3321651548698 8.43161227888134,39.3322502046334</coordinates>
            </LinearRing>
          </outerBoundaryIs>
        </Polygon>
      </Placemark>
      <Placemark xmlns="http://www.opengis.net/kml/2.2">
        <styleUrl>#Parti singole_style_map</styleUrl>
        <name>F01127</name>
        <Polygon>
          <outerBoundaryIs>
            <LinearRing>
              <coordinates>8.43185805539627,39.331913598663 8.43242645832947,39.3317104546655 8.43237363791884,39.331615108264 8.43180143422903,39.3318191615327 8.43185805539627,39.331913598663</coordinates>
            </LinearRing>
          </outerBoundaryIs>
        </Polygon>
      </Placemark>
      <Placemark xmlns="http://www.opengis.net/kml/2.2">
        <styleUrl>#Parti singole_style_map</styleUrl>
        <name>F01926</name>
        <Polygon>
          <outerBoundaryIs>
            <LinearRing>
              <coordinates>8.4332730300576,39.3324936100498 8.43334439963587,39.3324804418749 8.43333347358567,39.3324440850212 8.43326018651462,39.332459072995 8.4332730300576,39.3324936100498</coordinates>
            </LinearRing>
          </outerBoundaryIs>
        </Polygon>
      </Placemark>
      <Placemark xmlns="http://www.opengis.net/kml/2.2">
        <styleUrl>#Parti singole_style_map</styleUrl>
        <name>F01129</name>
        <Polygon>
          <outerBoundaryIs>
            <LinearRing>
              <coordinates>8.43173429833007,39.332108983276 8.43175515824845,39.3321435416392 8.43178683774611,39.3321959847887 8.43193151938014,39.3321002602138 8.43183165853521,39.3319309322375 8.43166299419919,39.3319909116827 8.43173429833007,39.332108983276</coordinates>
            </LinearRing>
          </outerBoundaryIs>
        </Polygon>
      </Placemark>
      <Placemark xmlns="http://www.opengis.net/kml/2.2">
        <styleUrl>#Parti singole_style_map</styleUrl>
        <name>F01130</name>
        <Polygon>
          <outerBoundaryIs>
            <LinearRing>
              <coordinates>8.43083117122106,39.3316466500598 8.43090024020225,39.3317954643412 8.43104108592218,39.3317593180805 8.43107257265724,39.3318053990135 8.43102084089363,39.3318592995729 8.43093144206218,39.3319481751254 8.43096841877089,39.3319711257518 8.43097672259048,39.3319629847657 8.43114180392958,39.3318012052775 8.4311169738654,39.3317411995288 8.43112711742281,39.3317379692847 8.43105811851894,39.3315876146689 8.43088491125066,39.3316326672702 8.43083117122106,39.3316466500598</coordinates>
            </LinearRing>
          </outerBoundaryIs>
        </Polygon>
      </Placemark>
      <Placemark xmlns="http://www.opengis.net/kml/2.2">
        <styleUrl>#Parti singole_style_map</styleUrl>
        <name>F01132</name>
        <Polygon>
          <outerBoundaryIs>
            <LinearRing>
              <coordinates>8.4297433496667,39.3319204069446 8.42982461614858,39.331937231602 8.43002762050027,39.3319792426459 8.43002554343554,39.3319878375722 8.43003550473751,39.3319899137622 8.43003095167509,39.332001938598 8.43006526651669,39.332009747704 8.43006927566893,39.3320032617086 8.43007347089513,39.3320052916226 8.43007612333794,39.3320015652277 8.43005721570784,39.3319953003408 8.43007466153764,39.3319587037476 8.43009421869088,39.3319635661636 8.43011388584059,39.331899182808 8.43006164171524,39.3318889431198 8.4300595312421,39.3318973666822 8.43000996815017,39.3318870229694 8.42983075804529,39.3318496338174 8.42977159282622,39.331837287641 8.42976652908124,39.3318521843382 8.42975278770428,39.3318926465635 8.4297433496667,39.3319204069446</coordinates>
            </LinearRing>
          </outerBoundaryIs>
        </Polygon>
      </Placemark>
      <Placemark xmlns="http://www.opengis.net/kml/2.2">
        <styleUrl>#Parti singole_style_map</styleUrl>
        <name>F01133</name>
        <Polygon>
          <outerBoundaryIs>
            <LinearRing>
              <coordinates>8.4301285010466,39.3319953702662 8.4305251260993,39.3320748757547 8.43053553658845,39.3320516343714 8.43064234957892,39.3320730707889 8.43065488686395,39.3320365221675 8.43071040594742,39.332047840866 8.43071649044322,39.3320358144877 8.43073753938185,39.3320398641337 8.4307496215182,39.3320350935901 8.43076062115128,39.3320307502558 8.43076592600313,39.3320161430337 8.43073417925643,39.3320106984634 8.43070412414967,39.3320055414914 8.43016631767895,39.3318963129983 8.4301385204815,39.3319745778803 8.4301285010466,39.3319953702662</coordinates>
            </LinearRing>
          </outerBoundaryIs>
        </Polygon>
      </Placemark>
      <Placemark xmlns="http://www.opengis.net/kml/2.2">
        <styleUrl>#Parti singole_style_map</styleUrl>
        <name>F01151</name>
        <Polygon>
          <outerBoundaryIs>
            <LinearRing>
              <coordinates>8.4310673616955,39.3334895138489 8.43113559972442,39.3334878202044 8.43113470981162,39.3334773725925 8.43115629544021,39.3334768203822 8.43124795319711,39.3334744662889 8.43124767317475,39.3334617780259 8.4312397005637,39.333461964308 8.4312368559076,39.3334264307004 8.43137523806394,39.3334197636291 8.43137532291509,39.3334321986416 8.43139124514437,39.3334317989141 8.43139003694405,39.333381883416 8.43109653253574,39.3333891795663 8.43105547367987,39.3333902041872 8.4309759663352,39.3333922841762 8.43097945465706,39.3334814789303 8.43106594844669,39.3334792168566 8.4310673616955,39.3334895138489</coordinates>
            </LinearRing>
          </outerBoundaryIs>
        </Polygon>
      </Placemark>
      <Placemark xmlns="http://www.opengis.net/kml/2.2">
        <styleUrl>#Parti singole_style_map</styleUrl>
        <name>F01169</name>
        <Polygon>
          <outerBoundaryIs>
            <LinearRing>
              <coordinates>8.43487321814737,39.3322152732877 8.43493655022593,39.3323739134893 8.43494013944161,39.332373279656 8.43494313962686,39.3323835361488 8.43495089838073,39.3323814764299 8.43494836302981,39.3323718274207 8.4349515878394,39.332371257939 8.43488756468851,39.3322116756803 8.43487321814737,39.3322152732877</coordinates>
            </LinearRing>
          </outerBoundaryIs>
        </Polygon>
      </Placemark>
      <Placemark xmlns="http://www.opengis.net/kml/2.2">
        <styleUrl>#Parti singole_style_map</styleUrl>
        <name>F01166</name>
        <Polygon>
          <outerBoundaryIs>
            <LinearRing>
              <coordinates>8.4349211902616,39.3320977110141 8.43494127522846,39.332096150636 8.43493964850952,39.3320791577882 8.43491920620523,39.3320804280916 8.4349211902616,39.3320977110141</coordinates>
            </LinearRing>
          </outerBoundaryIs>
        </Polygon>
      </Placemark>
      <Placemark xmlns="http://www.opengis.net/kml/2.2">
        <styleUrl>#Parti singole_style_map</styleUrl>
        <name>F01803</name>
        <Polygon>
          <outerBoundaryIs>
            <LinearRing>
              <coordinates>8.42291294975129,39.3336203292435 8.42299690164415,39.3336506698283 8.42307472063047,39.3335238084718 8.4229911449449,39.3334928841215 8.42291294975129,39.3336203292435</coordinates>
            </LinearRing>
          </outerBoundaryIs>
        </Polygon>
      </Placemark>
      <Placemark xmlns="http://www.opengis.net/kml/2.2">
        <styleUrl>#Parti singole_style_map</styleUrl>
        <name>F01805</name>
        <Polygon>
          <outerBoundaryIs>
            <LinearRing>
              <coordinates>8.42710919788765,39.3318250798196 8.42735269311442,39.3318372266329 8.42737588204039,39.3318320876199 8.42737813332523,39.3317566981744 8.42711426207583,39.3317491005245 8.42710919788765,39.3318250798196</coordinates>
            </LinearRing>
          </outerBoundaryIs>
        </Polygon>
      </Placemark>
      <Placemark xmlns="http://www.opengis.net/kml/2.2">
        <styleUrl>#Parti singole_style_map</styleUrl>
        <name>F01806</name>
        <Polygon>
          <outerBoundaryIs>
            <LinearRing>
              <coordinates>8.42257664943538,39.3332798086386 8.42280320083302,39.3331928095875 8.42275576691319,39.3331183180535 8.42252400127916,39.333207309497 8.42257664943538,39.3332798086386</coordinates>
            </LinearRing>
          </outerBoundaryIs>
        </Polygon>
      </Placemark>
      <Placemark xmlns="http://www.opengis.net/kml/2.2">
        <styleUrl>#Parti singole_style_map</styleUrl>
        <name>F01807</name>
        <Polygon>
          <outerBoundaryIs>
            <LinearRing>
              <coordinates>8.4239308202408,39.3315540321274 8.42403301585891,39.3314888690883 8.42399730241268,39.3314550918023 8.42389529340476,39.3315201385972 8.4239308202408,39.3315540321274</coordinates>
            </LinearRing>
          </outerBoundaryIs>
        </Polygon>
      </Placemark>
      <Placemark xmlns="http://www.opengis.net/kml/2.2">
        <styleUrl>#Parti singole_style_map</styleUrl>
        <name>F01808</name>
        <Polygon>
          <outerBoundaryIs>
            <LinearRing>
              <coordinates>8.42274415622735,39.3322224739689 8.42281777516208,39.3322745690046 8.42297775475219,39.3321598921472 8.42287341590071,39.3320720980736 8.42274620966579,39.3321632756558 8.42278326699707,39.3321944469222 8.42274415622735,39.3322224739689</coordinates>
            </LinearRing>
          </outerBoundaryIs>
        </Polygon>
      </Placemark>
      <Placemark xmlns="http://www.opengis.net/kml/2.2">
        <styleUrl>#Parti singole_style_map</styleUrl>
        <name>F01708</name>
        <Polygon>
          <outerBoundaryIs>
            <LinearRing>
              <coordinates>8.43239664092795,39.3324288038499 8.43243897080053,39.3324398321012 8.43244184104859,39.3324392874498 8.43246447183156,39.3323941197035 8.43242041828305,39.3323810286387 8.43239664092795,39.3324288038499</coordinates>
            </LinearRing>
          </outerBoundaryIs>
        </Polygon>
      </Placemark>
      <Placemark xmlns="http://www.opengis.net/kml/2.2">
        <styleUrl>#Parti singole_style_map</styleUrl>
        <name>F01809</name>
        <Polygon>
          <outerBoundaryIs>
            <LinearRing>
              <coordinates>8.42867079968825,39.3316941504854 8.42935169675617,39.331863170308 8.42936433298545,39.3318259465177 8.42868619853226,39.3316539668459 8.42867079968825,39.3316941504854</coordinates>
            </LinearRing>
          </outerBoundaryIs>
        </Polygon>
      </Placemark>
      <Placemark xmlns="http://www.opengis.net/kml/2.2">
        <styleUrl>#Parti singole_style_map</styleUrl>
        <name>F01709</name>
        <Polygon>
          <outerBoundaryIs>
            <LinearRing>
              <coordinates>8.42247450224828,39.3325042297996 8.42455951855722,39.3324682665598 8.4255624901591,39.3329547311007 8.42639853697228,39.3333615034126 8.4293501904879,39.3319014308511 8.42851023783589,39.3318018131004 8.42787169415735,39.3317222104294 8.42737588204039,39.3318320876199 8.42735269311442,39.3318372266329 8.42710919788765,39.3318250798196 8.42706888402858,39.3318230701404 8.42660684827016,39.3315350410361 8.42664476284247,39.3315722253619 8.42649709872732,39.3316658652316 8.42639672467451,39.331562406429 8.42636283803309,39.3315746739247 8.42631799086113,39.3315822198759 8.42627266437275,39.3315802753056 8.42623047693155,39.3315690382729 8.42619367366249,39.3315492136704 8.42616553767031,39.3315222684026 8.4261470901054,39.3314896041529 8.42614003540401,39.3314541938152 8.42614523043069,39.3314176635227 8.4261619432007,39.3313829741436 8.42617250418754,39.3313712854566 8.42616553117271,39.3313670250964 8.42618419163042,39.3313481228468 8.42618883206345,39.3313524437842 8.42622491687983,39.3313281670679 8.42623258301315,39.3313242852793 8.42624153042161,39.3313283030778 8.4262639678111,39.3313270891915 8.42606467522982,39.3312162130303 8.42605198776535,39.3312169523719 8.4260547837526,39.3312807971145 8.4259767061259,39.331284250357 8.42597446513676,39.3311993776582 8.42597038475943,39.3311592244 8.42532825028704,39.3307711759343 8.42472397118536,39.3308286410472 8.42426402170291,39.3309457917005 8.42377850632127,39.3311468195203 8.4236726593649,39.3312031248718 8.42283050704432,39.3316944591064 8.42264601338642,39.3320444424761 8.4224428376093,39.3324437647951 8.42247450224828,39.3325042297996</coordinates>
            </LinearRing>
          </outerBoundaryIs>
          <innerBoundaryIs>
            <LinearRing>
              <coordinates>8.42389529340476,39.3315201385972 8.42399730241268,39.3314550918023 8.42403301585891,39.3314888690883 8.4239308202408,39.3315540321274 8.42389529340476,39.3315201385972</coordinates>
            </LinearRing>
          </innerBoundaryIs>
          <innerBoundaryIs>
            <LinearRing>
              <coordinates>8.42360101538162,39.3318837173307 8.42370249492135,39.3318168390292 8.42374698889001,39.3318594091731 8.42379423298279,39.3318426132128 8.4238146221049,39.3318619608031 8.42377659210259,39.3318898493839 8.42376627879463,39.3318826258749 8.42365339469696,39.3319338774469 8.42360101538162,39.3318837173307</coordinates>
            </LinearRing>
          </innerBoundaryIs>
          <innerBoundaryIs>
            <LinearRing>
              <coordinates>8.42454029850185,39.3317334759813 8.42470053359745,39.3316734561699 8.42475713259758,39.3317821513592 8.42459669171526,39.3318417737635 8.42454029850185,39.3317334759813</coordinates>
            </LinearRing>
          </innerBoundaryIs>
          <innerBoundaryIs>
            <LinearRing>
              <coordinates>8.42278326699707,39.3321944469222 8.42274620966579,39.3321632756558 8.42287341590071,39.3320720980736 8.42297775475219,39.3321598921472 8.42281777516208,39.3322745690046 8.42274415622735,39.3322224739689 8.42278326699707,39.3321944469222</coordinates>
            </LinearRing>
          </innerBoundaryIs>
          <innerBoundaryIs>
            <LinearRing>
              <coordinates>8.42467309075995,39.331151743073 8.42501140441959,39.331025771978 8.42504605032174,39.331093576639 8.42470839689168,39.3312196502142 8.42467309075995,39.331151743073</coordinates>
            </LinearRing>
          </innerBoundaryIs>
          <innerBoundaryIs>
            <LinearRing>
              <coordinates>8.42424717273525,39.3315596711515 8.42442006580621,39.3314954253395 8.42448898017994,39.3316288795944 8.42431695706459,39.3316931208015 8.42424717273525,39.3315596711515</coordinates>
            </LinearRing>
          </innerBoundaryIs>
          <innerBoundaryIs>
            <LinearRing>
              <coordinates>8.42486116364674,39.3314604925224 8.42512410108154,39.3313624145896 8.42519414658949,39.3314981536996 8.4250525111233,39.3315510846961 8.42503469922587,39.3315187838366 8.42491486494083,39.331563181277 8.42486116364674,39.3314604925224</coordinates>
            </LinearRing>
          </innerBoundaryIs>
          <innerBoundaryIs>
            <LinearRing>
              <coordinates>8.42588151021933,39.3313308157792 8.42612884349799,39.3313288284714 8.4261274511973,39.3314579071654 8.42609737314112,39.3314612999315 8.42610388402039,39.3315007803706 8.42589117551275,39.3315065697814 8.42588151021933,39.3313308157792</coordinates>
            </LinearRing>
          </innerBoundaryIs>
          <innerBoundaryIs>
            <LinearRing>
              <coordinates>8.42392485271215,39.3317127599569 8.42406636415356,39.3318347881232 8.42409158092662,39.3318200995818 8.42414188278675,39.3318647166991 8.42409837422716,39.331894299284 8.42426825431472,39.3318311380772 8.42432200763369,39.3319330704663 8.42429073726928,39.3319459900555 8.42441472935604,39.3321826447548 8.42445184499183,39.3322563006543 8.42426455831425,39.3323295849548 8.42410223298916,39.3320164477632 8.42402881334768,39.3320431610376 8.42398900179667,39.3319686626791 8.42395394041508,39.3319925112573 8.42391311833125,39.3319563118354 8.42393046808136,39.3319445218164 8.42378098505246,39.3318084515609 8.42392485271215,39.3317127599569</coordinates>
            </LinearRing>
          </innerBoundaryIs>
          <innerBoundaryIs>
            <LinearRing>
              <coordinates>8.42601664676678,39.3316915714659 8.42601687696622,39.3316634345826 8.42605154218073,39.3316623822366 8.42605129197905,39.3316929658057 8.42601664676678,39.3316915714659</coordinates>
            </LinearRing>
          </innerBoundaryIs>
          <innerBoundaryIs>
            <LinearRing>
              <coordinates>8.42379886690781,39.3317291283887 8.42374996298831,39.3316759704326 8.42381969320298,39.3316372802304 8.42386859714905,39.3316904381577 8.42379886690781,39.3317291283887</coordinates>
            </LinearRing>
          </innerBoundaryIs>
        </Polygon>
      </Placemark>
      <Placemark xmlns="http://www.opengis.net/kml/2.2">
        <styleUrl>#Parti singole_style_map</styleUrl>
        <name>F01802</name>
        <Polygon>
          <outerBoundaryIs>
            <LinearRing>
              <coordinates>8.42206735576766,39.333637945684 8.42226585025792,39.3337387148167 8.42231774682829,39.3336784665489 8.42212066974501,39.3335760736315 8.42206735576766,39.333637945684</coordinates>
            </LinearRing>
          </outerBoundaryIs>
        </Polygon>
      </Placemark>
      <Placemark xmlns="http://www.opengis.net/kml/2.2">
        <styleUrl>#Parti singole_style_map</styleUrl>
        <name>F01929</name>
        <Polygon>
          <outerBoundaryIs>
            <LinearRing>
              <coordinates>8.42431695706459,39.3316931208015 8.42448898017994,39.3316288795944 8.42442006580621,39.3314954253395 8.42424717273525,39.3315596711515 8.42431695706459,39.3316931208015</coordinates>
            </LinearRing>
          </outerBoundaryIs>
        </Polygon>
      </Placemark>
      <Placemark xmlns="http://www.opengis.net/kml/2.2">
        <styleUrl>#Parti singole_style_map</styleUrl>
        <name>F01815</name>
        <Polygon>
          <outerBoundaryIs>
            <LinearRing>
              <coordinates>8.42491486494083,39.331563181277 8.42503469922587,39.3315187838366 8.4250525111233,39.3315510846961 8.42519414658949,39.3314981536996 8.42512410108154,39.3313624145896 8.42486116364674,39.3314604925224 8.42491486494083,39.331563181277</coordinates>
            </LinearRing>
          </outerBoundaryIs>
        </Polygon>
      </Placemark>
      <Placemark xmlns="http://www.opengis.net/kml/2.2">
        <styleUrl>#Parti singole_style_map</styleUrl>
        <name>F01816</name>
        <Polygon>
          <outerBoundaryIs>
            <LinearRing>
              <coordinates>8.42470839689168,39.3312196502142 8.42504605032174,39.331093576639 8.42501140441959,39.331025771978 8.42467309075995,39.331151743073 8.42470839689168,39.3312196502142</coordinates>
            </LinearRing>
          </outerBoundaryIs>
        </Polygon>
      </Placemark>
      <Placemark xmlns="http://www.opengis.net/kml/2.2">
        <styleUrl>#Parti singole_style_map</styleUrl>
        <name>F01810</name>
        <Polygon>
          <outerBoundaryIs>
            <LinearRing>
              <coordinates>8.42733675178145,39.3316722815831 8.42741841182732,39.3317033285511 8.42747353821431,39.3316204953135 8.42738879821408,39.3315886853444 8.42733675178145,39.3316722815831</coordinates>
            </LinearRing>
          </outerBoundaryIs>
        </Polygon>
      </Placemark>
      <Placemark xmlns="http://www.opengis.net/kml/2.2">
        <styleUrl>#Parti singole_style_map</styleUrl>
        <name>F01811</name>
        <Polygon>
          <outerBoundaryIs>
            <LinearRing>
              <coordinates>8.43378292408078,39.3315900882663 8.43384013636498,39.3315791566395 8.43384722361212,39.3316025777732 8.43388027726593,39.3315976109125 8.43387279224885,39.3315729170225 8.43390065009347,39.3315675941671 8.43388216793802,39.3315114493905 8.43376483975425,39.3315335399318 8.43378292408078,39.3315900882663</coordinates>
            </LinearRing>
          </outerBoundaryIs>
        </Polygon>
      </Placemark>
      <Placemark xmlns="http://www.opengis.net/kml/2.2">
        <styleUrl>#Parti singole_style_map</styleUrl>
        <name>F01800</name>
        <Polygon>
          <outerBoundaryIs>
            <LinearRing>
              <coordinates>8.42003879762884,39.3337889944626 8.42061463939845,39.3343095215409 8.42067934611804,39.3342719093057 8.42010258343127,39.3337504768954 8.42003879762884,39.3337889944626</coordinates>
            </LinearRing>
          </outerBoundaryIs>
        </Polygon>
      </Placemark>
      <Placemark xmlns="http://www.opengis.net/kml/2.2">
        <styleUrl>#Parti singole_style_map</styleUrl>
        <name>F01819</name>
        <Polygon>
          <outerBoundaryIs>
            <LinearRing>
              <coordinates>8.42924072517041,39.3317696907369 8.42930850584999,39.3317826561288 8.42932594237763,39.3317258488707 8.42925859859444,39.3317133812146 8.42924072517041,39.3317696907369</coordinates>
            </LinearRing>
          </outerBoundaryIs>
        </Polygon>
      </Placemark>
      <Placemark xmlns="http://www.opengis.net/kml/2.2">
        <styleUrl>#Parti singole_style_map</styleUrl>
        <name>F01799</name>
        <Polygon>
          <outerBoundaryIs>
            <LinearRing>
              <coordinates>8.41689022777804,39.3361515939452 8.41702079926003,39.3362590236663 8.41710475530387,39.3361953792619 8.41697363213148,39.3360845228521 8.41689022777804,39.3361515939452</coordinates>
            </LinearRing>
          </outerBoundaryIs>
        </Polygon>
      </Placemark>
      <Placemark xmlns="http://www.opengis.net/kml/2.2">
        <styleUrl>#Parti singole_style_map</styleUrl>
        <name>F01139</name>
        <Polygon>
          <outerBoundaryIs>
            <LinearRing>
              <coordinates>8.41744862040068,39.337375504053 8.41748973641312,39.337300832145 8.41730331946653,39.3372389870118 8.41727118319296,39.3372942410144 8.41739231771369,39.3373507133206 8.41740002952462,39.3373442643376 8.41741947528489,39.3373500383898 8.41742192091431,39.3373629357504 8.41744862040068,39.337375504053</coordinates>
            </LinearRing>
          </outerBoundaryIs>
        </Polygon>
      </Placemark>
      <Placemark xmlns="http://www.opengis.net/kml/2.2">
        <styleUrl>#Parti singole_style_map</styleUrl>
        <name>F01798</name>
        <Polygon>
          <outerBoundaryIs>
            <LinearRing>
              <coordinates>8.41744862040068,39.337375504053 8.41748973641312,39.337300832145 8.41730331946653,39.3372389870118 8.41727118319296,39.3372942410144 8.41739231771369,39.3373507133206 8.41740002952462,39.3373442643376 8.41741947528489,39.3373500383898 8.41742192091431,39.3373629357504 8.41744862040068,39.337375504053</coordinates>
            </LinearRing>
          </outerBoundaryIs>
        </Polygon>
      </Placemark>
      <Placemark xmlns="http://www.opengis.net/kml/2.2">
        <styleUrl>#Parti singole_style_map</styleUrl>
        <name>F01098</name>
        <Polygon>
          <outerBoundaryIs>
            <LinearRing>
              <coordinates>8.42365339469696,39.3319338774469 8.42376627879463,39.3318826258749 8.42377659210259,39.3318898493839 8.4238146221049,39.3318619608031 8.42379423298279,39.3318426132128 8.42374698889001,39.3318594091731 8.42370249492135,39.3318168390292 8.42360101538162,39.3318837173307 8.42365339469696,39.3319338774469</coordinates>
            </LinearRing>
          </outerBoundaryIs>
        </Polygon>
      </Placemark>
      <Placemark xmlns="http://www.opengis.net/kml/2.2">
        <styleUrl>#Parti singole_style_map</styleUrl>
        <name>F01140</name>
        <Polygon>
          <outerBoundaryIs>
            <LinearRing>
              <coordinates>8.41645407730817,39.3369309834483 8.41648805267202,39.3369336768474 8.41648740792051,39.3369553890819 8.41653733228157,39.3369657313499 8.41654515130032,39.3369463978487 8.4166082086215,39.3369541928949 8.41661910743017,39.3369133395773 8.41646813670388,39.3368868120905 8.41645407730817,39.3369309834483</coordinates>
            </LinearRing>
          </outerBoundaryIs>
        </Polygon>
      </Placemark>
      <Placemark xmlns="http://www.opengis.net/kml/2.2">
        <styleUrl>#Parti singole_style_map</styleUrl>
        <name>F01172</name>
        <Polygon>
          <outerBoundaryIs>
            <LinearRing>
              <coordinates>8.432194227623,39.331157972843 8.43222343477049,39.3311689551378 8.43225743068994,39.3311817448933 8.43234800609435,39.3310317282364 8.43273104813776,39.3311664218277 8.43274814820955,39.3311379506837 8.43278951083567,39.3310690502284 8.4324062815733,39.3309303011527 8.43245426562747,39.3308503861495 8.43235854834886,39.3308157239412 8.4321606480834,39.331145347292 8.432194227623,39.331157972843</coordinates>
            </LinearRing>
          </outerBoundaryIs>
        </Polygon>
      </Placemark>
      <Placemark xmlns="http://www.opengis.net/kml/2.2">
        <styleUrl>#Parti singole_style_map</styleUrl>
        <name>F01168</name>
        <Polygon>
          <outerBoundaryIs>
            <LinearRing>
              <coordinates>8.43191287228682,39.3332911788994 8.43311245812558,39.3328515658346 8.43332890460472,39.3327669749165 8.43328158814118,39.3326981378462 8.43366099488365,39.3325256219626 8.43371072307135,39.332590379819 8.43493655022593,39.3323739134893 8.43487321814737,39.3322152732877 8.43488756468851,39.3322116756803 8.4349515878394,39.332371257939 8.43496013023681,39.332369749403 8.43501124540525,39.3321860646979 8.43509355449921,39.331820004108 8.43499556560251,39.3315902178961 8.43488230969465,39.3314452731524 8.43476422811111,39.3313103516465 8.4346068477039,39.3311396832523 8.43446354936657,39.3309795804359 8.43429513918396,39.330853199068 8.43413516488721,39.3308001325538 8.43407455246484,39.3308133085043 8.43405848947416,39.3308427400138 8.43406689190417,39.3309014217665 8.43418976825802,39.330939332342 8.43440873560561,39.331165760906 8.43447283488046,39.3312684417829 8.43452885961799,39.3313451419048 8.43460684496929,39.3315013860341 8.43446942042537,39.3313624145664 8.43451588834361,39.3314429968441 8.43450750928073,39.3314806834174 8.43458358780054,39.3315611392953 8.43459707567408,39.3315575375491 8.434635567688,39.3316056609351 8.43466197152898,39.3316550320932 8.43471373370082,39.3316329914718 8.4346313938442,39.3315275369245 8.43471781514677,39.3314518805867 8.4346844675528,39.3313671992644 8.4347041873947,39.3313547703898 8.43490580487676,39.3316108936661 8.43487812986904,39.3319756967855 8.43478659166721,39.3319735490335 8.43469673302194,39.3317528847493 8.43464601602174,39.3317618380672 8.43461792039594,39.3317942567435 8.43449428153631,39.3316866370548 8.43435093858301,39.3315736952813 8.43421714135093,39.3314942830828 8.43416068325921,39.3314109218851 8.43417405358858,39.3313902445631 8.43421486510466,39.331356437138 8.43432915755174,39.3312920537269 8.43434222636771,39.3313058854489 8.43438112996999,39.3312813315654 8.43420279990937,39.3311347181285 8.43416739993597,39.3311276618515 8.43402259034402,39.3312125488809 8.43405117394489,39.3312217616096 8.43409961265966,39.3312679512398 8.43411754096374,39.3313064685913 8.43411741200232,39.3313483491498 8.43409927490815,39.3313659216564 8.4340737256529,39.331368887988 8.43399721702991,39.3313921775255 8.43399869203759,39.3313977442317 8.43376867229495,39.3314597619231 8.43376052511412,39.3314557305764 8.43372806656123,39.3313875426755 8.43370014056866,39.3314046619895 8.4337557012224,39.3315057068128 8.43360810275293,39.331553600315 8.43356837149787,39.331483737033 8.43334819835916,39.331610795163 8.43309071966505,39.3316218941062 8.43271904537625,39.3316363642405 8.43271285932023,39.3316366043896 8.43203192254023,39.332062212245 8.43203355165302,39.3320644908657 8.43161552406514,39.3328693013642 8.43191287228682,39.3332911788994</coordinates>
            </LinearRing>
          </outerBoundaryIs>
          <innerBoundaryIs>
            <LinearRing>
              <coordinates>8.43491920620523,39.3320804280916 8.43493964850952,39.3320791577882 8.43494127522846,39.332096150636 8.4349211902616,39.3320977110141 8.43491920620523,39.3320804280916</coordinates>
            </LinearRing>
          </innerBoundaryIs>
          <innerBoundaryIs>
            <LinearRing>
              <coordinates>8.43415255580593,39.3312577114637 8.43415461964812,39.3312535676247 8.43415867081323,39.3312504516487 8.43416402057146,39.331248882799 8.4341697153107,39.3312491357647 8.4341748039624,39.3312511698773 8.43417837287969,39.3312546202693 8.4341798350139,39.331258907408 8.43417890627471,39.331263291044 8.43417577854232,39.3312669972004 8.43417096738909,39.3312693976441 8.434165323173,39.3312700730142 8.43415982147564,39.3312689019079 8.43415540038393,39.3312660961319 8.43415283337708,39.3312621370098 8.43415255580593,39.3312577114637</coordinates>
            </LinearRing>
          </innerBoundaryIs>
          <innerBoundaryIs>
            <LinearRing>
              <coordinates>8.43421540604171,39.3318187997519 8.43424087170788,39.3318463608331 8.43421688015438,39.3318618865115 8.43419263098744,39.3318331059033 8.43421540604171,39.3318187997519</coordinates>
            </LinearRing>
          </innerBoundaryIs>
          <innerBoundaryIs>
            <LinearRing>
              <coordinates>8.43433356287307,39.3318306826801 8.43435931289842,39.3318690307842 8.43431984616463,39.3318856796388 8.43429846249769,39.3318482988718 8.43433356287307,39.3318306826801</coordinates>
            </LinearRing>
          </innerBoundaryIs>
          <innerBoundaryIs>
            <LinearRing>
              <coordinates>8.43433356287307,39.3318306826801 8.43419204664225,39.3317084686978 8.43426767674805,39.3316502767787 8.43433490063914,39.3317122541019 8.43449645505531,39.3318430532968 8.43451431830215,39.3318364272549 8.43455537663505,39.3318727773006 8.43450794981017,39.3318924060693 8.43445164395708,39.3319080990787 8.43444303236498,39.3319055342467 8.43443151438236,39.3319137589701 8.43442347091533,39.3319069258834 8.4343689734093,39.3319141847304 8.43435993237599,39.3318886137899 8.43439155005608,39.3318798740893 8.43433356287307,39.3318306826801</coordinates>
            </LinearRing>
          </innerBoundaryIs>
          <innerBoundaryIs>
            <LinearRing>
              <coordinates>8.4325706686323,39.3322379708331 8.43263609321555,39.3322325141798 8.43263796402709,39.3322608615797 8.43257192472422,39.3322662882036 8.4325706686323,39.3322379708331</coordinates>
            </LinearRing>
          </innerBoundaryIs>
          <innerBoundaryIs>
            <LinearRing>
              <coordinates>8.43209357080734,39.3325060410214 8.43212997752613,39.3325177883449 8.43209476872641,39.3325845200081 8.43205739505665,39.3325718218416 8.43209357080734,39.3325060410214</coordinates>
            </LinearRing>
          </innerBoundaryIs>
          <innerBoundaryIs>
            <LinearRing>
              <coordinates>8.43416721733115,39.3317271710267 8.43421473324619,39.3317684273291 8.43416756650315,39.331800401721 8.43412320380346,39.3317594761096 8.43416721733115,39.3317271710267</coordinates>
            </LinearRing>
          </innerBoundaryIs>
          <innerBoundaryIs>
            <LinearRing>
              <coordinates>8.43376483975425,39.3315335399318 8.43388216793802,39.3315114493905 8.43390065009347,39.3315675941671 8.43387279224885,39.3315729170225 8.43388027726593,39.3315976109125 8.43384722361212,39.3316025777732 8.43384013636498,39.3315791566395 8.43378292408078,39.3315900882663 8.43376483975425,39.3315335399318</coordinates>
            </LinearRing>
          </innerBoundaryIs>
          <innerBoundaryIs>
            <LinearRing>
              <coordinates>8.43436042047195,39.331941760572 8.43458488883536,39.3319050164475 8.43459501787634,39.3319611565511 8.43451269757228,39.3319741641335 8.43451054890255,39.3319658008791 8.43437246382745,39.3319878181519 8.43436042047195,39.331941760572</coordinates>
            </LinearRing>
          </innerBoundaryIs>
          <innerBoundaryIs>
            <LinearRing>
              <coordinates>8.43195642162459,39.3327934125442 8.43200924739439,39.3326674412949 8.43209905582353,39.3326855765665 8.43204375674318,39.3328118060977 8.43203942481463,39.3328108838884 8.43200519728573,39.3328036794991 8.43195642162459,39.3327934125442</coordinates>
            </LinearRing>
          </innerBoundaryIs>
          <innerBoundaryIs>
            <LinearRing>
              <coordinates>8.43390804031682,39.3314972034253 8.43408348142388,39.3314640511545 8.43411854868625,39.3315771063232 8.4341304677465,39.3316155313631 8.434037839848,39.3316305879333 8.43402939714239,39.3316042179356 8.43394718292732,39.3316184961278 8.43394404717693,39.3316088125144 8.43390804031682,39.3314972034253</coordinates>
            </LinearRing>
          </innerBoundaryIs>
          <innerBoundaryIs>
            <LinearRing>
              <coordinates>8.43197991969975,39.3329879665781 8.43208408017744,39.3328184545501 8.43210156842605,39.3328209457562 8.43211445306864,39.3327801096408 8.43213977747506,39.3326960564401 8.43219517976662,39.3327061304007 8.43230560802452,39.3327269071469 8.43220890401132,39.3330317586292 8.43207503053184,39.3330061547925 8.43204276704069,39.3329999781988 8.43197991969975,39.3329879665781</coordinates>
            </LinearRing>
          </innerBoundaryIs>
          <innerBoundaryIs>
            <LinearRing>
              <coordinates>8.43274538781988,39.3325756565021 8.43282109379232,39.3325571394899 8.43288680909485,39.3325530717435 8.43302673426527,39.3324959419674 8.43314366634559,39.3324441243442 8.43340132277161,39.3323453081592 8.43347091887984,39.3325474210611 8.43319558448084,39.3326010893466 8.43318641043409,39.3325733551314 8.43290419878898,39.3326280344421 8.43277117401526,39.332613761842 8.43274443139669,39.3326092793217 8.43274538781988,39.3325756565021</coordinates>
            </LinearRing>
          </innerBoundaryIs>
          <innerBoundaryIs>
            <LinearRing>
              <coordinates>8.43216048550707,39.3326204145996 8.43225981513686,39.3324742342418 8.43238823524835,39.3323663735775 8.43256917947359,39.3323231045412 8.4327216991093,39.3323097288692 8.43271847061682,39.3323301851626 8.43325860318302,39.3323333496652 8.4332598982162,39.3323683710899 8.43304951301966,39.3324496485057 8.43288017959536,39.3325134289126 8.43273191700305,39.3325484149007 8.43262813040551,39.3325514318534 8.4326297137583,39.3325765881045 8.43263313966813,39.3326149358209 8.43263591544044,39.3326418549509 8.43268065501552,39.3326347025073 8.43269436281381,39.3326541601291 8.43269686367226,39.3326576864519 8.43283735858617,39.3326578579607 8.43285046625805,39.3326568315904 8.43287982804859,39.3326545148578 8.43291414731694,39.3326518077996 8.43292760327046,39.3326507560868 8.43304919495115,39.332638319489 8.43306412305252,39.332674767958 8.43306833314274,39.332685024496 8.43282271941663,39.3327851691458 8.43277808778645,39.3327947460159 8.43256894678768,39.3328395988476 8.43235084727337,39.3328386879062 8.43230454511574,39.3327105747895 8.43232853213664,39.3326426439566 8.43237801785796,39.3326583566107 8.43241434249684,39.332637241861 8.43233991048935,39.3325341400207 8.43223206415967,39.3326574370567 8.43216048550707,39.3326204145996</coordinates>
            </LinearRing>
          </innerBoundaryIs>
          <innerBoundaryIs>
            <LinearRing>
              <coordinates>8.43223615871057,39.3321529366519 8.4322744512685,39.3321466899958 8.43223666364276,39.3320977132695 8.43230376513126,39.3320083224198 8.43253377661462,39.3318559044396 8.43273929360342,39.3317867955208 8.43286677403836,39.3317820107769 8.43314774237385,39.3317170894619 8.43323419846066,39.3318614007109 8.43337025588819,39.3320775155552 8.43346871789949,39.3320412409841 8.43364954775167,39.3320177028774 8.43371657984075,39.332020047595 8.43386178725167,39.332054336844 8.43386114522379,39.332080698679 8.43385720540939,39.3321318325715 8.43370118930793,39.3321256667828 8.43369955496047,39.3321455902309 8.43369660453235,39.3321790681956 8.43364968636859,39.3321787496632 8.4335917589943,39.3321466152082 8.43363690696161,39.3321434380501 8.43364222870708,39.3320619902895 8.43347304392058,39.3320529487767 8.43350538090493,39.3321405088976 8.43352422615667,39.332190465227 8.43340665683516,39.3322106529948 8.4334153444673,39.3322397183911 8.43336093725737,39.3322515545795 8.43331282401786,39.3322541044648 8.43326373587646,39.3322624343731 8.43325173926651,39.3322939760288 8.43297295533602,39.3322922029057 8.43295819128457,39.332244086521 8.43277334910717,39.3322758666874 8.43272768562607,39.3322839517622 8.43271933963443,39.332255716955 8.43270423338753,39.3322011563044 8.43244939552343,39.3322197094408 8.43239680526797,39.3321403219178 8.43223730453744,39.3321647551154 8.43223615871057,39.3321529366519</coordinates>
            </LinearRing>
          </innerBoundaryIs>
        </Polygon>
      </Placemark>
      <Placemark xmlns="http://www.opengis.net/kml/2.2">
        <styleUrl>#Parti singole_style_map</styleUrl>
        <name>F01170</name>
        <Polygon>
          <outerBoundaryIs>
            <LinearRing>
              <coordinates>8.43191287228682,39.3332911788994 8.43311245812558,39.3328515658346 8.43332890460472,39.3327669749165 8.43328158814118,39.3326981378462 8.43366099488365,39.3325256219626 8.43371072307135,39.332590379819 8.43493655022593,39.3323739134893 8.43487321814737,39.3322152732877 8.43488756468851,39.3322116756803 8.4349515878394,39.332371257939 8.43496013023681,39.332369749403 8.43501124540525,39.3321860646979 8.43509355449921,39.331820004108 8.43499556560251,39.3315902178961 8.43488230969465,39.3314452731524 8.43476422811111,39.3313103516465 8.4346068477039,39.3311396832523 8.43446354936657,39.3309795804359 8.43429513918396,39.330853199068 8.43413516488721,39.3308001325538 8.43407455246484,39.3308133085043 8.43405848947416,39.3308427400138 8.43406689190417,39.3309014217665 8.43418976825802,39.330939332342 8.43440873560561,39.331165760906 8.43447283488046,39.3312684417829 8.43452885961799,39.3313451419048 8.43460684496929,39.3315013860341 8.43446942042537,39.3313624145664 8.43451588834361,39.3314429968441 8.43450750928073,39.3314806834174 8.43458358780054,39.3315611392953 8.43459707567408,39.3315575375491 8.434635567688,39.3316056609351 8.43466197152898,39.3316550320932 8.43471373370082,39.3316329914718 8.4346313938442,39.3315275369245 8.43471781514677,39.3314518805867 8.4346844675528,39.3313671992644 8.4347041873947,39.3313547703898 8.43490580487676,39.3316108936661 8.43487812986904,39.3319756967855 8.43478659166721,39.3319735490335 8.43469673302194,39.3317528847493 8.43464601602174,39.3317618380672 8.43461792039594,39.3317942567435 8.43449428153631,39.3316866370548 8.43435093858301,39.3315736952813 8.43421714135093,39.3314942830828 8.43416068325921,39.3314109218851 8.43417405358858,39.3313902445631 8.43421486510466,39.331356437138 8.43432915755174,39.3312920537269 8.43434222636771,39.3313058854489 8.43438112996999,39.3312813315654 8.43420279990937,39.3311347181285 8.43416739993597,39.3311276618515 8.43402259034402,39.3312125488809 8.43405117394489,39.3312217616096 8.43409961265966,39.3312679512398 8.43411754096374,39.3313064685913 8.43411741200232,39.3313483491498 8.43409927490815,39.3313659216564 8.4340737256529,39.331368887988 8.43399721702991,39.3313921775255 8.43399869203759,39.3313977442317 8.43376867229495,39.3314597619231 8.43376052511412,39.3314557305764 8.43372806656123,39.3313875426755 8.43370014056866,39.3314046619895 8.4337557012224,39.3315057068128 8.43360810275293,39.331553600315 8.43356837149787,39.331483737033 8.43334819835916,39.331610795163 8.43309071966505,39.3316218941062 8.43271904537625,39.3316363642405 8.43271285932023,39.3316366043896 8.43203192254023,39.332062212245 8.43203355165302,39.3320644908657 8.43161552406514,39.3328693013642 8.43191287228682,39.3332911788994</coordinates>
            </LinearRing>
          </outerBoundaryIs>
          <innerBoundaryIs>
            <LinearRing>
              <coordinates>8.43491920620523,39.3320804280916 8.43493964850952,39.3320791577882 8.43494127522846,39.332096150636 8.4349211902616,39.3320977110141 8.43491920620523,39.3320804280916</coordinates>
            </LinearRing>
          </innerBoundaryIs>
          <innerBoundaryIs>
            <LinearRing>
              <coordinates>8.43415255580593,39.3312577114637 8.43415461964812,39.3312535676247 8.43415867081323,39.3312504516487 8.43416402057146,39.331248882799 8.4341697153107,39.3312491357647 8.4341748039624,39.3312511698773 8.43417837287969,39.3312546202693 8.4341798350139,39.331258907408 8.43417890627471,39.331263291044 8.43417577854232,39.3312669972004 8.43417096738909,39.3312693976441 8.434165323173,39.3312700730142 8.43415982147564,39.3312689019079 8.43415540038393,39.3312660961319 8.43415283337708,39.3312621370098 8.43415255580593,39.3312577114637</coordinates>
            </LinearRing>
          </innerBoundaryIs>
          <innerBoundaryIs>
            <LinearRing>
              <coordinates>8.43421540604171,39.3318187997519 8.43424087170788,39.3318463608331 8.43421688015438,39.3318618865115 8.43419263098744,39.3318331059033 8.43421540604171,39.3318187997519</coordinates>
            </LinearRing>
          </innerBoundaryIs>
          <innerBoundaryIs>
            <LinearRing>
              <coordinates>8.43433356287307,39.3318306826801 8.43435931289842,39.3318690307842 8.43431984616463,39.3318856796388 8.43429846249769,39.3318482988718 8.43433356287307,39.3318306826801</coordinates>
            </LinearRing>
          </innerBoundaryIs>
          <innerBoundaryIs>
            <LinearRing>
              <coordinates>8.43433356287307,39.3318306826801 8.43419204664225,39.3317084686978 8.43426767674805,39.3316502767787 8.43433490063914,39.3317122541019 8.43449645505531,39.3318430532968 8.43451431830215,39.3318364272549 8.43455537663505,39.3318727773006 8.43450794981017,39.3318924060693 8.43445164395708,39.3319080990787 8.43444303236498,39.3319055342467 8.43443151438236,39.3319137589701 8.43442347091533,39.3319069258834 8.4343689734093,39.3319141847304 8.43435993237599,39.3318886137899 8.43439155005608,39.3318798740893 8.43433356287307,39.3318306826801</coordinates>
            </LinearRing>
          </innerBoundaryIs>
          <innerBoundaryIs>
            <LinearRing>
              <coordinates>8.4325706686323,39.3322379708331 8.43263609321555,39.3322325141798 8.43263796402709,39.3322608615797 8.43257192472422,39.3322662882036 8.4325706686323,39.3322379708331</coordinates>
            </LinearRing>
          </innerBoundaryIs>
          <innerBoundaryIs>
            <LinearRing>
              <coordinates>8.43209357080734,39.3325060410214 8.43212997752613,39.3325177883449 8.43209476872641,39.3325845200081 8.43205739505665,39.3325718218416 8.43209357080734,39.3325060410214</coordinates>
            </LinearRing>
          </innerBoundaryIs>
          <innerBoundaryIs>
            <LinearRing>
              <coordinates>8.43416721733115,39.3317271710267 8.43421473324619,39.3317684273291 8.43416756650315,39.331800401721 8.43412320380346,39.3317594761096 8.43416721733115,39.3317271710267</coordinates>
            </LinearRing>
          </innerBoundaryIs>
          <innerBoundaryIs>
            <LinearRing>
              <coordinates>8.43376483975425,39.3315335399318 8.43388216793802,39.3315114493905 8.43390065009347,39.3315675941671 8.43387279224885,39.3315729170225 8.43388027726593,39.3315976109125 8.43384722361212,39.3316025777732 8.43384013636498,39.3315791566395 8.43378292408078,39.3315900882663 8.43376483975425,39.3315335399318</coordinates>
            </LinearRing>
          </innerBoundaryIs>
          <innerBoundaryIs>
            <LinearRing>
              <coordinates>8.43436042047195,39.331941760572 8.43458488883536,39.3319050164475 8.43459501787634,39.3319611565511 8.43451269757228,39.3319741641335 8.43451054890255,39.3319658008791 8.43437246382745,39.3319878181519 8.43436042047195,39.331941760572</coordinates>
            </LinearRing>
          </innerBoundaryIs>
          <innerBoundaryIs>
            <LinearRing>
              <coordinates>8.43195642162459,39.3327934125442 8.43200924739439,39.3326674412949 8.43209905582353,39.3326855765665 8.43204375674318,39.3328118060977 8.43203942481463,39.3328108838884 8.43200519728573,39.3328036794991 8.43195642162459,39.3327934125442</coordinates>
            </LinearRing>
          </innerBoundaryIs>
          <innerBoundaryIs>
            <LinearRing>
              <coordinates>8.43390804031682,39.3314972034253 8.43408348142388,39.3314640511545 8.43411854868625,39.3315771063232 8.4341304677465,39.3316155313631 8.434037839848,39.3316305879333 8.43402939714239,39.3316042179356 8.43394718292732,39.3316184961278 8.43394404717693,39.3316088125144 8.43390804031682,39.3314972034253</coordinates>
            </LinearRing>
          </innerBoundaryIs>
          <innerBoundaryIs>
            <LinearRing>
              <coordinates>8.43197991969975,39.3329879665781 8.43208408017744,39.3328184545501 8.43210156842605,39.3328209457562 8.43211445306864,39.3327801096408 8.43213977747506,39.3326960564401 8.43219517976662,39.3327061304007 8.43230560802452,39.3327269071469 8.43220890401132,39.3330317586292 8.43207503053184,39.3330061547925 8.43204276704069,39.3329999781988 8.43197991969975,39.3329879665781</coordinates>
            </LinearRing>
          </innerBoundaryIs>
          <innerBoundaryIs>
            <LinearRing>
              <coordinates>8.43274538781988,39.3325756565021 8.43282109379232,39.3325571394899 8.43288680909485,39.3325530717435 8.43302673426527,39.3324959419674 8.43314366634559,39.3324441243442 8.43340132277161,39.3323453081592 8.43347091887984,39.3325474210611 8.43319558448084,39.3326010893466 8.43318641043409,39.3325733551314 8.43290419878898,39.3326280344421 8.43277117401526,39.332613761842 8.43274443139669,39.3326092793217 8.43274538781988,39.3325756565021</coordinates>
            </LinearRing>
          </innerBoundaryIs>
          <innerBoundaryIs>
            <LinearRing>
              <coordinates>8.43216048550707,39.3326204145996 8.43225981513686,39.3324742342418 8.43238823524835,39.3323663735775 8.43256917947359,39.3323231045412 8.4327216991093,39.3323097288692 8.43271847061682,39.3323301851626 8.43325860318302,39.3323333496652 8.4332598982162,39.3323683710899 8.43304951301966,39.3324496485057 8.43288017959536,39.3325134289126 8.43273191700305,39.3325484149007 8.43262813040551,39.3325514318534 8.4326297137583,39.3325765881045 8.43263313966813,39.3326149358209 8.43263591544044,39.3326418549509 8.43268065501552,39.3326347025073 8.43269436281381,39.3326541601291 8.43269686367226,39.3326576864519 8.43283735858617,39.3326578579607 8.43285046625805,39.3326568315904 8.43287982804859,39.3326545148578 8.43291414731694,39.3326518077996 8.43292760327046,39.3326507560868 8.43304919495115,39.332638319489 8.43306412305252,39.332674767958 8.43306833314274,39.332685024496 8.43282271941663,39.3327851691458 8.43277808778645,39.3327947460159 8.43256894678768,39.3328395988476 8.43235084727337,39.3328386879062 8.43230454511574,39.3327105747895 8.43232853213664,39.3326426439566 8.43237801785796,39.3326583566107 8.43241434249684,39.332637241861 8.43233991048935,39.3325341400207 8.43223206415967,39.3326574370567 8.43216048550707,39.3326204145996</coordinates>
            </LinearRing>
          </innerBoundaryIs>
          <innerBoundaryIs>
            <LinearRing>
              <coordinates>8.43223615871057,39.3321529366519 8.4322744512685,39.3321466899958 8.43223666364276,39.3320977132695 8.43230376513126,39.3320083224198 8.43253377661462,39.3318559044396 8.43273929360342,39.3317867955208 8.43286677403836,39.3317820107769 8.43314774237385,39.3317170894619 8.43323419846066,39.3318614007109 8.43337025588819,39.3320775155552 8.43346871789949,39.3320412409841 8.43364954775167,39.3320177028774 8.43371657984075,39.332020047595 8.43386178725167,39.332054336844 8.43386114522379,39.332080698679 8.43385720540939,39.3321318325715 8.43370118930793,39.3321256667828 8.43369955496047,39.3321455902309 8.43369660453235,39.3321790681956 8.43364968636859,39.3321787496632 8.4335917589943,39.3321466152082 8.43363690696161,39.3321434380501 8.43364222870708,39.3320619902895 8.43347304392058,39.3320529487767 8.43350538090493,39.3321405088976 8.43352422615667,39.332190465227 8.43340665683516,39.3322106529948 8.4334153444673,39.3322397183911 8.43336093725737,39.3322515545795 8.43331282401786,39.3322541044648 8.43326373587646,39.3322624343731 8.43325173926651,39.3322939760288 8.43297295533602,39.3322922029057 8.43295819128457,39.332244086521 8.43277334910717,39.3322758666874 8.43272768562607,39.3322839517622 8.43271933963443,39.332255716955 8.43270423338753,39.3322011563044 8.43244939552343,39.3322197094408 8.43239680526797,39.3321403219178 8.43223730453744,39.3321647551154 8.43223615871057,39.3321529366519</coordinates>
            </LinearRing>
          </innerBoundaryIs>
        </Polygon>
      </Placemark>
      <Placemark xmlns="http://www.opengis.net/kml/2.2">
        <styleUrl>#Parti singole_style_map</styleUrl>
        <name>F01143</name>
        <Polygon>
          <outerBoundaryIs>
            <LinearRing>
              <coordinates>8.41693096752637,39.3369234464554 8.41694903162647,39.3369163208415 8.41701158138112,39.3369911762761 8.41707195823099,39.3369593258192 8.41696957809835,39.3368328208875 8.41690565234712,39.3368644072585 8.41692269542516,39.3368848033495 8.41690553062496,39.3368931334075 8.41693096752637,39.3369234464554</coordinates>
            </LinearRing>
          </outerBoundaryIs>
        </Polygon>
      </Placemark>
      <Placemark xmlns="http://www.opengis.net/kml/2.2">
        <styleUrl>#Parti singole_style_map</styleUrl>
        <name>F01175</name>
        <Polygon>
          <outerBoundaryIs>
            <LinearRing>
              <coordinates>8.43191287228682,39.3332911788994 8.43311245812558,39.3328515658346 8.43332890460472,39.3327669749165 8.43328158814118,39.3326981378462 8.43366099488365,39.3325256219626 8.43371072307135,39.332590379819 8.43493655022593,39.3323739134893 8.43487321814737,39.3322152732877 8.43488756468851,39.3322116756803 8.4349515878394,39.332371257939 8.43496013023681,39.332369749403 8.43501124540525,39.3321860646979 8.43509355449921,39.331820004108 8.43499556560251,39.3315902178961 8.43488230969465,39.3314452731524 8.43476422811111,39.3313103516465 8.4346068477039,39.3311396832523 8.43446354936657,39.3309795804359 8.43429513918396,39.330853199068 8.43413516488721,39.3308001325538 8.43407455246484,39.3308133085043 8.43405848947416,39.3308427400138 8.43406689190417,39.3309014217665 8.43418976825802,39.330939332342 8.43440873560561,39.331165760906 8.43447283488046,39.3312684417829 8.43452885961799,39.3313451419048 8.43460684496929,39.3315013860341 8.43446942042537,39.3313624145664 8.43451588834361,39.3314429968441 8.43450750928073,39.3314806834174 8.43458358780054,39.3315611392953 8.43459707567408,39.3315575375491 8.434635567688,39.3316056609351 8.43466197152898,39.3316550320932 8.43471373370082,39.3316329914718 8.4346313938442,39.3315275369245 8.43471781514677,39.3314518805867 8.4346844675528,39.3313671992644 8.4347041873947,39.3313547703898 8.43490580487676,39.3316108936661 8.43487812986904,39.3319756967855 8.43478659166721,39.3319735490335 8.43469673302194,39.3317528847493 8.43464601602174,39.3317618380672 8.43461792039594,39.3317942567435 8.43449428153631,39.3316866370548 8.43435093858301,39.3315736952813 8.43421714135093,39.3314942830828 8.43416068325921,39.3314109218851 8.43417405358858,39.3313902445631 8.43421486510466,39.331356437138 8.43432915755174,39.3312920537269 8.43434222636771,39.3313058854489 8.43438112996999,39.3312813315654 8.43420279990937,39.3311347181285 8.43416739993597,39.3311276618515 8.43402259034402,39.3312125488809 8.43405117394489,39.3312217616096 8.43409961265966,39.3312679512398 8.43411754096374,39.3313064685913 8.43411741200232,39.3313483491498 8.43409927490815,39.3313659216564 8.4340737256529,39.331368887988 8.43399721702991,39.3313921775255 8.43399869203759,39.3313977442317 8.43376867229495,39.3314597619231 8.43376052511412,39.3314557305764 8.43372806656123,39.3313875426755 8.43370014056866,39.3314046619895 8.4337557012224,39.3315057068128 8.43360810275293,39.331553600315 8.43356837149787,39.331483737033 8.43334819835916,39.331610795163 8.43309071966505,39.3316218941062 8.43271904537625,39.3316363642405 8.43271285932023,39.3316366043896 8.43203192254023,39.332062212245 8.43203355165302,39.3320644908657 8.43161552406514,39.3328693013642 8.43191287228682,39.3332911788994</coordinates>
            </LinearRing>
          </outerBoundaryIs>
          <innerBoundaryIs>
            <LinearRing>
              <coordinates>8.43491920620523,39.3320804280916 8.43493964850952,39.3320791577882 8.43494127522846,39.332096150636 8.4349211902616,39.3320977110141 8.43491920620523,39.3320804280916</coordinates>
            </LinearRing>
          </innerBoundaryIs>
          <innerBoundaryIs>
            <LinearRing>
              <coordinates>8.43415255580593,39.3312577114637 8.43415461964812,39.3312535676247 8.43415867081323,39.3312504516487 8.43416402057146,39.331248882799 8.4341697153107,39.3312491357647 8.4341748039624,39.3312511698773 8.43417837287969,39.3312546202693 8.4341798350139,39.331258907408 8.43417890627471,39.331263291044 8.43417577854232,39.3312669972004 8.43417096738909,39.3312693976441 8.434165323173,39.3312700730142 8.43415982147564,39.3312689019079 8.43415540038393,39.3312660961319 8.43415283337708,39.3312621370098 8.43415255580593,39.3312577114637</coordinates>
            </LinearRing>
          </innerBoundaryIs>
          <innerBoundaryIs>
            <LinearRing>
              <coordinates>8.43421540604171,39.3318187997519 8.43424087170788,39.3318463608331 8.43421688015438,39.3318618865115 8.43419263098744,39.3318331059033 8.43421540604171,39.3318187997519</coordinates>
            </LinearRing>
          </innerBoundaryIs>
          <innerBoundaryIs>
            <LinearRing>
              <coordinates>8.43433356287307,39.3318306826801 8.43435931289842,39.3318690307842 8.43431984616463,39.3318856796388 8.43429846249769,39.3318482988718 8.43433356287307,39.3318306826801</coordinates>
            </LinearRing>
          </innerBoundaryIs>
          <innerBoundaryIs>
            <LinearRing>
              <coordinates>8.43433356287307,39.3318306826801 8.43419204664225,39.3317084686978 8.43426767674805,39.3316502767787 8.43433490063914,39.3317122541019 8.43449645505531,39.3318430532968 8.43451431830215,39.3318364272549 8.43455537663505,39.3318727773006 8.43450794981017,39.3318924060693 8.43445164395708,39.3319080990787 8.43444303236498,39.3319055342467 8.43443151438236,39.3319137589701 8.43442347091533,39.3319069258834 8.4343689734093,39.3319141847304 8.43435993237599,39.3318886137899 8.43439155005608,39.3318798740893 8.43433356287307,39.3318306826801</coordinates>
            </LinearRing>
          </innerBoundaryIs>
          <innerBoundaryIs>
            <LinearRing>
              <coordinates>8.4325706686323,39.3322379708331 8.43263609321555,39.3322325141798 8.43263796402709,39.3322608615797 8.43257192472422,39.3322662882036 8.4325706686323,39.3322379708331</coordinates>
            </LinearRing>
          </innerBoundaryIs>
          <innerBoundaryIs>
            <LinearRing>
              <coordinates>8.43209357080734,39.3325060410214 8.43212997752613,39.3325177883449 8.43209476872641,39.3325845200081 8.43205739505665,39.3325718218416 8.43209357080734,39.3325060410214</coordinates>
            </LinearRing>
          </innerBoundaryIs>
          <innerBoundaryIs>
            <LinearRing>
              <coordinates>8.43416721733115,39.3317271710267 8.43421473324619,39.3317684273291 8.43416756650315,39.331800401721 8.43412320380346,39.3317594761096 8.43416721733115,39.3317271710267</coordinates>
            </LinearRing>
          </innerBoundaryIs>
          <innerBoundaryIs>
            <LinearRing>
              <coordinates>8.43376483975425,39.3315335399318 8.43388216793802,39.3315114493905 8.43390065009347,39.3315675941671 8.43387279224885,39.3315729170225 8.43388027726593,39.3315976109125 8.43384722361212,39.3316025777732 8.43384013636498,39.3315791566395 8.43378292408078,39.3315900882663 8.43376483975425,39.3315335399318</coordinates>
            </LinearRing>
          </innerBoundaryIs>
          <innerBoundaryIs>
            <LinearRing>
              <coordinates>8.43436042047195,39.331941760572 8.43458488883536,39.3319050164475 8.43459501787634,39.3319611565511 8.43451269757228,39.3319741641335 8.43451054890255,39.3319658008791 8.43437246382745,39.3319878181519 8.43436042047195,39.331941760572</coordinates>
            </LinearRing>
          </innerBoundaryIs>
          <innerBoundaryIs>
            <LinearRing>
              <coordinates>8.43195642162459,39.3327934125442 8.43200924739439,39.3326674412949 8.43209905582353,39.3326855765665 8.43204375674318,39.3328118060977 8.43203942481463,39.3328108838884 8.43200519728573,39.3328036794991 8.43195642162459,39.3327934125442</coordinates>
            </LinearRing>
          </innerBoundaryIs>
          <innerBoundaryIs>
            <LinearRing>
              <coordinates>8.43390804031682,39.3314972034253 8.43408348142388,39.3314640511545 8.43411854868625,39.3315771063232 8.4341304677465,39.3316155313631 8.434037839848,39.3316305879333 8.43402939714239,39.3316042179356 8.43394718292732,39.3316184961278 8.43394404717693,39.3316088125144 8.43390804031682,39.3314972034253</coordinates>
            </LinearRing>
          </innerBoundaryIs>
          <innerBoundaryIs>
            <LinearRing>
              <coordinates>8.43197991969975,39.3329879665781 8.43208408017744,39.3328184545501 8.43210156842605,39.3328209457562 8.43211445306864,39.3327801096408 8.43213977747506,39.3326960564401 8.43219517976662,39.3327061304007 8.43230560802452,39.3327269071469 8.43220890401132,39.3330317586292 8.43207503053184,39.3330061547925 8.43204276704069,39.3329999781988 8.43197991969975,39.3329879665781</coordinates>
            </LinearRing>
          </innerBoundaryIs>
          <innerBoundaryIs>
            <LinearRing>
              <coordinates>8.43274538781988,39.3325756565021 8.43282109379232,39.3325571394899 8.43288680909485,39.3325530717435 8.43302673426527,39.3324959419674 8.43314366634559,39.3324441243442 8.43340132277161,39.3323453081592 8.43347091887984,39.3325474210611 8.43319558448084,39.3326010893466 8.43318641043409,39.3325733551314 8.43290419878898,39.3326280344421 8.43277117401526,39.332613761842 8.43274443139669,39.3326092793217 8.43274538781988,39.3325756565021</coordinates>
            </LinearRing>
          </innerBoundaryIs>
          <innerBoundaryIs>
            <LinearRing>
              <coordinates>8.43216048550707,39.3326204145996 8.43225981513686,39.3324742342418 8.43238823524835,39.3323663735775 8.43256917947359,39.3323231045412 8.4327216991093,39.3323097288692 8.43271847061682,39.3323301851626 8.43325860318302,39.3323333496652 8.4332598982162,39.3323683710899 8.43304951301966,39.3324496485057 8.43288017959536,39.3325134289126 8.43273191700305,39.3325484149007 8.43262813040551,39.3325514318534 8.4326297137583,39.3325765881045 8.43263313966813,39.3326149358209 8.43263591544044,39.3326418549509 8.43268065501552,39.3326347025073 8.43269436281381,39.3326541601291 8.43269686367226,39.3326576864519 8.43283735858617,39.3326578579607 8.43285046625805,39.3326568315904 8.43287982804859,39.3326545148578 8.43291414731694,39.3326518077996 8.43292760327046,39.3326507560868 8.43304919495115,39.332638319489 8.43306412305252,39.332674767958 8.43306833314274,39.332685024496 8.43282271941663,39.3327851691458 8.43277808778645,39.3327947460159 8.43256894678768,39.3328395988476 8.43235084727337,39.3328386879062 8.43230454511574,39.3327105747895 8.43232853213664,39.3326426439566 8.43237801785796,39.3326583566107 8.43241434249684,39.332637241861 8.43233991048935,39.3325341400207 8.43223206415967,39.3326574370567 8.43216048550707,39.3326204145996</coordinates>
            </LinearRing>
          </innerBoundaryIs>
          <innerBoundaryIs>
            <LinearRing>
              <coordinates>8.43223615871057,39.3321529366519 8.4322744512685,39.3321466899958 8.43223666364276,39.3320977132695 8.43230376513126,39.3320083224198 8.43253377661462,39.3318559044396 8.43273929360342,39.3317867955208 8.43286677403836,39.3317820107769 8.43314774237385,39.3317170894619 8.43323419846066,39.3318614007109 8.43337025588819,39.3320775155552 8.43346871789949,39.3320412409841 8.43364954775167,39.3320177028774 8.43371657984075,39.332020047595 8.43386178725167,39.332054336844 8.43386114522379,39.332080698679 8.43385720540939,39.3321318325715 8.43370118930793,39.3321256667828 8.43369955496047,39.3321455902309 8.43369660453235,39.3321790681956 8.43364968636859,39.3321787496632 8.4335917589943,39.3321466152082 8.43363690696161,39.3321434380501 8.43364222870708,39.3320619902895 8.43347304392058,39.3320529487767 8.43350538090493,39.3321405088976 8.43352422615667,39.332190465227 8.43340665683516,39.3322106529948 8.4334153444673,39.3322397183911 8.43336093725737,39.3322515545795 8.43331282401786,39.3322541044648 8.43326373587646,39.3322624343731 8.43325173926651,39.3322939760288 8.43297295533602,39.3322922029057 8.43295819128457,39.332244086521 8.43277334910717,39.3322758666874 8.43272768562607,39.3322839517622 8.43271933963443,39.332255716955 8.43270423338753,39.3322011563044 8.43244939552343,39.3322197094408 8.43239680526797,39.3321403219178 8.43223730453744,39.3321647551154 8.43223615871057,39.3321529366519</coordinates>
            </LinearRing>
          </innerBoundaryIs>
        </Polygon>
      </Placemark>
      <Placemark xmlns="http://www.opengis.net/kml/2.2">
        <styleUrl>#Parti singole_style_map</styleUrl>
        <name>F01156</name>
        <Polygon>
          <outerBoundaryIs>
            <LinearRing>
              <coordinates>8.43394404717693,39.3316088125144 8.43394718292732,39.3316184961278 8.43402939714239,39.3316042179356 8.434037839848,39.3316305879333 8.4341304677465,39.3316155313631 8.43411854868625,39.3315771063232 8.43408348142388,39.3314640511545 8.43390804031682,39.3314972034253 8.43394404717693,39.3316088125144</coordinates>
            </LinearRing>
          </outerBoundaryIs>
        </Polygon>
      </Placemark>
      <Placemark xmlns="http://www.opengis.net/kml/2.2">
        <styleUrl>#Parti singole_style_map</styleUrl>
        <name>F01165</name>
        <Polygon>
          <outerBoundaryIs>
            <LinearRing>
              <coordinates>8.4322341332852,39.3341335871394 8.43247907681672,39.3340194470714 8.43245220741105,39.3339846793142 8.43242997372892,39.3339950411213 8.4323123995438,39.3340498283631 8.43221011741619,39.3340974906793 8.4322341332852,39.3341335871394</coordinates>
            </LinearRing>
          </outerBoundaryIs>
        </Polygon>
      </Placemark>
      <Placemark xmlns="http://www.opengis.net/kml/2.2">
        <styleUrl>#Parti singole_style_map</styleUrl>
        <name>F01173</name>
        <Polygon>
          <outerBoundaryIs>
            <LinearRing>
              <coordinates>8.43004308195176,39.3317927253845 8.43008314127237,39.3318063789751 8.43009988005393,39.3317819931389 8.43005744794538,39.3317695513204 8.43004308195176,39.3317927253845</coordinates>
            </LinearRing>
          </outerBoundaryIs>
        </Polygon>
      </Placemark>
      <Placemark xmlns="http://www.opengis.net/kml/2.2">
        <styleUrl>#Parti singole_style_map</styleUrl>
        <name>F01176</name>
        <Polygon>
          <outerBoundaryIs>
            <LinearRing>
              <coordinates>8.43251021241061,39.3340068935515 8.43255367639976,39.3339893664068 8.43252794634885,39.3339568209988 8.43248682056723,39.3339774180217 8.43251021241061,39.3340068935515</coordinates>
            </LinearRing>
          </outerBoundaryIs>
        </Polygon>
      </Placemark>
      <Placemark xmlns="http://www.opengis.net/kml/2.2">
        <styleUrl>#Parti singole_style_map</styleUrl>
        <name>F01821</name>
        <Polygon>
          <outerBoundaryIs>
            <LinearRing>
              <coordinates>8.4395995386546,39.3455248046618 8.43964687997545,39.345528474784 8.43966087950784,39.3454306514825 8.43961359951393,39.3454265761863 8.4395995386546,39.3455248046618</coordinates>
            </LinearRing>
          </outerBoundaryIs>
        </Polygon>
      </Placemark>
      <Placemark xmlns="http://www.opengis.net/kml/2.2">
        <styleUrl>#Parti singole_style_map</styleUrl>
        <name>F01824</name>
        <Polygon>
          <outerBoundaryIs>
            <LinearRing>
              <coordinates>8.43929400514807,39.3440985819338 8.43935908697041,39.3441169978801 8.43936766980237,39.3440986937418 8.43941662706585,39.3441134907813 8.43944435985457,39.3440556775026 8.43939485853046,39.3440407156622 8.43941331378806,39.3440039153622 8.43934811471222,39.3439842103703 8.43931985711334,39.3440466975797 8.43929400514807,39.3440985819338</coordinates>
            </LinearRing>
          </outerBoundaryIs>
        </Polygon>
      </Placemark>
      <Placemark xmlns="http://www.opengis.net/kml/2.2">
        <styleUrl>#Parti singole_style_map</styleUrl>
        <name>F01825</name>
        <Polygon>
          <outerBoundaryIs>
            <LinearRing>
              <coordinates>8.43983095100038,39.3432264054941 8.43988823510188,39.3430892251843 8.43983379853915,39.3430762130773 8.43977720478985,39.3432112161287 8.43983095100038,39.3432264054941</coordinates>
            </LinearRing>
          </outerBoundaryIs>
        </Polygon>
      </Placemark>
      <Placemark xmlns="http://www.opengis.net/kml/2.2">
        <styleUrl>#Parti singole_style_map</styleUrl>
        <name>F01826</name>
        <Polygon>
          <outerBoundaryIs>
            <LinearRing>
              <coordinates>8.43954965672037,39.3440226025522 8.43960363415253,39.3440394240481 8.43962929210241,39.34398419577 8.43957423459258,39.343967486219 8.43954965672037,39.3440226025522</coordinates>
            </LinearRing>
          </outerBoundaryIs>
        </Polygon>
      </Placemark>
      <Placemark xmlns="http://www.opengis.net/kml/2.2">
        <styleUrl>#Parti singole_style_map</styleUrl>
        <name>F01822</name>
        <Polygon>
          <outerBoundaryIs>
            <LinearRing>
              <coordinates>8.43952476812476,39.3448280270161 8.43957246644654,39.3448189128991 8.43954352551004,39.3447577989673 8.43950011970626,39.3447685196173 8.43952476812476,39.3448280270161</coordinates>
            </LinearRing>
          </outerBoundaryIs>
        </Polygon>
      </Placemark>
      <Placemark xmlns="http://www.opengis.net/kml/2.2">
        <styleUrl>#Parti singole_style_map</styleUrl>
        <name>F01823</name>
        <Polygon>
          <outerBoundaryIs>
            <LinearRing>
              <coordinates>8.43943567397031,39.3446443228038 8.43949462854651,39.344768790504 8.43950011970626,39.3447685196173 8.43954352551004,39.3447577989673 8.43952913481349,39.3447274270995 8.43952045799823,39.3447298992352 8.43947645046609,39.3446344274888 8.43943567397031,39.3446443228038</coordinates>
            </LinearRing>
          </outerBoundaryIs>
        </Polygon>
      </Placemark>
      <Placemark xmlns="http://www.opengis.net/kml/2.2">
        <styleUrl>#Parti singole_style_map</styleUrl>
        <name>F01935</name>
        <Polygon>
          <outerBoundaryIs>
            <LinearRing>
              <coordinates>8.43555139434864,39.3214077508904 8.43557300421657,39.3213373658347 8.43553200664662,39.3213273273371 8.43552460652384,39.3213488177478 8.43555139434864,39.3214077508904</coordinates>
            </LinearRing>
          </outerBoundaryIs>
        </Polygon>
      </Placemark>
      <Placemark xmlns="http://www.opengis.net/kml/2.2">
        <styleUrl>#Parti singole_style_map</styleUrl>
        <name>F01936</name>
        <Polygon>
          <outerBoundaryIs>
            <LinearRing>
              <coordinates>8.43555139434864,39.3214077508904 8.43557300421657,39.3213373658347 8.43553200664662,39.3213273273371 8.43552460652384,39.3213488177478 8.43555139434864,39.3214077508904</coordinates>
            </LinearRing>
          </outerBoundaryIs>
        </Polygon>
      </Placemark>
      <Placemark xmlns="http://www.opengis.net/kml/2.2">
        <styleUrl>#Parti singole_style_map</styleUrl>
        <name>F01937</name>
        <Polygon>
          <outerBoundaryIs>
            <LinearRing>
              <coordinates>8.43555139434864,39.3214077508904 8.43557300421657,39.3213373658347 8.43553200664662,39.3213273273371 8.43552460652384,39.3213488177478 8.43555139434864,39.3214077508904</coordinates>
            </LinearRing>
          </outerBoundaryIs>
        </Polygon>
      </Placemark>
      <Placemark xmlns="http://www.opengis.net/kml/2.2">
        <styleUrl>#Parti singole_style_map</styleUrl>
        <name>F01938</name>
        <Polygon>
          <outerBoundaryIs>
            <LinearRing>
              <coordinates>8.43278495651635,39.330390475884 8.43279216835122,39.3303788336794 8.43279622411283,39.3303734965129 8.43273881805109,39.3303574211919 8.43278495651635,39.330390475884</coordinates>
            </LinearRing>
          </outerBoundaryIs>
        </Polygon>
      </Placemark>
      <Placemark xmlns="http://www.opengis.net/kml/2.2">
        <styleUrl>#Parti singole_style_map</styleUrl>
        <name>F01939</name>
        <Polygon>
          <outerBoundaryIs>
            <LinearRing>
              <coordinates>8.43546865719166,39.321244834266 8.43561022163693,39.3212014953849 8.43559828275789,39.321159184781 8.43545550558235,39.3212175296012 8.43546865719166,39.321244834266</coordinates>
            </LinearRing>
          </outerBoundaryIs>
        </Polygon>
      </Placemark>
      <Placemark xmlns="http://www.opengis.net/kml/2.2">
        <styleUrl>#Parti singole_style_map</styleUrl>
        <name>F01940</name>
        <Polygon>
          <outerBoundaryIs>
            <LinearRing>
              <coordinates>8.43610805901102,39.3196633944666 8.43610543161205,39.3196907578706 8.43613777868392,39.3196940319087 8.43614005202163,39.3196664239228 8.43613951726113,39.3196607897054 8.43610805901102,39.3196633944666</coordinates>
            </LinearRing>
          </outerBoundaryIs>
        </Polygon>
      </Placemark>
      <Placemark xmlns="http://www.opengis.net/kml/2.2">
        <styleUrl>#Parti singole_style_map</styleUrl>
        <name>F01830</name>
        <Polygon>
          <outerBoundaryIs>
            <LinearRing>
              <coordinates>8.43066425817687,39.3314250379608 8.43081978602677,39.3313538676108 8.43078759711615,39.3313128651385 8.43063388703116,39.3313845128938 8.43066425817687,39.3314250379608</coordinates>
            </LinearRing>
          </outerBoundaryIs>
        </Polygon>
      </Placemark>
      <Placemark xmlns="http://www.opengis.net/kml/2.2">
        <styleUrl>#Parti singole_style_map</styleUrl>
        <name>F01828</name>
        <Polygon>
          <outerBoundaryIs>
            <LinearRing>
              <coordinates>8.43262222152699,39.3306408624529 8.43281337863529,39.3307373158703 8.43284819996908,39.3307068316501 8.4330268471867,39.3308122793578 8.43306149647429,39.3307772348806 8.43296409319474,39.3307185968021 8.4328881932806,39.3306709302423 8.43267855565948,39.3305713772822 8.43262222152699,39.3306408624529</coordinates>
            </LinearRing>
          </outerBoundaryIs>
        </Polygon>
      </Placemark>
      <Placemark xmlns="http://www.opengis.net/kml/2.2">
        <styleUrl>#Parti singole_style_map</styleUrl>
        <name>F01829</name>
        <Polygon>
          <outerBoundaryIs>
            <LinearRing>
              <coordinates>8.43338433364327,39.3311073427338 8.43342331319942,39.3311179488322 8.43341904977118,39.3311286686802 8.43345441875068,39.3311366801553 8.43344341177906,39.3311577743822 8.43349723605916,39.3311706062862 8.43351346028575,39.3311729739864 8.43351915802729,39.3311527369346 8.43352095008165,39.3311448974446 8.4335696921389,39.3311577766498 8.43358788271103,39.3311163444637 8.43353837033422,39.331102596499 8.43354139942562,39.3310953036675 8.43349554450958,39.3310840964584 8.43350156059796,39.331060355841 8.43346460342607,39.3310521834652 8.4334554284097,39.3310734307852 8.43344204842386,39.331070860676 8.43344026022631,39.331075348247 8.43340527636621,39.3310656266328 8.43338433364327,39.3311073427338</coordinates>
            </LinearRing>
          </outerBoundaryIs>
        </Polygon>
      </Placemark>
      <Placemark xmlns="http://www.opengis.net/kml/2.2">
        <styleUrl>#Parti singole_style_map</styleUrl>
        <name>F01831</name>
        <Polygon>
          <outerBoundaryIs>
            <LinearRing>
              <coordinates>8.43522157587336,39.3194972366421 8.43529884408098,39.3194643806496 8.43529839856572,39.3194606390877 8.43528331891078,39.3194302452151 8.43520598707746,39.3194652454116 8.43522157587336,39.3194972366421</coordinates>
            </LinearRing>
          </outerBoundaryIs>
        </Polygon>
      </Placemark>
      <Placemark xmlns="http://www.opengis.net/kml/2.2">
        <styleUrl>#Parti singole_style_map</styleUrl>
        <name>F01832</name>
        <Polygon>
          <outerBoundaryIs>
            <LinearRing>
              <coordinates>8.43551447629282,39.3179797861594 8.43554243896114,39.3180295071886 8.43559384390515,39.3180159793863 8.43556488524122,39.317970380393 8.43554599007783,39.3179312367602 8.43549801753216,39.317939158581 8.43551447629282,39.3179797861594</coordinates>
            </LinearRing>
          </outerBoundaryIs>
        </Polygon>
      </Placemark>
      <Placemark xmlns="http://www.opengis.net/kml/2.2">
        <styleUrl>#Parti singole_style_map</styleUrl>
        <name>F01711</name>
        <Polygon>
          <outerBoundaryIs>
            <LinearRing>
              <coordinates>8.43754720189816,39.3168929151293 8.43772880415617,39.316869275145 8.43772135476592,39.316834791595 8.43754072811445,39.3168582921153 8.43754720189816,39.3168929151293</coordinates>
            </LinearRing>
          </outerBoundaryIs>
        </Polygon>
      </Placemark>
      <Placemark xmlns="http://www.opengis.net/kml/2.2">
        <styleUrl>#Parti singole_style_map</styleUrl>
        <name>F01710</name>
        <Polygon>
          <outerBoundaryIs>
            <LinearRing>
              <coordinates>8.43482591209585,39.3199749312922 8.43486846911053,39.31997559758 8.43486851691308,39.3199711015229 8.43490235378131,39.3199713379802 8.43494781379038,39.319971648906 8.43495155335511,39.3198904365117 8.43490086582148,39.3198910372965 8.43490122871072,39.3199439402914 8.43482628791774,39.3199426661601 8.43482591209585,39.3199749312922</coordinates>
            </LinearRing>
          </outerBoundaryIs>
        </Polygon>
      </Placemark>
      <Placemark xmlns="http://www.opengis.net/kml/2.2">
        <styleUrl>#Parti singole_style_map</styleUrl>
        <name>F01834</name>
        <Polygon>
          <outerBoundaryIs>
            <LinearRing>
              <coordinates>8.43643608251458,39.3144856433536 8.43649833064066,39.3145067593911 8.43654258856838,39.3144280588452 8.4364803405705,39.3144069338213 8.43643608251458,39.3144856433536</coordinates>
            </LinearRing>
          </outerBoundaryIs>
        </Polygon>
      </Placemark>
      <Placemark xmlns="http://www.opengis.net/kml/2.2">
        <styleUrl>#Parti singole_style_map</styleUrl>
        <name>F01714</name>
        <Polygon>
          <outerBoundaryIs>
            <LinearRing>
              <coordinates>8.43462715236674,39.3217977622469 8.43473312384276,39.3218478512976 8.43477202537103,39.3217981987515 8.43466605394133,39.3217481097361 8.43462715236674,39.3217977622469</coordinates>
            </LinearRing>
          </outerBoundaryIs>
        </Polygon>
      </Placemark>
      <Placemark xmlns="http://www.opengis.net/kml/2.2">
        <styleUrl>#Parti singole_style_map</styleUrl>
        <name>F01715</name>
        <Polygon>
          <outerBoundaryIs>
            <LinearRing>
              <coordinates>8.43481659636509,39.3218612405594 8.43487709458368,39.3218969445208 8.43490541604467,39.3218679931289 8.43484491783626,39.3218322891821 8.43481659636509,39.3218612405594</coordinates>
            </LinearRing>
          </outerBoundaryIs>
        </Polygon>
      </Placemark>
      <Placemark xmlns="http://www.opengis.net/kml/2.2">
        <styleUrl>#Parti singole_style_map</styleUrl>
        <name>F01716</name>
        <Polygon>
          <outerBoundaryIs>
            <LinearRing>
              <coordinates>8.43453068843457,39.3216993255799 8.43457177414912,39.321692443276 8.43456221688439,39.3216580225634 8.43452113118914,39.321664904864 8.43453068843457,39.3216993255799</coordinates>
            </LinearRing>
          </outerBoundaryIs>
        </Polygon>
      </Placemark>
      <Placemark xmlns="http://www.opengis.net/kml/2.2">
        <styleUrl>#Parti singole_style_map</styleUrl>
        <name>F01717</name>
        <Polygon>
          <outerBoundaryIs>
            <LinearRing>
              <coordinates>8.43464013622597,39.321695136203 8.43472637634123,39.3216888607741 8.43470785769983,39.3215353272316 8.43462161777179,39.3215416026483 8.43464013622597,39.321695136203</coordinates>
            </LinearRing>
          </outerBoundaryIs>
        </Polygon>
      </Placemark>
      <Placemark xmlns="http://www.opengis.net/kml/2.2">
        <styleUrl>#Parti singole_style_map</styleUrl>
        <name>F01827</name>
        <Polygon>
          <outerBoundaryIs>
            <LinearRing>
              <coordinates>8.42611789698253,39.3288628125712 8.42621766228653,39.3292373970947 8.42631201994764,39.3292234455498 8.42622534561141,39.3288696049661 8.42615535887556,39.3288799552984 8.4261500037177,39.3288580692053 8.42611789698253,39.3288628125712</coordinates>
            </LinearRing>
          </outerBoundaryIs>
        </Polygon>
      </Placemark>
      <Placemark xmlns="http://www.opengis.net/kml/2.2">
        <styleUrl>#Parti singole_style_map</styleUrl>
        <name>F01812</name>
        <Polygon>
          <outerBoundaryIs>
            <LinearRing>
              <coordinates>8.43332403501611,39.3311031654388 8.43336665196883,39.331061329666 8.43331848546749,39.3310116809931 8.43317916619324,39.3309037402253 8.43319332673577,39.3308944201992 8.43314527659696,39.3308505027513 8.43309612567388,39.3308279530208 8.43304340139773,39.3308556378721 8.43309214742186,39.3308780414822 8.43323028407581,39.3310231993078 8.43332403501611,39.3311031654388</coordinates>
            </LinearRing>
          </outerBoundaryIs>
        </Polygon>
      </Placemark>
      <Placemark xmlns="http://www.opengis.net/kml/2.2">
        <styleUrl>#Parti singole_style_map</styleUrl>
        <name>F01835</name>
        <Polygon>
          <outerBoundaryIs>
            <LinearRing>
              <coordinates>8.43559013003994,39.3168923931224 8.43562528923375,39.3169054398509 8.43564193659305,39.3168821921558 8.43565961106093,39.3168899008683 8.43570126669351,39.3168307500797 8.43566567557666,39.316816601985 8.43562331655051,39.3168752267335 8.4356075147011,39.3168683380548 8.43559013003994,39.3168923931224</coordinates>
            </LinearRing>
          </outerBoundaryIs>
        </Polygon>
      </Placemark>
      <Placemark xmlns="http://www.opengis.net/kml/2.2">
        <styleUrl>#Parti singole_style_map</styleUrl>
        <name>F01833</name>
        <Polygon>
          <outerBoundaryIs>
            <LinearRing>
              <coordinates>8.43492143300505,39.317943036155 8.43492444909776,39.3179401493913 8.43497384680874,39.3178920924925 8.43495245396743,39.3178779410561 8.4349325726488,39.3178647971347 8.43488242160578,39.3179113275647 8.43483384821578,39.3179564059194 8.43487702126112,39.3179855847417 8.43492143300505,39.317943036155</coordinates>
            </LinearRing>
          </outerBoundaryIs>
        </Polygon>
      </Placemark>
      <Placemark xmlns="http://www.opengis.net/kml/2.2">
        <styleUrl>#Parti singole_style_map</styleUrl>
        <name>F01718</name>
        <Polygon>
          <outerBoundaryIs>
            <LinearRing>
              <coordinates>8.43581014141102,39.3121866428476 8.43607583219525,39.3122937156213 8.4361242581494,39.312257736697 8.43610505194568,39.3122401359857 8.4361691288433,39.3121993761823 8.43613414769242,39.3121658853968 8.43608790915184,39.3121216083953 8.43614290776891,39.3120890132685 8.43616714953175,39.3120746507051 8.43613164464908,39.3120384992494 8.43609335995693,39.3120090742467 8.43607214883552,39.3120360303004 8.43606767697228,39.312033909151 8.43604753102126,39.3120596629412 8.43599253886569,39.3120336980849 8.43585361215831,39.3120874485812 8.43589242885492,39.3121069555578 8.43584226623589,39.3121555228007 8.43581014141102,39.3121866428476</coordinates>
            </LinearRing>
          </outerBoundaryIs>
        </Polygon>
      </Placemark>
      <Placemark xmlns="http://www.opengis.net/kml/2.2">
        <styleUrl>#Parti singole_style_map</styleUrl>
        <name>F01842</name>
        <Polygon>
          <outerBoundaryIs>
            <LinearRing>
              <coordinates>8.43619683628503,39.314737959957 8.43625749654732,39.3146483667636 8.43619485775807,39.3146253036924 8.43613654704482,39.3147150257001 8.43619683628503,39.314737959957</coordinates>
            </LinearRing>
          </outerBoundaryIs>
        </Polygon>
      </Placemark>
      <Placemark xmlns="http://www.opengis.net/kml/2.2">
        <styleUrl>#Parti singole_style_map</styleUrl>
        <name>F01843</name>
        <Polygon>
          <outerBoundaryIs>
            <LinearRing>
              <coordinates>8.4359521651612,39.3146102756076 8.43601089357156,39.3146276804905 8.43609624789507,39.3144972151636 8.43605081614156,39.3144793882083 8.43599542796979,39.3144995917983 8.43597768108329,39.314519734575 8.43599865785375,39.314526377975 8.43596215043602,39.3145932038643 8.4359521651612,39.3146102756076</coordinates>
            </LinearRing>
          </outerBoundaryIs>
        </Polygon>
      </Placemark>
      <Placemark xmlns="http://www.opengis.net/kml/2.2">
        <styleUrl>#Parti singole_style_map</styleUrl>
        <name>F01932</name>
        <Polygon>
          <outerBoundaryIs>
            <LinearRing>
              <coordinates>8.43629237590163,39.3172386605662 8.43633365623626,39.3172652075949 8.4363629911881,39.317236524803 8.43641469034859,39.3171992641277 8.43637444337867,39.317166820188 8.43632325885129,39.3172021100168 8.43632708576188,39.3172051381014 8.43629237590163,39.3172386605662</coordinates>
            </LinearRing>
          </outerBoundaryIs>
        </Polygon>
      </Placemark>
      <Placemark xmlns="http://www.opengis.net/kml/2.2">
        <styleUrl>#Parti singole_style_map</styleUrl>
        <name>F01237</name>
        <Polygon>
          <outerBoundaryIs>
            <LinearRing>
              <coordinates>8.43624950435687,39.3129326347818 8.43629428647432,39.3129445745851 8.43655750434042,39.3130147988939 8.43654105220647,39.3130528971707 8.4366119923669,39.3130704600139 8.43666941137714,39.3130846684691 8.43670547443201,39.3130065408794 8.43670914529503,39.3130073065341 8.43684604100543,39.3127268201924 8.43676790852449,39.3127064924557 8.43667417274771,39.3126821064233 8.43663771212096,39.3127583946723 8.43661040393237,39.3127494000821 8.43652495067179,39.3128777856663 8.43642396043006,39.312857208493 8.43645056328382,39.3127645781315 8.43652071439767,39.3126308311911 8.4363878919299,39.3125864508289 8.43636650619151,39.3126394827974 8.43626762769176,39.312887219017 8.43624950435687,39.3129326347818</coordinates>
            </LinearRing>
          </outerBoundaryIs>
        </Polygon>
      </Placemark>
      <Placemark xmlns="http://www.opengis.net/kml/2.2">
        <styleUrl>#Parti singole_style_map</styleUrl>
        <name>F01222</name>
        <Polygon>
          <outerBoundaryIs>
            <LinearRing>
              <coordinates>8.43630475234236,39.3137473625609 8.43633842547683,39.3137416147555 8.43635103985193,39.3137394592627 8.43633436405338,39.3137143650143 8.43632563259309,39.3137154400245 8.43630522025594,39.3137179812293 8.43630475234236,39.3137473625609</coordinates>
            </LinearRing>
          </outerBoundaryIs>
        </Polygon>
      </Placemark>
      <Placemark xmlns="http://www.opengis.net/kml/2.2">
        <styleUrl>#Parti singole_style_map</styleUrl>
        <name>F02211</name>
        <Polygon>
          <outerBoundaryIs>
            <LinearRing>
              <coordinates>8.43218661097398,39.3100001323212 8.43222389818149,39.3100077030046 8.43223413732502,39.3099750444444 8.43219650873884,39.3099666611429 8.43218661097398,39.3100001323212</coordinates>
            </LinearRing>
          </outerBoundaryIs>
        </Polygon>
      </Placemark>
      <Placemark xmlns="http://www.opengis.net/kml/2.2">
        <styleUrl>#Parti singole_style_map</styleUrl>
        <name>F02212</name>
        <Polygon>
          <outerBoundaryIs>
            <LinearRing>
              <coordinates>8.43236962866633,39.3100877976373 8.43242184589171,39.3100994057712 8.43243446635145,39.3101021705253 8.43247310903912,39.3099994578223 8.43240955236659,39.3099844604624 8.43236962866633,39.3100877976373</coordinates>
            </LinearRing>
          </outerBoundaryIs>
        </Polygon>
      </Placemark>
      <Placemark xmlns="http://www.opengis.net/kml/2.2">
        <styleUrl>#Parti singole_style_map</styleUrl>
        <name>F02213</name>
        <Polygon>
          <outerBoundaryIs>
            <LinearRing>
              <coordinates>8.43222863837074,39.3098661693854 8.43249211333114,39.3099155716001 8.43258347486267,39.3099345790933 8.43274651277595,39.3099685332145 8.43286548763516,39.3095988670904 8.43269663677646,39.3095666869135 8.43261024259746,39.3095502267071 8.43246850080861,39.3095220529715 8.43234691403986,39.309497221228 8.43232811731367,39.3095554281923 8.43222863837074,39.3098661693854</coordinates>
            </LinearRing>
          </outerBoundaryIs>
        </Polygon>
      </Placemark>
      <Placemark xmlns="http://www.opengis.net/kml/2.2">
        <styleUrl>#Parti singole_style_map</styleUrl>
        <name>F02214</name>
        <Polygon>
          <outerBoundaryIs>
            <LinearRing>
              <coordinates>8.43314809903783,39.3097633365543 8.4332060182823,39.3097726293592 8.43324709759085,39.3096121702178 8.43318812807296,39.3096036832717 8.43314809903783,39.3097633365543</coordinates>
            </LinearRing>
          </outerBoundaryIs>
        </Polygon>
      </Placemark>
      <Placemark xmlns="http://www.opengis.net/kml/2.2">
        <styleUrl>#Parti singole_style_map</styleUrl>
        <name>F01837</name>
        <Polygon>
          <outerBoundaryIs>
            <LinearRing>
              <coordinates>8.42621812604696,39.330639112523 8.42650543266704,39.3306349878346 8.42649913500987,39.3304828221371 8.42641049843676,39.3304836555995 8.42640981345251,39.3304624232929 8.42635171792933,39.3304627855733 8.42635193735041,39.3304841957959 8.42632444943322,39.3304844567026 8.42632390761829,39.3304783538672 8.42621328224267,39.3304794932219 8.42621812604696,39.330639112523</coordinates>
            </LinearRing>
          </outerBoundaryIs>
        </Polygon>
      </Placemark>
      <Placemark xmlns="http://www.opengis.net/kml/2.2">
        <styleUrl>#Parti singole_style_map</styleUrl>
        <name>F01838</name>
        <Polygon>
          <outerBoundaryIs>
            <LinearRing>
              <coordinates>8.42928507491376,39.3306408825597 8.42957405239066,39.3310434240574 8.42967731587127,39.3309974538167 8.42954833523362,39.3308158888909 8.42945443160398,39.3306867932859 8.42954748832099,39.330644647644 8.42946583380227,39.3305244965479 8.42936987381367,39.3305627082805 8.4293891067367,39.330591690552 8.42928507491376,39.3306408825597</coordinates>
            </LinearRing>
          </outerBoundaryIs>
        </Polygon>
      </Placemark>
      <Placemark xmlns="http://www.opengis.net/kml/2.2">
        <styleUrl>#Parti singole_style_map</styleUrl>
        <name>F01839</name>
        <Polygon>
          <outerBoundaryIs>
            <LinearRing>
              <coordinates>8.42896783042831,39.3309919006786 8.42905278521445,39.3310229806983 8.42914132176583,39.3310544837099 8.42914806175657,39.3310446231683 8.4290821006167,39.3309721156832 8.42899648370657,39.3309425642332 8.42896783042831,39.3309919006786</coordinates>
            </LinearRing>
          </outerBoundaryIs>
        </Polygon>
      </Placemark>
      <Placemark xmlns="http://www.opengis.net/kml/2.2">
        <styleUrl>#Parti singole_style_map</styleUrl>
        <name>F01933</name>
        <Polygon>
          <outerBoundaryIs>
            <LinearRing>
              <coordinates>8.43487079917535,39.3136117161389 8.43487254734581,39.313733169626 8.43489127652345,39.3137768989864 8.43491559916269,39.3138001473662 8.43502952705133,39.3138465917288 8.43507186163509,39.3138513747021 8.43516043407465,39.3137910192042 8.43513331562441,39.3137620355635 8.43517408349633,39.3137380760589 8.43527213815607,39.3135256133549 8.43517016463493,39.3135158373766 8.4350389451269,39.3135238233683 8.43500673269175,39.3135224685209 8.4349752225872,39.3135433822923 8.43487079917535,39.3136117161389</coordinates>
            </LinearRing>
          </outerBoundaryIs>
        </Polygon>
      </Placemark>
      <Placemark xmlns="http://www.opengis.net/kml/2.2">
        <styleUrl>#Parti singole_style_map</styleUrl>
        <name>F01713</name>
        <Polygon>
          <outerBoundaryIs>
            <LinearRing>
              <coordinates>8.43381196563416,39.3220288771869 8.43415046311998,39.3219864771062 8.43408799900684,39.3216582671714 8.43422846991251,39.3214289267542 8.43391226712152,39.3213115609473 8.43373136421251,39.3216059591228 8.43381196563416,39.3220288771869</coordinates>
            </LinearRing>
          </outerBoundaryIs>
        </Polygon>
      </Placemark>
      <Placemark xmlns="http://www.opengis.net/kml/2.2">
        <styleUrl>#Parti singole_style_map</styleUrl>
        <name>F01223</name>
        <MultiGeometry>
          <Polygon>
            <outerBoundaryIs>
              <LinearRing>
                <coordinates>8.43168366149381,39.3190782150331 8.43183634595321,39.319059570026 8.4320693093195,39.3190518591664 8.43219474082243,39.3189949297553 8.43224489799608,39.3189952826827 8.43235510187106,39.3191472886678 8.43246751614175,39.3192612715862 8.43256099291992,39.3192769825251 8.43263593062835,39.3192742393706 8.43265960632973,39.3192815092534 8.43263626460507,39.3194252226146 8.43269152283566,39.3195666521591 8.43270800959383,39.3197644070924 8.43286324522937,39.3198407809451 8.43301367437623,39.3199004435344 8.43318887545288,39.3200270582448 8.43325699314172,39.3200530072531 8.43330328687623,39.3200219029235 8.43328202185974,39.3199760795506 8.43313091977023,39.3198144050322 8.4330702357694,39.3197270128561 8.43309303398843,39.3195829904044 8.43316054079341,39.3194518276718 8.43320203134908,39.3194178796565 8.43319730329947,39.3195135131508 8.43320267819358,39.3195273976415 8.43325379320664,39.319654840303 8.43333817545295,39.3197668746756 8.43350880116137,39.3198897993069 8.43372953000411,39.3200659499102 8.43390211865715,39.3202477137189 8.43400900377242,39.3203214088747 8.43407496210008,39.3203821638529 8.43415096356031,39.3205555370555 8.43416055272575,39.3206697750144 8.43405403824786,39.3208334389876 8.43392772214851,39.3209322203038 8.4338982503532,39.3210178217392 8.43398076202479,39.32114923733 8.43403200533611,39.3211603894717 8.43406095456773,39.3211136842129 8.43404641449153,39.3210638749756 8.43402890026871,39.321010293847 8.434052484192,39.3209628596591 8.43422562474372,39.32084341037 8.43417713689251,39.3209077895396 8.43415789197727,39.320956632491 8.43418259559482,39.3210163577548 8.43443573807305,39.3211699759636 8.43453179902155,39.321375019554 8.43451822419248,39.3215566702859 8.43444538986932,39.3218408258172 8.43438648784148,39.3220702555926 8.43441640711091,39.3222515590999 8.43439233430835,39.3223970532903 8.43435679858542,39.3224376083998 8.43416647383455,39.3225814470366 8.43413460049457,39.3226598193386 8.43417989250913,39.3227243482649 8.43426017734661,39.3227264867939 8.4344264475721,39.3225805036775 8.43458573828782,39.3224598241907 8.43470085818537,39.3223311897422 8.43476992197489,39.3222817868432 8.43497409888882,39.3222010075696 8.43520638027493,39.3221481170269 8.43529093722261,39.3221152063429 8.43532090589796,39.3220354638677 8.4352915019103,39.3219123895602 8.43529101903005,39.3218440868906 8.43531084587151,39.3217488059648 8.43523621755676,39.3216680961844 8.43512087215316,39.3215972805166 8.43500962575959,39.3214842159293 8.43499043567902,39.3214139031387 8.43501350031894,39.3213530945089 8.43507566990036,39.3212679309133 8.43510025501148,39.3212315123263 8.43514921615503,39.3211889677514 8.4355512991533,39.3209926321715 8.43560916126742,39.3209121238837 8.43561430972142,39.3208345045331 8.43551251833177,39.3207430666681 8.43546468601587,39.3206943755545 8.43543399700777,39.3205710066804 8.43542215489865,39.3205447824291 8.4353921334338,39.3204783277257 8.43528827507343,39.3204535670743 8.43515709909439,39.3204545341131 8.43511077684497,39.3204359185544 8.43507135590657,39.3203943774849 8.43504399606811,39.3203475156488 8.43500305068952,39.3202806383575 8.43499013032776,39.3202385141271 8.43498610558487,39.3202211401647 8.43501964020894,39.3201465330803 8.43503704369791,39.3201058536488 8.43511435686182,39.3200141768069 8.43529072262257,39.3198321809685 8.43535096503446,39.3197960164995 8.4354133126409,39.3197880023209 8.4354609323549,39.319799586778 8.43550271296871,39.3198087911149 8.43552906897918,39.3198146046928 8.43567056500954,39.3198414489548 8.4357955959928,39.3198471464076 8.43579853007413,39.3198458090477 8.43596275238962,39.3198350357901 8.43610799546181,39.3197969222486 8.4361912247618,39.3197079314866 8.43627435077847,39.3196404394562 8.43620787325734,39.3196470554597 8.43619994107484,39.3196626233772 8.43614005202163,39.3196664239228 8.43613951726113,39.3196607897054 8.43610805901102,39.3196633944666 8.43610946660252,39.3196455783213 8.43610004504105,39.3196443792952 8.43609934445944,39.3196853741324 8.43601712128965,39.319686678542 8.43601473933909,39.3196308553336 8.43605499839791,39.3196301854881 8.43605476081887,39.3196178848664 8.4360299581141,39.3194129897109 8.43626990657376,39.319395059256 8.43631781035387,39.3193914798978 8.43625276257234,39.3192576726351 8.43622399830951,39.3190678871097 8.43622785294447,39.3187872976273 8.4361823009937,39.3185949077503 8.4361304753964,39.3184383856821 8.43616076496253,39.3186043005465 8.43621430590624,39.3188895653813 8.43606098880232,39.3189120605956 8.43588805668127,39.3187409848495 8.43587219805128,39.3188060546 8.43564004904125,39.3187991978709 8.4356429643506,39.3188059609546 8.43564666696274,39.3188056995882 8.43565474541549,39.3188051260573 8.43575681613449,39.318803773999 8.43576483791205,39.3188059213874 8.43576688835178,39.3188077154316 8.43576928785679,39.3188165935018 8.43578410773315,39.3188720986022 8.43579552098253,39.3189126926537 8.43573699402359,39.3189174096708 8.43566186940065,39.3189232625741 8.43552518144029,39.3189363495866 8.43552167311291,39.3189167795577 8.43550307461812,39.318918608569 8.43550151978746,39.3188970206333 8.43549653349331,39.3188967891936 8.43548934751478,39.3188613967222 8.43548868166204,39.3188562033845 8.43545531412383,39.3188611414619 8.43546033732518,39.3188870713186 8.43547002200218,39.318927657013 8.43547309540309,39.3189508201629 8.43561418196892,39.3189288250453 8.43561880238558,39.3189471479931 8.43528339871431,39.3189949975257 8.43525976173989,39.3188949461998 8.43523128421406,39.3186396006764 8.43548255673073,39.3186773492579 8.43548143142097,39.3184336070078 8.43565530021825,39.3184331440601 8.43564947207015,39.31820722899 8.43586343229111,39.3182036893646 8.43586767594882,39.3180134240292 8.43565613106961,39.3180138396912 8.4356550901744,39.318104346149 8.43536629731601,39.3182174605729 8.43521487022554,39.3179749440019 8.43556616346296,39.3178345066982 8.43560698031264,39.3178206031349 8.43560780613951,39.3178203278128 8.43561175349852,39.317708831735 8.43566475130173,39.3177121344246 8.43571805437873,39.3177019947503 8.43573158836622,39.3177558086472 8.43610361081747,39.3177595317874 8.4361009033885,39.3179420374477 8.43618788848611,39.3179426392687 8.4361959093809,39.3178235759855 8.43636923069275,39.317823208431 8.436366167027,39.3177496850829 8.43628034003344,39.3175846905411 8.43623453292543,39.3175902353498 8.43612744065853,39.3176031961816 8.43613221780592,39.3176280075077 8.43580415524638,39.3176639190575 8.43578835812559,39.3174933437983 8.43597845123012,39.3174714687576 8.43600924522732,39.3173983798627 8.43618872400551,39.3173692715666 8.43623982459548,39.3173820079124 8.43621348075905,39.3174441074778 8.43617929579286,39.3174483660088 8.43618922074455,39.3174893943379 8.43621558923254,39.3174863323763 8.4362601983957,39.3174811692257 8.43633171038465,39.3173746229461 8.43635880713572,39.3173400904395 8.43633241362129,39.3173246084889 8.43631281824284,39.3173235133652 8.43629406168274,39.317337857468 8.43628578063286,39.3172813478835 8.43626665610878,39.3172635133307 8.43625950622651,39.3172727055422 8.43624468839385,39.3173064865762 8.43624211241498,39.3173123580175 8.43620442818106,39.3173522365385 8.43617800310172,39.3173377996301 8.43617255677666,39.3173486400226 8.43614094576052,39.3173429542998 8.43602072969146,39.3173665740431 8.43606159440272,39.3172687007291 8.43610982171302,39.3172795399871 8.43612538756775,39.3172291830838 8.43606271001113,39.3172092541693 8.43609132445283,39.3172298379383 8.43606363384681,39.3172574203282 8.43600405815438,39.3173076539734 8.43598477111816,39.3173331505825 8.43594072055122,39.3173381000818 8.43594245457808,39.3173475065496 8.43569788483045,39.3174692971896 8.43568205937847,39.3174999555934 8.43568546178192,39.3175774272485 8.43547151580992,39.3176284705233 8.43531334540696,39.3176691336206 8.43530707358882,39.31766721095 8.43529971662992,39.3176761678207 8.43534896837647,39.3177009968229 8.43526958117633,39.3178057111491 8.43521312050846,39.3178305405922 8.43514600021136,39.3178653380413 8.43510364046536,39.3178878841294 8.43501985791682,39.3179145631367 8.43497384680874,39.3178920924925 8.43492444909776,39.3179401493913 8.43492143300505,39.317943036155 8.43496180552221,39.3179757064672 8.43501361612334,39.3180458173076 8.43501546634771,39.318049421524 8.43508550391639,39.3180240453876 8.435106345808,39.3180562153297 8.43503537209383,39.3180883629054 8.43496971870796,39.3181181394582 8.43496570198739,39.3181199581118 8.4349942041253,39.3182395230716 8.43490478775379,39.3182483696803 8.43463511071698,39.3182750283029 8.43462344465507,39.318224151809 8.43462205355046,39.318224036921 8.43438897424845,39.3182018821875 8.43392674703357,39.3182598878186 8.43387842609135,39.3180348111203 8.43383127160254,39.3178161646307 8.43413593641116,39.3177761711624 8.43429155507635,39.3177557350739 8.43464499379222,39.3175909733401 8.43478043409393,39.3174458489161 8.43487951992367,39.3175023402058 8.43501245063275,39.317359068512 8.4351332773301,39.3174268202992 8.43517981732499,39.3173720004894 8.43523145181138,39.3173111502669 8.43525483893357,39.3172835922377 8.43528948171429,39.3172988441582 8.43526543516204,39.3173290661319 8.43526926754378,39.3173328511684 8.43521892317359,39.3173919506031 8.43517270073695,39.317446231334 8.43528714178542,39.3174685745566 8.43532093891599,39.3173885262159 8.43537206008997,39.3174001277061 8.43533389551789,39.3174809027428 8.43535703718095,39.3174925125973 8.43539196958201,39.3174818694174 8.43546469789213,39.3174651202451 8.43544884686359,39.3173734685555 8.43538979512406,39.3173786874493 8.43534436353761,39.3173764936218 8.43534626349368,39.3173378653738 8.43541057993278,39.3173371863652 8.43541184060114,39.317311692474 8.4354466475911,39.317312302913 8.4354468574776,39.3173366866262 8.43548984108619,39.3173403642952 8.43548945507643,39.3173321087087 8.43555098182249,39.3173220360466 8.43555026227826,39.3173523712594 8.43557882137109,39.3173134668769 8.4355652117653,39.3172777368744 8.4356574517759,39.3172464850681 8.4356971942462,39.3172377573565 8.43571179936026,39.3172708700869 8.43582572892322,39.3173294149071 8.43581364071622,39.3172010813207 8.43593074492303,39.3170940895992 8.43584859952551,39.3170543419602 8.43578985768873,39.3169488853037 8.43582931209237,39.3168908230876 8.43592233179165,39.3168332008083 8.43609438369135,39.3169255646482 8.43599170689875,39.3170676507067 8.43605711116121,39.3171120206267 8.43604186803381,39.3170933308236 8.43609493036362,39.3170625555226 8.43616294631023,39.3170345198131 8.43619006556168,39.3170737212314 8.43612541291509,39.3171032870402 8.43607048187318,39.3171284216684 8.43601515759079,39.3171750626769 8.43605093432848,39.3172007901911 8.43621909403825,39.3170803044963 8.43642894862144,39.3169303125856 8.43659501244565,39.3170650055306 8.43656832020508,39.3169205533976 8.43653147753843,39.3167039131854 8.43646795650598,39.3162848195816 8.43631793850835,39.3162857777699 8.43613733010347,39.3165309551263 8.4358596619746,39.3166795724632 8.43577628899605,39.3166757170699 8.43567047403754,39.316628078351 8.43549635183797,39.3164312619099 8.43522422964755,39.3164945561899 8.43510337404456,39.3166799482908 8.43498347986485,39.3167919355319 8.43494769422824,39.3169561602023 8.43494248835507,39.3169875458836 8.43492597669628,39.3170573068765 8.43484080325754,39.3171531173709 8.43470708194547,39.3172058735153 8.43458449139811,39.3172319040895 8.43442741299955,39.3172781758896 8.4342057932544,39.3173429297145 8.43409745487804,39.3174082972996 8.43398892193992,39.3174114546299 8.43391442060249,39.3172582182261 8.43368123282004,39.317225492114 8.43358799616663,39.3171343284486 8.43339884826312,39.3170563757114 8.43331115138688,39.3171139047572 8.43307399642726,39.3169606232574 8.43285118484583,39.3169603752129 8.43275116237592,39.3170832427083 8.43261918752717,39.3171020169706 8.43258185972411,39.3172884174751 8.43262506862676,39.3173660923739 8.43252373219674,39.3175466211131 8.43244884692557,39.3176980484115 8.43246253504262,39.3177654874653 8.4324286358043,39.3178147001831 8.43211013276133,39.3179161099775 8.43200996685244,39.3180305692178 8.4320792490025,39.3181072903347 8.43210788511308,39.3182498336778 8.43203745669749,39.3182774767819 8.43191728462537,39.3184586879088 8.43215741094663,39.3185131309308 8.43208251610412,39.3186139003185 8.43204327437847,39.3187139877187 8.43194964880735,39.3187483024939 8.43180650072316,39.318885862074 8.43163694803628,39.3189118763988 8.431579282372,39.3188574769829 8.43149778189723,39.3188498702497 8.43132657249323,39.31880975624 8.4312975490542,39.3188383131229 8.43138685670464,39.3189031754692 8.43142603653735,39.3189726765043 8.4315448908324,39.3190561368428 8.43168366149381,39.3190782150331</coordinates>
              </LinearRing>
            </outerBoundaryIs>
            <innerBoundaryIs>
              <LinearRing>
                <coordinates>8.43492874837059,39.3188110089445 8.43499550257804,39.31880884625 8.43499742330108,39.3188512504592 8.43493068362737,39.3188530437907 8.43492874837059,39.3188110089445</coordinates>
              </LinearRing>
            </innerBoundaryIs>
            <innerBoundaryIs>
              <LinearRing>
                <coordinates>8.43549704039482,39.3169500147954 8.43557556074508,39.3168909077716 8.43560954014294,39.3169222853615 8.43553248473332,39.3169795343208 8.43549704039482,39.3169500147954</coordinates>
              </LinearRing>
            </innerBoundaryIs>
            <innerBoundaryIs>
              <LinearRing>
                <coordinates>8.43536651810508,39.3172094184042 8.43530624890318,39.317278029958 8.43526826079069,39.3172590133915 8.43532854472935,39.3171900144728 8.43537656053668,39.31713483231 8.43541355054141,39.3171553487684 8.43536651810508,39.3172094184042</coordinates>
              </LinearRing>
            </innerBoundaryIs>
            <innerBoundaryIs>
              <LinearRing>
                <coordinates>8.43577744261967,39.3169723517799 8.43574612004915,39.3170044037614 8.43574849697426,39.3170074248321 8.43571291973267,39.3170319413238 8.43564958855597,39.3170731459685 8.43561462217609,39.3170447641339 8.43567645756942,39.3170020384706 8.43571356333676,39.3169764120892 8.43573661151386,39.3169476899488 8.43577744261967,39.3169723517799</coordinates>
              </LinearRing>
            </innerBoundaryIs>
            <innerBoundaryIs>
              <LinearRing>
                <coordinates>8.43579146917801,39.3168710685254 8.43571962764799,39.3169521939672 8.43567878108203,39.316930902007 8.43574857654925,39.3168503343344 8.43578218026709,39.3168115624928 8.43582455105911,39.3168337178165 8.43579146917801,39.3168710685254</coordinates>
              </LinearRing>
            </innerBoundaryIs>
            <innerBoundaryIs>
              <LinearRing>
                <coordinates>8.43576019453246,39.3167470840981 8.43570126669351,39.3168307500797 8.43565961106093,39.3168899008683 8.43564193659305,39.3168821921558 8.43562528923375,39.3169054398509 8.43559013003994,39.3168923931224 8.4356075147011,39.3168683380548 8.43562331655051,39.3168752267335 8.43566567557666,39.316816601985 8.43572797635924,39.3167303843591 8.43576019453246,39.3167470840981</coordinates>
              </LinearRing>
            </innerBoundaryIs>
            <innerBoundaryIs>
              <LinearRing>
                <coordinates>8.43487459790778,39.3215642319298 8.43495835892781,39.321585444275 8.43491288980024,39.3217028387388 8.43482876672144,39.3216819129411 8.43487459790778,39.3215642319298</coordinates>
              </LinearRing>
            </innerBoundaryIs>
            <innerBoundaryIs>
              <LinearRing>
                <coordinates>8.43613917488086,39.3190247387185 8.43615360550168,39.3190652031899 8.43615320267694,39.3190806904616 8.43614428297402,39.3190805661332 8.43614963890913,39.3191387555261 8.43616848484053,39.3193429550109 8.43594168085639,39.3193549839737 8.43592584228678,39.3191505106971 8.4359102430761,39.3191472092629 8.4359567457625,39.318919547618 8.43589348534107,39.3188564910482 8.43594511714773,39.3188407836284 8.43602734154994,39.3188955071956 8.43605669561545,39.3189381795394 8.4361084323146,39.3190133805171 8.43613917488086,39.3190247387185</coordinates>
              </LinearRing>
            </innerBoundaryIs>
            <innerBoundaryIs>
              <LinearRing>
                <coordinates>8.43541832180523,39.3209924374052 8.43509088465956,39.3210005342038 8.4350422551528,39.3208188696461 8.43499247093357,39.3206408938002 8.43535844564437,39.3206167021797 8.43544436696158,39.3207831304626 8.43551469103436,39.3209214960759 8.43541832180523,39.3209924374052</coordinates>
              </LinearRing>
            </innerBoundaryIs>
            <innerBoundaryIs>
              <LinearRing>
                <coordinates>8.43528331891078,39.3194302452151 8.43519215142731,39.3191376904368 8.43546809356043,39.3190748462899 8.43584442841528,39.319086656052 8.43583755854662,39.3192559960062 8.43587747111928,39.3194305548782 8.43586339884464,39.3194679270426 8.43585045435133,39.319536326724 8.43577568088144,39.3195256658374 8.43573060341823,39.3196430564483 8.43566697156276,39.3196391255218 8.43563639264225,39.3196910674591 8.43559301299973,39.3196787557655 8.43560769895111,39.3196528224233 8.4355773688862,39.3196449621967 8.43557863610215,39.3196417335394 8.43551093434276,39.319626032958 8.43549790503051,39.3196219510059 8.43549896344917,39.3196187213362 8.43544235416794,39.3196243575793 8.43544240223894,39.3196255922649 8.43548100001542,39.3196208958278 8.43555400587643,39.3197372345275 8.43544957445566,39.3197506761844 8.43538176354416,39.319754302736 8.43533921775264,39.3197565831569 8.4353333249507,39.3197147363576 8.43537281721865,39.3197098911183 8.43538410405782,39.3197085042034 8.43538073342811,39.3196977742402 8.43534750061936,39.3197003341404 8.4353414125065,39.3196625772056 8.4353368707682,39.3196344781295 8.4353310181187,39.3196352246328 8.435319659514,39.3196354398161 8.43531850016476,39.3196367947892 8.4353162705666,39.3196370813164 8.4353133948515,39.3196426989827 8.43526721180266,39.3196962320383 8.43525559871207,39.3196963558739 8.43503737149305,39.3196990807148 8.43500162869255,39.3197482852145 8.43503145308403,39.3197440238779 8.43507362257457,39.319978738545 8.43500572281442,39.3200481328133 8.43492430760689,39.3202299947684 8.43493933850035,39.3203039096416 8.43498007344995,39.3203666590784 8.43485592452164,39.32050198992 8.43455330217103,39.3205102327934 8.43455280548138,39.3202781443785 8.43455184791813,39.3200514240317 8.43468902308012,39.320050153434 8.43468817464855,39.3199639358929 8.43468486673781,39.3199641540937 8.43456815361596,39.3198936105479 8.43442531991096,39.3198370234638 8.43446138911079,39.3197113747988 8.43449265149246,39.3195991916217 8.43458918089842,39.3195269633023 8.43470083753058,39.3194906886224 8.43474882585203,39.3194953550207 8.43489515264395,39.3195185834142 8.43492080809277,39.3194730693457 8.43499014927893,39.3194162158655 8.43512762693287,39.3195227850859 8.43526289705844,39.3194986356545 8.43530886740485,39.3195248724142 8.43529546325233,39.3195616156513 8.43539221692544,39.3195724384584 8.43543457896418,39.3195713555358 8.43543544837445,39.3195671067516 8.43530461406748,39.3195560915202 8.43533299447928,39.3194747400054 8.43531150010315,39.3194809386829 8.43529884408098,39.3194643806496 8.43522157587336,39.3194972366421 8.43520598707746,39.3194652454116 8.43528331891078,39.3194302452151</coordinates>
              </LinearRing>
            </innerBoundaryIs>
          </Polygon>
          <MultiGeometry>
            <LineString>
              <coordinates>8.43528331891078,39.3194302452151 8.43529839856572,39.3194606390877</coordinates>
            </LineString>
            <LineString>
              <coordinates>8.43529839856572,39.3194606390877 8.43529884408098,39.3194643806496</coordinates>
            </LineString>
          </MultiGeometry>
        </MultiGeometry>
      </Placemark>
      <Placemark xmlns="http://www.opengis.net/kml/2.2">
        <styleUrl>#Parti singole_style_map</styleUrl>
        <name>F01942</name>
        <Polygon>
          <outerBoundaryIs>
            <LinearRing>
              <coordinates>8.44035875027818,39.3318920486462 8.44039930902598,39.3318997766216 8.44041283042459,39.3318570323888 8.44038238534744,39.3318512272764 8.44035875027818,39.3318920486462</coordinates>
            </LinearRing>
          </outerBoundaryIs>
        </Polygon>
      </Placemark>
      <Placemark xmlns="http://www.opengis.net/kml/2.2">
        <styleUrl>#Parti singole_style_map</styleUrl>
        <name>F01240</name>
        <Polygon>
          <outerBoundaryIs>
            <LinearRing>
              <coordinates>8.43734324478081,39.3236555826611 8.43748720389298,39.3237756512346 8.437574439678,39.323712584385 8.43743050388921,39.3235924980097 8.43734324478081,39.3236555826611</coordinates>
            </LinearRing>
          </outerBoundaryIs>
        </Polygon>
      </Placemark>
      <Placemark xmlns="http://www.opengis.net/kml/2.2">
        <styleUrl>#Parti singole_style_map</styleUrl>
        <name>F01851</name>
        <Polygon>
          <outerBoundaryIs>
            <LinearRing>
              <coordinates>8.43732740996605,39.317997804849 8.43735594267295,39.3180113055762 8.43747499179312,39.3178641524481 8.43746140701167,39.3178584821629 8.43740060517611,39.3178330845917 8.43728626924372,39.3179783411839 8.43732740996605,39.317997804849</coordinates>
            </LinearRing>
          </outerBoundaryIs>
        </Polygon>
      </Placemark>
      <Placemark xmlns="http://www.opengis.net/kml/2.2">
        <styleUrl>#Parti singole_style_map</styleUrl>
        <name>F01384</name>
        <Polygon>
          <outerBoundaryIs>
            <LinearRing>
              <coordinates>8.4364654713267,39.3174887595388 8.43651728491575,39.3175008414426 8.43653522867805,39.3174620295771 8.43656166477143,39.3174317558396 8.43652939900025,39.31740502729 8.43648612217273,39.3174450860574 8.4364654713267,39.3174887595388</coordinates>
            </LinearRing>
          </outerBoundaryIs>
        </Polygon>
      </Placemark>
      <Placemark xmlns="http://www.opengis.net/kml/2.2">
        <styleUrl>#Parti singole_style_map</styleUrl>
        <name>F01957</name>
        <Polygon>
          <outerBoundaryIs>
            <LinearRing>
              <coordinates>8.43745382759735,39.3113250422242 8.43748560194053,39.3113302868597 8.43756712371407,39.3113429174163 8.43760710637178,39.31135009393 8.43743517099252,39.3112822687316 8.43738780013408,39.3112822829421 8.43745382759735,39.3113250422242</coordinates>
            </LinearRing>
          </outerBoundaryIs>
        </Polygon>
      </Placemark>
      <Placemark xmlns="http://www.opengis.net/kml/2.2">
        <styleUrl>#Parti singole_style_map</styleUrl>
        <name>F01958</name>
        <Polygon>
          <outerBoundaryIs>
            <LinearRing>
              <coordinates>8.4377324910649,39.3113995555363 8.43776474004481,39.3114295455352 8.43777612711674,39.3114314026886 8.43779575442819,39.3114167201326 8.43779226751721,39.3113843011144 8.4377324910649,39.3113995555363</coordinates>
            </LinearRing>
          </outerBoundaryIs>
        </Polygon>
      </Placemark>
      <Placemark xmlns="http://www.opengis.net/kml/2.2">
        <styleUrl>#Parti singole_style_map</styleUrl>
        <name>F01959</name>
        <Polygon>
          <outerBoundaryIs>
            <LinearRing>
              <coordinates>8.43791677545373,39.3113375699814 8.43799132898847,39.3113252251943 8.43799737559861,39.311237851447 8.43797647923522,39.3111850384063 8.43795058885211,39.3111547638129 8.43792827876758,39.3111409058296 8.43792288981862,39.3111388794371 8.43791677545373,39.3113375699814</coordinates>
            </LinearRing>
          </outerBoundaryIs>
        </Polygon>
      </Placemark>
      <Placemark xmlns="http://www.opengis.net/kml/2.2">
        <styleUrl>#Parti singole_style_map</styleUrl>
        <name>F01960</name>
        <Polygon>
          <outerBoundaryIs>
            <LinearRing>
              <coordinates>8.43791677545373,39.3113375699814 8.43799132898847,39.3113252251943 8.43799737559861,39.311237851447 8.43797647923522,39.3111850384063 8.43795058885211,39.3111547638129 8.43792827876758,39.3111409058296 8.43792288981862,39.3111388794371 8.43791677545373,39.3113375699814</coordinates>
            </LinearRing>
          </outerBoundaryIs>
        </Polygon>
      </Placemark>
      <Placemark xmlns="http://www.opengis.net/kml/2.2">
        <styleUrl>#Parti singole_style_map</styleUrl>
        <name>F01961</name>
        <Polygon>
          <outerBoundaryIs>
            <LinearRing>
              <coordinates>8.43768114837284,39.311262598348 8.43783575733773,39.3111157246523 8.43785940226298,39.3111091800618 8.43783362426415,39.3111039915357 8.43777653864972,39.3111482641515 8.43767393694571,39.3112433708835 8.43766930938401,39.3112476555894 8.43764019024635,39.311245433384 8.43759746223574,39.3112421542166 8.43757035988788,39.3112545930018 8.43762635495805,39.3112581615777 8.43765543829417,39.3112605097621 8.43768114837284,39.311262598348</coordinates>
            </LinearRing>
          </outerBoundaryIs>
        </Polygon>
      </Placemark>
      <Placemark xmlns="http://www.opengis.net/kml/2.2">
        <styleUrl>#Parti singole_style_map</styleUrl>
        <name>F01962</name>
        <Polygon>
          <outerBoundaryIs>
            <LinearRing>
              <coordinates>8.43756235379832,39.3123451718888 8.43765243673995,39.3123650792971 8.43766713884065,39.3123122220253 8.43757688709098,39.3123018109979 8.43756235379832,39.3123451718888</coordinates>
            </LinearRing>
          </outerBoundaryIs>
        </Polygon>
      </Placemark>
      <Placemark xmlns="http://www.opengis.net/kml/2.2">
        <styleUrl>#Parti singole_style_map</styleUrl>
        <name>F01943</name>
        <Polygon>
          <outerBoundaryIs>
            <LinearRing>
              <coordinates>8.43889595797666,39.3169440578428 8.43891666977363,39.3169317321136 8.43892494325955,39.3169401068271 8.43896097029808,39.3169186731469 8.43895682779017,39.3169144812584 8.4390099883603,39.3168828490904 8.43900159988317,39.3168743476798 8.43909563603031,39.3168183947219 8.43905953267286,39.3167855211541 8.43886086647876,39.3169108557023 8.43889595797666,39.3169440578428</coordinates>
            </LinearRing>
          </outerBoundaryIs>
        </Polygon>
      </Placemark>
      <Placemark xmlns="http://www.opengis.net/kml/2.2">
        <styleUrl>#Parti singole_style_map</styleUrl>
        <name>F01963</name>
        <Polygon>
          <outerBoundaryIs>
            <LinearRing>
              <coordinates>8.43681109301961,39.3200786982888 8.43682522989117,39.3200763956358 8.43686005917105,39.3200632268499 8.43687077385783,39.3200594256925 8.43685048809601,39.3200196116972 8.43683863585917,39.3200225181863 8.43681849968407,39.320059172635 8.43681109301961,39.3200786982888</coordinates>
            </LinearRing>
          </outerBoundaryIs>
        </Polygon>
      </Placemark>
      <Placemark xmlns="http://www.opengis.net/kml/2.2">
        <styleUrl>#Parti singole_style_map</styleUrl>
        <name>F01852</name>
        <Polygon>
          <outerBoundaryIs>
            <LinearRing>
              <coordinates>8.4373439686808,39.318026097138 8.43735594267295,39.3180113055762 8.43732740996605,39.317997804849 8.43731595453547,39.3180144731217 8.4373439686808,39.318026097138</coordinates>
            </LinearRing>
          </outerBoundaryIs>
        </Polygon>
      </Placemark>
      <Placemark xmlns="http://www.opengis.net/kml/2.2">
        <styleUrl>#Parti singole_style_map</styleUrl>
        <name>F01385</name>
        <Polygon>
          <outerBoundaryIs>
            <LinearRing>
              <coordinates>8.43799181073049,39.3162959133512 8.43797441655423,39.3162535200029 8.43794140522694,39.316263199892 8.43795757213823,39.3163006676279 8.43799181073049,39.3162959133512</coordinates>
            </LinearRing>
          </outerBoundaryIs>
        </Polygon>
      </Placemark>
      <Placemark xmlns="http://www.opengis.net/kml/2.2">
        <styleUrl>#Parti singole_style_map</styleUrl>
        <name>F01845</name>
        <Polygon>
          <outerBoundaryIs>
            <LinearRing>
              <coordinates>8.43520507330944,39.3316768593368 8.43524718390614,39.3317269120366 8.43529321243363,39.3317044772078 8.43524607957937,39.3316569896602 8.43520507330944,39.3316768593368</coordinates>
            </LinearRing>
          </outerBoundaryIs>
        </Polygon>
      </Placemark>
      <Placemark xmlns="http://www.opengis.net/kml/2.2">
        <styleUrl>#Parti singole_style_map</styleUrl>
        <name>F01846</name>
        <Polygon>
          <outerBoundaryIs>
            <LinearRing>
              <coordinates>8.43513304464824,39.3318436504254 8.43525573274498,39.3318807209764 8.43540556021699,39.3318787451193 8.43571043018713,39.3317760170948 8.43556648872229,39.3317076489799 8.4354121511063,39.3317081113073 8.43541108691488,39.3317029539881 8.43537546215628,39.3317083076771 8.43516090038023,39.3317098614142 8.43516872242924,39.3317211446026 8.43518856889363,39.3317823417258 8.4350971755529,39.3318069022862 8.43513304464824,39.3318436504254</coordinates>
            </LinearRing>
          </outerBoundaryIs>
        </Polygon>
      </Placemark>
      <Placemark xmlns="http://www.opengis.net/kml/2.2">
        <styleUrl>#Parti singole_style_map</styleUrl>
        <name>F01847</name>
        <Polygon>
          <outerBoundaryIs>
            <LinearRing>
              <coordinates>8.4363434817204,39.3228870857576 8.43638588178015,39.3229508519362 8.43638887523643,39.3229508033653 8.43642904226676,39.3229343824281 8.4363790798878,39.3228689757393 8.4363434817204,39.3228870857576</coordinates>
            </LinearRing>
          </outerBoundaryIs>
        </Polygon>
      </Placemark>
      <Placemark xmlns="http://www.opengis.net/kml/2.2">
        <styleUrl>#Parti singole_style_map</styleUrl>
        <name>F01849</name>
        <Polygon>
          <outerBoundaryIs>
            <LinearRing>
              <coordinates>8.43613146207852,39.3206172258477 8.43616044582092,39.3206006787017 8.43613096537766,39.3205707557797 8.43613352927347,39.3205620729789 8.43612231948272,39.3205423034522 8.43609365440036,39.3204917592107 8.43605391591613,39.3205055420141 8.43606822954482,39.3205331658153 8.43604884854786,39.3205399289274 8.43606601434618,39.3205648633757 8.43608089941658,39.3205589074417 8.43613146207852,39.3206172258477</coordinates>
            </LinearRing>
          </outerBoundaryIs>
        </Polygon>
      </Placemark>
      <Placemark xmlns="http://www.opengis.net/kml/2.2">
        <styleUrl>#Parti singole_style_map</styleUrl>
        <name>F01853</name>
        <Polygon>
          <outerBoundaryIs>
            <LinearRing>
              <coordinates>8.43699739977714,39.3178193841188 8.43704265320219,39.317829370612 8.43705523385628,39.3177910102767 8.43701352397238,39.3177817888174 8.43699739977714,39.3178193841188</coordinates>
            </LinearRing>
          </outerBoundaryIs>
        </Polygon>
      </Placemark>
      <Placemark xmlns="http://www.opengis.net/kml/2.2">
        <styleUrl>#Parti singole_style_map</styleUrl>
        <name>F01850</name>
        <Polygon>
          <outerBoundaryIs>
            <LinearRing>
              <coordinates>8.43665953776383,39.3199621817 8.43668636750285,39.3199928215142 8.4367356274142,39.3199677492596 8.43671819156105,39.3199374252607 8.43665953776383,39.3199621817</coordinates>
            </LinearRing>
          </outerBoundaryIs>
        </Polygon>
      </Placemark>
      <Placemark xmlns="http://www.opengis.net/kml/2.2">
        <styleUrl>#Parti singole_style_map</styleUrl>
        <name>F01855</name>
        <Polygon>
          <outerBoundaryIs>
            <LinearRing>
              <coordinates>8.43920429121057,39.310786909427 8.43920378424442,39.3107850327752 8.4391258838699,39.3107939111409 8.43913501726732,39.3108339442836 8.43921440352739,39.3108249198939 8.43920429121057,39.310786909427</coordinates>
            </LinearRing>
          </outerBoundaryIs>
        </Polygon>
      </Placemark>
      <Placemark xmlns="http://www.opengis.net/kml/2.2">
        <styleUrl>#Parti singole_style_map</styleUrl>
        <name>F01854</name>
        <Polygon>
          <outerBoundaryIs>
            <LinearRing>
              <coordinates>8.43762159274549,39.3134382201838 8.4376281062892,39.3134229606641 8.43765094349835,39.3134290180603 8.43767671248619,39.3133775118202 8.4376237543116,39.3133638660622 8.4376019227741,39.3133582460316 8.43756593711646,39.3133500796511 8.4375410465977,39.313399067143 8.43757287382181,39.3134137551307 8.43760358163535,39.3134291765684 8.43762159274549,39.3134382201838</coordinates>
            </LinearRing>
          </outerBoundaryIs>
        </Polygon>
      </Placemark>
      <Placemark xmlns="http://www.opengis.net/kml/2.2">
        <styleUrl>#Parti singole_style_map</styleUrl>
        <name>F01848</name>
        <Polygon>
          <outerBoundaryIs>
            <LinearRing>
              <coordinates>8.43654691334749,39.3214108469759 8.43658168710218,39.3214129616889 8.43659192388919,39.3213747792999 8.43659745340847,39.3213752836419 8.43660858743849,39.3213394934052 8.43657475893327,39.3213337970603 8.43655690226476,39.3213645268192 8.43654691334749,39.3214108469759</coordinates>
            </LinearRing>
          </outerBoundaryIs>
        </Polygon>
      </Placemark>
      <Placemark xmlns="http://www.opengis.net/kml/2.2">
        <styleUrl>#Parti singole_style_map</styleUrl>
        <name>F01857</name>
        <Polygon>
          <outerBoundaryIs>
            <LinearRing>
              <coordinates>8.43722273886941,39.3241176487123 8.43752151166735,39.3242080283121 8.43754835664749,39.3241545090344 8.43729562199755,39.324078057323 8.43728468360214,39.3240923312559 8.43724192085234,39.3240793924213 8.43722273886941,39.3241176487123</coordinates>
            </LinearRing>
          </outerBoundaryIs>
        </Polygon>
      </Placemark>
      <Placemark xmlns="http://www.opengis.net/kml/2.2">
        <styleUrl>#Parti singole_style_map</styleUrl>
        <name>F01920</name>
        <Polygon>
          <outerBoundaryIs>
            <LinearRing>
              <coordinates>8.43708005551929,39.3186230433414 8.43710993584188,39.3186261974666 8.43714881521472,39.318464789434 8.43711768416067,39.3184599352738 8.43710887549582,39.318496601848 8.43709092620983,39.3185057328431 8.43707903282341,39.3185668662959 8.43708953335289,39.3185824964385 8.43708005551929,39.3186230433414</coordinates>
            </LinearRing>
          </outerBoundaryIs>
        </Polygon>
      </Placemark>
      <Placemark xmlns="http://www.opengis.net/kml/2.2">
        <styleUrl>#Parti singole_style_map</styleUrl>
        <name>F01921</name>
        <Polygon>
          <outerBoundaryIs>
            <LinearRing>
              <coordinates>8.43709173188021,39.3184558990975 8.43711768416067,39.3184599352738 8.43714881521472,39.318464789434 8.4371862188597,39.3183094564011 8.43713240712172,39.3183019875665 8.43709173188021,39.3184558990975</coordinates>
            </LinearRing>
          </outerBoundaryIs>
        </Polygon>
      </Placemark>
      <Placemark xmlns="http://www.opengis.net/kml/2.2">
        <styleUrl>#Parti singole_style_map</styleUrl>
        <name>F01946</name>
        <Polygon>
          <outerBoundaryIs>
            <LinearRing>
              <coordinates>8.43770894175778,39.3136852267707 8.43773555616501,39.313691825022 8.43774153066729,39.3136772476978 8.43777267157273,39.3136849581012 8.43779146826174,39.3136321296248 8.43773642392165,39.3136182395606 8.43770936776751,39.3136841745883 8.43770894175778,39.3136852267707</coordinates>
            </LinearRing>
          </outerBoundaryIs>
        </Polygon>
      </Placemark>
      <Placemark xmlns="http://www.opengis.net/kml/2.2">
        <styleUrl>#Parti singole_style_map</styleUrl>
        <name>F01949</name>
        <Polygon>
          <outerBoundaryIs>
            <LinearRing>
              <coordinates>8.43835806834315,39.3115182375417 8.43841570507076,39.3114993141607 8.43840622223748,39.3114798054588 8.43837476522062,39.311479824805 8.43834463415681,39.311489536954 8.43835806834315,39.3115182375417</coordinates>
            </LinearRing>
          </outerBoundaryIs>
        </Polygon>
      </Placemark>
      <Placemark xmlns="http://www.opengis.net/kml/2.2">
        <styleUrl>#Parti singole_style_map</styleUrl>
        <name>F01403</name>
        <Polygon>
          <outerBoundaryIs>
            <LinearRing>
              <coordinates>8.43851950077646,39.3105010982345 8.4385577091946,39.3104747162905 8.43852497606547,39.3104499598538 8.43848298378983,39.3104743556471 8.43851950077646,39.3105010982345</coordinates>
            </LinearRing>
          </outerBoundaryIs>
        </Polygon>
      </Placemark>
      <Placemark xmlns="http://www.opengis.net/kml/2.2">
        <styleUrl>#Parti singole_style_map</styleUrl>
        <name>F01405</name>
        <Polygon>
          <outerBoundaryIs>
            <LinearRing>
              <coordinates>8.43727189063575,39.3091158316654 8.43730996098457,39.3092659434615 8.43736722473141,39.3092571827607 8.43735252064364,39.3091945509345 8.43728100598683,39.309114542184 8.43727189063575,39.3091158316654</coordinates>
            </LinearRing>
          </outerBoundaryIs>
        </Polygon>
      </Placemark>
      <Placemark xmlns="http://www.opengis.net/kml/2.2">
        <styleUrl>#Parti singole_style_map</styleUrl>
        <name>F01404</name>
        <Polygon>
          <outerBoundaryIs>
            <LinearRing>
              <coordinates>8.43727189063575,39.3091158316654 8.43730996098457,39.3092659434615 8.43736722473141,39.3092571827607 8.43735252064364,39.3091945509345 8.43728100598683,39.309114542184 8.43727189063575,39.3091158316654</coordinates>
            </LinearRing>
          </outerBoundaryIs>
        </Polygon>
      </Placemark>
      <Placemark xmlns="http://www.opengis.net/kml/2.2">
        <styleUrl>#Parti singole_style_map</styleUrl>
        <name>F01951</name>
        <Polygon>
          <outerBoundaryIs>
            <LinearRing>
              <coordinates>8.43850659505683,39.3112238658827 8.43859612813569,39.3112065020066 8.43865078650135,39.3111959169746 8.43864849544624,39.3111879675685 8.43869332484335,39.3111793985203 8.43864142778262,39.3111231651683 8.43861534881787,39.3110932322152 8.43858599249849,39.3110728076604 8.43853057495962,39.3110535999065 8.43851720356055,39.311085216694 8.43850463760507,39.3111335971102 8.43846707230384,39.3111577354473 8.43846225568127,39.3111900152515 8.43850659505683,39.3112238658827</coordinates>
            </LinearRing>
          </outerBoundaryIs>
        </Polygon>
      </Placemark>
      <Placemark xmlns="http://www.opengis.net/kml/2.2">
        <styleUrl>#Parti singole_style_map</styleUrl>
        <name>F01941</name>
        <Polygon>
          <outerBoundaryIs>
            <LinearRing>
              <coordinates>8.44009766218772,39.3319265371984 8.44016819823818,39.3318867345482 8.44020745138975,39.3319286694909 8.44025582882635,39.3318973111912 8.44018152722744,39.3318085057397 8.44005509393426,39.331879846694 8.44009766218772,39.3319265371984</coordinates>
            </LinearRing>
          </outerBoundaryIs>
        </Polygon>
      </Placemark>
      <Placemark xmlns="http://www.opengis.net/kml/2.2">
        <styleUrl>#Parti singole_style_map</styleUrl>
        <name>F01955</name>
        <Polygon>
          <outerBoundaryIs>
            <LinearRing>
              <coordinates>8.43637548287185,39.3203194997693 8.43640181621764,39.3203151671046 8.43644241385479,39.320308497707 8.43647215242582,39.3203048302858 8.43648817434722,39.3203060882863 8.43648824635385,39.3202985647842 8.43653984883183,39.3203010763975 8.43652263540323,39.3204554527218 8.4367930583393,39.3205073838159 8.43680086850838,39.3204506368289 8.43691553129185,39.3201828562296 8.43678509370301,39.3201858380423 8.43663708522117,39.3202056655362 8.43656678616202,39.3202576316068 8.43650516085853,39.3202767870022 8.4364900424086,39.3202814803764 8.43638923323966,39.3202829292903 8.43637873352137,39.3202830766531 8.43637548287185,39.3203194997693</coordinates>
            </LinearRing>
          </outerBoundaryIs>
        </Polygon>
      </Placemark>
      <Placemark xmlns="http://www.opengis.net/kml/2.2">
        <styleUrl>#Parti singole_style_map</styleUrl>
        <name>F01746</name>
        <Polygon>
          <outerBoundaryIs>
            <LinearRing>
              <coordinates>8.4428212607471,39.3648754052325 8.44286439570399,39.3648958765773 8.44290042687996,39.3648447702422 8.44285611793861,39.364825960235 8.4428212607471,39.3648754052325</coordinates>
            </LinearRing>
          </outerBoundaryIs>
        </Polygon>
      </Placemark>
      <Placemark xmlns="http://www.opengis.net/kml/2.2">
        <styleUrl>#Parti singole_style_map</styleUrl>
        <name>F01747</name>
        <Polygon>
          <outerBoundaryIs>
            <LinearRing>
              <coordinates>8.44286045154641,39.3648196375809 8.44290983454099,39.3648353542484 8.44295884721289,39.3647560170044 8.44290827191028,39.3647384294656 8.44286045154641,39.3648196375809</coordinates>
            </LinearRing>
          </outerBoundaryIs>
        </Polygon>
      </Placemark>
      <Placemark xmlns="http://www.opengis.net/kml/2.2">
        <styleUrl>#Parti singole_style_map</styleUrl>
        <name>F01748</name>
        <Polygon>
          <outerBoundaryIs>
            <LinearRing>
              <coordinates>8.44217409274885,39.3631518944331 8.44223271852992,39.3631451834468 8.44221880135741,39.3630809616833 8.44216316705421,39.3630895521929 8.44217409274885,39.3631518944331</coordinates>
            </LinearRing>
          </outerBoundaryIs>
        </Polygon>
      </Placemark>
      <Placemark xmlns="http://www.opengis.net/kml/2.2">
        <styleUrl>#Parti singole_style_map</styleUrl>
        <name>F01749</name>
        <Polygon>
          <outerBoundaryIs>
            <LinearRing>
              <coordinates>8.44144991844897,39.3630040788384 8.44150007178803,39.3630001298057 8.44149463142484,39.3629326778397 8.44152063807007,39.36292907237 8.44151775081382,39.36291266834 8.44144404334472,39.3629183604261 8.44144991844897,39.3630040788384</coordinates>
            </LinearRing>
          </outerBoundaryIs>
        </Polygon>
      </Placemark>
      <Placemark xmlns="http://www.opengis.net/kml/2.2">
        <styleUrl>#Parti singole_style_map</styleUrl>
        <name>F01750</name>
        <Polygon>
          <outerBoundaryIs>
            <LinearRing>
              <coordinates>8.44144287774194,39.3629073169215 8.44149000933497,39.3629038309381 8.44147793822242,39.3627755620502 8.44142832349762,39.3627789459971 8.44144287774194,39.3629073169215</coordinates>
            </LinearRing>
          </outerBoundaryIs>
        </Polygon>
      </Placemark>
      <Placemark xmlns="http://www.opengis.net/kml/2.2">
        <styleUrl>#Parti singole_style_map</styleUrl>
        <name>F01751</name>
        <Polygon>
          <outerBoundaryIs>
            <LinearRing>
              <coordinates>8.44115974259197,39.3624795691367 8.44120628996142,39.3624765309869 8.44120374810255,39.3624226447759 8.44115418299021,39.362425659413 8.44115974259197,39.3624795691367</coordinates>
            </LinearRing>
          </outerBoundaryIs>
        </Polygon>
      </Placemark>
      <Placemark xmlns="http://www.opengis.net/kml/2.2">
        <styleUrl>#Parti singole_style_map</styleUrl>
        <name>F01752</name>
        <Polygon>
          <outerBoundaryIs>
            <LinearRing>
              <coordinates>8.44115048393791,39.3623669650238 8.44115487796194,39.3624171117535 8.44120322838444,39.3624150373859 8.44120000044103,39.3623700412773 8.44120292099916,39.3623138385722 8.44115221234254,39.3623088823997 8.44115048393791,39.3623669650238</coordinates>
            </LinearRing>
          </outerBoundaryIs>
        </Polygon>
      </Placemark>
      <Placemark xmlns="http://www.opengis.net/kml/2.2">
        <styleUrl>#Parti singole_style_map</styleUrl>
        <name>F01753</name>
        <Polygon>
          <outerBoundaryIs>
            <LinearRing>
              <coordinates>8.44115352306412,39.3623002656146 8.44119759999882,39.3623042438152 8.44120646984364,39.3622574496641 8.44122941388197,39.3621851692523 8.44118959228325,39.3621788687714 8.4411580861268,39.3622506124526 8.44115352306412,39.3623002656146</coordinates>
            </LinearRing>
          </outerBoundaryIs>
        </Polygon>
      </Placemark>
      <Placemark xmlns="http://www.opengis.net/kml/2.2">
        <styleUrl>#Parti singole_style_map</styleUrl>
        <name>F01739</name>
        <Polygon>
          <outerBoundaryIs>
            <LinearRing>
              <coordinates>8.44217248226409,39.3625069846122 8.44225431342012,39.3625058092605 8.44226738383969,39.36238763568 8.44233376582664,39.3623922159977 8.44233551167914,39.3623318177297 8.44229569073566,39.3623283289176 8.44229590612145,39.3622808444204 8.44231464363028,39.3622804747376 8.44231555356598,39.36224489649 8.44219963737702,39.362242403308 8.44217248226409,39.3625069846122</coordinates>
            </LinearRing>
          </outerBoundaryIs>
        </Polygon>
      </Placemark>
      <Placemark xmlns="http://www.opengis.net/kml/2.2">
        <styleUrl>#Parti singole_style_map</styleUrl>
        <name>F01754</name>
        <Polygon>
          <outerBoundaryIs>
            <LinearRing>
              <coordinates>8.44195645475075,39.3624164735872 8.44210237022851,39.3624285359496 8.44212293222877,39.3622325202511 8.44216530571959,39.3620961507968 8.44212536232509,39.3620847320665 8.44199549530009,39.362204552875 8.44198248241345,39.3622032019304 8.44197863647191,39.3622284670437 8.44201062221445,39.362230503717 8.44199147699086,39.3624045314727 8.44195899249418,39.3624024383375 8.44195645475075,39.3624164735872</coordinates>
            </LinearRing>
          </outerBoundaryIs>
        </Polygon>
      </Placemark>
      <Placemark xmlns="http://www.opengis.net/kml/2.2">
        <styleUrl>#Parti singole_style_map</styleUrl>
        <name>F01755</name>
        <Polygon>
          <outerBoundaryIs>
            <LinearRing>
              <coordinates>8.4418837070415,39.3620991337978 8.44201782651262,39.3620239897381 8.44198733636132,39.3619901170039 8.44185561260532,39.3620676062558 8.4418837070415,39.3620991337978</coordinates>
            </LinearRing>
          </outerBoundaryIs>
        </Polygon>
      </Placemark>
      <Placemark xmlns="http://www.opengis.net/kml/2.2">
        <styleUrl>#Parti singole_style_map</styleUrl>
        <name>F01742</name>
        <Polygon>
          <outerBoundaryIs>
            <LinearRing>
              <coordinates>8.44246852512588,39.3654405493004 8.44262754465624,39.3654652705592 8.4426640037979,39.3653049587012 8.44260459577376,39.3652988802033 8.44260733465671,39.3652712309957 8.44257416476121,39.3652661162167 8.44256674907574,39.3652950675545 8.44250810761113,39.3652860192059 8.44246852512588,39.3654405493004</coordinates>
            </LinearRing>
          </outerBoundaryIs>
        </Polygon>
      </Placemark>
      <Placemark xmlns="http://www.opengis.net/kml/2.2">
        <styleUrl>#Parti singole_style_map</styleUrl>
        <name>F01372</name>
        <Polygon>
          <outerBoundaryIs>
            <LinearRing>
              <coordinates>8.44214346612297,39.3627895149693 8.44225693170189,39.3627966729247 8.4422748767478,39.3626144037496 8.44226402364162,39.362612946057 8.44227162544877,39.3625722548882 8.44231810488007,39.3625748385428 8.44232955993087,39.362448142253 8.44228794692596,39.3624422930947 8.4422737467718,39.3625055240164 8.44225431342012,39.3625058092605 8.44217248226409,39.3625069846122 8.44214346612297,39.3627895149693</coordinates>
            </LinearRing>
          </outerBoundaryIs>
        </Polygon>
      </Placemark>
      <Placemark xmlns="http://www.opengis.net/kml/2.2">
        <styleUrl>#Parti singole_style_map</styleUrl>
        <name>F01373</name>
        <Polygon>
          <outerBoundaryIs>
            <LinearRing>
              <coordinates>8.44214346612297,39.3627895149693 8.44225693170189,39.3627966729247 8.4422748767478,39.3626144037496 8.44226402364162,39.362612946057 8.44227162544877,39.3625722548882 8.44231810488007,39.3625748385428 8.44232955993087,39.362448142253 8.44228794692596,39.3624422930947 8.4422737467718,39.3625055240164 8.44225431342012,39.3625058092605 8.44217248226409,39.3625069846122 8.44214346612297,39.3627895149693</coordinates>
            </LinearRing>
          </outerBoundaryIs>
        </Polygon>
      </Placemark>
      <Placemark xmlns="http://www.opengis.net/kml/2.2">
        <styleUrl>#Parti singole_style_map</styleUrl>
        <name>F01374</name>
        <Polygon>
          <outerBoundaryIs>
            <LinearRing>
              <coordinates>8.44214346612297,39.3627895149693 8.44225693170189,39.3627966729247 8.4422748767478,39.3626144037496 8.44226402364162,39.362612946057 8.44227162544877,39.3625722548882 8.44231810488007,39.3625748385428 8.44232955993087,39.362448142253 8.44228794692596,39.3624422930947 8.4422737467718,39.3625055240164 8.44225431342012,39.3625058092605 8.44217248226409,39.3625069846122 8.44214346612297,39.3627895149693</coordinates>
            </LinearRing>
          </outerBoundaryIs>
        </Polygon>
      </Placemark>
      <Placemark xmlns="http://www.opengis.net/kml/2.2">
        <styleUrl>#Parti singole_style_map</styleUrl>
        <name>F01740</name>
        <Polygon>
          <outerBoundaryIs>
            <LinearRing>
              <coordinates>8.44214021637636,39.3618606211472 8.44219706063695,39.3618515588894 8.44218829501012,39.3618182679618 8.44213204695288,39.3618282611608 8.44214021637636,39.3618606211472</coordinates>
            </LinearRing>
          </outerBoundaryIs>
        </Polygon>
      </Placemark>
      <Placemark xmlns="http://www.opengis.net/kml/2.2">
        <styleUrl>#Parti singole_style_map</styleUrl>
        <name>F01741</name>
        <Polygon>
          <outerBoundaryIs>
            <LinearRing>
              <coordinates>8.44225738855421,39.3620042074082 8.44230815139886,39.3620067124927 8.44231639415907,39.3619277656475 8.4423139423755,39.3619237171696 8.44226061822656,39.3619221819528 8.44225738855421,39.3620042074082</coordinates>
            </LinearRing>
          </outerBoundaryIs>
        </Polygon>
      </Placemark>
      <Placemark xmlns="http://www.opengis.net/kml/2.2">
        <styleUrl>#Parti singole_style_map</styleUrl>
        <name>F01743</name>
        <Polygon>
          <outerBoundaryIs>
            <LinearRing>
              <coordinates>8.44265967962987,39.3651057691633 8.44270659580866,39.3651266281193 8.44275057452946,39.3650702076616 8.44270491393068,39.3650432726304 8.44265967962987,39.3651057691633</coordinates>
            </LinearRing>
          </outerBoundaryIs>
        </Polygon>
      </Placemark>
      <Placemark xmlns="http://www.opengis.net/kml/2.2">
        <styleUrl>#Parti singole_style_map</styleUrl>
        <name>F01744</name>
        <Polygon>
          <outerBoundaryIs>
            <LinearRing>
              <coordinates>8.4427555854859,39.365054616419 8.44280090614743,39.364984163961 8.44275939628243,39.3649666107819 8.44270925422998,39.3650361120347 8.4427555854859,39.365054616419</coordinates>
            </LinearRing>
          </outerBoundaryIs>
        </Polygon>
      </Placemark>
      <Placemark xmlns="http://www.opengis.net/kml/2.2">
        <styleUrl>#Parti singole_style_map</styleUrl>
        <name>F01745</name>
        <Polygon>
          <outerBoundaryIs>
            <LinearRing>
              <coordinates>8.44280586278019,39.3649783218524 8.44286023671219,39.3649065161135 8.44281455009788,39.3648828608341 8.44276434116653,39.3649607866399 8.44280586278019,39.3649783218524</coordinates>
            </LinearRing>
          </outerBoundaryIs>
        </Polygon>
      </Placemark>
      <Placemark xmlns="http://www.opengis.net/kml/2.2">
        <styleUrl>#Parti singole_style_map</styleUrl>
        <name>F00899</name>
        <Polygon>
          <outerBoundaryIs>
            <LinearRing>
              <coordinates>8.50725047168945,39.3002968202847 8.50736472945479,39.3003049452032 8.50738317053106,39.3001857132592 8.50726893009581,39.300171839637 8.50725047168945,39.3002968202847</coordinates>
            </LinearRing>
          </outerBoundaryIs>
        </Polygon>
      </Placemark>
      <Placemark xmlns="http://www.opengis.net/kml/2.2">
        <styleUrl>#Parti singole_style_map</styleUrl>
        <name>F00900</name>
        <Polygon>
          <outerBoundaryIs>
            <LinearRing>
              <coordinates>8.51700832964118,39.3032121298591 8.51698666710446,39.3032371075446 8.51707118570437,39.3032784839194 8.51702918404237,39.303329940571 8.51710934377765,39.3034486372208 8.51718712861077,39.3034860208735 8.51723382830204,39.3035052812134 8.51722359813145,39.3034126273101 8.51734074659956,39.3031293410375 8.51722770021737,39.3030808181665 8.5171257282219,39.303019041435 8.51705066650002,39.3030883190913 8.5169626471819,39.3031917112784 8.51700832964118,39.3032121298591</coordinates>
            </LinearRing>
          </outerBoundaryIs>
          <innerBoundaryIs>
            <LinearRing>
              <coordinates>8.51712692800366,39.3030722543001 8.5172353418021,39.3031248759112 8.51717525627015,39.3031970271171 8.51706824687655,39.3031442400784 8.51712692800366,39.3030722543001</coordinates>
            </LinearRing>
          </innerBoundaryIs>
        </Polygon>
      </Placemark>
      <Placemark xmlns="http://www.opengis.net/kml/2.2">
        <styleUrl>#Parti singole_style_map</styleUrl>
        <name>F02004</name>
        <Polygon>
          <outerBoundaryIs>
            <LinearRing>
              <coordinates>8.5285885825603,39.3617397883805 8.52856328908074,39.3617192632711 8.52851351267723,39.3616880872302 8.52841589576538,39.3616638650624 8.52841230788945,39.3616757636767 8.52841575832713,39.3616842870731 8.52839203550968,39.3616909983869 8.5283994275321,39.3617002185216 8.52842226655404,39.3616945247506 8.52843802373829,39.3616986731646 8.52843357039069,39.3617088663891 8.52845018160048,39.361716422026 8.52843743409987,39.3617211355982 8.52845305386331,39.3617457060207 8.5283129113964,39.3617856424009 8.52834150664504,39.3618382088695 8.52836101271331,39.3618702507845 8.52841195931182,39.3618578634919 8.52840765484511,39.3618459328708 8.52841073783729,39.3618439031172 8.52856230561364,39.3618002688031 8.52863785875207,39.361780152517 8.5285885825603,39.3617397883805</coordinates>
            </LinearRing>
          </outerBoundaryIs>
        </Polygon>
      </Placemark>
      <Placemark xmlns="http://www.opengis.net/kml/2.2">
        <styleUrl>#Parti singole_style_map</styleUrl>
        <name>F01858</name>
        <Polygon>
          <outerBoundaryIs>
            <LinearRing>
              <coordinates>8.48833356851726,39.3064873233774 8.48842009974897,39.3066295403529 8.48837370972585,39.3066465827024 8.4883960473936,39.3066833001634 8.48843842523166,39.306667735928 8.48846282596311,39.3067078414366 8.48852704390786,39.3066842636279 8.4883938429088,39.3064653321895 8.48833356851726,39.3064873233774</coordinates>
            </LinearRing>
          </outerBoundaryIs>
        </Polygon>
      </Placemark>
      <Placemark xmlns="http://www.opengis.net/kml/2.2">
        <styleUrl>#Parti singole_style_map</styleUrl>
        <name>F01719</name>
        <Polygon>
          <outerBoundaryIs>
            <LinearRing>
              <coordinates>8.51017937013513,39.300006439987 8.51039997864182,39.3001138204663 8.51065846832537,39.3002406261825 8.51073063985916,39.3001548325855 8.51061743353505,39.300110970454 8.51068163986835,39.3000309000606 8.5102577072055,39.2999283436884 8.51017937013513,39.300006439987</coordinates>
            </LinearRing>
          </outerBoundaryIs>
        </Polygon>
      </Placemark>
      <Placemark xmlns="http://www.opengis.net/kml/2.2">
        <styleUrl>#Parti singole_style_map</styleUrl>
        <name>F01720</name>
        <Polygon>
          <outerBoundaryIs>
            <LinearRing>
              <coordinates>8.48868610478541,39.3020714252225 8.48887831998814,39.3029674231358 8.48871135864989,39.3037065442287 8.48898313200318,39.3042866088905 8.48904369077991,39.3040403527806 8.48902399951043,39.3038567826232 8.48905236392483,39.3037170710692 8.48915039530158,39.3035472365058 8.48923426702055,39.3028796639235 8.48932376230476,39.3024034208487 8.48938572786945,39.3022280663916 8.48945687704763,39.3020720439853 8.48954167100667,39.30190557499 8.48958721876423,39.301822038918 8.48967266996746,39.301702292892 8.48934417297504,39.3017688097321 8.48857882769182,39.3017655559474 8.48868610478541,39.3020714252225</coordinates>
            </LinearRing>
          </outerBoundaryIs>
        </Polygon>
      </Placemark>
      <Placemark xmlns="http://www.opengis.net/kml/2.2">
        <styleUrl>#Parti singole_style_map</styleUrl>
        <name>F01721</name>
        <Polygon>
          <outerBoundaryIs>
            <LinearRing>
              <coordinates>8.48868610478541,39.3020714252225 8.48887831998814,39.3029674231358 8.48871135864989,39.3037065442287 8.48898313200318,39.3042866088905 8.48904369077991,39.3040403527806 8.48902399951043,39.3038567826232 8.48905236392483,39.3037170710692 8.48915039530158,39.3035472365058 8.48923426702055,39.3028796639235 8.48932376230476,39.3024034208487 8.48938572786945,39.3022280663916 8.48945687704763,39.3020720439853 8.48954167100667,39.30190557499 8.48958721876423,39.301822038918 8.48967266996746,39.301702292892 8.48934417297504,39.3017688097321 8.48857882769182,39.3017655559474 8.48868610478541,39.3020714252225</coordinates>
            </LinearRing>
          </outerBoundaryIs>
        </Polygon>
      </Placemark>
      <Placemark xmlns="http://www.opengis.net/kml/2.2">
        <styleUrl>#Parti singole_style_map</styleUrl>
        <name>F01722</name>
        <Polygon>
          <outerBoundaryIs>
            <LinearRing>
              <coordinates>8.48868610478541,39.3020714252225 8.48887831998814,39.3029674231358 8.48871135864989,39.3037065442287 8.48898313200318,39.3042866088905 8.48904369077991,39.3040403527806 8.48902399951043,39.3038567826232 8.48905236392483,39.3037170710692 8.48915039530158,39.3035472365058 8.48923426702055,39.3028796639235 8.48932376230476,39.3024034208487 8.48938572786945,39.3022280663916 8.48945687704763,39.3020720439853 8.48954167100667,39.30190557499 8.48958721876423,39.301822038918 8.48967266996746,39.301702292892 8.48934417297504,39.3017688097321 8.48857882769182,39.3017655559474 8.48868610478541,39.3020714252225</coordinates>
            </LinearRing>
          </outerBoundaryIs>
        </Polygon>
      </Placemark>
      <Placemark xmlns="http://www.opengis.net/kml/2.2">
        <styleUrl>#Parti singole_style_map</styleUrl>
        <name>F01859</name>
        <Polygon>
          <outerBoundaryIs>
            <LinearRing>
              <coordinates>8.48876676310296,39.3003576126919 8.48881348843579,39.3003703968695 8.48883827537013,39.3003141531987 8.48872536727753,39.3002738660484 8.48869835943824,39.3002831094162 8.48858099811782,39.3005008223971 8.48854287207281,39.3006178382372 8.48869231114009,39.3006455450682 8.48874337176804,39.300529604224 8.48868508129968,39.3005139758899 8.48876676310296,39.3003576126919</coordinates>
            </LinearRing>
          </outerBoundaryIs>
        </Polygon>
      </Placemark>
      <Placemark xmlns="http://www.opengis.net/kml/2.2">
        <styleUrl>#Parti singole_style_map</styleUrl>
        <name>F01862</name>
        <Polygon>
          <outerBoundaryIs>
            <LinearRing>
              <coordinates>8.51153265487985,39.3006218177035 8.51157995362785,39.3006328200613 8.51160435184417,39.3005614950545 8.51155706479982,39.300550483745 8.51153265487985,39.3006218177035</coordinates>
            </LinearRing>
          </outerBoundaryIs>
        </Polygon>
      </Placemark>
      <Placemark xmlns="http://www.opengis.net/kml/2.2">
        <styleUrl>#Parti singole_style_map</styleUrl>
        <name>F01863</name>
        <Polygon>
          <outerBoundaryIs>
            <LinearRing>
              <coordinates>8.51156938006752,39.3006857132479 8.51163498727418,39.3007156157002 8.51167296435202,39.3007329223873 8.51170931181951,39.3006843723801 8.51166763529644,39.3006653832054 8.51160615535591,39.3006373542925 8.51156938006752,39.3006857132479</coordinates>
            </LinearRing>
          </outerBoundaryIs>
        </Polygon>
      </Placemark>
      <Placemark xmlns="http://www.opengis.net/kml/2.2">
        <styleUrl>#Parti singole_style_map</styleUrl>
        <name>F01922</name>
        <Polygon>
          <outerBoundaryIs>
            <LinearRing>
              <coordinates>8.50863461510213,39.3010869616881 8.50865714126594,39.301098004769 8.50864833047122,39.3011091407627 8.5086659918487,39.3011176493237 8.5086763886089,39.3011069255058 8.50872361366292,39.3011301021002 8.50871465223818,39.3011412194415 8.50873228785328,39.3011500973202 8.50874076219758,39.3011389779207 8.50876272694321,39.3011490454602 8.50877122712395,39.3011375477202 8.50878842091994,39.3011449279569 8.50880198613291,39.3011288922119 8.50866518077393,39.3010512374059 8.50863461510213,39.3010869616881</coordinates>
            </LinearRing>
          </outerBoundaryIs>
        </Polygon>
      </Placemark>
      <Placemark xmlns="http://www.opengis.net/kml/2.2">
        <styleUrl>#Parti singole_style_map</styleUrl>
        <name>F01923</name>
        <Polygon>
          <outerBoundaryIs>
            <LinearRing>
              <coordinates>8.50957981901206,39.3012098185763 8.50936389266033,39.301097608575 8.50931699011554,39.3011543941115 8.50953193079028,39.3012649420837 8.50957981901206,39.3012098185763</coordinates>
            </LinearRing>
          </outerBoundaryIs>
        </Polygon>
      </Placemark>
      <Placemark xmlns="http://www.opengis.net/kml/2.2">
        <styleUrl>#Parti singole_style_map</styleUrl>
        <name>F01860</name>
        <Polygon>
          <outerBoundaryIs>
            <LinearRing>
              <coordinates>8.48907997056198,39.3010448789301 8.4889830751845,39.3008098749723 8.48909831271418,39.300442958263 8.48911493487619,39.3004477337629 8.489172209504,39.3002762653651 8.48916770933926,39.3002751570932 8.48930540281209,39.3000024476619 8.48928364524062,39.3000018178193 8.48919676265181,39.2999502288805 8.48914250376478,39.2999846636069 8.48908823996842,39.3002684589119 8.48907827986883,39.3002984746866 8.48902398709589,39.3002881082742 8.48900405040256,39.300358366822 8.48905673595247,39.3003728620716 8.48904343393364,39.3004031334849 8.48901263618307,39.3005315891453 8.48901643343645,39.300532506888 8.48900645271715,39.3005573774859 8.48894513214565,39.3008131095816 8.48907997056198,39.3010448789301</coordinates>
            </LinearRing>
          </outerBoundaryIs>
        </Polygon>
      </Placemark>
      <Placemark xmlns="http://www.opengis.net/kml/2.2">
        <styleUrl>#Parti singole_style_map</styleUrl>
        <name>F01964</name>
        <Polygon>
          <outerBoundaryIs>
            <LinearRing>
              <coordinates>8.4899430207754,39.3012008286949 8.49002384131684,39.3012490385374 8.49016100806636,39.3011223553603 8.49011385622728,39.3010915395535 8.49008708376866,39.3011162645618 8.49005633407278,39.3010961712034 8.4899430207754,39.3012008286949</coordinates>
            </LinearRing>
          </outerBoundaryIs>
        </Polygon>
      </Placemark>
      <Placemark xmlns="http://www.opengis.net/kml/2.2">
        <styleUrl>#Parti singole_style_map</styleUrl>
        <name>F01861</name>
        <Polygon>
          <outerBoundaryIs>
            <LinearRing>
              <coordinates>8.5079230351203,39.30131304981 8.50801137786749,39.3014067377348 8.50805215729824,39.3013964307996 8.50818253079421,39.3015595161297 8.50832949064847,39.3015948733724 8.50832608561746,39.3016041489611 8.50831955956307,39.3016218903801 8.50824218452597,39.3016064524786 8.50822431375291,39.3016559895715 8.50828237538178,39.3016653087193 8.5082704011099,39.3017058600922 8.50829241490974,39.3017105936227 8.50860695398982,39.3017782770567 8.50862872951767,39.3017242510738 8.50869256868398,39.3017366219979 8.50873779706541,39.3017219994897 8.5087262700084,39.3017168958384 8.50871881510787,39.3016817498566 8.50884531608044,39.3016178037892 8.50873398565708,39.301514170787 8.50838792153607,39.3014503822417 8.50813964323743,39.3013591452118 8.50803018723299,39.3012166114739 8.50794670225893,39.3012357304119 8.5079230351203,39.30131304981</coordinates>
            </LinearRing>
          </outerBoundaryIs>
        </Polygon>
      </Placemark>
      <Placemark xmlns="http://www.opengis.net/kml/2.2">
        <styleUrl>#Parti singole_style_map</styleUrl>
        <name>F00786</name>
        <Polygon>
          <outerBoundaryIs>
            <LinearRing>
              <coordinates>8.50939019078555,39.3020008471441 8.50962996153839,39.3020177310211 8.50963750388423,39.3019757762678 8.50965791547745,39.3019784224577 8.50966547925271,39.3019333956064 8.50969052181262,39.301933501154 8.50970492236615,39.3018531729715 8.50939932231534,39.3018257710373 8.50939243528152,39.3018682405705 8.50936803029657,39.301871209834 8.50936321686956,39.3018998632722 8.50938430533004,39.3018999522094 8.50937674853303,39.3019439550097 8.50939650824601,39.3019455744341 8.50939019078555,39.3020008471441</coordinates>
            </LinearRing>
          </outerBoundaryIs>
        </Polygon>
      </Placemark>
      <Placemark xmlns="http://www.opengis.net/kml/2.2">
        <styleUrl>#Parti singole_style_map</styleUrl>
        <name>F00915</name>
        <Polygon>
          <outerBoundaryIs>
            <LinearRing>
              <coordinates>8.50745886866468,39.3001952696875 8.50755424568544,39.30020342261 8.50755456201893,39.3001996574967 8.50746086604537,39.3001750492317 8.50745886866468,39.3001952696875</coordinates>
            </LinearRing>
          </outerBoundaryIs>
        </Polygon>
      </Placemark>
      <Placemark xmlns="http://www.opengis.net/kml/2.2">
        <styleUrl>#Parti singole_style_map</styleUrl>
        <name>F00917</name>
        <MultiGeometry>
          <Polygon>
            <outerBoundaryIs>
              <LinearRing>
                <coordinates>8.50746271351874,39.3001563599519 8.50755764610364,39.3001633846585 8.50755456201893,39.3001996574967 8.50779899233774,39.3002716687938 8.50828698545894,39.3005215883642 8.50833585142806,39.3004577381742 8.50839564826943,39.3004841127507 8.50834547193602,39.3005479484171 8.50849250465703,39.3006123741237 8.50872463764236,39.3007134989986 8.50901338640944,39.3008383351107 8.50914124158151,39.3008939837808 8.50927165379349,39.3007148435583 8.50935906451311,39.3007528497289 8.50944117473603,39.300656457645 8.50938866453373,39.3006328265405 8.50948278423788,39.3005189143002 8.50953282665068,39.3005455084735 8.50961482988566,39.3004344735029 8.50981213881277,39.3005336833303 8.51019241696076,39.3007231300731 8.51009751084286,39.3008302004892 8.51014269195463,39.3008022775111 8.51035560120553,39.3007002181135 8.51046539241177,39.3006654575228 8.51073753263699,39.3003197643459 8.51069665134217,39.300299895124 8.51045223192533,39.3006135188129 8.51042645597314,39.3006011558579 8.51037625582046,39.3006603428057 8.51036141246533,39.3006535043239 8.5103350694781,39.3006842098755 8.51023070893841,39.3006287154907 8.51019444228144,39.3006705254077 8.50994127030719,39.3005477072933 8.50970944072675,39.3004345118446 8.50999149679733,39.3000958454483 8.51029747987435,39.3002471521877 8.51032831741126,39.3002105185297 8.5102786409804,39.3001863140601 8.51033049265341,39.3001230883176 8.5103753391834,39.3001447404446 8.51039997864182,39.3001138204663 8.51017937013513,39.300006439987 8.5102577072055,39.2999283436884 8.50976058554451,39.2998080996062 8.50909680860746,39.2996799804328 8.5085227293033,39.2996260787438 8.50791473905473,39.2995724092408 8.50746790567928,39.2995863410706 8.50742193650935,39.3000258662554 8.50741034014386,39.3001580124222 8.50746086604537,39.3001750492317 8.50746271351874,39.3001563599519</coordinates>
              </LinearRing>
            </outerBoundaryIs>
          </Polygon>
          <LineString>
            <coordinates>8.50901338640944,39.3008383351107 8.50905162487315,39.3007799673843 8.50899595950104,39.3007548388723 8.50902923212262,39.3007094595947 8.50908858889959,39.3007303361958 8.50911357811622,39.3006913231477 8.50892462762826,39.3006137112128 8.50891535925958,39.3006300307323 8.50858673659233,39.3004970626833 8.50865700336373,39.3003977851221 8.50897924278865,39.3005271698059 8.50899865010813,39.3005009356381 8.50868832085116,39.3003701788163 8.50872537446927,39.3003077457012 8.50868153009445,39.3002940468819 8.50869910667224,39.3002678050313 8.50866900317902,39.3002527417446 8.50877437784222,39.3001073814236 8.50887386703256,39.3001490537016 8.50892189014224,39.3000888005654 8.50883034107402,39.3000898365761 8.5087837456661,39.3000768374256 8.50876437818425,39.3000973817646 8.50860308021267,39.3001237278939 8.50859519970523,39.3002033540917 8.50834429747959,39.3002143851873 8.50833478582968,39.3001346855055 8.50831554766535,39.3001367379356 8.50830469824455,39.299986619301 8.50827996778107,39.2999886485121 8.5082761477544,39.2998805230623 8.50888864210851,39.2998688853782 8.50905828783601,39.2999577958396 8.50913669247072,39.2998727772275 8.50948329323384,39.3000527617361 8.50955995608686,39.2999549330775 8.50986652432548,39.300099896648 8.50954630813128,39.3004673278609 8.50948278423788,39.3005189143002</coordinates>
          </LineString>
        </MultiGeometry>
      </Placemark>
      <Placemark xmlns="http://www.opengis.net/kml/2.2">
        <styleUrl>#Parti singole_style_map</styleUrl>
        <name>F00916</name>
        <MultiGeometry>
          <Polygon>
            <outerBoundaryIs>
              <LinearRing>
                <coordinates>8.50746271351874,39.3001563599519 8.50755764610364,39.3001633846585 8.50755456201893,39.3001996574967 8.50779899233774,39.3002716687938 8.50828698545894,39.3005215883642 8.50833585142806,39.3004577381742 8.50839564826943,39.3004841127507 8.50834547193602,39.3005479484171 8.50849250465703,39.3006123741237 8.50872463764236,39.3007134989986 8.50901338640944,39.3008383351107 8.50914124158151,39.3008939837808 8.50927165379349,39.3007148435583 8.50935906451311,39.3007528497289 8.50944117473603,39.300656457645 8.50938866453373,39.3006328265405 8.50948278423788,39.3005189143002 8.50953282665068,39.3005455084735 8.50961482988566,39.3004344735029 8.50981213881277,39.3005336833303 8.51019241696076,39.3007231300731 8.51009751084286,39.3008302004892 8.51014269195463,39.3008022775111 8.51035560120553,39.3007002181135 8.51046539241177,39.3006654575228 8.51073753263699,39.3003197643459 8.51069665134217,39.300299895124 8.51045223192533,39.3006135188129 8.51042645597314,39.3006011558579 8.51037625582046,39.3006603428057 8.51036141246533,39.3006535043239 8.5103350694781,39.3006842098755 8.51023070893841,39.3006287154907 8.51019444228144,39.3006705254077 8.50994127030719,39.3005477072933 8.50970944072675,39.3004345118446 8.50999149679733,39.3000958454483 8.51029747987435,39.3002471521877 8.51032831741126,39.3002105185297 8.5102786409804,39.3001863140601 8.51033049265341,39.3001230883176 8.5103753391834,39.3001447404446 8.51039997864182,39.3001138204663 8.51017937013513,39.300006439987 8.5102577072055,39.2999283436884 8.50976058554451,39.2998080996062 8.50909680860746,39.2996799804328 8.5085227293033,39.2996260787438 8.50791473905473,39.2995724092408 8.50746790567928,39.2995863410706 8.50742193650935,39.3000258662554 8.50741034014386,39.3001580124222 8.50746086604537,39.3001750492317 8.50746271351874,39.3001563599519</coordinates>
              </LinearRing>
            </outerBoundaryIs>
          </Polygon>
          <LineString>
            <coordinates>8.50901338640944,39.3008383351107 8.50905162487315,39.3007799673843 8.50899595950104,39.3007548388723 8.50902923212262,39.3007094595947 8.50908858889959,39.3007303361958 8.50911357811622,39.3006913231477 8.50892462762826,39.3006137112128 8.50891535925958,39.3006300307323 8.50858673659233,39.3004970626833 8.50865700336373,39.3003977851221 8.50897924278865,39.3005271698059 8.50899865010813,39.3005009356381 8.50868832085116,39.3003701788163 8.50872537446927,39.3003077457012 8.50868153009445,39.3002940468819 8.50869910667224,39.3002678050313 8.50866900317902,39.3002527417446 8.50877437784222,39.3001073814236 8.50887386703256,39.3001490537016 8.50892189014224,39.3000888005654 8.50883034107402,39.3000898365761 8.5087837456661,39.3000768374256 8.50876437818425,39.3000973817646 8.50860308021267,39.3001237278939 8.50859519970523,39.3002033540917 8.50834429747959,39.3002143851873 8.50833478582968,39.3001346855055 8.50831554766535,39.3001367379356 8.50830469824455,39.299986619301 8.50827996778107,39.2999886485121 8.5082761477544,39.2998805230623 8.50888864210851,39.2998688853782 8.50905828783601,39.2999577958396 8.50913669247072,39.2998727772275 8.50948329323384,39.3000527617361 8.50955995608686,39.2999549330775 8.50986652432548,39.300099896648 8.50954630813128,39.3004673278609 8.50948278423788,39.3005189143002</coordinates>
          </LineString>
        </MultiGeometry>
      </Placemark>
      <Placemark xmlns="http://www.opengis.net/kml/2.2">
        <styleUrl>#Parti singole_style_map</styleUrl>
        <name>F00922</name>
        <Polygon>
          <outerBoundaryIs>
            <LinearRing>
              <coordinates>8.50968755890817,39.3006883217562 8.50999571550889,39.3008292401468 8.51005568436115,39.3008560290853 8.51009751084286,39.3008302004892 8.51019241696076,39.3007231300731 8.50981213881277,39.3005336833303 8.50968755890817,39.3006883217562</coordinates>
            </LinearRing>
          </outerBoundaryIs>
        </Polygon>
      </Placemark>
      <Placemark xmlns="http://www.opengis.net/kml/2.2">
        <styleUrl>#Parti singole_style_map</styleUrl>
        <name>F00918</name>
        <Polygon>
          <outerBoundaryIs>
            <LinearRing>
              <coordinates>8.50828698545894,39.3005215883642 8.50834547193602,39.3005479484171 8.50839564826943,39.3004841127507 8.50833585142806,39.3004577381742 8.50828698545894,39.3005215883642</coordinates>
            </LinearRing>
          </outerBoundaryIs>
        </Polygon>
      </Placemark>
      <Placemark xmlns="http://www.opengis.net/kml/2.2">
        <styleUrl>#Parti singole_style_map</styleUrl>
        <name>F00919</name>
        <MultiGeometry>
          <Polygon>
            <outerBoundaryIs>
              <LinearRing>
                <coordinates>8.50746271351874,39.3001563599519 8.50755764610364,39.3001633846585 8.50755456201893,39.3001996574967 8.50779899233774,39.3002716687938 8.50828698545894,39.3005215883642 8.50833585142806,39.3004577381742 8.50839564826943,39.3004841127507 8.50834547193602,39.3005479484171 8.50849250465703,39.3006123741237 8.50872463764236,39.3007134989986 8.50901338640944,39.3008383351107 8.50914124158151,39.3008939837808 8.50927165379349,39.3007148435583 8.50935906451311,39.3007528497289 8.50944117473603,39.300656457645 8.50938866453373,39.3006328265405 8.50948278423788,39.3005189143002 8.50953282665068,39.3005455084735 8.50961482988566,39.3004344735029 8.50981213881277,39.3005336833303 8.51019241696076,39.3007231300731 8.51009751084286,39.3008302004892 8.51014269195463,39.3008022775111 8.51035560120553,39.3007002181135 8.51046539241177,39.3006654575228 8.51073753263699,39.3003197643459 8.51069665134217,39.300299895124 8.51045223192533,39.3006135188129 8.51042645597314,39.3006011558579 8.51037625582046,39.3006603428057 8.51036141246533,39.3006535043239 8.5103350694781,39.3006842098755 8.51023070893841,39.3006287154907 8.51019444228144,39.3006705254077 8.50994127030719,39.3005477072933 8.50970944072675,39.3004345118446 8.50999149679733,39.3000958454483 8.51029747987435,39.3002471521877 8.51032831741126,39.3002105185297 8.5102786409804,39.3001863140601 8.51033049265341,39.3001230883176 8.5103753391834,39.3001447404446 8.51039997864182,39.3001138204663 8.51017937013513,39.300006439987 8.5102577072055,39.2999283436884 8.50976058554451,39.2998080996062 8.50909680860746,39.2996799804328 8.5085227293033,39.2996260787438 8.50791473905473,39.2995724092408 8.50746790567928,39.2995863410706 8.50742193650935,39.3000258662554 8.50741034014386,39.3001580124222 8.50746086604537,39.3001750492317 8.50746271351874,39.3001563599519</coordinates>
              </LinearRing>
            </outerBoundaryIs>
          </Polygon>
          <LineString>
            <coordinates>8.50901338640944,39.3008383351107 8.50905162487315,39.3007799673843 8.50899595950104,39.3007548388723 8.50902923212262,39.3007094595947 8.50908858889959,39.3007303361958 8.50911357811622,39.3006913231477 8.50892462762826,39.3006137112128 8.50891535925958,39.3006300307323 8.50858673659233,39.3004970626833 8.50865700336373,39.3003977851221 8.50897924278865,39.3005271698059 8.50899865010813,39.3005009356381 8.50868832085116,39.3003701788163 8.50872537446927,39.3003077457012 8.50868153009445,39.3002940468819 8.50869910667224,39.3002678050313 8.50866900317902,39.3002527417446 8.50877437784222,39.3001073814236 8.50887386703256,39.3001490537016 8.50892189014224,39.3000888005654 8.50883034107402,39.3000898365761 8.5087837456661,39.3000768374256 8.50876437818425,39.3000973817646 8.50860308021267,39.3001237278939 8.50859519970523,39.3002033540917 8.50834429747959,39.3002143851873 8.50833478582968,39.3001346855055 8.50831554766535,39.3001367379356 8.50830469824455,39.299986619301 8.50827996778107,39.2999886485121 8.5082761477544,39.2998805230623 8.50888864210851,39.2998688853782 8.50905828783601,39.2999577958396 8.50913669247072,39.2998727772275 8.50948329323384,39.3000527617361 8.50955995608686,39.2999549330775 8.50986652432548,39.300099896648 8.50954630813128,39.3004673278609 8.50948278423788,39.3005189143002</coordinates>
          </LineString>
        </MultiGeometry>
      </Placemark>
      <Placemark xmlns="http://www.opengis.net/kml/2.2">
        <styleUrl>#Parti singole_style_map</styleUrl>
        <name>F01965</name>
        <Polygon>
          <outerBoundaryIs>
            <LinearRing>
              <coordinates>8.51092459798072,39.3005111982861 8.51127896798084,39.3005726804302 8.51134777927399,39.3003087411242 8.51136959964002,39.3002278990969 8.51141514802052,39.3002404079595 8.51145104346148,39.3001217892973 8.51141817224696,39.300114100325 8.51145002681487,39.3000095303184 8.5113698092113,39.2998777460191 8.51127896244675,39.2998502063073 8.51120922962769,39.2998483364805 8.51111012471407,39.299880917058 8.51106724941679,39.2999092736095 8.51102820561218,39.2999436563544 8.51100947350552,39.2999889913095 8.51084694665736,39.2999610778657 8.51079474457189,39.2999831236859 8.51068758354296,39.3000283930665 8.51061743353505,39.300110970454 8.51073063985916,39.3001548325855 8.51065846832537,39.3002406261825 8.51069213503666,39.3002573278298 8.51095604380195,39.3003888486892 8.51092459798072,39.3005111982861</coordinates>
            </LinearRing>
          </outerBoundaryIs>
        </Polygon>
      </Placemark>
      <Placemark xmlns="http://www.opengis.net/kml/2.2">
        <styleUrl>#Parti singole_style_map</styleUrl>
        <name>F01061</name>
        <Polygon>
          <outerBoundaryIs>
            <LinearRing>
              <coordinates>8.48868610478541,39.3020714252225 8.48887831998814,39.3029674231358 8.48871135864989,39.3037065442287 8.48898313200318,39.3042866088905 8.48904369077991,39.3040403527806 8.48902399951043,39.3038567826232 8.48905236392483,39.3037170710692 8.48915039530158,39.3035472365058 8.48923426702055,39.3028796639235 8.48932376230476,39.3024034208487 8.48938572786945,39.3022280663916 8.48945687704763,39.3020720439853 8.48954167100667,39.30190557499 8.48958721876423,39.301822038918 8.48967266996746,39.301702292892 8.48934417297504,39.3017688097321 8.48857882769182,39.3017655559474 8.48868610478541,39.3020714252225</coordinates>
            </LinearRing>
          </outerBoundaryIs>
        </Polygon>
      </Placemark>
      <Placemark xmlns="http://www.opengis.net/kml/2.2">
        <styleUrl>#Parti singole_style_map</styleUrl>
        <name>F01062</name>
        <Polygon>
          <outerBoundaryIs>
            <LinearRing>
              <coordinates>8.48868610478541,39.3020714252225 8.48887831998814,39.3029674231358 8.48871135864989,39.3037065442287 8.48898313200318,39.3042866088905 8.48904369077991,39.3040403527806 8.48902399951043,39.3038567826232 8.48905236392483,39.3037170710692 8.48915039530158,39.3035472365058 8.48923426702055,39.3028796639235 8.48932376230476,39.3024034208487 8.48938572786945,39.3022280663916 8.48945687704763,39.3020720439853 8.48954167100667,39.30190557499 8.48958721876423,39.301822038918 8.48967266996746,39.301702292892 8.48934417297504,39.3017688097321 8.48857882769182,39.3017655559474 8.48868610478541,39.3020714252225</coordinates>
            </LinearRing>
          </outerBoundaryIs>
        </Polygon>
      </Placemark>
      <Placemark xmlns="http://www.opengis.net/kml/2.2">
        <styleUrl>#Parti singole_style_map</styleUrl>
        <name>F01064</name>
        <Polygon>
          <outerBoundaryIs>
            <LinearRing>
              <coordinates>8.51760733095887,39.3040548492307 8.51772424469115,39.3041146961248 8.51776098487393,39.3040727867269 8.51767290285184,39.3040282513652 8.51766850786327,39.304033225042 8.51763784971019,39.3040170409497 8.51760733095887,39.3040548492307</coordinates>
            </LinearRing>
          </outerBoundaryIs>
        </Polygon>
      </Placemark>
      <Placemark xmlns="http://www.opengis.net/kml/2.2">
        <styleUrl>#Parti singole_style_map</styleUrl>
        <name>F01063</name>
        <Polygon>
          <outerBoundaryIs>
            <LinearRing>
              <coordinates>8.51740319977982,39.3039496142277 8.51752096333614,39.3040106362359 8.51755195743002,39.3039728569806 8.5175235637913,39.3039579437402 8.51752602273004,39.3039528539115 8.51743850258421,39.3039076088612 8.51743308837948,39.3039140650584 8.51740319977982,39.3039496142277</coordinates>
            </LinearRing>
          </outerBoundaryIs>
        </Polygon>
      </Placemark>
      <Placemark xmlns="http://www.opengis.net/kml/2.2">
        <styleUrl>#Parti singole_style_map</styleUrl>
        <name>F00806</name>
        <Polygon>
          <outerBoundaryIs>
            <LinearRing>
              <coordinates>8.51612474073392,39.3011450731122 8.51543869218623,39.3011535890317 8.51525676192981,39.3010478660248 8.51525556643691,39.3010446442406 8.51407510275924,39.3008159309577 8.51369950872303,39.3009114603085 8.51333326480242,39.3006818061014 8.51315687715785,39.3005718319505 8.51306889718193,39.300516976324 8.51299098669726,39.3004683981558 8.51266723428865,39.30057046667 8.51249235767793,39.3006255910103 8.51280132091097,39.3007412845528 8.51282658307363,39.3008077177526 8.5122726996792,39.3009868264331 8.51223749940251,39.3009203334275 8.51218239327047,39.300817795433 8.51216366175719,39.3007829808249 8.51197857410293,39.3008220496429 8.51200756500004,39.3008574749868 8.51176207226249,39.3009857387986 8.51171088628122,39.3009299642945 8.51175280800452,39.3009070369324 8.51173900052579,39.3008946343909 8.51178691601027,39.3008686685505 8.51177311924462,39.3008547252366 8.51185629631287,39.3008112825099 8.51183781010455,39.3007929223287 8.51165737305947,39.3008903270857 8.51163078476342,39.3009046775685 8.511589372451,39.3011061530772 8.51187732490044,39.3011246080139 8.51187491202772,39.3011563964773 8.51186165911414,39.3013311565065 8.51177228855002,39.3013245280859 8.51177661464947,39.3012844578562 8.5116574628795,39.3012776773295 8.51165713596354,39.3013146826996 8.51156382153049,39.3013064967425 8.51155727898904,39.30134173696 8.51177418674924,39.3015819703368 8.51188921500809,39.3016531505825 8.51200116298751,39.3015200823935 8.51187959114727,39.3014593001243 8.51192069057177,39.3014128874987 8.51186863152176,39.301382546471 8.51198218906224,39.3012447724764 8.51204375602695,39.3012753966218 8.51216550321658,39.3013359541902 8.51223244217179,39.3014397312031 8.51241707398916,39.3013278900624 8.51311903276437,39.3013583575223 8.51317803508755,39.3013608571039 8.51372533437369,39.3013840327611 8.51392269646663,39.3014181429022 8.51401721998836,39.3014578062245 8.51406602718797,39.3013766529341 8.51413282891448,39.3012777336866 8.51512571526527,39.3011815966429 8.51500437320542,39.3013223328017 8.51504246177297,39.3016293132737 8.5145561473223,39.3016839259399 8.51456255374259,39.3016866198253 8.5151345924282,39.3017200470948 8.51571666464705,39.3014892849846 8.51619273675369,39.3013908331016 8.51647323523453,39.3014479103818 8.51669143868695,39.3015377612494 8.51683845808278,39.3016443101759 8.51689193790551,39.3017348280153 8.51702784552049,39.3019748864276 8.51704573550232,39.3018828808538 8.51699482512948,39.3017171978899 8.5168949732748,39.3015700808568 8.51682392355927,39.3014930150325 8.51660441677627,39.3013279831278 8.51643660206847,39.3012368908399 8.5162775669817,39.3011744346257 8.51612474073392,39.3011450731122</coordinates>
            </LinearRing>
          </outerBoundaryIs>
          <innerBoundaryIs>
            <LinearRing>
              <coordinates>8.51177881208432,39.3014571561974 8.51173611728476,39.3014644558535 8.51172286921006,39.3014282945735 8.51176941532126,39.3014225248745 8.51177881208432,39.3014571561974</coordinates>
            </LinearRing>
          </innerBoundaryIs>
          <innerBoundaryIs>
            <LinearRing>
              <coordinates>8.5123606784813,39.3011821406825 8.51231960408063,39.3010980883539 8.512675013741,39.3010036683203 8.51271242860861,39.3010886873582 8.5123606784813,39.3011821406825</coordinates>
            </LinearRing>
          </innerBoundaryIs>
          <innerBoundaryIs>
            <LinearRing>
              <coordinates>8.51317177845721,39.3010136865707 8.51315971102656,39.3010647534976 8.51321083007289,39.3010768254265 8.51319011553966,39.3011355963227 8.51282067868248,39.3010569997349 8.51285645517638,39.3009519051416 8.51288290403592,39.3008723527195 8.51293904975795,39.3008786609767 8.51294698781257,39.3008561405494 8.51299342806201,39.3008638949045 8.51298743710636,39.3008849277179 8.51309965336782,39.3009050496628 8.5130731189463,39.300993630449 8.51317177845721,39.3010136865707</coordinates>
            </LinearRing>
          </innerBoundaryIs>
          <innerBoundaryIs>
            <LinearRing>
              <coordinates>8.51383181533967,39.3011689790602 8.51383681877596,39.3012637559798 8.51356703562044,39.3012791988351 8.51332653025998,39.3012854285137 8.51330771581663,39.3012859084648 8.51329843131728,39.301168037336 8.51330696001692,39.3010904012013 8.51330333509676,39.3010561996245 8.5132825383666,39.3009528145084 8.51324890058103,39.3009184332954 8.51335504315077,39.3009514778882 8.51339820476355,39.3009604257942 8.51358934593167,39.3010000430195 8.51383862301867,39.3010517158579 8.51381873515152,39.3011117698344 8.51383181533967,39.3011689790602</coordinates>
            </LinearRing>
          </innerBoundaryIs>
        </Polygon>
      </Placemark>
      <Placemark xmlns="http://www.opengis.net/kml/2.2">
        <styleUrl>#Parti singole_style_map</styleUrl>
        <name>F00806</name>
        <MultiGeometry>
          <LineString>
            <coordinates>8.51223244217179,39.3014397312031 8.51228938526469,39.3014052378656</coordinates>
          </LineString>
          <LineString>
            <coordinates>8.51223244217179,39.3014397312031 8.51216550321658,39.3013359541902</coordinates>
          </LineString>
        </MultiGeometry>
      </Placemark>
      <Placemark xmlns="http://www.opengis.net/kml/2.2">
        <styleUrl>#Parti singole_style_map</styleUrl>
        <name>F02015</name>
        <Polygon>
          <outerBoundaryIs>
            <LinearRing>
              <coordinates>8.51133787517838,39.3034720593055 8.5114138611682,39.3034258294569 8.51137406599899,39.3033845917852 8.51136393724475,39.3033918118237 8.51129619678484,39.3034297864832 8.51133787517838,39.3034720593055</coordinates>
            </LinearRing>
          </outerBoundaryIs>
        </Polygon>
      </Placemark>
      <Placemark xmlns="http://www.opengis.net/kml/2.2">
        <styleUrl>#Parti singole_style_map</styleUrl>
        <name>F01967</name>
        <Polygon>
          <outerBoundaryIs>
            <LinearRing>
              <coordinates>8.51197276569263,39.3003277910199 8.51203685844096,39.3003736717911 8.51208797790308,39.3003321668764 8.51202316387755,39.3002849405203 8.51197276569263,39.3003277910199</coordinates>
            </LinearRing>
          </outerBoundaryIs>
        </Polygon>
      </Placemark>
      <Placemark xmlns="http://www.opengis.net/kml/2.2">
        <styleUrl>#Parti singole_style_map</styleUrl>
        <name>F01500</name>
        <Polygon>
          <outerBoundaryIs>
            <LinearRing>
              <coordinates>8.51157234593303,39.300531075884 8.51171353019389,39.3005947431115 8.51173861781804,39.3006060576575 8.51180181440883,39.3005222805257 8.51177365164448,39.3005095654474 8.5118355027936,39.3003740705167 8.51178613552901,39.3003636903275 8.51183707021663,39.3002203193231 8.51167366241532,39.3001855462296 8.51164805299262,39.300257632077 8.51161818115926,39.3002672291723 8.51159013769019,39.3003757889182 8.51165593563172,39.3003898964873 8.51163554265272,39.3004472988422 8.51157234593303,39.300531075884</coordinates>
            </LinearRing>
          </outerBoundaryIs>
        </Polygon>
      </Placemark>
      <Placemark xmlns="http://www.opengis.net/kml/2.2">
        <styleUrl>#Parti singole_style_map</styleUrl>
        <name>F01968</name>
        <Polygon>
          <outerBoundaryIs>
            <LinearRing>
              <coordinates>8.51166444852169,39.3016707061717 8.51158983995759,39.30149583865 8.51156924232939,39.3014475451936 8.511483651787,39.3014726859536 8.51147776504818,39.3014553247424 8.51143114448338,39.3014701226837 8.51142853091621,39.3014207063114 8.51132718186374,39.3014521513045 8.51133238803104,39.3014689780361 8.51150407820567,39.3017856665531 8.51152979257267,39.301781963021 8.51159462718294,39.3019047530376 8.51160225074633,39.301919193072 8.51161451314041,39.3019536742439 8.51167234968232,39.3019454290008 8.5117166859491,39.3018922450196 8.51171705418118,39.3018626375698 8.51170376305728,39.3018309904449 8.51172903803018,39.3018220948901 8.51166444852169,39.3016707061717</coordinates>
            </LinearRing>
          </outerBoundaryIs>
        </Polygon>
      </Placemark>
      <Placemark xmlns="http://www.opengis.net/kml/2.2">
        <styleUrl>#Parti singole_style_map</styleUrl>
        <name>F01864</name>
        <Polygon>
          <outerBoundaryIs>
            <LinearRing>
              <coordinates>8.50836728826217,39.300716683955 8.50835480608861,39.3007337334203 8.50837480305554,39.3007448920167 8.50834686069346,39.3007819428659 8.50853917052988,39.3008728349072 8.5085870083442,39.3008117285206 8.50854165274523,39.3007915783356 8.50858791549757,39.3007351238004 8.5083817841115,39.3006372892943 8.50833141499396,39.3006988264221 8.50836728826217,39.300716683955</coordinates>
            </LinearRing>
          </outerBoundaryIs>
        </Polygon>
      </Placemark>
      <Placemark xmlns="http://www.opengis.net/kml/2.2">
        <styleUrl>#Parti singole_style_map</styleUrl>
        <name>F01969</name>
        <Polygon>
          <outerBoundaryIs>
            <LinearRing>
              <coordinates>8.5122349136934,39.3007048598851 8.51219910551611,39.3007158919644 8.51213775167314,39.3007347823242 8.51216366175719,39.3007829808249 8.51218239327047,39.300817795433 8.51223749940251,39.3009203334275 8.5122726996792,39.3009868264331 8.51282658307363,39.3008077177526 8.51280132091097,39.3007412845528 8.51249235767793,39.3006255910103 8.51248754612173,39.3006270666155 8.5122349136934,39.3007048598851</coordinates>
            </LinearRing>
          </outerBoundaryIs>
        </Polygon>
      </Placemark>
      <Placemark xmlns="http://www.opengis.net/kml/2.2">
        <styleUrl>#Parti singole_style_map</styleUrl>
        <name>F01970</name>
        <Polygon>
          <outerBoundaryIs>
            <LinearRing>
              <coordinates>8.5091145497125,39.301233338399 8.5090788318985,39.3012811063177 8.50918935327459,39.3013362402632 8.50914927701498,39.3013853504227 8.50931463304695,39.3014668374712 8.50935533019737,39.3014184867684 8.5094608172926,39.3014704995602 8.50949814552116,39.30142460352 8.50944129564358,39.3013962235526 8.50953879501017,39.3012684761657 8.50953193079028,39.3012649420837 8.50931699011554,39.3011543941115 8.50926083988227,39.3011255124098 8.50932026622276,39.3010490193625 8.509045612596,39.3009217115045 8.50901773228751,39.3009084563141 8.50898071159958,39.3008937748984 8.50875764181965,39.3007883907254 8.50874580513297,39.3007861241232 8.50874135570686,39.300790529564 8.50868580309676,39.3008470440442 8.50866454258776,39.3008457378167 8.50864935684587,39.3008547023521 8.50852499908676,39.300988751121 8.50845830109421,39.3010568511542 8.50843266216153,39.301086243691 8.50846361647466,39.3011010528304 8.50857197816603,39.3011183244959 8.50858803488896,39.3011108594182 8.50863145784614,39.3010906697514 8.50863461510213,39.3010869616881 8.50866518077393,39.3010512374059 8.50880198613291,39.3011288922119 8.50882322946981,39.3011409570584 8.50888102075713,39.3011573751586 8.5089023855041,39.3011354973839 8.50890956051251,39.3011294094405 8.50899618019807,39.3011760988092 8.50905052901397,39.3012021977557 8.5091145497125,39.301233338399</coordinates>
            </LinearRing>
          </outerBoundaryIs>
        </Polygon>
      </Placemark>
      <Placemark xmlns="http://www.opengis.net/kml/2.2">
        <styleUrl>#Parti singole_style_map</styleUrl>
        <name>F01971</name>
        <Polygon>
          <outerBoundaryIs>
            <LinearRing>
              <coordinates>8.5091145497125,39.301233338399 8.5090788318985,39.3012811063177 8.50918935327459,39.3013362402632 8.50914927701498,39.3013853504227 8.50931463304695,39.3014668374712 8.50935533019737,39.3014184867684 8.5094608172926,39.3014704995602 8.50949814552116,39.30142460352 8.50944129564358,39.3013962235526 8.50953879501017,39.3012684761657 8.50953193079028,39.3012649420837 8.50931699011554,39.3011543941115 8.50926083988227,39.3011255124098 8.50932026622276,39.3010490193625 8.509045612596,39.3009217115045 8.50901773228751,39.3009084563141 8.50898071159958,39.3008937748984 8.50875764181965,39.3007883907254 8.50874580513297,39.3007861241232 8.50874135570686,39.300790529564 8.50868580309676,39.3008470440442 8.50866454258776,39.3008457378167 8.50864935684587,39.3008547023521 8.50852499908676,39.300988751121 8.50845830109421,39.3010568511542 8.50843266216153,39.301086243691 8.50846361647466,39.3011010528304 8.50857197816603,39.3011183244959 8.50858803488896,39.3011108594182 8.50863145784614,39.3010906697514 8.50863461510213,39.3010869616881 8.50866518077393,39.3010512374059 8.50880198613291,39.3011288922119 8.50882322946981,39.3011409570584 8.50888102075713,39.3011573751586 8.5089023855041,39.3011354973839 8.50890956051251,39.3011294094405 8.50899618019807,39.3011760988092 8.50905052901397,39.3012021977557 8.5091145497125,39.301233338399</coordinates>
            </LinearRing>
          </outerBoundaryIs>
        </Polygon>
      </Placemark>
      <Placemark xmlns="http://www.opengis.net/kml/2.2">
        <styleUrl>#Parti singole_style_map</styleUrl>
        <name>F01972</name>
        <Polygon>
          <outerBoundaryIs>
            <LinearRing>
              <coordinates>8.4899430207754,39.3012008286949 8.49002384131684,39.3012490385374 8.49016100806636,39.3011223553603 8.49011385622728,39.3010915395535 8.49008708376866,39.3011162645618 8.49005633407278,39.3010961712034 8.4899430207754,39.3012008286949</coordinates>
            </LinearRing>
          </outerBoundaryIs>
        </Polygon>
      </Placemark>
      <Placemark xmlns="http://www.opengis.net/kml/2.2">
        <styleUrl>#Parti singole_style_map</styleUrl>
        <name>F01966</name>
        <Polygon>
          <outerBoundaryIs>
            <LinearRing>
              <coordinates>8.4906179329127,39.3000370782519 8.49138108253073,39.3008245415992 8.49148581435831,39.3007850912742 8.4916742187503,39.3008004578127 8.49214372382445,39.3006919386549 8.49246017056604,39.3006244422306 8.49268097928137,39.3005127722352 8.49304636008237,39.3003913966744 8.49329367457313,39.3002513493392 8.49399685739917,39.2999563106104 8.49421685532516,39.2994283962557 8.49452207971177,39.2986471028431 8.49443261341389,39.2986625367957 8.49430428837939,39.2987129883672 8.49315042600735,39.2992918031725 8.49306611563981,39.2994041500377 8.49295021279964,39.2995407960309 8.49289951718811,39.2995751218963 8.49283149093768,39.2995988117104 8.49274034479544,39.2996073619089 8.49258748796747,39.2995824747078 8.4924657502311,39.2995442341272 8.49238621326008,39.2995543394714 8.49201667673116,39.2997087729274 8.49193757275488,39.2997599864297 8.49182079790435,39.2998180185871 8.49173724433137,39.2998446404799 8.49167520287602,39.2998473249107 8.49113105232597,39.2997300062603 8.49097389243918,39.2997532329989 8.49088249244363,39.2997903443832 8.49079284163025,39.2998485122232 8.49064414093614,39.300010143036 8.4906179329127,39.3000370782519</coordinates>
            </LinearRing>
          </outerBoundaryIs>
          <innerBoundaryIs>
            <LinearRing>
              <coordinates>8.49137541138942,39.3002874368159 8.49182913016122,39.3000307769374 8.49215965671418,39.3003575232761 8.49198964314921,39.3004554385004 8.49152872700632,39.3004418704608 8.49137541138942,39.3002874368159</coordinates>
            </LinearRing>
          </innerBoundaryIs>
        </Polygon>
      </Placemark>
      <Placemark xmlns="http://www.opengis.net/kml/2.2">
        <styleUrl>#Parti singole_style_map</styleUrl>
        <name>F01966</name>
        <Polygon>
          <outerBoundaryIs>
            <LinearRing>
              <coordinates>8.49165347336739,39.3002762088549 8.49169737526385,39.3003170296826 8.49183022143046,39.3002290263596 8.49178796569663,39.300186689973 8.49165347336739,39.3002762088549</coordinates>
            </LinearRing>
          </outerBoundaryIs>
        </Polygon>
      </Placemark>
      <Placemark xmlns="http://www.opengis.net/kml/2.2">
        <styleUrl>#Parti singole_style_map</styleUrl>
        <name>F01723</name>
        <Polygon>
          <outerBoundaryIs>
            <LinearRing>
              <coordinates>8.48928888029577,39.30113985832 8.49013515825278,39.3007612125467 8.4904306444183,39.3003570799679 8.48992691106716,39.3001231118671 8.4897928325217,39.3000629126798 8.48963997099824,39.3000445225476 8.48946385065545,39.3000070343195 8.48930540281209,39.3000024476619 8.48916770933926,39.3002751570932 8.489172209504,39.3002762653651 8.48911493487619,39.3004477337629 8.48909831271418,39.300442958263 8.4889830751845,39.3008098749723 8.48907997056198,39.3010448789301 8.48913416243307,39.3010692375671 8.48928888029577,39.30113985832</coordinates>
            </LinearRing>
          </outerBoundaryIs>
        </Polygon>
      </Placemark>
      <Placemark xmlns="http://www.opengis.net/kml/2.2">
        <styleUrl>#Parti singole_style_map</styleUrl>
        <name>F01724</name>
        <Polygon>
          <outerBoundaryIs>
            <LinearRing>
              <coordinates>8.48928888029577,39.30113985832 8.49013515825278,39.3007612125467 8.4904306444183,39.3003570799679 8.48992691106716,39.3001231118671 8.4897928325217,39.3000629126798 8.48963997099824,39.3000445225476 8.48946385065545,39.3000070343195 8.48930540281209,39.3000024476619 8.48916770933926,39.3002751570932 8.489172209504,39.3002762653651 8.48911493487619,39.3004477337629 8.48909831271418,39.300442958263 8.4889830751845,39.3008098749723 8.48907997056198,39.3010448789301 8.48913416243307,39.3010692375671 8.48928888029577,39.30113985832</coordinates>
            </LinearRing>
          </outerBoundaryIs>
        </Polygon>
      </Placemark>
      <Placemark xmlns="http://www.opengis.net/kml/2.2">
        <styleUrl>#Parti singole_style_map</styleUrl>
        <name>F01725</name>
        <Polygon>
          <outerBoundaryIs>
            <LinearRing>
              <coordinates>8.48928888029577,39.30113985832 8.49013515825278,39.3007612125467 8.4904306444183,39.3003570799679 8.48992691106716,39.3001231118671 8.4897928325217,39.3000629126798 8.48963997099824,39.3000445225476 8.48946385065545,39.3000070343195 8.48930540281209,39.3000024476619 8.48916770933926,39.3002751570932 8.489172209504,39.3002762653651 8.48911493487619,39.3004477337629 8.48909831271418,39.300442958263 8.4889830751845,39.3008098749723 8.48907997056198,39.3010448789301 8.48913416243307,39.3010692375671 8.48928888029577,39.30113985832</coordinates>
            </LinearRing>
          </outerBoundaryIs>
        </Polygon>
      </Placemark>
      <Placemark xmlns="http://www.opengis.net/kml/2.2">
        <styleUrl>#Parti singole_style_map</styleUrl>
        <name>F01726</name>
        <Polygon>
          <outerBoundaryIs>
            <LinearRing>
              <coordinates>8.48928888029577,39.30113985832 8.49013515825278,39.3007612125467 8.4904306444183,39.3003570799679 8.48992691106716,39.3001231118671 8.4897928325217,39.3000629126798 8.48963997099824,39.3000445225476 8.48946385065545,39.3000070343195 8.48930540281209,39.3000024476619 8.48916770933926,39.3002751570932 8.489172209504,39.3002762653651 8.48911493487619,39.3004477337629 8.48909831271418,39.300442958263 8.4889830751845,39.3008098749723 8.48907997056198,39.3010448789301 8.48913416243307,39.3010692375671 8.48928888029577,39.30113985832</coordinates>
            </LinearRing>
          </outerBoundaryIs>
        </Polygon>
      </Placemark>
      <Placemark xmlns="http://www.opengis.net/kml/2.2">
        <styleUrl>#Parti singole_style_map</styleUrl>
        <name>F01727</name>
        <Polygon>
          <outerBoundaryIs>
            <LinearRing>
              <coordinates>8.48928888029577,39.30113985832 8.49013515825278,39.3007612125467 8.4904306444183,39.3003570799679 8.48992691106716,39.3001231118671 8.4897928325217,39.3000629126798 8.48963997099824,39.3000445225476 8.48946385065545,39.3000070343195 8.48930540281209,39.3000024476619 8.48916770933926,39.3002751570932 8.489172209504,39.3002762653651 8.48911493487619,39.3004477337629 8.48909831271418,39.300442958263 8.4889830751845,39.3008098749723 8.48907997056198,39.3010448789301 8.48913416243307,39.3010692375671 8.48928888029577,39.30113985832</coordinates>
            </LinearRing>
          </outerBoundaryIs>
        </Polygon>
      </Placemark>
      <Placemark xmlns="http://www.opengis.net/kml/2.2">
        <styleUrl>#Parti singole_style_map</styleUrl>
        <name>F01728</name>
        <Polygon>
          <outerBoundaryIs>
            <LinearRing>
              <coordinates>8.48992691106716,39.3001231118671 8.4904306444183,39.3003570799679 8.49058124709987,39.3001511005374 8.4905276849609,39.3001263300009 8.49037137235501,39.3000643542322 8.49026914666895,39.3001449555766 8.49009633586238,39.300161767526 8.48995286341072,39.3000899042767 8.48992691106716,39.3001231118671</coordinates>
            </LinearRing>
          </outerBoundaryIs>
        </Polygon>
      </Placemark>
      <Placemark xmlns="http://www.opengis.net/kml/2.2">
        <styleUrl>#Parti singole_style_map</styleUrl>
        <name>F01975</name>
        <Polygon>
          <outerBoundaryIs>
            <LinearRing>
              <coordinates>8.52457540659655,39.3113242540723 8.52507960259773,39.311456286795 8.525094638135,39.3114113889137 8.5245946070983,39.311285912807 8.52457540659655,39.3113242540723</coordinates>
            </LinearRing>
          </outerBoundaryIs>
        </Polygon>
      </Placemark>
      <Placemark xmlns="http://www.opengis.net/kml/2.2">
        <styleUrl>#Parti singole_style_map</styleUrl>
        <name>F01973</name>
        <Polygon>
          <outerBoundaryIs>
            <LinearRing>
              <coordinates>8.52314610715466,39.3107107446824 8.52351393273198,39.3111179379252 8.52356167437498,39.3110923450238 8.52366435188931,39.3110373140464 8.52369860093008,39.3110189644549 8.52333144093175,39.3106110356425 8.52329617862575,39.3106300117199 8.52319333708449,39.3106853300451 8.52314610715466,39.3107107446824</coordinates>
            </LinearRing>
          </outerBoundaryIs>
        </Polygon>
      </Placemark>
      <Placemark xmlns="http://www.opengis.net/kml/2.2">
        <styleUrl>#Parti singole_style_map</styleUrl>
        <name>F01974</name>
        <Polygon>
          <outerBoundaryIs>
            <LinearRing>
              <coordinates>8.52314610715466,39.3107107446824 8.52351393273198,39.3111179379252 8.52356167437498,39.3110923450238 8.52366435188931,39.3110373140464 8.52369860093008,39.3110189644549 8.52333144093175,39.3106110356425 8.52329617862575,39.3106300117199 8.52319333708449,39.3106853300451 8.52314610715466,39.3107107446824</coordinates>
            </LinearRing>
          </outerBoundaryIs>
        </Polygon>
      </Placemark>
      <Placemark xmlns="http://www.opengis.net/kml/2.2">
        <styleUrl>#Parti singole_style_map</styleUrl>
        <name>F00811</name>
        <Polygon>
          <outerBoundaryIs>
            <LinearRing>
              <coordinates>8.522800017013,39.3103248054168 8.52310196039976,39.3106579325598 8.52314808445432,39.3106330990984 8.52325157841814,39.3105773509758 8.52328627047668,39.3105586519046 8.52298750267353,39.3102241235846 8.5229495282521,39.3102445211287 8.52284406830932,39.3103011529757 8.522800017013,39.3103248054168</coordinates>
            </LinearRing>
          </outerBoundaryIs>
        </Polygon>
      </Placemark>
      <Placemark xmlns="http://www.opengis.net/kml/2.2">
        <styleUrl>#Parti singole_style_map</styleUrl>
        <name>F01528</name>
        <Polygon>
          <outerBoundaryIs>
            <LinearRing>
              <coordinates>8.52373391317206,39.3104051113455 8.52415866371649,39.3107626953358 8.52435184641658,39.3106771516163 8.52388997422097,39.3103023928524 8.52373391317206,39.3104051113455</coordinates>
            </LinearRing>
          </outerBoundaryIs>
        </Polygon>
      </Placemark>
      <Placemark xmlns="http://www.opengis.net/kml/2.2">
        <styleUrl>#Parti singole_style_map</styleUrl>
        <name>F01730</name>
        <Polygon>
          <outerBoundaryIs>
            <LinearRing>
              <coordinates>8.50551251127217,39.2971323656002 8.50569631268988,39.2971466536513 8.50570831728213,39.2970409195592 8.50552139535087,39.2970202206988 8.50551251127217,39.2971323656002</coordinates>
            </LinearRing>
          </outerBoundaryIs>
        </Polygon>
      </Placemark>
      <Placemark xmlns="http://www.opengis.net/kml/2.2">
        <styleUrl>#Parti singole_style_map</styleUrl>
        <name>F01731</name>
        <Polygon>
          <outerBoundaryIs>
            <LinearRing>
              <coordinates>8.50482469526766,39.2972472994673 8.50488274311877,39.2972514120917 8.50533110163552,39.2974288919584 8.50548763340601,39.2975050036299 8.5056850595783,39.2976119250803 8.50597196770653,39.2976529348223 8.5075978678793,39.2978853374147 8.50760983418848,39.2974951906496 8.50758713525581,39.2973485272536 8.50752051606277,39.2972354048231 8.50749463513358,39.2972068396118 8.50570831728213,39.2970409195592 8.50569631268988,39.2971466536513 8.50551251127217,39.2971323656002 8.50552139535087,39.2970202206988 8.50526318908154,39.2970010385756 8.50525742273905,39.2969899039157 8.50484380380867,39.2969647886248 8.50482469526766,39.2972472994673</coordinates>
            </LinearRing>
          </outerBoundaryIs>
          <innerBoundaryIs>
            <LinearRing>
              <coordinates>8.50574376142373,39.2972413499848 8.50576748758465,39.2972629051506 8.50574854257652,39.2972754936487 8.50572458581946,39.2972537482756 8.50574376142373,39.2972413499848</coordinates>
            </LinearRing>
          </innerBoundaryIs>
          <innerBoundaryIs>
            <LinearRing>
              <coordinates>8.50565753122589,39.2972441193219 8.50569130319498,39.2972537149958 8.50566144242858,39.2973343055683 8.50562769687172,39.2973209525548 8.50565753122589,39.2972441193219</coordinates>
            </LinearRing>
          </innerBoundaryIs>
        </Polygon>
      </Placemark>
      <Placemark xmlns="http://www.opengis.net/kml/2.2">
        <styleUrl>#Parti singole_style_map</styleUrl>
        <name>F01732</name>
        <Polygon>
          <outerBoundaryIs>
            <LinearRing>
              <coordinates>8.50482469526766,39.2972472994673 8.50488274311877,39.2972514120917 8.50533110163552,39.2974288919584 8.50548763340601,39.2975050036299 8.5056850595783,39.2976119250803 8.50597196770653,39.2976529348223 8.5075978678793,39.2978853374147 8.50760983418848,39.2974951906496 8.50758713525581,39.2973485272536 8.50752051606277,39.2972354048231 8.50749463513358,39.2972068396118 8.50570831728213,39.2970409195592 8.50569631268988,39.2971466536513 8.50551251127217,39.2971323656002 8.50552139535087,39.2970202206988 8.50526318908154,39.2970010385756 8.50525742273905,39.2969899039157 8.50484380380867,39.2969647886248 8.50482469526766,39.2972472994673</coordinates>
            </LinearRing>
          </outerBoundaryIs>
          <innerBoundaryIs>
            <LinearRing>
              <coordinates>8.50574376142373,39.2972413499848 8.50576748758465,39.2972629051506 8.50574854257652,39.2972754936487 8.50572458581946,39.2972537482756 8.50574376142373,39.2972413499848</coordinates>
            </LinearRing>
          </innerBoundaryIs>
          <innerBoundaryIs>
            <LinearRing>
              <coordinates>8.50565753122589,39.2972441193219 8.50569130319498,39.2972537149958 8.50566144242858,39.2973343055683 8.50562769687172,39.2973209525548 8.50565753122589,39.2972441193219</coordinates>
            </LinearRing>
          </innerBoundaryIs>
        </Polygon>
      </Placemark>
      <Placemark xmlns="http://www.opengis.net/kml/2.2">
        <styleUrl>#Parti singole_style_map</styleUrl>
        <name>F01865</name>
        <Polygon>
          <outerBoundaryIs>
            <LinearRing>
              <coordinates>8.5060707893677,39.2964039278797 8.50695360932003,39.2964601146131 8.50695922747978,39.2963850075649 8.50606905000508,39.296336295516 8.5060707893677,39.2964039278797</coordinates>
            </LinearRing>
          </outerBoundaryIs>
        </Polygon>
      </Placemark>
      <Placemark xmlns="http://www.opengis.net/kml/2.2">
        <styleUrl>#Parti singole_style_map</styleUrl>
        <name>F01729</name>
        <Polygon>
          <outerBoundaryIs>
            <LinearRing>
              <coordinates>8.494435578108,39.2986035028888 8.49457509013999,39.2985938729641 8.49467945658396,39.2986125548681 8.49477385257477,39.298658234342 8.49486206837858,39.2987295852797 8.49492554103432,39.2987809151974 8.49506821941849,39.2988487975696 8.49536760783647,39.298644395192 8.49533226523618,39.298541446153 8.49499932414665,39.2983437550243 8.49458336664604,39.2985428275437 8.494435578108,39.2986035028888</coordinates>
            </LinearRing>
          </outerBoundaryIs>
        </Polygon>
      </Placemark>
      <Placemark xmlns="http://www.opengis.net/kml/2.2">
        <styleUrl>#Parti singole_style_map</styleUrl>
        <name>F01977</name>
        <Polygon>
          <outerBoundaryIs>
            <LinearRing>
              <coordinates>8.48886930362801,39.2993477354708 8.48898728795233,39.2994887027233 8.48908818275767,39.2994377761477 8.48896484104759,39.2992999121581 8.48890655241428,39.2992347614226 8.48881558881827,39.2992835599135 8.48886930362801,39.2993477354708</coordinates>
            </LinearRing>
          </outerBoundaryIs>
        </Polygon>
      </Placemark>
      <Placemark xmlns="http://www.opengis.net/kml/2.2">
        <styleUrl>#Parti singole_style_map</styleUrl>
        <name>F01978</name>
        <Polygon>
          <outerBoundaryIs>
            <LinearRing>
              <coordinates>8.48886930362801,39.2993477354708 8.48898728795233,39.2994887027233 8.48908818275767,39.2994377761477 8.48896484104759,39.2992999121581 8.48890655241428,39.2992347614226 8.48881558881827,39.2992835599135 8.48886930362801,39.2993477354708</coordinates>
            </LinearRing>
          </outerBoundaryIs>
        </Polygon>
      </Placemark>
      <Placemark xmlns="http://www.opengis.net/kml/2.2">
        <styleUrl>#Parti singole_style_map</styleUrl>
        <name>F01979</name>
        <Polygon>
          <outerBoundaryIs>
            <LinearRing>
              <coordinates>8.48886930362801,39.2993477354708 8.48898728795233,39.2994887027233 8.48908818275767,39.2994377761477 8.48896484104759,39.2992999121581 8.48890655241428,39.2992347614226 8.48881558881827,39.2992835599135 8.48886930362801,39.2993477354708</coordinates>
            </LinearRing>
          </outerBoundaryIs>
        </Polygon>
      </Placemark>
      <Placemark xmlns="http://www.opengis.net/kml/2.2">
        <styleUrl>#Parti singole_style_map</styleUrl>
        <name>F01980</name>
        <Polygon>
          <outerBoundaryIs>
            <LinearRing>
              <coordinates>8.48886930362801,39.2993477354708 8.48898728795233,39.2994887027233 8.48908818275767,39.2994377761477 8.48896484104759,39.2992999121581 8.48890655241428,39.2992347614226 8.48881558881827,39.2992835599135 8.48886930362801,39.2993477354708</coordinates>
            </LinearRing>
          </outerBoundaryIs>
        </Polygon>
      </Placemark>
      <Placemark xmlns="http://www.opengis.net/kml/2.2">
        <styleUrl>#Parti singole_style_map</styleUrl>
        <name>F00923</name>
        <Polygon>
          <outerBoundaryIs>
            <LinearRing>
              <coordinates>8.50132884506652,39.2946096539916 8.50157363296251,39.2949169031326 8.50169691277259,39.2951656297795 8.50213046860912,39.295637013254 8.50220268918599,39.2956750318893 8.5025626552379,39.2958817171613 8.50274968500782,39.2959472402347 8.50326195910294,39.2961054571289 8.50335419442321,39.2961339371227 8.50338901264622,39.2961446912948 8.50381638189156,39.2962450282765 8.50429587530631,39.296303217686 8.50464353802556,39.2963861548202 8.50489628730814,39.2965210840042 8.50503928990248,39.2965304238103 8.50504287196333,39.2964631384578 8.50559995509933,39.2965008019109 8.50559564547244,39.2965677327738 8.50572620765568,39.2965766944849 8.50578139980966,39.2966240006254 8.50583533511232,39.2966093080854 8.50585734616301,39.2964476963357 8.50617409474916,39.296477839317 8.50616912696643,39.2965164018619 8.506488327963,39.2965458245354 8.50648297672989,39.2966158777117 8.50652692325066,39.2966215426045 8.50651913386389,39.2966870530796 8.50654989603558,39.2966909139715 8.50659860574524,39.2966970225408 8.50711276551224,39.2968298204465 8.5071515101988,39.2968281734443 8.50749463513358,39.2972068396118 8.50752051606277,39.2972354048231 8.50758713525581,39.2973485272536 8.50760983418848,39.2974951906496 8.5075978678793,39.2978853374147 8.50759740901629,39.2980169541068 8.50754891245314,39.298314406794 8.50766190620931,39.2983435749546 8.5076919938063,39.2980400972895 8.50773110572832,39.2977660865852 8.50771243940287,39.297436163551 8.50766525059601,39.2972808274037 8.507215168574,39.2968226672709 8.50720987450445,39.2967226896342 8.50718608433342,39.2965895645378 8.50726846015832,39.2965806685169 8.50723062489103,39.2964940329944 8.50695922747978,39.2963850075649 8.50695360932003,39.2964601146131 8.5060707893677,39.2964039278797 8.50584585973662,39.296387519436 8.50584895460144,39.2963217908297 8.50606905000508,39.296336295516 8.50597105834624,39.2962422947624 8.50566467403812,39.296354464529 8.50514329222032,39.2963044734892 8.50464035878549,39.2962581449084 8.50434405259146,39.2962236606183 8.50408768863412,39.2962051595404 8.50385298791959,39.2961980676698 8.50350530211477,39.2961170203154 8.50320737485145,39.2960266060816 8.50323324138306,39.2959781941466 8.50264724216045,39.2957570469238 8.50262283695968,39.2957775499625 8.50225499410771,39.2955385730225 8.5018813530609,39.2950824492888 8.50184491808918,39.2950953767617 8.50151421428687,39.2946274695123 8.50142385962274,39.2946203243466 8.50132884506652,39.2946096539916</coordinates>
            </LinearRing>
          </outerBoundaryIs>
        </Polygon>
      </Placemark>
      <Placemark xmlns="http://www.opengis.net/kml/2.2">
        <styleUrl>#Parti singole_style_map</styleUrl>
        <name>F00924</name>
        <Polygon>
          <outerBoundaryIs>
            <LinearRing>
              <coordinates>8.50132884506652,39.2946096539916 8.50157363296251,39.2949169031326 8.50169691277259,39.2951656297795 8.50213046860912,39.295637013254 8.50220268918599,39.2956750318893 8.5025626552379,39.2958817171613 8.50274968500782,39.2959472402347 8.50326195910294,39.2961054571289 8.50335419442321,39.2961339371227 8.50338901264622,39.2961446912948 8.50381638189156,39.2962450282765 8.50429587530631,39.296303217686 8.50464353802556,39.2963861548202 8.50489628730814,39.2965210840042 8.50503928990248,39.2965304238103 8.50504287196333,39.2964631384578 8.50559995509933,39.2965008019109 8.50559564547244,39.2965677327738 8.50572620765568,39.2965766944849 8.50578139980966,39.2966240006254 8.50583533511232,39.2966093080854 8.50585734616301,39.2964476963357 8.50617409474916,39.296477839317 8.50616912696643,39.2965164018619 8.506488327963,39.2965458245354 8.50648297672989,39.2966158777117 8.50652692325066,39.2966215426045 8.50651913386389,39.2966870530796 8.50654989603558,39.2966909139715 8.50659860574524,39.2966970225408 8.50711276551224,39.2968298204465 8.5071515101988,39.2968281734443 8.50749463513358,39.2972068396118 8.50752051606277,39.2972354048231 8.50758713525581,39.2973485272536 8.50760983418848,39.2974951906496 8.5075978678793,39.2978853374147 8.50759740901629,39.2980169541068 8.50754891245314,39.298314406794 8.50766190620931,39.2983435749546 8.5076919938063,39.2980400972895 8.50773110572832,39.2977660865852 8.50771243940287,39.297436163551 8.50766525059601,39.2972808274037 8.507215168574,39.2968226672709 8.50720987450445,39.2967226896342 8.50718608433342,39.2965895645378 8.50726846015832,39.2965806685169 8.50723062489103,39.2964940329944 8.50695922747978,39.2963850075649 8.50695360932003,39.2964601146131 8.5060707893677,39.2964039278797 8.50584585973662,39.296387519436 8.50584895460144,39.2963217908297 8.50606905000508,39.296336295516 8.50597105834624,39.2962422947624 8.50566467403812,39.296354464529 8.50514329222032,39.2963044734892 8.50464035878549,39.2962581449084 8.50434405259146,39.2962236606183 8.50408768863412,39.2962051595404 8.50385298791959,39.2961980676698 8.50350530211477,39.2961170203154 8.50320737485145,39.2960266060816 8.50323324138306,39.2959781941466 8.50264724216045,39.2957570469238 8.50262283695968,39.2957775499625 8.50225499410771,39.2955385730225 8.5018813530609,39.2950824492888 8.50184491808918,39.2950953767617 8.50151421428687,39.2946274695123 8.50142385962274,39.2946203243466 8.50132884506652,39.2946096539916</coordinates>
            </LinearRing>
          </outerBoundaryIs>
        </Polygon>
      </Placemark>
      <Placemark xmlns="http://www.opengis.net/kml/2.2">
        <styleUrl>#Parti singole_style_map</styleUrl>
        <name>F00925</name>
        <Polygon>
          <outerBoundaryIs>
            <LinearRing>
              <coordinates>8.50132884506652,39.2946096539916 8.50157363296251,39.2949169031326 8.50169691277259,39.2951656297795 8.50213046860912,39.295637013254 8.50220268918599,39.2956750318893 8.5025626552379,39.2958817171613 8.50274968500782,39.2959472402347 8.50326195910294,39.2961054571289 8.50335419442321,39.2961339371227 8.50338901264622,39.2961446912948 8.50381638189156,39.2962450282765 8.50429587530631,39.296303217686 8.50464353802556,39.2963861548202 8.50489628730814,39.2965210840042 8.50503928990248,39.2965304238103 8.50504287196333,39.2964631384578 8.50559995509933,39.2965008019109 8.50559564547244,39.2965677327738 8.50572620765568,39.2965766944849 8.50578139980966,39.2966240006254 8.50583533511232,39.2966093080854 8.50585734616301,39.2964476963357 8.50617409474916,39.296477839317 8.50616912696643,39.2965164018619 8.506488327963,39.2965458245354 8.50648297672989,39.2966158777117 8.50652692325066,39.2966215426045 8.50651913386389,39.2966870530796 8.50654989603558,39.2966909139715 8.50659860574524,39.2966970225408 8.50711276551224,39.2968298204465 8.5071515101988,39.2968281734443 8.50749463513358,39.2972068396118 8.50752051606277,39.2972354048231 8.50758713525581,39.2973485272536 8.50760983418848,39.2974951906496 8.5075978678793,39.2978853374147 8.50759740901629,39.2980169541068 8.50754891245314,39.298314406794 8.50766190620931,39.2983435749546 8.5076919938063,39.2980400972895 8.50773110572832,39.2977660865852 8.50771243940287,39.297436163551 8.50766525059601,39.2972808274037 8.507215168574,39.2968226672709 8.50720987450445,39.2967226896342 8.50718608433342,39.2965895645378 8.50726846015832,39.2965806685169 8.50723062489103,39.2964940329944 8.50695922747978,39.2963850075649 8.50695360932003,39.2964601146131 8.5060707893677,39.2964039278797 8.50584585973662,39.296387519436 8.50584895460144,39.2963217908297 8.50606905000508,39.296336295516 8.50597105834624,39.2962422947624 8.50566467403812,39.296354464529 8.50514329222032,39.2963044734892 8.50464035878549,39.2962581449084 8.50434405259146,39.2962236606183 8.50408768863412,39.2962051595404 8.50385298791959,39.2961980676698 8.50350530211477,39.2961170203154 8.50320737485145,39.2960266060816 8.50323324138306,39.2959781941466 8.50264724216045,39.2957570469238 8.50262283695968,39.2957775499625 8.50225499410771,39.2955385730225 8.5018813530609,39.2950824492888 8.50184491808918,39.2950953767617 8.50151421428687,39.2946274695123 8.50142385962274,39.2946203243466 8.50132884506652,39.2946096539916</coordinates>
            </LinearRing>
          </outerBoundaryIs>
        </Polygon>
      </Placemark>
      <Placemark xmlns="http://www.opengis.net/kml/2.2">
        <styleUrl>#Parti singole_style_map</styleUrl>
        <name>F01982</name>
        <Polygon>
          <outerBoundaryIs>
            <LinearRing>
              <coordinates>8.49036557544842,39.2973825442126 8.49044447077442,39.2972447835368 8.48984442444181,39.297061760673 8.48971492658255,39.2971059937174 8.48967999085794,39.29703981043 8.48973407057953,39.2970280904963 8.4889049094747,39.2967751712642 8.48830397084478,39.2972171693652 8.48843441112096,39.2973525873774 8.48881279785061,39.2977454028803 8.48899975398451,39.2979395026221 8.48965580037642,39.2983596834807 8.48912765661431,39.2987765228816 8.48889275430569,39.2989619124527 8.48888565170805,39.2989674047767 8.48890167466417,39.2989982645526 8.48892665592175,39.2990459234846 8.48893644726892,39.2990645824951 8.48893913526143,39.2990697123509 8.48893076277378,39.2991661307963 8.48883701636009,39.299176915468 8.48883787157145,39.299118951192 8.48880174515182,39.2991365174011 8.48878733557145,39.2991182165339 8.48878416412038,39.2991141838493 8.48876304053739,39.2991244622835 8.48876043355271,39.2991257303396 8.48860288050781,39.2992014391759 8.48860679378535,39.2992087099487 8.4886674705005,39.2992914691244 8.48871968109214,39.2992978078038 8.48879471930423,39.2993433709986 8.48894691057061,39.2996013116341 8.48900043520186,39.2996677659865 8.4890726247894,39.299727165853 8.48916904463318,39.2997653528773 8.48938355448936,39.299805779211 8.48950954370757,39.2994248753683 8.48962216773128,39.2994514643315 8.48963488510727,39.2994393467362 8.48967062853948,39.2994264471024 8.48970455442952,39.2994290648312 8.48974503361106,39.299439541545 8.48974463310094,39.2994403957999 8.48977301989625,39.2994488010826 8.48979696575629,39.2993980319815 8.48976681320001,39.2993916373456 8.48975512840158,39.2993893334373 8.48966401950262,39.2993672091462 8.48965795855482,39.299285212697 8.48970940555344,39.2992577936964 8.48979480679995,39.2991939493621 8.48999461814895,39.2990975194622 8.49007832240988,39.2991459491653 8.49037472361906,39.2985910836501 8.49062407808267,39.2986317324145 8.49067577951982,39.2981133328158 8.49037131328596,39.2976034654497 8.49036557544842,39.2973825442126</coordinates>
            </LinearRing>
          </outerBoundaryIs>
          <innerBoundaryIs>
            <LinearRing>
              <coordinates>8.48929639801824,39.2996451513033 8.48924227323028,39.2995814517094 8.48932202601548,39.2995481110023 8.4893728552492,39.2996057048977 8.48929639801824,39.2996451513033</coordinates>
            </LinearRing>
          </innerBoundaryIs>
          <innerBoundaryIs>
            <LinearRing>
              <coordinates>8.48872955381544,39.2992654579129 8.48867515063483,39.2991970983248 8.48876041512302,39.2991537533731 8.48881621715728,39.2992243176664 8.48872955381544,39.2992654579129</coordinates>
            </LinearRing>
          </innerBoundaryIs>
          <innerBoundaryIs>
            <LinearRing>
              <coordinates>8.48976285107149,39.2974562947264 8.48989472896768,39.2972297415477 8.48997937625425,39.2972549910622 8.48984751011263,39.2974815533984 8.48976285107149,39.2974562947264</coordinates>
            </LinearRing>
          </innerBoundaryIs>
          <innerBoundaryIs>
            <LinearRing>
              <coordinates>8.48898728795233,39.2994887027233 8.48886930362801,39.2993477354708 8.48881558881827,39.2992835599135 8.48890655241428,39.2992347614226 8.48896484104759,39.2992999121581 8.48908818275767,39.2994377761477 8.48898728795233,39.2994887027233</coordinates>
            </LinearRing>
          </innerBoundaryIs>
          <innerBoundaryIs>
            <LinearRing>
              <coordinates>8.48910708268176,39.2992883905247 8.48930695688728,39.2992345193748 8.48940845069307,39.299207995982 8.48946130072757,39.2993481272327 8.48947850688881,39.2994029244002 8.48947973696681,39.2994155807471 8.48946623221977,39.2994227390141 8.4893135343913,39.2995309084448 8.48925303046187,39.299539076808 8.48921369660046,39.2995018793719 8.48919192238798,39.299454910384 8.48914704741388,39.2993679768539 8.48910708268176,39.2992883905247</coordinates>
            </LinearRing>
          </innerBoundaryIs>
          <innerBoundaryIs>
            <LinearRing>
              <coordinates>8.48969374312472,39.2985052908016 8.48972466845768,39.2984882701691 8.48977901804955,39.2984395536783 8.48981678385887,39.2984163817148 8.48983671114238,39.2984094948563 8.4898811774295,39.2984202052625 8.48988508267059,39.2984349818289 8.48993575981398,39.2986124795279 8.48991624535917,39.2986471480435 8.48982148458583,39.2988229537939 8.48979365189625,39.298866019777 8.48972535905589,39.2989135848273 8.48959879786996,39.2990447473137 8.48957120321525,39.2990630079716 8.48949684350171,39.2990900019903 8.48937017482606,39.2991385451207 8.48933413475292,39.299149190699 8.48915190109469,39.2992156731682 8.48909307790504,39.2992447174894 8.48918346735212,39.2990978353579 8.48926959490094,39.2989947532243 8.48922439131197,39.2989418695146 8.48932001592799,39.2988899194114 8.48935758937585,39.2988661430416 8.48939111974624,39.2988449620031 8.48946228060194,39.2987985270548 8.48949036217562,39.298780277569 8.48962012584896,39.2986328830433 8.48969374312472,39.2985052908016</coordinates>
            </LinearRing>
          </innerBoundaryIs>
        </Polygon>
      </Placemark>
      <Placemark xmlns="http://www.opengis.net/kml/2.2">
        <styleUrl>#Parti singole_style_map</styleUrl>
        <name>F01071</name>
        <Polygon>
          <outerBoundaryIs>
            <LinearRing>
              <coordinates>8.49036557544842,39.2973825442126 8.49044447077442,39.2972447835368 8.48984442444181,39.297061760673 8.48971492658255,39.2971059937174 8.48967999085794,39.29703981043 8.48973407057953,39.2970280904963 8.4889049094747,39.2967751712642 8.48830397084478,39.2972171693652 8.48843441112096,39.2973525873774 8.48881279785061,39.2977454028803 8.48899975398451,39.2979395026221 8.48965580037642,39.2983596834807 8.48912765661431,39.2987765228816 8.48889275430569,39.2989619124527 8.48888565170805,39.2989674047767 8.48890167466417,39.2989982645526 8.48892665592175,39.2990459234846 8.48893644726892,39.2990645824951 8.48893913526143,39.2990697123509 8.48893076277378,39.2991661307963 8.48883701636009,39.299176915468 8.48883787157145,39.299118951192 8.48880174515182,39.2991365174011 8.48878733557145,39.2991182165339 8.48878416412038,39.2991141838493 8.48876304053739,39.2991244622835 8.48876043355271,39.2991257303396 8.48860288050781,39.2992014391759 8.48860679378535,39.2992087099487 8.4886674705005,39.2992914691244 8.48871968109214,39.2992978078038 8.48879471930423,39.2993433709986 8.48894691057061,39.2996013116341 8.48900043520186,39.2996677659865 8.4890726247894,39.299727165853 8.48916904463318,39.2997653528773 8.48938355448936,39.299805779211 8.48950954370757,39.2994248753683 8.48962216773128,39.2994514643315 8.48963488510727,39.2994393467362 8.48967062853948,39.2994264471024 8.48970455442952,39.2994290648312 8.48974503361106,39.299439541545 8.48974463310094,39.2994403957999 8.48977301989625,39.2994488010826 8.48979696575629,39.2993980319815 8.48976681320001,39.2993916373456 8.48975512840158,39.2993893334373 8.48966401950262,39.2993672091462 8.48965795855482,39.299285212697 8.48970940555344,39.2992577936964 8.48979480679995,39.2991939493621 8.48999461814895,39.2990975194622 8.49007832240988,39.2991459491653 8.49037472361906,39.2985910836501 8.49062407808267,39.2986317324145 8.49067577951982,39.2981133328158 8.49037131328596,39.2976034654497 8.49036557544842,39.2973825442126</coordinates>
            </LinearRing>
          </outerBoundaryIs>
          <innerBoundaryIs>
            <LinearRing>
              <coordinates>8.48929639801824,39.2996451513033 8.48924227323028,39.2995814517094 8.48932202601548,39.2995481110023 8.4893728552492,39.2996057048977 8.48929639801824,39.2996451513033</coordinates>
            </LinearRing>
          </innerBoundaryIs>
          <innerBoundaryIs>
            <LinearRing>
              <coordinates>8.48872955381544,39.2992654579129 8.48867515063483,39.2991970983248 8.48876041512302,39.2991537533731 8.48881621715728,39.2992243176664 8.48872955381544,39.2992654579129</coordinates>
            </LinearRing>
          </innerBoundaryIs>
          <innerBoundaryIs>
            <LinearRing>
              <coordinates>8.48976285107149,39.2974562947264 8.48989472896768,39.2972297415477 8.48997937625425,39.2972549910622 8.48984751011263,39.2974815533984 8.48976285107149,39.2974562947264</coordinates>
            </LinearRing>
          </innerBoundaryIs>
          <innerBoundaryIs>
            <LinearRing>
              <coordinates>8.48898728795233,39.2994887027233 8.48886930362801,39.2993477354708 8.48881558881827,39.2992835599135 8.48890655241428,39.2992347614226 8.48896484104759,39.2992999121581 8.48908818275767,39.2994377761477 8.48898728795233,39.2994887027233</coordinates>
            </LinearRing>
          </innerBoundaryIs>
          <innerBoundaryIs>
            <LinearRing>
              <coordinates>8.48910708268176,39.2992883905247 8.48930695688728,39.2992345193748 8.48940845069307,39.299207995982 8.48946130072757,39.2993481272327 8.48947850688881,39.2994029244002 8.48947973696681,39.2994155807471 8.48946623221977,39.2994227390141 8.4893135343913,39.2995309084448 8.48925303046187,39.299539076808 8.48921369660046,39.2995018793719 8.48919192238798,39.299454910384 8.48914704741388,39.2993679768539 8.48910708268176,39.2992883905247</coordinates>
            </LinearRing>
          </innerBoundaryIs>
          <innerBoundaryIs>
            <LinearRing>
              <coordinates>8.48969374312472,39.2985052908016 8.48972466845768,39.2984882701691 8.48977901804955,39.2984395536783 8.48981678385887,39.2984163817148 8.48983671114238,39.2984094948563 8.4898811774295,39.2984202052625 8.48988508267059,39.2984349818289 8.48993575981398,39.2986124795279 8.48991624535917,39.2986471480435 8.48982148458583,39.2988229537939 8.48979365189625,39.298866019777 8.48972535905589,39.2989135848273 8.48959879786996,39.2990447473137 8.48957120321525,39.2990630079716 8.48949684350171,39.2990900019903 8.48937017482606,39.2991385451207 8.48933413475292,39.299149190699 8.48915190109469,39.2992156731682 8.48909307790504,39.2992447174894 8.48918346735212,39.2990978353579 8.48926959490094,39.2989947532243 8.48922439131197,39.2989418695146 8.48932001592799,39.2988899194114 8.48935758937585,39.2988661430416 8.48939111974624,39.2988449620031 8.48946228060194,39.2987985270548 8.48949036217562,39.298780277569 8.48962012584896,39.2986328830433 8.48969374312472,39.2985052908016</coordinates>
            </LinearRing>
          </innerBoundaryIs>
        </Polygon>
      </Placemark>
      <Placemark xmlns="http://www.opengis.net/kml/2.2">
        <styleUrl>#Parti singole_style_map</styleUrl>
        <name>F01072</name>
        <Polygon>
          <outerBoundaryIs>
            <LinearRing>
              <coordinates>8.49036557544842,39.2973825442126 8.49044447077442,39.2972447835368 8.48984442444181,39.297061760673 8.48971492658255,39.2971059937174 8.48967999085794,39.29703981043 8.48973407057953,39.2970280904963 8.4889049094747,39.2967751712642 8.48830397084478,39.2972171693652 8.48843441112096,39.2973525873774 8.48881279785061,39.2977454028803 8.48899975398451,39.2979395026221 8.48965580037642,39.2983596834807 8.48912765661431,39.2987765228816 8.48889275430569,39.2989619124527 8.48888565170805,39.2989674047767 8.48890167466417,39.2989982645526 8.48892665592175,39.2990459234846 8.48893644726892,39.2990645824951 8.48893913526143,39.2990697123509 8.48893076277378,39.2991661307963 8.48883701636009,39.299176915468 8.48883787157145,39.299118951192 8.48880174515182,39.2991365174011 8.48878733557145,39.2991182165339 8.48878416412038,39.2991141838493 8.48876304053739,39.2991244622835 8.48876043355271,39.2991257303396 8.48860288050781,39.2992014391759 8.48860679378535,39.2992087099487 8.4886674705005,39.2992914691244 8.48871968109214,39.2992978078038 8.48879471930423,39.2993433709986 8.48894691057061,39.2996013116341 8.48900043520186,39.2996677659865 8.4890726247894,39.299727165853 8.48916904463318,39.2997653528773 8.48938355448936,39.299805779211 8.48950954370757,39.2994248753683 8.48962216773128,39.2994514643315 8.48963488510727,39.2994393467362 8.48967062853948,39.2994264471024 8.48970455442952,39.2994290648312 8.48974503361106,39.299439541545 8.48974463310094,39.2994403957999 8.48977301989625,39.2994488010826 8.48979696575629,39.2993980319815 8.48976681320001,39.2993916373456 8.48975512840158,39.2993893334373 8.48966401950262,39.2993672091462 8.48965795855482,39.299285212697 8.48970940555344,39.2992577936964 8.48979480679995,39.2991939493621 8.48999461814895,39.2990975194622 8.49007832240988,39.2991459491653 8.49037472361906,39.2985910836501 8.49062407808267,39.2986317324145 8.49067577951982,39.2981133328158 8.49037131328596,39.2976034654497 8.49036557544842,39.2973825442126</coordinates>
            </LinearRing>
          </outerBoundaryIs>
          <innerBoundaryIs>
            <LinearRing>
              <coordinates>8.48929639801824,39.2996451513033 8.48924227323028,39.2995814517094 8.48932202601548,39.2995481110023 8.4893728552492,39.2996057048977 8.48929639801824,39.2996451513033</coordinates>
            </LinearRing>
          </innerBoundaryIs>
          <innerBoundaryIs>
            <LinearRing>
              <coordinates>8.48872955381544,39.2992654579129 8.48867515063483,39.2991970983248 8.48876041512302,39.2991537533731 8.48881621715728,39.2992243176664 8.48872955381544,39.2992654579129</coordinates>
            </LinearRing>
          </innerBoundaryIs>
          <innerBoundaryIs>
            <LinearRing>
              <coordinates>8.48976285107149,39.2974562947264 8.48989472896768,39.2972297415477 8.48997937625425,39.2972549910622 8.48984751011263,39.2974815533984 8.48976285107149,39.2974562947264</coordinates>
            </LinearRing>
          </innerBoundaryIs>
          <innerBoundaryIs>
            <LinearRing>
              <coordinates>8.48898728795233,39.2994887027233 8.48886930362801,39.2993477354708 8.48881558881827,39.2992835599135 8.48890655241428,39.2992347614226 8.48896484104759,39.2992999121581 8.48908818275767,39.2994377761477 8.48898728795233,39.2994887027233</coordinates>
            </LinearRing>
          </innerBoundaryIs>
          <innerBoundaryIs>
            <LinearRing>
              <coordinates>8.48910708268176,39.2992883905247 8.48930695688728,39.2992345193748 8.48940845069307,39.299207995982 8.48946130072757,39.2993481272327 8.48947850688881,39.2994029244002 8.48947973696681,39.2994155807471 8.48946623221977,39.2994227390141 8.4893135343913,39.2995309084448 8.48925303046187,39.299539076808 8.48921369660046,39.2995018793719 8.48919192238798,39.299454910384 8.48914704741388,39.2993679768539 8.48910708268176,39.2992883905247</coordinates>
            </LinearRing>
          </innerBoundaryIs>
          <innerBoundaryIs>
            <LinearRing>
              <coordinates>8.48969374312472,39.2985052908016 8.48972466845768,39.2984882701691 8.48977901804955,39.2984395536783 8.48981678385887,39.2984163817148 8.48983671114238,39.2984094948563 8.4898811774295,39.2984202052625 8.48988508267059,39.2984349818289 8.48993575981398,39.2986124795279 8.48991624535917,39.2986471480435 8.48982148458583,39.2988229537939 8.48979365189625,39.298866019777 8.48972535905589,39.2989135848273 8.48959879786996,39.2990447473137 8.48957120321525,39.2990630079716 8.48949684350171,39.2990900019903 8.48937017482606,39.2991385451207 8.48933413475292,39.299149190699 8.48915190109469,39.2992156731682 8.48909307790504,39.2992447174894 8.48918346735212,39.2990978353579 8.48926959490094,39.2989947532243 8.48922439131197,39.2989418695146 8.48932001592799,39.2988899194114 8.48935758937585,39.2988661430416 8.48939111974624,39.2988449620031 8.48946228060194,39.2987985270548 8.48949036217562,39.298780277569 8.48962012584896,39.2986328830433 8.48969374312472,39.2985052908016</coordinates>
            </LinearRing>
          </innerBoundaryIs>
        </Polygon>
      </Placemark>
      <Placemark xmlns="http://www.opengis.net/kml/2.2">
        <styleUrl>#Parti singole_style_map</styleUrl>
        <name>F01073</name>
        <Polygon>
          <outerBoundaryIs>
            <LinearRing>
              <coordinates>8.49036557544842,39.2973825442126 8.49044447077442,39.2972447835368 8.48984442444181,39.297061760673 8.48971492658255,39.2971059937174 8.48967999085794,39.29703981043 8.48973407057953,39.2970280904963 8.4889049094747,39.2967751712642 8.48830397084478,39.2972171693652 8.48843441112096,39.2973525873774 8.48881279785061,39.2977454028803 8.48899975398451,39.2979395026221 8.48965580037642,39.2983596834807 8.48912765661431,39.2987765228816 8.48889275430569,39.2989619124527 8.48888565170805,39.2989674047767 8.48890167466417,39.2989982645526 8.48892665592175,39.2990459234846 8.48893644726892,39.2990645824951 8.48893913526143,39.2990697123509 8.48893076277378,39.2991661307963 8.48883701636009,39.299176915468 8.48883787157145,39.299118951192 8.48880174515182,39.2991365174011 8.48878733557145,39.2991182165339 8.48878416412038,39.2991141838493 8.48876304053739,39.2991244622835 8.48876043355271,39.2991257303396 8.48860288050781,39.2992014391759 8.48860679378535,39.2992087099487 8.4886674705005,39.2992914691244 8.48871968109214,39.2992978078038 8.48879471930423,39.2993433709986 8.48894691057061,39.2996013116341 8.48900043520186,39.2996677659865 8.4890726247894,39.299727165853 8.48916904463318,39.2997653528773 8.48938355448936,39.299805779211 8.48950954370757,39.2994248753683 8.48962216773128,39.2994514643315 8.48963488510727,39.2994393467362 8.48967062853948,39.2994264471024 8.48970455442952,39.2994290648312 8.48974503361106,39.299439541545 8.48974463310094,39.2994403957999 8.48977301989625,39.2994488010826 8.48979696575629,39.2993980319815 8.48976681320001,39.2993916373456 8.48975512840158,39.2993893334373 8.48966401950262,39.2993672091462 8.48965795855482,39.299285212697 8.48970940555344,39.2992577936964 8.48979480679995,39.2991939493621 8.48999461814895,39.2990975194622 8.49007832240988,39.2991459491653 8.49037472361906,39.2985910836501 8.49062407808267,39.2986317324145 8.49067577951982,39.2981133328158 8.49037131328596,39.2976034654497 8.49036557544842,39.2973825442126</coordinates>
            </LinearRing>
          </outerBoundaryIs>
          <innerBoundaryIs>
            <LinearRing>
              <coordinates>8.48929639801824,39.2996451513033 8.48924227323028,39.2995814517094 8.48932202601548,39.2995481110023 8.4893728552492,39.2996057048977 8.48929639801824,39.2996451513033</coordinates>
            </LinearRing>
          </innerBoundaryIs>
          <innerBoundaryIs>
            <LinearRing>
              <coordinates>8.48872955381544,39.2992654579129 8.48867515063483,39.2991970983248 8.48876041512302,39.2991537533731 8.48881621715728,39.2992243176664 8.48872955381544,39.2992654579129</coordinates>
            </LinearRing>
          </innerBoundaryIs>
          <innerBoundaryIs>
            <LinearRing>
              <coordinates>8.48976285107149,39.2974562947264 8.48989472896768,39.2972297415477 8.48997937625425,39.2972549910622 8.48984751011263,39.2974815533984 8.48976285107149,39.2974562947264</coordinates>
            </LinearRing>
          </innerBoundaryIs>
          <innerBoundaryIs>
            <LinearRing>
              <coordinates>8.48898728795233,39.2994887027233 8.48886930362801,39.2993477354708 8.48881558881827,39.2992835599135 8.48890655241428,39.2992347614226 8.48896484104759,39.2992999121581 8.48908818275767,39.2994377761477 8.48898728795233,39.2994887027233</coordinates>
            </LinearRing>
          </innerBoundaryIs>
          <innerBoundaryIs>
            <LinearRing>
              <coordinates>8.48910708268176,39.2992883905247 8.48930695688728,39.2992345193748 8.48940845069307,39.299207995982 8.48946130072757,39.2993481272327 8.48947850688881,39.2994029244002 8.48947973696681,39.2994155807471 8.48946623221977,39.2994227390141 8.4893135343913,39.2995309084448 8.48925303046187,39.299539076808 8.48921369660046,39.2995018793719 8.48919192238798,39.299454910384 8.48914704741388,39.2993679768539 8.48910708268176,39.2992883905247</coordinates>
            </LinearRing>
          </innerBoundaryIs>
          <innerBoundaryIs>
            <LinearRing>
              <coordinates>8.48969374312472,39.2985052908016 8.48972466845768,39.2984882701691 8.48977901804955,39.2984395536783 8.48981678385887,39.2984163817148 8.48983671114238,39.2984094948563 8.4898811774295,39.2984202052625 8.48988508267059,39.2984349818289 8.48993575981398,39.2986124795279 8.48991624535917,39.2986471480435 8.48982148458583,39.2988229537939 8.48979365189625,39.298866019777 8.48972535905589,39.2989135848273 8.48959879786996,39.2990447473137 8.48957120321525,39.2990630079716 8.48949684350171,39.2990900019903 8.48937017482606,39.2991385451207 8.48933413475292,39.299149190699 8.48915190109469,39.2992156731682 8.48909307790504,39.2992447174894 8.48918346735212,39.2990978353579 8.48926959490094,39.2989947532243 8.48922439131197,39.2989418695146 8.48932001592799,39.2988899194114 8.48935758937585,39.2988661430416 8.48939111974624,39.2988449620031 8.48946228060194,39.2987985270548 8.48949036217562,39.298780277569 8.48962012584896,39.2986328830433 8.48969374312472,39.2985052908016</coordinates>
            </LinearRing>
          </innerBoundaryIs>
        </Polygon>
      </Placemark>
      <Placemark xmlns="http://www.opengis.net/kml/2.2">
        <styleUrl>#Parti singole_style_map</styleUrl>
        <name>F01983</name>
        <Polygon>
          <outerBoundaryIs>
            <LinearRing>
              <coordinates>8.49291064770027,39.2953365148906 8.49317443935629,39.2952874389527 8.49292755909623,39.2952508612286 8.49292629401102,39.2952622541932 8.49291064770027,39.2953365148906</coordinates>
            </LinearRing>
          </outerBoundaryIs>
        </Polygon>
      </Placemark>
      <Placemark xmlns="http://www.opengis.net/kml/2.2">
        <styleUrl>#Parti singole_style_map</styleUrl>
        <name>F01976</name>
        <Polygon>
          <outerBoundaryIs>
            <LinearRing>
              <coordinates>8.48948835949496,39.2998264049796 8.48969286435515,39.2998983331152 8.48978527540658,39.2997636598155 8.48979512508328,39.2997471955058 8.48964853086723,39.2996936690437 8.48960997607863,39.2996768932859 8.48948835949496,39.2998264049796</coordinates>
            </LinearRing>
          </outerBoundaryIs>
        </Polygon>
      </Placemark>
      <Placemark xmlns="http://www.opengis.net/kml/2.2">
        <styleUrl>#Parti singole_style_map</styleUrl>
        <name>F01981</name>
        <Polygon>
          <outerBoundaryIs>
            <LinearRing>
              <coordinates>8.50117897259055,39.2971245254185 8.5014888796687,39.2971498221013 8.50185266971495,39.297210526283 8.50202717570078,39.2972256363362 8.50244890480981,39.297214240094 8.50265629710166,39.2973099369673 8.50276023434354,39.2972418552154 8.50293067388189,39.2971433672327 8.50304958783942,39.2971121667429 8.50316320794729,39.2971260238301 8.50328387337795,39.2971587071128 8.50340910579407,39.2972195950925 8.50348092226428,39.2972970598509 8.50349013545057,39.2973422425504 8.50365363725208,39.2973802533404 8.50363390952891,39.2973230326126 8.50362190946876,39.29732265703 8.50357545372607,39.2973208549156 8.50357845944566,39.297217182137 8.50352427957282,39.2972138422639 8.50352806787354,39.2971339969962 8.50273045460729,39.2967798147308 8.50286843997396,39.2965723213673 8.50251745627525,39.2962740370947 8.5025626552379,39.2958817171613 8.50220268918599,39.2956750318893 8.50220375657177,39.2956896877843 8.50163644706529,39.2956088122518 8.50151065505998,39.2953675806719 8.50157247510388,39.2952402366078 8.50150634991333,39.2950820235061 8.50139384498317,39.2950553384078 8.50117897259055,39.2971245254185</coordinates>
            </LinearRing>
          </outerBoundaryIs>
        </Polygon>
      </Placemark>
      <Placemark xmlns="http://www.opengis.net/kml/2.2">
        <styleUrl>#Parti singole_style_map</styleUrl>
        <name>F00904</name>
        <Polygon>
          <outerBoundaryIs>
            <LinearRing>
              <coordinates>8.50251745627525,39.2962740370947 8.50286843997396,39.2965723213673 8.5034777618112,39.2969714733794 8.50347987747693,39.296952713214 8.50354958257011,39.2969531458419 8.50355007315586,39.2969050670789 8.50438812878539,39.296937312134 8.50438123751486,39.2970379588294 8.5046956099394,39.2969942173482 8.50465539208005,39.2969038134142 8.5046006559561,39.2968133025912 8.50447454134647,39.2968083773135 8.50447778947404,39.2967769980237 8.50420982550876,39.29676031301 8.50422208125718,39.2965995881062 8.50447930932528,39.2966207417033 8.50429587530631,39.296303217686 8.50381638189156,39.2962450282765 8.50338901264622,39.2961446912948 8.50335419442321,39.2961339371227 8.50326195910294,39.2961054571289 8.50274968500782,39.2959472402347 8.5025626552379,39.2958817171613 8.50251745627525,39.2962740370947</coordinates>
            </LinearRing>
          </outerBoundaryIs>
        </Polygon>
      </Placemark>
      <Placemark xmlns="http://www.opengis.net/kml/2.2">
        <styleUrl>#Parti singole_style_map</styleUrl>
        <name>F00905</name>
        <Polygon>
          <outerBoundaryIs>
            <LinearRing>
              <coordinates>8.50251745627525,39.2962740370947 8.50286843997396,39.2965723213673 8.5034777618112,39.2969714733794 8.50347987747693,39.296952713214 8.50354958257011,39.2969531458419 8.50355007315586,39.2969050670789 8.50438812878539,39.296937312134 8.50438123751486,39.2970379588294 8.5046956099394,39.2969942173482 8.50465539208005,39.2969038134142 8.5046006559561,39.2968133025912 8.50447454134647,39.2968083773135 8.50447778947404,39.2967769980237 8.50420982550876,39.29676031301 8.50422208125718,39.2965995881062 8.50447930932528,39.2966207417033 8.50429587530631,39.296303217686 8.50381638189156,39.2962450282765 8.50338901264622,39.2961446912948 8.50335419442321,39.2961339371227 8.50326195910294,39.2961054571289 8.50274968500782,39.2959472402347 8.5025626552379,39.2958817171613 8.50251745627525,39.2962740370947</coordinates>
            </LinearRing>
          </outerBoundaryIs>
        </Polygon>
      </Placemark>
      <Placemark xmlns="http://www.opengis.net/kml/2.2">
        <styleUrl>#Parti singole_style_map</styleUrl>
        <name>F00906</name>
        <Polygon>
          <outerBoundaryIs>
            <LinearRing>
              <coordinates>8.50761444832773,39.2971165734122 8.50775970823157,39.2971118267666 8.50774412981612,39.2969783580872 8.50760365475823,39.2969887656364 8.50761444832773,39.2971165734122</coordinates>
            </LinearRing>
          </outerBoundaryIs>
        </Polygon>
      </Placemark>
      <Placemark xmlns="http://www.opengis.net/kml/2.2">
        <styleUrl>#Parti singole_style_map</styleUrl>
        <name>F00907</name>
        <Polygon>
          <outerBoundaryIs>
            <LinearRing>
              <coordinates>8.50738855419563,39.296908263919 8.50748022965793,39.2969045161681 8.5074837072359,39.2969559907485 8.50773432941306,39.2969404628521 8.50772079695967,39.296842703044 8.50738433881597,39.2968462527542 8.50738855419563,39.296908263919</coordinates>
            </LinearRing>
          </outerBoundaryIs>
        </Polygon>
      </Placemark>
      <Placemark xmlns="http://www.opengis.net/kml/2.2">
        <styleUrl>#Parti singole_style_map</styleUrl>
        <name>F00908</name>
        <Polygon>
          <outerBoundaryIs>
            <LinearRing>
              <coordinates>8.50720987450445,39.2967226896342 8.507215168574,39.2968226672709 8.50731692348451,39.2968120241364 8.50729431621883,39.2967135770797 8.50726846015832,39.2965806685169 8.50718608433342,39.2965895645378 8.50720987450445,39.2967226896342</coordinates>
            </LinearRing>
          </outerBoundaryIs>
        </Polygon>
      </Placemark>
      <Placemark xmlns="http://www.opengis.net/kml/2.2">
        <styleUrl>#Parti singole_style_map</styleUrl>
        <name>F00909</name>
        <Polygon>
          <outerBoundaryIs>
            <LinearRing>
              <coordinates>8.50583533511232,39.2966093080854 8.50623038495555,39.2966494158705 8.50651913386389,39.2966870530796 8.50652692325066,39.2966215426045 8.50648297672989,39.2966158777117 8.506488327963,39.2965458245354 8.50616912696643,39.2965164018619 8.50617409474916,39.296477839317 8.50585734616301,39.2964476963357 8.50583533511232,39.2966093080854</coordinates>
            </LinearRing>
          </outerBoundaryIs>
        </Polygon>
      </Placemark>
      <Placemark xmlns="http://www.opengis.net/kml/2.2">
        <styleUrl>#Parti singole_style_map</styleUrl>
        <name>F01984</name>
        <Polygon>
          <outerBoundaryIs>
            <LinearRing>
              <coordinates>8.48948835949496,39.2998264049796 8.48969286435515,39.2998983331152 8.48978527540658,39.2997636598155 8.48979512508328,39.2997471955058 8.48964853086723,39.2996936690437 8.48960997607863,39.2996768932859 8.48948835949496,39.2998264049796</coordinates>
            </LinearRing>
          </outerBoundaryIs>
        </Polygon>
      </Placemark>
      <Placemark xmlns="http://www.opengis.net/kml/2.2">
        <styleUrl>#Parti singole_style_map</styleUrl>
        <name>F00910</name>
        <Polygon>
          <outerBoundaryIs>
            <LinearRing>
              <coordinates>8.50420982550876,39.29676031301 8.50447778947404,39.2967769980237 8.50447454134647,39.2968083773135 8.5046006559561,39.2968133025912 8.50465539208005,39.2969038134142 8.5046956099394,39.2969942173482 8.50484380380867,39.2969647886248 8.50525742273905,39.2969899039157 8.50529742550898,39.2966153658966 8.50488750591033,39.2966020794644 8.50489628730814,39.2965210840042 8.50464353802556,39.2963861548202 8.50429587530631,39.296303217686 8.50447930932528,39.2966207417033 8.50422208125718,39.2965995881062 8.50420982550876,39.29676031301</coordinates>
            </LinearRing>
          </outerBoundaryIs>
        </Polygon>
      </Placemark>
      <Placemark xmlns="http://www.opengis.net/kml/2.2">
        <styleUrl>#Parti singole_style_map</styleUrl>
        <name>F00911</name>
        <Polygon>
          <outerBoundaryIs>
            <LinearRing>
              <coordinates>8.50503928990248,39.2965304238103 8.50530536971365,39.2965477927228 8.50529742550898,39.2966153658966 8.50525742273905,39.2969899039157 8.50526318908154,39.2970010385756 8.50552139535087,39.2970202206988 8.50570831728213,39.2970409195592 8.50575202222714,39.2966557555264 8.50578107075259,39.2966559329934 8.50578139980966,39.2966240006254 8.50572620765568,39.2965766944849 8.50559564547244,39.2965677327738 8.50559995509933,39.2965008019109 8.50504287196333,39.2964631384578 8.50503928990248,39.2965304238103</coordinates>
            </LinearRing>
          </outerBoundaryIs>
        </Polygon>
      </Placemark>
      <Placemark xmlns="http://www.opengis.net/kml/2.2">
        <styleUrl>#Parti singole_style_map</styleUrl>
        <name>F00913</name>
        <Polygon>
          <outerBoundaryIs>
            <LinearRing>
              <coordinates>8.50577190508571,39.2970044361851 8.50581497928411,39.2970072766258 8.50581144702888,39.2970232064031 8.50588659887979,39.2970362814339 8.50589493417472,39.2970182460824 8.50594003426073,39.29702481553 8.5059485676773,39.2969786119016 8.50597801018414,39.2969744849871 8.50598187135804,39.2969117852411 8.50578155642711,39.2968965841618 8.50577190508571,39.2970044361851</coordinates>
            </LinearRing>
          </outerBoundaryIs>
        </Polygon>
      </Placemark>
      <Placemark xmlns="http://www.opengis.net/kml/2.2">
        <styleUrl>#Parti singole_style_map</styleUrl>
        <name>F00912</name>
        <Polygon>
          <outerBoundaryIs>
            <LinearRing>
              <coordinates>8.50577190508571,39.2970044361851 8.50581497928411,39.2970072766258 8.50581144702888,39.2970232064031 8.50588659887979,39.2970362814339 8.50589493417472,39.2970182460824 8.50594003426073,39.29702481553 8.5059485676773,39.2969786119016 8.50597801018414,39.2969744849871 8.50598187135804,39.2969117852411 8.50578155642711,39.2968965841618 8.50577190508571,39.2970044361851</coordinates>
            </LinearRing>
          </outerBoundaryIs>
        </Polygon>
      </Placemark>
      <Placemark xmlns="http://www.opengis.net/kml/2.2">
        <styleUrl>#Parti singole_style_map</styleUrl>
        <name>F00914</name>
        <Polygon>
          <outerBoundaryIs>
            <LinearRing>
              <coordinates>8.50584585973662,39.296387519436 8.5060707893677,39.2964039278797 8.50606905000508,39.296336295516 8.50584895460144,39.2963217908297 8.50584585973662,39.296387519436</coordinates>
            </LinearRing>
          </outerBoundaryIs>
        </Polygon>
      </Placemark>
      <Placemark xmlns="http://www.opengis.net/kml/2.2">
        <styleUrl>#Parti singole_style_map</styleUrl>
        <name>F01540</name>
        <Polygon>
          <outerBoundaryIs>
            <LinearRing>
              <coordinates>8.49284063927463,39.293054188889 8.49324809899793,39.2930966294308 8.49358684575533,39.2931319123709 8.49380185957124,39.29305006714 8.49357758188477,39.2930030286427 8.49345012821341,39.2929983198842 8.49325214400143,39.293031004403 8.49316257325459,39.2930457971976 8.49313862996719,39.2930181022544 8.49287255527226,39.2929878473723 8.49284063927463,39.293054188889</coordinates>
            </LinearRing>
          </outerBoundaryIs>
          <innerBoundaryIs>
            <LinearRing>
              <coordinates>8.49354450322932,39.2931119699444 8.49354471959676,39.2930819585593 8.493584295214,39.2930838815461 8.49358376782525,39.2931123909611 8.49354450322932,39.2931119699444</coordinates>
            </LinearRing>
          </innerBoundaryIs>
        </Polygon>
      </Placemark>
      <Placemark xmlns="http://www.opengis.net/kml/2.2">
        <styleUrl>#Parti singole_style_map</styleUrl>
        <name>F00862</name>
        <Polygon>
          <outerBoundaryIs>
            <LinearRing>
              <coordinates>8.49284063927463,39.293054188889 8.49324809899793,39.2930966294308 8.49358684575533,39.2931319123709 8.49380185957124,39.29305006714 8.49357758188477,39.2930030286427 8.49345012821341,39.2929983198842 8.49325214400143,39.293031004403 8.49316257325459,39.2930457971976 8.49313862996719,39.2930181022544 8.49287255527226,39.2929878473723 8.49284063927463,39.293054188889</coordinates>
            </LinearRing>
          </outerBoundaryIs>
          <innerBoundaryIs>
            <LinearRing>
              <coordinates>8.49354450322932,39.2931119699444 8.49354471959676,39.2930819585593 8.493584295214,39.2930838815461 8.49358376782525,39.2931123909611 8.49354450322932,39.2931119699444</coordinates>
            </LinearRing>
          </innerBoundaryIs>
        </Polygon>
      </Placemark>
      <Placemark xmlns="http://www.opengis.net/kml/2.2">
        <styleUrl>#Parti singole_style_map</styleUrl>
        <name>F01541</name>
        <Polygon>
          <outerBoundaryIs>
            <LinearRing>
              <coordinates>8.49284063927463,39.293054188889 8.49324809899793,39.2930966294308 8.49358684575533,39.2931319123709 8.49380185957124,39.29305006714 8.49357758188477,39.2930030286427 8.49345012821341,39.2929983198842 8.49325214400143,39.293031004403 8.49316257325459,39.2930457971976 8.49313862996719,39.2930181022544 8.49287255527226,39.2929878473723 8.49284063927463,39.293054188889</coordinates>
            </LinearRing>
          </outerBoundaryIs>
          <innerBoundaryIs>
            <LinearRing>
              <coordinates>8.49354450322932,39.2931119699444 8.49354471959676,39.2930819585593 8.493584295214,39.2930838815461 8.49358376782525,39.2931123909611 8.49354450322932,39.2931119699444</coordinates>
            </LinearRing>
          </innerBoundaryIs>
        </Polygon>
      </Placemark>
      <Placemark xmlns="http://www.opengis.net/kml/2.2">
        <styleUrl>#Parti singole_style_map</styleUrl>
        <name>F00863</name>
        <Polygon>
          <outerBoundaryIs>
            <LinearRing>
              <coordinates>8.49284063927463,39.293054188889 8.49324809899793,39.2930966294308 8.49358684575533,39.2931319123709 8.49380185957124,39.29305006714 8.49357758188477,39.2930030286427 8.49345012821341,39.2929983198842 8.49325214400143,39.293031004403 8.49316257325459,39.2930457971976 8.49313862996719,39.2930181022544 8.49287255527226,39.2929878473723 8.49284063927463,39.293054188889</coordinates>
            </LinearRing>
          </outerBoundaryIs>
          <innerBoundaryIs>
            <LinearRing>
              <coordinates>8.49354450322932,39.2931119699444 8.49354471959676,39.2930819585593 8.493584295214,39.2930838815461 8.49358376782525,39.2931123909611 8.49354450322932,39.2931119699444</coordinates>
            </LinearRing>
          </innerBoundaryIs>
        </Polygon>
      </Placemark>
      <Placemark xmlns="http://www.opengis.net/kml/2.2">
        <styleUrl>#Parti singole_style_map</styleUrl>
        <name>F00864</name>
        <Polygon>
          <outerBoundaryIs>
            <LinearRing>
              <coordinates>8.49284063927463,39.293054188889 8.49324809899793,39.2930966294308 8.49358684575533,39.2931319123709 8.49380185957124,39.29305006714 8.49357758188477,39.2930030286427 8.49345012821341,39.2929983198842 8.49325214400143,39.293031004403 8.49316257325459,39.2930457971976 8.49313862996719,39.2930181022544 8.49287255527226,39.2929878473723 8.49284063927463,39.293054188889</coordinates>
            </LinearRing>
          </outerBoundaryIs>
          <innerBoundaryIs>
            <LinearRing>
              <coordinates>8.49354450322932,39.2931119699444 8.49354471959676,39.2930819585593 8.493584295214,39.2930838815461 8.49358376782525,39.2931123909611 8.49354450322932,39.2931119699444</coordinates>
            </LinearRing>
          </innerBoundaryIs>
        </Polygon>
      </Placemark>
      <Placemark xmlns="http://www.opengis.net/kml/2.2">
        <styleUrl>#Parti singole_style_map</styleUrl>
        <name>F01986</name>
        <Polygon>
          <outerBoundaryIs>
            <LinearRing>
              <coordinates>8.48224723381055,39.2907530989772 8.48245385753006,39.290773652497 8.48295742089719,39.2906592754268 8.48328623231238,39.2906273066238 8.48362911717745,39.2906636460864 8.48497290859286,39.290977082007 8.48498953355701,39.290949069373 8.48506002983383,39.2909166636967 8.48461108669884,39.2907967533752 8.48384957786097,39.2906316903523 8.48225931996979,39.2903812918693 8.48207122328141,39.2906994680816 8.48224723381055,39.2907530989772</coordinates>
            </LinearRing>
          </outerBoundaryIs>
        </Polygon>
      </Placemark>
      <Placemark xmlns="http://www.opengis.net/kml/2.2">
        <styleUrl>#Parti singole_style_map</styleUrl>
        <name>F00887</name>
        <Polygon>
          <outerBoundaryIs>
            <LinearRing>
              <coordinates>8.48925755104343,39.2902644639575 8.48947370331694,39.2901946280747 8.48942329599577,39.2901004180058 8.48920714396388,39.2901702537978 8.48925755104343,39.2902644639575</coordinates>
            </LinearRing>
          </outerBoundaryIs>
        </Polygon>
      </Placemark>
      <Placemark xmlns="http://www.opengis.net/kml/2.2">
        <styleUrl>#Parti singole_style_map</styleUrl>
        <name>F01543</name>
        <Polygon>
          <outerBoundaryIs>
            <LinearRing>
              <coordinates>8.49284063927463,39.293054188889 8.49324809899793,39.2930966294308 8.49358684575533,39.2931319123709 8.49380185957124,39.29305006714 8.49357758188477,39.2930030286427 8.49345012821341,39.2929983198842 8.49325214400143,39.293031004403 8.49316257325459,39.2930457971976 8.49313862996719,39.2930181022544 8.49287255527226,39.2929878473723 8.49284063927463,39.293054188889</coordinates>
            </LinearRing>
          </outerBoundaryIs>
          <innerBoundaryIs>
            <LinearRing>
              <coordinates>8.49354450322932,39.2931119699444 8.49354471959676,39.2930819585593 8.493584295214,39.2930838815461 8.49358376782525,39.2931123909611 8.49354450322932,39.2931119699444</coordinates>
            </LinearRing>
          </innerBoundaryIs>
        </Polygon>
      </Placemark>
      <Placemark xmlns="http://www.opengis.net/kml/2.2">
        <styleUrl>#Parti singole_style_map</styleUrl>
        <name>F00865</name>
        <Polygon>
          <outerBoundaryIs>
            <LinearRing>
              <coordinates>8.49284063927463,39.293054188889 8.49324809899793,39.2930966294308 8.49358684575533,39.2931319123709 8.49380185957124,39.29305006714 8.49357758188477,39.2930030286427 8.49345012821341,39.2929983198842 8.49325214400143,39.293031004403 8.49316257325459,39.2930457971976 8.49313862996719,39.2930181022544 8.49287255527226,39.2929878473723 8.49284063927463,39.293054188889</coordinates>
            </LinearRing>
          </outerBoundaryIs>
          <innerBoundaryIs>
            <LinearRing>
              <coordinates>8.49354450322932,39.2931119699444 8.49354471959676,39.2930819585593 8.493584295214,39.2930838815461 8.49358376782525,39.2931123909611 8.49354450322932,39.2931119699444</coordinates>
            </LinearRing>
          </innerBoundaryIs>
        </Polygon>
      </Placemark>
      <Placemark xmlns="http://www.opengis.net/kml/2.2">
        <styleUrl>#Parti singole_style_map</styleUrl>
        <name>F01544</name>
        <Polygon>
          <outerBoundaryIs>
            <LinearRing>
              <coordinates>8.48925755104343,39.2902644639575 8.48947370331694,39.2901946280747 8.48942329599577,39.2901004180058 8.48920714396388,39.2901702537978 8.48925755104343,39.2902644639575</coordinates>
            </LinearRing>
          </outerBoundaryIs>
        </Polygon>
      </Placemark>
      <Placemark xmlns="http://www.opengis.net/kml/2.2">
        <styleUrl>#Parti singole_style_map</styleUrl>
        <name>F00866</name>
        <Polygon>
          <outerBoundaryIs>
            <LinearRing>
              <coordinates>8.48925755104343,39.2902644639575 8.48947370331694,39.2901946280747 8.48942329599577,39.2901004180058 8.48920714396388,39.2901702537978 8.48925755104343,39.2902644639575</coordinates>
            </LinearRing>
          </outerBoundaryIs>
        </Polygon>
      </Placemark>
      <Placemark xmlns="http://www.opengis.net/kml/2.2">
        <styleUrl>#Parti singole_style_map</styleUrl>
        <name>F01545</name>
        <Polygon>
          <outerBoundaryIs>
            <LinearRing>
              <coordinates>8.48925755104343,39.2902644639575 8.48947370331694,39.2901946280747 8.48942329599577,39.2901004180058 8.48920714396388,39.2901702537978 8.48925755104343,39.2902644639575</coordinates>
            </LinearRing>
          </outerBoundaryIs>
        </Polygon>
      </Placemark>
      <Placemark xmlns="http://www.opengis.net/kml/2.2">
        <styleUrl>#Parti singole_style_map</styleUrl>
        <name>F00867</name>
        <Polygon>
          <outerBoundaryIs>
            <LinearRing>
              <coordinates>8.48925755104343,39.2902644639575 8.48947370331694,39.2901946280747 8.48942329599577,39.2901004180058 8.48920714396388,39.2901702537978 8.48925755104343,39.2902644639575</coordinates>
            </LinearRing>
          </outerBoundaryIs>
        </Polygon>
      </Placemark>
      <Placemark xmlns="http://www.opengis.net/kml/2.2">
        <styleUrl>#Parti singole_style_map</styleUrl>
        <name>F01546</name>
        <Polygon>
          <outerBoundaryIs>
            <LinearRing>
              <coordinates>8.48925755104343,39.2902644639575 8.48947370331694,39.2901946280747 8.48942329599577,39.2901004180058 8.48920714396388,39.2901702537978 8.48925755104343,39.2902644639575</coordinates>
            </LinearRing>
          </outerBoundaryIs>
        </Polygon>
      </Placemark>
      <Placemark xmlns="http://www.opengis.net/kml/2.2">
        <styleUrl>#Parti singole_style_map</styleUrl>
        <name>F00868</name>
        <Polygon>
          <outerBoundaryIs>
            <LinearRing>
              <coordinates>8.48925755104343,39.2902644639575 8.48947370331694,39.2901946280747 8.48942329599577,39.2901004180058 8.48920714396388,39.2901702537978 8.48925755104343,39.2902644639575</coordinates>
            </LinearRing>
          </outerBoundaryIs>
        </Polygon>
      </Placemark>
      <Placemark xmlns="http://www.opengis.net/kml/2.2">
        <styleUrl>#Parti singole_style_map</styleUrl>
        <name>F01547</name>
        <Polygon>
          <outerBoundaryIs>
            <LinearRing>
              <coordinates>8.48925755104343,39.2902644639575 8.48947370331694,39.2901946280747 8.48942329599577,39.2901004180058 8.48920714396388,39.2901702537978 8.48925755104343,39.2902644639575</coordinates>
            </LinearRing>
          </outerBoundaryIs>
        </Polygon>
      </Placemark>
      <Placemark xmlns="http://www.opengis.net/kml/2.2">
        <styleUrl>#Parti singole_style_map</styleUrl>
        <name>F00869</name>
        <Polygon>
          <outerBoundaryIs>
            <LinearRing>
              <coordinates>8.48925755104343,39.2902644639575 8.48947370331694,39.2901946280747 8.48942329599577,39.2901004180058 8.48920714396388,39.2901702537978 8.48925755104343,39.2902644639575</coordinates>
            </LinearRing>
          </outerBoundaryIs>
        </Polygon>
      </Placemark>
      <Placemark xmlns="http://www.opengis.net/kml/2.2">
        <styleUrl>#Parti singole_style_map</styleUrl>
        <name>F00870</name>
        <Polygon>
          <outerBoundaryIs>
            <LinearRing>
              <coordinates>8.48925755104343,39.2902644639575 8.48947370331694,39.2901946280747 8.48942329599577,39.2901004180058 8.48920714396388,39.2901702537978 8.48925755104343,39.2902644639575</coordinates>
            </LinearRing>
          </outerBoundaryIs>
        </Polygon>
      </Placemark>
      <Placemark xmlns="http://www.opengis.net/kml/2.2">
        <styleUrl>#Parti singole_style_map</styleUrl>
        <name>F01555</name>
        <Polygon>
          <outerBoundaryIs>
            <LinearRing>
              <coordinates>8.48925755104343,39.2902644639575 8.48947370331694,39.2901946280747 8.48942329599577,39.2901004180058 8.48920714396388,39.2901702537978 8.48925755104343,39.2902644639575</coordinates>
            </LinearRing>
          </outerBoundaryIs>
        </Polygon>
      </Placemark>
      <Placemark xmlns="http://www.opengis.net/kml/2.2">
        <styleUrl>#Parti singole_style_map</styleUrl>
        <name>F00888</name>
        <Polygon>
          <outerBoundaryIs>
            <LinearRing>
              <coordinates>8.48925755104343,39.2902644639575 8.48947370331694,39.2901946280747 8.48942329599577,39.2901004180058 8.48920714396388,39.2901702537978 8.48925755104343,39.2902644639575</coordinates>
            </LinearRing>
          </outerBoundaryIs>
        </Polygon>
      </Placemark>
      <Placemark xmlns="http://www.opengis.net/kml/2.2">
        <styleUrl>#Parti singole_style_map</styleUrl>
        <name>F00889</name>
        <Polygon>
          <outerBoundaryIs>
            <LinearRing>
              <coordinates>8.48925755104343,39.2902644639575 8.48947370331694,39.2901946280747 8.48942329599577,39.2901004180058 8.48920714396388,39.2901702537978 8.48925755104343,39.2902644639575</coordinates>
            </LinearRing>
          </outerBoundaryIs>
        </Polygon>
      </Placemark>
      <Placemark xmlns="http://www.opengis.net/kml/2.2">
        <styleUrl>#Parti singole_style_map</styleUrl>
        <name>F00890</name>
        <Polygon>
          <outerBoundaryIs>
            <LinearRing>
              <coordinates>8.48925755104343,39.2902644639575 8.48947370331694,39.2901946280747 8.48942329599577,39.2901004180058 8.48920714396388,39.2901702537978 8.48925755104343,39.2902644639575</coordinates>
            </LinearRing>
          </outerBoundaryIs>
        </Polygon>
      </Placemark>
      <Placemark xmlns="http://www.opengis.net/kml/2.2">
        <styleUrl>#Parti singole_style_map</styleUrl>
        <name>F00852</name>
        <Polygon>
          <outerBoundaryIs>
            <LinearRing>
              <coordinates>8.49284063927463,39.293054188889 8.49324809899793,39.2930966294308 8.49358684575533,39.2931319123709 8.49380185957124,39.29305006714 8.49357758188477,39.2930030286427 8.49345012821341,39.2929983198842 8.49325214400143,39.293031004403 8.49316257325459,39.2930457971976 8.49313862996719,39.2930181022544 8.49287255527226,39.2929878473723 8.49284063927463,39.293054188889</coordinates>
            </LinearRing>
          </outerBoundaryIs>
          <innerBoundaryIs>
            <LinearRing>
              <coordinates>8.49354450322932,39.2931119699444 8.49354471959676,39.2930819585593 8.493584295214,39.2930838815461 8.49358376782525,39.2931123909611 8.49354450322932,39.2931119699444</coordinates>
            </LinearRing>
          </innerBoundaryIs>
        </Polygon>
      </Placemark>
      <Placemark xmlns="http://www.opengis.net/kml/2.2">
        <styleUrl>#Parti singole_style_map</styleUrl>
        <name>F00871</name>
        <Polygon>
          <outerBoundaryIs>
            <LinearRing>
              <coordinates>8.49354450322932,39.2931119699444 8.49358376782525,39.2931123909611 8.493584295214,39.2930838815461 8.49354471959676,39.2930819585593 8.49354450322932,39.2931119699444</coordinates>
            </LinearRing>
          </outerBoundaryIs>
        </Polygon>
      </Placemark>
      <Placemark xmlns="http://www.opengis.net/kml/2.2">
        <styleUrl>#Parti singole_style_map</styleUrl>
        <name>F00872</name>
        <Polygon>
          <outerBoundaryIs>
            <LinearRing>
              <coordinates>8.48466754776236,39.2890338964803 8.48480943791044,39.289064404205 8.48482236470685,39.289029905554 8.48479105668903,39.2890204589089 8.48479723261057,39.2889941841333 8.48473272087342,39.2889792290959 8.48474067697511,39.2889473846069 8.48468954779266,39.2889401478729 8.48466754776236,39.2890338964803</coordinates>
            </LinearRing>
          </outerBoundaryIs>
        </Polygon>
      </Placemark>
      <Placemark xmlns="http://www.opengis.net/kml/2.2">
        <styleUrl>#Parti singole_style_map</styleUrl>
        <name>F00853</name>
        <Polygon>
          <outerBoundaryIs>
            <LinearRing>
              <coordinates>8.49284063927463,39.293054188889 8.49324809899793,39.2930966294308 8.49358684575533,39.2931319123709 8.49380185957124,39.29305006714 8.49357758188477,39.2930030286427 8.49345012821341,39.2929983198842 8.49325214400143,39.293031004403 8.49316257325459,39.2930457971976 8.49313862996719,39.2930181022544 8.49287255527226,39.2929878473723 8.49284063927463,39.293054188889</coordinates>
            </LinearRing>
          </outerBoundaryIs>
          <innerBoundaryIs>
            <LinearRing>
              <coordinates>8.49354450322932,39.2931119699444 8.49354471959676,39.2930819585593 8.493584295214,39.2930838815461 8.49358376782525,39.2931123909611 8.49354450322932,39.2931119699444</coordinates>
            </LinearRing>
          </innerBoundaryIs>
        </Polygon>
      </Placemark>
      <Placemark xmlns="http://www.opengis.net/kml/2.2">
        <styleUrl>#Parti singole_style_map</styleUrl>
        <name>F01867</name>
        <Polygon>
          <outerBoundaryIs>
            <LinearRing>
              <coordinates>8.49495056084449,39.2924675913276 8.49495002039146,39.2925234100183 8.49510434604348,39.2926888037047 8.49507134320818,39.292692093541 8.4950698340376,39.2928455925835 8.49514325730897,39.2928460283513 8.49513427234299,39.2926924657486 8.49497400833157,39.292522387814 8.49497155708539,39.2924665561368 8.49495056084449,39.2924675913276</coordinates>
            </LinearRing>
          </outerBoundaryIs>
        </Polygon>
      </Placemark>
      <Placemark xmlns="http://www.opengis.net/kml/2.2">
        <styleUrl>#Parti singole_style_map</styleUrl>
        <name>F01870</name>
        <Polygon>
          <outerBoundaryIs>
            <LinearRing>
              <coordinates>8.49301772413358,39.2917133329614 8.49304060079879,39.2917663144914 8.49305169296523,39.2917810894132 8.49306885370529,39.2917905356517 8.49308951325261,39.2917926338369 8.49310846445391,39.2917927164041 8.49313350836674,39.2917841234355 8.49313948034023,39.291792182138 8.49336826304385,39.2917228926028 8.49331820702694,39.2916162415366 8.49308769212955,39.2916868622093 8.493089381154,39.2916915553015 8.49301772413358,39.2917133329614</coordinates>
            </LinearRing>
          </outerBoundaryIs>
        </Polygon>
      </Placemark>
      <Placemark xmlns="http://www.opengis.net/kml/2.2">
        <styleUrl>#Parti singole_style_map</styleUrl>
        <name>F01871</name>
        <Polygon>
          <outerBoundaryIs>
            <LinearRing>
              <coordinates>8.49384125480645,39.2912695106342 8.49379853258617,39.291165039008 8.49310923121365,39.2913352427479 8.49315195250757,39.291439714618 8.49384125480645,39.2912695106342</coordinates>
            </LinearRing>
          </outerBoundaryIs>
        </Polygon>
      </Placemark>
      <Placemark xmlns="http://www.opengis.net/kml/2.2">
        <styleUrl>#Parti singole_style_map</styleUrl>
        <name>F01872</name>
        <Polygon>
          <outerBoundaryIs>
            <LinearRing>
              <coordinates>8.49028966525006,39.2900355473678 8.49060586086871,39.2899094132512 8.49055172585368,39.2898274673969 8.49023553050965,39.28995360137 8.49028966525006,39.2900355473678</coordinates>
            </LinearRing>
          </outerBoundaryIs>
        </Polygon>
      </Placemark>
      <Placemark xmlns="http://www.opengis.net/kml/2.2">
        <styleUrl>#Parti singole_style_map</styleUrl>
        <name>F01873</name>
        <Polygon>
          <outerBoundaryIs>
            <LinearRing>
              <coordinates>8.49030155076286,39.2896440059228 8.49035333622357,39.2896301755692 8.49039484323211,39.2896082674856 8.49045213924806,39.2895472691828 8.49047141130587,39.289562414873 8.49060234876882,39.2895027430586 8.49058572638834,39.2894785722171 8.49065575370974,39.2894437357899 8.49066603214813,39.289451813474 8.49083074530723,39.2893671871036 8.49080004096409,39.2893248811165 8.49096730872677,39.2892442820745 8.490944291356,39.2892110465299 8.49089242628651,39.2892359217465 8.49088092853122,39.2892177978861 8.49089130882178,39.2892118187914 8.49085031881265,39.2891624392064 8.49080493597208,39.2891843304926 8.49079727809882,39.2891712438592 8.49069744595376,39.2892179989432 8.49070380445525,39.2892320839814 8.49055339900465,39.289303719705 8.4905725472547,39.2893359342993 8.49049990671086,39.2893747755779 8.49052675648711,39.2894140525069 8.49037897833425,39.2894796749902 8.49039936765689,39.28951892365 8.49034727638084,39.2895749242962 8.49035366397709,39.289584993136 8.49028760003938,39.2896077977118 8.49030155076286,39.2896440059228</coordinates>
            </LinearRing>
          </outerBoundaryIs>
        </Polygon>
      </Placemark>
      <Placemark xmlns="http://www.opengis.net/kml/2.2">
        <styleUrl>#Parti singole_style_map</styleUrl>
        <name>F01874</name>
        <Polygon>
          <outerBoundaryIs>
            <LinearRing>
              <coordinates>8.49057634356245,39.2891687705952 8.49060126610478,39.289206532941 8.4906498719406,39.2891856599301 8.49066585915364,39.2892083218539 8.49074818638522,39.2891700249117 8.49070144765606,39.2891115833377 8.49057634356245,39.2891687705952</coordinates>
            </LinearRing>
          </outerBoundaryIs>
        </Polygon>
      </Placemark>
      <Placemark xmlns="http://www.opengis.net/kml/2.2">
        <styleUrl>#Parti singole_style_map</styleUrl>
        <name>F01875</name>
        <Polygon>
          <outerBoundaryIs>
            <LinearRing>
              <coordinates>8.49128235553996,39.2891869209636 8.4918988298026,39.2891685289696 8.49189520044942,39.2891343741925 8.49185126978855,39.289134182335 8.49185005032947,39.289124136148 8.49179319163201,39.289124891891 8.49179453454904,39.2891178691541 8.49177385403898,39.2891187829068 8.49177250385685,39.2891268096978 8.49161615514371,39.2891271307249 8.49161113213793,39.2891070270549 8.49154908334354,39.2891107722586 8.49154923593387,39.2890896871173 8.49149623896086,39.2890924677635 8.49149357486904,39.2891035010671 8.49129068233779,39.2891076345706 8.49129428231643,39.2891458055819 8.49128133245271,39.2891497653054 8.49128235553996,39.2891869209636</coordinates>
            </LinearRing>
          </outerBoundaryIs>
        </Polygon>
      </Placemark>
      <Placemark xmlns="http://www.opengis.net/kml/2.2">
        <styleUrl>#Parti singole_style_map</styleUrl>
        <name>F01876</name>
        <Polygon>
          <outerBoundaryIs>
            <LinearRing>
              <coordinates>8.49203868937808,39.2825648515062 8.49272350412036,39.2826072797152 8.49282202019162,39.2820161008465 8.49221361762375,39.2819345661663 8.49203868937808,39.2825648515062</coordinates>
            </LinearRing>
          </outerBoundaryIs>
        </Polygon>
      </Placemark>
      <Placemark xmlns="http://www.opengis.net/kml/2.2">
        <styleUrl>#Parti singole_style_map</styleUrl>
        <name>F01877</name>
        <Polygon>
          <outerBoundaryIs>
            <LinearRing>
              <coordinates>8.49016873846637,39.2896988768962 8.49015694095114,39.289671997278 8.49012856462058,39.2896795178934 8.49014036212617,39.2897063975143 8.49016873846637,39.2896988768962</coordinates>
            </LinearRing>
          </outerBoundaryIs>
        </Polygon>
      </Placemark>
      <Placemark xmlns="http://www.opengis.net/kml/2.2">
        <styleUrl>#Parti singole_style_map</styleUrl>
        <name>F01549</name>
        <Polygon>
          <outerBoundaryIs>
            <LinearRing>
              <coordinates>8.49284063927463,39.293054188889 8.49324809899793,39.2930966294308 8.49358684575533,39.2931319123709 8.49380185957124,39.29305006714 8.49357758188477,39.2930030286427 8.49345012821341,39.2929983198842 8.49325214400143,39.293031004403 8.49316257325459,39.2930457971976 8.49313862996719,39.2930181022544 8.49287255527226,39.2929878473723 8.49284063927463,39.293054188889</coordinates>
            </LinearRing>
          </outerBoundaryIs>
          <innerBoundaryIs>
            <LinearRing>
              <coordinates>8.49354450322932,39.2931119699444 8.49354471959676,39.2930819585593 8.493584295214,39.2930838815461 8.49358376782525,39.2931123909611 8.49354450322932,39.2931119699444</coordinates>
            </LinearRing>
          </innerBoundaryIs>
        </Polygon>
      </Placemark>
      <Placemark xmlns="http://www.opengis.net/kml/2.2">
        <styleUrl>#Parti singole_style_map</styleUrl>
        <name>F00854</name>
        <Polygon>
          <outerBoundaryIs>
            <LinearRing>
              <coordinates>8.49445960299002,39.292690725555 8.49445915225231,39.2927372456301 8.49453405122437,39.2927388595797 8.49453452187164,39.2926911772157 8.49445960299002,39.292690725555</coordinates>
            </LinearRing>
          </outerBoundaryIs>
        </Polygon>
      </Placemark>
      <Placemark xmlns="http://www.opengis.net/kml/2.2">
        <styleUrl>#Parti singole_style_map</styleUrl>
        <name>F01550</name>
        <Polygon>
          <outerBoundaryIs>
            <LinearRing>
              <coordinates>8.49459108794633,39.2927426845955 8.49466135403246,39.292741917545 8.49466039685135,39.2926895974997 8.49459146445217,39.2926903523221 8.49459108794633,39.2927426845955</coordinates>
            </LinearRing>
          </outerBoundaryIs>
        </Polygon>
      </Placemark>
      <Placemark xmlns="http://www.opengis.net/kml/2.2">
        <styleUrl>#Parti singole_style_map</styleUrl>
        <name>F00855</name>
        <Polygon>
          <outerBoundaryIs>
            <LinearRing>
              <coordinates>8.49481048623614,39.2924394375996 8.49481003657935,39.2924842276366 8.49490116585193,39.2924847674691 8.49490161545068,39.2924399774314 8.49481048623614,39.2924394375996</coordinates>
            </LinearRing>
          </outerBoundaryIs>
        </Polygon>
      </Placemark>
      <Placemark xmlns="http://www.opengis.net/kml/2.2">
        <styleUrl>#Parti singole_style_map</styleUrl>
        <name>F01505</name>
        <Polygon>
          <outerBoundaryIs>
            <LinearRing>
              <coordinates>8.48949809345679,39.2885412953903 8.48958117841767,39.2885455164739 8.48958609113705,39.2884837789322 8.48950247148204,39.2884893230665 8.48949809345679,39.2885412953903</coordinates>
            </LinearRing>
          </outerBoundaryIs>
        </Polygon>
      </Placemark>
      <Placemark xmlns="http://www.opengis.net/kml/2.2">
        <styleUrl>#Parti singole_style_map</styleUrl>
        <name>F01866</name>
        <Polygon>
          <outerBoundaryIs>
            <LinearRing>
              <coordinates>8.50282579197173,39.2758044513804 8.50290211875313,39.275744270718 8.50285694500549,39.2757173069668 8.50278167966508,39.2757782129906 8.50282579197173,39.2758044513804</coordinates>
            </LinearRing>
          </outerBoundaryIs>
        </Polygon>
      </Placemark>
      <Placemark xmlns="http://www.opengis.net/kml/2.2">
        <styleUrl>#Parti singole_style_map</styleUrl>
        <name>F00856</name>
        <Polygon>
          <outerBoundaryIs>
            <LinearRing>
              <coordinates>8.49284063927463,39.293054188889 8.49324809899793,39.2930966294308 8.49358684575533,39.2931319123709 8.49380185957124,39.29305006714 8.49357758188477,39.2930030286427 8.49345012821341,39.2929983198842 8.49325214400143,39.293031004403 8.49316257325459,39.2930457971976 8.49313862996719,39.2930181022544 8.49287255527226,39.2929878473723 8.49284063927463,39.293054188889</coordinates>
            </LinearRing>
          </outerBoundaryIs>
          <innerBoundaryIs>
            <LinearRing>
              <coordinates>8.49354450322932,39.2931119699444 8.49354471959676,39.2930819585593 8.493584295214,39.2930838815461 8.49358376782525,39.2931123909611 8.49354450322932,39.2931119699444</coordinates>
            </LinearRing>
          </innerBoundaryIs>
        </Polygon>
      </Placemark>
      <Placemark xmlns="http://www.opengis.net/kml/2.2">
        <styleUrl>#Parti singole_style_map</styleUrl>
        <name>F00857</name>
        <Polygon>
          <outerBoundaryIs>
            <LinearRing>
              <coordinates>8.49284063927463,39.293054188889 8.49324809899793,39.2930966294308 8.49358684575533,39.2931319123709 8.49380185957124,39.29305006714 8.49357758188477,39.2930030286427 8.49345012821341,39.2929983198842 8.49325214400143,39.293031004403 8.49316257325459,39.2930457971976 8.49313862996719,39.2930181022544 8.49287255527226,39.2929878473723 8.49284063927463,39.293054188889</coordinates>
            </LinearRing>
          </outerBoundaryIs>
          <innerBoundaryIs>
            <LinearRing>
              <coordinates>8.49354450322932,39.2931119699444 8.49354471959676,39.2930819585593 8.493584295214,39.2930838815461 8.49358376782525,39.2931123909611 8.49354450322932,39.2931119699444</coordinates>
            </LinearRing>
          </innerBoundaryIs>
        </Polygon>
      </Placemark>
      <Placemark xmlns="http://www.opengis.net/kml/2.2">
        <styleUrl>#Parti singole_style_map</styleUrl>
        <name>F01552</name>
        <Polygon>
          <outerBoundaryIs>
            <LinearRing>
              <coordinates>8.49284063927463,39.293054188889 8.49324809899793,39.2930966294308 8.49358684575533,39.2931319123709 8.49380185957124,39.29305006714 8.49357758188477,39.2930030286427 8.49345012821341,39.2929983198842 8.49325214400143,39.293031004403 8.49316257325459,39.2930457971976 8.49313862996719,39.2930181022544 8.49287255527226,39.2929878473723 8.49284063927463,39.293054188889</coordinates>
            </LinearRing>
          </outerBoundaryIs>
          <innerBoundaryIs>
            <LinearRing>
              <coordinates>8.49354450322932,39.2931119699444 8.49354471959676,39.2930819585593 8.493584295214,39.2930838815461 8.49358376782525,39.2931123909611 8.49354450322932,39.2931119699444</coordinates>
            </LinearRing>
          </innerBoundaryIs>
        </Polygon>
      </Placemark>
      <Placemark xmlns="http://www.opengis.net/kml/2.2">
        <styleUrl>#Parti singole_style_map</styleUrl>
        <name>F00858</name>
        <Polygon>
          <outerBoundaryIs>
            <LinearRing>
              <coordinates>8.49434600388335,39.29225632358 8.49437299845633,39.2922532240934 8.49436504431709,39.2922047932706 8.49433297053078,39.2922111415496 8.49434600388335,39.29225632358</coordinates>
            </LinearRing>
          </outerBoundaryIs>
        </Polygon>
      </Placemark>
      <Placemark xmlns="http://www.opengis.net/kml/2.2">
        <styleUrl>#Parti singole_style_map</styleUrl>
        <name>F01553</name>
        <Polygon>
          <outerBoundaryIs>
            <LinearRing>
              <coordinates>8.49280083250947,39.2913320512843 8.49317235507896,39.291264035911 8.49353544506616,39.2911849986464 8.49384066679001,39.2911033567258 8.49378092274277,39.2909540424326 8.4937392833847,39.2908493015346 8.49371675567713,39.2907925895185 8.49378371227872,39.2907761120187 8.493763747055,39.2907242498856 8.49363880041841,39.2907583972132 8.49331188575852,39.2908462696266 8.49328088436344,39.290856740161 8.49327365952385,39.2908375430173 8.49323479642675,39.2908463754013 8.49324199845577,39.2908655183841 8.49311791743484,39.2908937308949 8.49307651676119,39.2909055076676 8.49305706692819,39.2909253094532 8.49306318158373,39.2909746154037 8.4929217128289,39.2910067887191 8.49293544556368,39.2910432786741 8.49285109853509,39.2910624551655 8.4928859482019,39.2911550294205 8.49274785002579,39.2911876677468 8.49280083250947,39.2913320512843</coordinates>
            </LinearRing>
          </outerBoundaryIs>
        </Polygon>
      </Placemark>
      <Placemark xmlns="http://www.opengis.net/kml/2.2">
        <styleUrl>#Parti singole_style_map</styleUrl>
        <name>F00859</name>
        <Polygon>
          <outerBoundaryIs>
            <LinearRing>
              <coordinates>8.49308026601782,39.2908390883945 8.49317233303311,39.2908202517279 8.49314766618296,39.2907418686528 8.49305387083812,39.2907607968869 8.49308026601782,39.2908390883945</coordinates>
            </LinearRing>
          </outerBoundaryIs>
        </Polygon>
      </Placemark>
      <Placemark xmlns="http://www.opengis.net/kml/2.2">
        <styleUrl>#Parti singole_style_map</styleUrl>
        <name>F01868</name>
        <Polygon>
          <outerBoundaryIs>
            <LinearRing>
              <coordinates>8.49279548043438,39.2905234382195 8.49299011416711,39.2904768544175 8.49294091469806,39.2903674578136 8.4928759453386,39.290384961697 8.49288678319146,39.2904032014628 8.49284251406063,39.2904172183168 8.49283161200967,39.2903950225863 8.49274459254547,39.2904198730828 8.49279548043438,39.2905234382195</coordinates>
            </LinearRing>
          </outerBoundaryIs>
        </Polygon>
      </Placemark>
      <Placemark xmlns="http://www.opengis.net/kml/2.2">
        <styleUrl>#Parti singole_style_map</styleUrl>
        <name>F01869</name>
        <Polygon>
          <outerBoundaryIs>
            <LinearRing>
              <coordinates>8.49314219768626,39.2904374466415 8.49333398666852,39.2903881106285 8.49328784098316,39.2902828994038 8.49320730890594,39.2903022189219 8.4932149051786,39.2903213546146 8.49317562070435,39.2903307708379 8.49316256574465,39.2903128458242 8.49309473212923,39.2903352031104 8.49314219768626,39.2904374466415</coordinates>
            </LinearRing>
          </outerBoundaryIs>
        </Polygon>
      </Placemark>
      <Placemark xmlns="http://www.opengis.net/kml/2.2">
        <styleUrl>#Parti singole_style_map</styleUrl>
        <name>F01554</name>
        <Polygon>
          <outerBoundaryIs>
            <LinearRing>
              <coordinates>8.49389898594373,39.2906569429042 8.49417439095554,39.2905416777587 8.49413995658026,39.2904862476335 8.49386873868353,39.2906062164582 8.49389898594373,39.2906569429042</coordinates>
            </LinearRing>
          </outerBoundaryIs>
        </Polygon>
      </Placemark>
      <Placemark xmlns="http://www.opengis.net/kml/2.2">
        <styleUrl>#Parti singole_style_map</styleUrl>
        <name>F00881</name>
        <Polygon>
          <outerBoundaryIs>
            <LinearRing>
              <coordinates>8.48925755104343,39.2902644639575 8.48947370331694,39.2901946280747 8.48942329599577,39.2901004180058 8.48920714396388,39.2901702537978 8.48925755104343,39.2902644639575</coordinates>
            </LinearRing>
          </outerBoundaryIs>
        </Polygon>
      </Placemark>
      <Placemark xmlns="http://www.opengis.net/kml/2.2">
        <styleUrl>#Parti singole_style_map</styleUrl>
        <name>F00882</name>
        <Polygon>
          <outerBoundaryIs>
            <LinearRing>
              <coordinates>8.48925755104343,39.2902644639575 8.48947370331694,39.2901946280747 8.48942329599577,39.2901004180058 8.48920714396388,39.2901702537978 8.48925755104343,39.2902644639575</coordinates>
            </LinearRing>
          </outerBoundaryIs>
        </Polygon>
      </Placemark>
      <Placemark xmlns="http://www.opengis.net/kml/2.2">
        <styleUrl>#Parti singole_style_map</styleUrl>
        <name>F00883</name>
        <Polygon>
          <outerBoundaryIs>
            <LinearRing>
              <coordinates>8.48925755104343,39.2902644639575 8.48947370331694,39.2901946280747 8.48942329599577,39.2901004180058 8.48920714396388,39.2901702537978 8.48925755104343,39.2902644639575</coordinates>
            </LinearRing>
          </outerBoundaryIs>
        </Polygon>
      </Placemark>
      <Placemark xmlns="http://www.opengis.net/kml/2.2">
        <styleUrl>#Parti singole_style_map</styleUrl>
        <name>F00884</name>
        <Polygon>
          <outerBoundaryIs>
            <LinearRing>
              <coordinates>8.48925755104343,39.2902644639575 8.48947370331694,39.2901946280747 8.48942329599577,39.2901004180058 8.48920714396388,39.2901702537978 8.48925755104343,39.2902644639575</coordinates>
            </LinearRing>
          </outerBoundaryIs>
        </Polygon>
      </Placemark>
      <Placemark xmlns="http://www.opengis.net/kml/2.2">
        <styleUrl>#Parti singole_style_map</styleUrl>
        <name>F00885</name>
        <Polygon>
          <outerBoundaryIs>
            <LinearRing>
              <coordinates>8.48925755104343,39.2902644639575 8.48947370331694,39.2901946280747 8.48942329599577,39.2901004180058 8.48920714396388,39.2901702537978 8.48925755104343,39.2902644639575</coordinates>
            </LinearRing>
          </outerBoundaryIs>
        </Polygon>
      </Placemark>
      <Placemark xmlns="http://www.opengis.net/kml/2.2">
        <styleUrl>#Parti singole_style_map</styleUrl>
        <name>F00886</name>
        <Polygon>
          <outerBoundaryIs>
            <LinearRing>
              <coordinates>8.48925755104343,39.2902644639575 8.48947370331694,39.2901946280747 8.48942329599577,39.2901004180058 8.48920714396388,39.2901702537978 8.48925755104343,39.2902644639575</coordinates>
            </LinearRing>
          </outerBoundaryIs>
        </Polygon>
      </Placemark>
      <Placemark xmlns="http://www.opengis.net/kml/2.2">
        <styleUrl>#Parti singole_style_map</styleUrl>
        <name>F00860</name>
        <Polygon>
          <outerBoundaryIs>
            <LinearRing>
              <coordinates>8.48795545774433,39.2905124470917 8.48869417766533,39.2908894400202 8.49037015451866,39.2910355394266 8.49090842127621,39.291022451652 8.49098183209941,39.2909939297216 8.49103647502655,39.2909406094025 8.49122989685439,39.2906629898939 8.49119023519566,39.2906427677307 8.49077690211508,39.2904321012873 8.49046038365386,39.2902981687049 8.48991920691889,39.2899062664721 8.48929063313901,39.2892314577906 8.48901358547731,39.2891799889015 8.48863674040181,39.2887535255218 8.48855302596999,39.2886127443873 8.48838658687096,39.2883036767237 8.48795545774433,39.2905124470917</coordinates>
            </LinearRing>
          </outerBoundaryIs>
          <innerBoundaryIs>
            <LinearRing>
              <coordinates>8.48975370745723,39.2905522720264 8.48978676038806,39.2905052551751 8.48996621273222,39.2903714497285 8.49011598315466,39.2903234215755 8.49016233452817,39.2903085588706 8.49017057727928,39.2903135959074 8.49041062329766,39.2904600976284 8.49055472021995,39.2905756055909 8.49066493476213,39.2906639420782 8.49047511203724,39.2907487843022 8.49019867090944,39.2908061426414 8.48975967119669,39.2907449731467 8.4897655909627,39.2905924756476 8.48975370745723,39.2905522720264</coordinates>
            </LinearRing>
          </innerBoundaryIs>
          <innerBoundaryIs>
            <LinearRing>
              <coordinates>8.48925755104343,39.2902644639575 8.48920714396388,39.2901702537978 8.48942329599577,39.2901004180058 8.48947370331694,39.2901946280747 8.48925755104343,39.2902644639575</coordinates>
            </LinearRing>
          </innerBoundaryIs>
        </Polygon>
      </Placemark>
      <Placemark xmlns="http://www.opengis.net/kml/2.2">
        <styleUrl>#Parti singole_style_map</styleUrl>
        <name>F01539</name>
        <Polygon>
          <outerBoundaryIs>
            <LinearRing>
              <coordinates>8.49284063927463,39.293054188889 8.49324809899793,39.2930966294308 8.49358684575533,39.2931319123709 8.49380185957124,39.29305006714 8.49357758188477,39.2930030286427 8.49345012821341,39.2929983198842 8.49325214400143,39.293031004403 8.49316257325459,39.2930457971976 8.49313862996719,39.2930181022544 8.49287255527226,39.2929878473723 8.49284063927463,39.293054188889</coordinates>
            </LinearRing>
          </outerBoundaryIs>
          <innerBoundaryIs>
            <LinearRing>
              <coordinates>8.49354450322932,39.2931119699444 8.49354471959676,39.2930819585593 8.493584295214,39.2930838815461 8.49358376782525,39.2931123909611 8.49354450322932,39.2931119699444</coordinates>
            </LinearRing>
          </innerBoundaryIs>
        </Polygon>
      </Placemark>
      <Placemark xmlns="http://www.opengis.net/kml/2.2">
        <styleUrl>#Parti singole_style_map</styleUrl>
        <name>F00861</name>
        <Polygon>
          <outerBoundaryIs>
            <LinearRing>
              <coordinates>8.49284063927463,39.293054188889 8.49324809899793,39.2930966294308 8.49358684575533,39.2931319123709 8.49380185957124,39.29305006714 8.49357758188477,39.2930030286427 8.49345012821341,39.2929983198842 8.49325214400143,39.293031004403 8.49316257325459,39.2930457971976 8.49313862996719,39.2930181022544 8.49287255527226,39.2929878473723 8.49284063927463,39.293054188889</coordinates>
            </LinearRing>
          </outerBoundaryIs>
          <innerBoundaryIs>
            <LinearRing>
              <coordinates>8.49354450322932,39.2931119699444 8.49354471959676,39.2930819585593 8.493584295214,39.2930838815461 8.49358376782525,39.2931123909611 8.49354450322932,39.2931119699444</coordinates>
            </LinearRing>
          </innerBoundaryIs>
        </Polygon>
      </Placemark>
      <Placemark xmlns="http://www.opengis.net/kml/2.2">
        <styleUrl>#Parti singole_style_map</styleUrl>
        <name>F02016</name>
        <Polygon>
          <outerBoundaryIs>
            <LinearRing>
              <coordinates>8.52763500846632,39.3625143679831 8.52774373738924,39.3624970768246 8.52772340154821,39.3624194763807 8.5276158780755,39.3624370427345 8.52763500846632,39.3625143679831</coordinates>
            </LinearRing>
          </outerBoundaryIs>
        </Polygon>
      </Placemark>
      <Placemark xmlns="http://www.opengis.net/kml/2.2">
        <styleUrl>#Parti singole_style_map</styleUrl>
        <name>F01027</name>
        <Polygon>
          <outerBoundaryIs>
            <LinearRing>
              <coordinates>8.52702469651299,39.3627544604825 8.5274005354464,39.3626932570515 8.52738036122066,39.3626055113168 8.52747655537285,39.3625897553208 8.52746950211748,39.3625633167068 8.52757617831338,39.3625492161127 8.52758329091534,39.3625737447227 8.52760200150794,39.3625704327644 8.52759196935132,39.3625313041974 8.52752811686432,39.3625414880161 8.52751492129277,39.3624912275573 8.52754349690111,39.3624864058751 8.52753391723628,39.3624507572174 8.52756980316033,39.3624445776042 8.5276158780755,39.3624370427345 8.52772340154821,39.3624194763807 8.5277106923236,39.3623676500805 8.52769680312478,39.3623152332994 8.52742795288798,39.3623610499967 8.5273630687022,39.3623710493215 8.52722994666723,39.362501008119 8.52701247649394,39.3627093309459 8.52702469651299,39.3627544604825</coordinates>
            </LinearRing>
          </outerBoundaryIs>
          <innerBoundaryIs>
            <LinearRing>
              <coordinates>8.52738101903131,39.3625148677526 8.52743991915241,39.3625040782026 8.52745209590401,39.3625539380648 8.52739190186339,39.3625638122954 8.52738101903131,39.3625148677526</coordinates>
            </LinearRing>
          </innerBoundaryIs>
        </Polygon>
      </Placemark>
      <Placemark xmlns="http://www.opengis.net/kml/2.2">
        <styleUrl>#Parti singole_style_map</styleUrl>
        <name>F00994</name>
        <Polygon>
          <outerBoundaryIs>
            <LinearRing>
              <coordinates>8.52820583737429,39.3616073215102 8.52828531464667,39.3617709783988 8.52831573269545,39.3618338243085 8.52834150664504,39.3618382088695 8.5283129113964,39.3617856424009 8.52845305386331,39.3617457060207 8.52843743409987,39.3617211355982 8.5283994275321,39.3617002185216 8.52839203550968,39.3616909983869 8.52838263184234,39.3616657693451 8.52829496821836,39.361619811318 8.52824681716711,39.3615944404739 8.52820583737429,39.3616073215102</coordinates>
            </LinearRing>
          </outerBoundaryIs>
        </Polygon>
      </Placemark>
      <Placemark xmlns="http://www.opengis.net/kml/2.2">
        <styleUrl>#Parti singole_style_map</styleUrl>
        <name>F00993</name>
        <Polygon>
          <outerBoundaryIs>
            <LinearRing>
              <coordinates>8.52820583737429,39.3616073215102 8.52828531464667,39.3617709783988 8.52831573269545,39.3618338243085 8.52834150664504,39.3618382088695 8.5283129113964,39.3617856424009 8.52845305386331,39.3617457060207 8.52843743409987,39.3617211355982 8.5283994275321,39.3617002185216 8.52839203550968,39.3616909983869 8.52838263184234,39.3616657693451 8.52829496821836,39.361619811318 8.52824681716711,39.3615944404739 8.52820583737429,39.3616073215102</coordinates>
            </LinearRing>
          </outerBoundaryIs>
        </Polygon>
      </Placemark>
      <Placemark xmlns="http://www.opengis.net/kml/2.2">
        <styleUrl>#Parti singole_style_map</styleUrl>
        <name>F00996</name>
        <Polygon>
          <outerBoundaryIs>
            <LinearRing>
              <coordinates>8.52746010022321,39.3630916937834 8.52758033800333,39.3630823157676 8.52757132376149,39.3630127176245 8.52745101979755,39.3630215997816 8.52746010022321,39.3630916937834</coordinates>
            </LinearRing>
          </outerBoundaryIs>
        </Polygon>
      </Placemark>
      <Placemark xmlns="http://www.opengis.net/kml/2.2">
        <styleUrl>#Parti singole_style_map</styleUrl>
        <name>F01001</name>
        <Polygon>
          <outerBoundaryIs>
            <LinearRing>
              <coordinates>8.52791554123689,39.3631707731706 8.52802535181735,39.3632635951823 8.52800560139419,39.363283392311 8.52796206045197,39.3633523626027 8.52814507334047,39.3634636379095 8.52825429258597,39.3635116477918 8.52837740728893,39.3635302223697 8.52839696979921,39.363452108077 8.52803666262763,39.3631784282286 8.52795818933338,39.3631119902127 8.52787728360184,39.3631326653696 8.52791554123689,39.3631707731706</coordinates>
            </LinearRing>
          </outerBoundaryIs>
        </Polygon>
      </Placemark>
      <Placemark xmlns="http://www.opengis.net/kml/2.2">
        <styleUrl>#Parti singole_style_map</styleUrl>
        <name>F01989</name>
        <Polygon>
          <outerBoundaryIs>
            <LinearRing>
              <coordinates>8.52772340154821,39.3624194763807 8.52782635365645,39.3624033240446 8.52794714028409,39.3623829369695 8.5280779272521,39.3623616172137 8.52807629913405,39.3623551770657 8.52806406093332,39.3623092095793 8.52781646606673,39.3623496169952 8.5277106923236,39.3623676500805 8.52772340154821,39.3624194763807</coordinates>
            </LinearRing>
          </outerBoundaryIs>
        </Polygon>
      </Placemark>
      <Placemark xmlns="http://www.opengis.net/kml/2.2">
        <styleUrl>#Parti singole_style_map</styleUrl>
        <name>F01990</name>
        <Polygon>
          <outerBoundaryIs>
            <LinearRing>
              <coordinates>8.52772340154821,39.3624194763807 8.52782635365645,39.3624033240446 8.52794714028409,39.3623829369695 8.5280779272521,39.3623616172137 8.52807629913405,39.3623551770657 8.52806406093332,39.3623092095793 8.52781646606673,39.3623496169952 8.5277106923236,39.3623676500805 8.52772340154821,39.3624194763807</coordinates>
            </LinearRing>
          </outerBoundaryIs>
        </Polygon>
      </Placemark>
      <Placemark xmlns="http://www.opengis.net/kml/2.2">
        <styleUrl>#Parti singole_style_map</styleUrl>
        <name>F01007</name>
        <Polygon>
          <outerBoundaryIs>
            <LinearRing>
              <coordinates>8.52842910546905,39.3620145764561 8.52845183239201,39.3620112175741 8.52852704266171,39.3620001061563 8.52851835046674,39.3619636051707 8.52848010221513,39.3619690005904 8.52841951141802,39.361977558204 8.52842910546905,39.3620145764561</coordinates>
            </LinearRing>
          </outerBoundaryIs>
        </Polygon>
      </Placemark>
      <Placemark xmlns="http://www.opengis.net/kml/2.2">
        <styleUrl>#Parti singole_style_map</styleUrl>
        <name>F01008</name>
        <Polygon>
          <outerBoundaryIs>
            <LinearRing>
              <coordinates>8.52883722669839,39.3619643944866 8.52883156316287,39.3619340553808 8.52871242229961,39.3619501336872 8.52870949188293,39.3619360312746 8.52867005510654,39.3619402791058 8.52858964789574,39.3619553393424 8.52858437835801,39.3619677310709 8.52859679616394,39.3619848913482 8.52863694277961,39.3619917638703 8.52883722669839,39.3619643944866</coordinates>
            </LinearRing>
          </outerBoundaryIs>
        </Polygon>
      </Placemark>
      <Placemark xmlns="http://www.opengis.net/kml/2.2">
        <styleUrl>#Parti singole_style_map</styleUrl>
        <name>F01991</name>
        <Polygon>
          <outerBoundaryIs>
            <LinearRing>
              <coordinates>8.52788691218601,39.3607422565562 8.52786342144535,39.3607418908655 8.52778869751211,39.3607464711758 8.52769191339648,39.3607898694518 8.5276729593761,39.3607983705222 8.52773228093499,39.3608298871242 8.52781541945833,39.3607995888291 8.52783434470296,39.3609865717854 8.5279143937271,39.360982427551 8.52788691218601,39.3607422565562</coordinates>
            </LinearRing>
          </outerBoundaryIs>
        </Polygon>
      </Placemark>
      <Placemark xmlns="http://www.opengis.net/kml/2.2">
        <styleUrl>#Parti singole_style_map</styleUrl>
        <name>F01992</name>
        <Polygon>
          <outerBoundaryIs>
            <LinearRing>
              <coordinates>8.52788691218601,39.3607422565562 8.52786342144535,39.3607418908655 8.52778869751211,39.3607464711758 8.52769191339648,39.3607898694518 8.5276729593761,39.3607983705222 8.52773228093499,39.3608298871242 8.52781541945833,39.3607995888291 8.52783434470296,39.3609865717854 8.5279143937271,39.360982427551 8.52788691218601,39.3607422565562</coordinates>
            </LinearRing>
          </outerBoundaryIs>
        </Polygon>
      </Placemark>
      <Placemark xmlns="http://www.opengis.net/kml/2.2">
        <styleUrl>#Parti singole_style_map</styleUrl>
        <name>F01993</name>
        <Polygon>
          <outerBoundaryIs>
            <LinearRing>
              <coordinates>8.52788691218601,39.3607422565562 8.52786342144535,39.3607418908655 8.52778869751211,39.3607464711758 8.52769191339648,39.3607898694518 8.5276729593761,39.3607983705222 8.52773228093499,39.3608298871242 8.52781541945833,39.3607995888291 8.52783434470296,39.3609865717854 8.5279143937271,39.360982427551 8.52788691218601,39.3607422565562</coordinates>
            </LinearRing>
          </outerBoundaryIs>
        </Polygon>
      </Placemark>
      <Placemark xmlns="http://www.opengis.net/kml/2.2">
        <styleUrl>#Parti singole_style_map</styleUrl>
        <name>F01994</name>
        <Polygon>
          <outerBoundaryIs>
            <LinearRing>
              <coordinates>8.52788691218601,39.3607422565562 8.52786342144535,39.3607418908655 8.52778869751211,39.3607464711758 8.52769191339648,39.3607898694518 8.5276729593761,39.3607983705222 8.52773228093499,39.3608298871242 8.52781541945833,39.3607995888291 8.52783434470296,39.3609865717854 8.5279143937271,39.360982427551 8.52788691218601,39.3607422565562</coordinates>
            </LinearRing>
          </outerBoundaryIs>
        </Polygon>
      </Placemark>
      <Placemark xmlns="http://www.opengis.net/kml/2.2">
        <styleUrl>#Parti singole_style_map</styleUrl>
        <name>F01006</name>
        <Polygon>
          <outerBoundaryIs>
            <LinearRing>
              <coordinates>8.52928970441929,39.3621831097471 8.52938825622091,39.3621739214 8.52939391726309,39.3622141854783 8.52941675857373,39.3622128091945 8.5294842141502,39.3622087480776 8.52947913515915,39.3621595839238 8.52947890683551,39.3621572853068 8.52940216840288,39.3621643364023 8.52939694503793,39.3621349498431 8.52942194364441,39.3621320955461 8.52941570938836,39.3620976770034 8.52938768427359,39.3621000775331 8.5293803557882,39.3620695831647 8.52927205477905,39.3620803539414 8.52928970441929,39.3621831097471</coordinates>
            </LinearRing>
          </outerBoundaryIs>
        </Polygon>
      </Placemark>
      <Placemark xmlns="http://www.opengis.net/kml/2.2">
        <styleUrl>#Parti singole_style_map</styleUrl>
        <name>F01018</name>
        <Polygon>
          <outerBoundaryIs>
            <LinearRing>
              <coordinates>8.52490503559775,39.3629015548789 8.52495966613046,39.3629066001118 8.5249649425429,39.3628721724468 8.52491031203658,39.3628671272165 8.52490503559775,39.3629015548789</coordinates>
            </LinearRing>
          </outerBoundaryIs>
        </Polygon>
      </Placemark>
      <Placemark xmlns="http://www.opengis.net/kml/2.2">
        <styleUrl>#Parti singole_style_map</styleUrl>
        <name>F01890</name>
        <Polygon>
          <outerBoundaryIs>
            <LinearRing>
              <coordinates>8.52931717600928,39.3703928278695 8.52938044963567,39.3703627004089 8.52933321160417,39.3702937947624 8.5292682227182,39.3703252307939 8.52931717600928,39.3703928278695</coordinates>
            </LinearRing>
          </outerBoundaryIs>
        </Polygon>
      </Placemark>
      <Placemark xmlns="http://www.opengis.net/kml/2.2">
        <styleUrl>#Parti singole_style_map</styleUrl>
        <name>F01996</name>
        <Polygon>
          <outerBoundaryIs>
            <LinearRing>
              <coordinates>8.52769089071223,39.3607779983863 8.52769191339648,39.3607898694518 8.52778869751211,39.3607464711758 8.52786342144535,39.3607418908655 8.52788691218601,39.3607422565562 8.52791555600878,39.3607427062362 8.5279230708214,39.360740258839 8.52792199660597,39.3607256934077 8.52788391990222,39.3606678171538 8.52770053257389,39.3606511237629 8.5276848973249,39.3606425452759 8.52765678350537,39.3606547395126 8.52763119799092,39.3607171779035 8.52761557285877,39.3607553102086 8.52763996836613,39.3607626538005 8.5276728662911,39.3607725729016 8.52769089071223,39.3607779983863</coordinates>
            </LinearRing>
          </outerBoundaryIs>
        </Polygon>
      </Placemark>
      <Placemark xmlns="http://www.opengis.net/kml/2.2">
        <styleUrl>#Parti singole_style_map</styleUrl>
        <name>F01997</name>
        <Polygon>
          <outerBoundaryIs>
            <LinearRing>
              <coordinates>8.52769089071223,39.3607779983863 8.52769191339648,39.3607898694518 8.52778869751211,39.3607464711758 8.52786342144535,39.3607418908655 8.52788691218601,39.3607422565562 8.52791555600878,39.3607427062362 8.5279230708214,39.360740258839 8.52792199660597,39.3607256934077 8.52788391990222,39.3606678171538 8.52770053257389,39.3606511237629 8.5276848973249,39.3606425452759 8.52765678350537,39.3606547395126 8.52763119799092,39.3607171779035 8.52761557285877,39.3607553102086 8.52763996836613,39.3607626538005 8.5276728662911,39.3607725729016 8.52769089071223,39.3607779983863</coordinates>
            </LinearRing>
          </outerBoundaryIs>
        </Polygon>
      </Placemark>
      <Placemark xmlns="http://www.opengis.net/kml/2.2">
        <styleUrl>#Parti singole_style_map</styleUrl>
        <name>F00987</name>
        <Polygon>
          <outerBoundaryIs>
            <LinearRing>
              <coordinates>8.52769089071223,39.3607779983863 8.52769191339648,39.3607898694518 8.52778869751211,39.3607464711758 8.52786342144535,39.3607418908655 8.52788691218601,39.3607422565562 8.52791555600878,39.3607427062362 8.5279230708214,39.360740258839 8.52792199660597,39.3607256934077 8.52788391990222,39.3606678171538 8.52770053257389,39.3606511237629 8.5276848973249,39.3606425452759 8.52765678350537,39.3606547395126 8.52763119799092,39.3607171779035 8.52761557285877,39.3607553102086 8.52763996836613,39.3607626538005 8.5276728662911,39.3607725729016 8.52769089071223,39.3607779983863</coordinates>
            </LinearRing>
          </outerBoundaryIs>
        </Polygon>
      </Placemark>
      <Placemark xmlns="http://www.opengis.net/kml/2.2">
        <styleUrl>#Parti singole_style_map</styleUrl>
        <name>F01524</name>
        <Polygon>
          <outerBoundaryIs>
            <LinearRing>
              <coordinates>8.52769089071223,39.3607779983863 8.52769191339648,39.3607898694518 8.52778869751211,39.3607464711758 8.52786342144535,39.3607418908655 8.52788691218601,39.3607422565562 8.52791555600878,39.3607427062362 8.5279230708214,39.360740258839 8.52792199660597,39.3607256934077 8.52788391990222,39.3606678171538 8.52770053257389,39.3606511237629 8.5276848973249,39.3606425452759 8.52765678350537,39.3606547395126 8.52763119799092,39.3607171779035 8.52761557285877,39.3607553102086 8.52763996836613,39.3607626538005 8.5276728662911,39.3607725729016 8.52769089071223,39.3607779983863</coordinates>
            </LinearRing>
          </outerBoundaryIs>
        </Polygon>
      </Placemark>
      <Placemark xmlns="http://www.opengis.net/kml/2.2">
        <styleUrl>#Parti singole_style_map</styleUrl>
        <name>F01999</name>
        <Polygon>
          <outerBoundaryIs>
            <LinearRing>
              <coordinates>8.527477118691,39.3633520156838 8.52767766832742,39.3633544742439 8.52775685226157,39.363141103252 8.52777745734598,39.3631360207356 8.52779134404173,39.3631403040148 8.52783916972978,39.3631360365041 8.52781444827572,39.3631234902888 8.52767658723769,39.3631109542234 8.52767572879554,39.3631036710985 8.52753543214401,39.363115872467 8.52754455134278,39.3632402769027 8.52754313305187,39.3632524237252 8.52746650817533,39.3632600377867 8.527477118691,39.3633520156838</coordinates>
            </LinearRing>
          </outerBoundaryIs>
        </Polygon>
      </Placemark>
      <Placemark xmlns="http://www.opengis.net/kml/2.2">
        <styleUrl>#Parti singole_style_map</styleUrl>
        <name>F02000</name>
        <Polygon>
          <outerBoundaryIs>
            <LinearRing>
              <coordinates>8.527477118691,39.3633520156838 8.52767766832742,39.3633544742439 8.52775685226157,39.363141103252 8.52777745734598,39.3631360207356 8.52779134404173,39.3631403040148 8.52783916972978,39.3631360365041 8.52781444827572,39.3631234902888 8.52767658723769,39.3631109542234 8.52767572879554,39.3631036710985 8.52753543214401,39.363115872467 8.52754455134278,39.3632402769027 8.52754313305187,39.3632524237252 8.52746650817533,39.3632600377867 8.527477118691,39.3633520156838</coordinates>
            </LinearRing>
          </outerBoundaryIs>
        </Polygon>
      </Placemark>
      <Placemark xmlns="http://www.opengis.net/kml/2.2">
        <styleUrl>#Parti singole_style_map</styleUrl>
        <name>F02001</name>
        <Polygon>
          <outerBoundaryIs>
            <LinearRing>
              <coordinates>8.527477118691,39.3633520156838 8.52767766832742,39.3633544742439 8.52775685226157,39.363141103252 8.52777745734598,39.3631360207356 8.52779134404173,39.3631403040148 8.52783916972978,39.3631360365041 8.52781444827572,39.3631234902888 8.52767658723769,39.3631109542234 8.52767572879554,39.3631036710985 8.52753543214401,39.363115872467 8.52754455134278,39.3632402769027 8.52754313305187,39.3632524237252 8.52746650817533,39.3632600377867 8.527477118691,39.3633520156838</coordinates>
            </LinearRing>
          </outerBoundaryIs>
        </Polygon>
      </Placemark>
      <Placemark xmlns="http://www.opengis.net/kml/2.2">
        <styleUrl>#Parti singole_style_map</styleUrl>
        <name>F02003</name>
        <Polygon>
          <outerBoundaryIs>
            <LinearRing>
              <coordinates>8.52825466081352,39.3625811017334 8.52824186457032,39.3625748956074 8.5282277690198,39.3625720271265 8.52820467813613,39.3625707981121 8.52816620005752,39.3625706239683 8.52805943018972,39.3625865808987 8.52798132517638,39.3625982479267 8.52792813200089,39.3626061865502 8.5279551899747,39.3627146483821 8.52796209572236,39.3627371667738 8.52796640806744,39.3627535204249 8.52805317283888,39.3628038541772 8.52828403365625,39.3627682170525 8.52828575377405,39.3626851286423 8.52827109785899,39.3626310058254 8.52825466081352,39.3625811017334</coordinates>
            </LinearRing>
          </outerBoundaryIs>
        </Polygon>
      </Placemark>
      <Placemark xmlns="http://www.opengis.net/kml/2.2">
        <styleUrl>#Parti singole_style_map</styleUrl>
        <name>F01988</name>
        <Polygon>
          <outerBoundaryIs>
            <LinearRing>
              <coordinates>8.5266489246514,39.3631080556303 8.52664752225915,39.3630991474889 8.52676104434321,39.3630958971944 8.52679348475059,39.3631221418138 8.52689675399541,39.3631554775874 8.52693156836728,39.3631516185372 8.52708282064761,39.3631321402211 8.52711365300146,39.363126643021 8.52711166588823,39.3630977290652 8.52711817151094,39.3630935025372 8.52710619060053,39.3630559248341 8.52711837689572,39.3630544696284 8.52723830845688,39.3630319803563 8.52726007203631,39.3630940434653 8.52713869030326,39.3631164007144 8.52713599474653,39.3631081811333 8.52712160078881,39.3631099607539 8.52714538915949,39.363150623028 8.52713678241375,39.3631703481861 8.52717312052827,39.3631608636603 8.52725718918725,39.3631634761274 8.52726456832017,39.3631691377263 8.52727722877358,39.3632006360475 8.52734153895538,39.3631966895364 8.52736865833631,39.3633269212531 8.52738824479009,39.3633676024401 8.52723547317915,39.3633747845719 8.5270830687174,39.3633568015048 8.52709199571886,39.363361865702 8.5278231649015,39.3635018154895 8.52869866230109,39.3636719994961 8.52893631634777,39.3633549077563 8.5288167590938,39.3628573918696 8.5289435337398,39.3627406150293 8.52884657299497,39.3627823555882 8.52877981526902,39.362813739181 8.52875517981886,39.3628108821156 8.52871311150728,39.3628060261326 8.52870246753331,39.3628888260845 8.52862254169202,39.3628829696329 8.52863347251098,39.3629542514315 8.52850543966943,39.3630060206467 8.52845024552611,39.363026656284 8.52844206821756,39.3630222980545 8.52841741085609,39.3630295867193 8.52838750074933,39.3629584441821 8.52836870214304,39.3628816970827 8.52835319495746,39.3628005481548 8.52841603092454,39.362794819989 8.52845249695297,39.3627886965201 8.52843900426699,39.3627203868094 8.5284267844846,39.3626578400067 8.52846521552468,39.3626546619451 8.52856876545383,39.3626393944122 8.52855409102109,39.3625879927444 8.52861891817734,39.3625812994006 8.52861041737043,39.362545664215 8.52858887319095,39.3624594629476 8.52858427184037,39.3624411888974 8.52869749683274,39.3624215362858 8.52870197953289,39.3624401973049 8.52875127542202,39.3624318010155 8.52874543966017,39.362414116666 8.5289527942928,39.3623800859408 8.52895562931664,39.3623934871188 8.52914869888689,39.3623519464428 8.52918110934536,39.3623447250555 8.52917059187012,39.3622671375807 8.52920442980939,39.3622651300709 8.52920077320771,39.3622409759726 8.52913925349793,39.3622495572311 8.52913178152004,39.3622663406825 8.52914791115498,39.3623171624869 8.52902895880385,39.3623375762598 8.52897725288545,39.3621623006339 8.52893073639454,39.3620490927305 8.52891329829836,39.3620047351765 8.5288899943801,39.3619454413756 8.52883534301304,39.361951094836 8.52867965143534,39.3619752519495 8.52867005510654,39.3619402791058 8.52882779313612,39.3619138596354 8.52881975938439,39.3618812629127 8.52888487708348,39.3618692363433 8.52887482238802,39.3618195564215 8.52896261418559,39.3618050987128 8.52898445412203,39.3618628818069 8.52905000693486,39.3618500099146 8.52903553564542,39.3618218924151 8.5288734785716,39.3617708218578 8.52887050621544,39.3617761260469 8.52885277007591,39.3618071856786 8.52876425271769,39.3618156122982 8.52875126880149,39.3617976286625 8.52871424475454,39.3617867019824 8.52873492144189,39.3617360923588 8.5287383678161,39.3617276183764 8.52817512094782,39.361549168862 8.52820583737429,39.3616073215102 8.52824681716711,39.3615944404739 8.52829496821836,39.361619811318 8.52838263184234,39.3616657693451 8.52847255922684,39.3616806500464 8.5285205360214,39.3617181392964 8.52854184645875,39.3617476001306 8.52857206256729,39.3617973618193 8.52863564508143,39.361777147575 8.5287144076664,39.3618246100767 8.52871282417896,39.3618477698136 8.52867735051918,39.3618582945425 8.52867871241097,39.3619025959844 8.52860732215417,39.3619221839037 8.52852186670184,39.3619361282039 8.52845831012132,39.3618989902652 8.52835961829349,39.3618876331771 8.52836398292504,39.3618807037365 8.5284286262188,39.3618615661652 8.52842171446705,39.361848553916 8.52841065160016,39.3618521403076 8.5283936470775,39.3618434482371 8.52835374232716,39.3618569734345 8.52834150664504,39.3618382088695 8.52831573269545,39.3618338243085 8.52826614109518,39.3619586176509 8.52813860557374,39.3620384654014 8.52790649273162,39.3621086706874 8.5277741072285,39.3621381743608 8.52777851424907,39.3621680262254 8.52771975020971,39.362175897079 8.52771699122897,39.3621529720166 8.52755113019304,39.3621892415614 8.5273630687022,39.3623710493215 8.52742795288798,39.3623610499967 8.52769680312478,39.3623152332994 8.5277106923236,39.3623676500805 8.52781646606673,39.3623496169952 8.52806406093332,39.3623092095793 8.52808596935865,39.362303306469 8.52815163835628,39.3623267030644 8.52817411720163,39.3623395171874 8.52819466995782,39.3623504943473 8.52819213272562,39.3623842556351 8.52795676885283,39.362421694436 8.52794714028409,39.3623829369695 8.52782635365645,39.3624033240446 8.52784118266677,39.3624644308062 8.52776232323148,39.3624898807822 8.52774373738924,39.3624970768246 8.52763500846632,39.3625143679831 8.52758916473218,39.3625203179407 8.52759196935132,39.3625313041974 8.52760200150794,39.3625704327644 8.52758329091534,39.3625737447227 8.52747655537285,39.3625897553208 8.52738036122066,39.3626055113168 8.5274005354464,39.3626932570515 8.52702469651299,39.3627544604825 8.52701247649394,39.3627093309459 8.52661504144239,39.3630892027664 8.5266489246514,39.3631080556303</coordinates>
            </LinearRing>
          </outerBoundaryIs>
          <innerBoundaryIs>
            <LinearRing>
              <coordinates>8.52808114529625,39.3631229955892 8.52811150428566,39.3631481321065 8.52808928266297,39.3631643059872 8.5280604358077,39.363140428069 8.52808114529625,39.3631229955892</coordinates>
            </LinearRing>
          </innerBoundaryIs>
          <innerBoundaryIs>
            <LinearRing>
              <coordinates>8.52729217328871,39.3630398222699 8.5273404878114,39.3630358918285 8.52734383758165,39.3630607025045 8.52729509332581,39.3630646672426 8.52729217328871,39.3630398222699</coordinates>
            </LinearRing>
          </innerBoundaryIs>
          <innerBoundaryIs>
            <LinearRing>
              <coordinates>8.52791328992362,39.3621714117886 8.52798449929047,39.3621597888986 8.52799573284966,39.3622032473805 8.52792453492624,39.3622148883448 8.52791328992362,39.3621714117886</coordinates>
            </LinearRing>
          </innerBoundaryIs>
          <innerBoundaryIs>
            <LinearRing>
              <coordinates>8.52688949105536,39.3630965099684 8.52699496651122,39.363076431024 8.52700795400392,39.3631110483586 8.52690102896252,39.363132635191 8.52688949105536,39.3630965099684</coordinates>
            </LinearRing>
          </innerBoundaryIs>
          <innerBoundaryIs>
            <LinearRing>
              <coordinates>8.5283807004994,39.3619716971176 8.5284216661334,39.3619505983313 8.52847168871161,39.3619462868906 8.52848010221513,39.3619690005904 8.52851835046674,39.3619636051707 8.52852704266171,39.3620001061563 8.52845183239201,39.3620112175741 8.52845720047689,39.3620449118107 8.52838945840918,39.3620018729656 8.5283807004994,39.3619716971176</coordinates>
            </LinearRing>
          </innerBoundaryIs>
          <innerBoundaryIs>
            <LinearRing>
              <coordinates>8.52745101979755,39.3630215997816 8.52757132376149,39.3630127176245 8.52758033800333,39.3630823157676 8.52746010022321,39.3630916937834 8.52745101979755,39.3630215997816</coordinates>
            </LinearRing>
          </innerBoundaryIs>
          <innerBoundaryIs>
            <LinearRing>
              <coordinates>8.52868988402687,39.3633738675844 8.52877758768438,39.3633624552349 8.5288092629105,39.3635146998549 8.528724213115,39.3635267266907 8.52868988402687,39.3633738675844</coordinates>
            </LinearRing>
          </innerBoundaryIs>
          <innerBoundaryIs>
            <LinearRing>
              <coordinates>8.52855394052687,39.362030679919 8.52868847484357,39.3620043377627 8.52885435579262,39.3619718601209 8.52888357313099,39.361966500075 8.52891205489188,39.362039474865 8.52888224143783,39.362045445221 8.52871671893867,39.3620781045658 8.528583310573,39.3621044242871 8.52855394052687,39.362030679919</coordinates>
            </LinearRing>
          </innerBoundaryIs>
          <innerBoundaryIs>
            <LinearRing>
              <coordinates>8.52743272254791,39.3631253901454 8.52764212874507,39.3631059852304 8.52765711033393,39.3631668403322 8.52766250049656,39.3632041028695 8.52767051452515,39.3632034055665 8.52767278817773,39.363219120207 8.52766585430431,39.3632197227815 8.52766673106794,39.3632222492995 8.52766847492248,39.3632407911037 8.52763439235819,39.3632445722519 8.52763099251328,39.3632357821561 8.52762223795416,39.3632292409689 8.52759321123283,39.3632303394755 8.52758100567181,39.3632398140505 8.52752777968297,39.3632404898448 8.52746511911444,39.363237351852 8.52745555895719,39.3631988018714 8.52741619551177,39.3631508589053 8.52743272254791,39.3631253901454</coordinates>
            </LinearRing>
          </innerBoundaryIs>
          <innerBoundaryIs>
            <LinearRing>
              <coordinates>8.52812049413846,39.3621682881588 8.52814004543394,39.3621659436551 8.52813723734501,39.3621554619882 8.52819911489178,39.3621454590426 8.52820245542539,39.3621578891496 8.52833719935668,39.3621366752606 8.52833473458109,39.3621251948185 8.5283945764188,39.3621141112549 8.52839536921584,39.3621170429026 8.52843452849668,39.362110822234 8.52845473613733,39.3621075342301 8.52846486643445,39.3621424912345 8.52844402044715,39.3621457676409 8.5284620531361,39.3622121224547 8.52842524028303,39.3622180823312 8.52842615748767,39.3622215010535 8.52816628286368,39.3622635534013 8.52816407447976,39.3622553718616 8.52814872025136,39.3622584362237 8.52813648694615,39.3622186319877 8.52812049413846,39.3621682881588</coordinates>
            </LinearRing>
          </innerBoundaryIs>
          <innerBoundaryIs>
            <LinearRing>
              <coordinates>8.5281347343357,39.3629563555123 8.52827528431737,39.3630005639059 8.52830663402685,39.3630354448072 8.52842081758411,39.3631632721907 8.52843015232726,39.3631733027575 8.52849619370204,39.3632794986997 8.52852446319024,39.3633340100713 8.52853848886468,39.3633800658445 8.52852091709402,39.363376264228 8.52848966202937,39.3633635046932 8.52843785561456,39.3633291626151 8.52825868031077,39.3632202731116 8.5282003665489,39.3631852827993 8.52803095351546,39.3630454542477 8.5281347343357,39.3629563555123</coordinates>
            </LinearRing>
          </innerBoundaryIs>
          <innerBoundaryIs>
            <LinearRing>
              <coordinates>8.52775218404246,39.363155539787 8.52782327355415,39.3631325722183 8.52787728360184,39.3631326653696 8.52795818933338,39.3631119902127 8.52803666262763,39.3631784282286 8.52839696979921,39.363452108077 8.52837740728893,39.3635302223697 8.52825429258597,39.3635116477918 8.52814507334047,39.3634636379095 8.52796206045197,39.3633523626027 8.52788054915034,39.3634353072772 8.52777000024113,39.3633779657156 8.52768468487875,39.3633467310184 8.52775218404246,39.363155539787</coordinates>
            </LinearRing>
          </innerBoundaryIs>
          <innerBoundaryIs>
            <LinearRing>
              <coordinates>8.52751611152233,39.3627261377026 8.52749543589004,39.3626301002352 8.52758158528758,39.3626115190732 8.52763161729755,39.3626007204299 8.527634226303,39.3626114535951 8.52768221549412,39.3626040796552 8.52769330064521,39.3626023766313 8.52768090872975,39.3625585800276 8.52770612638418,39.3625542582682 8.527706092534,39.3625541139617 8.52770047067999,39.3625322855716 8.52773706893572,39.362527199078 8.5277866480147,39.362519867594 8.52779194075172,39.3625405863447 8.52784600844625,39.3625320566372 8.52786013754632,39.3625299424604 8.52785465456934,39.3625081687048 8.52784856970576,39.3624844191922 8.52788091899228,39.3624794145171 8.52793568270195,39.3624709416569 8.52793311025065,39.3624616683574 8.52799588590849,39.3624493444423 8.52804006473017,39.3624424054157 8.52809507136418,39.3624409436827 8.52812637933174,39.3624388811667 8.52817319421523,39.3624386656544 8.52821205285499,39.3624409227792 8.52823725203507,39.3624427820742 8.5282648206425,39.362451318791 8.52827614140608,39.3624577171614 8.52827751339603,39.3624642734048 8.52828163496568,39.3625279407257 8.52819992081414,39.3625308800476 8.52810876934539,39.3625304200759 8.52806692898616,39.3625348366513 8.52797562774024,39.3625376558115 8.52790991497497,39.3625396867416 8.5278510426012,39.3625498098608 8.52785514730234,39.3625642434239 8.52785796276479,39.3625632907255 8.52789846623789,39.3625574541396 8.52790107165262,39.3625704489351 8.52786850178672,39.3625754527201 8.52787849873562,39.3626146622154 8.52792813200089,39.3626061865502 8.52798132517638,39.3625982479267 8.52805943018972,39.3625865808987 8.52816620005752,39.3625706239683 8.52820467813613,39.3625707981121 8.5282277690198,39.3625720271265 8.52824186457032,39.3625748956074 8.52825466081352,39.3625811017334 8.52827109785899,39.3626310058254 8.52828575377405,39.3626851286423 8.52828403365625,39.3627682170525 8.52805317283888,39.3628038541772 8.52796640806744,39.3627535204249 8.52796209572236,39.3627371667738 8.5279551899747,39.3627146483821 8.52790100212044,39.3627220423214 8.52789123335703,39.3626765263628 8.52784190401359,39.362684678866 8.52779220668575,39.3626923162519 8.52779597046659,39.3627194443118 8.52775329930607,39.3627265515579 8.52777364016356,39.3628223713657 8.52782593047923,39.362838199005 8.52778828952352,39.3629187537426 8.5276360334278,39.3629288218755 8.52752341095357,39.3629381407864 8.52747485757681,39.3627313583873 8.52751611152233,39.3627261377026</coordinates>
            </LinearRing>
          </innerBoundaryIs>
        </Polygon>
      </Placemark>
      <Placemark xmlns="http://www.opengis.net/kml/2.2">
        <styleUrl>#Parti singole_style_map</styleUrl>
        <name>F01892</name>
        <Polygon>
          <outerBoundaryIs>
            <LinearRing>
              <coordinates>8.52771699122897,39.3621529720166 8.52771975020971,39.362175897079 8.52777851424907,39.3621680262254 8.5277741072285,39.3621381743608 8.52777261453459,39.3621305904171 8.52771530939293,39.3621390078267 8.52771699122897,39.3621529720166</coordinates>
            </LinearRing>
          </outerBoundaryIs>
        </Polygon>
      </Placemark>
      <Placemark xmlns="http://www.opengis.net/kml/2.2">
        <styleUrl>#Parti singole_style_map</styleUrl>
        <name>F01893</name>
        <Polygon>
          <outerBoundaryIs>
            <LinearRing>
              <coordinates>8.52640956884037,39.360292154603 8.5265558415051,39.3603336491756 8.52656824053757,39.3603092269652 8.52660788378868,39.3603188674701 8.526621369196,39.3602865474122 8.52657664034427,39.360273714489 8.52658590580197,39.3602595425512 8.52643539206979,39.3602273116255 8.52640956884037,39.360292154603</coordinates>
            </LinearRing>
          </outerBoundaryIs>
        </Polygon>
      </Placemark>
      <Placemark xmlns="http://www.opengis.net/kml/2.2">
        <styleUrl>#Parti singole_style_map</styleUrl>
        <name>F01894</name>
        <Polygon>
          <outerBoundaryIs>
            <LinearRing>
              <coordinates>8.5267219622065,39.360335695004 8.52679333921513,39.3603368144553 8.52679049666803,39.3602936603088 8.52671806353446,39.3602925275468 8.5267219622065,39.360335695004</coordinates>
            </LinearRing>
          </outerBoundaryIs>
        </Polygon>
      </Placemark>
      <Placemark xmlns="http://www.opengis.net/kml/2.2">
        <styleUrl>#Parti singole_style_map</styleUrl>
        <name>F01887</name>
        <Polygon>
          <outerBoundaryIs>
            <LinearRing>
              <coordinates>8.53146209540397,39.3731352726128 8.53152228366857,39.3731205936676 8.53150448526619,39.3730721803803 8.53144317680868,39.3730859807795 8.53146209540397,39.3731352726128</coordinates>
            </LinearRing>
          </outerBoundaryIs>
        </Polygon>
      </Placemark>
      <Placemark xmlns="http://www.opengis.net/kml/2.2">
        <styleUrl>#Parti singole_style_map</styleUrl>
        <name>F01888</name>
        <Polygon>
          <outerBoundaryIs>
            <LinearRing>
              <coordinates>8.53170335285995,39.3730219277397 8.5318295262245,39.3728999014259 8.53177898327079,39.3728662958155 8.53165597390841,39.3729943268322 8.53170335285995,39.3730219277397</coordinates>
            </LinearRing>
          </outerBoundaryIs>
        </Polygon>
      </Placemark>
      <Placemark xmlns="http://www.opengis.net/kml/2.2">
        <styleUrl>#Parti singole_style_map</styleUrl>
        <name>F01889</name>
        <Polygon>
          <outerBoundaryIs>
            <LinearRing>
              <coordinates>8.53110191882736,39.3730115385879 8.53115098518308,39.3730003471167 8.53114469964137,39.3729837333578 8.53141251500263,39.3729091964641 8.53138603609407,39.3728429613575 8.53142135201809,39.3728342282957 8.531406624592,39.3727953334927 8.53131807274005,39.3728207647728 8.53132563952636,39.3728402220091 8.5311169888204,39.3729021212333 8.53110745678087,39.3728866297092 8.53106019974882,39.3729015588253 8.53110191882736,39.3730115385879</coordinates>
            </LinearRing>
          </outerBoundaryIs>
        </Polygon>
      </Placemark>
      <Placemark xmlns="http://www.opengis.net/kml/2.2">
        <styleUrl>#Parti singole_style_map</styleUrl>
        <name>F01896</name>
        <Polygon>
          <outerBoundaryIs>
            <LinearRing>
              <coordinates>8.53082405933683,39.3727719563148 8.53077925019901,39.3728622657503 8.53080237567913,39.3729056367188 8.53079408213713,39.3729219033286 8.53094527662852,39.3728897780359 8.53137662851218,39.3727411853713 8.53106723757882,39.3723098466401 8.53083232975299,39.3723819024776 8.53088187951232,39.3724978158316 8.53090638165428,39.372606041235 8.5308446153431,39.3727305271506 8.53082405933683,39.3727719563148</coordinates>
            </LinearRing>
          </outerBoundaryIs>
        </Polygon>
      </Placemark>
      <Placemark xmlns="http://www.opengis.net/kml/2.2">
        <styleUrl>#Parti singole_style_map</styleUrl>
        <name>F01895</name>
        <Polygon>
          <outerBoundaryIs>
            <LinearRing>
              <coordinates>8.53011655513106,39.3711351331749 8.53023574489732,39.3712390288275 8.53030986087697,39.3712955991078 8.53038235065419,39.3712432342613 8.53019220716173,39.3710803483763 8.53011655513106,39.3711351331749</coordinates>
            </LinearRing>
          </outerBoundaryIs>
        </Polygon>
      </Placemark>
      <Placemark xmlns="http://www.opengis.net/kml/2.2">
        <styleUrl>#Parti singole_style_map</styleUrl>
        <name>F00984</name>
        <Polygon>
          <outerBoundaryIs>
            <LinearRing>
              <coordinates>8.52259146522713,39.3653991169455 8.5228382969786,39.3654830091577 8.52301591412784,39.3651400392575 8.52297776110465,39.3651174915199 8.5229396905852,39.3650862399117 8.52292042683605,39.3650445050811 8.52292060640189,39.364999380956 8.52298073000624,39.3649371664415 8.52299422798751,39.3649255441325 8.5230229528499,39.3649075147027 8.52304636102898,39.3649048624982 8.52307562476628,39.3649031623925 8.52311244752573,39.3649045478583 8.52312903830492,39.3649075263071 8.5231494430706,39.3649078352484 8.52301068918586,39.3647770456137 8.52290403733133,39.3648517200749 8.52274710919266,39.36505787737 8.52255653854252,39.365311940596 8.52259146522713,39.3653991169455</coordinates>
            </LinearRing>
          </outerBoundaryIs>
        </Polygon>
      </Placemark>
      <Placemark xmlns="http://www.opengis.net/kml/2.2">
        <styleUrl>#Parti singole_style_map</styleUrl>
        <name>F01022</name>
        <Polygon>
          <outerBoundaryIs>
            <LinearRing>
              <coordinates>8.52566286387828,39.3630974418033 8.52576585671487,39.3630857787196 8.52574981116464,39.3630245856468 8.52572864077073,39.3629128134205 8.52563082831314,39.3629257320517 8.52566286387828,39.3630974418033</coordinates>
            </LinearRing>
          </outerBoundaryIs>
        </Polygon>
      </Placemark>
      <Placemark xmlns="http://www.opengis.net/kml/2.2">
        <styleUrl>#Parti singole_style_map</styleUrl>
        <name>F01029</name>
        <Polygon>
          <outerBoundaryIs>
            <LinearRing>
              <coordinates>8.52574981116464,39.3630245856468 8.52576585671487,39.3630857787196 8.52578404832374,39.3631574688322 8.52602324435442,39.3631254744146 8.52608312886159,39.3631168430899 8.52609585676949,39.3631520181219 8.5261876561018,39.3631391827263 8.52617943090066,39.3631007281867 8.52629843439759,39.3630799300879 8.5262763709794,39.3629799311238 8.52644432949915,39.362953142046 8.52641408832158,39.362823086617 8.5258033449527,39.3629029361501 8.52572864077073,39.3629128134205 8.52574981116464,39.3630245856468</coordinates>
            </LinearRing>
          </outerBoundaryIs>
        </Polygon>
      </Placemark>
      <Placemark xmlns="http://www.opengis.net/kml/2.2">
        <styleUrl>#Parti singole_style_map</styleUrl>
        <name>F01891</name>
        <Polygon>
          <outerBoundaryIs>
            <LinearRing>
              <coordinates>8.52690102896252,39.363132635191 8.52700795400392,39.3631110483586 8.52699496651122,39.363076431024 8.52688949105536,39.3630965099684 8.52690102896252,39.363132635191</coordinates>
            </LinearRing>
          </outerBoundaryIs>
        </Polygon>
      </Placemark>
      <Placemark xmlns="http://www.opengis.net/kml/2.2">
        <styleUrl>#Parti singole_style_map</styleUrl>
        <name>F01026</name>
        <Polygon>
          <outerBoundaryIs>
            <LinearRing>
              <coordinates>8.528724213115,39.3635267266907 8.5288092629105,39.3635146998549 8.52877758768438,39.3633624552349 8.52868988402687,39.3633738675844 8.528724213115,39.3635267266907</coordinates>
            </LinearRing>
          </outerBoundaryIs>
        </Polygon>
      </Placemark>
      <Placemark xmlns="http://www.opengis.net/kml/2.2">
        <styleUrl>#Parti singole_style_map</styleUrl>
        <name>F01987</name>
        <Polygon>
          <outerBoundaryIs>
            <LinearRing>
              <coordinates>8.52693156836728,39.3631516185372 8.5269432904614,39.3632034499095 8.52700069415659,39.3631960514776 8.52709391550368,39.3631840501226 8.52708282064761,39.3631321402211 8.52693156836728,39.3631516185372</coordinates>
            </LinearRing>
          </outerBoundaryIs>
        </Polygon>
      </Placemark>
      <Placemark xmlns="http://www.opengis.net/kml/2.2">
        <styleUrl>#Parti singole_style_map</styleUrl>
        <name>F01525</name>
        <Polygon>
          <outerBoundaryIs>
            <LinearRing>
              <coordinates>8.52779100776339,39.362687643913 8.52779220668575,39.3626923162519 8.52784190401359,39.362684678866 8.52789123335703,39.3626765263628 8.52787849873562,39.3626146622154 8.52786850178672,39.3625754527201 8.52776634182822,39.3625911487709 8.52779100776339,39.362687643913</coordinates>
            </LinearRing>
          </outerBoundaryIs>
        </Polygon>
      </Placemark>
      <Placemark xmlns="http://www.opengis.net/kml/2.2">
        <styleUrl>#Parti singole_style_map</styleUrl>
        <name>F01897</name>
        <Polygon>
          <outerBoundaryIs>
            <LinearRing>
              <coordinates>8.52195186629117,39.3550462001326 8.52201778035785,39.355040875509 8.5220047912307,39.3549441026541 8.52193964368217,39.3549493673476 8.52195186629117,39.3550462001326</coordinates>
            </LinearRing>
          </outerBoundaryIs>
        </Polygon>
      </Placemark>
      <Placemark xmlns="http://www.opengis.net/kml/2.2">
        <styleUrl>#Parti singole_style_map</styleUrl>
        <name>F01898</name>
        <Polygon>
          <outerBoundaryIs>
            <LinearRing>
              <coordinates>8.52183394172305,39.3557578927424 8.52188820866513,39.3557535204759 8.52187568375751,39.3556601645328 8.5218207896633,39.3556646062995 8.52183394172305,39.3557578927424</coordinates>
            </LinearRing>
          </outerBoundaryIs>
        </Polygon>
      </Placemark>
      <Placemark xmlns="http://www.opengis.net/kml/2.2">
        <styleUrl>#Parti singole_style_map</styleUrl>
        <name>F01899</name>
        <Polygon>
          <outerBoundaryIs>
            <LinearRing>
              <coordinates>8.5218207857978,39.3560394369571 8.52185254721915,39.3560368643836 8.52185728507826,39.3560722413369 8.52189243749449,39.3560693943567 8.52187976896297,39.3559749655709 8.52190625806627,39.355972821834 8.52189445129805,39.3558847760741 8.52184380735108,39.355888874902 8.52184611192326,39.3560087159374 8.52181698665958,39.3560110740849 8.5218207857978,39.3560394369571</coordinates>
            </LinearRing>
          </outerBoundaryIs>
        </Polygon>
      </Placemark>
      <Placemark xmlns="http://www.opengis.net/kml/2.2">
        <styleUrl>#Parti singole_style_map</styleUrl>
        <name>F01900</name>
        <Polygon>
          <outerBoundaryIs>
            <LinearRing>
              <coordinates>8.52193239591302,39.3561446887565 8.52203388725155,39.3561628747847 8.52205832944987,39.3561068844509 8.52195048020041,39.3560866449298 8.52193239591302,39.3561446887565</coordinates>
            </LinearRing>
          </outerBoundaryIs>
        </Polygon>
      </Placemark>
      <Placemark xmlns="http://www.opengis.net/kml/2.2">
        <styleUrl>#Parti singole_style_map</styleUrl>
        <name>F02009</name>
        <Polygon>
          <outerBoundaryIs>
            <LinearRing>
              <coordinates>8.52775150279779,39.3603010991686 8.52775276930712,39.3602027269734 8.52769934785222,39.3602223255303 8.52772021507574,39.3603106314261 8.52775150279779,39.3603010991686</coordinates>
            </LinearRing>
          </outerBoundaryIs>
        </Polygon>
      </Placemark>
      <Placemark xmlns="http://www.opengis.net/kml/2.2">
        <styleUrl>#Parti singole_style_map</styleUrl>
        <name>F01902</name>
        <Polygon>
          <outerBoundaryIs>
            <LinearRing>
              <coordinates>8.52778293123874,39.3601845580147 8.52783313273796,39.3601655693621 8.52778799137187,39.3600933556104 8.52773840355976,39.3601125720002 8.52778293123874,39.3601845580147</coordinates>
            </LinearRing>
          </outerBoundaryIs>
        </Polygon>
      </Placemark>
      <Placemark xmlns="http://www.opengis.net/kml/2.2">
        <styleUrl>#Parti singole_style_map</styleUrl>
        <name>F01047</name>
        <Polygon>
          <outerBoundaryIs>
            <LinearRing>
              <coordinates>8.52769049182771,39.3598710474624 8.52769927942312,39.3599346256555 8.52770555156217,39.3599339933588 8.52774856237898,39.3599296267144 8.52773806674207,39.3598490837054 8.52768816697875,39.3598543324329 8.52769049182771,39.3598710474624</coordinates>
            </LinearRing>
          </outerBoundaryIs>
        </Polygon>
      </Placemark>
      <Placemark xmlns="http://www.opengis.net/kml/2.2">
        <styleUrl>#Parti singole_style_map</styleUrl>
        <name>F01903</name>
        <Polygon>
          <outerBoundaryIs>
            <LinearRing>
              <coordinates>8.52772355230018,39.3598033952585 8.52777707406673,39.3598049461797 8.52778390357336,39.3597026499388 8.52772890459967,39.3597015705815 8.52772355230018,39.3598033952585</coordinates>
            </LinearRing>
          </outerBoundaryIs>
        </Polygon>
      </Placemark>
      <Placemark xmlns="http://www.opengis.net/kml/2.2">
        <styleUrl>#Parti singole_style_map</styleUrl>
        <name>F01050</name>
        <Polygon>
          <outerBoundaryIs>
            <LinearRing>
              <coordinates>8.52760338594286,39.3593846006886 8.52764452596333,39.3593770457522 8.52764266071472,39.3593713615193 8.52762279231636,39.3593106577275 8.52758234800941,39.3593183236095 8.52760338594286,39.3593846006886</coordinates>
            </LinearRing>
          </outerBoundaryIs>
        </Polygon>
      </Placemark>
      <Placemark xmlns="http://www.opengis.net/kml/2.2">
        <styleUrl>#Parti singole_style_map</styleUrl>
        <name>F01053</name>
        <Polygon>
          <outerBoundaryIs>
            <LinearRing>
              <coordinates>8.52772516829096,39.3594137669672 8.52778509040582,39.3593990527756 8.52779160718223,39.3594137844814 8.52783921390012,39.3594008313752 8.52781493584537,39.3593399475212 8.52770759423452,39.3593639572712 8.52772516829096,39.3594137669672</coordinates>
            </LinearRing>
          </outerBoundaryIs>
        </Polygon>
      </Placemark>
      <Placemark xmlns="http://www.opengis.net/kml/2.2">
        <styleUrl>#Parti singole_style_map</styleUrl>
        <name>F02005</name>
        <Polygon>
          <outerBoundaryIs>
            <LinearRing>
              <coordinates>8.52800238243861,39.3613228974297 8.5280432094215,39.361398175187 8.52811930155612,39.3613887435742 8.52813558009812,39.3613862866736 8.52818816489197,39.3613806431767 8.52830799353438,39.3613677936737 8.52827722252874,39.3612263652087 8.52824456275967,39.3612258542723 8.52819578203452,39.3612250886982 8.52817869775127,39.3612248211483 8.52811436487936,39.3612237942043 8.52802932662326,39.3612224399036 8.52800238243861,39.3613228974297</coordinates>
            </LinearRing>
          </outerBoundaryIs>
        </Polygon>
      </Placemark>
      <Placemark xmlns="http://www.opengis.net/kml/2.2">
        <styleUrl>#Parti singole_style_map</styleUrl>
        <name>F02006</name>
        <Polygon>
          <outerBoundaryIs>
            <LinearRing>
              <coordinates>8.52800238243861,39.3613228974297 8.5280432094215,39.361398175187 8.52811930155612,39.3613887435742 8.52813558009812,39.3613862866736 8.52818816489197,39.3613806431767 8.52830799353438,39.3613677936737 8.52827722252874,39.3612263652087 8.52824456275967,39.3612258542723 8.52819578203452,39.3612250886982 8.52817869775127,39.3612248211483 8.52811436487936,39.3612237942043 8.52802932662326,39.3612224399036 8.52800238243861,39.3613228974297</coordinates>
            </LinearRing>
          </outerBoundaryIs>
        </Polygon>
      </Placemark>
      <Placemark xmlns="http://www.opengis.net/kml/2.2">
        <styleUrl>#Parti singole_style_map</styleUrl>
        <name>F02007</name>
        <Polygon>
          <outerBoundaryIs>
            <LinearRing>
              <coordinates>8.52800238243861,39.3613228974297 8.5280432094215,39.361398175187 8.52811930155612,39.3613887435742 8.52813558009812,39.3613862866736 8.52818816489197,39.3613806431767 8.52830799353438,39.3613677936737 8.52827722252874,39.3612263652087 8.52824456275967,39.3612258542723 8.52819578203452,39.3612250886982 8.52817869775127,39.3612248211483 8.52811436487936,39.3612237942043 8.52802932662326,39.3612224399036 8.52800238243861,39.3613228974297</coordinates>
            </LinearRing>
          </outerBoundaryIs>
        </Polygon>
      </Placemark>
      <Placemark xmlns="http://www.opengis.net/kml/2.2">
        <styleUrl>#Parti singole_style_map</styleUrl>
        <name>F02008</name>
        <Polygon>
          <outerBoundaryIs>
            <LinearRing>
              <coordinates>8.52800238243861,39.3613228974297 8.5280432094215,39.361398175187 8.52811930155612,39.3613887435742 8.52813558009812,39.3613862866736 8.52818816489197,39.3613806431767 8.52830799353438,39.3613677936737 8.52827722252874,39.3612263652087 8.52824456275967,39.3612258542723 8.52819578203452,39.3612250886982 8.52817869775127,39.3612248211483 8.52811436487936,39.3612237942043 8.52802932662326,39.3612224399036 8.52800238243861,39.3613228974297</coordinates>
            </LinearRing>
          </outerBoundaryIs>
        </Polygon>
      </Placemark>
      <Placemark xmlns="http://www.opengis.net/kml/2.2">
        <styleUrl>#Parti singole_style_map</styleUrl>
        <name>F01904</name>
        <Polygon>
          <outerBoundaryIs>
            <LinearRing>
              <coordinates>8.52776103403993,39.3591261421903 8.52776229629383,39.3591541341336 8.52777377565732,39.3591541356978 8.52777768263406,39.3591858237021 8.52781780803131,39.359184130462 8.52780312087987,39.3591244659311 8.52776103403993,39.3591261421903</coordinates>
            </LinearRing>
          </outerBoundaryIs>
        </Polygon>
      </Placemark>
      <Placemark xmlns="http://www.opengis.net/kml/2.2">
        <styleUrl>#Parti singole_style_map</styleUrl>
        <name>F01901</name>
        <Polygon>
          <outerBoundaryIs>
            <LinearRing>
              <coordinates>8.52792825182009,39.36052599065 8.5279694340999,39.3605467199325 8.52798874581613,39.3605230104336 8.52794822295591,39.3605026082151 8.52792825182009,39.36052599065</coordinates>
            </LinearRing>
          </outerBoundaryIs>
        </Polygon>
      </Placemark>
      <Placemark xmlns="http://www.opengis.net/kml/2.2">
        <styleUrl>#Parti singole_style_map</styleUrl>
        <name>F01044</name>
        <Polygon>
          <outerBoundaryIs>
            <LinearRing>
              <coordinates>8.52731788472616,39.3595242306118 8.52736251187977,39.3595125090478 8.52742574573715,39.3595007099041 8.52755208598451,39.3594874010609 8.52757028870085,39.3595472511027 8.52747470010523,39.3597182616876 8.52742586460306,39.3597292183149 8.52742725855243,39.3597738082542 8.5273940199778,39.3597748895981 8.52743518371311,39.3599084402753 8.52752535504295,39.3601691128735 8.52764114276937,39.3605264376398 8.52772198164424,39.3605841362428 8.52795596214658,39.3606236515013 8.52800071593797,39.3606673181441 8.52819696338766,39.3606169075098 8.5281480202552,39.360061117544 8.52811007974065,39.3596072726379 8.52776903514518,39.3595596369456 8.52791990778192,39.3594161345508 8.52793407494433,39.3593669222916 8.52799825728829,39.3593073256361 8.5279119013955,39.3592262314102 8.52784365995791,39.359221584226 8.52780339721235,39.3592247095972 8.52771609009346,39.3591831947782 8.52770008444304,39.3591538454334 8.52774426820126,39.3591131439411 8.52771342444691,39.3590396546489 8.52760498219532,39.3589377281662 8.52767430654685,39.3590830348232 8.52761647067759,39.359099956012 8.52758116345951,39.3590257096867 8.52749940807248,39.3590491383859 8.52747289350245,39.358991218857 8.52741753385344,39.3590247745033 8.52743143557502,39.3590666039816 8.52745108629272,39.3590631607058 8.52746598447322,39.3591155816438 8.52744153913201,39.3591208796357 8.52745806585868,39.359183101677 8.5274645878735,39.3591832723487 8.52748297547839,39.3592432222746 8.52737895398268,39.3592637220816 8.52738190313337,39.3592756280142 8.52738482633614,39.3592844972807 8.52745161851804,39.3592734154079 8.52750094592365,39.3592634789609 8.52749800416486,39.3592504737723 8.52751365765319,39.3592476900367 8.5275241622034,39.3592820990145 8.52755842095108,39.3592760028926 8.52759551836251,39.3593808563744 8.52760338594286,39.3593846006886 8.52758234800941,39.3593183236095 8.52762279231636,39.3593106577275 8.52764266071472,39.3593713615193 8.52765007165712,39.3593688055902 8.52766084187258,39.3594085859312 8.52756472565172,39.3594427059456 8.52749475309194,39.3594675431036 8.52741426087628,39.3594516007029 8.52741481428603,39.3594383844527 8.52729666399162,39.3594541142393 8.52731788472616,39.3595242306118</coordinates>
            </LinearRing>
          </outerBoundaryIs>
          <innerBoundaryIs>
            <LinearRing>
              <coordinates>8.52794822295591,39.3605026082151 8.52798874581613,39.3605230104336 8.5279694340999,39.3605467199325 8.52792825182009,39.36052599065 8.52794822295591,39.3605026082151</coordinates>
            </LinearRing>
          </innerBoundaryIs>
          <innerBoundaryIs>
            <LinearRing>
              <coordinates>8.52773840355976,39.3601125720002 8.52778799137187,39.3600933556104 8.52783313273796,39.3601655693621 8.52778293123874,39.3601845580147 8.52773840355976,39.3601125720002</coordinates>
            </LinearRing>
          </innerBoundaryIs>
          <innerBoundaryIs>
            <LinearRing>
              <coordinates>8.52772890459967,39.3597015705815 8.52778390357336,39.3597026499388 8.52777707406673,39.3598049461797 8.52772355230018,39.3598033952585 8.52772890459967,39.3597015705815</coordinates>
            </LinearRing>
          </innerBoundaryIs>
          <innerBoundaryIs>
            <LinearRing>
              <coordinates>8.52770759423452,39.3593639572712 8.52781493584537,39.3593399475212 8.52783921390012,39.3594008313752 8.52779160718223,39.3594137844814 8.52778509040582,39.3593990527756 8.52772516829096,39.3594137669672 8.52770759423452,39.3593639572712</coordinates>
            </LinearRing>
          </innerBoundaryIs>
          <innerBoundaryIs>
            <LinearRing>
              <coordinates>8.52763832522053,39.3592224443131 8.52769527648661,39.3592110700296 8.52773162596733,39.3593425376423 8.52765890375105,39.3593568844451 8.52764040143763,39.3593018718718 8.52765783507782,39.3592984555977 8.52763832522053,39.3592224443131</coordinates>
            </LinearRing>
          </innerBoundaryIs>
          <innerBoundaryIs>
            <LinearRing>
              <coordinates>8.52756846987315,39.3598824727684 8.52769049182771,39.3598710474624 8.52768816697875,39.3598543324329 8.52773806674207,39.3598490837054 8.52774856237898,39.3599296267144 8.52770555156217,39.3599339933588 8.52770593905439,39.3599402212326 8.52772236402102,39.3600089934956 8.52771700748262,39.3600098277443 8.52772191089195,39.3600262829285 8.52762983558239,39.3600393797352 8.52756846987315,39.3598824727684</coordinates>
            </LinearRing>
          </innerBoundaryIs>
          <innerBoundaryIs>
            <LinearRing>
              <coordinates>8.52772021507574,39.3603106314261 8.52769934785222,39.3602223255303 8.52775276930712,39.3602027269734 8.5278924272834,39.360156231877 8.52797660106387,39.360304689237 8.52799757051811,39.3604277595413 8.52790495543874,39.3604295911682 8.52785785488822,39.3604482860819 8.52782356520808,39.3604640595095 8.52777490986676,39.3603930929664 8.52774396823231,39.3603994909594 8.52772021507574,39.3603106314261</coordinates>
            </LinearRing>
          </innerBoundaryIs>
        </Polygon>
      </Placemark>
      <Placemark xmlns="http://www.opengis.net/kml/2.2">
        <styleUrl>#Parti singole_style_map</styleUrl>
        <name>F01905</name>
        <Polygon>
          <outerBoundaryIs>
            <LinearRing>
              <coordinates>8.52415173174185,39.3067065143718 8.52419661064387,39.3067811168643 8.52431729690898,39.3067256002537 8.52442842491417,39.3066770817562 8.52446597578406,39.3066589346424 8.52442010353513,39.3066042417183 8.52441437190456,39.3066045426692 8.52434285043445,39.3065985735407 8.52432974989973,39.3065806248305 8.52427359870971,39.3065965513026 8.52412847305569,39.3066660245044 8.52415173174185,39.3067065143718</coordinates>
            </LinearRing>
          </outerBoundaryIs>
        </Polygon>
      </Placemark>
      <Placemark xmlns="http://www.opengis.net/kml/2.2">
        <styleUrl>#Parti singole_style_map</styleUrl>
        <name>F00943</name>
        <Polygon>
          <outerBoundaryIs>
            <LinearRing>
              <coordinates>8.54417328103392,39.277889332627 8.5442459365053,39.2778937256694 8.54424360655632,39.2778454426356 8.54417619713508,39.2778472327711 8.54417328103392,39.277889332627</coordinates>
            </LinearRing>
          </outerBoundaryIs>
        </Polygon>
      </Placemark>
      <Placemark xmlns="http://www.opengis.net/kml/2.2">
        <styleUrl>#Parti singole_style_map</styleUrl>
        <name>F00944</name>
        <Polygon>
          <outerBoundaryIs>
            <LinearRing>
              <coordinates>8.54387418369565,39.2779559493376 8.54394287473258,39.2779603270272 8.54394837397969,39.2779274812425 8.54387705331883,39.2779210390386 8.54387418369565,39.2779559493376</coordinates>
            </LinearRing>
          </outerBoundaryIs>
        </Polygon>
      </Placemark>
      <Placemark xmlns="http://www.opengis.net/kml/2.2">
        <styleUrl>#Parti singole_style_map</styleUrl>
        <name>F00892</name>
        <Polygon>
          <outerBoundaryIs>
            <LinearRing>
              <coordinates>8.52842613167277,39.2534738373392 8.52941798364043,39.253411200057 8.52939680908718,39.2532397483797 8.52941956100937,39.2532377769288 8.52947503187528,39.25323036914 8.52947114017936,39.2531641695964 8.52941293503949,39.2531662590068 8.52938360635756,39.2531673208082 8.52936047355463,39.2529455993472 8.52892359577209,39.2528831804471 8.52836924725862,39.2528501995066 8.52842613167277,39.2534738373392</coordinates>
            </LinearRing>
          </outerBoundaryIs>
        </Polygon>
      </Placemark>
      <Placemark xmlns="http://www.opengis.net/kml/2.2">
        <styleUrl>#Parti singole_style_map</styleUrl>
        <name>F00895</name>
        <Polygon>
          <outerBoundaryIs>
            <LinearRing>
              <coordinates>8.52956013628153,39.2537066058596 8.53151668302675,39.253498637911 8.53201189802044,39.2534460074439 8.53216957690837,39.2524645439008 8.53162792624129,39.2526413272536 8.53143668075775,39.2526703108038 8.5311132145484,39.2528239114044 8.53079974506964,39.2529763169362 8.53020020971935,39.2530366938874 8.52958756183991,39.2529780460795 8.52956013628153,39.2537066058596</coordinates>
            </LinearRing>
          </outerBoundaryIs>
        </Polygon>
      </Placemark>
      <Placemark xmlns="http://www.opengis.net/kml/2.2">
        <styleUrl>#Parti singole_style_map</styleUrl>
        <name>F01906</name>
        <Polygon>
          <outerBoundaryIs>
            <LinearRing>
              <coordinates>8.5362130799843,39.3006444901412 8.53623031389234,39.3006462168085 8.53621476713341,39.3007402351093 8.53631880839758,39.3007506246478 8.53632717941853,39.3007000361363 8.53635702306394,39.3007030114615 8.53637678505224,39.3005835548305 8.53634681400783,39.3005805609814 8.53635343387027,39.3005404989467 8.53636775103062,39.3004481549503 8.53621501057648,39.3004376522101 8.53620644434378,39.3004870875774 8.53628279348153,39.300495539863 8.53627664609898,39.3005328345381 8.53625131677394,39.3005303063338 8.53623800466687,39.3006108355819 8.53621895115738,39.300608930459 8.5362130799843,39.3006444901412</coordinates>
            </LinearRing>
          </outerBoundaryIs>
        </Polygon>
      </Placemark>
      <Placemark xmlns="http://www.opengis.net/kml/2.2">
        <styleUrl>#Parti singole_style_map</styleUrl>
        <name>F01907</name>
        <Polygon>
          <outerBoundaryIs>
            <LinearRing>
              <coordinates>8.5362130799843,39.3006444901412 8.53623031389234,39.3006462168085 8.53621476713341,39.3007402351093 8.53631880839758,39.3007506246478 8.53632717941853,39.3007000361363 8.53635702306394,39.3007030114615 8.53637678505224,39.3005835548305 8.53634681400783,39.3005805609814 8.53635343387027,39.3005404989467 8.53636775103062,39.3004481549503 8.53621501057648,39.3004376522101 8.53620644434378,39.3004870875774 8.53628279348153,39.300495539863 8.53627664609898,39.3005328345381 8.53625131677394,39.3005303063338 8.53623800466687,39.3006108355819 8.53621895115738,39.300608930459 8.5362130799843,39.3006444901412</coordinates>
            </LinearRing>
          </outerBoundaryIs>
        </Polygon>
      </Placemark>
      <Placemark xmlns="http://www.opengis.net/kml/2.2">
        <styleUrl>#Parti singole_style_map</styleUrl>
        <name>F01908</name>
        <Polygon>
          <outerBoundaryIs>
            <LinearRing>
              <coordinates>8.5362130799843,39.3006444901412 8.53623031389234,39.3006462168085 8.53621476713341,39.3007402351093 8.53631880839758,39.3007506246478 8.53632717941853,39.3007000361363 8.53635702306394,39.3007030114615 8.53637678505224,39.3005835548305 8.53634681400783,39.3005805609814 8.53635343387027,39.3005404989467 8.53636775103062,39.3004481549503 8.53621501057648,39.3004376522101 8.53620644434378,39.3004870875774 8.53628279348153,39.300495539863 8.53627664609898,39.3005328345381 8.53625131677394,39.3005303063338 8.53623800466687,39.3006108355819 8.53621895115738,39.300608930459 8.5362130799843,39.3006444901412</coordinates>
            </LinearRing>
          </outerBoundaryIs>
        </Polygon>
      </Placemark>
      <Placemark xmlns="http://www.opengis.net/kml/2.2">
        <styleUrl>#Parti singole_style_map</styleUrl>
        <name>F00933</name>
        <Polygon>
          <outerBoundaryIs>
            <LinearRing>
              <coordinates>8.53501593057846,39.3003043615738 8.53522494050511,39.300348676507 8.53525643078443,39.3001718297912 8.53504808141126,39.300146253904 8.53501593057846,39.3003043615738</coordinates>
            </LinearRing>
          </outerBoundaryIs>
        </Polygon>
      </Placemark>
      <Placemark xmlns="http://www.opengis.net/kml/2.2">
        <styleUrl>#Parti singole_style_map</styleUrl>
        <name>F00942</name>
        <Polygon>
          <outerBoundaryIs>
            <LinearRing>
              <coordinates>8.5324257456248,39.2985056845665 8.53232631201338,39.2982774789894 8.53208599024933,39.298346467933 8.5320105022112,39.2983675816709 8.53210571141526,39.298584922623 8.53216871781669,39.2985695351506 8.5324257456248,39.2985056845665</coordinates>
            </LinearRing>
          </outerBoundaryIs>
        </Polygon>
      </Placemark>
      <Placemark xmlns="http://www.opengis.net/kml/2.2">
        <styleUrl>#Parti singole_style_map</styleUrl>
        <name>F00935</name>
        <Polygon>
          <outerBoundaryIs>
            <LinearRing>
              <coordinates>8.53518170762803,39.3014565320368 8.53531682600827,39.3015220296667 8.53580531385347,39.3019255668318 8.53604073517194,39.3020604674183 8.53603548409678,39.3021215026795 8.53581993572501,39.3020961608504 8.53622845011496,39.3022876176639 8.53680888727267,39.302460276676 8.53729299870134,39.3025270259094 8.53799134403124,39.3024879920675 8.53753517793422,39.3022634631134 8.53715952258666,39.30194434348 8.53652655449151,39.3014655290933 8.53616893869663,39.3011767629263 8.5360091605307,39.3010485979227 8.53600468006803,39.3010456696098 8.53589627210067,39.3009747197618 8.53571711814841,39.3010882420051 8.53566962205405,39.3011327723288 8.53555978559203,39.3012357581934 8.53528823408952,39.30137367213 8.53518170762803,39.3014565320368</coordinates>
            </LinearRing>
          </outerBoundaryIs>
        </Polygon>
      </Placemark>
      <Placemark xmlns="http://www.opengis.net/kml/2.2">
        <styleUrl>#Parti singole_style_map</styleUrl>
        <name>F00938</name>
        <Polygon>
          <outerBoundaryIs>
            <LinearRing>
              <coordinates>8.53518170762803,39.3014565320368 8.53531682600827,39.3015220296667 8.53580531385347,39.3019255668318 8.53604073517194,39.3020604674183 8.53603548409678,39.3021215026795 8.53581993572501,39.3020961608504 8.53622845011496,39.3022876176639 8.53680888727267,39.302460276676 8.53729299870134,39.3025270259094 8.53799134403124,39.3024879920675 8.53753517793422,39.3022634631134 8.53715952258666,39.30194434348 8.53652655449151,39.3014655290933 8.53616893869663,39.3011767629263 8.5360091605307,39.3010485979227 8.53600468006803,39.3010456696098 8.53589627210067,39.3009747197618 8.53571711814841,39.3010882420051 8.53566962205405,39.3011327723288 8.53555978559203,39.3012357581934 8.53528823408952,39.30137367213 8.53518170762803,39.3014565320368</coordinates>
            </LinearRing>
          </outerBoundaryIs>
        </Polygon>
      </Placemark>
      <Placemark xmlns="http://www.opengis.net/kml/2.2">
        <styleUrl>#Parti singole_style_map</styleUrl>
        <name>F00937</name>
        <Polygon>
          <outerBoundaryIs>
            <LinearRing>
              <coordinates>8.53518170762803,39.3014565320368 8.53531682600827,39.3015220296667 8.53580531385347,39.3019255668318 8.53604073517194,39.3020604674183 8.53603548409678,39.3021215026795 8.53581993572501,39.3020961608504 8.53622845011496,39.3022876176639 8.53680888727267,39.302460276676 8.53729299870134,39.3025270259094 8.53799134403124,39.3024879920675 8.53753517793422,39.3022634631134 8.53715952258666,39.30194434348 8.53652655449151,39.3014655290933 8.53616893869663,39.3011767629263 8.5360091605307,39.3010485979227 8.53600468006803,39.3010456696098 8.53589627210067,39.3009747197618 8.53571711814841,39.3010882420051 8.53566962205405,39.3011327723288 8.53555978559203,39.3012357581934 8.53528823408952,39.30137367213 8.53518170762803,39.3014565320368</coordinates>
            </LinearRing>
          </outerBoundaryIs>
        </Polygon>
      </Placemark>
      <Placemark xmlns="http://www.opengis.net/kml/2.2">
        <styleUrl>#Parti singole_style_map</styleUrl>
        <name>F01910</name>
        <Polygon>
          <outerBoundaryIs>
            <LinearRing>
              <coordinates>8.5392812905381,39.3044793175586 8.5393695500204,39.3045095914565 8.53938571558222,39.3044833894136 8.53929853037681,39.3044502453841 8.5392812905381,39.3044793175586</coordinates>
            </LinearRing>
          </outerBoundaryIs>
        </Polygon>
      </Placemark>
      <Placemark xmlns="http://www.opengis.net/kml/2.2">
        <styleUrl>#Parti singole_style_map</styleUrl>
        <name>F02018</name>
        <Polygon>
          <outerBoundaryIs>
            <LinearRing>
              <coordinates>8.53141366202233,39.3030972762152 8.53162431769795,39.3030339236533 8.53154548319392,39.302892030834 8.53133855859573,39.3029542088807 8.53141366202233,39.3030972762152</coordinates>
            </LinearRing>
          </outerBoundaryIs>
        </Polygon>
      </Placemark>
      <Placemark xmlns="http://www.opengis.net/kml/2.2">
        <styleUrl>#Parti singole_style_map</styleUrl>
        <name>F01737</name>
        <Polygon>
          <outerBoundaryIs>
            <LinearRing>
              <coordinates>8.53843842824976,39.2971936793645 8.53844912850547,39.2972630498664 8.53844940704955,39.2972647810189 8.5384948953338,39.2974492475785 8.53852921381294,39.2974469688595 8.53865540790873,39.297438584861 8.53865856276421,39.2974632235159 8.53886529945528,39.2974421112263 8.53889244973407,39.2974029413606 8.53890459224844,39.2972332736335 8.53889214823305,39.2971132563278 8.53889320309332,39.2971062592228 8.53885504543143,39.2970450787438 8.53883184410215,39.2970003389302 8.53882207714117,39.2969618607175 8.53841250167106,39.2970254555252 8.53843842824976,39.2971936793645</coordinates>
            </LinearRing>
          </outerBoundaryIs>
        </Polygon>
      </Placemark>
      <Placemark xmlns="http://www.opengis.net/kml/2.2">
        <styleUrl>#Parti singole_style_map</styleUrl>
        <name>F01911</name>
        <Polygon>
          <outerBoundaryIs>
            <LinearRing>
              <coordinates>8.53849850931144,39.2980322878657 8.53904454992234,39.2984160092675 8.53908321150034,39.2983881753359 8.53909786871823,39.2983671845003 8.5390603969519,39.2982508435418 8.53897602720495,39.2980832623088 8.53893042128074,39.2980118522759 8.53887955891678,39.2979391508856 8.53880281926067,39.297868923936 8.53874762184691,39.2978347709388 8.53865176350229,39.2978009522585 8.53855809388366,39.2977799733651 8.53849850931144,39.2980322878657</coordinates>
            </LinearRing>
          </outerBoundaryIs>
        </Polygon>
      </Placemark>
      <Placemark xmlns="http://www.opengis.net/kml/2.2">
        <styleUrl>#Parti singole_style_map</styleUrl>
        <name>F00954</name>
        <Polygon>
          <outerBoundaryIs>
            <LinearRing>
              <coordinates>8.53271617791885,39.3000433077853 8.53275665010346,39.3001064097932 8.53276444473756,39.300162000817 8.53281130816103,39.3002162349549 8.53306427230781,39.3004232612464 8.53315917177533,39.300512478189 8.53355641371486,39.3007992048832 8.53373093244198,39.300914348857 8.53388661182596,39.3009919057199 8.5340878971557,39.3010513173602 8.53502150151401,39.3015367984847 8.53518170762803,39.3014565320368 8.53528823408952,39.30137367213 8.53555978559203,39.3012357581934 8.53511880558898,39.3008674612796 8.53457629413854,39.3005273383236 8.53443982891285,39.3004607171166 8.53420566202285,39.3003844957005 8.53370540141884,39.3003300045007 8.53363864494389,39.300330340616 8.5332882894613,39.3003320983011 8.53301961182952,39.3002347682422 8.53283904494099,39.3001104891315 8.53274317962439,39.3000027331204 8.53271617791885,39.3000433077853</coordinates>
            </LinearRing>
          </outerBoundaryIs>
        </Polygon>
      </Placemark>
      <Placemark xmlns="http://www.opengis.net/kml/2.2">
        <styleUrl>#Parti singole_style_map</styleUrl>
        <name>F01914</name>
        <Polygon>
          <outerBoundaryIs>
            <LinearRing>
              <coordinates>8.53515542379577,39.3004356817226 8.53519628047228,39.300439305065 8.53519522340186,39.3004465724426 8.53522479759615,39.3004464292934 8.53523294565704,39.3003910913519 8.5351628808792,39.300384873386 8.53515542379577,39.3004356817226</coordinates>
            </LinearRing>
          </outerBoundaryIs>
        </Polygon>
      </Placemark>
      <Placemark xmlns="http://www.opengis.net/kml/2.2">
        <styleUrl>#Parti singole_style_map</styleUrl>
        <name>F00948</name>
        <Polygon>
          <outerBoundaryIs>
            <LinearRing>
              <coordinates>8.53675990871423,39.3015744512874 8.53689885205915,39.301508650012 8.53680208423771,39.3013852782912 8.5366631177945,39.3014510883715 8.53675990871423,39.3015744512874</coordinates>
            </LinearRing>
          </outerBoundaryIs>
        </Polygon>
      </Placemark>
      <Placemark xmlns="http://www.opengis.net/kml/2.2">
        <styleUrl>#Parti singole_style_map</styleUrl>
        <name>F01915</name>
        <Polygon>
          <outerBoundaryIs>
            <LinearRing>
              <coordinates>8.53710740988023,39.300694123683 8.5372756521769,39.3007101291518 8.53729545454193,39.300586068076 8.53729794666157,39.3005704264745 8.53712944069304,39.3005540054988 8.53711017024804,39.3006765008084 8.53710740988023,39.300694123683</coordinates>
            </LinearRing>
          </outerBoundaryIs>
        </Polygon>
      </Placemark>
      <Placemark xmlns="http://www.opengis.net/kml/2.2">
        <styleUrl>#Parti singole_style_map</styleUrl>
        <name>F00949</name>
        <Polygon>
          <outerBoundaryIs>
            <LinearRing>
              <coordinates>8.53697648325276,39.3007087495581 8.53702320201976,39.3007133507216 8.53709044635582,39.300719988857 8.53709630423256,39.3006828612226 8.53711117930787,39.3005885157446 8.53699721308749,39.3005777810506 8.53697648325276,39.3007087495581</coordinates>
            </LinearRing>
          </outerBoundaryIs>
        </Polygon>
      </Placemark>
      <Placemark xmlns="http://www.opengis.net/kml/2.2">
        <styleUrl>#Parti singole_style_map</styleUrl>
        <name>F01916</name>
        <Polygon>
          <outerBoundaryIs>
            <LinearRing>
              <coordinates>8.53704754099289,39.3001474881127 8.537177274526,39.3001588801911 8.53721534965397,39.3001622214388 8.53720084543802,39.3002619207444 8.53723764512905,39.3002652298788 8.53723435751924,39.300287193798 8.5373550687982,39.3002985587986 8.53738347205474,39.3001082134518 8.53734382100313,39.3001046767677 8.53722525039557,39.3000940951882 8.53722344020698,39.3001065677502 8.53705548091599,39.3000918338364 8.53704754099289,39.3001474881127</coordinates>
            </LinearRing>
          </outerBoundaryIs>
        </Polygon>
      </Placemark>
      <Placemark xmlns="http://www.opengis.net/kml/2.2">
        <styleUrl>#Parti singole_style_map</styleUrl>
        <name>F00945</name>
        <Polygon>
          <outerBoundaryIs>
            <LinearRing>
              <coordinates>8.53472802550532,39.3002433075943 8.53472751609925,39.3003324479994 8.53484879409233,39.3003334916502 8.53484915171233,39.3002689947879 8.53484964283851,39.3001843416158 8.53472835350576,39.3001832979211 8.53472802550532,39.3002433075943</coordinates>
            </LinearRing>
          </outerBoundaryIs>
        </Polygon>
      </Placemark>
      <Placemark xmlns="http://www.opengis.net/kml/2.2">
        <styleUrl>#Parti singole_style_map</styleUrl>
        <name>F01735</name>
        <Polygon>
          <outerBoundaryIs>
            <LinearRing>
              <coordinates>8.5366868671681,39.2987549054234 8.53685097580643,39.2987832756873 8.53686535094385,39.298733071449 8.53700069684403,39.2987564702445 8.5370894518509,39.2984464151729 8.53700928024497,39.2984325531039 8.53701197495118,39.2984231206549 8.53696258151361,39.2984145892044 8.53696928834935,39.2983911521359 8.53679940017916,39.2983617948858 8.5366868671681,39.2987549054234</coordinates>
            </LinearRing>
          </outerBoundaryIs>
        </Polygon>
      </Placemark>
      <Placemark xmlns="http://www.opengis.net/kml/2.2">
        <styleUrl>#Parti singole_style_map</styleUrl>
        <name>F01736</name>
        <Polygon>
          <outerBoundaryIs>
            <LinearRing>
              <coordinates>8.5378028217433,39.2989095162028 8.53793493092794,39.2989173216197 8.53792611654741,39.2990073031143 8.5381183336017,39.2990186629798 8.53811628276219,39.2990395415497 8.53845690038037,39.2990697545772 8.53854731769455,39.2990088137398 8.53857614747054,39.2990300941376 8.53858194997677,39.2990259632378 8.53861278607363,39.2990490086632 8.53864843927419,39.2990202078183 8.53862008435748,39.2989990194283 8.53862474504354,39.2989956949573 8.5385935298948,39.2989685662019 8.53870803621683,39.2988825900443 8.53868823547592,39.2988762130747 8.53863756757224,39.2988285800203 8.53872769745303,39.2987707195458 8.53868280400637,39.2987285248142 8.53866822294225,39.2987378921443 8.53863776008662,39.2987092435812 8.53858196307264,39.2987450829515 8.53863782900221,39.2987976114134 8.53857680287958,39.2988367910191 8.53849946965457,39.298886790781 8.53840060543964,39.2989554472351 8.53822248370214,39.2989451349601 8.53822354011115,39.2989343894345 8.53825825996946,39.2989364375082 8.53826509732692,39.2988666320211 8.53780965960926,39.2988397017344 8.5378028217433,39.2989095162028</coordinates>
            </LinearRing>
          </outerBoundaryIs>
        </Polygon>
      </Placemark>
      <Placemark xmlns="http://www.opengis.net/kml/2.2">
        <styleUrl>#Parti singole_style_map</styleUrl>
        <name>F01733</name>
        <Polygon>
          <outerBoundaryIs>
            <LinearRing>
              <coordinates>8.53516225577831,39.3024853901103 8.53541513481823,39.3024726590507 8.53567420853549,39.3024667011482 8.53574406522674,39.3024591046435 8.5357440143647,39.3024492557943 8.53570538153804,39.3024493989621 8.53570532049383,39.3024410908943 8.53568177663107,39.3024411771374 8.53568162212331,39.3024154330787 8.53576766724675,39.3024151367288 8.53576791056782,39.3024590286015 8.5358236003276,39.3024365710066 8.53585859411938,39.3023342594807 8.53532857119044,39.3020255109523 8.53505907202756,39.3024852570892 8.53516225577831,39.3024853901103</coordinates>
            </LinearRing>
          </outerBoundaryIs>
          <innerBoundaryIs>
            <LinearRing>
              <coordinates>8.53528241830811,39.302237724246 8.5353820250809,39.3021224544374 8.53570539272472,39.3023086241615 8.53558267008538,39.3024133729098 8.53528241830811,39.302237724246</coordinates>
            </LinearRing>
          </innerBoundaryIs>
        </Polygon>
      </Placemark>
      <Placemark xmlns="http://www.opengis.net/kml/2.2">
        <styleUrl>#Parti singole_style_map</styleUrl>
        <name>F01734</name>
        <Polygon>
          <outerBoundaryIs>
            <LinearRing>
              <coordinates>8.53528241830811,39.302237724246 8.53558267008538,39.3024133729098 8.53570539272472,39.3023086241615 8.5353820250809,39.3021224544374 8.53528241830811,39.302237724246</coordinates>
            </LinearRing>
          </outerBoundaryIs>
        </Polygon>
      </Placemark>
      <Placemark xmlns="http://www.opengis.net/kml/2.2">
        <styleUrl>#Parti singole_style_map</styleUrl>
        <name>F01738</name>
        <Polygon>
          <outerBoundaryIs>
            <LinearRing>
              <coordinates>8.53781566189144,39.2996465389457 8.53813004304774,39.2998004418242 8.53823300091232,39.29967229958 8.53797922504166,39.2995407323888 8.53798839188622,39.2995226913145 8.53794458361757,39.2995014269284 8.53793413081276,39.299518458587 8.53791736718637,39.2995123661747 8.53781566189144,39.2996465389457</coordinates>
            </LinearRing>
          </outerBoundaryIs>
        </Polygon>
      </Placemark>
      <Placemark xmlns="http://www.opengis.net/kml/2.2">
        <styleUrl>#Parti singole_style_map</styleUrl>
        <name>F01912</name>
        <Polygon>
          <outerBoundaryIs>
            <LinearRing>
              <coordinates>8.53762220554852,39.3001676237345 8.53811399218097,39.3002130357832 8.53812419753413,39.3001460730396 8.5376323883468,39.3001006339128 8.53762220554852,39.3001676237345</coordinates>
            </LinearRing>
          </outerBoundaryIs>
        </Polygon>
      </Placemark>
      <Placemark xmlns="http://www.opengis.net/kml/2.2">
        <styleUrl>#Parti singole_style_map</styleUrl>
        <name>F01913</name>
        <Polygon>
          <outerBoundaryIs>
            <LinearRing>
              <coordinates>8.5352298029484,39.3004891958532 8.53531307929532,39.3004968541945 8.53530071833209,39.3005701876174 8.53539776932931,39.3005800724901 8.53542267100668,39.3004324962627 8.53524115022896,39.3004148311721 8.5352298029484,39.3004891958532</coordinates>
            </LinearRing>
          </outerBoundaryIs>
        </Polygon>
      </Placemark>
      <Placemark xmlns="http://www.opengis.net/kml/2.2">
        <styleUrl>#Parti singole_style_map</styleUrl>
        <name>F00962</name>
        <Polygon>
          <outerBoundaryIs>
            <LinearRing>
              <coordinates>8.54013283192289,39.2960399871802 8.54015808131624,39.2960766432602 8.54042236099862,39.2962160373598 8.54070334855024,39.2962691476117 8.54075516788207,39.2962789575567 8.54080898706677,39.2962720065229 8.54083970364229,39.2962369861646 8.54085049968446,39.2961944804096 8.54088366545837,39.2960189483642 8.54087399075039,39.2960087821934 8.54090441224829,39.2959621098598 8.54092648950734,39.2959270373611 8.54095693733205,39.2958284186233 8.54108558251277,39.2956041460733 8.54108731390593,39.2955823110461 8.5406614940704,39.295563735511 8.54053671585844,39.2957444562904 8.54046456127913,39.2958172297798 8.54039160323648,39.295872762644 8.54015705629158,39.2960029409695 8.54013283192289,39.2960399871802</coordinates>
            </LinearRing>
          </outerBoundaryIs>
        </Polygon>
      </Placemark>
      <Placemark xmlns="http://www.opengis.net/kml/2.2">
        <styleUrl>#Parti singole_style_map</styleUrl>
        <name>F00956</name>
        <Polygon>
          <outerBoundaryIs>
            <LinearRing>
              <coordinates>8.54090441224829,39.2959621098598 8.54102314344623,39.2959915025923 8.54113482988977,39.2960182182809 8.54120530742211,39.2958861025237 8.54131401163036,39.2956822503459 8.5411518363967,39.2956267989187 8.54108558251277,39.2956041460733 8.54095693733205,39.2958284186233 8.54092648950734,39.2959270373611 8.54090441224829,39.2959621098598</coordinates>
            </LinearRing>
          </outerBoundaryIs>
        </Polygon>
      </Placemark>
      <Placemark xmlns="http://www.opengis.net/kml/2.2">
        <styleUrl>#Parti singole_style_map</styleUrl>
        <name>F00957</name>
        <Polygon>
          <outerBoundaryIs>
            <LinearRing>
              <coordinates>8.54098104689451,39.2963128010297 8.54149159143043,39.2963943515097 8.54160883926035,39.2964130781803 8.54173369485761,39.296438872032 8.54181505324408,39.2962972745012 8.54185593321328,39.296225899821 8.54184628082951,39.2962105076324 8.54173407978844,39.2961541545171 8.54169480915513,39.2961406099646 8.54159255739036,39.2960897203291 8.54155289994406,39.2960626041407 8.541550146683,39.296065125288 8.54153698681627,39.2960594417604 8.54149026217047,39.2960419571338 8.54137455373355,39.2959740561943 8.54120530742211,39.2958861025237 8.54113482988977,39.2960182182809 8.54105412596964,39.2961695314212 8.54101007424897,39.2962629784477 8.54098104689451,39.2963128010297</coordinates>
            </LinearRing>
          </outerBoundaryIs>
        </Polygon>
      </Placemark>
      <Placemark xmlns="http://www.opengis.net/kml/2.2">
        <styleUrl>#Parti singole_style_map</styleUrl>
        <name>F00958</name>
        <Polygon>
          <outerBoundaryIs>
            <LinearRing>
              <coordinates>8.54039394865384,39.2975664886326 8.54054079705751,39.2976342882565 8.54064758320146,39.2977013618405 8.54071502606568,39.2977144953532 8.54077823751123,39.2977025804994 8.54083856143254,39.2976800036098 8.54091765352965,39.2976301353681 8.5411051189284,39.2975127361892 8.5413406195511,39.2972725485505 8.54134329310385,39.2972698108385 8.54147402722942,39.297113027023 8.54149806794186,39.2970099136197 8.54131242212007,39.2969271396863 8.54075067707845,39.2966766706124 8.5405363061656,39.2970639315122 8.54028230724427,39.2975219312993 8.54039394865384,39.2975664886326</coordinates>
            </LinearRing>
          </outerBoundaryIs>
        </Polygon>
      </Placemark>
      <Placemark xmlns="http://www.opengis.net/kml/2.2">
        <styleUrl>#Parti singole_style_map</styleUrl>
        <name>F00959</name>
        <Polygon>
          <outerBoundaryIs>
            <LinearRing>
              <coordinates>8.53893697410571,39.2967663702279 8.53894004865132,39.2967714554173 8.53894690191686,39.2967732847112 8.53899221596609,39.2967706709837 8.53900978475038,39.2971841498903 8.53901107801738,39.2972132684709 8.53906005158816,39.2973351605536 8.53907093427882,39.2973998011221 8.5390858780119,39.2974906247464 8.53907735327261,39.2975172895676 8.53910547549654,39.2975208520707 8.53936835385543,39.2975137025606 8.53986166816317,39.2975002916481 8.53997121618533,39.2974819737042 8.5400246754908,39.2974079462302 8.54006174399819,39.2971167690029 8.54006189221211,39.2971136158563 8.54007236568393,39.2968743069766 8.53997193089848,39.2967691158298 8.53988600193628,39.2967332649722 8.53954019546965,39.2967160740295 8.53893344688685,39.2966906846851 8.53893697410571,39.2967663702279</coordinates>
            </LinearRing>
          </outerBoundaryIs>
        </Polygon>
      </Placemark>
      <Placemark xmlns="http://www.opengis.net/kml/2.2">
        <styleUrl>#Parti singole_style_map</styleUrl>
        <name>F00961</name>
        <Polygon>
          <outerBoundaryIs>
            <LinearRing>
              <coordinates>8.53902928026716,39.2976928160382 8.53903651247495,39.2977570727039 8.53906449736184,39.2979229347377 8.53906684188136,39.2979367753949 8.53939255270264,39.297926288526 8.53960064508883,39.2979196784593 8.53963261303507,39.2979186425953 8.53964332733011,39.2978480684268 8.53968245137769,39.2975903470637 8.53942320480668,39.2975989263354 8.53904723343656,39.2976113586932 8.53902717691046,39.2976740384918 8.53902928026716,39.2976928160382</coordinates>
            </LinearRing>
          </outerBoundaryIs>
        </Polygon>
      </Placemark>
      <Placemark xmlns="http://www.opengis.net/kml/2.2">
        <styleUrl>#Parti singole_style_map</styleUrl>
        <name>F02011</name>
        <Polygon>
          <outerBoundaryIs>
            <LinearRing>
              <coordinates>8.53903044299919,39.2979379467272 8.53906684188136,39.2979367753949 8.53906449736184,39.2979229347377 8.53903651247495,39.2977570727039 8.53902928026716,39.2976928160382 8.53902717691046,39.2976740384918 8.53904723343656,39.2976113586932 8.53901293400005,39.2976124932858 8.53899451848154,39.2976760446051 8.5390068696574,39.2977819778543 8.53903044299919,39.2979379467272</coordinates>
            </LinearRing>
          </outerBoundaryIs>
        </Polygon>
      </Placemark>
      <Placemark xmlns="http://www.opengis.net/kml/2.2">
        <styleUrl>#Parti singole_style_map</styleUrl>
        <name>F02012</name>
        <Polygon>
          <outerBoundaryIs>
            <LinearRing>
              <coordinates>8.53903044299919,39.2979379467272 8.53906684188136,39.2979367753949 8.53906449736184,39.2979229347377 8.53903651247495,39.2977570727039 8.53902928026716,39.2976928160382 8.53902717691046,39.2976740384918 8.53904723343656,39.2976113586932 8.53901293400005,39.2976124932858 8.53899451848154,39.2976760446051 8.5390068696574,39.2977819778543 8.53903044299919,39.2979379467272</coordinates>
            </LinearRing>
          </outerBoundaryIs>
        </Polygon>
      </Placemark>
      <Placemark xmlns="http://www.opengis.net/kml/2.2">
        <styleUrl>#Parti singole_style_map</styleUrl>
        <name>F02013</name>
        <Polygon>
          <outerBoundaryIs>
            <LinearRing>
              <coordinates>8.53903044299919,39.2979379467272 8.53906684188136,39.2979367753949 8.53906449736184,39.2979229347377 8.53903651247495,39.2977570727039 8.53902928026716,39.2976928160382 8.53902717691046,39.2976740384918 8.53904723343656,39.2976113586932 8.53901293400005,39.2976124932858 8.53899451848154,39.2976760446051 8.5390068696574,39.2977819778543 8.53903044299919,39.2979379467272</coordinates>
            </LinearRing>
          </outerBoundaryIs>
        </Polygon>
      </Placemark>
      <Placemark xmlns="http://www.opengis.net/kml/2.2">
        <styleUrl>#Parti singole_style_map</styleUrl>
        <name>F01917</name>
        <Polygon>
          <outerBoundaryIs>
            <LinearRing>
              <coordinates>8.53293432615509,39.2927516733827 8.53300729330909,39.2927283042835 8.53303503835554,39.2927184949039 8.53310546553642,39.2926916914934 8.5330649681192,39.2926294814896 8.53302125008971,39.2926470570347 8.53299830805889,39.2926146707041 8.53292327893697,39.2926464564961 8.53295772867395,39.2927095703694 8.53291765250531,39.2927252862762 8.53293432615509,39.2927516733827</coordinates>
            </LinearRing>
          </outerBoundaryIs>
        </Polygon>
      </Placemark>
      <Placemark xmlns="http://www.opengis.net/kml/2.2">
        <styleUrl>#Parti singole_style_map</styleUrl>
        <name>F02014</name>
        <Polygon>
          <outerBoundaryIs>
            <LinearRing>
              <coordinates>8.54306428383,39.2912324963855 8.54317649680266,39.2911932540554 8.54316399419821,39.2911579461916 8.54304639473552,39.2911981224845 8.54306428383,39.2912324963855</coordinates>
            </LinearRing>
          </outerBoundaryIs>
        </Polygon>
      </Placemark>
      <Placemark xmlns="http://www.opengis.net/kml/2.2">
        <styleUrl>#Parti singole_style_map</styleUrl>
        <name>F01918</name>
        <Polygon>
          <outerBoundaryIs>
            <LinearRing>
              <coordinates>8.54247780108998,39.2927382881135 8.54261755057161,39.2927672830575 8.542622067252,39.2927493915965 8.5426306393331,39.2927307040804 8.54265261432741,39.2927356763874 8.54265133452812,39.2927390914974 8.54275553475449,39.2927663736256 8.54274818303573,39.2927813476301 8.5427384109881,39.2928042749667 8.54276730253212,39.2928086019988 8.54278278914761,39.2927897022154 8.54281610786741,39.2928080915595 8.54280881870738,39.2928171921153 8.54283371144453,39.2928372151149 8.54285550562987,39.292856213667 8.5429240083232,39.2928248786815 8.54280558668358,39.2927312037958 8.5426510493178,39.2926863224827 8.54249012218014,39.2926683793312 8.54247780108998,39.2927382881135</coordinates>
            </LinearRing>
          </outerBoundaryIs>
        </Polygon>
      </Placemark>
      <Placemark xmlns="http://www.opengis.net/kml/2.2">
        <styleUrl>#Parti singole_style_map</styleUrl>
        <name>F01919</name>
        <Polygon>
          <outerBoundaryIs>
            <LinearRing>
              <coordinates>8.54247780108998,39.2927382881135 8.54261755057161,39.2927672830575 8.542622067252,39.2927493915965 8.5426306393331,39.2927307040804 8.54265261432741,39.2927356763874 8.54265133452812,39.2927390914974 8.54275553475449,39.2927663736256 8.54274818303573,39.2927813476301 8.5427384109881,39.2928042749667 8.54276730253212,39.2928086019988 8.54278278914761,39.2927897022154 8.54281610786741,39.2928080915595 8.54280881870738,39.2928171921153 8.54283371144453,39.2928372151149 8.54285550562987,39.292856213667 8.5429240083232,39.2928248786815 8.54280558668358,39.2927312037958 8.5426510493178,39.2926863224827 8.54249012218014,39.2926683793312 8.54247780108998,39.2927382881135</coordinates>
            </LinearRing>
          </outerBoundaryIs>
        </Polygon>
      </Placemark>
      <Placemark xmlns="http://www.opengis.net/kml/2.2">
        <styleUrl>#Parti singole_style_map</styleUrl>
        <name>T02962</name>
        <Polygon>
          <outerBoundaryIs>
            <LinearRing>
              <coordinates>8.44293667145391,39.3646792041107 8.44298306614181,39.3646911670616 8.4430121227264,39.3646149870102 8.44296813528159,39.364605396361 8.44293667145391,39.3646792041107</coordinates>
            </LinearRing>
          </outerBoundaryIs>
        </Polygon>
      </Placemark>
      <Placemark xmlns="http://www.opengis.net/kml/2.2">
        <styleUrl>#Parti singole_style_map</styleUrl>
        <name>T02963</name>
        <Polygon>
          <outerBoundaryIs>
            <LinearRing>
              <coordinates>8.44296940577552,39.3645974371346 8.44301824463624,39.364605654386 8.44303539402864,39.3645466724711 8.44298865135555,39.3645376092661 8.44296940577552,39.3645974371346</coordinates>
            </LinearRing>
          </outerBoundaryIs>
        </Polygon>
      </Placemark>
      <Placemark xmlns="http://www.opengis.net/kml/2.2">
        <styleUrl>#Parti singole_style_map</styleUrl>
        <name>T02964</name>
        <Polygon>
          <outerBoundaryIs>
            <LinearRing>
              <coordinates>8.44299059220938,39.3645285539651 8.44303928762982,39.3645314452952 8.44304659410466,39.3644796877385 8.44299590695866,39.3644747324703 8.44299059220938,39.3645285539651</coordinates>
            </LinearRing>
          </outerBoundaryIs>
        </Polygon>
      </Placemark>
      <Placemark xmlns="http://www.opengis.net/kml/2.2">
        <styleUrl>#Parti singole_style_map</styleUrl>
        <name>T02965</name>
        <Polygon>
          <outerBoundaryIs>
            <LinearRing>
              <coordinates>8.44299532613133,39.3644674852191 8.44305457403229,39.3644658767645 8.44304902006628,39.3644110571089 8.44298861605515,39.3644135430557 8.44299532613133,39.3644674852191</coordinates>
            </LinearRing>
          </outerBoundaryIs>
        </Polygon>
      </Placemark>
      <Placemark xmlns="http://www.opengis.net/kml/2.2">
        <styleUrl>#Parti singole_style_map</styleUrl>
        <name>T02966</name>
        <Polygon>
          <outerBoundaryIs>
            <LinearRing>
              <coordinates>8.44298626487586,39.3644055845034 8.4430334574987,39.3643959980588 8.44301880090415,39.3643458202838 8.442972231028,39.3643544635993 8.44298626487586,39.3644055845034</coordinates>
            </LinearRing>
          </outerBoundaryIs>
        </Polygon>
      </Placemark>
      <Placemark xmlns="http://www.opengis.net/kml/2.2">
        <styleUrl>#Parti singole_style_map</styleUrl>
        <name>T02967</name>
        <Polygon>
          <outerBoundaryIs>
            <LinearRing>
              <coordinates>8.44296923843075,39.3643454207103 8.44301290661423,39.3643250588146 8.44297710189457,39.3642761673668 8.44293526340407,39.3642956189392 8.44296923843075,39.3643454207103</coordinates>
            </LinearRing>
          </outerBoundaryIs>
        </Polygon>
      </Placemark>
      <Placemark xmlns="http://www.opengis.net/kml/2.2">
        <styleUrl>#Parti singole_style_map</styleUrl>
        <name>T02968</name>
        <Polygon>
          <outerBoundaryIs>
            <LinearRing>
              <coordinates>8.44288061225321,39.3642534401372 8.44292919679017,39.3642906971593 8.44296149744624,39.3642576210295 8.44291349408005,39.3642231871019 8.44288061225321,39.3642534401372</coordinates>
            </LinearRing>
          </outerBoundaryIs>
        </Polygon>
      </Placemark>
      <Placemark xmlns="http://www.opengis.net/kml/2.2">
        <styleUrl>#Parti singole_style_map</styleUrl>
        <name>T02969</name>
        <Polygon>
          <outerBoundaryIs>
            <LinearRing>
              <coordinates>8.44146054276486,39.3631026961138 8.44150712543016,39.3630996490038 8.44149913508773,39.3630259044499 8.4415234418001,39.3630229575956 8.44151938180558,39.3630051422907 8.44145048709493,39.3630099203966 8.44146054276486,39.3631026961138</coordinates>
            </LinearRing>
          </outerBoundaryIs>
        </Polygon>
      </Placemark>
      <Placemark xmlns="http://www.opengis.net/kml/2.2">
        <styleUrl>#Parti singole_style_map</styleUrl>
        <name>T02970</name>
        <Polygon>
          <outerBoundaryIs>
            <LinearRing>
              <coordinates>8.44138073511207,39.3626955862147 8.44142653243905,39.3627735581046 8.44147314666125,39.3627606986854 8.44142315789499,39.3626784897511 8.44138073511207,39.3626955862147</coordinates>
            </LinearRing>
          </outerBoundaryIs>
        </Polygon>
      </Placemark>
      <Placemark xmlns="http://www.opengis.net/kml/2.2">
        <styleUrl>#Parti singole_style_map</styleUrl>
        <name>T02971</name>
        <Polygon>
          <outerBoundaryIs>
            <LinearRing>
              <coordinates>8.44113373423065,39.3630030283825 8.44117361438605,39.3630034993476 8.441168492903,39.3629674235847 8.44117695829299,39.3629669957147 8.44117366247894,39.3629290545329 8.44117970569558,39.3629281464759 8.4411705146225,39.3628783821748 8.44115419911681,39.3628792318593 8.44115004291199,39.3628589381817 8.44111690733853,39.3628613199188 8.44113373423065,39.3630030283825</coordinates>
            </LinearRing>
          </outerBoundaryIs>
        </Polygon>
      </Placemark>
      <Placemark xmlns="http://www.opengis.net/kml/2.2">
        <styleUrl>#Parti singole_style_map</styleUrl>
        <name>T02972</name>
        <Polygon>
          <outerBoundaryIs>
            <LinearRing>
              <coordinates>8.44118158585741,39.3626050286793 8.44122811002322,39.3626019994201 8.44121772110424,39.3625466968954 8.44117239704322,39.3625520746567 8.44118158585741,39.3626050286793</coordinates>
            </LinearRing>
          </outerBoundaryIs>
        </Polygon>
      </Placemark>
      <Placemark xmlns="http://www.opengis.net/kml/2.2">
        <styleUrl>#Parti singole_style_map</styleUrl>
        <name>T03425</name>
        <Polygon>
          <outerBoundaryIs>
            <LinearRing>
              <coordinates>8.44219052264935,39.3649623878134 8.44219421574725,39.3649577921344 8.44225605727263,39.3649876883404 8.44246356378946,39.3647291890024 8.44230918035032,39.3646545263453 8.44223451429237,39.3647439672366 8.44229478290692,39.3647731170151 8.4421561907727,39.3649457789124 8.44219052264935,39.3649623878134</coordinates>
            </LinearRing>
          </outerBoundaryIs>
        </Polygon>
      </Placemark>
      <Placemark xmlns="http://www.opengis.net/kml/2.2">
        <styleUrl>#Parti singole_style_map</styleUrl>
        <name>T01284</name>
        <Polygon>
          <outerBoundaryIs>
            <LinearRing>
              <coordinates>8.55772701032341,39.3771725287769 8.56157363793702,39.3773840951933 8.56114110733016,39.3764684064766 8.55772701032341,39.3771725287769</coordinates>
            </LinearRing>
          </outerBoundaryIs>
        </Polygon>
      </Placemark>
      <Placemark xmlns="http://www.opengis.net/kml/2.2">
        <styleUrl>#Parti singole_style_map</styleUrl>
        <name>T01285</name>
        <Polygon>
          <outerBoundaryIs>
            <LinearRing>
              <coordinates>8.5457577395594,39.3745539891814 8.54580484504099,39.3745406393606 8.54580844700906,39.3745473392566 8.54587031639769,39.374530947453 8.5458703458011,39.3745246221641 8.54613888980658,39.3744543973059 8.54615010117814,39.3744871853957 8.54606230707445,39.3745144149414 8.54607476803222,39.3745460635771 8.54589966395215,39.3745920634749 8.54590640369882,39.3746072275152 8.54585047341056,39.3746208042137 8.54582241486234,39.3745721728218 8.54575812720143,39.3745873026862 8.54593693270914,39.3750699031282 8.54745185811468,39.3757077730327 8.54751674417931,39.3756666131002 8.54763849879677,39.3756158619152 8.54785098138063,39.3755294933622 8.54817835281619,39.3754666379284 8.54835285435045,39.3754547732273 8.5487665390492,39.375491709792 8.54926819583597,39.3755099196387 8.54966606771873,39.3756770301353 8.5498670110255,39.375716616676 8.54992205047902,39.3757116036302 8.55001477043668,39.3756621792466 8.55011164936169,39.3756936495411 8.55018851297537,39.3759040908765 8.55038738048034,39.3759651586392 8.55101714748509,39.3764518820262 8.55122759390279,39.3762065173938 8.55171435435494,39.3753805422386 8.55187389085822,39.3752633263152 8.5519769136731,39.3752073623701 8.5524671076253,39.3749534948391 8.55259479106308,39.3748135208083 8.55268214792945,39.3744908648189 8.55264608061205,39.3744448443411 8.55267615484666,39.3742076942843 8.55273097228349,39.3737791021485 8.55271690245712,39.3737862384421 8.55260089018919,39.3738114811694 8.55256842439856,39.3738141855513 8.55241805078886,39.3737681305427 8.5522950881607,39.3736928875942 8.55202888479299,39.3736182010175 8.55186651187452,39.3735842092426 8.5513467528553,39.3735848358893 8.55103125454895,39.373677192602 8.55053533370548,39.3737910711542 8.55019666567745,39.3738862914879 8.54997416066944,39.3739473149414 8.54965366022372,39.3740280609807 8.54954353267272,39.3740713265241 8.54941202237819,39.3741142568038 8.54925050704807,39.374138247582 8.54927991350792,39.3741798191106 8.54923259250435,39.3741997381946 8.54920383425826,39.3741566644059 8.54913883840219,39.3741791820449 8.5488730831873,39.3742172029392 8.54868701540976,39.3742426564932 8.54854262250815,39.3742217951676 8.54812127071191,39.3741309990036 8.54792519458319,39.374061261058 8.54784897788189,39.3740253189662 8.54775861205092,39.3739619747786 8.54769762407314,39.3738869680198 8.5475508947712,39.3735791644765 8.54748652188,39.3734513516269 8.54745461716997,39.3734067423746 8.54724527535177,39.3734284177271 8.54711014774092,39.3734651861298 8.54709978968545,39.3734763368849 8.54712368804194,39.3735490009287 8.54715968292018,39.373668440783 8.54714565877663,39.3736971568431 8.54671418770282,39.3741392630445 8.54646333975044,39.3743186489602 8.54613292700902,39.3744429486568 8.54575733736411,39.3745444003885 8.5457577395594,39.3745539891814</coordinates>
            </LinearRing>
          </outerBoundaryIs>
          <innerBoundaryIs>
            <LinearRing>
              <coordinates>8.55067893020703,39.3756389055379 8.550711765685,39.3756275800217 8.5507230398509,39.3756491317604 8.55069021765045,39.3756601960252 8.55067893020703,39.3756389055379</coordinates>
            </LinearRing>
          </innerBoundaryIs>
          <innerBoundaryIs>
            <LinearRing>
              <coordinates>8.54675891525229,39.3741344996275 8.54678256654453,39.3741484410326 8.54676613248482,39.3741727775348 8.54674080816746,39.3741572347376 8.54675891525229,39.3741344996275</coordinates>
            </LinearRing>
          </innerBoundaryIs>
          <innerBoundaryIs>
            <LinearRing>
              <coordinates>8.54835453242183,39.3751225428919 8.54839308052707,39.3751255399565 8.54838681233024,39.3751523850589 8.54835246757442,39.3751492871829 8.54835453242183,39.3751225428919</coordinates>
            </LinearRing>
          </innerBoundaryIs>
          <innerBoundaryIs>
            <LinearRing>
              <coordinates>8.5513081195867,39.3749453336722 8.55135373579738,39.3749287410707 8.55136545657535,39.3749494564924 8.55132082738292,39.374966016865 8.5513081195867,39.3749453336722</coordinates>
            </LinearRing>
          </innerBoundaryIs>
          <innerBoundaryIs>
            <LinearRing>
              <coordinates>8.54806595519398,39.3748896522935 8.54811031175229,39.3748848688953 8.54811491248469,39.3749149459596 8.5480701690378,39.3749185114319 8.54806595519398,39.3748896522935</coordinates>
            </LinearRing>
          </innerBoundaryIs>
          <innerBoundaryIs>
            <LinearRing>
              <coordinates>8.54730317697542,39.3755740003567 8.54735145534703,39.3755498868779 8.5473671048322,39.3755715190473 8.54732044541125,39.3755948278866 8.54730317697542,39.3755740003567</coordinates>
            </LinearRing>
          </innerBoundaryIs>
          <innerBoundaryIs>
            <LinearRing>
              <coordinates>8.54765465126224,39.3754212248896 8.54770079891735,39.3754070145755 8.54771658118971,39.375431467516 8.54767723099391,39.3754519756203 8.54765465126224,39.3754212248896</coordinates>
            </LinearRing>
          </innerBoundaryIs>
          <innerBoundaryIs>
            <LinearRing>
              <coordinates>8.54728221068618,39.3751607581722 8.54732906604215,39.3751340351119 8.54735050497472,39.3751562394679 8.54730335149436,39.3751823847011 8.54728221068618,39.3751607581722</coordinates>
            </LinearRing>
          </innerBoundaryIs>
          <innerBoundaryIs>
            <LinearRing>
              <coordinates>8.55036663604004,39.3757080075499 8.55040803847375,39.3757239901717 8.55038490797813,39.3757553205012 8.55034500824978,39.3757385507547 8.55036663604004,39.3757080075499</coordinates>
            </LinearRing>
          </innerBoundaryIs>
          <innerBoundaryIs>
            <LinearRing>
              <coordinates>8.54890185920403,39.3753371994266 8.54895874007419,39.3753256433129 8.54896403219458,39.3753565880366 8.54891319680737,39.3753686361557 8.54890185920403,39.3753371994266</coordinates>
            </LinearRing>
          </innerBoundaryIs>
          <innerBoundaryIs>
            <LinearRing>
              <coordinates>8.550230047745,39.375744008011 8.55027630927709,39.3757933755272 8.55024476186263,39.3758083912156 8.5502075102203,39.3757571122647 8.550230047745,39.375744008011</coordinates>
            </LinearRing>
          </innerBoundaryIs>
          <innerBoundaryIs>
            <LinearRing>
              <coordinates>8.54771585335948,39.3753625970838 8.54775057091312,39.3753385388127 8.54778171498481,39.3753392906864 8.5477898149619,39.3753668223758 8.5477313158268,39.3753844357201 8.54771585335948,39.3753625970838</coordinates>
            </LinearRing>
          </innerBoundaryIs>
          <innerBoundaryIs>
            <LinearRing>
              <coordinates>8.54746182397964,39.3756154176907 8.54751399424037,39.3755908957966 8.54753913444858,39.3756242605653 8.54748587305351,39.3756487511922 8.54746182397964,39.3756154176907</coordinates>
            </LinearRing>
          </innerBoundaryIs>
          <innerBoundaryIs>
            <LinearRing>
              <coordinates>8.54784007288074,39.3753525378868 8.54790111408223,39.3753439809602 8.54791133177491,39.3753815766448 8.54785071357662,39.3753911444027 8.54784007288074,39.3753525378868</coordinates>
            </LinearRing>
          </innerBoundaryIs>
          <innerBoundaryIs>
            <LinearRing>
              <coordinates>8.54810892053231,39.3753146124824 8.54819426444215,39.375309096302 8.54819785357595,39.3753340244084 8.54815455023376,39.3753392714699 8.54815513139506,39.375346365028 8.54810939284394,39.3753457727859 8.54810892053231,39.3753146124824</coordinates>
            </LinearRing>
          </innerBoundaryIs>
          <innerBoundaryIs>
            <LinearRing>
              <coordinates>8.55031852684431,39.3758632263757 8.55039072322509,39.3758676414203 8.55038363226701,39.3759052059958 8.55031540216553,39.3758996439266 8.55031852684431,39.3758632263757</coordinates>
            </LinearRing>
          </innerBoundaryIs>
          <innerBoundaryIs>
            <LinearRing>
              <coordinates>8.54780117415262,39.3754451862182 8.54788166941954,39.3754408408021 8.54788643029388,39.375471278917 8.54780530942572,39.3754790098684 8.54780117415262,39.3754451862182</coordinates>
            </LinearRing>
          </innerBoundaryIs>
          <innerBoundaryIs>
            <LinearRing>
              <coordinates>8.55031208446186,39.3756026885577 8.55035694200159,39.3755723613437 8.5503740783524,39.3755849702933 8.55035946656323,39.375596861771 8.55038413851874,39.3756219974882 8.5503422371744,39.3756457584467 8.55031208446186,39.3756026885577</coordinates>
            </LinearRing>
          </innerBoundaryIs>
          <innerBoundaryIs>
            <LinearRing>
              <coordinates>8.55159525763175,39.3746830270557 8.5516522260507,39.3746612700197 8.5516811336864,39.3747030372494 8.55162501627349,39.3747278701779 8.55159525763175,39.3746830270557</coordinates>
            </LinearRing>
          </innerBoundaryIs>
          <innerBoundaryIs>
            <LinearRing>
              <coordinates>8.55081885048369,39.3750181509667 8.55086200241899,39.3750274002979 8.55083893439453,39.3750961247335 8.55079538180556,39.3750877929216 8.55081885048369,39.3750181509667</coordinates>
            </LinearRing>
          </innerBoundaryIs>
          <innerBoundaryIs>
            <LinearRing>
              <coordinates>8.54791523668979,39.3748341831242 8.54796179287376,39.3748321565519 8.54795986890352,39.3748910149728 8.54796142299975,39.3749146466679 8.54792538826506,39.3749179846364 8.54791523668979,39.3748341831242</coordinates>
            </LinearRing>
          </innerBoundaryIs>
          <innerBoundaryIs>
            <LinearRing>
              <coordinates>8.55108035920643,39.3752281696004 8.55112727639721,39.3752332434668 8.5511046395038,39.3753089978438 8.55105961177292,39.3752989394211 8.55108035920643,39.3752281696004</coordinates>
            </LinearRing>
          </innerBoundaryIs>
          <innerBoundaryIs>
            <LinearRing>
              <coordinates>8.5519042742883,39.3745573318611 8.55197658088959,39.3745170990794 8.55201286767774,39.3745541551136 8.55194538519009,39.3745916132379 8.5519042742883,39.3745573318611</coordinates>
            </LinearRing>
          </innerBoundaryIs>
          <innerBoundaryIs>
            <LinearRing>
              <coordinates>8.54909288306625,39.3751068108723 8.54921923734469,39.3751094993929 8.54921969094289,39.3751418400029 8.54908607719023,39.3751414750821 8.54909288306625,39.3751068108723</coordinates>
            </LinearRing>
          </innerBoundaryIs>
          <innerBoundaryIs>
            <LinearRing>
              <coordinates>8.5518194967774,39.3736345141346 8.55187260264365,39.3736520010603 8.55182874729725,39.3737292056128 8.55177502342554,39.3737103196497 8.5518194967774,39.3736345141346</coordinates>
            </LinearRing>
          </innerBoundaryIs>
          <innerBoundaryIs>
            <LinearRing>
              <coordinates>8.54708512192732,39.3751198306028 8.54720717401345,39.3750876157152 8.54722518044902,39.3751307472361 8.54710532142654,39.3751631328745 8.54708512192732,39.3751198306028</coordinates>
            </LinearRing>
          </innerBoundaryIs>
          <innerBoundaryIs>
            <LinearRing>
              <coordinates>8.54767180308987,39.3751329541485 8.54772761007616,39.3751205024145 8.54779406294093,39.3751152734642 8.54779363111124,39.3751084327801 8.54783269710213,39.3751013402329 8.54783625859081,39.3751341254397 8.54774465947358,39.3751518803805 8.54774690223197,39.3751677386548 8.54768971604659,39.3751780225015 8.54767180308987,39.3751329541485</coordinates>
            </LinearRing>
          </innerBoundaryIs>
          <innerBoundaryIs>
            <LinearRing>
              <coordinates>8.55153185769209,39.3746267819761 8.55163564167545,39.3745860130455 8.55167350988757,39.3746407900203 8.55156643098321,39.3746812038754 8.55153185769209,39.3746267819761</coordinates>
            </LinearRing>
          </innerBoundaryIs>
          <innerBoundaryIs>
            <LinearRing>
              <coordinates>8.54946108085236,39.3741941992728 8.54955219931941,39.3741678810919 8.54959171876478,39.3742472278955 8.54950126960568,39.3742741614174 8.54946108085236,39.3741941992728</coordinates>
            </LinearRing>
          </innerBoundaryIs>
          <innerBoundaryIs>
            <LinearRing>
              <coordinates>8.55121384900956,39.3751935528103 8.55136089638441,39.3750759469792 8.55143066702321,39.3751290810563 8.55128463903128,39.3752470423199 8.55121384900956,39.3751935528103</coordinates>
            </LinearRing>
          </innerBoundaryIs>
          <innerBoundaryIs>
            <LinearRing>
              <coordinates>8.55161603735343,39.375292571602 8.55177065920662,39.3751741204414 8.55184002527173,39.3752288565906 8.55168341396985,39.3753461468213 8.55161603735343,39.375292571602</coordinates>
            </LinearRing>
          </innerBoundaryIs>
          <innerBoundaryIs>
            <LinearRing>
              <coordinates>8.55235409002598,39.3748840660043 8.55247683142957,39.3747435324413 8.55255883402224,39.3747865670495 8.55243479786737,39.3749262487227 8.55235409002598,39.3748840660043</coordinates>
            </LinearRing>
          </innerBoundaryIs>
          <innerBoundaryIs>
            <LinearRing>
              <coordinates>8.55093518335339,39.3763157855815 8.55108229107336,39.3761403056307 8.5511682579773,39.3761844377818 8.5510244671489,39.3763586781828 8.55093518335339,39.3763157855815</coordinates>
            </LinearRing>
          </innerBoundaryIs>
          <innerBoundaryIs>
            <LinearRing>
              <coordinates>8.5471091050488,39.3734756252942 8.54745447617217,39.3734070031317 8.54746873101886,39.3734934877956 8.54713598667465,39.3735483460084 8.5471091050488,39.3734756252942</coordinates>
            </LinearRing>
          </innerBoundaryIs>
          <innerBoundaryIs>
            <LinearRing>
              <coordinates>8.54826570562578,39.3748328961975 8.54836931661812,39.374846300921 8.54837364506738,39.3748249987804 8.54858867367019,39.3748474501157 8.54857711518722,39.3749097582235 8.54857975360916,39.3749597229378 8.54859508890414,39.3750013210961 8.54854072190211,39.3750137518065 8.54852678886803,39.374974348649 8.54847385490057,39.3749823967565 8.54848158741543,39.3749517098316 8.54832027377838,39.3749314763315 8.54832457870207,39.3749156254824 8.5483541732474,39.3749189932521 8.54835708040072,39.3749020557066 8.54825556817003,39.3748908396788 8.54826570562578,39.3748328961975</coordinates>
            </LinearRing>
          </innerBoundaryIs>
          <innerBoundaryIs>
            <LinearRing>
              <coordinates>8.55090437582901,39.3748158701779 8.55130320190707,39.3746528233113 8.5514070656331,39.3746086939585 8.55144072602505,39.374655183091 8.55137348683305,39.374683595231 8.55140230113847,39.374723596102 8.55127802449709,39.3747772519148 8.55125699120105,39.3747495443998 8.55124062924844,39.3747555994115 8.5512310044868,39.374744785648 8.55094008159431,39.3748674312811 8.55090437582901,39.3748158701779</coordinates>
            </LinearRing>
          </innerBoundaryIs>
          <innerBoundaryIs>
            <LinearRing>
              <coordinates>8.54956596378303,39.3741108075414 8.54968034529885,39.3740722078959 8.54974701585802,39.374049191848 8.54975276325603,39.3740671450955 8.54992226824608,39.3740174504211 8.54990387431031,39.3739783995851 8.55005700980775,39.3739413191855 8.55009271053394,39.3739320503218 8.5501130651808,39.3739677027277 8.55024744506878,39.3739261523567 8.55029816526154,39.3740150213476 8.55016228177303,39.3740592871447 8.55020987941032,39.3741480900279 8.55007785833327,39.3741910551264 8.5500257895253,39.3742073158996 8.54986756494105,39.3742575860167 8.54992326584961,39.3743680637207 8.54980156108994,39.3744080408924 8.54970375794569,39.3742154491499 8.54964867997498,39.3742320495114 8.54961630981979,39.3741692827973 8.54960355071025,39.3741729276978 8.54956596378303,39.3741108075414</coordinates>
            </LinearRing>
          </innerBoundaryIs>
          <innerBoundaryIs>
            <LinearRing>
              <coordinates>8.5495833071731,39.3751869323125 8.54951759707307,39.3751633314137 8.54951762720976,39.3751586460463 8.54948981086752,39.3751585653012 8.54939669660213,39.3751592496974 8.54939745588173,39.3751278508854 8.54948938376536,39.3751238910632 8.5495274634342,39.3751221103474 8.54960977852534,39.3751524433686 8.54967418860289,39.3750857264716 8.55057840742529,39.3750191590881 8.55085674540173,39.3751682689026 8.55087737747534,39.3751716374511 8.55087550562452,39.3751792981959 8.55091118198693,39.3751974480839 8.55094746391472,39.3755231302537 8.54972820638424,39.3756115478728 8.54938374456606,39.3754202079957 8.5495833071731,39.3751869323125</coordinates>
            </LinearRing>
          </innerBoundaryIs>
        </Polygon>
      </Placemark>
      <Placemark xmlns="http://www.opengis.net/kml/2.2">
        <styleUrl>#Parti singole_style_map</styleUrl>
        <name>T02755</name>
        <Polygon>
          <outerBoundaryIs>
            <LinearRing>
              <coordinates>8.54746896264179,39.3756982794177 8.54845396019802,39.3760999695604 8.55063555800346,39.37678214907 8.55772701032341,39.3771725287769 8.56114110733016,39.3764684064766 8.56042399441102,39.3749501953086 8.56015530810539,39.3738471348077 8.56013625861832,39.3738579564981 8.56007719143229,39.3739204915098 8.56002500217837,39.3739969828294 8.56002721979304,39.3741115333425 8.5600152705057,39.3742395370587 8.55975661934988,39.3744005045985 8.55953656610884,39.3744640875927 8.55932409345049,39.3745479816489 8.55912432529258,39.3746183175598 8.55883130489873,39.3745785868746 8.55859520902855,39.3745090213927 8.55804733067244,39.3744810978636 8.5577732409428,39.374449636072 8.55706249454553,39.3743589695969 8.55666221160713,39.3743308718799 8.55649455462447,39.3743203659247 8.55606009550521,39.3742791425554 8.55590365476256,39.3742446474391 8.55582547394444,39.374223002805 8.55578273370057,39.3742513218666 8.55589816851304,39.3743317314652 8.55609897751394,39.3744254331089 8.55629884412204,39.3744608956297 8.5563788086515,39.3744942604653 8.55645012456567,39.3745458836677 8.55631767060811,39.3745751942049 8.55608562437516,39.374577795566 8.55584980608017,39.3745509355809 8.55562740600831,39.3745007079856 8.55555400424586,39.3744705304239 8.55574556928562,39.3745921030091 8.55581622773376,39.3746100426547 8.55597895568816,39.374638155398 8.55631418490197,39.3747424076813 8.556615666581,39.3748208682662 8.55677983480271,39.3748765216194 8.55679666556886,39.375001787351 8.55672840723555,39.3750649433771 8.55657166804363,39.3751469363909 8.55638556875998,39.3752140669065 8.55621103492608,39.3752038496713 8.555975138861,39.3751834231735 8.55546906858348,39.3751271648138 8.55505695389265,39.3750712998886 8.55497053985514,39.3749950462847 8.55491103420025,39.3749430168647 8.55487621945471,39.3748969297892 8.55477969472219,39.3747657450732 8.55458487786454,39.3745550891732 8.55439828254478,39.3743844532671 8.55414041787272,39.3741972797419 8.55410809634163,39.3741153039649 8.55406277859337,39.3739849187147 8.55406318324889,39.3739395972028 8.55396833972699,39.3738073730218 8.55395433520075,39.3737805759856 8.55395556226074,39.373640763991 8.55401933808159,39.373546983546 8.55425936041844,39.3733248838283 8.55442077892301,39.3732060586812 8.55451002389051,39.3731124025919 8.55452021167171,39.3730584684258 8.55445756111154,39.3729390277887 8.55426479829801,39.3728297749035 8.55405392619937,39.3727769484 8.55385745506572,39.3728764190467 8.55369622059647,39.3730264566732 8.5535592404547,39.3731486995484 8.55329195290003,39.3732896251556 8.55316197533377,39.373384051859 8.55304968941361,39.3735168052192 8.55294758259386,39.3736225839777 8.55281063073478,39.3737436456812 8.55273386935217,39.3737944762797 8.55265441342666,39.3744343881235 8.55267778098236,39.3744984078681 8.55259992625431,39.3748074854803 8.55247765549847,39.3749488769855 8.55188364325627,39.3752687341886 8.5517151514158,39.3753920517799 8.55143762362754,39.3758682790643 8.55123603272508,39.376219444056 8.5510397802688,39.3764492842805 8.55056420568917,39.3761177961275 8.5503933019614,39.3759741290092 8.55019011504766,39.3759077193138 8.55012254560228,39.3757071354366 8.55001767261643,39.3756676418588 8.5499287241814,39.3757209373577 8.54992984309224,39.3757708420912 8.54987568453255,39.3757688483463 8.5498750966835,39.3757230274455 8.54969751568723,39.3756973535788 8.54926969602353,39.3755203506559 8.54882927623752,39.3754956205456 8.54840386522152,39.3754587467855 8.54822425201837,39.3754657350173 8.54785633378158,39.3755276489935 8.54754218309889,39.3756501507151 8.54746896264179,39.3756982794177</coordinates>
            </LinearRing>
          </outerBoundaryIs>
          <innerBoundaryIs>
            <LinearRing>
              <coordinates>8.55423676611958,39.3750672752251 8.55427739127741,39.3750777750799 8.55426303757378,39.3751112573121 8.55422260107433,39.3751002986378 8.55423676611958,39.3750672752251</coordinates>
            </LinearRing>
          </innerBoundaryIs>
          <innerBoundaryIs>
            <LinearRing>
              <coordinates>8.55412598142747,39.3750443510967 8.55418452640233,39.3750575417718 8.55417027105285,39.3750956287597 8.55411177317502,39.3750823301315 8.55412598142747,39.3750443510967</coordinates>
            </LinearRing>
          </innerBoundaryIs>
          <innerBoundaryIs>
            <LinearRing>
              <coordinates>8.55342078892754,39.3742481577474 8.5534776445059,39.3742730920453 8.55345075354876,39.3743100131151 8.553394869909,39.3742837669974 8.55342078892754,39.3742481577474</coordinates>
            </LinearRing>
          </innerBoundaryIs>
          <innerBoundaryIs>
            <LinearRing>
              <coordinates>8.56031304063705,39.3748540476916 8.56037352165721,39.3748789382699 8.56034180266312,39.3749253938615 8.56028200140836,39.3748994786351 8.56031304063705,39.3748540476916</coordinates>
            </LinearRing>
          </innerBoundaryIs>
          <innerBoundaryIs>
            <LinearRing>
              <coordinates>8.55364722717703,39.3745296698028 8.55371738308275,39.3745790105541 8.55368465108952,39.3746070428763 8.55361479868701,39.3745574419649 8.55364722717703,39.3745296698028</coordinates>
            </LinearRing>
          </innerBoundaryIs>
          <innerBoundaryIs>
            <LinearRing>
              <coordinates>8.55396299870082,39.3747025595867 8.55404699996038,39.3747253901556 8.55402513116131,39.3747685569069 8.55394588198698,39.374745131836 8.55396299870082,39.3747025595867</coordinates>
            </LinearRing>
          </innerBoundaryIs>
          <innerBoundaryIs>
            <LinearRing>
              <coordinates>8.55989770782833,39.3752618976295 8.55998995339833,39.3752054622868 8.56002918375038,39.3752440948007 8.55993673994419,39.375296970257 8.55989770782833,39.3752618976295</coordinates>
            </LinearRing>
          </innerBoundaryIs>
          <innerBoundaryIs>
            <LinearRing>
              <coordinates>8.55684704273249,39.3751573122173 8.55698515885874,39.375159874945 8.55698673965665,39.3752036271803 8.55684650592962,39.3751999480857 8.55684704273249,39.3751573122173</coordinates>
            </LinearRing>
          </innerBoundaryIs>
          <innerBoundaryIs>
            <LinearRing>
              <coordinates>8.55270496644061,39.3742391167842 8.55294363783415,39.3741551193069 8.5529691095713,39.3741987111622 8.55272979816754,39.3742829224821 8.55270496644061,39.3742391167842</coordinates>
            </LinearRing>
          </innerBoundaryIs>
        </Polygon>
      </Placemark>
      <Placemark xmlns="http://www.opengis.net/kml/2.2">
        <styleUrl>#Parti singole_style_map</styleUrl>
        <name>T02813</name>
        <Polygon>
          <outerBoundaryIs>
            <LinearRing>
              <coordinates>8.52940462394528,39.3623777074228 8.53058378660386,39.3637196226288 8.5308571158195,39.3634526164962 8.5310659862792,39.3633190124314 8.53119803337893,39.3632951082247 8.53141269329772,39.3632901976751 8.53168768767112,39.363238773936 8.53205494229607,39.3631278817232 8.5325085286961,39.3630560268079 8.53444260878712,39.3629556595926 8.53435343523406,39.3623413228368 8.52977026168468,39.3623726989659 8.52975750236411,39.362433621837 8.52940462394528,39.3623777074228</coordinates>
            </LinearRing>
          </outerBoundaryIs>
        </Polygon>
      </Placemark>
      <Placemark xmlns="http://www.opengis.net/kml/2.2">
        <styleUrl>#Parti singole_style_map</styleUrl>
        <name>T02814</name>
        <Polygon>
          <outerBoundaryIs>
            <LinearRing>
              <coordinates>8.52953347772374,39.3622310593189 8.52978834541568,39.3622863427869 8.52977026168468,39.3623726989659 8.53435343523406,39.3623413228368 8.53426148907857,39.361707764325 8.53304857205823,39.3618601163259 8.5325637712177,39.3618203872437 8.53175503869792,39.3615638375589 8.53144224428097,39.3615477371993 8.53100204654603,39.3618403557256 8.53082298632953,39.3618789374719 8.53057350229903,39.36184833991 8.53041012658186,39.3618397059159 8.53003929187459,39.3619381168943 8.52956939036859,39.3620237544496 8.52953347772374,39.3622310593189</coordinates>
            </LinearRing>
          </outerBoundaryIs>
          <innerBoundaryIs>
            <LinearRing>
              <coordinates>8.53055034112587,39.3620187622874 8.5306304004404,39.3620149676408 8.53063370049,39.3620508339876 8.53055362260267,39.3620573948039 8.53055034112587,39.3620187622874</coordinates>
            </LinearRing>
          </innerBoundaryIs>
          <innerBoundaryIs>
            <LinearRing>
              <coordinates>8.53099615606321,39.3619209494696 8.53119811035116,39.36181409662 8.53123319703101,39.361847478033 8.53102791715841,39.3619569305938 8.53099615606321,39.3619209494696</coordinates>
            </LinearRing>
          </innerBoundaryIs>
          <innerBoundaryIs>
            <LinearRing>
              <coordinates>8.53135165289921,39.3617292593544 8.53144604909434,39.3616661423168 8.53159067387461,39.3616268442264 8.53161272736357,39.3616616777898 8.53147466257754,39.3617041740567 8.53138694506013,39.361766633229 8.53135165289921,39.3617292593544</coordinates>
            </LinearRing>
          </innerBoundaryIs>
        </Polygon>
      </Placemark>
      <Placemark xmlns="http://www.opengis.net/kml/2.2">
        <styleUrl>#Parti singole_style_map</styleUrl>
        <name>T02815</name>
        <Polygon>
          <outerBoundaryIs>
            <LinearRing>
              <coordinates>8.52975750236411,39.362433621837 8.52977026168468,39.3623726989659 8.52940462394528,39.3623777074228 8.52975750236411,39.362433621837</coordinates>
            </LinearRing>
          </outerBoundaryIs>
        </Polygon>
      </Placemark>
      <Placemark xmlns="http://www.opengis.net/kml/2.2">
        <styleUrl>#Parti singole_style_map</styleUrl>
        <name>T02816</name>
        <Polygon>
          <outerBoundaryIs>
            <LinearRing>
              <coordinates>8.52940462394528,39.3623777074228 8.52977026168468,39.3623726989659 8.52978834541568,39.3622863427869 8.52953347772374,39.3622310593189 8.52952617142663,39.3622733163233 8.52940462394528,39.3623777074228</coordinates>
            </LinearRing>
          </outerBoundaryIs>
        </Polygon>
      </Placemark>
      <Placemark xmlns="http://www.opengis.net/kml/2.2">
        <styleUrl>#Parti singole_style_map</styleUrl>
        <name>T03426</name>
        <Polygon>
          <outerBoundaryIs>
            <LinearRing>
              <coordinates>8.44120829175278,39.3663057109825 8.44138747465323,39.3663568415683 8.44135883118393,39.3664172907839 8.44140993843779,39.3664323225575 8.44147935166584,39.3662828198347 8.44124949844086,39.3662172183203 8.44120829175278,39.3663057109825</coordinates>
            </LinearRing>
          </outerBoundaryIs>
        </Polygon>
      </Placemark>
      <Placemark xmlns="http://www.opengis.net/kml/2.2">
        <styleUrl>#Parti singole_style_map</styleUrl>
        <name>T03427</name>
        <Polygon>
          <outerBoundaryIs>
            <LinearRing>
              <coordinates>8.44153039024684,39.3663035458812 8.44161209331346,39.3663262843256 8.44163888306908,39.3662755485085 8.4416234558601,39.3662711674032 8.44166297472279,39.3661919293145 8.44159262059485,39.3661726063284 8.44153039024684,39.3663035458812</coordinates>
            </LinearRing>
          </outerBoundaryIs>
        </Polygon>
      </Placemark>
      <Placemark xmlns="http://www.opengis.net/kml/2.2">
        <styleUrl>#Parti singole_style_map</styleUrl>
        <name>T01763</name>
        <Polygon>
          <outerBoundaryIs>
            <LinearRing>
              <coordinates>8.41974991869281,39.3447803084792 8.42013591878642,39.344810364427 8.43002566937313,39.3454617392486 8.43127005243224,39.3455497545799 8.43027032955274,39.3453792388394 8.42905689498421,39.3451650637391 8.42260154070054,39.3440385315238 8.42148189047348,39.3438374389039 8.4208526945133,39.3437350023642 8.42008618789374,39.3435985388425 8.41989515407183,39.3442776941723 8.41974991869281,39.3447803084792</coordinates>
            </LinearRing>
          </outerBoundaryIs>
        </Polygon>
      </Placemark>
      <Placemark xmlns="http://www.opengis.net/kml/2.2">
        <styleUrl>#Parti singole_style_map</styleUrl>
        <name>T01764</name>
        <Polygon>
          <outerBoundaryIs>
            <LinearRing>
              <coordinates>8.41037227683907,39.3419243240165 8.41283786659875,39.3436281681688 8.41392897040422,39.3443937023906 8.41976451301386,39.3447836340956 8.42011468768227,39.3436140619557 8.41036647187726,39.3419067240012 8.41037227683907,39.3419243240165</coordinates>
            </LinearRing>
          </outerBoundaryIs>
        </Polygon>
      </Placemark>
      <Placemark xmlns="http://www.opengis.net/kml/2.2">
        <styleUrl>#Parti singole_style_map</styleUrl>
        <name>T01758</name>
        <Polygon>
          <outerBoundaryIs>
            <LinearRing>
              <coordinates>8.42419067570218,39.3337824630356 8.43168569978173,39.3347236877231 8.43126851955694,39.3340232659659 8.4309628086671,39.3334952918112 8.43093324728498,39.3334735308185 8.4293501904879,39.3319014308511 8.42639853697228,39.3333615034126 8.4255624901591,39.3329547311007 8.42347661330346,39.3337036247579 8.42419067570218,39.3337824630356</coordinates>
            </LinearRing>
          </outerBoundaryIs>
        </Polygon>
      </Placemark>
      <Placemark xmlns="http://www.opengis.net/kml/2.2">
        <styleUrl>#Parti singole_style_map</styleUrl>
        <name>T01759</name>
        <Polygon>
          <outerBoundaryIs>
            <LinearRing>
              <coordinates>8.43192174913313,39.334755404643 8.43515133583635,39.3351616056817 8.43525496665256,39.3344822878559 8.4354974954921,39.332987961309 8.43568465242629,39.3318131507977 8.43568691632979,39.3317913381513 8.43496013023681,39.332369749403 8.4349515878394,39.332371257939 8.43494836302981,39.3323718274207 8.43495089838073,39.3323814764299 8.43494313962686,39.3323835361488 8.43494013944161,39.332373279656 8.43493655022593,39.3323739134893 8.43371072307135,39.332590379819 8.43337581173835,39.332745279985 8.4333278993403,39.3327673677921 8.43349984476733,39.3337542857295 8.43254044403981,39.3341887398411 8.43214918749534,39.334461968438 8.43192174913313,39.334755404643</coordinates>
            </LinearRing>
          </outerBoundaryIs>
        </Polygon>
      </Placemark>
      <Placemark xmlns="http://www.opengis.net/kml/2.2">
        <styleUrl>#Parti singole_style_map</styleUrl>
        <name>T01760</name>
        <Polygon>
          <outerBoundaryIs>
            <LinearRing>
              <coordinates>8.42027908379088,39.3332845188002 8.42116971352736,39.33339654032 8.4212630738713,39.3333875437479 8.42130380000918,39.3333734195506 8.42135984327046,39.33334504472 8.4216760914022,39.3330725662348 8.42139986060755,39.332958239565 8.42136685197845,39.3329468773951 8.42134623444454,39.3329397804588 8.42130857682307,39.332920973917 8.42127609411053,39.3330188056813 8.42112497843732,39.3330809475753 8.42086926167843,39.3331363512489 8.42077849880888,39.3331118411003 8.42055699293471,39.3329726057959 8.42047841633022,39.3329617620855 8.42038454855954,39.3329620152435 8.42029917558532,39.3329733035622 8.42027908379088,39.3332845188002</coordinates>
            </LinearRing>
          </outerBoundaryIs>
        </Polygon>
      </Placemark>
      <Placemark xmlns="http://www.opengis.net/kml/2.2">
        <styleUrl>#Parti singole_style_map</styleUrl>
        <name>T01720</name>
        <Polygon>
          <outerBoundaryIs>
            <LinearRing>
              <coordinates>8.42033625034252,39.3338785104349 8.42033381099096,39.3338648022066 8.42032257383445,39.3338626737761 8.42030865982225,39.3338755796629 8.42030860174759,39.3338826076211 8.42031517339526,39.3338876862922 8.42032816058762,39.3338886520698 8.42033625034252,39.3338785104349</coordinates>
            </LinearRing>
          </outerBoundaryIs>
        </Polygon>
      </Placemark>
      <Placemark xmlns="http://www.opengis.net/kml/2.2">
        <styleUrl>#Parti singole_style_map</styleUrl>
        <name>T01761</name>
        <Polygon>
          <outerBoundaryIs>
            <LinearRing>
              <coordinates>8.42116759839212,39.3334110187994 8.42299690164415,39.3336506698283 8.42291294975129,39.3336203292435 8.42174831669449,39.3331083224142 8.42168859441275,39.3330777409687 8.42136077652599,39.3333599078007 8.42125516026075,39.3333946407506 8.42116759839212,39.3334110187994</coordinates>
            </LinearRing>
          </outerBoundaryIs>
        </Polygon>
      </Placemark>
      <Placemark xmlns="http://www.opengis.net/kml/2.2">
        <styleUrl>#Parti singole_style_map</styleUrl>
        <name>T01762</name>
        <Polygon>
          <outerBoundaryIs>
            <LinearRing>
              <coordinates>8.42275576691319,39.3331183180535 8.42280320083302,39.3331928095875 8.42307472063047,39.3335238084718 8.42299690164415,39.3336506698283 8.42347661330346,39.3337036247579 8.4255624901591,39.3329547311007 8.42455951855722,39.3324682665598 8.42247450224828,39.3325042297996 8.42275576691319,39.3331183180535</coordinates>
            </LinearRing>
          </outerBoundaryIs>
        </Polygon>
      </Placemark>
      <Placemark xmlns="http://www.opengis.net/kml/2.2">
        <styleUrl>#Parti singole_style_map</styleUrl>
        <name>T02059</name>
        <Polygon>
          <outerBoundaryIs>
            <LinearRing>
              <coordinates>8.42606467522982,39.3312162130303 8.4262639678111,39.3313270891915 8.42629685210686,39.3313252960845 8.42638927960336,39.3313192913111 8.42639472555677,39.3313159121668 8.42639760187976,39.3313188818204 8.42640258257555,39.3313184828833 8.4264024234616,39.3313237532879 8.4264798869044,39.3314039509539 8.42648628904871,39.3314042438256 8.42648597966649,39.3314080267437 8.42660684827016,39.3315350410361 8.42706888402858,39.3318230701404 8.42710919788765,39.3318250798196 8.42711426207583,39.3317491005245 8.42737813332523,39.3317566981744 8.42737588204039,39.3318320876199 8.42787169415735,39.3317222104294 8.42779753991809,39.331113694603 8.42722977838212,39.330926003252 8.42671455370049,39.330747010979 8.42648117609363,39.3307324528333 8.42648819028736,39.3307444444561 8.42648818147207,39.3307682323456 8.42647808157938,39.3307874021181 8.42645210720778,39.3308054574031 8.42642067659579,39.3308082849288 8.42642025819238,39.3308112113044 8.42635364698184,39.3308143248748 8.42635440443345,39.3309586600872 8.4263497761661,39.330958529136 8.42634984637409,39.3309882553866 8.4264973475404,39.3309782691147 8.42649853214002,39.3310036757809 8.42670543763418,39.3309908193929 8.42683275532029,39.3309831030036 8.42683423993759,39.3310484910899 8.42683887009666,39.331223075874 8.42662039946612,39.3312355511102 8.42661956060247,39.331213263811 8.42643964372581,39.3312244419945 8.42643954162982,39.3312284151569 8.42637009816203,39.3312273789142 8.42637067028717,39.3311985568904 8.42624467846903,39.3312058287836 8.42624497366537,39.331223644156 8.42613689240135,39.3312228316772 8.42613718960188,39.3312120294582 8.42606467522982,39.3312162130303</coordinates>
            </LinearRing>
          </outerBoundaryIs>
          <innerBoundaryIs>
            <LinearRing>
              <coordinates>8.42738879821408,39.3315886853444 8.42747353821431,39.3316204953135 8.42741841182732,39.3317033285511 8.42733675178145,39.3316722815831 8.42738879821408,39.3315886853444</coordinates>
            </LinearRing>
          </innerBoundaryIs>
          <innerBoundaryIs>
            <LinearRing>
              <coordinates>8.42706176663854,39.3310749587309 8.42705538156838,39.331073999192 8.42709020195259,39.3309444994291 8.42713675865054,39.3309520362987 8.42714743233905,39.3309123071499 8.4272277842156,39.3309286695753 8.42718198888304,39.3310993026992 8.42720636796044,39.3311032612551 8.42721332028428,39.331078795721 8.42728310448445,39.3310906638555 8.42726586438049,39.3311516526864 8.42720057384713,39.3311421854626 8.4271670221122,39.3312783142782 8.4271067964446,39.3312694936734 8.42711006343936,39.3312544620946 8.42706168835201,39.331246510782 8.42709420956043,39.3311271996744 8.42704997144119,39.3311198814513 8.42706176663854,39.3310749587309</coordinates>
            </LinearRing>
          </innerBoundaryIs>
        </Polygon>
      </Placemark>
      <Placemark xmlns="http://www.opengis.net/kml/2.2">
        <styleUrl>#Parti singole_style_map</styleUrl>
        <name>T02060</name>
        <Polygon>
          <outerBoundaryIs>
            <LinearRing>
              <coordinates>8.42786907411718,39.3316750001267 8.42787603429386,39.3317306476574 8.42787967761272,39.3317320532059 8.42791579908419,39.3316861597657 8.42787537720266,39.3316675253152 8.42786907411718,39.3316750001267</coordinates>
            </LinearRing>
          </outerBoundaryIs>
        </Polygon>
      </Placemark>
      <Placemark xmlns="http://www.opengis.net/kml/2.2">
        <styleUrl>#Parti singole_style_map</styleUrl>
        <name>T02975</name>
        <Polygon>
          <outerBoundaryIs>
            <LinearRing>
              <coordinates>8.43269343156523,39.3327449281663 8.43276595341924,39.3327385329125 8.43274745089435,39.3326964623945 8.4326839093746,39.3327014417216 8.43269343156523,39.3327449281663</coordinates>
            </LinearRing>
          </outerBoundaryIs>
        </Polygon>
      </Placemark>
      <Placemark xmlns="http://www.opengis.net/kml/2.2">
        <styleUrl>#Parti singole_style_map</styleUrl>
        <name>T02976</name>
        <MultiGeometry>
          <Polygon>
            <outerBoundaryIs>
              <LinearRing>
                <coordinates>8.43244184104859,39.3324392874498 8.43244635753701,39.3324446437499 8.43252567668715,39.3324126196781 8.43271847061682,39.3323301851626 8.4327216991093,39.3323097288692 8.43256917947359,39.3323231045412 8.43238823524835,39.3323663735775 8.43225981513686,39.3324742342418 8.43243897080053,39.3324398321012 8.43244184104859,39.3324392874498</coordinates>
              </LinearRing>
            </outerBoundaryIs>
          </Polygon>
          <LineString>
            <coordinates>8.43243897080053,39.3324398321012 8.43239664092795,39.3324288038499 8.43242041828305,39.3323810286387 8.43246447183156,39.3323941197035 8.43244184104859,39.3324392874498</coordinates>
          </LineString>
        </MultiGeometry>
      </Placemark>
      <Placemark xmlns="http://www.opengis.net/kml/2.2">
        <styleUrl>#Parti singole_style_map</styleUrl>
        <name>T02061</name>
        <Polygon>
          <outerBoundaryIs>
            <LinearRing>
              <coordinates>8.43156809033868,39.3329640591012 8.43175301124706,39.3332265216913 8.43182266389628,39.3333253948113 8.43191287228682,39.3332911788994 8.43161552406514,39.3328693013642 8.43156809033868,39.3329640591012</coordinates>
            </LinearRing>
          </outerBoundaryIs>
        </Polygon>
      </Placemark>
      <Placemark xmlns="http://www.opengis.net/kml/2.2">
        <styleUrl>#Parti singole_style_map</styleUrl>
        <name>T01721</name>
        <Polygon>
          <outerBoundaryIs>
            <LinearRing>
              <coordinates>8.42022779077589,39.3334961918737 8.42027455803414,39.3335373329688 8.42025961550811,39.3335483415041 8.42027063979311,39.3335621826265 8.42029172930535,39.3335514750415 8.42032866270854,39.3335330072092 8.42035932071654,39.3335719054537 8.42037551022829,39.3335925302355 8.42044900587125,39.3335583859348 8.42043213211777,39.3335363160621 8.42041994077306,39.3335373365879 8.42032432964067,39.3334536024546 8.42025711417634,39.3334859758625 8.42022779077589,39.3334961918737</coordinates>
            </LinearRing>
          </outerBoundaryIs>
        </Polygon>
      </Placemark>
      <Placemark xmlns="http://www.opengis.net/kml/2.2">
        <styleUrl>#Parti singole_style_map</styleUrl>
        <name>T02063</name>
        <Polygon>
          <outerBoundaryIs>
            <LinearRing>
              <coordinates>8.4167571260683,39.3368927667603 8.41674028041435,39.3368673625964 8.41651841084729,39.3367993013511 8.41642993823739,39.3367920094923 8.41634336309534,39.3369750302843 8.41667738172126,39.3370637478888 8.4167571260683,39.3368927667603</coordinates>
            </LinearRing>
          </outerBoundaryIs>
          <innerBoundaryIs>
            <LinearRing>
              <coordinates>8.41645407730817,39.3369309834483 8.41646813670388,39.3368868120905 8.41661910743017,39.3369133395773 8.4166082086215,39.3369541928949 8.41654515130032,39.3369463978487 8.41653733228157,39.3369657313499 8.41648740792051,39.3369553890819 8.41648805267202,39.3369336768474 8.41645407730817,39.3369309834483</coordinates>
            </LinearRing>
          </innerBoundaryIs>
        </Polygon>
      </Placemark>
      <Placemark xmlns="http://www.opengis.net/kml/2.2">
        <styleUrl>#Parti singole_style_map</styleUrl>
        <name>T02064</name>
        <Polygon>
          <outerBoundaryIs>
            <LinearRing>
              <coordinates>8.41706181393092,39.3371319928883 8.41718318010485,39.3371326010527 8.41718785285095,39.3369193443185 8.41701058669544,39.3367059868038 8.41678384752097,39.3368189239766 8.41706181393092,39.3371319928883</coordinates>
            </LinearRing>
          </outerBoundaryIs>
          <innerBoundaryIs>
            <LinearRing>
              <coordinates>8.41701158138112,39.3369911762761 8.41694903162647,39.3369163208415 8.41693096752637,39.3369234464554 8.41690553062496,39.3368931334075 8.41692269542516,39.3368848033495 8.41690565234712,39.3368644072585 8.41696957809835,39.3368328208875 8.41707195823099,39.3369593258192 8.41701158138112,39.3369911762761</coordinates>
            </LinearRing>
          </innerBoundaryIs>
        </Polygon>
      </Placemark>
      <Placemark xmlns="http://www.opengis.net/kml/2.2">
        <styleUrl>#Parti singole_style_map</styleUrl>
        <name>T02065</name>
        <Polygon>
          <outerBoundaryIs>
            <LinearRing>
              <coordinates>8.4309628086671,39.3334952918112 8.43126851955694,39.3340232659659 8.43168569978173,39.3347236877231 8.43169449138559,39.3347384359369 8.43191107897852,39.3347691657454 8.43192174913313,39.334755404643 8.43214918749534,39.334461968438 8.43254044403981,39.3341887398411 8.43349984476733,39.3337542857295 8.4333278993403,39.3327673677921 8.43311245812558,39.3328515658346 8.43193278561997,39.333283625787 8.43242997372892,39.3339950411213 8.43245220741105,39.3339846793142 8.43247907681672,39.3340194470714 8.4322341332852,39.3341335871394 8.43221011741619,39.3340974906793 8.4323123995438,39.3340498283631 8.43180779985452,39.3333310327108 8.43145021791069,39.3334666607617 8.43148274438586,39.3336766400554 8.43114770870409,39.333684382102 8.4311305633998,39.3334922017469 8.4309628086671,39.3334952918112</coordinates>
            </LinearRing>
          </outerBoundaryIs>
          <innerBoundaryIs>
            <LinearRing>
              <coordinates>8.43251021241061,39.3340068935515 8.43248682056723,39.3339774180217 8.43252794634885,39.3339568209988 8.43255367639976,39.3339893664068 8.43251021241061,39.3340068935515</coordinates>
            </LinearRing>
          </innerBoundaryIs>
        </Polygon>
      </Placemark>
      <Placemark xmlns="http://www.opengis.net/kml/2.2">
        <styleUrl>#Parti singole_style_map</styleUrl>
        <name>T02977</name>
        <Polygon>
          <outerBoundaryIs>
            <LinearRing>
              <coordinates>8.43252567668715,39.3324126196781 8.43253880007959,39.3324340297635 8.4326986661354,39.3324792677413 8.43269645781627,39.332445305106 8.43287560305671,39.3324408624204 8.4328715131407,39.3324774614772 8.43288017959536,39.3325134289126 8.43304951301966,39.3324496485057 8.4332598982162,39.3323683710899 8.43325860318302,39.3323333496652 8.43271847061682,39.3323301851626 8.43252567668715,39.3324126196781</coordinates>
            </LinearRing>
          </outerBoundaryIs>
        </Polygon>
      </Placemark>
      <Placemark xmlns="http://www.opengis.net/kml/2.2">
        <styleUrl>#Parti singole_style_map</styleUrl>
        <name>T01722</name>
        <Polygon>
          <outerBoundaryIs>
            <LinearRing>
              <coordinates>8.42139986060755,39.332958239565 8.42141117588954,39.332938220285 8.42146082346827,39.3329551367863 8.42146598065153,39.3329460167015 8.42151944627802,39.3329642496898 8.42156874569899,39.3328770472107 8.4215234023494,39.3328615848419 8.42152966631943,39.3328505059526 8.42147596940157,39.3328321907234 8.42148902732309,39.3328090804641 8.42143125770214,39.3327893843623 8.42134623444454,39.3329397804588 8.42139986060755,39.332958239565</coordinates>
            </LinearRing>
          </outerBoundaryIs>
        </Polygon>
      </Placemark>
      <Placemark xmlns="http://www.opengis.net/kml/2.2">
        <styleUrl>#Parti singole_style_map</styleUrl>
        <name>T02066</name>
        <Polygon>
          <outerBoundaryIs>
            <LinearRing>
              <coordinates>8.42939204537993,39.3318566373375 8.429560284016,39.3318877380402 8.42956291009974,39.3318672788808 8.42945760114439,39.3318607163073 8.42939204537993,39.3318566373375</coordinates>
            </LinearRing>
          </outerBoundaryIs>
        </Polygon>
      </Placemark>
      <Placemark xmlns="http://www.opengis.net/kml/2.2">
        <styleUrl>#Parti singole_style_map</styleUrl>
        <name>T01723</name>
        <Polygon>
          <outerBoundaryIs>
            <LinearRing>
              <coordinates>8.43995412777509,39.3392042919614 8.43998035084695,39.3392045251453 8.44001751422353,39.3392050888919 8.44002148080981,39.3391427665751 8.44001355197433,39.339142728403 8.4399677584199,39.3391424178211 8.43995412777509,39.3392042919614</coordinates>
            </LinearRing>
          </outerBoundaryIs>
        </Polygon>
      </Placemark>
      <Placemark xmlns="http://www.opengis.net/kml/2.2">
        <styleUrl>#Parti singole_style_map</styleUrl>
        <name>T02067</name>
        <Polygon>
          <outerBoundaryIs>
            <LinearRing>
              <coordinates>8.42936345207714,39.3319114255673 8.42937484030367,39.3319120941526 8.42939204537993,39.3318566373375 8.42936757651297,39.3318551116552 8.42936345207714,39.3319114255673</coordinates>
            </LinearRing>
          </outerBoundaryIs>
        </Polygon>
      </Placemark>
      <Placemark xmlns="http://www.opengis.net/kml/2.2">
        <styleUrl>#Parti singole_style_map</styleUrl>
        <name>T02068</name>
        <Polygon>
          <outerBoundaryIs>
            <LinearRing>
              <coordinates>8.42708484560785,39.3312097084914 8.42712031451864,39.3312153435887 8.42713632481475,39.331154366745 8.42710301249184,39.3311489134749 8.42708484560785,39.3312097084914</coordinates>
            </LinearRing>
          </outerBoundaryIs>
        </Polygon>
      </Placemark>
      <Placemark xmlns="http://www.opengis.net/kml/2.2">
        <styleUrl>#Parti singole_style_map</styleUrl>
        <name>T02069</name>
        <Polygon>
          <outerBoundaryIs>
            <LinearRing>
              <coordinates>8.42705417007966,39.3311038906904 8.42706899358851,39.3311063781774 8.42707280948107,39.3310951697888 8.42709277234396,39.3310986020247 8.42708663083582,39.3311246483962 8.42714152786121,39.331133839235 8.42715100584378,39.3310941943046 8.42711276619599,39.3310882932747 8.42712044677674,39.3310485313674 8.42710899138378,39.331047582903 8.42713675865054,39.3309520362987 8.42709020195259,39.3309444994291 8.42705538156838,39.331073999192 8.42706176663854,39.3310749587309 8.42705417007966,39.3311038906904</coordinates>
            </LinearRing>
          </outerBoundaryIs>
        </Polygon>
      </Placemark>
      <Placemark xmlns="http://www.opengis.net/kml/2.2">
        <styleUrl>#Parti singole_style_map</styleUrl>
        <name>T02070</name>
        <Polygon>
          <outerBoundaryIs>
            <LinearRing>
              <coordinates>8.4321821049398,39.3311763853607 8.43221040036064,39.3311882011923 8.43222343477049,39.3311689551378 8.432194227623,39.331157972843 8.4321821049398,39.3311763853607</coordinates>
            </LinearRing>
          </outerBoundaryIs>
        </Polygon>
      </Placemark>
      <Placemark xmlns="http://www.opengis.net/kml/2.2">
        <styleUrl>#Parti singole_style_map</styleUrl>
        <name>T02071</name>
        <Polygon>
          <outerBoundaryIs>
            <LinearRing>
              <coordinates>8.42704997144119,39.3311198814513 8.42709420956043,39.3311271996744 8.42706168835201,39.331246510782 8.42710980909747,39.331254420289 8.42712031451864,39.3312153435887 8.42708484560785,39.3312097084914 8.42710301249184,39.3311489134749 8.42713632481475,39.331154366745 8.42713632481475,39.331154366745 8.42714152786121,39.331133839235 8.42714152786121,39.331133839235 8.42708663083582,39.3311246483962 8.42709277234396,39.3310986020247 8.42707280948107,39.3310951697888 8.42706899358851,39.3311063781774 8.42705417007966,39.3311038906904 8.42704997144119,39.3311198814513</coordinates>
            </LinearRing>
          </outerBoundaryIs>
        </Polygon>
      </Placemark>
      <Placemark xmlns="http://www.opengis.net/kml/2.2">
        <styleUrl>#Parti singole_style_map</styleUrl>
        <name>T02072</name>
        <Polygon>
          <outerBoundaryIs>
            <LinearRing>
              <coordinates>8.43363044782138,39.3314474022712 8.43365217712426,39.3314404708038 8.43364951212265,39.3314357182624 8.43363044782138,39.3314474022712</coordinates>
            </LinearRing>
          </outerBoundaryIs>
        </Polygon>
      </Placemark>
      <Placemark xmlns="http://www.opengis.net/kml/2.2">
        <styleUrl>#Parti singole_style_map</styleUrl>
        <name>T02074</name>
        <Polygon>
          <outerBoundaryIs>
            <LinearRing>
              <coordinates>8.44039296877649,39.3376964766878 8.44056425247289,39.3371561254989 8.44078589459874,39.3366881908325 8.4405519500244,39.3370401002252 8.44042079172463,39.3371469654848 8.44030194260264,39.3372215377254 8.44028624968147,39.3374492778208 8.44039296877649,39.3376964766878</coordinates>
            </LinearRing>
          </outerBoundaryIs>
        </Polygon>
      </Placemark>
      <Placemark xmlns="http://www.opengis.net/kml/2.2">
        <styleUrl>#Parti singole_style_map</styleUrl>
        <name>T01724</name>
        <Polygon>
          <outerBoundaryIs>
            <LinearRing>
              <coordinates>8.43205739505665,39.3325718218416 8.43209476872641,39.3325845200081 8.43212997752613,39.3325177883449 8.43209357080734,39.3325060410214 8.43205739505665,39.3325718218416</coordinates>
            </LinearRing>
          </outerBoundaryIs>
        </Polygon>
      </Placemark>
      <Placemark xmlns="http://www.opengis.net/kml/2.2">
        <styleUrl>#Parti singole_style_map</styleUrl>
        <name>T02075</name>
        <Polygon>
          <outerBoundaryIs>
            <LinearRing>
              <coordinates>8.4405146650682,39.3320956989837 8.44080331417831,39.3320155141712 8.44061450271114,39.3320305010037 8.44054186513318,39.3320705010596 8.4405146650682,39.3320956989837</coordinates>
            </LinearRing>
          </outerBoundaryIs>
        </Polygon>
      </Placemark>
      <Placemark xmlns="http://www.opengis.net/kml/2.2">
        <styleUrl>#Parti singole_style_map</styleUrl>
        <name>T02076</name>
        <Polygon>
          <outerBoundaryIs>
            <LinearRing>
              <coordinates>8.43995588502703,39.3413219946745 8.44003053868799,39.3407859102631 8.43981868326752,39.3407541042645 8.43980224458539,39.3405785456056 8.43997133464205,39.3402561081572 8.43996531967495,39.3397681230207 8.43993691989554,39.3396009728773 8.43994414036934,39.339565603881 8.43980562465387,39.3395349206141 8.43984592059732,39.3394535320941 8.43981917295385,39.3394518639851 8.4397865353778,39.3395671538502 8.43978199308284,39.3396394787921 8.43977343851188,39.3398418547496 8.43973964486082,39.3401018326529 8.43971707788876,39.3401971601717 8.43967136577195,39.3404601592147 8.43963726285319,39.3406347047669 8.43958093675613,39.3408614792168 8.43953962487268,39.3410698544533 8.43952116418578,39.3412714129608 8.43954229352258,39.3414800890502 8.43954096411126,39.3415224132161 8.43995588502703,39.3413219946745</coordinates>
            </LinearRing>
          </outerBoundaryIs>
        </Polygon>
      </Placemark>
      <Placemark xmlns="http://www.opengis.net/kml/2.2">
        <styleUrl>#Parti singole_style_map</styleUrl>
        <name>T02077</name>
        <Polygon>
          <outerBoundaryIs>
            <LinearRing>
              <coordinates>8.43995588502703,39.3413219946745 8.44095390166423,39.3408365307412 8.4409092668565,39.3407162512875 8.44081782496916,39.3402509449727 8.44086434164575,39.3393891639372 8.44094921423687,39.3391863850641 8.44066599090108,39.3396529688667 8.44019380851201,39.340695877844 8.4400664773529,39.3407537581079 8.44003530907769,39.3407470660622 8.44003053868799,39.3407859102631 8.43995588502703,39.3413219946745</coordinates>
            </LinearRing>
          </outerBoundaryIs>
        </Polygon>
      </Placemark>
      <Placemark xmlns="http://www.opengis.net/kml/2.2">
        <styleUrl>#Parti singole_style_map</styleUrl>
        <name>T02078</name>
        <Polygon>
          <outerBoundaryIs>
            <LinearRing>
              <coordinates>8.43998123767573,39.3394503354433 8.43998060298656,39.339405692859 8.44001916222648,39.3392935100326 8.4400043324973,39.3392888207541 8.44002869050116,39.339217360845 8.44011241525787,39.3389305605936 8.44012746519487,39.3388622427915 8.44014216104886,39.338862338176 8.44020869374528,39.3387222859302 8.44022793922223,39.3386704273687 8.44039296877649,39.3376964766878 8.44028624968147,39.3374492778208 8.44030194260264,39.3372215377254 8.44024415302676,39.3372597420043 8.4401652844978,39.3372070264175 8.43996153695911,39.3369058831339 8.43985899077712,39.3365913732197 8.43983914482515,39.3365943562372 8.43983740853283,39.336563561979 8.43979944062321,39.3366018614975 8.43978563291995,39.3370897514334 8.43990083448552,39.3373088860597 8.44006127400664,39.3378207043098 8.44007113956988,39.3380747353902 8.44001355197433,39.339142728403 8.44002148080981,39.3391427665751 8.44001751422353,39.3392050888919 8.43998035084695,39.3392045251453 8.43984398755307,39.3394473656086 8.43998123767573,39.3394503354433</coordinates>
            </LinearRing>
          </outerBoundaryIs>
        </Polygon>
      </Placemark>
      <Placemark xmlns="http://www.opengis.net/kml/2.2">
        <styleUrl>#Parti singole_style_map</styleUrl>
        <name>T02079</name>
        <Polygon>
          <outerBoundaryIs>
            <LinearRing>
              <coordinates>8.43994414036934,39.339565603881 8.43998223666789,39.339573483778 8.43998317073215,39.3394565019266 8.43984592059732,39.3394535320941 8.43980562465387,39.3395349206141 8.43994414036934,39.339565603881</coordinates>
            </LinearRing>
          </outerBoundaryIs>
        </Polygon>
      </Placemark>
      <Placemark xmlns="http://www.opengis.net/kml/2.2">
        <styleUrl>#Parti singole_style_map</styleUrl>
        <name>T01725</name>
        <Polygon>
          <outerBoundaryIs>
            <LinearRing>
              <coordinates>8.43332890460472,39.3327669749165 8.43371072307135,39.332590379819 8.43366099488365,39.3325256219626 8.43328158814118,39.3326981378462 8.43332890460472,39.3327669749165</coordinates>
            </LinearRing>
          </outerBoundaryIs>
        </Polygon>
      </Placemark>
      <Placemark xmlns="http://www.opengis.net/kml/2.2">
        <styleUrl>#Parti singole_style_map</styleUrl>
        <name>T02081</name>
        <Polygon>
          <outerBoundaryIs>
            <LinearRing>
              <coordinates>8.43395546197604,39.3312855053081 8.43396573612494,39.3313264633462 8.43403906373894,39.3313134754686 8.4340737256529,39.331368887988 8.43409927490815,39.3313659216564 8.43411741200232,39.3313483491498 8.43411754096374,39.3313064685913 8.43409961265966,39.3312679512398 8.43405117394489,39.3312217616096 8.43402259034402,39.3312125488809 8.43400010534419,39.3312053030949 8.43395050970239,39.3311961052443 8.43396233247565,39.3312478835179 8.43385377738857,39.3313115195827 8.43395546197604,39.3312855053081</coordinates>
            </LinearRing>
          </outerBoundaryIs>
        </Polygon>
      </Placemark>
      <Placemark xmlns="http://www.opengis.net/kml/2.2">
        <styleUrl>#Parti singole_style_map</styleUrl>
        <name>T02083</name>
        <Polygon>
          <outerBoundaryIs>
            <LinearRing>
              <coordinates>8.42378098505246,39.3318084515609 8.42393046808136,39.3319445218164 8.42391311833125,39.3319563118354 8.42395394041508,39.3319925112573 8.42398900179667,39.3319686626791 8.42397398693241,39.3319405474086 8.42409837422716,39.331894299284 8.42414188278675,39.3318647166991 8.42409158092662,39.3318200995818 8.42406636415356,39.3318347881232 8.42392485271215,39.3317127599569 8.42378098505246,39.3318084515609</coordinates>
            </LinearRing>
          </outerBoundaryIs>
        </Polygon>
      </Placemark>
      <Placemark xmlns="http://www.opengis.net/kml/2.2">
        <styleUrl>#Parti singole_style_map</styleUrl>
        <name>T02084</name>
        <Polygon>
          <outerBoundaryIs>
            <LinearRing>
              <coordinates>8.42601657255491,39.3311437829182 8.42605008353899,39.3311405422696 8.4260495486235,39.3310243932539 8.42602652225582,39.331023865151 8.42601657255491,39.3311437829182</coordinates>
            </LinearRing>
          </outerBoundaryIs>
        </Polygon>
      </Placemark>
      <Placemark xmlns="http://www.opengis.net/kml/2.2">
        <styleUrl>#Parti singole_style_map</styleUrl>
        <name>T02085</name>
        <Polygon>
          <outerBoundaryIs>
            <LinearRing>
              <coordinates>8.42613689240135,39.3312228316772 8.42624497366537,39.331223644156 8.42624467846903,39.3312058287836 8.42613718960188,39.3312120294582 8.42613689240135,39.3312228316772</coordinates>
            </LinearRing>
          </outerBoundaryIs>
        </Polygon>
      </Placemark>
      <Placemark xmlns="http://www.opengis.net/kml/2.2">
        <styleUrl>#Parti singole_style_map</styleUrl>
        <name>T02086</name>
        <Polygon>
          <outerBoundaryIs>
            <LinearRing>
              <coordinates>8.42637067028717,39.3311985568904 8.42637009816203,39.3312273789142 8.42640116226847,39.3312268292722 8.42640051400625,39.3311968478762 8.42637067028717,39.3311985568904</coordinates>
            </LinearRing>
          </outerBoundaryIs>
        </Polygon>
      </Placemark>
      <Placemark xmlns="http://www.opengis.net/kml/2.2">
        <styleUrl>#Parti singole_style_map</styleUrl>
        <name>T02087</name>
        <Polygon>
          <outerBoundaryIs>
            <LinearRing>
              <coordinates>8.42640116226847,39.3312268292722 8.42643954162982,39.3312284151569 8.42643964372581,39.3312244419945 8.42640116226847,39.3312268292722 8.42640116226847,39.3312268292722</coordinates>
            </LinearRing>
          </outerBoundaryIs>
        </Polygon>
      </Placemark>
      <Placemark xmlns="http://www.opengis.net/kml/2.2">
        <styleUrl>#Parti singole_style_map</styleUrl>
        <name>T02088</name>
        <Polygon>
          <outerBoundaryIs>
            <LinearRing>
              <coordinates>8.42134623444454,39.3329397804588 8.42143125770214,39.3327893843623 8.42148902732309,39.3328090804641 8.42147596940157,39.3328321907234 8.42152966631943,39.3328505059526 8.4215234023494,39.3328615848419 8.42156874569899,39.3328770472107 8.42151944627802,39.3329642496898 8.42146598065153,39.3329460167015 8.42146082346827,39.3329551367863 8.42141117588954,39.332938220285 8.42139986060755,39.332958239565 8.42168859441275,39.3330777409687 8.4224428376093,39.3324437647951 8.42264601338642,39.3320444424761 8.42283050704432,39.3316944591064 8.42285665791318,39.3316156111404 8.4225506031161,39.3318037198507 8.42234352714982,39.3319482215462 8.42213089753019,39.3321470741118 8.42205836355487,39.3322436315228 8.42197455978341,39.33228005937 8.42160412911448,39.3323808395196 8.42149764774874,39.3324475108915 8.42141734799676,39.3327103735208 8.42128611340011,39.3329097554787 8.42134623444454,39.3329397804588</coordinates>
            </LinearRing>
          </outerBoundaryIs>
          <innerBoundaryIs>
            <LinearRing>
              <coordinates>8.42181769832133,39.3326060393487 8.42190119624956,39.332694082199 8.42184784877053,39.3327276968282 8.42176394486918,39.3326396429115 8.42181769832133,39.3326060393487</coordinates>
            </LinearRing>
          </innerBoundaryIs>
        </Polygon>
      </Placemark>
      <Placemark xmlns="http://www.opengis.net/kml/2.2">
        <styleUrl>#Parti singole_style_map</styleUrl>
        <name>T02089</name>
        <Polygon>
          <outerBoundaryIs>
            <LinearRing>
              <coordinates>8.42530908531682,39.3307595927628 8.42532825028704,39.3307711759343 8.4254322488592,39.3307618230831 8.42558932733968,39.3307582197043 8.42591400825933,39.3306970458189 8.42615521848173,39.3307114455085 8.42638549427267,39.3307264755833 8.4263861286546,39.3307255145795 8.42641691074282,39.3307126010253 8.4264501344054,39.3307118367537 8.42647718317422,39.3307255670842 8.42648117609363,39.3307324528333 8.42671455370049,39.330747010979 8.42746835453653,39.3309661665234 8.42778739337624,39.3310347750793 8.42776523026521,39.3309739257293 8.42760709467186,39.3309506212481 8.42723779672728,39.3308448574015 8.42666308304035,39.3306848816438 8.42620368551638,39.3306541880787 8.42580048414571,39.3306638942259 8.42551821917268,39.3306913254125 8.4252175031429,39.330702148351 8.42530908531682,39.3307595927628</coordinates>
            </LinearRing>
          </outerBoundaryIs>
        </Polygon>
      </Placemark>
      <Placemark xmlns="http://www.opengis.net/kml/2.2">
        <styleUrl>#Parti singole_style_map</styleUrl>
        <name>T01727</name>
        <Polygon>
          <outerBoundaryIs>
            <LinearRing>
              <coordinates>8.43260404814609,39.3327588550679 8.43264252289804,39.3327573757774 8.43264209823463,39.3327266746616 8.43259710906055,39.3327288159904 8.43260404814609,39.3327588550679</coordinates>
            </LinearRing>
          </outerBoundaryIs>
        </Polygon>
      </Placemark>
      <Placemark xmlns="http://www.opengis.net/kml/2.2">
        <styleUrl>#Parti singole_style_map</styleUrl>
        <name>T02091</name>
        <Polygon>
          <outerBoundaryIs>
            <LinearRing>
              <coordinates>8.42606467522982,39.3312162130303 8.4262639678111,39.3313270891915 8.42629685210686,39.3313252960845 8.42638927960336,39.3313192913111 8.42639472555677,39.3313159121668 8.42639760187976,39.3313188818204 8.42640258257555,39.3313184828833 8.4264024234616,39.3313237532879 8.4264798869044,39.3314039509539 8.42648628904871,39.3314042438256 8.42648597966649,39.3314080267437 8.42660684827016,39.3315350410361 8.42706888402858,39.3318230701404 8.42710919788765,39.3318250798196 8.42711426207583,39.3317491005245 8.42737813332523,39.3317566981744 8.42737588204039,39.3318320876199 8.42787169415735,39.3317222104294 8.42779753991809,39.331113694603 8.42722977838212,39.330926003252 8.42671455370049,39.330747010979 8.42648117609363,39.3307324528333 8.42648819028736,39.3307444444561 8.42648818147207,39.3307682323456 8.42647808157938,39.3307874021181 8.42645210720778,39.3308054574031 8.42642067659579,39.3308082849288 8.42642025819238,39.3308112113044 8.42635364698184,39.3308143248748 8.42635440443345,39.3309586600872 8.4263497761661,39.330958529136 8.42634984637409,39.3309882553866 8.4264973475404,39.3309782691147 8.42649853214002,39.3310036757809 8.42670543763418,39.3309908193929 8.42683275532029,39.3309831030036 8.42683423993759,39.3310484910899 8.42683887009666,39.331223075874 8.42662039946612,39.3312355511102 8.42661956060247,39.331213263811 8.42643964372581,39.3312244419945 8.42643954162982,39.3312284151569 8.42637009816203,39.3312273789142 8.42637067028717,39.3311985568904 8.42624467846903,39.3312058287836 8.42624497366537,39.331223644156 8.42613689240135,39.3312228316772 8.42613718960188,39.3312120294582 8.42606467522982,39.3312162130303</coordinates>
            </LinearRing>
          </outerBoundaryIs>
          <innerBoundaryIs>
            <LinearRing>
              <coordinates>8.42738879821408,39.3315886853444 8.42747353821431,39.3316204953135 8.42741841182732,39.3317033285511 8.42733675178145,39.3316722815831 8.42738879821408,39.3315886853444</coordinates>
            </LinearRing>
          </innerBoundaryIs>
          <innerBoundaryIs>
            <LinearRing>
              <coordinates>8.42706176663854,39.3310749587309 8.42705538156838,39.331073999192 8.42709020195259,39.3309444994291 8.42713675865054,39.3309520362987 8.42714743233905,39.3309123071499 8.4272277842156,39.3309286695753 8.42718198888304,39.3310993026992 8.42720636796044,39.3311032612551 8.42721332028428,39.331078795721 8.42728310448445,39.3310906638555 8.42726586438049,39.3311516526864 8.42720057384713,39.3311421854626 8.4271670221122,39.3312783142782 8.4271067964446,39.3312694936734 8.42711006343936,39.3312544620946 8.42706168835201,39.331246510782 8.42709420956043,39.3311271996744 8.42704997144119,39.3311198814513 8.42706176663854,39.3310749587309</coordinates>
            </LinearRing>
          </innerBoundaryIs>
        </Polygon>
      </Placemark>
      <Placemark xmlns="http://www.opengis.net/kml/2.2">
        <styleUrl>#Parti singole_style_map</styleUrl>
        <name>T02092</name>
        <Polygon>
          <outerBoundaryIs>
            <LinearRing>
              <coordinates>8.42532825028704,39.3307711759343 8.42597038475943,39.3311592244 8.42596927874338,39.3311483431721 8.42601657255491,39.3311437829182 8.42602652225582,39.331023865151 8.4260495486235,39.3310243932539 8.42604796063145,39.3307462288042 8.42619612288578,39.3307376338037 8.4261963222866,39.3307387881416 8.42635256502833,39.3307309626582 8.42635258402504,39.3307399913537 8.42637750424098,39.3307387626571 8.42638549427267,39.3307264755833 8.42615521848173,39.3307114455085 8.42591400825933,39.3306970458189 8.42558932733968,39.3307582197043 8.4254322488592,39.3307618230831 8.42532825028704,39.3307711759343</coordinates>
            </LinearRing>
          </outerBoundaryIs>
        </Polygon>
      </Placemark>
      <Placemark xmlns="http://www.opengis.net/kml/2.2">
        <styleUrl>#Parti singole_style_map</styleUrl>
        <name>T02094</name>
        <Polygon>
          <outerBoundaryIs>
            <LinearRing>
              <coordinates>8.43169005281993,39.3321310863234 8.43171713597549,39.3321622510772 8.43175515824845,39.3321435416392 8.43173429833007,39.332108983276 8.43170039766097,39.3321259287489 8.43169005281993,39.3321310863234</coordinates>
            </LinearRing>
          </outerBoundaryIs>
        </Polygon>
      </Placemark>
      <Placemark xmlns="http://www.opengis.net/kml/2.2">
        <styleUrl>#Parti singole_style_map</styleUrl>
        <name>T02095</name>
        <Polygon>
          <outerBoundaryIs>
            <LinearRing>
              <coordinates>8.42786907411718,39.3316750001267 8.42787537720266,39.3316675253152 8.42791579908419,39.3316861597657 8.42787967761272,39.3317320532059 8.42894011239703,39.3318614027526 8.42936345207714,39.3319114255673 8.42936757651297,39.3318551116552 8.42939204537993,39.3318566373375 8.42945760114439,39.3318607163073 8.42984720676369,39.3316616275912 8.43027270754425,39.3318097919215 8.43050646772749,39.331893536591 8.4307202465726,39.3319689923873 8.43071969121541,39.3319502116205 8.43076382243904,39.3319507970234 8.43076375405433,39.3319563652273 8.43082440597487,39.3319556798649 8.4308243947706,39.3319885233746 8.43076876156543,39.3319884133337 8.43084360878626,39.3320156671503 8.43088787222248,39.3319985293422 8.43156809033868,39.3329640591012 8.43161552406514,39.3328693013642 8.43097672259048,39.3319629847657 8.43096841877089,39.3319711257518 8.43093144206218,39.3319481751254 8.43102084089363,39.3318592995729 8.43107257265724,39.3318053990135 8.43104108592218,39.3317593180805 8.43090024020225,39.3317954643412 8.43083117122106,39.3316466500598 8.43088491125066,39.3316326672702 8.43079573493386,39.3314824840943 8.43060960628538,39.3315442417485 8.43037995892649,39.3315856924107 8.43029067111285,39.3315865436568 8.43007807969553,39.3315465044699 8.42992423892086,39.3316240886144 8.42945575866519,39.3315822262817 8.4290908485465,39.3315495926709 8.42903750070819,39.3315367340381 8.42898955938298,39.3315210545774 8.42886463737762,39.3314766859111 8.42855118817451,39.3313738495392 8.42780069928848,39.3311289109934 8.42786907411718,39.3316750001267</coordinates>
            </LinearRing>
          </outerBoundaryIs>
          <innerBoundaryIs>
            <LinearRing>
              <coordinates>8.42925859859444,39.3317133812146 8.42932594237763,39.3317258488707 8.42930850584999,39.3317826561288 8.42924072517041,39.3317696907369 8.42925859859444,39.3317133812146</coordinates>
            </LinearRing>
          </innerBoundaryIs>
          <innerBoundaryIs>
            <LinearRing>
              <coordinates>8.42868619853226,39.3316539668459 8.42936433298545,39.3318259465177 8.42935169675617,39.331863170308 8.42867079968825,39.3316941504854 8.42868619853226,39.3316539668459</coordinates>
            </LinearRing>
          </innerBoundaryIs>
        </Polygon>
      </Placemark>
      <Placemark xmlns="http://www.opengis.net/kml/2.2">
        <styleUrl>#Parti singole_style_map</styleUrl>
        <name>T01729</name>
        <Polygon>
          <outerBoundaryIs>
            <LinearRing>
              <coordinates>8.4326986661354,39.3324792677413 8.4328715131407,39.3324774614772 8.43287560305671,39.3324408624204 8.43269645781627,39.332445305106 8.4326986661354,39.3324792677413</coordinates>
            </LinearRing>
          </outerBoundaryIs>
        </Polygon>
      </Placemark>
      <Placemark xmlns="http://www.opengis.net/kml/2.2">
        <styleUrl>#Parti singole_style_map</styleUrl>
        <name>T02096</name>
        <Polygon>
          <outerBoundaryIs>
            <LinearRing>
              <coordinates>8.42956291009974,39.3318672788808 8.429560284016,39.3318877380402 8.42957536782508,39.3318905241939 8.42957276157073,39.331907117912 8.42963687983337,39.3319181909522 8.42963424494537,39.3319268912633 8.42982461614858,39.331937231602 8.4297433496667,39.3319204069446 8.42975278770428,39.3318926465635 8.42959419207166,39.3318984737286 8.42959406002111,39.3318590608046 8.42976652908124,39.3318521843382 8.42977159282622,39.331837287641 8.42983075804529,39.3318496338174 8.42997161154834,39.3318440257469 8.42997210007523,39.3318467313148 8.4300069695058,39.3318448207399 8.43000996815017,39.3318870229694 8.4300595312421,39.3318973666822 8.43006164171524,39.3318889431198 8.43011388584059,39.331899182808 8.43009421869088,39.3319635661636 8.4301385204815,39.3319745778803 8.43016631767895,39.3318963129983 8.43070412414967,39.3320055414914 8.43073417925643,39.3320106984634 8.43072097957495,39.3319944778951 8.4307202465726,39.3319689923873 8.43050646772749,39.331893536591 8.43027270754425,39.3318097919215 8.42984720676369,39.3316616275912 8.42945760114439,39.3318607163073 8.42956291009974,39.3318672788808</coordinates>
            </LinearRing>
          </outerBoundaryIs>
          <innerBoundaryIs>
            <LinearRing>
              <coordinates>8.43004308195176,39.3317927253845 8.43005744794538,39.3317695513204 8.43009988005393,39.3317819931389 8.43008314127237,39.3318063789751 8.43004308195176,39.3317927253845</coordinates>
            </LinearRing>
          </innerBoundaryIs>
        </Polygon>
      </Placemark>
      <Placemark xmlns="http://www.opengis.net/kml/2.2">
        <styleUrl>#Parti singole_style_map</styleUrl>
        <name>T02097</name>
        <Polygon>
          <outerBoundaryIs>
            <LinearRing>
              <coordinates>8.42959419207166,39.3318984737286 8.42975278770428,39.3318926465635 8.42976652908124,39.3318521843382 8.42959406002111,39.3318590608046 8.42959419207166,39.3318984737286</coordinates>
            </LinearRing>
          </outerBoundaryIs>
        </Polygon>
      </Placemark>
      <Placemark xmlns="http://www.opengis.net/kml/2.2">
        <styleUrl>#Parti singole_style_map</styleUrl>
        <name>T02098</name>
        <Polygon>
          <outerBoundaryIs>
            <LinearRing>
              <coordinates>8.42983075804529,39.3318496338174 8.43000996815017,39.3318870229694 8.4300069695058,39.3318448207399 8.42997210007523,39.3318467313148 8.42997161154834,39.3318440257469 8.42983075804529,39.3318496338174</coordinates>
            </LinearRing>
          </outerBoundaryIs>
        </Polygon>
      </Placemark>
      <Placemark xmlns="http://www.opengis.net/kml/2.2">
        <styleUrl>#Parti singole_style_map</styleUrl>
        <name>T02099</name>
        <Polygon>
          <outerBoundaryIs>
            <LinearRing>
              <coordinates>8.42936345207714,39.3319114255673 8.43002467485435,39.3325617351409 8.43075590243337,39.3332829273367 8.43114284441535,39.3332711962843 8.43143818586622,39.3330572153347 8.4307496215182,39.3320350935901 8.43073753938185,39.3320398641337 8.43071649044322,39.3320358144877 8.43071040594742,39.332047840866 8.43065488686395,39.3320365221675 8.43064234957892,39.3320730707889 8.43053553658845,39.3320516343714 8.4305251260993,39.3320748757547 8.4301285010466,39.3319953702662 8.43011870599726,39.3320156771791 8.43007612333794,39.3320015652277 8.43007347089513,39.3320052916226 8.43006927566893,39.3320032617086 8.43006526651669,39.332009747704 8.43003095167509,39.332001938598 8.43003550473751,39.3319899137622 8.43002554343554,39.3319878375722 8.43002762050027,39.3319792426459 8.42982461614858,39.331937231602 8.42963424494537,39.3319268912633 8.42962806843189,39.3319473600469 8.42949774929642,39.3319244918715 8.42949497081808,39.3319322994277 8.42937484030367,39.3319120941526 8.42936345207714,39.3319114255673</coordinates>
            </LinearRing>
          </outerBoundaryIs>
        </Polygon>
      </Placemark>
      <Placemark xmlns="http://www.opengis.net/kml/2.2">
        <styleUrl>#Parti singole_style_map</styleUrl>
        <name>T01730</name>
        <Polygon>
          <outerBoundaryIs>
            <LinearRing>
              <coordinates>8.43318641043409,39.3325733551314 8.43319558448084,39.3326010893466 8.43347091887984,39.3325474210611 8.43340132277161,39.3323453081592 8.43314366634559,39.3324441243442 8.43318641043409,39.3325733551314</coordinates>
            </LinearRing>
          </outerBoundaryIs>
          <innerBoundaryIs>
            <LinearRing>
              <coordinates>8.43326018651462,39.332459072995 8.43333347358567,39.3324440850212 8.43334439963587,39.3324804418749 8.4332730300576,39.3324936100498 8.43326018651462,39.332459072995</coordinates>
            </LinearRing>
          </innerBoundaryIs>
        </Polygon>
      </Placemark>
      <Placemark xmlns="http://www.opengis.net/kml/2.2">
        <styleUrl>#Parti singole_style_map</styleUrl>
        <name>T02100</name>
        <Polygon>
          <outerBoundaryIs>
            <LinearRing>
              <coordinates>8.43073417925643,39.3320106984634 8.43076592600313,39.3320161430337 8.43076062115128,39.3320307502558 8.4307496215182,39.3320350935901 8.43143818586622,39.3330572153347 8.43156809033868,39.3329640591012 8.43088787222248,39.3319985293422 8.43084360878626,39.3320156671503 8.43076876156543,39.3319884133337 8.43076901131296,39.3319948120677 8.43072097957495,39.3319944778951 8.43073417925643,39.3320106984634</coordinates>
            </LinearRing>
          </outerBoundaryIs>
        </Polygon>
      </Placemark>
      <Placemark xmlns="http://www.opengis.net/kml/2.2">
        <styleUrl>#Parti singole_style_map</styleUrl>
        <name>T02978</name>
        <Polygon>
          <outerBoundaryIs>
            <LinearRing>
              <coordinates>8.43256887012717,39.3307589922594 8.43253968300419,39.3307469829421 8.43247632936514,39.3308379600773 8.43293877719501,39.3310228869112 8.4327771063622,39.331298849687 8.432818249344,39.3313130978017 8.43283542791523,39.3312835277373 8.43281623789867,39.3312763067991 8.43297420690624,39.3310075794413 8.43252453717559,39.3308207327575 8.43256887012717,39.3307589922594</coordinates>
            </LinearRing>
          </outerBoundaryIs>
        </Polygon>
      </Placemark>
      <Placemark xmlns="http://www.opengis.net/kml/2.2">
        <styleUrl>#Parti singole_style_map</styleUrl>
        <name>T02979</name>
        <Polygon>
          <outerBoundaryIs>
            <LinearRing>
              <coordinates>8.42780069928848,39.3311289109934 8.42855118817451,39.3313738495392 8.42886463737762,39.3314766859111 8.42898955938298,39.3315210545774 8.42903750070819,39.3315367340381 8.4290908485465,39.3315495926709 8.42945575866519,39.3315822262817 8.42992423892086,39.3316240886144 8.43007807969553,39.3315465044699 8.43029067111285,39.3315865436568 8.43037995892649,39.3315856924107 8.43060960628538,39.3315442417485 8.43079573493386,39.3314824840943 8.43088491125066,39.3316326672702 8.43105811851894,39.3315876146689 8.43112711742281,39.3317379692847 8.4311169738654,39.3317411995288 8.43114180392958,39.3318012052775 8.43097672259048,39.3319629847657 8.43161552406514,39.3328693013642 8.43203355165302,39.3320644908657 8.43197261992321,39.3320896932807 8.43194748735585,39.3320540508424 8.43195135580587,39.3320520243319 8.43191910819833,39.3320124185284 8.4319692162552,39.3319913261749 8.43199849644415,39.3320277187188 8.43200547701833,39.3320253650009 8.43203192254023,39.332062212245 8.43271285932023,39.3316366043896 8.43269252675884,39.3315999222691 8.43278547962849,39.3315705325198 8.43279466632786,39.3316052770646 8.43275542753703,39.3316152316385 8.43275970565662,39.3316242360501 8.43271904537625,39.3316363642405 8.43309071966505,39.3316218941062 8.43334819835916,39.331610795163 8.43356837149787,39.331483737033 8.4335604322611,39.3314697590027 8.43363044782138,39.3314474022712 8.43364951212265,39.3314357182624 8.43363418456059,39.3314085037621 8.43369205637987,39.3313899534052 8.43370014056866,39.3314046619895 8.43372806656123,39.3313875426755 8.43371406760094,39.3313581540924 8.43374299888971,39.3313530417639 8.43373982917305,39.3313432588629 8.43380064876129,39.3313274800393 8.43382409513248,39.3313191152043 8.43385377738857,39.3313115195827 8.43396233247565,39.3312478835179 8.43395050970239,39.3311961052443 8.43400010534419,39.3312053030949 8.43402259034402,39.3312125488809 8.43416739993597,39.3311276618515 8.43411054670711,39.331116347321 8.43356797005467,39.331179943307 8.43350157569127,39.3311705643464 8.43336694508742,39.3311385247521 8.43332514338466,39.3311024049389 8.43323389193376,39.3310246946221 8.43309489983488,39.3308777124941 8.4329611572356,39.330816284238 8.43263524629475,39.3307031260341 8.43240448110107,39.3306365654005 8.43228796033514,39.3306751387541 8.4320977794601,39.3307061619527 8.43186003757294,39.3306974321403 8.43149543595536,39.3308247454134 8.43137602912465,39.3309372986447 8.43121854893199,39.3311621717124 8.43109696295307,39.3312772009136 8.43084145106775,39.3313777705627 8.43075184329852,39.3314280976979 8.43058169112172,39.3314898794278 8.43036531647679,39.3315371257624 8.43029661881184,39.3315485030834 8.43012825968611,39.3315165828913 8.42995160256658,39.3314506879446 8.42976340464424,39.331385817425 8.42933355816695,39.3312032275139 8.42919810536861,39.3311612403977 8.42900610878762,39.3311028286213 8.42857347253297,39.3310837282106 8.42808319518898,39.3310305621409 8.42797713530326,39.3310180835973 8.42778308614146,39.3309881691893 8.42780069928848,39.3311289109934</coordinates>
            </LinearRing>
          </outerBoundaryIs>
          <innerBoundaryIs>
            <LinearRing>
              <coordinates>8.43333588631311,39.331214557926 8.43338146114576,39.3312216640188 8.43337664411917,39.3312434641843 8.43333144253056,39.3312375493047 8.43333588631311,39.331214557926</coordinates>
            </LinearRing>
          </innerBoundaryIs>
          <innerBoundaryIs>
            <LinearRing>
              <coordinates>8.43380000076946,39.3312036264336 8.43386932073403,39.3311984133088 8.43387470404508,39.3312415731659 8.43380682751892,39.3312476313038 8.43380000076946,39.3312036264336</coordinates>
            </LinearRing>
          </innerBoundaryIs>
          <innerBoundaryIs>
            <LinearRing>
              <coordinates>8.43145274407749,39.3316087456869 8.43155062324739,39.331534183929 8.43157671232192,39.3315548285119 8.43147885650047,39.3316293723846 8.43145274407749,39.3316087456869</coordinates>
            </LinearRing>
          </innerBoundaryIs>
          <innerBoundaryIs>
            <LinearRing>
              <coordinates>8.43334819835916,39.331610795163 8.43329085020082,39.3316090110165 8.433291442874,39.331595966582 8.43322547735358,39.331593779997 8.43322855321428,39.3315577256262 8.43329805447144,39.3315602808476 8.43329797296947,39.3315674979263 8.4333546228219,39.3315709816674 8.43334819835916,39.331610795163</coordinates>
            </LinearRing>
          </innerBoundaryIs>
          <innerBoundaryIs>
            <LinearRing>
              <coordinates>8.43280160947836,39.3315659256691 8.43287996695798,39.3315565582714 8.43288332205334,39.3315764069184 8.43297956328018,39.3315736773351 8.43297985196357,39.3315838967416 8.43301900077721,39.3315807626634 8.43303270545786,39.3316034640427 8.43298030119258,39.3316130121198 8.43288929257043,39.3316114421354 8.43287927527733,39.3315804059081 8.43286689113699,39.3315809402279 8.43287175155711,39.3316097707535 8.43280821234112,39.3316145879726 8.43280160947836,39.3315659256691</coordinates>
            </LinearRing>
          </innerBoundaryIs>
          <innerBoundaryIs>
            <LinearRing>
              <coordinates>8.43156271728654,39.3321651548698 8.43169277080245,39.3321178270179 8.43170039766097,39.3321259287489 8.43173429833007,39.332108983276 8.43166299419919,39.3319909116827 8.43183165853521,39.3319309322375 8.43193151938014,39.3321002602138 8.43178683774611,39.3321959847887 8.43175515824845,39.3321435416392 8.43171713597549,39.3321622510772 8.43174424453165,39.3322046070891 8.43161227888134,39.3322502046334 8.43156271728654,39.3321651548698</coordinates>
            </LinearRing>
          </innerBoundaryIs>
          <innerBoundaryIs>
            <LinearRing>
              <coordinates>8.43180143422903,39.3318191615327 8.43237363791884,39.331615108264 8.43242645832947,39.3317104546655 8.43185805539627,39.331913598663 8.43180143422903,39.3318191615327</coordinates>
            </LinearRing>
          </innerBoundaryIs>
          <innerBoundaryIs>
            <LinearRing>
              <coordinates>8.4321606480834,39.331145347292 8.43235854834886,39.3308157239412 8.43245426562747,39.3308503861495 8.4324062815733,39.3309303011527 8.43278951083567,39.3310690502284 8.43274814820955,39.3311379506837 8.43273104813776,39.3311664218277 8.43234800609435,39.3310317282364 8.43225743068994,39.3311817448933 8.43222343477049,39.3311689551378 8.43221040036064,39.3311882011923 8.4321821049398,39.3311763853607 8.432194227623,39.331157972843 8.4321606480834,39.331145347292</coordinates>
            </LinearRing>
          </innerBoundaryIs>
          <innerBoundaryIs>
            <LinearRing>
              <coordinates>8.43253968300419,39.3307469829421 8.43256887012717,39.3307589922594 8.43258899460466,39.330730986419 8.43309014351073,39.3309393757615 8.43305091372144,39.3309985192501 8.43308725698883,39.3310137350406 8.43306921652916,39.3310423007687 8.43308285040505,39.3310479087243 8.43305397423514,39.3310878470581 8.43302642912106,39.3310764946278 8.43297072482281,39.3311757089412 8.43298486927436,39.3311813103865 8.43297094215773,39.3312004981117 8.43295678823629,39.3311960679942 8.43289619090791,39.3313034760676 8.4328850586709,39.3312998536041 8.43287629246798,39.3313135610132 8.43281264879848,39.3313227208267 8.432818249344,39.3313130978017 8.4327771063622,39.331298849687 8.43293877719501,39.3310228869112 8.43247632936514,39.3308379600773 8.43253968300419,39.3307469829421</coordinates>
            </LinearRing>
          </innerBoundaryIs>
        </Polygon>
      </Placemark>
      <Placemark xmlns="http://www.opengis.net/kml/2.2">
        <styleUrl>#Parti singole_style_map</styleUrl>
        <name>T02240</name>
        <Polygon>
          <outerBoundaryIs>
            <LinearRing>
              <coordinates>8.41320306958716,39.3368321819473 8.4137152348609,39.3367736026272 8.41430167654065,39.3367065249901 8.41478951435132,39.3365493130696 8.41517288618012,39.3365215063117 8.41529990619355,39.3365397154713 8.41573812991713,39.3366627596422 8.41614948463493,39.336778257661 8.41642993823739,39.3367920094923 8.41651841084729,39.3367993013511 8.41674028041435,39.3368673625964 8.4167571260683,39.3368927667603 8.41689954968512,39.3370640713097 8.41705329934817,39.3372489974927 8.41717273506017,39.3373423147352 8.41763168528932,39.3374959459127 8.41770588564994,39.3375145457605 8.4177963273375,39.3375139983024 8.4178696861558,39.33747601648 8.4179022711372,39.3374309645211 8.41792197689526,39.3373620692156 8.41791601758145,39.3372398380724 8.41780277611553,39.3370753600934 8.41774451876346,39.3369324041646 8.41770592591727,39.3368597389744 8.41771620485422,39.3367313357638 8.41771851215324,39.3366532707354 8.41769336745387,39.3365512803806 8.4175306930514,39.3362015226059 8.41750224738156,39.3360010571786 8.41753063344937,39.3359390083708 8.41772676406943,39.3357584183203 8.41788263842129,39.3356440343841 8.41813120548828,39.3355091463482 8.4187914636883,39.3351581966552 8.41888045835019,39.3350742392663 8.4189606692836,39.3349412564638 8.41913422003653,39.3344376483298 8.41930321277747,39.3342208507131 8.41934858335932,39.3342064350198 8.41973463360579,39.3341195802712 8.41993972758987,39.3341741079744 8.42011092515335,39.3342600844423 8.42020422383781,39.3343373196026 8.42037097947484,39.3345635681683 8.42062366168781,39.3347020580311 8.42068131243137,39.3347475512083 8.42073017118107,39.3348559123917 8.42079041578032,39.3349118977271 8.42082946710148,39.3349278877061 8.4208931000559,39.3349220142578 8.42099623222095,39.334889116454 8.42133967557034,39.3345423415713 8.42137719976304,39.3344396184778 8.42347661330346,39.3337036247579 8.42299690164415,39.3336506698283 8.42116759839212,39.3334110187994 8.42088321181579,39.3334507455991 8.42076756423781,39.3334946549917 8.42064524358463,39.3336047587555 8.42064259940956,39.3336678286173 8.42065962344577,39.3337784911737 8.42080475090122,39.3339457923711 8.42121772307019,39.334305351453 8.42126560319903,39.3343790979392 8.42127162221316,39.3344483651314 8.42126017346284,39.3345070300766 8.42093168643506,39.3348495541076 8.42088788328706,39.3348596171028 8.42082903409369,39.3348383925437 8.42074484998367,39.3346815498133 8.42059066709632,39.3346158517265 8.42041884042466,39.33453000799 8.42025176524803,39.3343213555483 8.42011789487657,39.3342142013061 8.42004295612773,39.3341659635354 8.41996589689972,39.3341300235859 8.41984913475136,39.3340938405227 8.41972820673133,39.334074558418 8.41963183835718,39.3340865753103 8.41948681633283,39.3340933214236 8.41939626179873,39.3341192524283 8.41922386376506,39.3341686167368 8.41911371712422,39.3342541537559 8.41892176547845,39.3347226098203 8.41878931110848,39.3350328848915 8.41871429024273,39.3351149837801 8.41776709793759,39.3356086753135 8.41762284591164,39.3357263250478 8.41748406045123,39.3358493272223 8.41740095905338,39.3360043523749 8.41741121407038,39.3361568986174 8.41754911331305,39.3364621194112 8.41760430084871,39.3366784421497 8.41761043946842,39.336843294206 8.41769115993186,39.3370701879742 8.41778476745406,39.3372263681724 8.4178252688674,39.3373375360308 8.4178063155782,39.3374359897481 8.4176750994146,39.3374505337487 8.41754051585834,39.3374080688995 8.41743656431459,39.3373853012341 8.41740958201268,39.3373718574872 8.41741590003782,39.3373599861712 8.41739162603169,39.3373515658601 8.41738127684661,39.3373626150432 8.41727118319296,39.3372942410144 8.41715994575816,39.3372476396923 8.41706181393092,39.3371319928883 8.41678384752097,39.3368189239766 8.41677351959389,39.3368050860237 8.41656745686927,39.3367478267019 8.41608942064732,39.3367036189767 8.41520541914355,39.3364605782208 8.41513944896708,39.3364542995662 8.41473638009994,39.3364926395822 8.41456930409133,39.3365538194995 8.41431645054034,39.336646408787 8.41318492712265,39.3367955075209 8.41320306958716,39.3368321819473</coordinates>
            </LinearRing>
          </outerBoundaryIs>
          <innerBoundaryIs>
            <LinearRing>
              <coordinates>8.42097999694547,39.3340192900575 8.42102447143214,39.33405434631 8.42098261079468,39.3340863777804 8.420938124781,39.3340513124441 8.42097999694547,39.3340192900575</coordinates>
            </LinearRing>
          </innerBoundaryIs>
          <innerBoundaryIs>
            <LinearRing>
              <coordinates>8.42212066974501,39.3335760736315 8.42231774682829,39.3336784665489 8.42226585025792,39.3337387148167 8.42206735576766,39.333637945684 8.42212066974501,39.3335760736315</coordinates>
            </LinearRing>
          </innerBoundaryIs>
        </Polygon>
      </Placemark>
      <Placemark xmlns="http://www.opengis.net/kml/2.2">
        <styleUrl>#Parti singole_style_map</styleUrl>
        <name>T02980</name>
        <Polygon>
          <outerBoundaryIs>
            <LinearRing>
              <coordinates>8.41893167921519,39.3408514101433 8.41882604409951,39.3407925961059 8.41875681110623,39.3407138651638 8.41861679027089,39.3404317833257 8.41860589832915,39.3401845146348 8.41870621629479,39.339947851115 8.41871650837285,39.3398503252733 8.41872868758007,39.3397349169681 8.41868635385238,39.3395337181886 8.41869326259825,39.3393247260012 8.41865251789512,39.3392441274776 8.41794976153315,39.338822633131 8.41764550974827,39.3386401482209 8.41757681421804,39.3384971033278 8.41737602298091,39.3383654560538 8.41725215848476,39.3381310601076 8.41723332395184,39.3380954182845 8.41718323103974,39.3378941800408 8.41678060144701,39.3377575005031 8.41676846521693,39.337756645564 8.41653486275304,39.3377401891416 8.41628678693351,39.3376927174431 8.41522755672904,39.337148751324 8.41534488431548,39.336735307291 8.41534748126012,39.336553073668 8.41529990619355,39.3365397154713 8.41517288618012,39.3365215063117 8.41478951435132,39.3365493130696 8.41430167654065,39.3367065249901 8.41320306958716,39.3368321819473 8.41318492712265,39.3367955075209 8.41431645054034,39.336646408787 8.41473638009994,39.3364926395822 8.41513944896708,39.3364542995662 8.41520541914355,39.3364605782208 8.41535587213111,39.3365019432308 8.41536288415388,39.3364388786861 8.4154628370465,39.3363462123143 8.41411526780408,39.3361718902902 8.41349253510938,39.3365868423996 8.41334621327899,39.3366844999266 8.41259651174082,39.336686032688 8.41190148531331,39.3370169029559 8.41048048667,39.3366780309918 8.41034471441271,39.3366934717272 8.41029790046398,39.3366859358493 8.41026060599286,39.3366640313099 8.41022550395405,39.3366435795652 8.41010593895768,39.3366220687676 8.40987073750854,39.336594835226 8.40982119515109,39.336594403662 8.40978325939954,39.336607366608 8.40975796308786,39.3366212947345 8.40975655331589,39.3366233600113 8.40974911312801,39.3366250342652 8.40971194556505,39.3366432272143 8.40967890721708,39.3366671177637 8.40965809424707,39.3366860244322 8.40964816438178,39.3366939934406 8.4096441845486,39.3366981181025 8.4096325635555,39.3367140078249 8.40961499479381,39.3367334715849 8.40957706121163,39.3367323779909 8.40954059353628,39.3367225515767 8.40950330381488,39.3367138923515 8.40938542485993,39.3366575184823 8.40938070944163,39.3366525387285 8.4093787453126,39.3366515375934 8.40935785503123,39.3366382760944 8.40932829377657,39.3366212762291 8.40930160370105,39.3365940188911 8.40928267157119,39.3365686931636 8.40925778865438,39.3365473018609 8.4092231389387,39.3365282938022 8.40919528866284,39.3365010305471 8.40917781638513,39.3364814789795 8.40914836434688,39.3364790767406 8.4091374623061,39.3364784807294 8.40909851725995,39.3364735072985 8.40905183025223,39.3364647100854 8.40900511225085,39.3364458208618 8.40896100596899,39.3364337028146 8.40893723640221,39.3364179036514 8.4089269359025,39.336401001552 8.408907472277,39.3363836924664 8.40889546920154,39.3363760625958 8.40868333570399,39.3362965924865 8.40818928332188,39.3362125343121 8.407610500625,39.3364203453352 8.40760931295732,39.3364235830906 8.40759643616071,39.3364507294213 8.40759179578939,39.3364780979089 8.40758902327027,39.3365041243241 8.40757564012569,39.3365225278245 8.4075605614569,39.3365356064539 8.4075534727118,39.3365506179947 8.4075504624364,39.3365635778774 8.40754027934234,39.336587764434 8.4075304192108,39.3366149261212 8.40751672634769,39.3366425188138 8.40751140422432,39.3366681718173 8.40753001885605,39.336689801882 8.40753362784242,39.3367158607982 8.40753527348754,39.3367408284464 8.40753726838647,39.3367519216025 8.40754006898707,39.3367775258726 8.40755272817341,39.336803630883 8.40756493010531,39.3368289226122 8.40757185106142,39.3368475196256 8.40758865800843,39.336863373712 8.40759194064375,39.3368731218406 8.40759446663144,39.3368762884029 8.40761003836972,39.3368872704903 8.40763578331613,39.3369027195599 8.40765855110323,39.3369134679694 8.40767825346757,39.3369299675267 8.40770291082349,39.3369505470654 8.40771796066166,39.3369683745103 8.40771842364184,39.336982253138 8.40770022506596,39.3369937841024 8.40767109128028,39.3369948972304 8.40764362563584,39.3370045788827 8.40750587891869,39.3370200963531 8.40747374207949,39.3370195722335 8.40746368185386,39.3370154662332 8.40745523993861,39.3370120893209 8.40739875050605,39.3369961231644 8.40737380635873,39.3369820297072 8.40735011721817,39.3369704655971 8.40731826955795,39.3369631849842 8.40730116283426,39.3369553487345 8.40729735902262,39.3369523558662 8.40727944665512,39.3369300084984 8.40727007440821,39.3368994149256 8.40726835470136,39.3368694910864 8.40726163969404,39.3368402626377 8.40723428188103,39.3368234536816 8.40719445577214,39.3368128885734 8.40715144104835,39.3367951888539 8.40713260690941,39.3367858119792 8.40712520548268,39.3367828908744 8.40711171750907,39.3367587639179 8.40710105153344,39.3367302361667 8.40706725818996,39.33671979187 8.4070189476542,39.3367108954606 8.4069691107287,39.3367178498443 8.40691083094672,39.3367078212965 8.40690770885807,39.3367065438987 8.40688585271709,39.3366977823152 8.40686987286344,39.3366939163965 8.40659632768091,39.3367965031721 8.4059639503483,39.3372620049975 8.40488375720638,39.3380729307088 8.40674781643161,39.3393816855929 8.40737533102322,39.3398229778311 8.40807379685068,39.3403140957291 8.40857755234149,39.340668250225 8.41027099937046,39.341859033677 8.4114732229239,39.3420762401563 8.41940982321163,39.3434624597153 8.41944792758469,39.3433683370626 8.41938964375142,39.3432173058169 8.41938812034691,39.3430886664667 8.41944774225059,39.3427653748187 8.4196056027488,39.3424566424559 8.41963286626509,39.3422899591741 8.419601779826,39.3419802838667 8.41893167921519,39.3408514101433</coordinates>
            </LinearRing>
          </outerBoundaryIs>
          <innerBoundaryIs>
            <LinearRing>
              <coordinates>8.41657973647497,39.3382429215986 8.41659386038478,39.3382049678501 8.41667359727742,39.3382164507448 8.41665354909873,39.3382551857435 8.41657973647497,39.3382429215986</coordinates>
            </LinearRing>
          </innerBoundaryIs>
        </Polygon>
      </Placemark>
      <Placemark xmlns="http://www.opengis.net/kml/2.2">
        <styleUrl>#Parti singole_style_map</styleUrl>
        <name>T02981</name>
        <Polygon>
          <outerBoundaryIs>
            <LinearRing>
              <coordinates>8.41893167921519,39.3408514101433 8.419601779826,39.3419802838667 8.41963286626509,39.3422899591741 8.4196056027488,39.3424566424559 8.41944774225059,39.3427653748187 8.41938812034691,39.3430886664667 8.41938964375142,39.3432173058169 8.41944792758469,39.3433683370626 8.41940982321163,39.3434624597153 8.42171158785302,39.3438643783674 8.42646415885994,39.3447070600968 8.43125689368455,39.3455338857155 8.43503685394126,39.3436975735936 8.43954096411126,39.3415224132161 8.43954229352258,39.3414800890502 8.43952116418578,39.3412714129608 8.43953962487268,39.3410698544533 8.43958093675613,39.3408614792168 8.43963726285319,39.3406347047669 8.43973964486082,39.3401018326529 8.43977343851188,39.3398418547496 8.4397865353778,39.3395671538502 8.43981917295385,39.3394518639851 8.43984592059732,39.3394535320941 8.43984398755307,39.3394473656086 8.43998035084695,39.3392045251453 8.43995412777509,39.3392042919614 8.4399677584199,39.3391424178211 8.44001355197433,39.339142728403 8.44003855266601,39.3386790815568 8.43995917296649,39.33869194944 8.43994880936073,39.338638376739 8.43994880936073,39.338638376739 8.44004135849115,39.3386270460899 8.44007113956988,39.3380747353902 8.44006127400664,39.3378207043098 8.43990083448552,39.3373088860597 8.43978563291995,39.3370897514334 8.43979944062321,39.3366018614975 8.43983740853283,39.336563561979 8.43980694920206,39.336321795766 8.43972373607773,39.3359753888413 8.43969893310656,39.3357249555422 8.43513380147449,39.3351474640338 8.43194387951385,39.3347478086775 8.4319234364668,39.3347648289356 8.43169530319692,39.334738484956 8.43168277543665,39.3347237365094 8.42341222522711,39.3336871856961 8.42205194290767,39.3341764671815 8.42137773316579,39.3344255916683 8.42134835576062,39.3345267243758 8.42100804096416,39.3348641889151 8.42090720836633,39.3349066674058 8.42087444982314,39.3349112799197 8.42081068503387,39.3349050154603 8.42074810741383,39.3348533435922 8.42068424797398,39.334718047192 8.42034221018061,39.3345473949985 8.42018923031326,39.3343292074365 8.420117687194,39.3342673986955 8.41997611279024,39.3341855075739 8.41988371060788,39.3341486440697 8.41970605778258,39.3341081114282 8.41928523157292,39.3342050374968 8.41912922898836,39.3344084381614 8.41893540669082,39.3349472033968 8.41888510182209,39.3350389500338 8.41884726731277,39.335082011759 8.41878986506268,39.3351340763783 8.41875231370264,39.3351569558063 8.41792132038332,39.3356024279215 8.41774360487712,39.3357229108675 8.41754600730018,39.3359041153316 8.41748469301987,39.3359799476113 8.41751862325823,39.3362115990571 8.41766101836321,39.336516238522 8.41769583867282,39.3366267923087 8.41769179710008,39.3368480716435 8.41774645357086,39.3370012545918 8.41788393848073,39.3372407227645 8.41789364259002,39.3373577284991 8.41788161045512,39.3374093889442 8.41785975693075,39.337456044423 8.41782687660572,39.3374751624781 8.41778204608353,39.3375080969836 8.41771163040026,39.3375060325005 8.41762072463502,39.337498188731 8.41717273506017,39.3373423147352 8.41705329934817,39.3372489974927 8.4167571260683,39.3368927667603 8.41667738172126,39.3370637478888 8.41634336309534,39.3369750302843 8.41642993823739,39.3367920094923 8.41614948463493,39.336778257661 8.41534748126012,39.336553073668 8.41534488431548,39.336735307291 8.41522755672904,39.337148751324 8.41628678693351,39.3376927174431 8.41653486275304,39.3377401891416 8.41676846521693,39.337756645564 8.41678060144701,39.3377575005031 8.41718323103974,39.3378941800408 8.41723332395184,39.3380954182845 8.41725215848476,39.3381310601076 8.41737602298091,39.3383654560538 8.41757681421804,39.3384971033278 8.41764550974827,39.3386401482209 8.41794976153315,39.338822633131 8.41865251789512,39.3392441274776 8.41869326259825,39.3393247260012 8.41868635385238,39.3395337181886 8.41872868758007,39.3397349169681 8.41871650837285,39.3398503252733 8.41870621629479,39.339947851115 8.41860589832915,39.3401845146348 8.41861679027089,39.3404317833257 8.41875681110623,39.3407138651638 8.41882604409951,39.3407925961059 8.41893167921519,39.3408514101433</coordinates>
            </LinearRing>
          </outerBoundaryIs>
          <innerBoundaryIs>
            <LinearRing>
              <coordinates>8.4195678654742,39.3404184241128 8.41954283396919,39.3403864018054 8.41961506153526,39.3403521616557 8.41963374370498,39.3403942440992 8.4195678654742,39.3404184241128</coordinates>
            </LinearRing>
          </innerBoundaryIs>
          <innerBoundaryIs>
            <LinearRing>
              <coordinates>8.41658878534034,39.337127098381 8.41662676372929,39.3370949409199 8.41673316675765,39.3371786420492 8.41669672746796,39.3372071129299 8.41658878534034,39.337127098381</coordinates>
            </LinearRing>
          </innerBoundaryIs>
        </Polygon>
      </Placemark>
      <Placemark xmlns="http://www.opengis.net/kml/2.2">
        <styleUrl>#Parti singole_style_map</styleUrl>
        <name>T02981</name>
        <Polygon>
          <outerBoundaryIs>
            <LinearRing>
              <coordinates>8.44003437774707,39.3389519061056 8.44009666192814,39.3389553596369 8.4401031499574,39.3388839370294 8.44004942776475,39.3388835883145 8.44003437774707,39.3389519061056</coordinates>
            </LinearRing>
          </outerBoundaryIs>
        </Polygon>
      </Placemark>
      <Placemark xmlns="http://www.opengis.net/kml/2.2">
        <styleUrl>#Parti singole_style_map</styleUrl>
        <name>T02982</name>
        <Polygon>
          <outerBoundaryIs>
            <LinearRing>
              <coordinates>8.4161198842192,39.3364312021994 8.4154628370465,39.3363462123143 8.41536288415388,39.3364388786861 8.41535587213111,39.3365019432308 8.41608942064732,39.3367036189767 8.41656745686927,39.3367478267019 8.41677351959389,39.3368050860237 8.41678384752097,39.3368189239766 8.41701058669544,39.3367059868038 8.41718785285095,39.3369193443185 8.41718318010485,39.3371326010527 8.41706181393092,39.3371319928883 8.41715994575816,39.3372476396923 8.41727118319296,39.3372942410144 8.41730331946653,39.3372389870118 8.41748973641312,39.337300832145 8.41744862040068,39.337375504053 8.41770029280751,39.3374460554704 8.41780637420988,39.3374289257565 8.41781587354587,39.3374168090351 8.41782021282424,39.3372994230551 8.41766742235717,39.3370027511839 8.41763271711474,39.3368783216961 8.41760671636012,39.3366139115393 8.41755979836888,39.3364511259563 8.41747295138292,39.336276066232 8.4174222799311,39.3361321839843 8.41741179528143,39.3360254463285 8.41750233086266,39.3358540681702 8.4178006184823,39.3355920023361 8.41802024664529,39.3354683950938 8.41876649266647,39.335084131133 8.41880738238826,39.3350224328161 8.41902609853111,39.3345041560337 8.41912306505157,39.3342560385939 8.41924885847224,39.334155748282 8.41940482991711,39.3341102125365 8.41941250567051,39.3338557021475 8.41940821639666,39.333827207326 8.41940479565681,39.3338059252982 8.4193946916699,39.3337510004718 8.418908072793,39.333750643002 8.4183377441165,39.3346663303006 8.41724991469211,39.3350217589552 8.41651217948382,39.3356513235893 8.41643642585316,39.3361516609223 8.4161198842192,39.3364312021994</coordinates>
            </LinearRing>
          </outerBoundaryIs>
          <innerBoundaryIs>
            <LinearRing>
              <coordinates>8.41677362657901,39.3364712449951 8.41674058508818,39.3364399928592 8.41678655470626,39.3364095874188 8.41681786777364,39.3364393891853 8.41677362657901,39.3364712449951</coordinates>
            </LinearRing>
          </innerBoundaryIs>
          <innerBoundaryIs>
            <LinearRing>
              <coordinates>8.41702079926003,39.3362590236663 8.41689022777804,39.3361515939452 8.41697363213148,39.3360845228521 8.41710475530387,39.3361953792619 8.41702079926003,39.3362590236663</coordinates>
            </LinearRing>
          </innerBoundaryIs>
        </Polygon>
      </Placemark>
      <Placemark xmlns="http://www.opengis.net/kml/2.2">
        <styleUrl>#Parti singole_style_map</styleUrl>
        <name>T02241</name>
        <Polygon>
          <outerBoundaryIs>
            <LinearRing>
              <coordinates>8.42097999694547,39.3340192900575 8.420938124781,39.3340513124441 8.42098261079468,39.3340863777804 8.42102447143214,39.33405434631 8.42097999694547,39.3340192900575</coordinates>
            </LinearRing>
          </outerBoundaryIs>
        </Polygon>
      </Placemark>
      <Placemark xmlns="http://www.opengis.net/kml/2.2">
        <styleUrl>#Parti singole_style_map</styleUrl>
        <name>T02242</name>
        <Polygon>
          <outerBoundaryIs>
            <LinearRing>
              <coordinates>8.4314123735663,39.3334361191441 8.43140260311272,39.3334362335753 8.43140234234944,39.3334311863769 8.43139124514437,39.3334317989141 8.43137532291509,39.3334321986416 8.43137523806394,39.3334197636291 8.4312368559076,39.3334264307004 8.4312397005637,39.333461964308 8.43124767317475,39.3334617780259 8.43124795319711,39.3334744662889 8.43124840272281,39.3334963011172 8.43140696813618,39.3334917690834 8.43145657101647,39.333478756978 8.43146372487901,39.3334822429951 8.43146818691657,39.3334757051031 8.43148140517289,39.3334596227521 8.43146420533724,39.3334530240388 8.43144448849221,39.3334534863242 8.43144379713022,39.333435714085 8.43142807374598,39.3334359165589 8.4314123735663,39.3334361191441</coordinates>
            </LinearRing>
          </outerBoundaryIs>
        </Polygon>
      </Placemark>
      <Placemark xmlns="http://www.opengis.net/kml/2.2">
        <styleUrl>#Parti singole_style_map</styleUrl>
        <name>T02243</name>
        <Polygon>
          <outerBoundaryIs>
            <LinearRing>
              <coordinates>8.43139124514437,39.3334317989141 8.43140234234944,39.3334311863769 8.43140260311272,39.3334362335753 8.4314123735663,39.3334361191441 8.43141719405188,39.3333467037083 8.43152681051862,39.3333131164063 8.43156183333303,39.3333023847611 8.43175301124706,39.3332265216913 8.43156809033868,39.3329640591012 8.43143818586622,39.3330572153347 8.43114284441535,39.3332711962843 8.43108481469408,39.3333132351674 8.43109653253574,39.3333891795663 8.43139003694405,39.333381883416 8.43139124514437,39.3334317989141</coordinates>
            </LinearRing>
          </outerBoundaryIs>
        </Polygon>
      </Placemark>
      <Placemark xmlns="http://www.opengis.net/kml/2.2">
        <styleUrl>#Parti singole_style_map</styleUrl>
        <name>T02244</name>
        <Polygon>
          <outerBoundaryIs>
            <LinearRing>
              <coordinates>8.43115629544021,39.3334768203822 8.43115681250556,39.3334989078372 8.43124840272281,39.3334963011172 8.43124795319711,39.3334744662889 8.43115629544021,39.3334768203822</coordinates>
            </LinearRing>
          </outerBoundaryIs>
        </Polygon>
      </Placemark>
      <Placemark xmlns="http://www.opengis.net/kml/2.2">
        <styleUrl>#Parti singole_style_map</styleUrl>
        <name>T01732</name>
        <Polygon>
          <outerBoundaryIs>
            <LinearRing>
              <coordinates>8.43487321814737,39.3322152732877 8.43493655022593,39.3323739134893 8.43494013944161,39.332373279656 8.43494313962686,39.3323835361488 8.43495089838073,39.3323814764299 8.43494836302981,39.3323718274207 8.4349515878394,39.332371257939 8.43488756468851,39.3322116756803 8.43487321814737,39.3322152732877</coordinates>
            </LinearRing>
          </outerBoundaryIs>
        </Polygon>
      </Placemark>
      <Placemark xmlns="http://www.opengis.net/kml/2.2">
        <styleUrl>#Parti singole_style_map</styleUrl>
        <name>T01733</name>
        <Polygon>
          <outerBoundaryIs>
            <LinearRing>
              <coordinates>8.4349211902616,39.3320977110141 8.43494127522846,39.332096150636 8.43493964850952,39.3320791577882 8.43491920620523,39.3320804280916 8.4349211902616,39.3320977110141</coordinates>
            </LinearRing>
          </outerBoundaryIs>
        </Polygon>
      </Placemark>
      <Placemark xmlns="http://www.opengis.net/kml/2.2">
        <styleUrl>#Parti singole_style_map</styleUrl>
        <name>T02953</name>
        <Polygon>
          <outerBoundaryIs>
            <LinearRing>
              <coordinates>8.42247450224828,39.3325042297996 8.42455951855722,39.3324682665598 8.4255624901591,39.3329547311007 8.42639853697228,39.3333615034126 8.4293501904879,39.3319014308511 8.42851023783589,39.3318018131004 8.42787169415735,39.3317222104294 8.42737588204039,39.3318320876199 8.42735269311442,39.3318372266329 8.42710919788765,39.3318250798196 8.42706888402858,39.3318230701404 8.42660684827016,39.3315350410361 8.42664476284247,39.3315722253619 8.42649709872732,39.3316658652316 8.42639672467451,39.331562406429 8.42636283803309,39.3315746739247 8.42631799086113,39.3315822198759 8.42627266437275,39.3315802753056 8.42623047693155,39.3315690382729 8.42619367366249,39.3315492136704 8.42616553767031,39.3315222684026 8.4261470901054,39.3314896041529 8.42614003540401,39.3314541938152 8.42614523043069,39.3314176635227 8.4261619432007,39.3313829741436 8.42617250418754,39.3313712854566 8.42616553117271,39.3313670250964 8.42618419163042,39.3313481228468 8.42618883206345,39.3313524437842 8.42622491687983,39.3313281670679 8.42623258301315,39.3313242852793 8.42624153042161,39.3313283030778 8.4262639678111,39.3313270891915 8.42606467522982,39.3312162130303 8.42605198776535,39.3312169523719 8.4260547837526,39.3312807971145 8.4259767061259,39.331284250357 8.42597446513676,39.3311993776582 8.42597038475943,39.3311592244 8.42532825028704,39.3307711759343 8.42472397118536,39.3308286410472 8.42426402170291,39.3309457917005 8.42377850632127,39.3311468195203 8.4236726593649,39.3312031248718 8.42283050704432,39.3316944591064 8.42264601338642,39.3320444424761 8.4224428376093,39.3324437647951 8.42247450224828,39.3325042297996</coordinates>
            </LinearRing>
          </outerBoundaryIs>
          <innerBoundaryIs>
            <LinearRing>
              <coordinates>8.42389529340476,39.3315201385972 8.42399730241268,39.3314550918023 8.42403301585891,39.3314888690883 8.4239308202408,39.3315540321274 8.42389529340476,39.3315201385972</coordinates>
            </LinearRing>
          </innerBoundaryIs>
          <innerBoundaryIs>
            <LinearRing>
              <coordinates>8.42360101538162,39.3318837173307 8.42370249492135,39.3318168390292 8.42374698889001,39.3318594091731 8.42379423298279,39.3318426132128 8.4238146221049,39.3318619608031 8.42377659210259,39.3318898493839 8.42376627879463,39.3318826258749 8.42365339469696,39.3319338774469 8.42360101538162,39.3318837173307</coordinates>
            </LinearRing>
          </innerBoundaryIs>
          <innerBoundaryIs>
            <LinearRing>
              <coordinates>8.42454029850185,39.3317334759813 8.42470053359745,39.3316734561699 8.42475713259758,39.3317821513592 8.42459669171526,39.3318417737635 8.42454029850185,39.3317334759813</coordinates>
            </LinearRing>
          </innerBoundaryIs>
          <innerBoundaryIs>
            <LinearRing>
              <coordinates>8.42278326699707,39.3321944469222 8.42274620966579,39.3321632756558 8.42287341590071,39.3320720980736 8.42297775475219,39.3321598921472 8.42281777516208,39.3322745690046 8.42274415622735,39.3322224739689 8.42278326699707,39.3321944469222</coordinates>
            </LinearRing>
          </innerBoundaryIs>
          <innerBoundaryIs>
            <LinearRing>
              <coordinates>8.42467309075995,39.331151743073 8.42501140441959,39.331025771978 8.42504605032174,39.331093576639 8.42470839689168,39.3312196502142 8.42467309075995,39.331151743073</coordinates>
            </LinearRing>
          </innerBoundaryIs>
          <innerBoundaryIs>
            <LinearRing>
              <coordinates>8.42424717273525,39.3315596711515 8.42442006580621,39.3314954253395 8.42448898017994,39.3316288795944 8.42431695706459,39.3316931208015 8.42424717273525,39.3315596711515</coordinates>
            </LinearRing>
          </innerBoundaryIs>
          <innerBoundaryIs>
            <LinearRing>
              <coordinates>8.42486116364674,39.3314604925224 8.42512410108154,39.3313624145896 8.42519414658949,39.3314981536996 8.4250525111233,39.3315510846961 8.42503469922587,39.3315187838366 8.42491486494083,39.331563181277 8.42486116364674,39.3314604925224</coordinates>
            </LinearRing>
          </innerBoundaryIs>
          <innerBoundaryIs>
            <LinearRing>
              <coordinates>8.42588151021933,39.3313308157792 8.42612884349799,39.3313288284714 8.4261274511973,39.3314579071654 8.42609737314112,39.3314612999315 8.42610388402039,39.3315007803706 8.42589117551275,39.3315065697814 8.42588151021933,39.3313308157792</coordinates>
            </LinearRing>
          </innerBoundaryIs>
          <innerBoundaryIs>
            <LinearRing>
              <coordinates>8.42392485271215,39.3317127599569 8.42406636415356,39.3318347881232 8.42409158092662,39.3318200995818 8.42414188278675,39.3318647166991 8.42409837422716,39.331894299284 8.42426825431472,39.3318311380772 8.42432200763369,39.3319330704663 8.42429073726928,39.3319459900555 8.42441472935604,39.3321826447548 8.42445184499183,39.3322563006543 8.42426455831425,39.3323295849548 8.42410223298916,39.3320164477632 8.42402881334768,39.3320431610376 8.42398900179667,39.3319686626791 8.42395394041508,39.3319925112573 8.42391311833125,39.3319563118354 8.42393046808136,39.3319445218164 8.42378098505246,39.3318084515609 8.42392485271215,39.3317127599569</coordinates>
            </LinearRing>
          </innerBoundaryIs>
          <innerBoundaryIs>
            <LinearRing>
              <coordinates>8.42601664676678,39.3316915714659 8.42601687696622,39.3316634345826 8.42605154218073,39.3316623822366 8.42605129197905,39.3316929658057 8.42601664676678,39.3316915714659</coordinates>
            </LinearRing>
          </innerBoundaryIs>
          <innerBoundaryIs>
            <LinearRing>
              <coordinates>8.42379886690781,39.3317291283887 8.42374996298831,39.3316759704326 8.42381969320298,39.3316372802304 8.42386859714905,39.3316904381577 8.42379886690781,39.3317291283887</coordinates>
            </LinearRing>
          </innerBoundaryIs>
        </Polygon>
      </Placemark>
      <Placemark xmlns="http://www.opengis.net/kml/2.2">
        <styleUrl>#Parti singole_style_map</styleUrl>
        <name>T03424</name>
        <Polygon>
          <outerBoundaryIs>
            <LinearRing>
              <coordinates>8.43191287228682,39.3332911788994 8.43311245812558,39.3328515658346 8.43332890460472,39.3327669749165 8.43328158814118,39.3326981378462 8.43366099488365,39.3325256219626 8.43371072307135,39.332590379819 8.43493655022593,39.3323739134893 8.43487321814737,39.3322152732877 8.43488756468851,39.3322116756803 8.4349515878394,39.332371257939 8.43496013023681,39.332369749403 8.43501124540525,39.3321860646979 8.43509355449921,39.331820004108 8.43499556560251,39.3315902178961 8.43488230969465,39.3314452731524 8.43476422811111,39.3313103516465 8.4346068477039,39.3311396832523 8.43446354936657,39.3309795804359 8.43429513918396,39.330853199068 8.43413516488721,39.3308001325538 8.43407455246484,39.3308133085043 8.43405848947416,39.3308427400138 8.43406689190417,39.3309014217665 8.43418976825802,39.330939332342 8.43440873560561,39.331165760906 8.43447283488046,39.3312684417829 8.43452885961799,39.3313451419048 8.43460684496929,39.3315013860341 8.43446942042537,39.3313624145664 8.43451588834361,39.3314429968441 8.43450750928073,39.3314806834174 8.43458358780054,39.3315611392953 8.43459707567408,39.3315575375491 8.434635567688,39.3316056609351 8.43466197152898,39.3316550320932 8.43471373370082,39.3316329914718 8.4346313938442,39.3315275369245 8.43471781514677,39.3314518805867 8.4346844675528,39.3313671992644 8.4347041873947,39.3313547703898 8.43490580487676,39.3316108936661 8.43487812986904,39.3319756967855 8.43478659166721,39.3319735490335 8.43469673302194,39.3317528847493 8.43464601602174,39.3317618380672 8.43461792039594,39.3317942567435 8.43449428153631,39.3316866370548 8.43435093858301,39.3315736952813 8.43421714135093,39.3314942830828 8.43416068325921,39.3314109218851 8.43417405358858,39.3313902445631 8.43421486510466,39.331356437138 8.43432915755174,39.3312920537269 8.43434222636771,39.3313058854489 8.43438112996999,39.3312813315654 8.43420279990937,39.3311347181285 8.43416739993597,39.3311276618515 8.43402259034402,39.3312125488809 8.43405117394489,39.3312217616096 8.43409961265966,39.3312679512398 8.43411754096374,39.3313064685913 8.43411741200232,39.3313483491498 8.43409927490815,39.3313659216564 8.4340737256529,39.331368887988 8.43399721702991,39.3313921775255 8.43399869203759,39.3313977442317 8.43376867229495,39.3314597619231 8.43376052511412,39.3314557305764 8.43372806656123,39.3313875426755 8.43370014056866,39.3314046619895 8.4337557012224,39.3315057068128 8.43360810275293,39.331553600315 8.43356837149787,39.331483737033 8.43334819835916,39.331610795163 8.43309071966505,39.3316218941062 8.43271904537625,39.3316363642405 8.43271285932023,39.3316366043896 8.43203192254023,39.332062212245 8.43203355165302,39.3320644908657 8.43161552406514,39.3328693013642 8.43191287228682,39.3332911788994</coordinates>
            </LinearRing>
          </outerBoundaryIs>
          <innerBoundaryIs>
            <LinearRing>
              <coordinates>8.43491920620523,39.3320804280916 8.43493964850952,39.3320791577882 8.43494127522846,39.332096150636 8.4349211902616,39.3320977110141 8.43491920620523,39.3320804280916</coordinates>
            </LinearRing>
          </innerBoundaryIs>
          <innerBoundaryIs>
            <LinearRing>
              <coordinates>8.43415255580593,39.3312577114637 8.43415461964812,39.3312535676247 8.43415867081323,39.3312504516487 8.43416402057146,39.331248882799 8.4341697153107,39.3312491357647 8.4341748039624,39.3312511698773 8.43417837287969,39.3312546202693 8.4341798350139,39.331258907408 8.43417890627471,39.331263291044 8.43417577854232,39.3312669972004 8.43417096738909,39.3312693976441 8.434165323173,39.3312700730142 8.43415982147564,39.3312689019079 8.43415540038393,39.3312660961319 8.43415283337708,39.3312621370098 8.43415255580593,39.3312577114637</coordinates>
            </LinearRing>
          </innerBoundaryIs>
          <innerBoundaryIs>
            <LinearRing>
              <coordinates>8.43421540604171,39.3318187997519 8.43424087170788,39.3318463608331 8.43421688015438,39.3318618865115 8.43419263098744,39.3318331059033 8.43421540604171,39.3318187997519</coordinates>
            </LinearRing>
          </innerBoundaryIs>
          <innerBoundaryIs>
            <LinearRing>
              <coordinates>8.43433356287307,39.3318306826801 8.43435931289842,39.3318690307842 8.43431984616463,39.3318856796388 8.43429846249769,39.3318482988718 8.43433356287307,39.3318306826801</coordinates>
            </LinearRing>
          </innerBoundaryIs>
          <innerBoundaryIs>
            <LinearRing>
              <coordinates>8.43433356287307,39.3318306826801 8.43419204664225,39.3317084686978 8.43426767674805,39.3316502767787 8.43433490063914,39.3317122541019 8.43449645505531,39.3318430532968 8.43451431830215,39.3318364272549 8.43455537663505,39.3318727773006 8.43450794981017,39.3318924060693 8.43445164395708,39.3319080990787 8.43444303236498,39.3319055342467 8.43443151438236,39.3319137589701 8.43442347091533,39.3319069258834 8.4343689734093,39.3319141847304 8.43435993237599,39.3318886137899 8.43439155005608,39.3318798740893 8.43433356287307,39.3318306826801</coordinates>
            </LinearRing>
          </innerBoundaryIs>
          <innerBoundaryIs>
            <LinearRing>
              <coordinates>8.4325706686323,39.3322379708331 8.43263609321555,39.3322325141798 8.43263796402709,39.3322608615797 8.43257192472422,39.3322662882036 8.4325706686323,39.3322379708331</coordinates>
            </LinearRing>
          </innerBoundaryIs>
          <innerBoundaryIs>
            <LinearRing>
              <coordinates>8.43209357080734,39.3325060410214 8.43212997752613,39.3325177883449 8.43209476872641,39.3325845200081 8.43205739505665,39.3325718218416 8.43209357080734,39.3325060410214</coordinates>
            </LinearRing>
          </innerBoundaryIs>
          <innerBoundaryIs>
            <LinearRing>
              <coordinates>8.43416721733115,39.3317271710267 8.43421473324619,39.3317684273291 8.43416756650315,39.331800401721 8.43412320380346,39.3317594761096 8.43416721733115,39.3317271710267</coordinates>
            </LinearRing>
          </innerBoundaryIs>
          <innerBoundaryIs>
            <LinearRing>
              <coordinates>8.43376483975425,39.3315335399318 8.43388216793802,39.3315114493905 8.43390065009347,39.3315675941671 8.43387279224885,39.3315729170225 8.43388027726593,39.3315976109125 8.43384722361212,39.3316025777732 8.43384013636498,39.3315791566395 8.43378292408078,39.3315900882663 8.43376483975425,39.3315335399318</coordinates>
            </LinearRing>
          </innerBoundaryIs>
          <innerBoundaryIs>
            <LinearRing>
              <coordinates>8.43436042047195,39.331941760572 8.43458488883536,39.3319050164475 8.43459501787634,39.3319611565511 8.43451269757228,39.3319741641335 8.43451054890255,39.3319658008791 8.43437246382745,39.3319878181519 8.43436042047195,39.331941760572</coordinates>
            </LinearRing>
          </innerBoundaryIs>
          <innerBoundaryIs>
            <LinearRing>
              <coordinates>8.43195642162459,39.3327934125442 8.43200924739439,39.3326674412949 8.43209905582353,39.3326855765665 8.43204375674318,39.3328118060977 8.43203942481463,39.3328108838884 8.43200519728573,39.3328036794991 8.43195642162459,39.3327934125442</coordinates>
            </LinearRing>
          </innerBoundaryIs>
          <innerBoundaryIs>
            <LinearRing>
              <coordinates>8.43390804031682,39.3314972034253 8.43408348142388,39.3314640511545 8.43411854868625,39.3315771063232 8.4341304677465,39.3316155313631 8.434037839848,39.3316305879333 8.43402939714239,39.3316042179356 8.43394718292732,39.3316184961278 8.43394404717693,39.3316088125144 8.43390804031682,39.3314972034253</coordinates>
            </LinearRing>
          </innerBoundaryIs>
          <innerBoundaryIs>
            <LinearRing>
              <coordinates>8.43197991969975,39.3329879665781 8.43208408017744,39.3328184545501 8.43210156842605,39.3328209457562 8.43211445306864,39.3327801096408 8.43213977747506,39.3326960564401 8.43219517976662,39.3327061304007 8.43230560802452,39.3327269071469 8.43220890401132,39.3330317586292 8.43207503053184,39.3330061547925 8.43204276704069,39.3329999781988 8.43197991969975,39.3329879665781</coordinates>
            </LinearRing>
          </innerBoundaryIs>
          <innerBoundaryIs>
            <LinearRing>
              <coordinates>8.43274538781988,39.3325756565021 8.43282109379232,39.3325571394899 8.43288680909485,39.3325530717435 8.43302673426527,39.3324959419674 8.43314366634559,39.3324441243442 8.43340132277161,39.3323453081592 8.43347091887984,39.3325474210611 8.43319558448084,39.3326010893466 8.43318641043409,39.3325733551314 8.43290419878898,39.3326280344421 8.43277117401526,39.332613761842 8.43274443139669,39.3326092793217 8.43274538781988,39.3325756565021</coordinates>
            </LinearRing>
          </innerBoundaryIs>
          <innerBoundaryIs>
            <LinearRing>
              <coordinates>8.43216048550707,39.3326204145996 8.43225981513686,39.3324742342418 8.43238823524835,39.3323663735775 8.43256917947359,39.3323231045412 8.4327216991093,39.3323097288692 8.43271847061682,39.3323301851626 8.43325860318302,39.3323333496652 8.4332598982162,39.3323683710899 8.43304951301966,39.3324496485057 8.43288017959536,39.3325134289126 8.43273191700305,39.3325484149007 8.43262813040551,39.3325514318534 8.4326297137583,39.3325765881045 8.43263313966813,39.3326149358209 8.43263591544044,39.3326418549509 8.43268065501552,39.3326347025073 8.43269436281381,39.3326541601291 8.43269686367226,39.3326576864519 8.43283735858617,39.3326578579607 8.43285046625805,39.3326568315904 8.43287982804859,39.3326545148578 8.43291414731694,39.3326518077996 8.43292760327046,39.3326507560868 8.43304919495115,39.332638319489 8.43306412305252,39.332674767958 8.43306833314274,39.332685024496 8.43282271941663,39.3327851691458 8.43277808778645,39.3327947460159 8.43256894678768,39.3328395988476 8.43235084727337,39.3328386879062 8.43230454511574,39.3327105747895 8.43232853213664,39.3326426439566 8.43237801785796,39.3326583566107 8.43241434249684,39.332637241861 8.43233991048935,39.3325341400207 8.43223206415967,39.3326574370567 8.43216048550707,39.3326204145996</coordinates>
            </LinearRing>
          </innerBoundaryIs>
          <innerBoundaryIs>
            <LinearRing>
              <coordinates>8.43223615871057,39.3321529366519 8.4322744512685,39.3321466899958 8.43223666364276,39.3320977132695 8.43230376513126,39.3320083224198 8.43253377661462,39.3318559044396 8.43273929360342,39.3317867955208 8.43286677403836,39.3317820107769 8.43314774237385,39.3317170894619 8.43323419846066,39.3318614007109 8.43337025588819,39.3320775155552 8.43346871789949,39.3320412409841 8.43364954775167,39.3320177028774 8.43371657984075,39.332020047595 8.43386178725167,39.332054336844 8.43386114522379,39.332080698679 8.43385720540939,39.3321318325715 8.43370118930793,39.3321256667828 8.43369955496047,39.3321455902309 8.43369660453235,39.3321790681956 8.43364968636859,39.3321787496632 8.4335917589943,39.3321466152082 8.43363690696161,39.3321434380501 8.43364222870708,39.3320619902895 8.43347304392058,39.3320529487767 8.43350538090493,39.3321405088976 8.43352422615667,39.332190465227 8.43340665683516,39.3322106529948 8.4334153444673,39.3322397183911 8.43336093725737,39.3322515545795 8.43331282401786,39.3322541044648 8.43326373587646,39.3322624343731 8.43325173926651,39.3322939760288 8.43297295533602,39.3322922029057 8.43295819128457,39.332244086521 8.43277334910717,39.3322758666874 8.43272768562607,39.3322839517622 8.43271933963443,39.332255716955 8.43270423338753,39.3322011563044 8.43244939552343,39.3322197094408 8.43239680526797,39.3321403219178 8.43223730453744,39.3321647551154 8.43223615871057,39.3321529366519</coordinates>
            </LinearRing>
          </innerBoundaryIs>
        </Polygon>
      </Placemark>
      <Placemark xmlns="http://www.opengis.net/kml/2.2">
        <styleUrl>#Parti singole_style_map</styleUrl>
        <name>T01719</name>
        <Polygon>
          <outerBoundaryIs>
            <LinearRing>
              <coordinates>8.41744862040068,39.337375504053 8.41748973641312,39.337300832145 8.41730331946653,39.3372389870118 8.41727118319296,39.3372942410144 8.41739231771369,39.3373507133206 8.41740002952462,39.3373442643376 8.41741947528489,39.3373500383898 8.41742192091431,39.3373629357504 8.41744862040068,39.337375504053</coordinates>
            </LinearRing>
          </outerBoundaryIs>
        </Polygon>
      </Placemark>
      <Placemark xmlns="http://www.opengis.net/kml/2.2">
        <styleUrl>#Parti singole_style_map</styleUrl>
        <name>T01738</name>
        <Polygon>
          <outerBoundaryIs>
            <LinearRing>
              <coordinates>8.42365339469696,39.3319338774469 8.42376627879463,39.3318826258749 8.42377659210259,39.3318898493839 8.4238146221049,39.3318619608031 8.42379423298279,39.3318426132128 8.42374698889001,39.3318594091731 8.42370249492135,39.3318168390292 8.42360101538162,39.3318837173307 8.42365339469696,39.3319338774469</coordinates>
            </LinearRing>
          </outerBoundaryIs>
        </Polygon>
      </Placemark>
      <Placemark xmlns="http://www.opengis.net/kml/2.2">
        <styleUrl>#Parti singole_style_map</styleUrl>
        <name>T01740</name>
        <Polygon>
          <outerBoundaryIs>
            <LinearRing>
              <coordinates>8.43271285932023,39.3316366043896 8.43271904537625,39.3316363642405 8.43275970565662,39.3316242360501 8.43275542753703,39.3316152316385 8.43279466632786,39.3316052770646 8.43278547962849,39.3315705325198 8.43269252675884,39.3315999222691 8.43271285932023,39.3316366043896</coordinates>
            </LinearRing>
          </outerBoundaryIs>
        </Polygon>
      </Placemark>
      <Placemark xmlns="http://www.opengis.net/kml/2.2">
        <styleUrl>#Parti singole_style_map</styleUrl>
        <name>T01741</name>
        <Polygon>
          <outerBoundaryIs>
            <LinearRing>
              <coordinates>8.43280821234112,39.3316145879726 8.43287175155711,39.3316097707535 8.43286689113699,39.3315809402279 8.43287927527733,39.3315804059081 8.43288929257043,39.3316114421354 8.43298030119258,39.3316130121198 8.43303270545786,39.3316034640427 8.43301900077721,39.3315807626634 8.43297985196357,39.3315838967416 8.43297956328018,39.3315736773351 8.43288332205334,39.3315764069184 8.43287996695798,39.3315565582714 8.43280160947836,39.3315659256691 8.43280821234112,39.3316145879726</coordinates>
            </LinearRing>
          </outerBoundaryIs>
        </Polygon>
      </Placemark>
      <Placemark xmlns="http://www.opengis.net/kml/2.2">
        <styleUrl>#Parti singole_style_map</styleUrl>
        <name>T01743</name>
        <Polygon>
          <outerBoundaryIs>
            <LinearRing>
              <coordinates>8.4403511082294,39.3325998562201 8.44043006575616,39.3325763760566 8.44039367677785,39.3324938622986 8.44030836893501,39.3325221775972 8.4403511082294,39.3325998562201</coordinates>
            </LinearRing>
          </outerBoundaryIs>
        </Polygon>
      </Placemark>
      <Placemark xmlns="http://www.opengis.net/kml/2.2">
        <styleUrl>#Parti singole_style_map</styleUrl>
        <name>T02973</name>
        <Polygon>
          <outerBoundaryIs>
            <LinearRing>
              <coordinates>8.43322547735358,39.331593779997 8.433291442874,39.331595966582 8.43329085020082,39.3316090110165 8.43334819835916,39.331610795163 8.4333546228219,39.3315709816674 8.43329797296947,39.3315674979263 8.43329805447144,39.3315602808476 8.43322855321428,39.3315577256262 8.43322547735358,39.331593779997</coordinates>
            </LinearRing>
          </outerBoundaryIs>
        </Polygon>
      </Placemark>
      <Placemark xmlns="http://www.opengis.net/kml/2.2">
        <styleUrl>#Parti singole_style_map</styleUrl>
        <name>T01745</name>
        <Polygon>
          <outerBoundaryIs>
            <LinearRing>
              <coordinates>8.43333144253056,39.3312375493047 8.43337664411917,39.3312434641843 8.43338146114576,39.3312216640188 8.43333588631311,39.331214557926 8.43333144253056,39.3312375493047</coordinates>
            </LinearRing>
          </outerBoundaryIs>
        </Polygon>
      </Placemark>
      <Placemark xmlns="http://www.opengis.net/kml/2.2">
        <styleUrl>#Parti singole_style_map</styleUrl>
        <name>T01746</name>
        <Polygon>
          <outerBoundaryIs>
            <LinearRing>
              <coordinates>8.43394404717693,39.3316088125144 8.43394718292732,39.3316184961278 8.43402939714239,39.3316042179356 8.434037839848,39.3316305879333 8.4341304677465,39.3316155313631 8.43411854868625,39.3315771063232 8.43408348142388,39.3314640511545 8.43390804031682,39.3314972034253 8.43394404717693,39.3316088125144</coordinates>
            </LinearRing>
          </outerBoundaryIs>
        </Polygon>
      </Placemark>
      <Placemark xmlns="http://www.opengis.net/kml/2.2">
        <styleUrl>#Parti singole_style_map</styleUrl>
        <name>T01747</name>
        <Polygon>
          <outerBoundaryIs>
            <LinearRing>
              <coordinates>8.4322341332852,39.3341335871394 8.43247907681672,39.3340194470714 8.43245220741105,39.3339846793142 8.43242997372892,39.3339950411213 8.4323123995438,39.3340498283631 8.43221011741619,39.3340974906793 8.4322341332852,39.3341335871394</coordinates>
            </LinearRing>
          </outerBoundaryIs>
        </Polygon>
      </Placemark>
      <Placemark xmlns="http://www.opengis.net/kml/2.2">
        <styleUrl>#Parti singole_style_map</styleUrl>
        <name>T01748</name>
        <Polygon>
          <outerBoundaryIs>
            <LinearRing>
              <coordinates>8.43415283337708,39.3312621370098 8.43415540038393,39.3312660961319 8.43415982147564,39.3312689019079 8.434165323173,39.3312700730142 8.43417096738909,39.3312693976441 8.43417577854232,39.3312669972004 8.43417890627471,39.331263291044 8.4341798350139,39.331258907408 8.43417837287969,39.3312546202693 8.4341748039624,39.3312511698773 8.4341697153107,39.3312491357647 8.43416402057146,39.331248882799 8.43415867081323,39.3312504516487 8.43415461964812,39.3312535676247 8.43415255580593,39.3312577114637 8.43415283337708,39.3312621370098</coordinates>
            </LinearRing>
          </outerBoundaryIs>
        </Polygon>
      </Placemark>
      <Placemark xmlns="http://www.opengis.net/kml/2.2">
        <styleUrl>#Parti singole_style_map</styleUrl>
        <name>T01749</name>
        <Polygon>
          <outerBoundaryIs>
            <LinearRing>
              <coordinates>8.4193946916699,39.3337510004718 8.41940479565681,39.3338059252982 8.41940821639666,39.333827207326 8.41941541656062,39.3338264323119 8.4194568786811,39.3338215933278 8.419546512134,39.3338143816497 8.41960632409396,39.3337934151446 8.41960024519494,39.333770858379 8.41978645762138,39.3337162822169 8.41976746502318,39.3336558166346 8.41957626299846,39.333710457976 8.4194850102845,39.3337310873515 8.4193946916699,39.3337510004718</coordinates>
            </LinearRing>
          </outerBoundaryIs>
        </Polygon>
      </Placemark>
      <Placemark xmlns="http://www.opengis.net/kml/2.2">
        <styleUrl>#Parti singole_style_map</styleUrl>
        <name>T01750</name>
        <Polygon>
          <outerBoundaryIs>
            <LinearRing>
              <coordinates>8.4194048291714,39.3341103026386 8.41950509005306,39.3340807978157 8.41970281730953,39.3340650247216 8.41989651112579,39.334102033137 8.42002470655354,39.3341461033473 8.42012589130306,39.3342153584803 8.4202601235175,39.3343152339736 8.42044057759059,39.3345364417172 8.42060299758578,39.3346092453214 8.42073703204522,39.3346629851436 8.42083227182026,39.3348200631386 8.42088380925465,39.3348457295487 8.4209452118451,39.3348289151429 8.42117378874091,39.3345901012321 8.4212655779117,39.3344763939847 8.42128325276577,39.3344154803394 8.42122339708556,39.3343011086732 8.42102658257225,39.3341359565743 8.42085386991115,39.3339888551835 8.42065514146303,39.3337746753994 8.42064172929831,39.3336706265722 8.42046006918524,39.3335253722465 8.4203489072413,39.3334420111838 8.42032432964067,39.3334536024546 8.42041994077306,39.3335373365879 8.42043213211777,39.3335363160621 8.42044900587125,39.3335583859348 8.42037551022829,39.3335925302355 8.42037201613615,39.333594134728 8.42046465826746,39.3337142567487 8.42046649528688,39.3337166086503 8.42044319833105,39.3337276656913 8.42043469970035,39.3337170809761 8.42040487789179,39.3337314394122 8.42027063979311,39.3335621826265 8.42025961550811,39.3335483415041 8.42027455803414,39.3335373329688 8.42022779077589,39.3334961918737 8.42014517470863,39.3335247941205 8.41976746502318,39.3336558166346 8.41978645762138,39.3337162822169 8.41960024519494,39.333770858379 8.41960632409396,39.3337934151446 8.419546512134,39.3338143816497 8.4194568786811,39.3338215933278 8.41941541656062,39.3338264323119 8.41940821639666,39.333827207326 8.41941250567051,39.3338557021475 8.4194048291714,39.3341103026386</coordinates>
            </LinearRing>
          </outerBoundaryIs>
          <innerBoundaryIs>
            <LinearRing>
              <coordinates>8.42033625034252,39.3338785104349 8.42032816058762,39.3338886520698 8.42031517339526,39.3338876862922 8.42030860174759,39.3338826076211 8.42030865982225,39.3338755796629 8.42032257383445,39.3338626737761 8.42033381099096,39.3338648022066 8.42033625034252,39.3338785104349</coordinates>
            </LinearRing>
          </innerBoundaryIs>
          <innerBoundaryIs>
            <LinearRing>
              <coordinates>8.41984075023715,39.3336892509755 8.41982693676851,39.3336899930315 8.41981878332469,39.3336797704161 8.41982421577262,39.3336682639766 8.41984384231802,39.3336661092219 8.41986525742793,39.3336721630064 8.41985671545869,39.3336808606615 8.41985202088155,39.3336873248611 8.41984075023715,39.3336892509755</coordinates>
            </LinearRing>
          </innerBoundaryIs>
          <innerBoundaryIs>
            <LinearRing>
              <coordinates>8.42003879762884,39.3337889944626 8.42010258343127,39.3337504768954 8.42067934611804,39.3342719093057 8.42061463939845,39.3343095215409 8.42003879762884,39.3337889944626</coordinates>
            </LinearRing>
          </innerBoundaryIs>
        </Polygon>
      </Placemark>
      <Placemark xmlns="http://www.opengis.net/kml/2.2">
        <styleUrl>#Parti singole_style_map</styleUrl>
        <name>T01751</name>
        <Polygon>
          <outerBoundaryIs>
            <LinearRing>
              <coordinates>8.42026716266803,39.3334213300177 8.42027500381935,39.33342722597 8.42028585424834,39.3334199814801 8.42030837023701,39.3334051361366 8.4203489072413,39.3334420111838 8.42046006918524,39.3335253722465 8.42064172929831,39.3336706265722 8.42064571232502,39.3335957685368 8.42076789381511,39.3334828437695 8.4208901633731,39.3334435357055 8.42116971352736,39.33339654032 8.42027908379088,39.3332845188002 8.42027166784871,39.3333816158366 8.42026716266803,39.3334213300177</coordinates>
            </LinearRing>
          </outerBoundaryIs>
        </Polygon>
      </Placemark>
      <Placemark xmlns="http://www.opengis.net/kml/2.2">
        <styleUrl>#Parti singole_style_map</styleUrl>
        <name>T01753</name>
        <Polygon>
          <outerBoundaryIs>
            <LinearRing>
              <coordinates>8.42174831669449,39.3331083224142 8.42291294975129,39.3336203292435 8.4229911449449,39.3334928841215 8.42307472063047,39.3335238084718 8.42280320083302,39.3331928095875 8.42257664943538,39.3332798086386 8.42252400127916,39.333207309497 8.42275576691319,39.3331183180535 8.42247450224828,39.3325042297996 8.42206698349447,39.3328423100222 8.42174831669449,39.3331083224142</coordinates>
            </LinearRing>
          </outerBoundaryIs>
        </Polygon>
      </Placemark>
      <Placemark xmlns="http://www.opengis.net/kml/2.2">
        <styleUrl>#Parti singole_style_map</styleUrl>
        <name>T01754</name>
        <Polygon>
          <outerBoundaryIs>
            <LinearRing>
              <coordinates>8.42174831669449,39.3331083224142 8.42206698349447,39.3328423100222 8.42247450224828,39.3325042297996 8.4224428376093,39.3324437647951 8.42168859441275,39.3330777409687 8.42174831669449,39.3331083224142</coordinates>
            </LinearRing>
          </outerBoundaryIs>
        </Polygon>
      </Placemark>
      <Placemark xmlns="http://www.opengis.net/kml/2.2">
        <styleUrl>#Parti singole_style_map</styleUrl>
        <name>T01755</name>
        <Polygon>
          <outerBoundaryIs>
            <LinearRing>
              <coordinates>8.43180779985452,39.3333310327108 8.4323123995438,39.3340498283631 8.43242997372892,39.3339950411213 8.43193278561997,39.333283625787 8.43180779985452,39.3333310327108</coordinates>
            </LinearRing>
          </outerBoundaryIs>
        </Polygon>
      </Placemark>
      <Placemark xmlns="http://www.opengis.net/kml/2.2">
        <styleUrl>#Parti singole_style_map</styleUrl>
        <name>T01756</name>
        <Polygon>
          <outerBoundaryIs>
            <LinearRing>
              <coordinates>8.42283050704432,39.3316944591064 8.4236726593649,39.3312031248718 8.42377850632127,39.3311468195203 8.42426402170291,39.3309457917005 8.42472397118536,39.3308286410472 8.42532825028704,39.3307711759343 8.42530908531682,39.3307595927628 8.4252175031429,39.330702148351 8.42468854435171,39.3307726452965 8.42442175258508,39.3308386795869 8.42422378876795,39.3308873391662 8.42371104638399,39.331111956792 8.42328079381141,39.3313549302188 8.42285665791318,39.3316156111404 8.42283050704432,39.3316944591064</coordinates>
            </LinearRing>
          </outerBoundaryIs>
        </Polygon>
      </Placemark>
      <Placemark xmlns="http://www.opengis.net/kml/2.2">
        <styleUrl>#Parti singole_style_map</styleUrl>
        <name>T01757</name>
        <Polygon>
          <outerBoundaryIs>
            <LinearRing>
              <coordinates>8.43496013023681,39.332369749403 8.43568691632979,39.3317913381513 8.43542029330464,39.3318862143162 8.43527933095452,39.3318837639826 8.43513083562174,39.3318427746824 8.43509946007283,39.3318056068463 8.43501124540525,39.3321860646979 8.43496013023681,39.332369749403</coordinates>
            </LinearRing>
          </outerBoundaryIs>
        </Polygon>
      </Placemark>
      <Placemark xmlns="http://www.opengis.net/kml/2.2">
        <styleUrl>#Parti singole_style_map</styleUrl>
        <name>T02986</name>
        <Polygon>
          <outerBoundaryIs>
            <LinearRing>
              <coordinates>8.43975340736707,39.3357717575605 8.43985254632225,39.3360113036468 8.44006013092075,39.336311751607 8.44017758290347,39.3364275622176 8.44021869630478,39.3364286341097 8.44023214371865,39.336422914035 8.44033838620834,39.3363236421463 8.4402761616777,39.3363682604601 8.44018125002628,39.3363562611561 8.44011418650156,39.3362831689565 8.43990612360198,39.3360048217326 8.43981766149598,39.335778086088 8.43975340736707,39.3357717575605</coordinates>
            </LinearRing>
          </outerBoundaryIs>
        </Polygon>
      </Placemark>
      <Placemark xmlns="http://www.opengis.net/kml/2.2">
        <styleUrl>#Parti singole_style_map</styleUrl>
        <name>T02987</name>
        <Polygon>
          <outerBoundaryIs>
            <LinearRing>
              <coordinates>8.44021869630478,39.3364286341097 8.44026789528809,39.336429943129 8.44032746181162,39.3363956201303 8.44063831125389,39.3361106511427 8.44081292087037,39.3359121316763 8.44075044759373,39.33590362269 8.44064073161709,39.3360384880614 8.44033838620834,39.3363236421463 8.44023214371865,39.336422914035 8.44021869630478,39.3364286341097</coordinates>
            </LinearRing>
          </outerBoundaryIs>
        </Polygon>
      </Placemark>
      <Placemark xmlns="http://www.opengis.net/kml/2.2">
        <styleUrl>#Parti singole_style_map</styleUrl>
        <name>T02988</name>
        <Polygon>
          <outerBoundaryIs>
            <LinearRing>
              <coordinates>8.43992523421726,39.3351299596535 8.4399502323076,39.3351729163047 8.44013398380669,39.3353612118941 8.44030818235543,39.3357900256186 8.44038112950112,39.3357960802931 8.44043244386269,39.3358187004236 8.44062708889966,39.3357704298699 8.44106570093725,39.3354135028438 8.44115009656649,39.3352845434816 8.441090927615,39.3354205892373 8.44094804904796,39.3356198022878 8.440824622629,39.3358124318301 8.44075044759373,39.33590362269 8.44081292087037,39.3359121316763 8.44086379769826,39.3358542940696 8.44114771495295,39.335423276921 8.44121568308051,39.3352969057153 8.44124086471903,39.3351901972666 8.44121714680832,39.3351029600474 8.44114185081025,39.3350990751727 8.44103406739137,39.3353877337605 8.44051449125018,39.3357792413139 8.44037793308541,39.3357545982383 8.44018329338986,39.3353383911524 8.43999495273121,39.3351450186117 8.43993764795333,39.3350255147393 8.43992523421726,39.3351299596535</coordinates>
            </LinearRing>
          </outerBoundaryIs>
        </Polygon>
      </Placemark>
      <Placemark xmlns="http://www.opengis.net/kml/2.2">
        <styleUrl>#Parti singole_style_map</styleUrl>
        <name>T02989</name>
        <Polygon>
          <outerBoundaryIs>
            <LinearRing>
              <coordinates>8.44030818235543,39.3357900256186 8.44043895238739,39.3358551705078 8.44055897723999,39.3358258597539 8.44062708889966,39.3357704298699 8.44043244386269,39.3358187004236 8.44038112950112,39.3357960802931 8.44030818235543,39.3357900256186</coordinates>
            </LinearRing>
          </outerBoundaryIs>
        </Polygon>
      </Placemark>
      <Placemark xmlns="http://www.opengis.net/kml/2.2">
        <styleUrl>#Parti singole_style_map</styleUrl>
        <name>T02990</name>
        <Polygon>
          <outerBoundaryIs>
            <LinearRing>
              <coordinates>8.43953232656203,39.3337045217968 8.43958843238004,39.3339230553989 8.43959339734093,39.3342369087961 8.43984734396053,39.3349961559445 8.43992523421726,39.3351299596535 8.43993764795333,39.3350255147393 8.43990514379705,39.3349577248302 8.43965148304998,39.334210562366 8.4396517692554,39.33394667991 8.43960071703409,39.333721511867 8.43955823380909,39.3334520440136 8.43962804009908,39.3336345562413 8.43972476308065,39.334004753295 8.43984276630734,39.3342762066733 8.4399573444385,39.3344027172766 8.44029580521893,39.3346465957907 8.44041736832373,39.3346351064885 8.4400022318184,39.3343683778156 8.43991391995581,39.3342625468643 8.43979818730807,39.3340263809119 8.43968552094644,39.3336533679049 8.43963072152577,39.333518206524 8.43962755691758,39.3334263284098 8.43954493774575,39.3333764352433 8.43947912568626,39.3333925624383 8.43953232656203,39.3337045217968</coordinates>
            </LinearRing>
          </outerBoundaryIs>
        </Polygon>
      </Placemark>
      <Placemark xmlns="http://www.opengis.net/kml/2.2">
        <styleUrl>#Parti singole_style_map</styleUrl>
        <name>T02991</name>
        <Polygon>
          <outerBoundaryIs>
            <LinearRing>
              <coordinates>8.44041577485635,39.3347330438156 8.44051596199957,39.3347161623643 8.4405755957131,39.3346673955898 8.44076442433276,39.3343294967952 8.4408795849841,39.3339900902352 8.44101447282052,39.3336939210017 8.44112802567229,39.3333958379631 8.44124972041794,39.3331985502292 8.44132301534985,39.3331649774429 8.44143312083728,39.3331698943723 8.44193912727596,39.3333492819154 8.44226120022376,39.3334378328332 8.44196263581057,39.3333082704046 8.44146197855345,39.3331332427382 8.44134050901131,39.3331071054016 8.44127641713033,39.3331171146813 8.44121215149201,39.3331736987867 8.4410809317073,39.3333737880581 8.44104481858763,39.3334778489302 8.44093025165087,39.3337604378204 8.44080999183593,39.3339870795546 8.44069481745383,39.3343208904091 8.44055721500541,39.3345890322881 8.44045787269983,39.334641122172 8.44041736832373,39.3346351064885 8.44029580521893,39.3346465957907 8.44041577485635,39.3347330438156</coordinates>
            </LinearRing>
          </outerBoundaryIs>
        </Polygon>
      </Placemark>
      <Placemark xmlns="http://www.opengis.net/kml/2.2">
        <styleUrl>#Parti singole_style_map</styleUrl>
        <name>T02992</name>
        <Polygon>
          <outerBoundaryIs>
            <LinearRing>
              <coordinates>8.44193912727596,39.3333492819154 8.44226072985627,39.3334999134833 8.44230617913644,39.3335026813927 8.44239131120325,39.3334308426846 8.44242780979164,39.3332429938377 8.44235238763289,39.3332844143495 8.44231583050484,39.3334212179465 8.44226120022376,39.3334378328332 8.44193912727596,39.3333492819154</coordinates>
            </LinearRing>
          </outerBoundaryIs>
        </Polygon>
      </Placemark>
      <Placemark xmlns="http://www.opengis.net/kml/2.2">
        <styleUrl>#Parti singole_style_map</styleUrl>
        <name>T02993</name>
        <Polygon>
          <outerBoundaryIs>
            <LinearRing>
              <coordinates>8.44218582951264,39.3328394571205 8.44229140566124,39.332913453672 8.44236870237191,39.3331251494341 8.44237778794594,39.3331892942689 8.44235238763289,39.3332844143495 8.44242780979164,39.3332429938377 8.44243557664029,39.3332029970524 8.44242818184836,39.3331115132107 8.44233409745639,39.3329156767244 8.44229234264602,39.332861268872 8.44228628255445,39.3328120870896 8.44249824885296,39.3326883336614 8.44322884651047,39.3323620186113 8.44361912961976,39.3321724381858 8.44364225428097,39.3321284509954 8.44363790067853,39.3320717265678 8.44358022860406,39.332011223965 8.44350426192093,39.3320074545535 8.44357516172936,39.332070768698 8.44356877968976,39.3321366776217 8.44317050486023,39.3323464213514 8.44285377213565,39.3324800364292 8.44225621623373,39.3327454358199 8.44220549165991,39.3328006076718 8.44218582951264,39.3328394571205</coordinates>
            </LinearRing>
          </outerBoundaryIs>
        </Polygon>
      </Placemark>
      <Placemark xmlns="http://www.opengis.net/kml/2.2">
        <styleUrl>#Parti singole_style_map</styleUrl>
        <name>T02994</name>
        <Polygon>
          <outerBoundaryIs>
            <LinearRing>
              <coordinates>8.440044905878,39.3407827425944 8.44017665061143,39.3407399908674 8.44066224237565,39.339650164776 8.44091932586401,39.3392191005569 8.44084818096156,39.3393955279712 8.44082558991144,39.3395452561657 8.44082501502927,39.3398371328398 8.44080180159833,39.3402715560168 8.44088122615821,39.3406912717479 8.44093591716876,39.3408497512268 8.44098580964732,39.3408255904018 8.44093787785805,39.3407333440904 8.44085417606387,39.3402751597347 8.44088082880815,39.3398080987694 8.44087452285007,39.339600591041 8.44089670249072,39.3393889221902 8.44103606773384,39.3391030197713 8.44102440183989,39.3390380245143 8.44095873914194,39.3390740936329 8.44086198759313,39.3392138150631 8.44062087281654,39.3396242316382 8.4404421892168,39.3400150797255 8.44029365680779,39.3403644347548 8.44012278334584,39.3407024008009 8.44005345763519,39.3407261072815 8.440044905878,39.3407827425944</coordinates>
            </LinearRing>
          </outerBoundaryIs>
        </Polygon>
      </Placemark>
      <Placemark xmlns="http://www.opengis.net/kml/2.2">
        <styleUrl>#Parti singole_style_map</styleUrl>
        <name>T02995</name>
        <Polygon>
          <outerBoundaryIs>
            <LinearRing>
              <coordinates>8.43982687223616,39.3407515884298 8.440044905878,39.3407827425944 8.44005345763519,39.3407261072815 8.43996839187921,39.3407344560106 8.43988396960322,39.3406767603016 8.43986853311229,39.3405769119282 8.44002256301803,39.3402631035951 8.44004121043895,39.3397776767925 8.44001838089681,39.3395922554798 8.44001797359875,39.339426720312 8.44006171150889,39.3393027561856 8.44000446853035,39.3392884421352 8.43999041461666,39.3393322649671 8.43997048729043,39.3393995771098 8.43993395073392,39.3395952910114 8.43995944800264,39.3397677499627 8.43996480318761,39.3402451197353 8.43979952026653,39.3405716237517 8.43982687223616,39.3407515884298</coordinates>
            </LinearRing>
          </outerBoundaryIs>
        </Polygon>
      </Placemark>
      <Placemark xmlns="http://www.opengis.net/kml/2.2">
        <styleUrl>#Parti singole_style_map</styleUrl>
        <name>T02996</name>
        <Polygon>
          <outerBoundaryIs>
            <LinearRing>
              <coordinates>8.4400916058794,39.3392180565482 8.44021861516567,39.3388581278397 8.44036518110616,39.3378561184971 8.44030243719166,39.3381837744531 8.44022449290391,39.3386712408089 8.44020862040922,39.3387176049124 8.44013559285148,39.3388796960324 8.44002749480908,39.3392166666502 8.4400916058794,39.3392180565482</coordinates>
            </LinearRing>
          </outerBoundaryIs>
        </Polygon>
      </Placemark>
      <Placemark xmlns="http://www.opengis.net/kml/2.2">
        <styleUrl>#Parti singole_style_map</styleUrl>
        <name>T02997</name>
        <Polygon>
          <outerBoundaryIs>
            <LinearRing>
              <coordinates>8.44000446853035,39.3392884421352 8.44006171150889,39.3393027561856 8.4400916058794,39.3392180565482 8.44002749480908,39.3392166666502 8.44000446853035,39.3392884421352</coordinates>
            </LinearRing>
          </outerBoundaryIs>
        </Polygon>
      </Placemark>
      <Placemark xmlns="http://www.opengis.net/kml/2.2">
        <styleUrl>#Parti singole_style_map</styleUrl>
        <name>T01767</name>
        <Polygon>
          <outerBoundaryIs>
            <LinearRing>
              <coordinates>8.43969769810994,39.3357662630891 8.43975340736707,39.3357717575605 8.43981766149598,39.335778086088 8.43980197033127,39.3357378683983 8.43974473064826,39.3356581374441 8.43968278011133,39.3356742923526 8.43969769810994,39.3357662630891</coordinates>
            </LinearRing>
          </outerBoundaryIs>
        </Polygon>
      </Placemark>
      <Placemark xmlns="http://www.opengis.net/kml/2.2">
        <styleUrl>#Parti singole_style_map</styleUrl>
        <name>T02983</name>
        <Polygon>
          <outerBoundaryIs>
            <LinearRing>
              <coordinates>8.4402715054343,39.3387082662283 8.44036125975286,39.3381439874634 8.44044600008945,39.3376800442291 8.44064893032435,39.3371347541723 8.44074258117598,39.3369062727972 8.44084210465483,39.3367357665811 8.44086386158468,39.3366308709264 8.44080049517407,39.3365945870777 8.44050847628942,39.3370570472579 8.44035718373343,39.3371729252881 8.4402885725537,39.3372006000224 8.44031133600312,39.3372416175671 8.44038243061538,39.3372037277651 8.44055556547264,39.3370697984494 8.4407773002968,39.336725561425 8.44060572027595,39.3371157232821 8.44040177144552,39.3376650270804 8.44036518110616,39.3378561184971 8.44021861516567,39.3388581278397 8.4402715054343,39.3387082662283</coordinates>
            </LinearRing>
          </outerBoundaryIs>
        </Polygon>
      </Placemark>
      <Placemark xmlns="http://www.opengis.net/kml/2.2">
        <styleUrl>#Parti singole_style_map</styleUrl>
        <name>T02984</name>
        <Polygon>
          <outerBoundaryIs>
            <LinearRing>
              <coordinates>8.43983114000603,39.336593743325 8.43996733184042,39.3369565611893 8.44005127851009,39.3370805543865 8.44015420559879,39.3372354550438 8.44023490436646,39.3372823379936 8.44031133600312,39.3372416175671 8.4402885725537,39.3372006000224 8.44025184450911,39.3372097402178 8.44020659663796,39.3372018004017 8.44000636037895,39.336931041922 8.43988551859582,39.3366075751189 8.43988102985428,39.3365724843426 8.43983114000603,39.336593743325</coordinates>
            </LinearRing>
          </outerBoundaryIs>
        </Polygon>
      </Placemark>
      <Placemark xmlns="http://www.opengis.net/kml/2.2">
        <styleUrl>#Parti singole_style_map</styleUrl>
        <name>T02985</name>
        <Polygon>
          <outerBoundaryIs>
            <LinearRing>
              <coordinates>8.43974328367662,39.3360470449957 8.43983114000603,39.336593743325 8.43988102985428,39.3365724843426 8.43983973687843,39.3362509863698 8.43977673594764,39.3359816361503 8.43975340736707,39.3357717575605 8.43969769810994,39.3357662630891 8.43974328367662,39.3360470449957</coordinates>
            </LinearRing>
          </outerBoundaryIs>
        </Polygon>
      </Placemark>
      <Placemark xmlns="http://www.opengis.net/kml/2.2">
        <styleUrl>#Parti singole_style_map</styleUrl>
        <name>T03064</name>
        <Polygon>
          <outerBoundaryIs>
            <LinearRing>
              <coordinates>8.43463511071698,39.3182750283029 8.43490478775379,39.3182483696803 8.43462344465507,39.318224151809 8.43463511071698,39.3182750283029</coordinates>
            </LinearRing>
          </outerBoundaryIs>
        </Polygon>
      </Placemark>
      <Placemark xmlns="http://www.opengis.net/kml/2.2">
        <styleUrl>#Parti singole_style_map</styleUrl>
        <name>T03065</name>
        <Polygon>
          <outerBoundaryIs>
            <LinearRing>
              <coordinates>8.4349942041253,39.3182395230716 8.43496570198739,39.3181199581118 8.43490502000351,39.3181474790915 8.43484381975435,39.3181745289702 8.43487690419223,39.3182119215025 8.43490478775379,39.3182483696803 8.4349942041253,39.3182395230716</coordinates>
            </LinearRing>
          </outerBoundaryIs>
        </Polygon>
      </Placemark>
      <Placemark xmlns="http://www.opengis.net/kml/2.2">
        <styleUrl>#Parti singole_style_map</styleUrl>
        <name>T03066</name>
        <Polygon>
          <outerBoundaryIs>
            <LinearRing>
              <coordinates>8.43641073643813,39.3140378554868 8.43642829025489,39.3140388415857 8.43648991975389,39.3140444924257 8.43661520240395,39.3140421257026 8.43666293455923,39.3140392391761 8.43673429619805,39.3140463246463 8.43675565716517,39.3140484464446 8.43674861329977,39.3140184520646 8.43672963292687,39.3139972032566 8.43672559981446,39.3139924261274 8.43664783079021,39.3140292633779 8.43656116013119,39.3140348897659 8.43644711297284,39.3140334813491 8.43641802361496,39.3140317455536 8.43641073643813,39.3140378554868</coordinates>
            </LinearRing>
          </outerBoundaryIs>
        </Polygon>
      </Placemark>
      <Placemark xmlns="http://www.opengis.net/kml/2.2">
        <styleUrl>#Parti singole_style_map</styleUrl>
        <name>T03067</name>
        <Polygon>
          <outerBoundaryIs>
            <LinearRing>
              <coordinates>8.43649018831029,39.3139257789459 8.43655055966214,39.3139320904446 8.43663882993963,39.3138991246098 8.43661869782533,39.3138840875269 8.43658013432705,39.3139008136835 8.43649158207697,39.3138980960936 8.43649018831029,39.3139257789459</coordinates>
            </LinearRing>
          </outerBoundaryIs>
        </Polygon>
      </Placemark>
      <Placemark xmlns="http://www.opengis.net/kml/2.2">
        <styleUrl>#Parti singole_style_map</styleUrl>
        <name>T02998</name>
        <Polygon>
          <outerBoundaryIs>
            <LinearRing>
              <coordinates>8.433813482022,39.3246531753135 8.43389751278152,39.3246197945529 8.43395092471683,39.3244990422092 8.43418758103896,39.3243132237312 8.43446739290432,39.3240266058208 8.43466589425066,39.3236948094412 8.43477639263784,39.3236591238009 8.43485664504371,39.3236193264578 8.4348667562245,39.3235450381763 8.43472649933101,39.3235017366024 8.43453500403539,39.3235518622569 8.43457906417848,39.3237158992269 8.43451547367423,39.3237034493473 8.43452213360086,39.3237983632756 8.43440524645144,39.3240077418555 8.43414701867115,39.3242792367079 8.433889933711,39.3244807242274 8.433813482022,39.3246531753135</coordinates>
            </LinearRing>
          </outerBoundaryIs>
          <innerBoundaryIs>
            <LinearRing>
              <coordinates>8.43475129399574,39.323635303985 8.43474559257988,39.3235941879717 8.43480909113301,39.3235891802506 8.43481549298106,39.3236297590283 8.43475129399574,39.323635303985</coordinates>
            </LinearRing>
          </innerBoundaryIs>
        </Polygon>
      </Placemark>
      <Placemark xmlns="http://www.opengis.net/kml/2.2">
        <styleUrl>#Parti singole_style_map</styleUrl>
        <name>T02998</name>
        <Polygon>
          <outerBoundaryIs>
            <LinearRing>
              <coordinates>8.43440847364236,39.323664904454 8.43434000340016,39.3236678153444 8.43434341184545,39.3237199131513 8.43441130282939,39.3237169093368 8.43440847364236,39.323664904454</coordinates>
            </LinearRing>
          </outerBoundaryIs>
        </Polygon>
      </Placemark>
      <Placemark xmlns="http://www.opengis.net/kml/2.2">
        <styleUrl>#Parti singole_style_map</styleUrl>
        <name>T01822</name>
        <Polygon>
          <outerBoundaryIs>
            <LinearRing>
              <coordinates>8.43529839856572,39.3194606390877 8.43538665706322,39.3194387302018 8.43538027591437,39.3194056753788 8.43528331891078,39.3194302452151 8.43529839856572,39.3194606390877</coordinates>
            </LinearRing>
          </outerBoundaryIs>
        </Polygon>
      </Placemark>
      <Placemark xmlns="http://www.opengis.net/kml/2.2">
        <styleUrl>#Parti singole_style_map</styleUrl>
        <name>T03068</name>
        <Polygon>
          <outerBoundaryIs>
            <LinearRing>
              <coordinates>8.43279216835122,39.3303788336794 8.43278495651635,39.330390475884 8.43353363171193,39.3309336340128 8.43358178665974,39.3309401759144 8.4338558825761,39.330882418862 8.43400615386755,39.3306669682294 8.43320371069483,39.3302711456957 8.43302816232717,39.3304643330999 8.43279216835122,39.3303788336794</coordinates>
            </LinearRing>
          </outerBoundaryIs>
        </Polygon>
      </Placemark>
      <Placemark xmlns="http://www.opengis.net/kml/2.2">
        <styleUrl>#Parti singole_style_map</styleUrl>
        <name>T03069</name>
        <Polygon>
          <outerBoundaryIs>
            <LinearRing>
              <coordinates>8.43555748840055,39.3145509457719 8.43557774262533,39.3145522334406 8.43568714477301,39.3145760295626 8.4356926294028,39.3145589630428 8.43571575786409,39.3145634453743 8.43573977780777,39.3145320607929 8.43570862375024,39.3145201958921 8.43562420668232,39.3145080185386 8.43555748840055,39.3145509457719</coordinates>
            </LinearRing>
          </outerBoundaryIs>
        </Polygon>
      </Placemark>
      <Placemark xmlns="http://www.opengis.net/kml/2.2">
        <styleUrl>#Parti singole_style_map</styleUrl>
        <name>T03070</name>
        <Polygon>
          <outerBoundaryIs>
            <LinearRing>
              <coordinates>8.43582175919734,39.3145716365216 8.4358565333915,39.3145819330801 8.43588631054903,39.3145370784951 8.43585226587677,39.3145254969661 8.43582175919734,39.3145716365216</coordinates>
            </LinearRing>
          </outerBoundaryIs>
        </Polygon>
      </Placemark>
      <Placemark xmlns="http://www.opengis.net/kml/2.2">
        <styleUrl>#Parti singole_style_map</styleUrl>
        <name>T03071</name>
        <Polygon>
          <outerBoundaryIs>
            <LinearRing>
              <coordinates>8.4358565333915,39.3145819330801 8.43589262664644,39.3145926415017 8.43592006604922,39.3145485594954 8.43588631054903,39.3145370784951 8.4358565333915,39.3145819330801</coordinates>
            </LinearRing>
          </outerBoundaryIs>
        </Polygon>
      </Placemark>
      <Placemark xmlns="http://www.opengis.net/kml/2.2">
        <styleUrl>#Parti singole_style_map</styleUrl>
        <name>T03072</name>
        <Polygon>
          <outerBoundaryIs>
            <LinearRing>
              <coordinates>8.4349412257427,39.3146860056603 8.43496986205453,39.3146993813304 8.43511261449949,39.3146019400433 8.43518598791767,39.3145623162281 8.43523958735412,39.3145655139009 8.43516911806125,39.3145296519637 8.4349412257427,39.3146860056603</coordinates>
            </LinearRing>
          </outerBoundaryIs>
        </Polygon>
      </Placemark>
      <Placemark xmlns="http://www.opengis.net/kml/2.2">
        <styleUrl>#Parti singole_style_map</styleUrl>
        <name>T03073</name>
        <Polygon>
          <outerBoundaryIs>
            <LinearRing>
              <coordinates>8.43516911806125,39.3145296519637 8.43523958735412,39.3145655139009 8.43524695768665,39.3145505289965 8.43535389269079,39.3145652127402 8.43539341176803,39.3145061958354 8.43537389891266,39.3144574438476 8.43534625675314,39.3144488216923 8.43516911806125,39.3145296519637</coordinates>
            </LinearRing>
          </outerBoundaryIs>
        </Polygon>
      </Placemark>
      <Placemark xmlns="http://www.opengis.net/kml/2.2">
        <styleUrl>#Parti singole_style_map</styleUrl>
        <name>T03074</name>
        <Polygon>
          <outerBoundaryIs>
            <LinearRing>
              <coordinates>8.43523393338713,39.3226280380144 8.43515809547275,39.3228200280019 8.4355310673608,39.3229037537111 8.43553310749807,39.3228916271808 8.43557747070804,39.3228980769267 8.43554116474926,39.3227921343951 8.43551843558236,39.3228529021512 8.43525512279338,39.3227905261426 8.43531420605363,39.32264609748 8.43523393338713,39.3226280380144</coordinates>
            </LinearRing>
          </outerBoundaryIs>
        </Polygon>
      </Placemark>
      <Placemark xmlns="http://www.opengis.net/kml/2.2">
        <styleUrl>#Parti singole_style_map</styleUrl>
        <name>T03075</name>
        <Polygon>
          <outerBoundaryIs>
            <LinearRing>
              <coordinates>8.43515312619305,39.3226115347311 8.43523393338713,39.3226280380144 8.43531420605363,39.32264609748 8.4352899047587,39.3226140369518 8.43531957410373,39.322600358721 8.43530003555968,39.3225747188368 8.43534621451348,39.3225536509566 8.43538398048929,39.3226049603851 8.4354047741087,39.3226332194194 8.43538230774773,39.3226441663797 8.43552924259815,39.3226734069986 8.43554791355394,39.3226266334858 8.43559541588756,39.3224943811723 8.43570585266624,39.3225165603867 8.43575923365715,39.32244523914 8.43545162259818,39.3223818258889 8.43538841667364,39.3224082806037 8.43532284789939,39.3224357059694 8.43524204438399,39.3224202119524 8.43521765845538,39.322452018103 8.43519090473688,39.3225084747534 8.43515312619305,39.3226115347311</coordinates>
            </LinearRing>
          </outerBoundaryIs>
        </Polygon>
      </Placemark>
      <Placemark xmlns="http://www.opengis.net/kml/2.2">
        <styleUrl>#Parti singole_style_map</styleUrl>
        <name>T03076</name>
        <Polygon>
          <outerBoundaryIs>
            <LinearRing>
              <coordinates>8.43010415311153,39.329302567011 8.43013695168833,39.3293166513682 8.43016948439151,39.3293305265978 8.43020402842902,39.3292944319094 8.43019959779779,39.3292798630827 8.43017749084397,39.3292837032978 8.43013683517384,39.3292980512606 8.43012805332026,39.3292920854812 8.43010415311153,39.329302567011</coordinates>
            </LinearRing>
          </outerBoundaryIs>
        </Polygon>
      </Placemark>
      <Placemark xmlns="http://www.opengis.net/kml/2.2">
        <styleUrl>#Parti singole_style_map</styleUrl>
        <name>T03077</name>
        <Polygon>
          <outerBoundaryIs>
            <LinearRing>
              <coordinates>8.43028354288103,39.3293222530892 8.43041403454872,39.3292674052305 8.43036904055814,39.3292393375561 8.43033144855868,39.329255363118 8.43025503199281,39.3292414808197 8.43024368756168,39.3292545176671 8.43028354288103,39.3293222530892</coordinates>
            </LinearRing>
          </outerBoundaryIs>
        </Polygon>
      </Placemark>
      <Placemark xmlns="http://www.opengis.net/kml/2.2">
        <styleUrl>#Parti singole_style_map</styleUrl>
        <name>T01777</name>
        <Polygon>
          <outerBoundaryIs>
            <LinearRing>
              <coordinates>8.43228860112472,39.3303447541894 8.43295512334668,39.3305139317765 8.43278495651635,39.330390475884 8.43273394839457,39.3303539324514 8.432609246933,39.3303238543737 8.43261219985294,39.3303182824242 8.43255216792805,39.3303040831398 8.43254623035684,39.3303191492138 8.43228860112472,39.3303447541894</coordinates>
            </LinearRing>
          </outerBoundaryIs>
        </Polygon>
      </Placemark>
      <Placemark xmlns="http://www.opengis.net/kml/2.2">
        <styleUrl>#Parti singole_style_map</styleUrl>
        <name>T02888</name>
        <Polygon>
          <outerBoundaryIs>
            <LinearRing>
              <coordinates>8.41924925211637,39.3222354707005 8.41923548313866,39.3223432587409 8.42672789753742,39.3210136050702 8.43374415706035,39.3230366077154 8.43444832864727,39.3232971956572 8.43447789278148,39.3232419242271 8.43447901971156,39.3229725129183 8.43458780048764,39.3229770964605 8.43446090626189,39.3227153525768 8.43439882487026,39.3226885595988 8.43429394785916,39.322703457751 8.43416778561595,39.3226964466372 8.43413858131157,39.3226495395919 8.43415742254385,39.3225716895882 8.43438818511088,39.3223965645654 8.43441400968051,39.3222438704158 8.43437527019258,39.3220558111276 8.43452437507328,39.3215621245647 8.43453079193811,39.3213848271994 8.43442624407018,39.3211431953624 8.4341839366141,39.3210097414878 8.4341562397939,39.3209486050223 8.43420295711389,39.3208376414683 8.43403484117628,39.3209410763046 8.43402032847847,39.3209856982638 8.4340619510727,39.3210605986182 8.4340432038904,39.3211268254137 8.43397785801235,39.3211310127821 8.43389889056745,39.320983034936 8.43391871675077,39.3209124883259 8.43412012561636,39.3207084771218 8.43416360349355,39.320596416549 8.43414618183809,39.3205270403045 8.43406380464916,39.3203559788369 8.4339804147104,39.3202817763202 8.43392493200528,39.3202425805635 8.43376452014439,39.3200814112145 8.43351965354663,39.3198775707061 8.43332389672403,39.3197408275631 8.43326313749634,39.3196512365332 8.43319782699619,39.3195075596958 8.43318242409083,39.3194181896006 8.43312841922605,39.319454689703 8.43307883536209,39.3195614038986 8.43306684210855,39.3197105609837 8.43310732651295,39.3197968996061 8.43328914171661,39.3199936758933 8.43325474279821,39.3200300012407 8.43317202772384,39.320001665382 8.43302817356447,39.3198877011284 8.43270308134863,39.3197354590354 8.4326410284084,39.3197342553556 8.43258675988601,39.3196167627712 8.43237534450873,39.3196665511761 8.43198669141294,39.3194130782129 8.43207323951009,39.3192399566121 8.43223683543617,39.3191501986286 8.43250214507645,39.3193356698436 8.43262324350249,39.3192651668933 8.4324606271525,39.3192481545863 8.43233600012324,39.3191238309726 8.43227358942529,39.3190235087479 8.43223841945545,39.3189830597219 8.43218012289947,39.3189764677705 8.43213826333397,39.3189886079691 8.43206655055863,39.3190343921653 8.4318235861421,39.3190408647748 8.43169905839417,39.3190620621591 8.43158620643421,39.3190452917267 8.43144087275863,39.3189713253402 8.4313808651488,39.3188752493646 8.43130085529722,39.3188282734555 8.43122373282775,39.3188258239748 8.43114529607231,39.3188710340924 8.43107513151941,39.3190119771862 8.43104837402416,39.3190500512701 8.43068671508007,39.3193739250066 8.43053757421814,39.3193831968042 8.43053047256338,39.3194792600821 8.43052519520012,39.3195506432469 8.42876110433162,39.3197368934789 8.42859238160018,39.319660574068 8.42812125887708,39.3194474831147 8.42812768651273,39.3192850536181 8.42785997201755,39.3192679687246 8.4277930770669,39.3192488976622 8.427710971291,39.3190039461253 8.42770598982772,39.3188893067979 8.42774569601259,39.3187287530298 8.42768738199193,39.3186817011517 8.4274196243429,39.3186702016088 8.42729938904463,39.318591758182 8.42718547896122,39.3185627238615 8.42703998359687,39.3185376787476 8.42697142383872,39.3186515954622 8.42652721642274,39.3190103711606 8.4260827164717,39.3188368876384 8.42596724337503,39.3191266393948 8.42513101570761,39.3195743916022 8.42515372879524,39.3202430000226 8.42476164980073,39.3204811042195 8.42452627865971,39.3208341466331 8.42424464656793,39.3207594969701 8.42401214754608,39.3208893600986 8.4232103288008,39.3206045270954 8.42324427756557,39.321061262255 8.42233942844422,39.3209618009761 8.42194966579365,39.3213395713445 8.42194566891897,39.3214304683736 8.42188864946572,39.321508126663 8.42182058012567,39.3215048148766 8.42180143239136,39.3215196772941 8.42178073409542,39.321525611514 8.42175781743622,39.3215191901908 8.42173209201737,39.3215016718713 8.42155639609576,39.3216778565372 8.42156346772688,39.3217347485416 8.42147103706132,39.3218439478266 8.42138244059355,39.3218257563259 8.42131988724908,39.3218428356214 8.42120535991896,39.3217617111611 8.42120058148167,39.3217643905643 8.42119116513166,39.3217667765736 8.42117485693498,39.3217608385457 8.42117099678751,39.321750637369 8.42117130384959,39.3217415381981 8.42116925963081,39.321736211777 8.42098610909215,39.3216064488543 8.42098067258803,39.3216185860958 8.42097146004599,39.3216384536522 8.42094846388201,39.3216416731085 8.42093331871252,39.3216213238871 8.42093150280468,39.3216164491278 8.42092734304179,39.3216144460911 8.4209141164114,39.3216005940441 8.42090454610662,39.3215794616163 8.42090945167245,39.321561374744 8.42092059764389,39.32156025885 8.42024878143075,39.3210844873299 8.42004660727846,39.3210672605358 8.41999923630518,39.321100183351 8.42000657719057,39.3211664478118 8.42001915892087,39.3211740794378 8.42002952096948,39.3211835922208 8.42001507112916,39.3211914495029 8.42000881890414,39.3211899766368 8.42004795634113,39.3215497845238 8.4194620698687,39.3219761268344 8.41925110057335,39.3220401303022 8.41922045233473,39.3221128729834 8.41924925211637,39.3222354707005</coordinates>
            </LinearRing>
          </outerBoundaryIs>
          <innerBoundaryIs>
            <LinearRing>
              <coordinates>8.43213586376375,39.3202601720599 8.43230449876551,39.3202361258646 8.43231118318452,39.3199977380396 8.43265763853373,39.3199612232545 8.4327806529205,39.320170508596 8.43308214799371,39.3200273581447 8.4331650924509,39.3200703824615 8.4333295858155,39.3200850601744 8.43343147098246,39.3201960263744 8.43335819270342,39.3202345051464 8.43337967180514,39.3202610108224 8.43335727305004,39.3204346260663 8.43305677284701,39.3206267997207 8.43304268529159,39.3208054112246 8.43311091490351,39.320946849695 8.4331333807901,39.3210953637145 8.43305965804893,39.3211456440069 8.43308080163096,39.3215440154434 8.43283196939806,39.321600830774 8.43269288047225,39.3214423770148 8.43264958646766,39.3213878319763 8.43248174766414,39.3213417801005 8.43240517969628,39.3212560761854 8.43225826019521,39.3209759406301 8.43212263307893,39.320633686878 8.43213586376375,39.3202601720599</coordinates>
            </LinearRing>
          </innerBoundaryIs>
          <innerBoundaryIs>
            <LinearRing>
              <coordinates>8.43381196563416,39.3220288771869 8.43373136421251,39.3216059591228 8.43391226712152,39.3213115609473 8.43422846991251,39.3214289267542 8.43408799900684,39.3216582671714 8.43415046311998,39.3219864771062 8.43381196563416,39.3220288771869</coordinates>
            </LinearRing>
          </innerBoundaryIs>
        </Polygon>
      </Placemark>
      <Placemark xmlns="http://www.opengis.net/kml/2.2">
        <styleUrl>#Parti singole_style_map</styleUrl>
        <name>T02931</name>
        <Polygon>
          <outerBoundaryIs>
            <LinearRing>
              <coordinates>8.43531586284559,39.3150123803101 8.43544506381821,39.315077276806 8.43558841332386,39.3149069839295 8.43545767724122,39.3148424768668 8.43531586284559,39.3150123803101</coordinates>
            </LinearRing>
          </outerBoundaryIs>
        </Polygon>
      </Placemark>
      <Placemark xmlns="http://www.opengis.net/kml/2.2">
        <styleUrl>#Parti singole_style_map</styleUrl>
        <name>T02928</name>
        <Polygon>
          <outerBoundaryIs>
            <LinearRing>
              <coordinates>8.43630778979709,39.3137533423022 8.43629182596257,39.3137594822712 8.43634432174149,39.3139665211093 8.43632635265113,39.3140028098771 8.43638618157736,39.3140217877497 8.43643748602179,39.3139654857079 8.4364402928209,39.3138998541115 8.43640712330307,39.3137380369785 8.43636259820553,39.3137373617265 8.4363638817149,39.3136858542881 8.43640841837887,39.3136865295956 8.4364518660746,39.3136292343566 8.43640511385091,39.3136263488237 8.43639572185652,39.3136579476844 8.43633005101786,39.3136430290563 8.43632978158062,39.3136494393881 8.43638433910054,39.3136603632676 8.43633715359456,39.3136948795701 8.43632056752949,39.3136947271227 8.43632563259309,39.3137154400245 8.43633436405338,39.3137143650143 8.43635103985193,39.3137394592627 8.43633842547683,39.3137416147555 8.43635026753589,39.313772082939 8.43636057753653,39.3137694387182 8.43638866131371,39.3138357306753 8.43639510065622,39.3138340858982 8.43641852849751,39.3138893893792 8.43637260451998,39.3139011239741 8.43634917671116,39.3138458204842 8.4363210928951,39.3137795375283 8.43630778979709,39.3137533423022</coordinates>
            </LinearRing>
          </outerBoundaryIs>
        </Polygon>
      </Placemark>
      <Placemark xmlns="http://www.opengis.net/kml/2.2">
        <styleUrl>#Parti singole_style_map</styleUrl>
        <name>T02929</name>
        <Polygon>
          <outerBoundaryIs>
            <LinearRing>
              <coordinates>8.43633140184149,39.3136108908382 8.43633005101786,39.3136430290563 8.43639572185652,39.3136579476844 8.43640511385091,39.3136263488237 8.4364518660746,39.3136292343566 8.43639607376411,39.3136175206036 8.43637352290175,39.3136465967173 8.43633685924227,39.3136405261446 8.43635524095095,39.3136135112896 8.43633140184149,39.3136108908382</coordinates>
            </LinearRing>
          </outerBoundaryIs>
        </Polygon>
      </Placemark>
      <Placemark xmlns="http://www.opengis.net/kml/2.2">
        <styleUrl>#Parti singole_style_map</styleUrl>
        <name>T02933</name>
        <Polygon>
          <outerBoundaryIs>
            <LinearRing>
              <coordinates>8.43659283119816,39.3131960742523 8.43666941137714,39.3130846684691 8.4366119923669,39.3130704600139 8.43645624177152,39.3132055225886 8.43635063634485,39.3131323764472 8.43635803925116,39.3131161751932 8.43629719624255,39.3130776844189 8.43609867776686,39.3130279298836 8.43614849307801,39.3129056810889 8.43624950435687,39.3129326347818 8.43626762769176,39.312887219017 8.43636650619151,39.3126394827974 8.4363878919299,39.3125864508289 8.43642589066097,39.3125807509834 8.43634115297244,39.3124859813309 8.43631342148377,39.3125073462872 8.43636138657714,39.3125576686719 8.43629207824932,39.3127356528639 8.43615036557232,39.3128429582896 8.43601963394231,39.312721077816 8.43592208691336,39.3127812823421 8.43595140815225,39.3128089519239 8.43604722347947,39.3128993423343 8.43586700010615,39.3130138674423 8.43577155790654,39.3129232444194 8.43575559150047,39.3129080742088 8.43590039508678,39.3128160572399 8.43575209662963,39.3126761511595 8.43572048585388,39.3126418386121 8.43570309596387,39.3126248323352 8.43566072916513,39.3126515595437 8.43537738916162,39.3125985899881 8.43537822028892,39.3124303478849 8.4353798153789,39.3121137497588 8.43534516679173,39.3121009757479 8.43556670933845,39.3119383099656 8.43577798300295,39.3117831808884 8.43598986255939,39.3116275948175 8.43555611368307,39.3117904034179 8.43538982305096,39.3118558875736 8.43505443076053,39.3119944464739 8.4347767210535,39.3120277253457 8.43491476734862,39.3122736648113 8.43507231789281,39.3125492716446 8.43478742610311,39.3126055918327 8.43476615068094,39.3127672289339 8.43536085024348,39.3128017260317 8.43533440299139,39.31310466055 8.43552541827922,39.3131137781704 8.43564836325518,39.3133572736678 8.43587112234865,39.3135156432743 8.43591785298824,39.3134742318376 8.4359600109763,39.3132208956877 8.43604923649102,39.3130804924039 8.43606810978157,39.3130341522143 8.43618144430813,39.3130619856667 8.43611332260514,39.3132293069226 8.43602520160594,39.3132076687878 8.4360065876784,39.3132404852999 8.43596644375993,39.3134582753633 8.4360287550386,39.3136027922642 8.43604536350165,39.313598709875 8.43612456016452,39.313763915839 8.4362122107984,39.3139467604356 8.43630042187309,39.3139226339791 8.43630104092168,39.3140376664193 8.43618192129147,39.314084349818 8.43611309666117,39.3140805651786 8.43602672083039,39.3139975011701 8.43590331507324,39.3138182675269 8.43572968399163,39.3137775895826 8.43565699027492,39.3137573325346 8.43554247030064,39.3137455407166 8.43532124549146,39.3137281038699 8.43533817472859,39.3137519289966 8.43530501319462,39.313769050385 8.43531227705299,39.3137788261122 8.4353388316668,39.313814465815 8.43552108464008,39.3137667019913 8.43563023381747,39.3137857393377 8.4357536883305,39.3138491331112 8.43582148611459,39.3138839545327 8.43588275814005,39.3139153022184 8.43590770479093,39.3139562142115 8.43590642300785,39.3139973594494 8.4358781090471,39.3140362651266 8.43595285970029,39.3140488729915 8.43593818202725,39.3141013697212 8.43586343124864,39.3140887708569 8.43581698447536,39.3141207855777 8.43578668200077,39.3141473100219 8.43575350554967,39.3141763795319 8.4356518701529,39.3142008909813 8.43557015975367,39.3141983680705 8.43560201416729,39.3141259872124 8.43561694884134,39.3140920536275 8.43562374263655,39.3140766243809 8.43555493639595,39.3140604589239 8.43552206266371,39.3141571814894 8.43551402842596,39.3141970414824 8.43546377022986,39.3141909226917 8.43544979230485,39.3142602095174 8.43539306783556,39.3142533024256 8.43538998700297,39.3142685874873 8.43538624169226,39.3142871672066 8.43540639710211,39.3142891932954 8.43545460599648,39.3143294613839 8.43552926842852,39.3143400867587 8.43569380385538,39.314362357261 8.43580213247023,39.3143869139694 8.4357876621144,39.314425138878 8.43570862375024,39.3145201958921 8.43573977780777,39.3145320607929 8.43571575786409,39.3145634453743 8.4357104694119,39.3145806389952 8.43598557374407,39.31466638445 8.43601089357156,39.3146276804905 8.4359521651612,39.3146102756076 8.43596215043602,39.3145932038643 8.43592294421087,39.3145801376122 8.43593673552482,39.3145542359077 8.43592006604922,39.3145485594954 8.43589262664644,39.3145926415017 8.4358565333915,39.3145819330801 8.43582175919734,39.3145716365216 8.43577847973873,39.3145587937539 8.43580152719138,39.31452572847 8.43575485019406,39.314509859673 8.43576338888683,39.3144952588477 8.43575471289222,39.3144923063416 8.43576262799092,39.3144788017861 8.43577878873871,39.3144842685097 8.43579339498541,39.3144565596419 8.43597768108329,39.314519734575 8.43599542796979,39.3144995917983 8.43605081614156,39.3144793882083 8.43609624789507,39.3144972151636 8.4362417014905,39.3145542724629 8.4362390472936,39.3145583414064 8.43643559219255,39.3146305225546 8.43628491759392,39.3147714663399 8.43613654704482,39.3147150257001 8.43613141507524,39.3147228580764 8.43607903940478,39.3147882284639 8.43621066937739,39.3148391816841 8.4363152268755,39.3149160081982 8.43637364482484,39.3147554158398 8.43649672699451,39.3146516241888 8.43654984287324,39.3146095856613 8.43666819117896,39.3145810455228 8.43677139465905,39.3145577391907 8.43683396443673,39.3145156471855 8.43688591805155,39.3144131236694 8.43679923921657,39.3142404302396 8.43679771833452,39.3142333675697 8.43641288671153,39.3141962453835 8.43635685773147,39.3141908378916 8.4363598252287,39.3141780842358 8.43638617498713,39.314064507017 8.43642161541661,39.3140683730598 8.43642829025489,39.3140388415857 8.43641073643813,39.3140378554868 8.43641802361496,39.3140317455536 8.43645903699642,39.313997397556 8.43647469058588,39.313975000922 8.43649018831029,39.3139257789459 8.43649158207697,39.3138980960936 8.43658013432705,39.3139008136835 8.43661869782533,39.3138840875269 8.43660887390592,39.3138767503689 8.43656444526337,39.3138163533395 8.4365568652465,39.3138040351668 8.43651035881986,39.3136990345444 8.43650974401643,39.3135776496383 8.43650808648422,39.3134459965938 8.43654778062907,39.3133057134336 8.43659283119816,39.3131960742523</coordinates>
            </LinearRing>
          </outerBoundaryIs>
          <innerBoundaryIs>
            <LinearRing>
              <coordinates>8.43649833064066,39.3145067593911 8.43643608251458,39.3144856433536 8.4364803405705,39.3144069338213 8.43654258856838,39.3144280588452 8.43649833064066,39.3145067593911</coordinates>
            </LinearRing>
          </innerBoundaryIs>
          <innerBoundaryIs>
            <LinearRing>
              <coordinates>8.43623963365689,39.3137876848672 8.4362442848185,39.3137978263212 8.43625963614131,39.3139271849386 8.43620397440404,39.3139251851634 8.4361868188778,39.3138009538425 8.43614227176617,39.3136513780722 8.43622666376978,39.3136593379626 8.43623963365689,39.3137876848672</coordinates>
            </LinearRing>
          </innerBoundaryIs>
          <innerBoundaryIs>
            <LinearRing>
              <coordinates>8.43625282729795,39.3135833971799 8.43623965142922,39.3136395865695 8.43614758411941,39.3136297423136 8.43615157086252,39.3136041805144 8.43604104202796,39.3135663047937 8.43599617486216,39.313403202485 8.43628733368806,39.3134363129951 8.43628476366537,39.3134472394229 8.43625282729795,39.3135833971799</coordinates>
            </LinearRing>
          </innerBoundaryIs>
          <innerBoundaryIs>
            <LinearRing>
              <coordinates>8.43587597010954,39.314302437157 8.43586686603592,39.3143426524103 8.43579125002694,39.3143323199773 8.43572047727246,39.314322659751 8.43546194208317,39.3142884356396 8.4354698369486,39.3142471603091 8.43549206077073,39.314250169566 8.43549787289282,39.3142197869636 8.43556112607455,39.3142283656113 8.4355629542649,39.3142188322465 8.43564284248287,39.3142243738875 8.43576459606593,39.3141949771552 8.4358194217029,39.3141567046744 8.43592029741256,39.3141213406214 8.43588788151433,39.3142318787738 8.43587597010954,39.314302437157</coordinates>
            </LinearRing>
          </innerBoundaryIs>
          <innerBoundaryIs>
            <LinearRing>
              <coordinates>8.4361465432709,39.3143442155218 8.43613827595309,39.3143856963372 8.43589625191632,39.3143565811353 8.43590453097237,39.3143151003941 8.43593882136919,39.3141430649096 8.43622900610118,39.3141779639571 8.43621178308977,39.3142643282756 8.43616362176576,39.3142585263095 8.4361465432709,39.3143442155218</coordinates>
            </LinearRing>
          </innerBoundaryIs>
          <innerBoundaryIs>
            <LinearRing>
              <coordinates>8.43643748602179,39.3139654857079 8.43638618157736,39.3140217877497 8.43632635265113,39.3140028098771 8.43634432174149,39.3139665211093 8.43629182596257,39.3137594822712 8.43633505006169,39.3139299544902 8.4363282014545,39.3139345783563 8.43627462780608,39.313705474683 8.43629260723608,39.3136493390709 8.43632978158062,39.3136494393881 8.43633140184149,39.3136108908382 8.43635524095095,39.3136135112896 8.4363579290338,39.3136095506342 8.43636555039005,39.313570481511 8.43637302719607,39.313532078472 8.43637824144196,39.3135053151896 8.43638619298885,39.3134496771517 8.43639528348953,39.3133908728957 8.43639737706877,39.3133843863881 8.43641287734142,39.3133362817452 8.43642386366212,39.3133144031414 8.43642849360683,39.3133098481802 8.43648866993253,39.3132507957962 8.43650455872191,39.313238833281 8.43655361478036,39.313261650886 8.43655623875078,39.313262539543 8.43651227245478,39.3133236429878 8.43649130411596,39.3133136140081 8.4364755780521,39.313337285769 8.43645935495186,39.3133292263211 8.4364472741853,39.3133501715337 8.43644193259211,39.3133480101434 8.43643620262326,39.3133927831414 8.43642807133493,39.3134563676709 8.43642164717229,39.3135066968509 8.43641757678403,39.313506569005 8.43641120065042,39.3135350206551 8.43640243101946,39.3135740842187 8.43639607376411,39.3136175206036 8.4364518660746,39.3136292343566 8.43643748602179,39.3139654857079</coordinates>
            </LinearRing>
          </innerBoundaryIs>
        </Polygon>
      </Placemark>
      <Placemark xmlns="http://www.opengis.net/kml/2.2">
        <styleUrl>#Parti singole_style_map</styleUrl>
        <name>T02934</name>
        <Polygon>
          <outerBoundaryIs>
            <LinearRing>
              <coordinates>8.43632978158062,39.3136494393881 8.43629260723608,39.3136493390709 8.43627462780608,39.313705474683 8.4363282014545,39.3139345783563 8.43633505006169,39.3139299544902 8.43629182596257,39.3137594822712 8.43630778979709,39.3137533423022 8.43630475234236,39.3137473625609 8.43630522025594,39.3137179812293 8.43630559373268,39.313694582485 8.43632978158062,39.3136494393881</coordinates>
            </LinearRing>
          </outerBoundaryIs>
        </Polygon>
      </Placemark>
      <Placemark xmlns="http://www.opengis.net/kml/2.2">
        <styleUrl>#Parti singole_style_map</styleUrl>
        <name>T02886</name>
        <Polygon>
          <outerBoundaryIs>
            <LinearRing>
              <coordinates>8.43540039698634,39.3213228771724 8.43544750839119,39.3213271155301 8.43545144147143,39.3212930394171 8.43542684894706,39.3212538217291 8.43542124396583,39.3212529019744 8.43541247943394,39.3212514637497 8.43540039698634,39.3213228771724</coordinates>
            </LinearRing>
          </outerBoundaryIs>
        </Polygon>
      </Placemark>
      <Placemark xmlns="http://www.opengis.net/kml/2.2">
        <styleUrl>#Parti singole_style_map</styleUrl>
        <name>T02887</name>
        <Polygon>
          <outerBoundaryIs>
            <LinearRing>
              <coordinates>8.43545144147143,39.3212930394171 8.43545542672705,39.3212585112222 8.43542684894706,39.3212538217291 8.43545144147143,39.3212930394171</coordinates>
            </LinearRing>
          </outerBoundaryIs>
        </Polygon>
      </Placemark>
      <Placemark xmlns="http://www.opengis.net/kml/2.2">
        <styleUrl>#Parti singole_style_map</styleUrl>
        <name>T02890</name>
        <Polygon>
          <outerBoundaryIs>
            <LinearRing>
              <coordinates>8.43499043567902,39.3214139031387 8.43519258854694,39.3215713087816 8.43550533485357,39.3214287467371 8.43547246185362,39.3214087592421 8.43549146580796,39.3213394890339 8.43544750839119,39.3213271155301 8.43544038986408,39.3213885873247 8.43538964280923,39.321386358703 8.43540039698634,39.3213228771724 8.43529365601026,39.3213087530624 8.43514921615503,39.3211889677514 8.43510025501148,39.3212315123263 8.43507566990036,39.3212679309133 8.43501350031894,39.3213530945089 8.43499043567902,39.3214139031387</coordinates>
            </LinearRing>
          </outerBoundaryIs>
        </Polygon>
      </Placemark>
      <Placemark xmlns="http://www.opengis.net/kml/2.2">
        <styleUrl>#Parti singole_style_map</styleUrl>
        <name>T02891</name>
        <Polygon>
          <outerBoundaryIs>
            <LinearRing>
              <coordinates>8.43549146580796,39.3213394890339 8.43547246185362,39.3214087592421 8.43550533485357,39.3214287467371 8.43555139434864,39.3214077508904 8.4355064921575,39.3214014328362 8.43552460652384,39.3213488177478 8.43549146580796,39.3213394890339</coordinates>
            </LinearRing>
          </outerBoundaryIs>
        </Polygon>
      </Placemark>
      <Placemark xmlns="http://www.opengis.net/kml/2.2">
        <styleUrl>#Parti singole_style_map</styleUrl>
        <name>T02935</name>
        <Polygon>
          <outerBoundaryIs>
            <LinearRing>
              <coordinates>8.43514921615503,39.3211889677514 8.43529365601026,39.3213087530624 8.43540039698634,39.3213228771724 8.43541247943394,39.3212514637497 8.43542684894706,39.3212538217291 8.43541871480368,39.3212382815919 8.43541230879333,39.3212363801543 8.43537806394738,39.3212028594197 8.43542307891002,39.321144785401 8.435488585942,39.321083693561 8.43555835595571,39.3210176513257 8.4355512991533,39.3209926321715 8.43514921615503,39.3211889677514</coordinates>
            </LinearRing>
          </outerBoundaryIs>
        </Polygon>
      </Placemark>
      <Placemark xmlns="http://www.opengis.net/kml/2.2">
        <styleUrl>#Parti singole_style_map</styleUrl>
        <name>T02936</name>
        <Polygon>
          <outerBoundaryIs>
            <LinearRing>
              <coordinates>8.43545144147143,39.3212930394171 8.43547285192453,39.3213342494438 8.43549146580796,39.3213394890339 8.43553200664662,39.3213273273371 8.43546865719166,39.321244834266 8.43545550558235,39.3212175296012 8.43559828275789,39.321159184781 8.4355826889282,39.3211039211945 8.43550417508579,39.3210687502621 8.43542307891002,39.321144785401 8.43537806394738,39.3212028594197 8.43541230879333,39.3212363801543 8.43541871480368,39.3212382815919 8.43542684894706,39.3212538217291 8.43545542672705,39.3212585112222 8.43545144147143,39.3212930394171</coordinates>
            </LinearRing>
          </outerBoundaryIs>
        </Polygon>
      </Placemark>
      <Placemark xmlns="http://www.opengis.net/kml/2.2">
        <styleUrl>#Parti singole_style_map</styleUrl>
        <name>T02937</name>
        <Polygon>
          <outerBoundaryIs>
            <LinearRing>
              <coordinates>8.43550417508579,39.3210687502621 8.4355826889282,39.3211039211945 8.43555835595571,39.3210176513257 8.43550417508579,39.3210687502621</coordinates>
            </LinearRing>
          </outerBoundaryIs>
        </Polygon>
      </Placemark>
      <Placemark xmlns="http://www.opengis.net/kml/2.2">
        <styleUrl>#Parti singole_style_map</styleUrl>
        <name>T02938</name>
        <Polygon>
          <outerBoundaryIs>
            <LinearRing>
              <coordinates>8.43547285192453,39.3213342494438 8.43545144147143,39.3212930394171 8.43544750839119,39.3213271155301 8.43547285192453,39.3213342494438</coordinates>
            </LinearRing>
          </outerBoundaryIs>
        </Polygon>
      </Placemark>
      <Placemark xmlns="http://www.opengis.net/kml/2.2">
        <styleUrl>#Parti singole_style_map</styleUrl>
        <name>T02939</name>
        <Polygon>
          <outerBoundaryIs>
            <LinearRing>
              <coordinates>8.43439889156708,39.3227177091995 8.43447481191745,39.3227388747588 8.43458271365483,39.3229389118656 8.43462293125038,39.3230156253099 8.43448835159828,39.322996409329 8.43448874901939,39.3230637023846 8.43448273883369,39.3232639156155 8.43444622586563,39.3233349938889 8.43516018724284,39.3235993555048 8.43521255155248,39.3236184959565 8.43518772975425,39.3234939571537 8.4355882353701,39.3234463427744 8.43560949057432,39.3235528430015 8.43565175153387,39.323548758988 8.43575082096761,39.3235391837406 8.43575962102801,39.3235730161545 8.43566032267193,39.3235865279284 8.43562061493425,39.3235919308684 8.43564195877148,39.3237162724939 8.43551653402552,39.3237312702876 8.4358496328391,39.3238531505736 8.43606207555789,39.323883230806 8.43615219514646,39.3238787028168 8.43634899802016,39.3238931003686 8.4365735487159,39.3239077851656 8.43679091800699,39.3238646948718 8.43684672056087,39.3237951959961 8.43684880396262,39.3237090557867 8.43667902973623,39.3235316531514 8.43654251658106,39.3234033929705 8.43631579533248,39.3233023941188 8.43619304275595,39.3232347063506 8.43604753683169,39.3231068705519 8.43593579398242,39.3229858120646 8.43582920759615,39.3228352417435 8.4358479337905,39.3226704566769 8.43593091745792,39.3225028024575 8.43600748109377,39.3223703304588 8.43610432330539,39.3221598348319 8.43602633903664,39.3218974736767 8.43601858410006,39.3216238833525 8.43597982862184,39.3213593695675 8.43599120070833,39.3212117139682 8.43608796271175,39.3210052276371 8.43614066130819,39.3208424903605 8.43615444130458,39.3207517213038 8.43607540391312,39.3206725675322 8.4359292842267,39.320605901526 8.43583164709842,39.3205186289553 8.43580675694038,39.3204227886464 8.43573365756493,39.3202486827084 8.4357004130683,39.3201963951314 8.43561315032719,39.32005109037 8.43560193902202,39.3199723914606 8.4356697581159,39.3199086190652 8.43571721559619,39.3198826824913 8.4357955959928,39.3198471464076 8.43567056500954,39.3198414489548 8.43552906897918,39.3198146046928 8.43565807477608,39.3198525524972 8.43561175484524,39.3199389917355 8.43558371264614,39.3199351252955 8.43555854136931,39.3200084575785 8.43553465277836,39.3200780747011 8.43534050853196,39.3200359270357 8.4353455000345,39.3200211017951 8.4353164198978,39.3200150316664 8.43530467597698,39.3200342933859 8.43524682419554,39.3200184151994 8.43524252077749,39.3200226923637 8.43520199889144,39.3200242797327 8.43518012719312,39.3200335085234 8.43517392402546,39.3200475349409 8.43517371099792,39.320065356873 8.43519766874352,39.3200852154171 8.43525063583423,39.320119947121 8.43527630382732,39.3200973830374 8.4352700730466,39.320093216925 8.4353130540192,39.3200556170911 8.43535864680621,39.3200855733745 8.43531757637924,39.3201250567038 8.43531082917176,39.3201216359666 8.43528643791767,39.3201426744535 8.43528884037512,39.3201454163276 8.43535787713856,39.3201351009057 8.43541880680542,39.3201663930896 8.4354013349473,39.3202127128818 8.43541235530111,39.3202531158321 8.4352067260353,39.3202844927589 8.43527813010115,39.32027842386 8.43534752307499,39.3202887354363 8.43556017448756,39.3203203493915 8.43556328215567,39.3203681116365 8.43556912743204,39.3204577233764 8.43557190484616,39.3205003930291 8.43574448100507,39.3204492390677 8.43580621335509,39.3208546445893 8.43585366642692,39.3208308864454 8.43586429327795,39.3208056362632 8.43586458612683,39.3207692032111 8.43580219047823,39.3205887523857 8.43584546378573,39.3205545519144 8.43587902273141,39.3205941853356 8.43590491053722,39.3206155643127 8.43603465882679,39.3206840020001 8.4360940326697,39.3207541225658 8.43605778003853,39.3208875398928 8.4360959236172,39.3208971707713 8.43604296040443,39.3210021691638 8.43598460092012,39.3211300815888 8.4359667186852,39.3211934178538 8.43594261606379,39.3213822204586 8.43586118173302,39.3213548370795 8.43578946590894,39.3214152133886 8.4357746674121,39.3215271438669 8.43576996964966,39.3215437823831 8.43575678488282,39.3215904800931 8.43573564476672,39.321626812021 8.43562070302057,39.3216613394761 8.43550155873832,39.3215703499285 8.43552966972175,39.3215313530188 8.43552975654551,39.3215205580423 8.43551488089473,39.3214260261295 8.43519258854694,39.3215713087816 8.43499043567902,39.3214139031387 8.43500962575959,39.3214842159293 8.43512087215316,39.3215972805166 8.43523621755676,39.3216680961844 8.43531084587151,39.3217488059648 8.43529101903005,39.3218440868906 8.4352915019103,39.3219123895602 8.43532090589796,39.3220354638677 8.43529093722261,39.3221152063429 8.43520638027493,39.3221481170269 8.43497409888882,39.3222010075696 8.43476992197489,39.3222817868432 8.43470085818537,39.3223311897422 8.43458573828782,39.3224598241907 8.4344264475721,39.3225805036775 8.43426017734661,39.3227264867939 8.43439889156708,39.3227177091995</coordinates>
            </LinearRing>
          </outerBoundaryIs>
          <innerBoundaryIs>
            <LinearRing>
              <coordinates>8.43584666858602,39.3231063651376 8.43589593878023,39.3231524860211 8.43585851635718,39.3231694787401 8.43581262188037,39.3231233832235 8.43584666858602,39.3231063651376</coordinates>
            </LinearRing>
          </innerBoundaryIs>
          <innerBoundaryIs>
            <LinearRing>
              <coordinates>8.43572335447561,39.3226296021164 8.43577983068853,39.3226393732191 8.43576469273489,39.3226940391665 8.43571017138346,39.3226835296597 8.43572335447561,39.3226296021164</coordinates>
            </LinearRing>
          </innerBoundaryIs>
          <innerBoundaryIs>
            <LinearRing>
              <coordinates>8.4360911473752,39.3232942860907 8.43614732386943,39.3233284382329 8.43611067051344,39.3233623296257 8.43605352860723,39.3233270464615 8.4360911473752,39.3232942860907</coordinates>
            </LinearRing>
          </innerBoundaryIs>
          <innerBoundaryIs>
            <LinearRing>
              <coordinates>8.43569906172793,39.3229369438262 8.43575152477389,39.3229177894846 8.43578530482099,39.3229656734422 8.43573380112831,39.3229867066561 8.43569906172793,39.3229369438262</coordinates>
            </LinearRing>
          </innerBoundaryIs>
          <innerBoundaryIs>
            <LinearRing>
              <coordinates>8.43563050682238,39.3227889095694 8.4356800222053,39.3226890781048 8.43571662610462,39.3227017173208 8.4356744234371,39.3227967185542 8.43563050682238,39.3227889095694</coordinates>
            </LinearRing>
          </innerBoundaryIs>
          <innerBoundaryIs>
            <LinearRing>
              <coordinates>8.43557167923361,39.3201288759057 8.43565127277598,39.3201459316682 8.43563028442384,39.3202054439752 8.43555115743907,39.3201895077764 8.43557167923361,39.3201288759057</coordinates>
            </LinearRing>
          </innerBoundaryIs>
          <innerBoundaryIs>
            <LinearRing>
              <coordinates>8.43573720856103,39.323028955845 8.43578044021498,39.3230108740267 8.43581285482787,39.3230540027692 8.43584759941366,39.3231002514575 8.43580483117671,39.3231198493279 8.43577045739422,39.3230736564892 8.43573720856103,39.323028955845</coordinates>
            </LinearRing>
          </innerBoundaryIs>
          <innerBoundaryIs>
            <LinearRing>
              <coordinates>8.43574875203619,39.3227763997893 8.43579380707312,39.3227695900539 8.43582277673194,39.3228992218268 8.43577579280448,39.322906409673 8.43574875203619,39.3227763997893</coordinates>
            </LinearRing>
          </innerBoundaryIs>
          <innerBoundaryIs>
            <LinearRing>
              <coordinates>8.43531526644284,39.3231169693163 8.43535559604393,39.3231423857332 8.43542703339729,39.3231801264279 8.43549163217799,39.3232142386659 8.43548179931037,39.3232280582554 8.43551257660913,39.3232425254422 8.43549049996824,39.3232699006276 8.43546024917413,39.3232505522476 8.43546563061925,39.3232449647627 8.43539883806917,39.3232081116527 8.4353300402773,39.3231696088424 8.43528924410806,39.3231430638274 8.43531526644284,39.3231169693163</coordinates>
            </LinearRing>
          </innerBoundaryIs>
          <innerBoundaryIs>
            <LinearRing>
              <coordinates>8.43507638635674,39.3228016911352 8.43515809547275,39.3228200280019 8.43523393338713,39.3226280380144 8.43515312619305,39.3226115347311 8.43519090473688,39.3225084747534 8.43513979504242,39.322494990026 8.43516897025395,39.3224389235898 8.43521765845538,39.322452018103 8.43524204438399,39.3224202119524 8.43532284789939,39.3224357059694 8.43530341024908,39.3224032996172 8.43536784084641,39.3223745892332 8.43543270227618,39.3223456736604 8.43545162259818,39.3223818258889 8.43575923365715,39.32244523914 8.43570585266624,39.3225165603867 8.43561364356725,39.3226397564586 8.43554791355394,39.3226266334858 8.43552924259815,39.3226734069986 8.43557989579053,39.3226845375746 8.43554116474926,39.3227921343951 8.43557747070804,39.3228980769267 8.43557631008906,39.3229558382233 8.435588215419,39.3229771429709 8.43556089092696,39.3230411117687 8.43551026502638,39.323027998986 8.43547038890752,39.3231019626783 8.43498403695486,39.3230530797558 8.43507638635674,39.3228016911352</coordinates>
            </LinearRing>
          </innerBoundaryIs>
        </Polygon>
      </Placemark>
      <Placemark xmlns="http://www.opengis.net/kml/2.2">
        <styleUrl>#Parti singole_style_map</styleUrl>
        <name>T02940</name>
        <Polygon>
          <outerBoundaryIs>
            <LinearRing>
              <coordinates>8.43551488089473,39.3214260261295 8.43552975654551,39.3215205580423 8.43550155873832,39.3215703499285 8.43562070302057,39.3216613394761 8.43573564476672,39.321626812021 8.43575678488282,39.3215904800931 8.43576996964966,39.3215437823831 8.4357746674121,39.3215271438669 8.43578946590894,39.3214152133886 8.43586118173302,39.3213548370795 8.43594261606379,39.3213822204586 8.4359667186852,39.3211934178538 8.43598460092012,39.3211300815888 8.43604296040443,39.3210021691638 8.4360959236172,39.3208971707713 8.43605778003853,39.3208875398928 8.43598888872829,39.3210288955151 8.43594512123522,39.3210705154768 8.435893808153,39.3211863171969 8.43584244066515,39.3213088657518 8.43555139434864,39.3214077508904 8.43551488089473,39.3214260261295</coordinates>
            </LinearRing>
          </outerBoundaryIs>
        </Polygon>
      </Placemark>
      <Placemark xmlns="http://www.opengis.net/kml/2.2">
        <styleUrl>#Parti singole_style_map</styleUrl>
        <name>T02941</name>
        <Polygon>
          <outerBoundaryIs>
            <LinearRing>
              <coordinates>8.43594512123522,39.3210705154768 8.43598888872829,39.3210288955151 8.43605778003853,39.3208875398928 8.4360940326697,39.3207541225658 8.43603465882679,39.3206840020001 8.43590491053722,39.3206155643127 8.43587902273141,39.3205941853356 8.43584546378573,39.3205545519144 8.43580219047823,39.3205887523857 8.43586458612683,39.3207692032111 8.43586429327795,39.3208056362632 8.43585366642692,39.3208308864454 8.43580621335509,39.3208546445893 8.43583016044188,39.3208835622877 8.43577203270852,39.3208725747602 8.43565089766144,39.3209311098058 8.43562694836337,39.320992729806 8.43555835595571,39.3210176513257 8.4355826889282,39.3211039211945 8.4359311837197,39.3209132399014 8.43601312236332,39.3209318544158 8.43594512123522,39.3210705154768</coordinates>
            </LinearRing>
          </outerBoundaryIs>
        </Polygon>
      </Placemark>
      <Placemark xmlns="http://www.opengis.net/kml/2.2">
        <styleUrl>#Parti singole_style_map</styleUrl>
        <name>T02942</name>
        <Polygon>
          <outerBoundaryIs>
            <LinearRing>
              <coordinates>8.43577203270852,39.3208725747602 8.43561430972142,39.3208345045331 8.43560916126742,39.3209121238837 8.4355512991533,39.3209926321715 8.43555835595571,39.3210176513257 8.43562694836337,39.320992729806 8.43565089766144,39.3209311098058 8.43577203270852,39.3208725747602</coordinates>
            </LinearRing>
          </outerBoundaryIs>
        </Polygon>
      </Placemark>
      <Placemark xmlns="http://www.opengis.net/kml/2.2">
        <styleUrl>#Parti singole_style_map</styleUrl>
        <name>T02926</name>
        <MultiGeometry>
          <Polygon>
            <outerBoundaryIs>
              <LinearRing>
                <coordinates>8.43168366149381,39.3190782150331 8.43183634595321,39.319059570026 8.4320693093195,39.3190518591664 8.43219474082243,39.3189949297553 8.43224489799608,39.3189952826827 8.43235510187106,39.3191472886678 8.43246751614175,39.3192612715862 8.43256099291992,39.3192769825251 8.43263593062835,39.3192742393706 8.43265960632973,39.3192815092534 8.43263626460507,39.3194252226146 8.43269152283566,39.3195666521591 8.43270800959383,39.3197644070924 8.43286324522937,39.3198407809451 8.43301367437623,39.3199004435344 8.43318887545288,39.3200270582448 8.43325699314172,39.3200530072531 8.43330328687623,39.3200219029235 8.43328202185974,39.3199760795506 8.43313091977023,39.3198144050322 8.4330702357694,39.3197270128561 8.43309303398843,39.3195829904044 8.43316054079341,39.3194518276718 8.43320203134908,39.3194178796565 8.43319730329947,39.3195135131508 8.43320267819358,39.3195273976415 8.43325379320664,39.319654840303 8.43333817545295,39.3197668746756 8.43350880116137,39.3198897993069 8.43372953000411,39.3200659499102 8.43390211865715,39.3202477137189 8.43400900377242,39.3203214088747 8.43407496210008,39.3203821638529 8.43415096356031,39.3205555370555 8.43416055272575,39.3206697750144 8.43405403824786,39.3208334389876 8.43392772214851,39.3209322203038 8.4338982503532,39.3210178217392 8.43398076202479,39.32114923733 8.43403200533611,39.3211603894717 8.43406095456773,39.3211136842129 8.43404641449153,39.3210638749756 8.43402890026871,39.321010293847 8.434052484192,39.3209628596591 8.43422562474372,39.32084341037 8.43417713689251,39.3209077895396 8.43415789197727,39.320956632491 8.43418259559482,39.3210163577548 8.43443573807305,39.3211699759636 8.43453179902155,39.321375019554 8.43451822419248,39.3215566702859 8.43444538986932,39.3218408258172 8.43438648784148,39.3220702555926 8.43441640711091,39.3222515590999 8.43439233430835,39.3223970532903 8.43435679858542,39.3224376083998 8.43416647383455,39.3225814470366 8.43413460049457,39.3226598193386 8.43417989250913,39.3227243482649 8.43426017734661,39.3227264867939 8.4344264475721,39.3225805036775 8.43458573828782,39.3224598241907 8.43470085818537,39.3223311897422 8.43476992197489,39.3222817868432 8.43497409888882,39.3222010075696 8.43520638027493,39.3221481170269 8.43529093722261,39.3221152063429 8.43532090589796,39.3220354638677 8.4352915019103,39.3219123895602 8.43529101903005,39.3218440868906 8.43531084587151,39.3217488059648 8.43523621755676,39.3216680961844 8.43512087215316,39.3215972805166 8.43500962575959,39.3214842159293 8.43499043567902,39.3214139031387 8.43501350031894,39.3213530945089 8.43507566990036,39.3212679309133 8.43510025501148,39.3212315123263 8.43514921615503,39.3211889677514 8.4355512991533,39.3209926321715 8.43560916126742,39.3209121238837 8.43561430972142,39.3208345045331 8.43551251833177,39.3207430666681 8.43546468601587,39.3206943755545 8.43543399700777,39.3205710066804 8.43542215489865,39.3205447824291 8.4353921334338,39.3204783277257 8.43528827507343,39.3204535670743 8.43515709909439,39.3204545341131 8.43511077684497,39.3204359185544 8.43507135590657,39.3203943774849 8.43504399606811,39.3203475156488 8.43500305068952,39.3202806383575 8.43499013032776,39.3202385141271 8.43498610558487,39.3202211401647 8.43501964020894,39.3201465330803 8.43503704369791,39.3201058536488 8.43511435686182,39.3200141768069 8.43529072262257,39.3198321809685 8.43535096503446,39.3197960164995 8.4354133126409,39.3197880023209 8.4354609323549,39.319799586778 8.43550271296871,39.3198087911149 8.43552906897918,39.3198146046928 8.43567056500954,39.3198414489548 8.4357955959928,39.3198471464076 8.43579853007413,39.3198458090477 8.43596275238962,39.3198350357901 8.43610799546181,39.3197969222486 8.4361912247618,39.3197079314866 8.43627435077847,39.3196404394562 8.43620787325734,39.3196470554597 8.43619994107484,39.3196626233772 8.43614005202163,39.3196664239228 8.43613951726113,39.3196607897054 8.43610805901102,39.3196633944666 8.43610946660252,39.3196455783213 8.43610004504105,39.3196443792952 8.43609934445944,39.3196853741324 8.43601712128965,39.319686678542 8.43601473933909,39.3196308553336 8.43605499839791,39.3196301854881 8.43605476081887,39.3196178848664 8.4360299581141,39.3194129897109 8.43626990657376,39.319395059256 8.43631781035387,39.3193914798978 8.43625276257234,39.3192576726351 8.43622399830951,39.3190678871097 8.43622785294447,39.3187872976273 8.4361823009937,39.3185949077503 8.4361304753964,39.3184383856821 8.43616076496253,39.3186043005465 8.43621430590624,39.3188895653813 8.43606098880232,39.3189120605956 8.43588805668127,39.3187409848495 8.43587219805128,39.3188060546 8.43564004904125,39.3187991978709 8.4356429643506,39.3188059609546 8.43564666696274,39.3188056995882 8.43565474541549,39.3188051260573 8.43575681613449,39.318803773999 8.43576483791205,39.3188059213874 8.43576688835178,39.3188077154316 8.43576928785679,39.3188165935018 8.43578410773315,39.3188720986022 8.43579552098253,39.3189126926537 8.43573699402359,39.3189174096708 8.43566186940065,39.3189232625741 8.43552518144029,39.3189363495866 8.43552167311291,39.3189167795577 8.43550307461812,39.318918608569 8.43550151978746,39.3188970206333 8.43549653349331,39.3188967891936 8.43548934751478,39.3188613967222 8.43548868166204,39.3188562033845 8.43545531412383,39.3188611414619 8.43546033732518,39.3188870713186 8.43547002200218,39.318927657013 8.43547309540309,39.3189508201629 8.43561418196892,39.3189288250453 8.43561880238558,39.3189471479931 8.43528339871431,39.3189949975257 8.43525976173989,39.3188949461998 8.43523128421406,39.3186396006764 8.43548255673073,39.3186773492579 8.43548143142097,39.3184336070078 8.43565530021825,39.3184331440601 8.43564947207015,39.31820722899 8.43586343229111,39.3182036893646 8.43586767594882,39.3180134240292 8.43565613106961,39.3180138396912 8.4356550901744,39.318104346149 8.43536629731601,39.3182174605729 8.43521487022554,39.3179749440019 8.43556616346296,39.3178345066982 8.43560698031264,39.3178206031349 8.43560780613951,39.3178203278128 8.43561175349852,39.317708831735 8.43566475130173,39.3177121344246 8.43571805437873,39.3177019947503 8.43573158836622,39.3177558086472 8.43610361081747,39.3177595317874 8.4361009033885,39.3179420374477 8.43618788848611,39.3179426392687 8.4361959093809,39.3178235759855 8.43636923069275,39.317823208431 8.436366167027,39.3177496850829 8.43628034003344,39.3175846905411 8.43623453292543,39.3175902353498 8.43612744065853,39.3176031961816 8.43613221780592,39.3176280075077 8.43580415524638,39.3176639190575 8.43578835812559,39.3174933437983 8.43597845123012,39.3174714687576 8.43600924522732,39.3173983798627 8.43618872400551,39.3173692715666 8.43623982459548,39.3173820079124 8.43621348075905,39.3174441074778 8.43617929579286,39.3174483660088 8.43618922074455,39.3174893943379 8.43621558923254,39.3174863323763 8.4362601983957,39.3174811692257 8.43633171038465,39.3173746229461 8.43635880713572,39.3173400904395 8.43633241362129,39.3173246084889 8.43631281824284,39.3173235133652 8.43629406168274,39.317337857468 8.43628578063286,39.3172813478835 8.43626665610878,39.3172635133307 8.43625950622651,39.3172727055422 8.43624468839385,39.3173064865762 8.43624211241498,39.3173123580175 8.43620442818106,39.3173522365385 8.43617800310172,39.3173377996301 8.43617255677666,39.3173486400226 8.43614094576052,39.3173429542998 8.43602072969146,39.3173665740431 8.43606159440272,39.3172687007291 8.43610982171302,39.3172795399871 8.43612538756775,39.3172291830838 8.43606271001113,39.3172092541693 8.43609132445283,39.3172298379383 8.43606363384681,39.3172574203282 8.43600405815438,39.3173076539734 8.43598477111816,39.3173331505825 8.43594072055122,39.3173381000818 8.43594245457808,39.3173475065496 8.43569788483045,39.3174692971896 8.43568205937847,39.3174999555934 8.43568546178192,39.3175774272485 8.43547151580992,39.3176284705233 8.43531334540696,39.3176691336206 8.43530707358882,39.31766721095 8.43529971662992,39.3176761678207 8.43534896837647,39.3177009968229 8.43526958117633,39.3178057111491 8.43521312050846,39.3178305405922 8.43514600021136,39.3178653380413 8.43510364046536,39.3178878841294 8.43501985791682,39.3179145631367 8.43497384680874,39.3178920924925 8.43492444909776,39.3179401493913 8.43492143300505,39.317943036155 8.43496180552221,39.3179757064672 8.43501361612334,39.3180458173076 8.43501546634771,39.318049421524 8.43508550391639,39.3180240453876 8.435106345808,39.3180562153297 8.43503537209383,39.3180883629054 8.43496971870796,39.3181181394582 8.43496570198739,39.3181199581118 8.4349942041253,39.3182395230716 8.43490478775379,39.3182483696803 8.43463511071698,39.3182750283029 8.43462344465507,39.318224151809 8.43462205355046,39.318224036921 8.43438897424845,39.3182018821875 8.43392674703357,39.3182598878186 8.43387842609135,39.3180348111203 8.43383127160254,39.3178161646307 8.43413593641116,39.3177761711624 8.43429155507635,39.3177557350739 8.43464499379222,39.3175909733401 8.43478043409393,39.3174458489161 8.43487951992367,39.3175023402058 8.43501245063275,39.317359068512 8.4351332773301,39.3174268202992 8.43517981732499,39.3173720004894 8.43523145181138,39.3173111502669 8.43525483893357,39.3172835922377 8.43528948171429,39.3172988441582 8.43526543516204,39.3173290661319 8.43526926754378,39.3173328511684 8.43521892317359,39.3173919506031 8.43517270073695,39.317446231334 8.43528714178542,39.3174685745566 8.43532093891599,39.3173885262159 8.43537206008997,39.3174001277061 8.43533389551789,39.3174809027428 8.43535703718095,39.3174925125973 8.43539196958201,39.3174818694174 8.43546469789213,39.3174651202451 8.43544884686359,39.3173734685555 8.43538979512406,39.3173786874493 8.43534436353761,39.3173764936218 8.43534626349368,39.3173378653738 8.43541057993278,39.3173371863652 8.43541184060114,39.317311692474 8.4354466475911,39.317312302913 8.4354468574776,39.3173366866262 8.43548984108619,39.3173403642952 8.43548945507643,39.3173321087087 8.43555098182249,39.3173220360466 8.43555026227826,39.3173523712594 8.43557882137109,39.3173134668769 8.4355652117653,39.3172777368744 8.4356574517759,39.3172464850681 8.4356971942462,39.3172377573565 8.43571179936026,39.3172708700869 8.43582572892322,39.3173294149071 8.43581364071622,39.3172010813207 8.43593074492303,39.3170940895992 8.43584859952551,39.3170543419602 8.43578985768873,39.3169488853037 8.43582931209237,39.3168908230876 8.43592233179165,39.3168332008083 8.43609438369135,39.3169255646482 8.43599170689875,39.3170676507067 8.43605711116121,39.3171120206267 8.43604186803381,39.3170933308236 8.43609493036362,39.3170625555226 8.43616294631023,39.3170345198131 8.43619006556168,39.3170737212314 8.43612541291509,39.3171032870402 8.43607048187318,39.3171284216684 8.43601515759079,39.3171750626769 8.43605093432848,39.3172007901911 8.43621909403825,39.3170803044963 8.43642894862144,39.3169303125856 8.43659501244565,39.3170650055306 8.43656832020508,39.3169205533976 8.43653147753843,39.3167039131854 8.43646795650598,39.3162848195816 8.43631793850835,39.3162857777699 8.43613733010347,39.3165309551263 8.4358596619746,39.3166795724632 8.43577628899605,39.3166757170699 8.43567047403754,39.316628078351 8.43549635183797,39.3164312619099 8.43522422964755,39.3164945561899 8.43510337404456,39.3166799482908 8.43498347986485,39.3167919355319 8.43494769422824,39.3169561602023 8.43494248835507,39.3169875458836 8.43492597669628,39.3170573068765 8.43484080325754,39.3171531173709 8.43470708194547,39.3172058735153 8.43458449139811,39.3172319040895 8.43442741299955,39.3172781758896 8.4342057932544,39.3173429297145 8.43409745487804,39.3174082972996 8.43398892193992,39.3174114546299 8.43391442060249,39.3172582182261 8.43368123282004,39.317225492114 8.43358799616663,39.3171343284486 8.43339884826312,39.3170563757114 8.43331115138688,39.3171139047572 8.43307399642726,39.3169606232574 8.43285118484583,39.3169603752129 8.43275116237592,39.3170832427083 8.43261918752717,39.3171020169706 8.43258185972411,39.3172884174751 8.43262506862676,39.3173660923739 8.43252373219674,39.3175466211131 8.43244884692557,39.3176980484115 8.43246253504262,39.3177654874653 8.4324286358043,39.3178147001831 8.43211013276133,39.3179161099775 8.43200996685244,39.3180305692178 8.4320792490025,39.3181072903347 8.43210788511308,39.3182498336778 8.43203745669749,39.3182774767819 8.43191728462537,39.3184586879088 8.43215741094663,39.3185131309308 8.43208251610412,39.3186139003185 8.43204327437847,39.3187139877187 8.43194964880735,39.3187483024939 8.43180650072316,39.318885862074 8.43163694803628,39.3189118763988 8.431579282372,39.3188574769829 8.43149778189723,39.3188498702497 8.43132657249323,39.31880975624 8.4312975490542,39.3188383131229 8.43138685670464,39.3189031754692 8.43142603653735,39.3189726765043 8.4315448908324,39.3190561368428 8.43168366149381,39.3190782150331</coordinates>
              </LinearRing>
            </outerBoundaryIs>
            <innerBoundaryIs>
              <LinearRing>
                <coordinates>8.43492874837059,39.3188110089445 8.43499550257804,39.31880884625 8.43499742330108,39.3188512504592 8.43493068362737,39.3188530437907 8.43492874837059,39.3188110089445</coordinates>
              </LinearRing>
            </innerBoundaryIs>
            <innerBoundaryIs>
              <LinearRing>
                <coordinates>8.43549704039482,39.3169500147954 8.43557556074508,39.3168909077716 8.43560954014294,39.3169222853615 8.43553248473332,39.3169795343208 8.43549704039482,39.3169500147954</coordinates>
              </LinearRing>
            </innerBoundaryIs>
            <innerBoundaryIs>
              <LinearRing>
                <coordinates>8.43536651810508,39.3172094184042 8.43530624890318,39.317278029958 8.43526826079069,39.3172590133915 8.43532854472935,39.3171900144728 8.43537656053668,39.31713483231 8.43541355054141,39.3171553487684 8.43536651810508,39.3172094184042</coordinates>
              </LinearRing>
            </innerBoundaryIs>
            <innerBoundaryIs>
              <LinearRing>
                <coordinates>8.43577744261967,39.3169723517799 8.43574612004915,39.3170044037614 8.43574849697426,39.3170074248321 8.43571291973267,39.3170319413238 8.43564958855597,39.3170731459685 8.43561462217609,39.3170447641339 8.43567645756942,39.3170020384706 8.43571356333676,39.3169764120892 8.43573661151386,39.3169476899488 8.43577744261967,39.3169723517799</coordinates>
              </LinearRing>
            </innerBoundaryIs>
            <innerBoundaryIs>
              <LinearRing>
                <coordinates>8.43579146917801,39.3168710685254 8.43571962764799,39.3169521939672 8.43567878108203,39.316930902007 8.43574857654925,39.3168503343344 8.43578218026709,39.3168115624928 8.43582455105911,39.3168337178165 8.43579146917801,39.3168710685254</coordinates>
              </LinearRing>
            </innerBoundaryIs>
            <innerBoundaryIs>
              <LinearRing>
                <coordinates>8.43576019453246,39.3167470840981 8.43570126669351,39.3168307500797 8.43565961106093,39.3168899008683 8.43564193659305,39.3168821921558 8.43562528923375,39.3169054398509 8.43559013003994,39.3168923931224 8.4356075147011,39.3168683380548 8.43562331655051,39.3168752267335 8.43566567557666,39.316816601985 8.43572797635924,39.3167303843591 8.43576019453246,39.3167470840981</coordinates>
              </LinearRing>
            </innerBoundaryIs>
            <innerBoundaryIs>
              <LinearRing>
                <coordinates>8.43487459790778,39.3215642319298 8.43495835892781,39.321585444275 8.43491288980024,39.3217028387388 8.43482876672144,39.3216819129411 8.43487459790778,39.3215642319298</coordinates>
              </LinearRing>
            </innerBoundaryIs>
            <innerBoundaryIs>
              <LinearRing>
                <coordinates>8.43613917488086,39.3190247387185 8.43615360550168,39.3190652031899 8.43615320267694,39.3190806904616 8.43614428297402,39.3190805661332 8.43614963890913,39.3191387555261 8.43616848484053,39.3193429550109 8.43594168085639,39.3193549839737 8.43592584228678,39.3191505106971 8.4359102430761,39.3191472092629 8.4359567457625,39.318919547618 8.43589348534107,39.3188564910482 8.43594511714773,39.3188407836284 8.43602734154994,39.3188955071956 8.43605669561545,39.3189381795394 8.4361084323146,39.3190133805171 8.43613917488086,39.3190247387185</coordinates>
              </LinearRing>
            </innerBoundaryIs>
            <innerBoundaryIs>
              <LinearRing>
                <coordinates>8.43541832180523,39.3209924374052 8.43509088465956,39.3210005342038 8.4350422551528,39.3208188696461 8.43499247093357,39.3206408938002 8.43535844564437,39.3206167021797 8.43544436696158,39.3207831304626 8.43551469103436,39.3209214960759 8.43541832180523,39.3209924374052</coordinates>
              </LinearRing>
            </innerBoundaryIs>
            <innerBoundaryIs>
              <LinearRing>
                <coordinates>8.43528331891078,39.3194302452151 8.43519215142731,39.3191376904368 8.43546809356043,39.3190748462899 8.43584442841528,39.319086656052 8.43583755854662,39.3192559960062 8.43587747111928,39.3194305548782 8.43586339884464,39.3194679270426 8.43585045435133,39.319536326724 8.43577568088144,39.3195256658374 8.43573060341823,39.3196430564483 8.43566697156276,39.3196391255218 8.43563639264225,39.3196910674591 8.43559301299973,39.3196787557655 8.43560769895111,39.3196528224233 8.4355773688862,39.3196449621967 8.43557863610215,39.3196417335394 8.43551093434276,39.319626032958 8.43549790503051,39.3196219510059 8.43549896344917,39.3196187213362 8.43544235416794,39.3196243575793 8.43544240223894,39.3196255922649 8.43548100001542,39.3196208958278 8.43555400587643,39.3197372345275 8.43544957445566,39.3197506761844 8.43538176354416,39.319754302736 8.43533921775264,39.3197565831569 8.4353333249507,39.3197147363576 8.43537281721865,39.3197098911183 8.43538410405782,39.3197085042034 8.43538073342811,39.3196977742402 8.43534750061936,39.3197003341404 8.4353414125065,39.3196625772056 8.4353368707682,39.3196344781295 8.4353310181187,39.3196352246328 8.435319659514,39.3196354398161 8.43531850016476,39.3196367947892 8.4353162705666,39.3196370813164 8.4353133948515,39.3196426989827 8.43526721180266,39.3196962320383 8.43525559871207,39.3196963558739 8.43503737149305,39.3196990807148 8.43500162869255,39.3197482852145 8.43503145308403,39.3197440238779 8.43507362257457,39.319978738545 8.43500572281442,39.3200481328133 8.43492430760689,39.3202299947684 8.43493933850035,39.3203039096416 8.43498007344995,39.3203666590784 8.43485592452164,39.32050198992 8.43455330217103,39.3205102327934 8.43455280548138,39.3202781443785 8.43455184791813,39.3200514240317 8.43468902308012,39.320050153434 8.43468817464855,39.3199639358929 8.43468486673781,39.3199641540937 8.43456815361596,39.3198936105479 8.43442531991096,39.3198370234638 8.43446138911079,39.3197113747988 8.43449265149246,39.3195991916217 8.43458918089842,39.3195269633023 8.43470083753058,39.3194906886224 8.43474882585203,39.3194953550207 8.43489515264395,39.3195185834142 8.43492080809277,39.3194730693457 8.43499014927893,39.3194162158655 8.43512762693287,39.3195227850859 8.43526289705844,39.3194986356545 8.43530886740485,39.3195248724142 8.43529546325233,39.3195616156513 8.43539221692544,39.3195724384584 8.43543457896418,39.3195713555358 8.43543544837445,39.3195671067516 8.43530461406748,39.3195560915202 8.43533299447928,39.3194747400054 8.43531150010315,39.3194809386829 8.43529884408098,39.3194643806496 8.43522157587336,39.3194972366421 8.43520598707746,39.3194652454116 8.43528331891078,39.3194302452151</coordinates>
              </LinearRing>
            </innerBoundaryIs>
          </Polygon>
          <MultiGeometry>
            <LineString>
              <coordinates>8.43528331891078,39.3194302452151 8.43529839856572,39.3194606390877</coordinates>
            </LineString>
            <LineString>
              <coordinates>8.43529839856572,39.3194606390877 8.43529884408098,39.3194643806496</coordinates>
            </LineString>
          </MultiGeometry>
        </MultiGeometry>
      </Placemark>
      <Placemark xmlns="http://www.opengis.net/kml/2.2">
        <styleUrl>#Parti singole_style_map</styleUrl>
        <name>T02927</name>
        <Polygon>
          <outerBoundaryIs>
            <LinearRing>
              <coordinates>8.43531150010315,39.3194809386829 8.43533299447928,39.3194747400054 8.43533774337964,39.3194611274196 8.43538741183083,39.3194602692009 8.43545524131289,39.3192870001515 8.43583108273153,39.3193780193966 8.43577568088144,39.3195256658374 8.43585045435133,39.319536326724 8.43586339884464,39.3194679270426 8.43587747111928,39.3194305548782 8.43583755854662,39.3192559960062 8.43584442841528,39.319086656052 8.43546809356043,39.3190748462899 8.43519215142731,39.3191376904368 8.43528331891078,39.3194302452151 8.43538027591437,39.3194056753788 8.43538665706322,39.3194387302018 8.43529839856572,39.3194606390877 8.43529884408098,39.3194643806496 8.43530183524712,39.319469257113 8.43531150010315,39.3194809386829</coordinates>
            </LinearRing>
          </outerBoundaryIs>
        </Polygon>
      </Placemark>
      <Placemark xmlns="http://www.opengis.net/kml/2.2">
        <styleUrl>#Parti singole_style_map</styleUrl>
        <name>T01826</name>
        <Polygon>
          <outerBoundaryIs>
            <LinearRing>
              <coordinates>8.43488060002698,39.3181116424384 8.43490502000351,39.3181474790915 8.43496570198739,39.3181199581118 8.43496971870796,39.3181181394582 8.43494517004626,39.3180766705666 8.43487752734086,39.3181071492424 8.43488060002698,39.3181116424384</coordinates>
            </LinearRing>
          </outerBoundaryIs>
        </Polygon>
      </Placemark>
      <Placemark xmlns="http://www.opengis.net/kml/2.2">
        <styleUrl>#Parti singole_style_map</styleUrl>
        <name>T01827</name>
        <Polygon>
          <outerBoundaryIs>
            <LinearRing>
              <coordinates>8.43496971870796,39.3181181394582 8.43503537209383,39.3180883629054 8.43501546634771,39.318049421524 8.43501361612334,39.3180458173076 8.43494517004626,39.3180766705666 8.43496971870796,39.3181181394582</coordinates>
            </LinearRing>
          </outerBoundaryIs>
        </Polygon>
      </Placemark>
      <Placemark xmlns="http://www.opengis.net/kml/2.2">
        <styleUrl>#Parti singole_style_map</styleUrl>
        <name>T01828</name>
        <Polygon>
          <outerBoundaryIs>
            <LinearRing>
              <coordinates>8.43503537209383,39.3180883629054 8.435106345808,39.3180562153297 8.43508550391639,39.3180240453876 8.43501546634771,39.318049421524 8.43503537209383,39.3180883629054</coordinates>
            </LinearRing>
          </outerBoundaryIs>
        </Polygon>
      </Placemark>
      <Placemark xmlns="http://www.opengis.net/kml/2.2">
        <styleUrl>#Parti singole_style_map</styleUrl>
        <name>T01779</name>
        <Polygon>
          <outerBoundaryIs>
            <LinearRing>
              <coordinates>8.4305275540991,39.3314269908692 8.43061534301297,39.3314135172907 8.43060244854533,39.3313768622041 8.43051888271642,39.3313903654587 8.4305275540991,39.3314269908692</coordinates>
            </LinearRing>
          </outerBoundaryIs>
        </Polygon>
      </Placemark>
      <Placemark xmlns="http://www.opengis.net/kml/2.2">
        <styleUrl>#Parti singole_style_map</styleUrl>
        <name>T01830</name>
        <Polygon>
          <outerBoundaryIs>
            <LinearRing>
              <coordinates>8.43521312050846,39.3178305405922 8.43526958117633,39.3178057111491 8.43525205259861,39.3177740799345 8.43519009317205,39.3177989457467 8.43521312050846,39.3178305405922</coordinates>
            </LinearRing>
          </outerBoundaryIs>
        </Polygon>
      </Placemark>
      <Placemark xmlns="http://www.opengis.net/kml/2.2">
        <styleUrl>#Parti singole_style_map</styleUrl>
        <name>T01831</name>
        <Polygon>
          <outerBoundaryIs>
            <LinearRing>
              <coordinates>8.43588799649314,39.3178593601562 8.43598299958294,39.3178596676176 8.43598319058373,39.3178229052815 8.43588985783269,39.3178226149307 8.43588799649314,39.3178593601562</coordinates>
            </LinearRing>
          </outerBoundaryIs>
        </Polygon>
      </Placemark>
      <Placemark xmlns="http://www.opengis.net/kml/2.2">
        <styleUrl>#Parti singole_style_map</styleUrl>
        <name>T01832</name>
        <Polygon>
          <outerBoundaryIs>
            <LinearRing>
              <coordinates>8.43560698031264,39.3178206031349 8.43563091071101,39.3178726383277 8.43567742778719,39.3178639434903 8.43565484001056,39.3178093918512 8.43560780613951,39.3178203278128 8.43560698031264,39.3178206031349</coordinates>
            </LinearRing>
          </outerBoundaryIs>
        </Polygon>
      </Placemark>
      <Placemark xmlns="http://www.opengis.net/kml/2.2">
        <styleUrl>#Parti singole_style_map</styleUrl>
        <name>T01833</name>
        <Polygon>
          <outerBoundaryIs>
            <LinearRing>
              <coordinates>8.43569277546944,39.317797492655 8.43573973813097,39.3177881962434 8.43573158836622,39.3177558086472 8.43571805437873,39.3177019947503 8.43566475130173,39.3177121344246 8.43569277546944,39.317797492655</coordinates>
            </LinearRing>
          </outerBoundaryIs>
        </Polygon>
      </Placemark>
      <Placemark xmlns="http://www.opengis.net/kml/2.2">
        <styleUrl>#Parti singole_style_map</styleUrl>
        <name>T02956</name>
        <Polygon>
          <outerBoundaryIs>
            <LinearRing>
              <coordinates>8.43637824144196,39.3135053151896 8.43641757678403,39.313506569005 8.43642164717229,39.3135066968509 8.43642807133493,39.3134563676709 8.43638619298885,39.3134496771517 8.43637824144196,39.3135053151896</coordinates>
            </LinearRing>
          </outerBoundaryIs>
        </Polygon>
      </Placemark>
      <Placemark xmlns="http://www.opengis.net/kml/2.2">
        <styleUrl>#Parti singole_style_map</styleUrl>
        <name>T01834</name>
        <Polygon>
          <outerBoundaryIs>
            <LinearRing>
              <coordinates>8.43638619298885,39.3134496771517 8.43642807133493,39.3134563676709 8.43643620262326,39.3133927831414 8.43639737706877,39.3133843863881 8.43639528348953,39.3133908728957 8.43638619298885,39.3134496771517</coordinates>
            </LinearRing>
          </outerBoundaryIs>
        </Polygon>
      </Placemark>
      <Placemark xmlns="http://www.opengis.net/kml/2.2">
        <styleUrl>#Parti singole_style_map</styleUrl>
        <name>T01835</name>
        <Polygon>
          <outerBoundaryIs>
            <LinearRing>
              <coordinates>8.43544059219314,39.3175171205966 8.43544881695698,39.3175430479752 8.43547885251239,39.317538373057 8.43547056542872,39.3175028851274 8.43544581449089,39.3175096310964 8.43544059219314,39.3175171205966</coordinates>
            </LinearRing>
          </outerBoundaryIs>
        </Polygon>
      </Placemark>
      <Placemark xmlns="http://www.opengis.net/kml/2.2">
        <styleUrl>#Parti singole_style_map</styleUrl>
        <name>T01836</name>
        <Polygon>
          <outerBoundaryIs>
            <LinearRing>
              <coordinates>8.43629237590163,39.3172386605662 8.43633365623626,39.3172652075949 8.4363629911881,39.317236524803 8.43641469034859,39.3171992641277 8.43637444337867,39.317166820188 8.43632325885129,39.3172021100168 8.43632708576188,39.3172051381014 8.43629237590163,39.3172386605662</coordinates>
            </LinearRing>
          </outerBoundaryIs>
        </Polygon>
      </Placemark>
      <Placemark xmlns="http://www.opengis.net/kml/2.2">
        <styleUrl>#Parti singole_style_map</styleUrl>
        <name>T01837</name>
        <Polygon>
          <outerBoundaryIs>
            <LinearRing>
              <coordinates>8.43578176694463,39.3124381085553 8.43580754059459,39.3124467665998 8.43583869947706,39.3124507021612 8.43584807853703,39.3124152097906 8.43578910005318,39.3124089497375 8.43578176694463,39.3124381085553</coordinates>
            </LinearRing>
          </outerBoundaryIs>
        </Polygon>
      </Placemark>
      <Placemark xmlns="http://www.opengis.net/kml/2.2">
        <styleUrl>#Parti singole_style_map</styleUrl>
        <name>T01839</name>
        <Polygon>
          <outerBoundaryIs>
            <LinearRing>
              <coordinates>8.43701010661821,39.3167991838675 8.4370428114487,39.3167798341752 8.43707721456832,39.3168119702799 8.43713385662587,39.3167773552849 8.43708127468265,39.3167237220353 8.43699121319784,39.316777115566 8.43701010661821,39.3167991838675</coordinates>
            </LinearRing>
          </outerBoundaryIs>
        </Polygon>
      </Placemark>
      <Placemark xmlns="http://www.opengis.net/kml/2.2">
        <styleUrl>#Parti singole_style_map</styleUrl>
        <name>T01840</name>
        <Polygon>
          <outerBoundaryIs>
            <LinearRing>
              <coordinates>8.43653147753843,39.3167039131854 8.43656832020508,39.3169205533976 8.43659501244565,39.3170650055306 8.43660356125377,39.3171113073773 8.43714493596618,39.3169999708405 8.4373696185073,39.3169361453013 8.43761330407985,39.3169443879096 8.43779417509932,39.3168990918039 8.43786907601826,39.3168499044338 8.43790289563725,39.3167999598695 8.43789391030527,39.3167443300277 8.43785247733179,39.3166687290737 8.43779316582247,39.3165601980454 8.43768414252907,39.3164220250996 8.43762917395164,39.3163129833505 8.4375489668154,39.3160921330856 8.43676111358441,39.3162540083492 8.43646795650598,39.3162848195816 8.43653147753843,39.3167039131854</coordinates>
            </LinearRing>
          </outerBoundaryIs>
          <innerBoundaryIs>
            <LinearRing>
              <coordinates>8.43694076199493,39.3166530927043 8.43697464067796,39.3166291172606 8.43699645569106,39.3166455951078 8.43696426605992,39.31667013739 8.43694076199493,39.3166530927043</coordinates>
            </LinearRing>
          </innerBoundaryIs>
          <innerBoundaryIs>
            <LinearRing>
              <coordinates>8.43754072811445,39.3168582921153 8.43772135476592,39.316834791595 8.43772880415617,39.316869275145 8.43754720189816,39.3168929151293 8.43754072811445,39.3168582921153</coordinates>
            </LinearRing>
          </innerBoundaryIs>
          <innerBoundaryIs>
            <LinearRing>
              <coordinates>8.43677209366884,39.3167317137209 8.43708726789444,39.3166562345678 8.43730542423728,39.3168709854913 8.4368679924767,39.3169758788025 8.43677209366884,39.3167317137209</coordinates>
            </LinearRing>
          </innerBoundaryIs>
        </Polygon>
      </Placemark>
      <Placemark xmlns="http://www.opengis.net/kml/2.2">
        <styleUrl>#Parti singole_style_map</styleUrl>
        <name>T01846</name>
        <Polygon>
          <outerBoundaryIs>
            <LinearRing>
              <coordinates>8.43476305104972,39.3177318240853 8.4348218312513,39.317715710372 8.43480424831811,39.3176822136311 8.43474745987063,39.3177002022084 8.43476305104972,39.3177318240853</coordinates>
            </LinearRing>
          </outerBoundaryIs>
        </Polygon>
      </Placemark>
      <Placemark xmlns="http://www.opengis.net/kml/2.2">
        <styleUrl>#Parti singole_style_map</styleUrl>
        <name>T01847</name>
        <Polygon>
          <outerBoundaryIs>
            <LinearRing>
              <coordinates>8.43511291312761,39.3176380110625 8.43522089452866,39.3175419687056 8.43518292094254,39.317522573737 8.43508027879207,39.3176167767919 8.43511291312761,39.3176380110625</coordinates>
            </LinearRing>
          </outerBoundaryIs>
        </Polygon>
      </Placemark>
      <Placemark xmlns="http://www.opengis.net/kml/2.2">
        <styleUrl>#Parti singole_style_map</styleUrl>
        <name>T01848</name>
        <Polygon>
          <outerBoundaryIs>
            <LinearRing>
              <coordinates>8.43639737706877,39.3133843863881 8.43643620262326,39.3133927831414 8.43644193259211,39.3133480101434 8.43641287734142,39.3133362817452 8.43639737706877,39.3133843863881</coordinates>
            </LinearRing>
          </outerBoundaryIs>
        </Polygon>
      </Placemark>
      <Placemark xmlns="http://www.opengis.net/kml/2.2">
        <styleUrl>#Parti singole_style_map</styleUrl>
        <name>T01849</name>
        <Polygon>
          <outerBoundaryIs>
            <LinearRing>
              <coordinates>8.43517270073695,39.317446231334 8.43521892317359,39.3173919506031 8.43517981732499,39.3173720004894 8.4351332773301,39.3174268202992 8.43517270073695,39.317446231334</coordinates>
            </LinearRing>
          </outerBoundaryIs>
        </Polygon>
      </Placemark>
      <Placemark xmlns="http://www.opengis.net/kml/2.2">
        <styleUrl>#Parti singole_style_map</styleUrl>
        <name>T01850</name>
        <Polygon>
          <outerBoundaryIs>
            <LinearRing>
              <coordinates>8.43521892317359,39.3173919506031 8.43526926754378,39.3173328511684 8.43526543516204,39.3173290661319 8.43523145181138,39.3173111502669 8.43517981732499,39.3173720004894 8.43521892317359,39.3173919506031</coordinates>
            </LinearRing>
          </outerBoundaryIs>
        </Polygon>
      </Placemark>
      <Placemark xmlns="http://www.opengis.net/kml/2.2">
        <styleUrl>#Parti singole_style_map</styleUrl>
        <name>T01851</name>
        <Polygon>
          <outerBoundaryIs>
            <LinearRing>
              <coordinates>8.43523145181138,39.3173111502669 8.43526543516204,39.3173290661319 8.43528948171429,39.3172988441582 8.43525483893357,39.3172835922377 8.43523145181138,39.3173111502669</coordinates>
            </LinearRing>
          </outerBoundaryIs>
        </Polygon>
      </Placemark>
      <Placemark xmlns="http://www.opengis.net/kml/2.2">
        <styleUrl>#Parti singole_style_map</styleUrl>
        <name>T01853</name>
        <Polygon>
          <outerBoundaryIs>
            <LinearRing>
              <coordinates>8.43553248473332,39.3169795343208 8.43560954014294,39.3169222853615 8.43557556074508,39.3168909077716 8.43549704039482,39.3169500147954 8.43553248473332,39.3169795343208</coordinates>
            </LinearRing>
          </outerBoundaryIs>
        </Polygon>
      </Placemark>
      <Placemark xmlns="http://www.opengis.net/kml/2.2">
        <styleUrl>#Parti singole_style_map</styleUrl>
        <name>T01855</name>
        <Polygon>
          <outerBoundaryIs>
            <LinearRing>
              <coordinates>8.42703998359687,39.3185376787476 8.42718547896122,39.3185627238615 8.42729938904463,39.318591758182 8.4274196243429,39.3186702016088 8.42768738199193,39.3186817011517 8.42774569601259,39.3187287530298 8.42770598982772,39.3188893067979 8.427710971291,39.3190039461253 8.4277930770669,39.3192488976622 8.42785997201755,39.3192679687246 8.42812768651273,39.3192850536181 8.42823353250614,39.3193073795396 8.42837156342168,39.3193518493785 8.42840216086353,39.3193410067917 8.42849968358183,39.3193455406953 8.42869238593723,39.3193716898566 8.42874429859929,39.3193787297679 8.42911513135658,39.319398508287 8.42922063802122,39.3194041350066 8.42965146318818,39.3193917409629 8.43053757421814,39.3193831968042 8.43068671508007,39.3193739250066 8.43104837402416,39.3190500512701 8.43107513151941,39.3190119771862 8.43114529607231,39.3188710340924 8.43122373282775,39.3188258239748 8.43130085529722,39.3188282734555 8.43132877905584,39.3188037209135 8.43151277210799,39.3188452579915 8.43156757030209,39.3188397589782 8.43163621024637,39.3189012763281 8.43180501576367,39.318870113302 8.43193367781003,39.3187250402309 8.43204050521027,39.3186978091811 8.43212145063654,39.3185001513321 8.43193779074345,39.3184461822122 8.43202623526705,39.3182679338326 8.43209743234265,39.3182427814137 8.43206876255824,39.3181015354302 8.43200793633696,39.3180205935782 8.43209086371946,39.3179076450634 8.43243195034488,39.3178021735956 8.43245786589736,39.3177389554941 8.43243345051146,39.317688377005 8.43262045075694,39.3173576088955 8.43258499932617,39.3172803052243 8.43262557055222,39.3170829906749 8.43275559292927,39.3170560522887 8.43285273278387,39.3169353332806 8.43307991834537,39.3169426579403 8.43331023595837,39.3170792995795 8.43340027910246,39.3170328830253 8.43360485693023,39.3171249764377 8.43368056156525,39.3172022955524 8.43389916119357,39.3172243542081 8.43398215942931,39.3173898323213 8.43410826223201,39.3173886436813 8.43420122861851,39.3173249403703 8.43470088590223,39.3171902280303 8.43483289205852,39.3171473481931 8.43493077735879,39.3170344702917 8.43497303484585,39.3167853521131 8.43522948581564,39.3164713163243 8.43548841197475,39.3164117514637 8.43572579010886,39.3166372671718 8.43582136824114,39.3166524180172 8.43587068873018,39.3166498639058 8.43612245857156,39.3165136727876 8.43630557205332,39.3162743374539 8.43656170560524,39.3162589987443 8.43604863835758,39.3160138570692 8.43588061132031,39.3161080141976 8.43496692803614,39.316477610292 8.43489185396052,39.3164515654099 8.43490543064634,39.3164077497118 8.43482317134345,39.3162800302538 8.43476571340119,39.3162703800675 8.43445021461901,39.3163687743396 8.43416057747776,39.316323934817 8.43389580256141,39.3159004097057 8.43324510925649,39.3152896563438 8.4324529897518,39.3148557184042 8.43262594059773,39.3146261607942 8.43269651530049,39.3144191708881 8.4314129538709,39.3138111762511 8.43105956216545,39.3138627913415 8.43093558005501,39.3147192739167 8.42961155798769,39.3147950567019 8.42923295138435,39.3149653924847 8.42926602136039,39.3156203554131 8.42898063512083,39.3162658262554 8.42839056921698,39.3161348878051 8.42694850297587,39.3164575814067 8.42694739532611,39.316863233273 8.42733765820911,39.3170576214697 8.42703331464328,39.3176351441768 8.4270801757244,39.318061936802 8.4271666424119,39.3182269862661 8.42709458357107,39.3183290819448 8.42709702214385,39.3184566840477 8.42703998359687,39.3185376787476</coordinates>
            </LinearRing>
          </outerBoundaryIs>
          <innerBoundaryIs>
            <LinearRing>
              <coordinates>8.43479657530141,39.3166297828422 8.4347972470748,39.3166760105091 8.43474211370285,39.3166801578302 8.43473842816602,39.3166480621691 8.43471557345189,39.3166484016473 8.43471069770628,39.31659125072 8.43468459659439,39.3165913942052 8.43467808377337,39.3165502741978 8.43472477684547,39.316456250162 8.43478233133961,39.3164683337011 8.43481640906014,39.3165003968071 8.43482954585896,39.3165688511212 8.43479657530141,39.3166297828422</coordinates>
            </LinearRing>
          </innerBoundaryIs>
        </Polygon>
      </Placemark>
      <Placemark xmlns="http://www.opengis.net/kml/2.2">
        <styleUrl>#Parti singole_style_map</styleUrl>
        <name>T01857</name>
        <Polygon>
          <outerBoundaryIs>
            <LinearRing>
              <coordinates>8.43486651608873,39.3147633412332 8.43487300888537,39.3147665985712 8.43485366038847,39.3147911215604 8.43483842970757,39.3148098887513 8.4348981562853,39.3148387335051 8.43489993655969,39.3148366066387 8.43493351671817,39.3147963751947 8.43494816572379,39.31480375395 8.4349716496901,39.3147756017344 8.43495690825663,39.3147681774801 8.4350011861284,39.3147146172215 8.43496986205453,39.3146993813304 8.4349412257427,39.3146860056603 8.43488388399188,39.3146591998996 8.43482190703371,39.3147413188526 8.43486651608873,39.3147633412332</coordinates>
            </LinearRing>
          </outerBoundaryIs>
        </Polygon>
      </Placemark>
      <Placemark xmlns="http://www.opengis.net/kml/2.2">
        <styleUrl>#Parti singole_style_map</styleUrl>
        <name>T01858</name>
        <Polygon>
          <outerBoundaryIs>
            <LinearRing>
              <coordinates>8.43528632380787,39.3149186051966 8.43533057043472,39.3149438964906 8.43535967803854,39.3149116806771 8.43531420371809,39.3148890415642 8.43528632380787,39.3149186051966</coordinates>
            </LinearRing>
          </outerBoundaryIs>
        </Polygon>
      </Placemark>
      <Placemark xmlns="http://www.opengis.net/kml/2.2">
        <styleUrl>#Parti singole_style_map</styleUrl>
        <name>T01859</name>
        <Polygon>
          <outerBoundaryIs>
            <LinearRing>
              <coordinates>8.43525648438148,39.3148500157703 8.43529644328456,39.3148690148798 8.43531510055382,39.3148453264483 8.43527514158652,39.3148263363554 8.43525648438148,39.3148500157703</coordinates>
            </LinearRing>
          </outerBoundaryIs>
        </Polygon>
      </Placemark>
      <Placemark xmlns="http://www.opengis.net/kml/2.2">
        <styleUrl>#Parti singole_style_map</styleUrl>
        <name>T01860</name>
        <Polygon>
          <outerBoundaryIs>
            <LinearRing>
              <coordinates>8.43555391420064,39.314568445053 8.43557440433425,39.3145706889915 8.43557774262533,39.3145522334406 8.43555748840055,39.3145509457719 8.43555391420064,39.314568445053</coordinates>
            </LinearRing>
          </outerBoundaryIs>
        </Polygon>
      </Placemark>
      <Placemark xmlns="http://www.opengis.net/kml/2.2">
        <styleUrl>#Parti singole_style_map</styleUrl>
        <name>T01861</name>
        <Polygon>
          <outerBoundaryIs>
            <LinearRing>
              <coordinates>8.43568714477301,39.3145760295626 8.4357104694119,39.3145806389952 8.43571575786409,39.3145634453743 8.4356926294028,39.3145589630428 8.43568714477301,39.3145760295626</coordinates>
            </LinearRing>
          </outerBoundaryIs>
        </Polygon>
      </Placemark>
      <Placemark xmlns="http://www.opengis.net/kml/2.2">
        <styleUrl>#Parti singole_style_map</styleUrl>
        <name>T01862</name>
        <Polygon>
          <outerBoundaryIs>
            <LinearRing>
              <coordinates>8.43532106230309,39.3136585861275 8.43535123751592,39.3136925854497 8.43542740497762,39.3136270424998 8.43539519245176,39.3135910780071 8.43534189151604,39.3136330610533 8.43534895280859,39.3136391774878 8.43532106230309,39.3136585861275</coordinates>
            </LinearRing>
          </outerBoundaryIs>
        </Polygon>
      </Placemark>
      <Placemark xmlns="http://www.opengis.net/kml/2.2">
        <styleUrl>#Parti singole_style_map</styleUrl>
        <name>T01866</name>
        <Polygon>
          <outerBoundaryIs>
            <LinearRing>
              <coordinates>8.43584237732208,39.312706080726 8.43587806482795,39.3127397372126 8.43592208691336,39.3127812823421 8.43601963394231,39.312721077816 8.4359752508229,39.3126797111847 8.43594089581162,39.3126476740876 8.43591991757788,39.3126614937678 8.43591297228371,39.3126654878355 8.43588294769997,39.3126358595303 8.43585356760996,39.3126068650854 8.43582400234266,39.3125720488799 8.43580936263228,39.3125577861708 8.43570309596387,39.3126248323352 8.43572048585388,39.3126418386121 8.43575209662963,39.3126761511595 8.43579046660093,39.3126516932295 8.43581605962788,39.3126785067779 8.43584237732208,39.312706080726</coordinates>
            </LinearRing>
          </outerBoundaryIs>
        </Polygon>
      </Placemark>
      <Placemark xmlns="http://www.opengis.net/kml/2.2">
        <styleUrl>#Parti singole_style_map</styleUrl>
        <name>T01868</name>
        <Polygon>
          <outerBoundaryIs>
            <LinearRing>
              <coordinates>8.43577382217177,39.3123629665752 8.4357870443658,39.3123587596709 8.43580354253591,39.3123900163992 8.43583396531538,39.3123801801773 8.43581701760357,39.3123485698592 8.4357953930802,39.3123129181246 8.43575430777101,39.3123259914963 8.43577382217177,39.3123629665752</coordinates>
            </LinearRing>
          </outerBoundaryIs>
        </Polygon>
      </Placemark>
      <Placemark xmlns="http://www.opengis.net/kml/2.2">
        <styleUrl>#Parti singole_style_map</styleUrl>
        <name>T01869</name>
        <Polygon>
          <outerBoundaryIs>
            <LinearRing>
              <coordinates>8.43611587814017,39.3123262758477 8.43614069695706,39.3123065097204 8.43616037928146,39.3122908275325 8.43615657953157,39.312287340031 8.43612985421248,39.3122628638268 8.4361242581494,39.312257736697 8.43607583219525,39.3122937156213 8.43611587814017,39.3123262758477</coordinates>
            </LinearRing>
          </outerBoundaryIs>
        </Polygon>
      </Placemark>
      <Placemark xmlns="http://www.opengis.net/kml/2.2">
        <styleUrl>#Parti singole_style_map</styleUrl>
        <name>T01786</name>
        <Polygon>
          <outerBoundaryIs>
            <LinearRing>
              <coordinates>8.43630475234236,39.3137473625609 8.43633842547683,39.3137416147555 8.43635103985193,39.3137394592627 8.43633436405338,39.3137143650143 8.43632563259309,39.3137154400245 8.43630522025594,39.3137179812293 8.43630475234236,39.3137473625609</coordinates>
            </LinearRing>
          </outerBoundaryIs>
        </Polygon>
      </Placemark>
      <Placemark xmlns="http://www.opengis.net/kml/2.2">
        <styleUrl>#Parti singole_style_map</styleUrl>
        <name>T01870</name>
        <Polygon>
          <outerBoundaryIs>
            <LinearRing>
              <coordinates>8.43222337617822,39.310359114405 8.43219860507928,39.3103671931695 8.43221143362991,39.3103872593418 8.43222070089914,39.3104030731438 8.43224979769756,39.3103907804962 8.43223233689157,39.3103554637843 8.43222337617822,39.310359114405</coordinates>
            </LinearRing>
          </outerBoundaryIs>
        </Polygon>
      </Placemark>
      <Placemark xmlns="http://www.opengis.net/kml/2.2">
        <styleUrl>#Parti singole_style_map</styleUrl>
        <name>T01871</name>
        <Polygon>
          <outerBoundaryIs>
            <LinearRing>
              <coordinates>8.43213252741081,39.3103913795246 8.43216190099492,39.3104165724029 8.43230011607277,39.3100204194892 8.43231925653292,39.3099627548486 8.43228127051876,39.3099555412103 8.43226410904944,39.3100123144407 8.43215568665827,39.310324453599 8.43213537736732,39.310383193777 8.43213252741081,39.3103913795246</coordinates>
            </LinearRing>
          </outerBoundaryIs>
        </Polygon>
      </Placemark>
      <Placemark xmlns="http://www.opengis.net/kml/2.2">
        <styleUrl>#Parti singole_style_map</styleUrl>
        <name>T01872</name>
        <Polygon>
          <outerBoundaryIs>
            <LinearRing>
              <coordinates>8.43265883274712,39.3101398479785 8.43271927404656,39.3101528476765 8.43275253738659,39.310055515019 8.43269487833416,39.3100427091177 8.43265883274712,39.3101398479785</coordinates>
            </LinearRing>
          </outerBoundaryIs>
        </Polygon>
      </Placemark>
      <Placemark xmlns="http://www.opengis.net/kml/2.2">
        <styleUrl>#Parti singole_style_map</styleUrl>
        <name>T03891</name>
        <Polygon>
          <outerBoundaryIs>
            <LinearRing>
              <coordinates>8.43217584410431,39.3099115955382 8.43462650020151,39.3103884964875 8.43474219903095,39.3104103099369 8.43475275934652,39.3103816200912 8.4346413845492,39.3103593293759 8.43218409330824,39.3098811799231 8.43217584410431,39.3099115955382</coordinates>
            </LinearRing>
          </outerBoundaryIs>
        </Polygon>
      </Placemark>
      <Placemark xmlns="http://www.opengis.net/kml/2.2">
        <styleUrl>#Parti singole_style_map</styleUrl>
        <name>T01771</name>
        <Polygon>
          <outerBoundaryIs>
            <LinearRing>
              <coordinates>8.42611954251761,39.3287334120909 8.42617253740567,39.3287258042983 8.42617167507595,39.328699328533 8.42611206500131,39.3287105680113 8.42611954251761,39.3287334120909</coordinates>
            </LinearRing>
          </outerBoundaryIs>
        </Polygon>
      </Placemark>
      <Placemark xmlns="http://www.opengis.net/kml/2.2">
        <styleUrl>#Parti singole_style_map</styleUrl>
        <name>T01787</name>
        <Polygon>
          <outerBoundaryIs>
            <LinearRing>
              <coordinates>8.43173345616829,39.3304496445391 8.43181486315543,39.33042604702 8.43181123529611,39.3304098372822 8.43186842722508,39.3304078639796 8.43186319661714,39.3303717961013 8.43180187046463,39.3303728121067 8.43180171788492,39.3303873544422 8.43171742807165,39.3304116316836 8.43173345616829,39.3304496445391</coordinates>
            </LinearRing>
          </outerBoundaryIs>
        </Polygon>
      </Placemark>
      <Placemark xmlns="http://www.opengis.net/kml/2.2">
        <styleUrl>#Parti singole_style_map</styleUrl>
        <name>T01874</name>
        <Polygon>
          <outerBoundaryIs>
            <LinearRing>
              <coordinates>8.43703128159658,39.31021145785 8.43707618721176,39.3102092422748 8.43707219196819,39.3101722794195 8.43702716822439,39.31017476474 8.43703128159658,39.31021145785</coordinates>
            </LinearRing>
          </outerBoundaryIs>
        </Polygon>
      </Placemark>
      <Placemark xmlns="http://www.opengis.net/kml/2.2">
        <styleUrl>#Parti singole_style_map</styleUrl>
        <name>T01788</name>
        <Polygon>
          <outerBoundaryIs>
            <LinearRing>
              <coordinates>8.43636259820553,39.3137373617265 8.43640712330307,39.3137380369785 8.43640841837887,39.3136865295956 8.4363638817149,39.3136858542881 8.43636259820553,39.3137373617265</coordinates>
            </LinearRing>
          </outerBoundaryIs>
        </Polygon>
      </Placemark>
      <Placemark xmlns="http://www.opengis.net/kml/2.2">
        <styleUrl>#Parti singole_style_map</styleUrl>
        <name>T01910</name>
        <Polygon>
          <outerBoundaryIs>
            <LinearRing>
              <coordinates>8.43474559488095,39.3126132999095 8.43483265195372,39.3125954943989 8.43505304203539,39.3125504395262 8.43476848346604,39.3120265499863 8.43475275731796,39.3124296353783 8.43474559488095,39.3126132999095</coordinates>
            </LinearRing>
          </outerBoundaryIs>
        </Polygon>
      </Placemark>
      <Placemark xmlns="http://www.opengis.net/kml/2.2">
        <styleUrl>#Parti singole_style_map</styleUrl>
        <name>T01916</name>
        <Polygon>
          <outerBoundaryIs>
            <LinearRing>
              <coordinates>8.43482876672144,39.3216819129411 8.43491288980024,39.3217028387388 8.43495835892781,39.321585444275 8.43487459790778,39.3215642319298 8.43482876672144,39.3216819129411</coordinates>
            </LinearRing>
          </outerBoundaryIs>
        </Polygon>
      </Placemark>
      <Placemark xmlns="http://www.opengis.net/kml/2.2">
        <styleUrl>#Parti singole_style_map</styleUrl>
        <name>T01918</name>
        <Polygon>
          <outerBoundaryIs>
            <LinearRing>
              <coordinates>8.43546377022986,39.3141909226917 8.43551402842596,39.3141970414824 8.43552206266371,39.3141571814894 8.43548640569906,39.3141528365598 8.43547181616693,39.3141510537484 8.43546377022986,39.3141909226917</coordinates>
            </LinearRing>
          </outerBoundaryIs>
        </Polygon>
      </Placemark>
      <Placemark xmlns="http://www.opengis.net/kml/2.2">
        <styleUrl>#Parti singole_style_map</styleUrl>
        <name>T01921</name>
        <Polygon>
          <outerBoundaryIs>
            <LinearRing>
              <coordinates>8.4338558825761,39.330882418862 8.43406955479551,39.3308373965098 8.43409640290493,39.3308028363829 8.43416038959175,39.3307927854859 8.43431642400961,39.3308524375631 8.43448748216867,39.3309770566889 8.43482030401444,39.3313447381826 8.43501441416766,39.3315865700549 8.43486670405696,39.3313329705336 8.43473799329319,39.331087365425 8.43459436275311,39.3308993553782 8.43443495099963,39.3307519962583 8.43420246583006,39.3306107420988 8.43411512690374,39.3305887729435 8.43407781363019,39.3305859332951 8.43400615386755,39.3306669682294 8.4338558825761,39.330882418862</coordinates>
            </LinearRing>
          </outerBoundaryIs>
        </Polygon>
      </Placemark>
      <Placemark xmlns="http://www.opengis.net/kml/2.2">
        <styleUrl>#Parti singole_style_map</styleUrl>
        <name>T01789</name>
        <Polygon>
          <outerBoundaryIs>
            <LinearRing>
              <coordinates>8.43632056752949,39.3136947271227 8.43633715359456,39.3136948795701 8.43638433910054,39.3136603632676 8.43632978158062,39.3136494393881 8.43630559373268,39.313694582485 8.43632056752949,39.3136947271227</coordinates>
            </LinearRing>
          </outerBoundaryIs>
        </Polygon>
      </Placemark>
      <Placemark xmlns="http://www.opengis.net/kml/2.2">
        <styleUrl>#Parti singole_style_map</styleUrl>
        <name>T01923</name>
        <Polygon>
          <outerBoundaryIs>
            <LinearRing>
              <coordinates>8.43604252237184,39.3160531947595 8.43653055142994,39.3162889432762 8.43679980396485,39.316259214572 8.43756058972961,39.3160979470569 8.43751938776396,39.3160341419788 8.43740868393348,39.3159987176004 8.43734650325221,39.3159617527202 8.4372830397477,39.3158735563019 8.4372071977437,39.3158260729616 8.43713476000354,39.3158271011292 8.43684901244164,39.3159438112489 8.43664330222766,39.3159739198811 8.43648223985094,39.3159751221493 8.43633354242161,39.3159648325086 8.43628843606617,39.3159251384828 8.43604252237184,39.3160531947595</coordinates>
            </LinearRing>
          </outerBoundaryIs>
        </Polygon>
      </Placemark>
      <Placemark xmlns="http://www.opengis.net/kml/2.2">
        <styleUrl>#Parti singole_style_map</styleUrl>
        <name>T01925</name>
        <Polygon>
          <outerBoundaryIs>
            <LinearRing>
              <coordinates>8.43509088465956,39.3210005342038 8.43541832180523,39.3209924374052 8.43551469103436,39.3209214960759 8.43544436696158,39.3207831304626 8.4350422551528,39.3208188696461 8.43509088465956,39.3210005342038</coordinates>
            </LinearRing>
          </outerBoundaryIs>
        </Polygon>
      </Placemark>
      <Placemark xmlns="http://www.opengis.net/kml/2.2">
        <styleUrl>#Parti singole_style_map</styleUrl>
        <name>T01926</name>
        <Polygon>
          <outerBoundaryIs>
            <LinearRing>
              <coordinates>8.4350422551528,39.3208188696461 8.43544436696158,39.3207831304626 8.43535844564437,39.3206167021797 8.43499247093357,39.3206408938002 8.4350422551528,39.3208188696461</coordinates>
            </LinearRing>
          </outerBoundaryIs>
        </Polygon>
      </Placemark>
      <Placemark xmlns="http://www.opengis.net/kml/2.2">
        <styleUrl>#Parti singole_style_map</styleUrl>
        <name>T03000</name>
        <Polygon>
          <outerBoundaryIs>
            <LinearRing>
              <coordinates>8.43498007344995,39.3203666590784 8.43493933850035,39.3203039096416 8.43488750453781,39.3203114249915 8.43487387390325,39.3202379404123 8.43469100005507,39.3202627050619 8.43469204099434,39.320373991021 8.43498007344995,39.3203666590784</coordinates>
            </LinearRing>
          </outerBoundaryIs>
        </Polygon>
      </Placemark>
      <Placemark xmlns="http://www.opengis.net/kml/2.2">
        <styleUrl>#Parti singole_style_map</styleUrl>
        <name>T01790</name>
        <Polygon>
          <outerBoundaryIs>
            <LinearRing>
              <coordinates>8.43633685924227,39.3136405261446 8.43637352290175,39.3136465967173 8.43639607376411,39.3136175206036 8.4363579290338,39.3136095506342 8.43633685924227,39.3136405261446 8.43633685924227,39.3136405261446</coordinates>
            </LinearRing>
          </outerBoundaryIs>
        </Polygon>
      </Placemark>
      <Placemark xmlns="http://www.opengis.net/kml/2.2">
        <styleUrl>#Parti singole_style_map</styleUrl>
        <name>T01928</name>
        <Polygon>
          <outerBoundaryIs>
            <LinearRing>
              <coordinates>8.43536629731601,39.3182174605729 8.4356550901744,39.318104346149 8.43565613106961,39.3180138396912 8.43556616346296,39.3178345066982 8.43521487022554,39.3179749440019 8.43536629731601,39.3182174605729</coordinates>
            </LinearRing>
          </outerBoundaryIs>
          <innerBoundaryIs>
            <LinearRing>
              <coordinates>8.43549801753216,39.317939158581 8.43554599007783,39.3179312367602 8.43556488524122,39.317970380393 8.43559384390515,39.3180159793863 8.43554243896114,39.3180295071886 8.43551447629282,39.3179797861594 8.43549801753216,39.317939158581</coordinates>
            </LinearRing>
          </innerBoundaryIs>
        </Polygon>
      </Placemark>
      <Placemark xmlns="http://www.opengis.net/kml/2.2">
        <styleUrl>#Parti singole_style_map</styleUrl>
        <name>T01932</name>
        <Polygon>
          <outerBoundaryIs>
            <LinearRing>
              <coordinates>8.43556616346296,39.3178345066982 8.43565613106961,39.3180138396912 8.43586767594882,39.3180134240292 8.43586972463769,39.3179923401419 8.43597851314426,39.317993570463 8.4359787716232,39.3179411930795 8.4361009033885,39.3179420374477 8.43610361081747,39.3177595317874 8.43573158836622,39.3177558086472 8.43573973813097,39.3177881962434 8.43569277546944,39.317797492655 8.43566475130173,39.3177121344246 8.43561175349852,39.317708831735 8.43560780613951,39.3178203278128 8.43565484001056,39.3178093918512 8.43567742778719,39.3178639434903 8.43563091071101,39.3178726383277 8.43560698031264,39.3178206031349 8.43556616346296,39.3178345066982</coordinates>
            </LinearRing>
          </outerBoundaryIs>
          <innerBoundaryIs>
            <LinearRing>
              <coordinates>8.43566233196186,39.3178759805116 8.43573437672087,39.3178764831622 8.43573209490402,39.3178659567203 8.43576740428203,39.3178647133165 8.43579239160027,39.3178776385733 8.43580899642741,39.3179058862504 8.43579246771632,39.3179129064438 8.43574159492104,39.3179223010486 8.43566128719993,39.3179251282842 8.43566233196186,39.3178759805116</coordinates>
            </LinearRing>
          </innerBoundaryIs>
          <innerBoundaryIs>
            <LinearRing>
              <coordinates>8.43578736115008,39.3178222980818 8.43588985783269,39.3178226149307 8.43598319058373,39.3178229052815 8.43598299958294,39.3178596676176 8.43588799649314,39.3178593601562 8.43578403811749,39.3178590452269 8.43578736115008,39.3178222980818</coordinates>
            </LinearRing>
          </innerBoundaryIs>
        </Polygon>
      </Placemark>
      <Placemark xmlns="http://www.opengis.net/kml/2.2">
        <styleUrl>#Parti singole_style_map</styleUrl>
        <name>T01791</name>
        <Polygon>
          <outerBoundaryIs>
            <LinearRing>
              <coordinates>8.42932066109688,39.330181346263 8.4293741487923,39.3301669033879 8.42935554170574,39.3301351669439 8.42929916259881,39.3301527673501 8.42932066109688,39.330181346263</coordinates>
            </LinearRing>
          </outerBoundaryIs>
        </Polygon>
      </Placemark>
      <Placemark xmlns="http://www.opengis.net/kml/2.2">
        <styleUrl>#Parti singole_style_map</styleUrl>
        <name>T03001</name>
        <Polygon>
          <outerBoundaryIs>
            <LinearRing>
              <coordinates>8.43546469789213,39.3174651202451 8.43548073782922,39.3175001141715 8.43547056542872,39.3175028851274 8.43547885251239,39.317538373057 8.43544881695698,39.3175430479752 8.43547151580992,39.3176284705233 8.43568546178192,39.3175774272485 8.43568205937847,39.3174999555934 8.43557848024772,39.3174669698719 8.43560441349079,39.3174401359637 8.43569788483045,39.3174692971896 8.43594245457808,39.3173475065496 8.43582971802878,39.3173613317915 8.43582572892322,39.3173294149071 8.43571179936026,39.3172708700869 8.43557882137109,39.3173134668769 8.43555026227826,39.3173523712594 8.43555003569392,39.3173617952519 8.4354908853373,39.3173763937574 8.43544884686359,39.3173734685555 8.43546469789213,39.3174651202451</coordinates>
            </LinearRing>
          </outerBoundaryIs>
          <innerBoundaryIs>
            <LinearRing>
              <coordinates>8.43553339690096,39.3175195532683 8.43560965565085,39.3174893232511 8.43563154014207,39.317520236676 8.43554804366374,39.3175489268191 8.43553339690096,39.3175195532683</coordinates>
            </LinearRing>
          </innerBoundaryIs>
        </Polygon>
      </Placemark>
      <Placemark xmlns="http://www.opengis.net/kml/2.2">
        <styleUrl>#Parti singole_style_map</styleUrl>
        <name>T01792</name>
        <Polygon>
          <outerBoundaryIs>
            <LinearRing>
              <coordinates>8.4294909321211,39.3302545094238 8.42980740822669,39.3301771825064 8.4297151792776,39.3301033121584 8.42943347187944,39.3301282686648 8.4294909321211,39.3302545094238</coordinates>
            </LinearRing>
          </outerBoundaryIs>
        </Polygon>
      </Placemark>
      <Placemark xmlns="http://www.opengis.net/kml/2.2">
        <styleUrl>#Parti singole_style_map</styleUrl>
        <name>T01775</name>
        <Polygon>
          <outerBoundaryIs>
            <LinearRing>
              <coordinates>8.43358506995427,39.3310350463039 8.43372419171678,39.3310453829957 8.43372468741678,39.3310572793776 8.4338453048026,39.3310660120636 8.43384814631425,39.3310402646381 8.43380988890532,39.3310350595357 8.43378228573124,39.3310308884357 8.43378399759061,39.3310214807097 8.43373025172289,39.3310161911775 8.43372917344497,39.3309988495675 8.43359249704408,39.3309989230012 8.43358506995427,39.3310350463039</coordinates>
            </LinearRing>
          </outerBoundaryIs>
        </Polygon>
      </Placemark>
      <Placemark xmlns="http://www.opengis.net/kml/2.2">
        <styleUrl>#Parti singole_style_map</styleUrl>
        <name>T01811</name>
        <Polygon>
          <outerBoundaryIs>
            <LinearRing>
              <coordinates>8.43521255155248,39.3236184959565 8.43551653402552,39.3237312702876 8.43564195877148,39.3237162724939 8.43562061493425,39.3235919308684 8.4355489563713,39.3235989358329 8.43554071206261,39.3235594834891 8.43560949057432,39.3235528430015 8.4355882353701,39.3234463427744 8.43518772975425,39.3234939571537 8.43521255155248,39.3236184959565</coordinates>
            </LinearRing>
          </outerBoundaryIs>
          <innerBoundaryIs>
            <LinearRing>
              <coordinates>8.43542253487718,39.3236109551935 8.43548693455099,39.323603527626 8.43554116875498,39.3235978978695 8.43554698809379,39.3236388342051 8.43548659643116,39.3236455604081 8.43542012033939,39.3236529598765 8.43542253487718,39.3236109551935</coordinates>
            </LinearRing>
          </innerBoundaryIs>
        </Polygon>
      </Placemark>
      <Placemark xmlns="http://www.opengis.net/kml/2.2">
        <styleUrl>#Parti singole_style_map</styleUrl>
        <name>T01808</name>
        <Polygon>
          <outerBoundaryIs>
            <LinearRing>
              <coordinates>8.43498403695486,39.3230530797558 8.43547038890752,39.3231019626783 8.43551026502638,39.323027998986 8.43554442359013,39.3229595760842 8.435588215419,39.3229771429709 8.43557631008906,39.3229558382233 8.43552712295529,39.322948472178 8.4355310673608,39.3229037537111 8.43515809547275,39.3228200280019 8.43507638635674,39.3228016911352 8.43498403695486,39.3230530797558</coordinates>
            </LinearRing>
          </outerBoundaryIs>
          <innerBoundaryIs>
            <LinearRing>
              <coordinates>8.43527465886278,39.32290120271 8.43533892793804,39.3229474146627 8.43531832017487,39.3229739048978 8.43524191007068,39.3229313643784 8.43527465886278,39.32290120271</coordinates>
            </LinearRing>
          </innerBoundaryIs>
        </Polygon>
      </Placemark>
      <Placemark xmlns="http://www.opengis.net/kml/2.2">
        <styleUrl>#Parti singole_style_map</styleUrl>
        <name>T01793</name>
        <Polygon>
          <outerBoundaryIs>
            <LinearRing>
              <coordinates>8.4363579290338,39.3136095506342 8.43639607376411,39.3136175206036 8.43640243101946,39.3135740842187 8.43636555039005,39.313570481511 8.4363579290338,39.3136095506342</coordinates>
            </LinearRing>
          </outerBoundaryIs>
        </Polygon>
      </Placemark>
      <Placemark xmlns="http://www.opengis.net/kml/2.2">
        <styleUrl>#Parti singole_style_map</styleUrl>
        <name>T01807</name>
        <Polygon>
          <outerBoundaryIs>
            <LinearRing>
              <coordinates>8.43554791355394,39.3226266334858 8.43561364356725,39.3226397564586 8.43570585266624,39.3225165603867 8.43559541588756,39.3224943811723 8.43554791355394,39.3226266334858</coordinates>
            </LinearRing>
          </outerBoundaryIs>
        </Polygon>
      </Placemark>
      <Placemark xmlns="http://www.opengis.net/kml/2.2">
        <styleUrl>#Parti singole_style_map</styleUrl>
        <name>T02954</name>
        <Polygon>
          <outerBoundaryIs>
            <LinearRing>
              <coordinates>8.43636555039005,39.313570481511 8.43640243101946,39.3135740842187 8.43641120065042,39.3135350206551 8.43637302719607,39.313532078472 8.43636555039005,39.313570481511</coordinates>
            </LinearRing>
          </outerBoundaryIs>
        </Polygon>
      </Placemark>
      <Placemark xmlns="http://www.opengis.net/kml/2.2">
        <styleUrl>#Parti singole_style_map</styleUrl>
        <name>T01856</name>
        <Polygon>
          <outerBoundaryIs>
            <LinearRing>
              <coordinates>8.43245231188761,39.3148807375527 8.43325577303908,39.3153121987683 8.43344652196489,39.3154800673767 8.43352331241791,39.3155476514333 8.43391539577571,39.3159204184865 8.43401608673212,39.3160839192714 8.43417352451644,39.3163395771258 8.43446017385936,39.316396764642 8.43477966718271,39.3162978671363 8.43483469382122,39.316308379533 8.43492327443976,39.3164261008836 8.43491403843707,39.3164710730046 8.43498052086228,39.3164951929278 8.43590446271099,39.3161250878139 8.43604252237184,39.3160531947595 8.43394090877939,39.3150380168025 8.43372400587864,39.3150537930208 8.43370608966891,39.3149567877204 8.43360203419175,39.3149632914095 8.43359597089179,39.3149125592027 8.43338116733851,39.3149255246842 8.43337491260269,39.314891344019 8.43319346469242,39.3149035074765 8.43314976179973,39.3146558362333 8.43271599231824,39.3144462886768 8.43265257091015,39.3146322106369 8.43245231188761,39.3148807375527</coordinates>
            </LinearRing>
          </outerBoundaryIs>
        </Polygon>
      </Placemark>
      <Placemark xmlns="http://www.opengis.net/kml/2.2">
        <styleUrl>#Parti singole_style_map</styleUrl>
        <name>T01873</name>
        <Polygon>
          <outerBoundaryIs>
            <LinearRing>
              <coordinates>8.43666791297355,39.3106130140612 8.43668333867447,39.3107287850465 8.43674321906396,39.3107251103038 8.43673091981152,39.3106099852063 8.43666791297355,39.3106130140612</coordinates>
            </LinearRing>
          </outerBoundaryIs>
        </Polygon>
      </Placemark>
      <Placemark xmlns="http://www.opengis.net/kml/2.2">
        <styleUrl>#Parti singole_style_map</styleUrl>
        <name>T01794</name>
        <Polygon>
          <outerBoundaryIs>
            <LinearRing>
              <coordinates>8.43574857654925,39.3168503343344 8.43579146917801,39.3168710685254 8.43582455105911,39.3168337178165 8.43578218026709,39.3168115624928 8.43574857654925,39.3168503343344</coordinates>
            </LinearRing>
          </outerBoundaryIs>
        </Polygon>
      </Placemark>
      <Placemark xmlns="http://www.opengis.net/kml/2.2">
        <styleUrl>#Parti singole_style_map</styleUrl>
        <name>T01795</name>
        <Polygon>
          <outerBoundaryIs>
            <LinearRing>
              <coordinates>8.43696426605992,39.31667013739 8.43699645569106,39.3166455951078 8.43697464067796,39.3166291172606 8.43694076199493,39.3166530927043 8.43696426605992,39.31667013739</coordinates>
            </LinearRing>
          </outerBoundaryIs>
        </Polygon>
      </Placemark>
      <Placemark xmlns="http://www.opengis.net/kml/2.2">
        <styleUrl>#Parti singole_style_map</styleUrl>
        <name>T01897</name>
        <Polygon>
          <outerBoundaryIs>
            <LinearRing>
              <coordinates>8.43529517778584,39.314047232237 8.43533358014041,39.3140606822551 8.43534603924369,39.3140259257343 8.43537117097942,39.313955819024 8.43540571415578,39.3139529681172 8.43549426432935,39.3138924770988 8.43566660866264,39.3139792474292 8.43568603328088,39.3139350905517 8.43555842721574,39.3138701087186 8.43563023381747,39.3137857393377 8.43552108464008,39.3137667019913 8.4353388316668,39.313814465815 8.43537111242928,39.313857819353 8.43532790583878,39.313877802421 8.43531064110609,39.31399085583 8.43529517778584,39.314047232237</coordinates>
            </LinearRing>
          </outerBoundaryIs>
        </Polygon>
      </Placemark>
      <Placemark xmlns="http://www.opengis.net/kml/2.2">
        <styleUrl>#Parti singole_style_map</styleUrl>
        <name>T01797</name>
        <Polygon>
          <outerBoundaryIs>
            <LinearRing>
              <coordinates>8.43475129399574,39.323635303985 8.43481549298106,39.3236297590283 8.43480909113301,39.3235891802506 8.43474559257988,39.3235941879717 8.43475129399574,39.323635303985</coordinates>
            </LinearRing>
          </outerBoundaryIs>
        </Polygon>
      </Placemark>
      <Placemark xmlns="http://www.opengis.net/kml/2.2">
        <styleUrl>#Parti singole_style_map</styleUrl>
        <name>T03002</name>
        <Polygon>
          <outerBoundaryIs>
            <LinearRing>
              <coordinates>8.43602672083039,39.3139975011701 8.43611309666117,39.3140805651786 8.43618192129147,39.314084349818 8.43630104092168,39.3140376664193 8.43630042187309,39.3139226339791 8.4362122107984,39.3139467604356 8.43602672083039,39.3139975011701</coordinates>
            </LinearRing>
          </outerBoundaryIs>
        </Polygon>
      </Placemark>
      <Placemark xmlns="http://www.opengis.net/kml/2.2">
        <styleUrl>#Parti singole_style_map</styleUrl>
        <name>T01882</name>
        <Polygon>
          <outerBoundaryIs>
            <LinearRing>
              <coordinates>8.43478566120734,39.313435667728 8.43486887922998,39.3133833599393 8.43490859041851,39.3134431039592 8.43502841257317,39.3134503447594 8.43500783221411,39.3133065796463 8.43500163788211,39.3132633707195 8.43498255031255,39.3131301462509 8.43496487966574,39.3130067952768 8.43522595363718,39.312982914374 8.43524490874487,39.3131095874501 8.43526414983543,39.3132382082006 8.43527043537735,39.3132801921139 8.43529832835442,39.3134666669273 8.4353027804181,39.3134669318241 8.43533440299139,39.31310466055 8.43536085024348,39.3128017260317 8.43476615068094,39.3127672289339 8.43474613471163,39.3129193749622 8.43471456774361,39.3131533713047 8.43467671382019,39.3134291192763 8.43472277620557,39.3134318840932 8.43478566120734,39.313435667728</coordinates>
            </LinearRing>
          </outerBoundaryIs>
        </Polygon>
      </Placemark>
      <Placemark xmlns="http://www.opengis.net/kml/2.2">
        <styleUrl>#Parti singole_style_map</styleUrl>
        <name>T01798</name>
        <Polygon>
          <outerBoundaryIs>
            <LinearRing>
              <coordinates>8.43637302719607,39.313532078472 8.43641120065042,39.3135350206551 8.43641757678403,39.313506569005 8.43637824144196,39.3135053151896 8.43637302719607,39.313532078472</coordinates>
            </LinearRing>
          </outerBoundaryIs>
        </Polygon>
      </Placemark>
      <Placemark xmlns="http://www.opengis.net/kml/2.2">
        <styleUrl>#Parti singole_style_map</styleUrl>
        <name>T01883</name>
        <Polygon>
          <outerBoundaryIs>
            <LinearRing>
              <coordinates>8.43609867776686,39.3130279298836 8.43629719624255,39.3130776844189 8.43635803925116,39.3131161751932 8.43635063634485,39.3131323764472 8.43645624177152,39.3132055225886 8.4366119923669,39.3130704600139 8.43654105220647,39.3130528971707 8.43653615890475,39.3130642538724 8.43627499471037,39.312991047944 8.43629428647432,39.3129445745851 8.43624950435687,39.3129326347818 8.43614849307801,39.3129056810889 8.43609867776686,39.3130279298836</coordinates>
            </LinearRing>
          </outerBoundaryIs>
        </Polygon>
      </Placemark>
      <Placemark xmlns="http://www.opengis.net/kml/2.2">
        <styleUrl>#Parti singole_style_map</styleUrl>
        <name>T01898</name>
        <Polygon>
          <outerBoundaryIs>
            <LinearRing>
              <coordinates>8.43537738916162,39.3125985899881 8.43566072916513,39.3126515595437 8.43570309596387,39.3126248323352 8.43580936263228,39.3125577861708 8.43590357420218,39.3124983584973 8.43587310385446,39.3124751345723 8.4358347877628,39.3124654786163 8.43583869947706,39.3124507021612 8.43580754059459,39.3124467665998 8.43578176694463,39.3124381085553 8.43578910005318,39.3124089497375 8.43584807853703,39.3124152097906 8.43588305530874,39.3124189295782 8.43587200552149,39.3123678669243 8.43583396531538,39.3123801801773 8.43580354253591,39.3123900163992 8.43537822028892,39.3124303478849 8.43537738916162,39.3125985899881</coordinates>
            </LinearRing>
          </outerBoundaryIs>
        </Polygon>
      </Placemark>
      <Placemark xmlns="http://www.opengis.net/kml/2.2">
        <styleUrl>#Parti singole_style_map</styleUrl>
        <name>T01880</name>
        <Polygon>
          <outerBoundaryIs>
            <LinearRing>
              <coordinates>8.4357953930802,39.3123129181246 8.43581701760357,39.3123485698592 8.43585506939423,39.3123362566678 8.43583567588345,39.3123001111649 8.43587713507606,39.312286697174 8.4358967570336,39.3123232852978 8.435939704787,39.3123093919294 8.43596994149732,39.3122996088332 8.43598666098188,39.3123307584817 8.43595671502736,39.3123404438751 8.4359164070701,39.3123534940411 8.43587200552149,39.3123678669243 8.43588305530874,39.3124189295782 8.43587310385446,39.3124751345723 8.43590357420218,39.3124983584973 8.43611229415034,39.3124316736246 8.43606120901532,39.31236981144 8.4360309105536,39.3123468496968 8.43604070501373,39.312339048934 8.43602742967871,39.3123296585962 8.43607583219525,39.3122937156213 8.43581014141102,39.3121866428476 8.4357686890717,39.3122410641435 8.4357953930802,39.3123129181246</coordinates>
            </LinearRing>
          </outerBoundaryIs>
        </Polygon>
      </Placemark>
      <Placemark xmlns="http://www.opengis.net/kml/2.2">
        <styleUrl>#Parti singole_style_map</styleUrl>
        <name>T01895</name>
        <Polygon>
          <outerBoundaryIs>
            <LinearRing>
              <coordinates>8.43632319014701,39.3124391922979 8.43636309617125,39.3124256354496 8.43639881900711,39.3124462355729 8.43641277848979,39.3124412122036 8.43645449706755,39.3124807366086 8.43640090451638,39.3125101038822 8.43636267522773,39.3124693979519 8.43634115297244,39.3124859813309 8.43642589066097,39.3125807509834 8.43663279342889,39.3125496843339 8.43670725787794,39.3125385113236 8.43669905354108,39.3124045198419 8.43675081077503,39.3123031667746 8.43654999208961,39.3123494730171 8.4363548166449,39.3124137824241 8.43632319014701,39.3124391922979</coordinates>
            </LinearRing>
          </outerBoundaryIs>
        </Polygon>
      </Placemark>
      <Placemark xmlns="http://www.opengis.net/kml/2.2">
        <styleUrl>#Parti singole_style_map</styleUrl>
        <name>T01881</name>
        <Polygon>
          <outerBoundaryIs>
            <LinearRing>
              <coordinates>8.43537822028892,39.3124303478849 8.43580354253591,39.3123900163992 8.4357870443658,39.3123587596709 8.43577382217177,39.3123629665752 8.43575430777101,39.3123259914963 8.4357953930802,39.3123129181246 8.4357686890717,39.3122410641435 8.43572866115399,39.312242365765 8.4353798153789,39.3121137497588 8.43537822028892,39.3124303478849</coordinates>
            </LinearRing>
          </outerBoundaryIs>
        </Polygon>
      </Placemark>
      <Placemark xmlns="http://www.opengis.net/kml/2.2">
        <styleUrl>#Parti singole_style_map</styleUrl>
        <name>T01884</name>
        <Polygon>
          <outerBoundaryIs>
            <LinearRing>
              <coordinates>8.4353798153789,39.3121137497588 8.43572866115399,39.312242365765 8.43572945204859,39.3121887023959 8.43577372781415,39.312191413077 8.4357686890717,39.3122410641435 8.43581014141102,39.3121866428476 8.43577749164651,39.3121690579813 8.43580929850452,39.3121356477058 8.43580413868056,39.3121325320427 8.43585361215831,39.3120874485812 8.43556670933845,39.3119383099656 8.43534516679173,39.3121009757479 8.4353798153789,39.3121137497588</coordinates>
            </LinearRing>
          </outerBoundaryIs>
        </Polygon>
      </Placemark>
      <Placemark xmlns="http://www.opengis.net/kml/2.2">
        <styleUrl>#Parti singole_style_map</styleUrl>
        <name>T01891</name>
        <Polygon>
          <outerBoundaryIs>
            <LinearRing>
              <coordinates>8.43606120901532,39.31236981144 8.43611229415034,39.3124316736246 8.43629797637164,39.3123723555591 8.43616037928146,39.3122908275325 8.43614069695706,39.3123065097204 8.43617094909412,39.3123280205022 8.43622409717927,39.3123438844518 8.43620654381282,39.3123688939405 8.43614522980695,39.3123501430519 8.43611587814017,39.3123262758477 8.43606120901532,39.31236981144</coordinates>
            </LinearRing>
          </outerBoundaryIs>
        </Polygon>
      </Placemark>
      <Placemark xmlns="http://www.opengis.net/kml/2.2">
        <styleUrl>#Parti singole_style_map</styleUrl>
        <name>T01886</name>
        <Polygon>
          <outerBoundaryIs>
            <LinearRing>
              <coordinates>8.4361242581494,39.312257736697 8.43612985421248,39.3122628638268 8.4361738058312,39.3122337292816 8.43622365795635,39.3122006946868 8.43625127767847,39.3122192372104 8.43620018780002,39.3122561854347 8.43622492236998,39.3122772369536 8.43620092604761,39.3122942498378 8.43617634125051,39.3122733251883 8.43615657953157,39.312287340031 8.43616037928146,39.3122908275325 8.43629797637164,39.3123723555591 8.43652904311918,39.31229174869 8.43648422447131,39.3122063723101 8.43643182937364,39.3121805193576 8.43628291862039,39.312127013735 8.4361691288433,39.3121993761823 8.43610505194568,39.3122401359857 8.4361242581494,39.312257736697</coordinates>
            </LinearRing>
          </outerBoundaryIs>
        </Polygon>
      </Placemark>
      <Placemark xmlns="http://www.opengis.net/kml/2.2">
        <styleUrl>#Parti singole_style_map</styleUrl>
        <name>T01888</name>
        <Polygon>
          <outerBoundaryIs>
            <LinearRing>
              <coordinates>8.43556670933845,39.3119383099656 8.43585361215831,39.3120874485812 8.43599253886569,39.3120336980849 8.43601880974197,39.3120049914838 8.43604890583802,39.3119794841658 8.43597314009669,39.311924575627 8.43590365930455,39.3118742388618 8.43577798300295,39.3117831808884 8.43556670933845,39.3119383099656</coordinates>
            </LinearRing>
          </outerBoundaryIs>
        </Polygon>
      </Placemark>
      <Placemark xmlns="http://www.opengis.net/kml/2.2">
        <styleUrl>#Parti singole_style_map</styleUrl>
        <name>T01899</name>
        <Polygon>
          <outerBoundaryIs>
            <LinearRing>
              <coordinates>8.42947837038733,39.3301213885431 8.42975019121203,39.3300994650811 8.42985523242208,39.3301857697295 8.42988073527152,39.3301784880263 8.42980020584727,39.3299727151008 8.42945345615178,39.3300505783258 8.42947837038733,39.3301213885431</coordinates>
            </LinearRing>
          </outerBoundaryIs>
        </Polygon>
      </Placemark>
      <Placemark xmlns="http://www.opengis.net/kml/2.2">
        <styleUrl>#Parti singole_style_map</styleUrl>
        <name>T03004</name>
        <Polygon>
          <outerBoundaryIs>
            <LinearRing>
              <coordinates>8.43518606642871,39.3140090382053 8.43529517778584,39.314047232237 8.43531064110609,39.31399085583 8.43532790583878,39.313877802421 8.43529604751919,39.3138352889085 8.43518606642871,39.3140090382053</coordinates>
            </LinearRing>
          </outerBoundaryIs>
        </Polygon>
      </Placemark>
      <Placemark xmlns="http://www.opengis.net/kml/2.2">
        <styleUrl>#Parti singole_style_map</styleUrl>
        <name>T03005</name>
        <Polygon>
          <outerBoundaryIs>
            <LinearRing>
              <coordinates>8.42976494763613,39.3291703390279 8.42993502364093,39.3292401306324 8.43001680731968,39.3292086249173 8.43044367078911,39.3290442181579 8.43053749365177,39.3289373524275 8.43001623367658,39.3286851161556 8.42970526851946,39.329145844031 8.42976494763613,39.3291703390279</coordinates>
            </LinearRing>
          </outerBoundaryIs>
        </Polygon>
      </Placemark>
      <Placemark xmlns="http://www.opengis.net/kml/2.2">
        <styleUrl>#Parti singole_style_map</styleUrl>
        <name>T03006</name>
        <Polygon>
          <outerBoundaryIs>
            <LinearRing>
              <coordinates>8.43602520160594,39.3132076687878 8.43599998783721,39.3132014734029 8.43604923649102,39.3130804924039 8.4359600109763,39.3132208956877 8.43591785298824,39.3134742318376 8.43598467121754,39.3136136165453 8.4360287550386,39.3136027922642 8.43596644375993,39.3134582753633 8.4360065876784,39.3132404852999 8.43602520160594,39.3132076687878</coordinates>
            </LinearRing>
          </outerBoundaryIs>
        </Polygon>
      </Placemark>
      <Placemark xmlns="http://www.opengis.net/kml/2.2">
        <styleUrl>#Parti singole_style_map</styleUrl>
        <name>T03007</name>
        <Polygon>
          <outerBoundaryIs>
            <LinearRing>
              <coordinates>8.43602520160594,39.3132076687878 8.43611332260514,39.3132293069226 8.43618144430813,39.3130619856667 8.43606810978157,39.3130341522143 8.43604923649102,39.3130804924039 8.43608737297756,39.3130981127986 8.43602520160594,39.3132076687878</coordinates>
            </LinearRing>
          </outerBoundaryIs>
        </Polygon>
      </Placemark>
      <Placemark xmlns="http://www.opengis.net/kml/2.2">
        <styleUrl>#Parti singole_style_map</styleUrl>
        <name>T03008</name>
        <Polygon>
          <outerBoundaryIs>
            <LinearRing>
              <coordinates>8.43602520160594,39.3132076687878 8.43608737297756,39.3130981127986 8.43604923649102,39.3130804924039 8.43599998783721,39.3132014734029 8.43602520160594,39.3132076687878</coordinates>
            </LinearRing>
          </outerBoundaryIs>
        </Polygon>
      </Placemark>
      <Placemark xmlns="http://www.opengis.net/kml/2.2">
        <styleUrl>#Parti singole_style_map</styleUrl>
        <name>T03009</name>
        <Polygon>
          <outerBoundaryIs>
            <LinearRing>
              <coordinates>8.4360663038815,39.3147996642655 8.43623636610533,39.3148921984833 8.436236516111,39.3150396217668 8.43622049557747,39.3150657830198 8.4362858887966,39.315096871133 8.4363079367488,39.3149253619284 8.43620360199785,39.31484679744 8.4360663038815,39.3147996642655</coordinates>
            </LinearRing>
          </outerBoundaryIs>
        </Polygon>
      </Placemark>
      <Placemark xmlns="http://www.opengis.net/kml/2.2">
        <styleUrl>#Parti singole_style_map</styleUrl>
        <name>T03010</name>
        <Polygon>
          <outerBoundaryIs>
            <LinearRing>
              <coordinates>8.43466594448576,39.3135118474155 8.43472277620557,39.3134318840932 8.43467671382019,39.3134291192763 8.43466594448576,39.3135118474155</coordinates>
            </LinearRing>
          </outerBoundaryIs>
        </Polygon>
      </Placemark>
      <Placemark xmlns="http://www.opengis.net/kml/2.2">
        <styleUrl>#Parti singole_style_map</styleUrl>
        <name>T03011</name>
        <Polygon>
          <outerBoundaryIs>
            <LinearRing>
              <coordinates>8.4353027804181,39.3134669318241 8.43533453302667,39.3135095889937 8.4353477853715,39.3134035984365 8.43535237130691,39.3133670286071 8.43535868131814,39.3133165637736 8.43553654105243,39.3133014510688 8.43559171928476,39.3133707400537 8.43558835911227,39.3133803831259 8.43562148945819,39.3134233802948 8.43564836325518,39.3133572736678 8.43552541827922,39.3131137781704 8.43533440299139,39.31310466055 8.4353027804181,39.3134669318241</coordinates>
            </LinearRing>
          </outerBoundaryIs>
        </Polygon>
      </Placemark>
      <Placemark xmlns="http://www.opengis.net/kml/2.2">
        <styleUrl>#Parti singole_style_map</styleUrl>
        <name>T01799</name>
        <Polygon>
          <outerBoundaryIs>
            <LinearRing>
              <coordinates>8.43573380112831,39.3229867066561 8.43578530482099,39.3229656734422 8.43575152477389,39.3229177894846 8.43569906172793,39.3229369438262 8.43573380112831,39.3229867066561</coordinates>
            </LinearRing>
          </outerBoundaryIs>
        </Polygon>
      </Placemark>
      <Placemark xmlns="http://www.opengis.net/kml/2.2">
        <styleUrl>#Parti singole_style_map</styleUrl>
        <name>T03012</name>
        <Polygon>
          <outerBoundaryIs>
            <LinearRing>
              <coordinates>8.43620787325734,39.3196470554597 8.43627435077847,39.3196404394562 8.43629812432236,39.3196211458227 8.43635394739687,39.319558837685 8.43635974861683,39.3194749320445 8.43631781035387,39.3193914798978 8.43626990657376,39.319395059256 8.43627933917828,39.3194887611525 8.4362839105947,39.3194886571562 8.43629017402339,39.3195378673672 8.43627065519699,39.3195387188961 8.43623326298795,39.3196013055377 8.43623495492406,39.319611630875 8.43620787325734,39.3196470554597</coordinates>
            </LinearRing>
          </outerBoundaryIs>
        </Polygon>
      </Placemark>
      <Placemark xmlns="http://www.opengis.net/kml/2.2">
        <styleUrl>#Parti singole_style_map</styleUrl>
        <name>T03013</name>
        <Polygon>
          <outerBoundaryIs>
            <LinearRing>
              <coordinates>8.43627933917828,39.3194887611525 8.43628091759144,39.3195045553741 8.43627455908679,39.3195321780963 8.43627065519699,39.3195387188961 8.43629017402339,39.3195378673672 8.4362839105947,39.3194886571562 8.43627933917828,39.3194887611525</coordinates>
            </LinearRing>
          </outerBoundaryIs>
        </Polygon>
      </Placemark>
      <Placemark xmlns="http://www.opengis.net/kml/2.2">
        <styleUrl>#Parti singole_style_map</styleUrl>
        <name>T03014</name>
        <Polygon>
          <outerBoundaryIs>
            <LinearRing>
              <coordinates>8.43534050853196,39.3200359270357 8.43553465277836,39.3200780747011 8.43555854136931,39.3200084575785 8.43550219786189,39.3199954341865 8.43548243474643,39.3200497172551 8.43540327802742,39.3200331771014 8.43538116975797,39.3200285554896 8.4353455000345,39.3200211017951 8.43534050853196,39.3200359270357</coordinates>
            </LinearRing>
          </outerBoundaryIs>
        </Polygon>
      </Placemark>
      <Placemark xmlns="http://www.opengis.net/kml/2.2">
        <styleUrl>#Parti singole_style_map</styleUrl>
        <name>T03015</name>
        <Polygon>
          <outerBoundaryIs>
            <LinearRing>
              <coordinates>8.4352189728478,39.3199346075554 8.43533025156416,39.3199525562315 8.43522320223918,39.3199294379831 8.4352189728478,39.3199346075554</coordinates>
            </LinearRing>
          </outerBoundaryIs>
        </Polygon>
      </Placemark>
      <Placemark xmlns="http://www.opengis.net/kml/2.2">
        <styleUrl>#Parti singole_style_map</styleUrl>
        <name>T03016</name>
        <Polygon>
          <outerBoundaryIs>
            <LinearRing>
              <coordinates>8.43499013032776,39.3202385141271 8.43500305068952,39.3202806383575 8.43504399606811,39.3203475156488 8.43507135590657,39.3203943774849 8.43511077684497,39.3204359185544 8.43515709909439,39.3204545341131 8.43528827507343,39.3204535670743 8.4353921334338,39.3204783277257 8.43538636442156,39.320461458916 8.43538347400764,39.3204530379982 8.43528662103132,39.3204443141702 8.43510674486306,39.3204280867861 8.43500447970864,39.3202529917683 8.43502345073401,39.320180431441 8.43509974706436,39.3201718634431 8.43504959272021,39.3201710522171 8.43503824203785,39.3201601843737 8.43507551087877,39.3200813874573 8.43512204704339,39.3200287122039 8.43516111287289,39.3199961573719 8.43516618192004,39.3199760252722 8.43521320325862,39.3199336784844 8.4352189728478,39.3199346075554 8.43522320223918,39.3199294379831 8.43525757131331,39.3198837138501 8.43527388246427,39.319885054517 8.43532840461858,39.3198216502787 8.4354133126409,39.3197880023209 8.43535096503446,39.3197960164995 8.43529072262257,39.3198321809685 8.43511435686182,39.3200141768069 8.43503704369791,39.3201058536488 8.43501964020894,39.3201465330803 8.43498610558487,39.3202211401647 8.43499013032776,39.3202385141271</coordinates>
            </LinearRing>
          </outerBoundaryIs>
        </Polygon>
      </Placemark>
      <Placemark xmlns="http://www.opengis.net/kml/2.2">
        <styleUrl>#Parti singole_style_map</styleUrl>
        <name>T03017</name>
        <Polygon>
          <outerBoundaryIs>
            <LinearRing>
              <coordinates>8.4368679924767,39.3169758788025 8.43730542423728,39.3168709854913 8.43708726789444,39.3166562345678 8.43677209366884,39.3167317137209 8.4368679924767,39.3169758788025</coordinates>
            </LinearRing>
          </outerBoundaryIs>
          <innerBoundaryIs>
            <LinearRing>
              <coordinates>8.43699121319784,39.316777115566 8.43708127468265,39.3167237220353 8.43713385662587,39.3167773552849 8.43707721456832,39.3168119702799 8.4370428114487,39.3167798341752 8.43701010661821,39.3167991838675 8.43699121319784,39.316777115566</coordinates>
            </LinearRing>
          </innerBoundaryIs>
        </Polygon>
      </Placemark>
      <Placemark xmlns="http://www.opengis.net/kml/2.2">
        <styleUrl>#Parti singole_style_map</styleUrl>
        <name>T03018</name>
        <Polygon>
          <outerBoundaryIs>
            <LinearRing>
              <coordinates>8.43455330217103,39.3205102327934 8.43485592452164,39.32050198992 8.43498007344995,39.3203666590784 8.43469204099434,39.320373991021 8.43469100005507,39.3202627050619 8.43455280548138,39.3202781443785 8.43455330217103,39.3205102327934</coordinates>
            </LinearRing>
          </outerBoundaryIs>
        </Polygon>
      </Placemark>
      <Placemark xmlns="http://www.opengis.net/kml/2.2">
        <styleUrl>#Parti singole_style_map</styleUrl>
        <name>T01800</name>
        <Polygon>
          <outerBoundaryIs>
            <LinearRing>
              <coordinates>8.43524191007068,39.3229313643784 8.43531832017487,39.3229739048978 8.43533892793804,39.3229474146627 8.43527465886278,39.32290120271 8.43524191007068,39.3229313643784</coordinates>
            </LinearRing>
          </outerBoundaryIs>
        </Polygon>
      </Placemark>
      <Placemark xmlns="http://www.opengis.net/kml/2.2">
        <styleUrl>#Parti singole_style_map</styleUrl>
        <name>T03019</name>
        <Polygon>
          <outerBoundaryIs>
            <LinearRing>
              <coordinates>8.43455280548138,39.3202781443785 8.43469100005507,39.3202627050619 8.43468902308012,39.320050153434 8.43455184791813,39.3200514240317 8.43455280548138,39.3202781443785</coordinates>
            </LinearRing>
          </outerBoundaryIs>
        </Polygon>
      </Placemark>
      <Placemark xmlns="http://www.opengis.net/kml/2.2">
        <styleUrl>#Parti singole_style_map</styleUrl>
        <name>T03020</name>
        <Polygon>
          <outerBoundaryIs>
            <LinearRing>
              <coordinates>8.43641288671153,39.3141962453835 8.43679771833452,39.3142333675697 8.43641365075058,39.3141848776961 8.43641288671153,39.3141962453835</coordinates>
            </LinearRing>
          </outerBoundaryIs>
        </Polygon>
      </Placemark>
      <Placemark xmlns="http://www.opengis.net/kml/2.2">
        <styleUrl>#Parti singole_style_map</styleUrl>
        <name>T03021</name>
        <Polygon>
          <outerBoundaryIs>
            <LinearRing>
              <coordinates>8.43601830461182,39.3153959247978 8.4361941477203,39.3154881086508 8.43624090089673,39.3153400386517 8.43609961842577,39.315263160216 8.43601830461182,39.3153959247978</coordinates>
            </LinearRing>
          </outerBoundaryIs>
        </Polygon>
      </Placemark>
      <Placemark xmlns="http://www.opengis.net/kml/2.2">
        <styleUrl>#Parti singole_style_map</styleUrl>
        <name>T03022</name>
        <Polygon>
          <outerBoundaryIs>
            <LinearRing>
              <coordinates>8.43460093030716,39.3142332902645 8.43459764235831,39.3143145950266 8.43478805725416,39.3142560502854 8.4348667216408,39.3142349421433 8.43497029588729,39.3141771105554 8.43526905941596,39.3138088379134 8.4352729857427,39.313804547115 8.43524262495442,39.3137640349882 8.43514697789989,39.3138473332535 8.43489988480076,39.3141297602106 8.43481660649372,39.3141764811424 8.43471333673385,39.3142036870141 8.43462634095362,39.3142265927279 8.43460093030716,39.3142332902645</coordinates>
            </LinearRing>
          </outerBoundaryIs>
        </Polygon>
      </Placemark>
      <Placemark xmlns="http://www.opengis.net/kml/2.2">
        <styleUrl>#Parti singole_style_map</styleUrl>
        <name>T03023</name>
        <Polygon>
          <outerBoundaryIs>
            <LinearRing>
              <coordinates>8.43586638155478,39.3150438195526 8.43593436820269,39.3150827146146 8.43603035973602,39.3149754041216 8.43622049557747,39.3150657830198 8.436236516111,39.3150396217668 8.43597672054059,39.314903482713 8.43586638155478,39.3150438195526</coordinates>
            </LinearRing>
          </outerBoundaryIs>
        </Polygon>
      </Placemark>
      <Placemark xmlns="http://www.opengis.net/kml/2.2">
        <styleUrl>#Parti singole_style_map</styleUrl>
        <name>T02245</name>
        <Polygon>
          <outerBoundaryIs>
            <LinearRing>
              <coordinates>8.43314976179973,39.3146558362333 8.43319346469242,39.3149035074765 8.43337491260269,39.314891344019 8.43338116733851,39.3149255246842 8.43359597089179,39.3149125592027 8.43360203419175,39.3149632914095 8.43370608966891,39.3149567877204 8.43372400587864,39.3150537930208 8.43394090877939,39.3150380168025 8.43398642959026,39.3150347061281 8.43395560837232,39.3147715455504 8.43385047809557,39.3147775937026 8.43384064725687,39.3146373768485 8.43363953926097,39.314643714578 8.43353056847093,39.3145593493288 8.43339432710708,39.3146230215942 8.43331849734992,39.3145543968937 8.43313535355378,39.3145741389342 8.43314976179973,39.3146558362333</coordinates>
            </LinearRing>
          </outerBoundaryIs>
        </Polygon>
      </Placemark>
      <Placemark xmlns="http://www.opengis.net/kml/2.2">
        <styleUrl>#Parti singole_style_map</styleUrl>
        <name>T02246</name>
        <Polygon>
          <outerBoundaryIs>
            <LinearRing>
              <coordinates>8.43331849734992,39.3145543968937 8.43339432710708,39.3146230215942 8.43353056847093,39.3145593493288 8.43363953926097,39.314643714578 8.43384064725687,39.3146373768485 8.43385047809557,39.3147775937026 8.43395560837232,39.3147715455504 8.43398642959026,39.3150347061281 8.43417765875231,39.315020795898 8.43451583236387,39.3146124214942 8.43415847411313,39.3144262998314 8.43405643157097,39.3143731454728 8.43352225256044,39.3140949201166 8.43337711765338,39.3142746958032 8.43313535355378,39.3145741389342 8.43331849734992,39.3145543968937</coordinates>
            </LinearRing>
          </outerBoundaryIs>
        </Polygon>
      </Placemark>
      <Placemark xmlns="http://www.opengis.net/kml/2.2">
        <styleUrl>#Parti singole_style_map</styleUrl>
        <name>T02247</name>
        <Polygon>
          <outerBoundaryIs>
            <LinearRing>
              <coordinates>8.43394090877939,39.3150380168025 8.43604252237184,39.3160531947595 8.43628843606617,39.3159251384828 8.43624704220375,39.3158839396376 8.43619718536648,39.3158204705964 8.43616024357973,39.3157290231214 8.43615397433364,39.3156704778555 8.43615777359287,39.3156032861527 8.4361941477203,39.3154881086508 8.43601830461182,39.3153959247978 8.43570552376842,39.3152319558069 8.43515271803757,39.3152891395347 8.43464703296806,39.315039134753 8.43483074402346,39.3148020752593 8.43484582753459,39.3147842985213 8.4346936515797,39.3147050407207 8.43458419230502,39.3146480302875 8.43451583236387,39.3146124214942 8.43417765875231,39.315020795898 8.43398642959026,39.3150347061281 8.43394090877939,39.3150380168025</coordinates>
            </LinearRing>
          </outerBoundaryIs>
        </Polygon>
      </Placemark>
      <Placemark xmlns="http://www.opengis.net/kml/2.2">
        <styleUrl>#Parti singole_style_map</styleUrl>
        <name>T03024</name>
        <Polygon>
          <outerBoundaryIs>
            <LinearRing>
              <coordinates>8.43469100005507,39.3202627050619 8.43487387390325,39.3202379404123 8.43486517921504,39.3201911241523 8.43482980308151,39.3201976291448 8.43481682481059,39.3201483051445 8.43490453408094,39.3201327824759 8.43492430760689,39.3202299947684 8.43500572281442,39.3200481328133 8.43468902308012,39.320050153434 8.43469100005507,39.3202627050619</coordinates>
            </LinearRing>
          </outerBoundaryIs>
        </Polygon>
      </Placemark>
      <Placemark xmlns="http://www.opengis.net/kml/2.2">
        <styleUrl>#Parti singole_style_map</styleUrl>
        <name>T01801</name>
        <Polygon>
          <outerBoundaryIs>
            <LinearRing>
              <coordinates>8.43581330320181,39.3142338869107 8.43588649810334,39.3142322595219 8.43588648488423,39.3142007043051 8.43581191820391,39.3142027124975 8.43581330320181,39.3142338869107</coordinates>
            </LinearRing>
          </outerBoundaryIs>
        </Polygon>
      </Placemark>
      <Placemark xmlns="http://www.opengis.net/kml/2.2">
        <styleUrl>#Parti singole_style_map</styleUrl>
        <name>T03025</name>
        <Polygon>
          <outerBoundaryIs>
            <LinearRing>
              <coordinates>8.4364402928209,39.3138998541115 8.4364518660746,39.3136292343566 8.43640841837887,39.3136865295956 8.43640712330307,39.3137380369785 8.4364402928209,39.3138998541115</coordinates>
            </LinearRing>
          </outerBoundaryIs>
        </Polygon>
      </Placemark>
      <Placemark xmlns="http://www.opengis.net/kml/2.2">
        <styleUrl>#Parti singole_style_map</styleUrl>
        <name>T03026</name>
        <Polygon>
          <outerBoundaryIs>
            <LinearRing>
              <coordinates>8.43620397440404,39.3139251851634 8.43625963614131,39.3139271849386 8.4362442848185,39.3137978263212 8.43623963365689,39.3137876848672 8.43622666376978,39.3136593379626 8.43614227176617,39.3136513780722 8.4361868188778,39.3138009538425 8.43620397440404,39.3139251851634</coordinates>
            </LinearRing>
          </outerBoundaryIs>
        </Polygon>
      </Placemark>
      <Placemark xmlns="http://www.opengis.net/kml/2.2">
        <styleUrl>#Parti singole_style_map</styleUrl>
        <name>T03027</name>
        <Polygon>
          <outerBoundaryIs>
            <LinearRing>
              <coordinates>8.42064383120797,39.3327276803605 8.42073096714145,39.332741720285 8.42074328860828,39.3326968188697 8.4207377270116,39.3326958901168 8.42074084549555,39.3326835611571 8.42071129868367,39.3326787285183 8.42064383120797,39.3327276803605</coordinates>
            </LinearRing>
          </outerBoundaryIs>
        </Polygon>
      </Placemark>
      <Placemark xmlns="http://www.opengis.net/kml/2.2">
        <styleUrl>#Parti singole_style_map</styleUrl>
        <name>T03028</name>
        <Polygon>
          <outerBoundaryIs>
            <LinearRing>
              <coordinates>8.42120664264549,39.3217609065898 8.42120535991896,39.3217617111611 8.42131988724908,39.3218428356214 8.42138244059355,39.3218257563259 8.42147103706132,39.3218439478266 8.42156346772688,39.3217347485416 8.42155639609576,39.3216778565372 8.42173209201737,39.3215016718713 8.42169981531519,39.3214767322925 8.42167436425305,39.3214540792858 8.42164400098624,39.3214362675725 8.42160864308928,39.3214332984978 8.42159186795143,39.3214277186302 8.42158583802376,39.3214274183312 8.42155943167152,39.3214221509948 8.42153141167881,39.3214156141455 8.42149276857958,39.3214171339964 8.42146529917378,39.321442317158 8.42145457814409,39.3214763238833 8.42146101813851,39.3215113170127 8.42146756583554,39.321533245317 8.4214698786086,39.3215482144034 8.42147212365676,39.3215573262674 8.4214611431241,39.3215946656214 8.42146922351854,39.3216276845772 8.42146603748138,39.321662359516 8.42146473349171,39.3216938901067 8.42147265839313,39.3217176273776 8.42146436212056,39.3217389412246 8.42146187864633,39.3217587521782 8.42144710993421,39.3217771504453 8.42142419855153,39.3217841548661 8.42141413756398,39.3217943769031 8.42138709312773,39.3217961346166 8.42138106465516,39.3217956541022 8.42136946429597,39.3217955964029 8.42134424683132,39.3217868208001 8.42130847453482,39.3217778124755 8.4212797041658,39.3217778495657 8.42125052402296,39.3217713068775 8.42122958756727,39.3217639041367 8.42120664264549,39.3217609065898</coordinates>
            </LinearRing>
          </outerBoundaryIs>
        </Polygon>
      </Placemark>
      <Placemark xmlns="http://www.opengis.net/kml/2.2">
        <styleUrl>#Parti singole_style_map</styleUrl>
        <name>T02053</name>
        <Polygon>
          <outerBoundaryIs>
            <LinearRing>
              <coordinates>8.42858747339272,39.3305014791634 8.42862872404014,39.3304952212027 8.42862668214643,39.3304866601311 8.4286598619671,39.3304812906057 8.42865529192471,39.3304640399269 8.42873653171476,39.3304511302923 8.42872145474225,39.3304005249057 8.42874253304649,39.3303966187125 8.42873379685853,39.3303609569791 8.42875974172837,39.3303564078992 8.42874104967843,39.3302824113115 8.42872981322664,39.3302845096587 8.42871404144431,39.3302351713496 8.42864076321001,39.3302478137155 8.42862873651141,39.3302101805148 8.42851217322928,39.3302295933814 8.42858747339272,39.3305014791634</coordinates>
            </LinearRing>
          </outerBoundaryIs>
        </Polygon>
      </Placemark>
      <Placemark xmlns="http://www.opengis.net/kml/2.2">
        <styleUrl>#Parti singole_style_map</styleUrl>
        <name>T03029</name>
        <Polygon>
          <outerBoundaryIs>
            <LinearRing>
              <coordinates>8.42862873651141,39.3302101805148 8.42864076321001,39.3302478137155 8.42871404144431,39.3302351713496 8.42872981322664,39.3302845096587 8.42874104967843,39.3302824113115 8.42872566765593,39.3302236768809 8.42890758892349,39.3301925285342 8.42862873651141,39.3302101805148</coordinates>
            </LinearRing>
          </outerBoundaryIs>
        </Polygon>
      </Placemark>
      <Placemark xmlns="http://www.opengis.net/kml/2.2">
        <styleUrl>#Parti singole_style_map</styleUrl>
        <name>T03030</name>
        <Polygon>
          <outerBoundaryIs>
            <LinearRing>
              <coordinates>8.43487951992367,39.3175023402058 8.43508027879207,39.3176167767919 8.43518292094254,39.317522573737 8.43522089452866,39.3175419687056 8.43511291312761,39.3176380110625 8.43514825541844,39.3176730266745 8.43519116035527,39.3176418150154 8.43520593344865,39.3176280824946 8.43525885215793,39.3176556235083 8.43529181593261,39.3176070812143 8.43533654004178,39.3176280226948 8.43531334540696,39.3176691336206 8.43547151580992,39.3176284705233 8.43544881695698,39.3175430479752 8.43544059219314,39.3175171205966 8.43541957321678,39.3175199470371 8.43542803379957,39.3175425146064 8.4353887343797,39.3175523797114 8.43537408463897,39.3175233845717 8.43535703718095,39.3174925125973 8.43533389551789,39.3174809027428 8.43528714178542,39.3174685745566 8.43517270073695,39.317446231334 8.4351332773301,39.3174268202992 8.43501245063275,39.317359068512 8.43487951992367,39.3175023402058</coordinates>
            </LinearRing>
          </outerBoundaryIs>
          <innerBoundaryIs>
            <LinearRing>
              <coordinates>8.43530743428492,39.3175574905809 8.43531854470217,39.3175174293036 8.43536682294817,39.3175233853691 8.43536295011355,39.3175650045717 8.43535283163134,39.3176043317981 8.43529830819681,39.3175945789794 8.43530743428492,39.3175574905809</coordinates>
            </LinearRing>
          </innerBoundaryIs>
        </Polygon>
      </Placemark>
      <Placemark xmlns="http://www.opengis.net/kml/2.2">
        <styleUrl>#Parti singole_style_map</styleUrl>
        <name>T01802</name>
        <Polygon>
          <outerBoundaryIs>
            <LinearRing>
              <coordinates>8.43532284789939,39.3224357059694 8.43538841667364,39.3224082806037 8.43536784084641,39.3223745892332 8.43530341024908,39.3224032996172 8.43532284789939,39.3224357059694</coordinates>
            </LinearRing>
          </outerBoundaryIs>
        </Polygon>
      </Placemark>
      <Placemark xmlns="http://www.opengis.net/kml/2.2">
        <styleUrl>#Parti singole_style_map</styleUrl>
        <name>T03031</name>
        <Polygon>
          <outerBoundaryIs>
            <LinearRing>
              <coordinates>8.43517933514272,39.3177043812964 8.43529971662992,39.3176761678207 8.43525885215793,39.3176556235083 8.43520593344865,39.3176280824946 8.43519116035527,39.3176418150154 8.43522420435059,39.3176698091965 8.43517933514272,39.3177043812964</coordinates>
            </LinearRing>
          </outerBoundaryIs>
        </Polygon>
      </Placemark>
      <Placemark xmlns="http://www.opengis.net/kml/2.2">
        <styleUrl>#Parti singole_style_map</styleUrl>
        <name>T03032</name>
        <Polygon>
          <outerBoundaryIs>
            <LinearRing>
              <coordinates>8.43464499379222,39.3175909733401 8.43480424831811,39.3176822136311 8.4348218312513,39.317715710372 8.43486048249639,39.3177460296009 8.43493553728424,39.3178049000346 8.43507045180347,39.3177539064975 8.43504025729168,39.3177293140983 8.43506755117437,39.3177107406322 8.43510290362575,39.3176652195339 8.43513716848296,39.3176798839747 8.43514825541844,39.3176730266745 8.43511291312761,39.3176380110625 8.43508027879207,39.3176167767919 8.43487951992367,39.3175023402058 8.43478043409393,39.3174458489161 8.43464499379222,39.3175909733401</coordinates>
            </LinearRing>
          </outerBoundaryIs>
        </Polygon>
      </Placemark>
      <Placemark xmlns="http://www.opengis.net/kml/2.2">
        <styleUrl>#Parti singole_style_map</styleUrl>
        <name>T03033</name>
        <Polygon>
          <outerBoundaryIs>
            <LinearRing>
              <coordinates>8.43509118169278,39.3177754794303 8.43517933514272,39.3177043812964 8.43514825541844,39.3176730266745 8.43513716848296,39.3176798839747 8.43514476360506,39.3176831376384 8.43511612283152,39.3177335840973 8.43507045180347,39.3177539064975 8.43509118169278,39.3177754794303</coordinates>
            </LinearRing>
          </outerBoundaryIs>
        </Polygon>
      </Placemark>
      <Placemark xmlns="http://www.opengis.net/kml/2.2">
        <styleUrl>#Parti singole_style_map</styleUrl>
        <name>T03034</name>
        <Polygon>
          <outerBoundaryIs>
            <LinearRing>
              <coordinates>8.43509118169278,39.3177754794303 8.43509812643549,39.3177817124485 8.43514916604343,39.3177602357156 8.43524280043318,39.317733117869 8.43526235568151,39.3177565142216 8.4352293154739,39.3177712934042 8.43523022184736,39.3177754246607 8.43517248827122,39.3177926609767 8.4351701228685,39.3177939740507 8.43513159840789,39.3178156286997 8.43513985515674,39.3178245982988 8.43518837206387,39.3177965946336 8.43519009317205,39.3177989457467 8.43525205259861,39.3177740799345 8.43526958117633,39.3178057111491 8.43534896837647,39.3177009968229 8.43529971662992,39.3176761678207 8.43517933514272,39.3177043812964 8.43509118169278,39.3177754794303</coordinates>
            </LinearRing>
          </outerBoundaryIs>
        </Polygon>
      </Placemark>
      <Placemark xmlns="http://www.opengis.net/kml/2.2">
        <styleUrl>#Parti singole_style_map</styleUrl>
        <name>T01803</name>
        <Polygon>
          <outerBoundaryIs>
            <LinearRing>
              <coordinates>8.43538841667364,39.3224082806037 8.43545162259818,39.3223818258889 8.43543270227618,39.3223456736604 8.43536784084641,39.3223745892332 8.43538841667364,39.3224082806037</coordinates>
            </LinearRing>
          </outerBoundaryIs>
        </Polygon>
      </Placemark>
      <Placemark xmlns="http://www.opengis.net/kml/2.2">
        <styleUrl>#Parti singole_style_map</styleUrl>
        <name>T01774</name>
        <Polygon>
          <outerBoundaryIs>
            <LinearRing>
              <coordinates>8.43412618246218,39.3310809126794 8.4341842571771,39.3311148406954 8.43419816980074,39.3311002841928 8.43424305543597,39.331053296069 8.43418404215086,39.3310192193473 8.434137518059,39.3310679565418 8.43412618246218,39.3310809126794</coordinates>
            </LinearRing>
          </outerBoundaryIs>
        </Polygon>
      </Placemark>
      <Placemark xmlns="http://www.opengis.net/kml/2.2">
        <styleUrl>#Parti singole_style_map</styleUrl>
        <name>T03035</name>
        <Polygon>
          <outerBoundaryIs>
            <LinearRing>
              <coordinates>8.43635880713572,39.3173400904395 8.43640365985627,39.3172829101945 8.43645837179216,39.3172359416536 8.43644236315271,39.3172244476677 8.43631281824284,39.3173235133652 8.43633241362129,39.3173246084889 8.43635880713572,39.3173400904395</coordinates>
            </LinearRing>
          </outerBoundaryIs>
        </Polygon>
      </Placemark>
      <Placemark xmlns="http://www.opengis.net/kml/2.2">
        <styleUrl>#Parti singole_style_map</styleUrl>
        <name>T03036</name>
        <Polygon>
          <outerBoundaryIs>
            <LinearRing>
              <coordinates>8.43645837179216,39.3172359416536 8.43660356125377,39.3171113073773 8.43659501244565,39.3170650055306 8.43650442571353,39.3171345972031 8.43641469034859,39.3171992641277 8.43644236315271,39.3172244476677 8.43645837179216,39.3172359416536</coordinates>
            </LinearRing>
          </outerBoundaryIs>
        </Polygon>
      </Placemark>
      <Placemark xmlns="http://www.opengis.net/kml/2.2">
        <styleUrl>#Parti singole_style_map</styleUrl>
        <name>T03037</name>
        <Polygon>
          <outerBoundaryIs>
            <LinearRing>
              <coordinates>8.43628054553864,39.3172456675541 8.43626665610878,39.3172635133307 8.43628578063286,39.3172813478835 8.43628054553864,39.3172456675541</coordinates>
            </LinearRing>
          </outerBoundaryIs>
        </Polygon>
      </Placemark>
      <Placemark xmlns="http://www.opengis.net/kml/2.2">
        <styleUrl>#Parti singole_style_map</styleUrl>
        <name>T03038</name>
        <Polygon>
          <outerBoundaryIs>
            <LinearRing>
              <coordinates>8.43644236315271,39.3172244476677 8.43641469034859,39.3171992641277 8.4363629911881,39.317236524803 8.43633365623626,39.3172652075949 8.43629237590163,39.3172386605662 8.43632708576188,39.3172051381014 8.43632325885129,39.3172021100168 8.43637444337867,39.317166820188 8.43629322411995,39.3171575962674 8.43632393307653,39.3171788208709 8.43629069119976,39.3172101068078 8.43626488406039,39.3172400591508 8.43628054553864,39.3172456675541 8.43628578063286,39.3172813478835 8.43629606268058,39.317289471208 8.43631281824284,39.3173235133652 8.43644236315271,39.3172244476677</coordinates>
            </LinearRing>
          </outerBoundaryIs>
        </Polygon>
      </Placemark>
      <Placemark xmlns="http://www.opengis.net/kml/2.2">
        <styleUrl>#Parti singole_style_map</styleUrl>
        <name>T03039</name>
        <Polygon>
          <outerBoundaryIs>
            <LinearRing>
              <coordinates>8.43622866134088,39.3172279625856 8.43625655344485,39.3171926139914 8.43629322411995,39.3171575962674 8.43637444337867,39.317166820188 8.4363571998803,39.3171530945882 8.43632830931542,39.317132221207 8.4363030817128,39.3171492371388 8.43627821268763,39.3171288247512 8.43617217130001,39.3172088926911 8.43622866134088,39.3172279625856</coordinates>
            </LinearRing>
          </outerBoundaryIs>
        </Polygon>
      </Placemark>
      <Placemark xmlns="http://www.opengis.net/kml/2.2">
        <styleUrl>#Parti singole_style_map</styleUrl>
        <name>T03040</name>
        <Polygon>
          <outerBoundaryIs>
            <LinearRing>
              <coordinates>8.43629406168274,39.317337857468 8.43631281824284,39.3173235133652 8.43629606268058,39.317289471208 8.43628578063286,39.3172813478835 8.43629406168274,39.317337857468</coordinates>
            </LinearRing>
          </outerBoundaryIs>
        </Polygon>
      </Placemark>
      <Placemark xmlns="http://www.opengis.net/kml/2.2">
        <styleUrl>#Parti singole_style_map</styleUrl>
        <name>T02054</name>
        <Polygon>
          <outerBoundaryIs>
            <LinearRing>
              <coordinates>8.42505298972525,39.3304874692113 8.42531461687624,39.3305517099579 8.42524365430157,39.3307206140976 8.42552763455854,39.3307090236383 8.42580504833579,39.3306817757262 8.42609532485236,39.3306677821036 8.42621105277786,39.3306712363956 8.4264184287049,39.3306858741172 8.42667539471571,39.3307017200263 8.42723992717002,39.3308581855298 8.4276144377428,39.330963569543 8.42777487303147,39.3309880026391 8.42768665798318,39.33028708607 8.42751308830408,39.3303013247043 8.42728473517549,39.3303209520145 8.4268440000985,39.3303565265719 8.42642736880467,39.3303913262654 8.42621683947861,39.3304091291198 8.42606040437328,39.3302916343116 8.4259703301376,39.3302838642516 8.42584981441101,39.3302502366854 8.42570844958824,39.3301358163094 8.42566362556987,39.3301278819479 8.42556141491511,39.3302420729405 8.42548340252891,39.3302887048821 8.42540218319024,39.3302948183683 8.42522342916513,39.330270534776 8.4251423315839,39.3303849828965 8.42509228653432,39.3304195164123 8.42505298972525,39.3304874692113</coordinates>
            </LinearRing>
          </outerBoundaryIs>
          <innerBoundaryIs>
            <LinearRing>
              <coordinates>8.42621328224267,39.3304794932219 8.42632390761829,39.3304783538672 8.42632444943322,39.3304844567026 8.42635193735041,39.3304841957959 8.42635171792933,39.3304627855733 8.42640981345251,39.3304624232929 8.42641049843676,39.3304836555995 8.42649913500987,39.3304828221371 8.42650543266704,39.3306349878346 8.42621812604696,39.330639112523 8.42621328224267,39.3304794932219</coordinates>
            </LinearRing>
          </innerBoundaryIs>
        </Polygon>
      </Placemark>
      <Placemark xmlns="http://www.opengis.net/kml/2.2">
        <styleUrl>#Parti singole_style_map</styleUrl>
        <name>T02058</name>
        <Polygon>
          <outerBoundaryIs>
            <LinearRing>
              <coordinates>8.42777487303147,39.3309880026391 8.42797908779593,39.3310191023838 8.42803613334634,39.3310266183876 8.42857344470579,39.3310842957405 8.42900537942267,39.3311040594907 8.42933417184553,39.3312048073762 8.42976707261013,39.3313884755061 8.42992105126137,39.3314409509641 8.43012525118625,39.331517009671 8.43029655209506,39.3315495750157 8.4303671779889,39.331536495127 8.43057333420757,39.3314931273811 8.4307529716139,39.3314277427963 8.43083713765555,39.3313802994519 8.4310959218315,39.3312782500597 8.43113821402612,39.3312380083921 8.43062427847089,39.3308314594499 8.42980740822669,39.3301771825064 8.4294909321211,39.3302545094238 8.42943347187944,39.3301282686648 8.42935554170574,39.3301351669439 8.4293741487923,39.3301669033879 8.42932066109688,39.330181346263 8.42929916259881,39.3301527673501 8.4292963710681,39.3301536276809 8.42907846166303,39.3301817166246 8.42890758892349,39.3301925285342 8.42891739922729,39.3302359266086 8.42895848909902,39.3302294424765 8.42898307539127,39.3303333650759 8.42897137963351,39.3303348755039 8.42895017896195,39.3303395650585 8.42897257173776,39.3304164901972 8.42908595686505,39.3303998455421 8.42909761188208,39.330446118019 8.42912076369499,39.3304440420714 8.42913564303774,39.3304975838865 8.42918278565135,39.3304901382157 8.42920150882235,39.3305575211167 8.42915383475404,39.3305646848588 8.42918461377088,39.330670439917 8.42887820196972,39.3307182778553 8.42884387500577,39.3306892484205 8.42883704749698,39.3306585518879 8.42871184161927,39.3306777423032 8.4286598619671,39.3304812906057 8.42862668214643,39.3304866601311 8.42862872404014,39.3304952212027 8.42858747339272,39.3305014791634 8.42851217322928,39.3302295933814 8.42834542111424,39.3302330360319 8.42768665798318,39.33028708607 8.42777487303147,39.3309880026391</coordinates>
            </LinearRing>
          </outerBoundaryIs>
          <innerBoundaryIs>
            <LinearRing>
              <coordinates>8.43062060382606,39.3310926762458 8.43065702935393,39.3311034149375 8.43063947377771,39.3311364428971 8.43060373959747,39.3311262932718 8.43062060382606,39.3310926762458</coordinates>
            </LinearRing>
          </innerBoundaryIs>
          <innerBoundaryIs>
            <LinearRing>
              <coordinates>8.43051888271642,39.3313903654587 8.43060244854533,39.3313768622041 8.43061534301297,39.3314135172907 8.4305275540991,39.3314269908692 8.43051888271642,39.3313903654587</coordinates>
            </LinearRing>
          </innerBoundaryIs>
          <innerBoundaryIs>
            <LinearRing>
              <coordinates>8.42918523021019,39.3302067854248 8.42926208239387,39.3301897901187 8.42926172408986,39.3301867698156 8.42930233264613,39.3301752643059 8.42930705011229,39.3302057882716 8.42927150232804,39.3302170212638 8.42927482699173,39.3302333467298 8.42919690904146,39.3302415785284 8.42918523021019,39.3302067854248</coordinates>
            </LinearRing>
          </innerBoundaryIs>
          <innerBoundaryIs>
            <LinearRing>
              <coordinates>8.4283242185638,39.3302664331777 8.42834497085012,39.3302341871737 8.42841307682906,39.3302639864523 8.42839107957435,39.3302952441971 8.42838547165158,39.3302928919099 8.42836610554344,39.3303173415687 8.42830625023651,39.3302916285637 8.4283242185638,39.3302664331777</coordinates>
            </LinearRing>
          </innerBoundaryIs>
          <innerBoundaryIs>
            <LinearRing>
              <coordinates>8.42899648370657,39.3309425642332 8.4290821006167,39.3309721156832 8.42914806175657,39.3310446231683 8.42914132176583,39.3310544837099 8.42905278521445,39.3310229806983 8.42896783042831,39.3309919006786 8.42899648370657,39.3309425642332</coordinates>
            </LinearRing>
          </innerBoundaryIs>
          <innerBoundaryIs>
            <LinearRing>
              <coordinates>8.43063388703116,39.3313845128938 8.43078759711615,39.3313128651385 8.43081978602677,39.3313538676108 8.43066425817687,39.3314250379608 8.43063388703116,39.3313845128938</coordinates>
            </LinearRing>
          </innerBoundaryIs>
          <innerBoundaryIs>
            <LinearRing>
              <coordinates>8.43023886583039,39.331255133055 8.43046118925085,39.3312396333234 8.4304658234225,39.3313162189206 8.43024614068826,39.3313322632187 8.43023886583039,39.331255133055</coordinates>
            </LinearRing>
          </innerBoundaryIs>
          <innerBoundaryIs>
            <LinearRing>
              <coordinates>8.4293891067367,39.330591690552 8.42936987381367,39.3305627082805 8.42946583380227,39.3305244965479 8.42954748832099,39.330644647644 8.42945443160398,39.3306867932859 8.42954833523362,39.3308158888909 8.42967731587127,39.3309974538167 8.42957405239066,39.3310434240574 8.42928507491376,39.3306408825597 8.4293891067367,39.330591690552</coordinates>
            </LinearRing>
          </innerBoundaryIs>
        </Polygon>
      </Placemark>
      <Placemark xmlns="http://www.opengis.net/kml/2.2">
        <styleUrl>#Parti singole_style_map</styleUrl>
        <name>T02057</name>
        <Polygon>
          <outerBoundaryIs>
            <LinearRing>
              <coordinates>8.43062427847089,39.3308314594499 8.43113821402612,39.3312380083921 8.43121698726125,39.3311630290921 8.4313762637914,39.3309369754109 8.43149422242467,39.3308255954879 8.4318575782729,39.330698816769 8.4320963110626,39.3307069657362 8.43228765256274,39.3306758941409 8.43240326174134,39.33063670362 8.43263259691882,39.330703626715 8.43295713364317,39.3308159852961 8.43304340139773,39.3308556378721 8.43309612567388,39.3308279530208 8.43314527659696,39.3308505027513 8.43319332673577,39.3308944201992 8.43317916619324,39.3309037402253 8.43331848546749,39.3310116809931 8.43336665196883,39.331061329666 8.43332403501611,39.3311031654388 8.43336581373321,39.3311392581088 8.43344341177906,39.3311577743822 8.43345441875068,39.3311366801553 8.43341904977118,39.3311286686802 8.43342331319942,39.3311179488322 8.43338433364327,39.3311073427338 8.43340527636621,39.3310656266328 8.43344026022631,39.331075348247 8.43344204842386,39.331070860676 8.4334554284097,39.3310734307852 8.43346460342607,39.3310521834652 8.43350156059796,39.331060355841 8.43349554450958,39.3310840964584 8.43354139942562,39.3310953036675 8.43353837033422,39.331102596499 8.43358788271103,39.3311163444637 8.4335696921389,39.3311577766498 8.43352095008165,39.3311448974446 8.43351915802729,39.3311527369346 8.43351346028575,39.3311729739864 8.43356482185666,39.3311804325694 8.43411021705659,39.3311169404157 8.43420068683249,39.3311348970726 8.43437979710486,39.3312825955764 8.43441855354032,39.3312590231181 8.43446942220327,39.3313650726968 8.43460497494317,39.3315016382515 8.43452980039562,39.3313507780921 8.43448278869483,39.3312858445566 8.43440600423197,39.3311649186517 8.43418830908316,39.330940433546 8.43406532186967,39.3309018826783 8.43405627748538,39.330843675363 8.43407353924969,39.3308137811358 8.43403938105653,39.3308225264132 8.43405543330718,39.3309123679393 8.43418459807233,39.3309488494005 8.43439667239192,39.331188381887 8.43429540692387,39.331163894272 8.43419816980074,39.3311002841928 8.4341842571771,39.3311148406954 8.43412618246218,39.3310809126794 8.434137518059,39.3310679565418 8.43418404215086,39.3310192193473 8.43416766521887,39.3309796823441 8.43389527548984,39.3309467569191 8.43387522645427,39.3310416759388 8.43384814631425,39.3310402646381 8.4338453048026,39.3310660120636 8.43372468741678,39.3310572793776 8.43372419171678,39.3310453829957 8.43358506995427,39.3310350463039 8.43359249704408,39.3309989230012 8.43372917344497,39.3309988495675 8.43373025172289,39.3310161911775 8.43378399759061,39.3310214807097 8.43380941167529,39.3308814177686 8.43356042996762,39.3309455233214 8.43353507219035,39.3309434715732 8.4335169576346,39.3309410045644 8.43292129249995,39.3305176053373 8.43224389602147,39.3303452264657 8.43186319661714,39.3303717961013 8.43186842722508,39.3304078639796 8.43181123529611,39.3304098372822 8.43181486315543,39.33042604702 8.43173345616829,39.3304496445391 8.43171742807165,39.3304116316836 8.43152948332802,39.3304917815665 8.43143110993674,39.3305272890432 8.43067465211735,39.3308404913235 8.43062427847089,39.3308314594499</coordinates>
            </LinearRing>
          </outerBoundaryIs>
          <innerBoundaryIs>
            <LinearRing>
              <coordinates>8.43267855565948,39.3305713772822 8.4328881932806,39.3306709302423 8.43296409319474,39.3307185968021 8.43306149647429,39.3307772348806 8.4330268471867,39.3308122793578 8.43294373921691,39.3307635324739 8.43284819996908,39.3307068316501 8.43281337863529,39.3307373158703 8.43262222152699,39.3306408624529 8.43267855565948,39.3305713772822</coordinates>
            </LinearRing>
          </innerBoundaryIs>
        </Polygon>
      </Placemark>
      <Placemark xmlns="http://www.opengis.net/kml/2.2">
        <styleUrl>#Parti singole_style_map</styleUrl>
        <name>T03041</name>
        <Polygon>
          <outerBoundaryIs>
            <LinearRing>
              <coordinates>8.43464703296806,39.315039134753 8.43515271803757,39.3152891395347 8.43534087903096,39.3150712393796 8.43526655880041,39.3150324033325 8.43520716291981,39.3150056688556 8.43488979714558,39.3148396480245 8.43485749893007,39.3148190981753 8.43483842970757,39.3148098887513 8.43483999434302,39.3148079608136 8.43483074402346,39.3148020752593 8.43464703296806,39.315039134753</coordinates>
            </LinearRing>
          </outerBoundaryIs>
        </Polygon>
      </Placemark>
      <Placemark xmlns="http://www.opengis.net/kml/2.2">
        <styleUrl>#Parti singole_style_map</styleUrl>
        <name>T03042</name>
        <Polygon>
          <outerBoundaryIs>
            <LinearRing>
              <coordinates>8.43488979714558,39.3148396480245 8.43520716291981,39.3150056688556 8.43522878937696,39.3149820308961 8.43494683018322,39.314834212328 8.43488979714558,39.3148396480245</coordinates>
            </LinearRing>
          </outerBoundaryIs>
        </Polygon>
      </Placemark>
      <Placemark xmlns="http://www.opengis.net/kml/2.2">
        <styleUrl>#Parti singole_style_map</styleUrl>
        <name>T03043</name>
        <Polygon>
          <outerBoundaryIs>
            <LinearRing>
              <coordinates>8.43520716291981,39.3150056688556 8.43526655880041,39.3150324033325 8.43534087903096,39.3150712393796 8.43535896921426,39.3150502784037 8.43522878937696,39.3149820308961 8.43520716291981,39.3150056688556</coordinates>
            </LinearRing>
          </outerBoundaryIs>
        </Polygon>
      </Placemark>
      <Placemark xmlns="http://www.opengis.net/kml/2.2">
        <styleUrl>#Parti singole_style_map</styleUrl>
        <name>T03044</name>
        <Polygon>
          <outerBoundaryIs>
            <LinearRing>
              <coordinates>8.43515271803757,39.3152891395347 8.43570552376842,39.3152319558069 8.43535896921426,39.3150502784037 8.43534087903096,39.3150712393796 8.43515271803757,39.3152891395347</coordinates>
            </LinearRing>
          </outerBoundaryIs>
        </Polygon>
      </Placemark>
      <Placemark xmlns="http://www.opengis.net/kml/2.2">
        <styleUrl>#Parti singole_style_map</styleUrl>
        <name>T02248</name>
        <Polygon>
          <outerBoundaryIs>
            <LinearRing>
              <coordinates>8.43271599231824,39.3144462886768 8.43314976179973,39.3146558362333 8.43313535355378,39.3145741389342 8.43337711765338,39.3142746958032 8.43305068160381,39.3140980563344 8.43302037668361,39.3141118300335 8.43309975204719,39.3144997180483 8.4327293823974,39.3144070226668 8.43271599231824,39.3144462886768</coordinates>
            </LinearRing>
          </outerBoundaryIs>
        </Polygon>
      </Placemark>
      <Placemark xmlns="http://www.opengis.net/kml/2.2">
        <styleUrl>#Parti singole_style_map</styleUrl>
        <name>T02250</name>
        <Polygon>
          <outerBoundaryIs>
            <LinearRing>
              <coordinates>8.43175926600048,39.3137599760369 8.4314129538709,39.3138111762511 8.43269651530049,39.3144191708881 8.43272252902022,39.3143866793389 8.43308690375059,39.3144546834953 8.43300328711315,39.3140935813579 8.43303289797424,39.3140795700049 8.43158999648963,39.3133012750452 8.43175926600048,39.3137599760369</coordinates>
            </LinearRing>
          </outerBoundaryIs>
        </Polygon>
      </Placemark>
      <Placemark xmlns="http://www.opengis.net/kml/2.2">
        <styleUrl>#Parti singole_style_map</styleUrl>
        <name>T03045</name>
        <Polygon>
          <outerBoundaryIs>
            <LinearRing>
              <coordinates>8.43634141565024,39.3090653010737 8.43630831374904,39.3090420735132 8.43629418600233,39.3090536918309 8.4363223534679,39.3090674253292 8.43633786503282,39.3090683655022 8.43634141565024,39.3090653010737</coordinates>
            </LinearRing>
          </outerBoundaryIs>
        </Polygon>
      </Placemark>
      <Placemark xmlns="http://www.opengis.net/kml/2.2">
        <styleUrl>#Parti singole_style_map</styleUrl>
        <name>T03046</name>
        <Polygon>
          <outerBoundaryIs>
            <LinearRing>
              <coordinates>8.43659283119816,39.3131960742523 8.43666941137714,39.3130846684691 8.4366119923669,39.3130704600139 8.43645624177152,39.3132055225886 8.43635063634485,39.3131323764472 8.43635803925116,39.3131161751932 8.43629719624255,39.3130776844189 8.43609867776686,39.3130279298836 8.43614849307801,39.3129056810889 8.43624950435687,39.3129326347818 8.43626762769176,39.312887219017 8.43636650619151,39.3126394827974 8.4363878919299,39.3125864508289 8.43642589066097,39.3125807509834 8.43634115297244,39.3124859813309 8.43631342148377,39.3125073462872 8.43636138657714,39.3125576686719 8.43629207824932,39.3127356528639 8.43615036557232,39.3128429582896 8.43601963394231,39.312721077816 8.43592208691336,39.3127812823421 8.43595140815225,39.3128089519239 8.43604722347947,39.3128993423343 8.43586700010615,39.3130138674423 8.43577155790654,39.3129232444194 8.43575559150047,39.3129080742088 8.43590039508678,39.3128160572399 8.43575209662963,39.3126761511595 8.43572048585388,39.3126418386121 8.43570309596387,39.3126248323352 8.43566072916513,39.3126515595437 8.43537738916162,39.3125985899881 8.43537822028892,39.3124303478849 8.4353798153789,39.3121137497588 8.43534516679173,39.3121009757479 8.43556670933845,39.3119383099656 8.43577798300295,39.3117831808884 8.43598986255939,39.3116275948175 8.43555611368307,39.3117904034179 8.43538982305096,39.3118558875736 8.43505443076053,39.3119944464739 8.4347767210535,39.3120277253457 8.43491476734862,39.3122736648113 8.43507231789281,39.3125492716446 8.43478742610311,39.3126055918327 8.43476615068094,39.3127672289339 8.43536085024348,39.3128017260317 8.43533440299139,39.31310466055 8.43552541827922,39.3131137781704 8.43564836325518,39.3133572736678 8.43587112234865,39.3135156432743 8.43591785298824,39.3134742318376 8.4359600109763,39.3132208956877 8.43604923649102,39.3130804924039 8.43606810978157,39.3130341522143 8.43618144430813,39.3130619856667 8.43611332260514,39.3132293069226 8.43602520160594,39.3132076687878 8.4360065876784,39.3132404852999 8.43596644375993,39.3134582753633 8.4360287550386,39.3136027922642 8.43604536350165,39.313598709875 8.43612456016452,39.313763915839 8.4362122107984,39.3139467604356 8.43630042187309,39.3139226339791 8.43630104092168,39.3140376664193 8.43618192129147,39.314084349818 8.43611309666117,39.3140805651786 8.43602672083039,39.3139975011701 8.43590331507324,39.3138182675269 8.43572968399163,39.3137775895826 8.43565699027492,39.3137573325346 8.43554247030064,39.3137455407166 8.43532124549146,39.3137281038699 8.43533817472859,39.3137519289966 8.43530501319462,39.313769050385 8.43531227705299,39.3137788261122 8.4353388316668,39.313814465815 8.43552108464008,39.3137667019913 8.43563023381747,39.3137857393377 8.4357536883305,39.3138491331112 8.43582148611459,39.3138839545327 8.43588275814005,39.3139153022184 8.43590770479093,39.3139562142115 8.43590642300785,39.3139973594494 8.4358781090471,39.3140362651266 8.43595285970029,39.3140488729915 8.43593818202725,39.3141013697212 8.43586343124864,39.3140887708569 8.43581698447536,39.3141207855777 8.43578668200077,39.3141473100219 8.43575350554967,39.3141763795319 8.4356518701529,39.3142008909813 8.43557015975367,39.3141983680705 8.43560201416729,39.3141259872124 8.43561694884134,39.3140920536275 8.43562374263655,39.3140766243809 8.43555493639595,39.3140604589239 8.43552206266371,39.3141571814894 8.43551402842596,39.3141970414824 8.43546377022986,39.3141909226917 8.43544979230485,39.3142602095174 8.43539306783556,39.3142533024256 8.43538998700297,39.3142685874873 8.43538624169226,39.3142871672066 8.43540639710211,39.3142891932954 8.43545460599648,39.3143294613839 8.43552926842852,39.3143400867587 8.43569380385538,39.314362357261 8.43580213247023,39.3143869139694 8.4357876621144,39.314425138878 8.43570862375024,39.3145201958921 8.43573977780777,39.3145320607929 8.43571575786409,39.3145634453743 8.4357104694119,39.3145806389952 8.43598557374407,39.31466638445 8.43601089357156,39.3146276804905 8.4359521651612,39.3146102756076 8.43596215043602,39.3145932038643 8.43592294421087,39.3145801376122 8.43593673552482,39.3145542359077 8.43592006604922,39.3145485594954 8.43589262664644,39.3145926415017 8.4358565333915,39.3145819330801 8.43582175919734,39.3145716365216 8.43577847973873,39.3145587937539 8.43580152719138,39.31452572847 8.43575485019406,39.314509859673 8.43576338888683,39.3144952588477 8.43575471289222,39.3144923063416 8.43576262799092,39.3144788017861 8.43577878873871,39.3144842685097 8.43579339498541,39.3144565596419 8.43597768108329,39.314519734575 8.43599542796979,39.3144995917983 8.43605081614156,39.3144793882083 8.43609624789507,39.3144972151636 8.4362417014905,39.3145542724629 8.4362390472936,39.3145583414064 8.43643559219255,39.3146305225546 8.43628491759392,39.3147714663399 8.43613654704482,39.3147150257001 8.43613141507524,39.3147228580764 8.43607903940478,39.3147882284639 8.43621066937739,39.3148391816841 8.4363152268755,39.3149160081982 8.43637364482484,39.3147554158398 8.43649672699451,39.3146516241888 8.43654984287324,39.3146095856613 8.43666819117896,39.3145810455228 8.43677139465905,39.3145577391907 8.43683396443673,39.3145156471855 8.43688591805155,39.3144131236694 8.43679923921657,39.3142404302396 8.43679771833452,39.3142333675697 8.43641288671153,39.3141962453835 8.43635685773147,39.3141908378916 8.4363598252287,39.3141780842358 8.43638617498713,39.314064507017 8.43642161541661,39.3140683730598 8.43642829025489,39.3140388415857 8.43641073643813,39.3140378554868 8.43641802361496,39.3140317455536 8.43645903699642,39.313997397556 8.43647469058588,39.313975000922 8.43649018831029,39.3139257789459 8.43649158207697,39.3138980960936 8.43658013432705,39.3139008136835 8.43661869782533,39.3138840875269 8.43660887390592,39.3138767503689 8.43656444526337,39.3138163533395 8.4365568652465,39.3138040351668 8.43651035881986,39.3136990345444 8.43650974401643,39.3135776496383 8.43650808648422,39.3134459965938 8.43654778062907,39.3133057134336 8.43659283119816,39.3131960742523</coordinates>
            </LinearRing>
          </outerBoundaryIs>
          <innerBoundaryIs>
            <LinearRing>
              <coordinates>8.43649833064066,39.3145067593911 8.43643608251458,39.3144856433536 8.4364803405705,39.3144069338213 8.43654258856838,39.3144280588452 8.43649833064066,39.3145067593911</coordinates>
            </LinearRing>
          </innerBoundaryIs>
          <innerBoundaryIs>
            <LinearRing>
              <coordinates>8.43623963365689,39.3137876848672 8.4362442848185,39.3137978263212 8.43625963614131,39.3139271849386 8.43620397440404,39.3139251851634 8.4361868188778,39.3138009538425 8.43614227176617,39.3136513780722 8.43622666376978,39.3136593379626 8.43623963365689,39.3137876848672</coordinates>
            </LinearRing>
          </innerBoundaryIs>
          <innerBoundaryIs>
            <LinearRing>
              <coordinates>8.43625282729795,39.3135833971799 8.43623965142922,39.3136395865695 8.43614758411941,39.3136297423136 8.43615157086252,39.3136041805144 8.43604104202796,39.3135663047937 8.43599617486216,39.313403202485 8.43628733368806,39.3134363129951 8.43628476366537,39.3134472394229 8.43625282729795,39.3135833971799</coordinates>
            </LinearRing>
          </innerBoundaryIs>
          <innerBoundaryIs>
            <LinearRing>
              <coordinates>8.43587597010954,39.314302437157 8.43586686603592,39.3143426524103 8.43579125002694,39.3143323199773 8.43572047727246,39.314322659751 8.43546194208317,39.3142884356396 8.4354698369486,39.3142471603091 8.43549206077073,39.314250169566 8.43549787289282,39.3142197869636 8.43556112607455,39.3142283656113 8.4355629542649,39.3142188322465 8.43564284248287,39.3142243738875 8.43576459606593,39.3141949771552 8.4358194217029,39.3141567046744 8.43592029741256,39.3141213406214 8.43588788151433,39.3142318787738 8.43587597010954,39.314302437157</coordinates>
            </LinearRing>
          </innerBoundaryIs>
          <innerBoundaryIs>
            <LinearRing>
              <coordinates>8.4361465432709,39.3143442155218 8.43613827595309,39.3143856963372 8.43589625191632,39.3143565811353 8.43590453097237,39.3143151003941 8.43593882136919,39.3141430649096 8.43622900610118,39.3141779639571 8.43621178308977,39.3142643282756 8.43616362176576,39.3142585263095 8.4361465432709,39.3143442155218</coordinates>
            </LinearRing>
          </innerBoundaryIs>
          <innerBoundaryIs>
            <LinearRing>
              <coordinates>8.43643748602179,39.3139654857079 8.43638618157736,39.3140217877497 8.43632635265113,39.3140028098771 8.43634432174149,39.3139665211093 8.43629182596257,39.3137594822712 8.43633505006169,39.3139299544902 8.4363282014545,39.3139345783563 8.43627462780608,39.313705474683 8.43629260723608,39.3136493390709 8.43632978158062,39.3136494393881 8.43633140184149,39.3136108908382 8.43635524095095,39.3136135112896 8.4363579290338,39.3136095506342 8.43636555039005,39.313570481511 8.43637302719607,39.313532078472 8.43637824144196,39.3135053151896 8.43638619298885,39.3134496771517 8.43639528348953,39.3133908728957 8.43639737706877,39.3133843863881 8.43641287734142,39.3133362817452 8.43642386366212,39.3133144031414 8.43642849360683,39.3133098481802 8.43648866993253,39.3132507957962 8.43650455872191,39.313238833281 8.43655361478036,39.313261650886 8.43655623875078,39.313262539543 8.43651227245478,39.3133236429878 8.43649130411596,39.3133136140081 8.4364755780521,39.313337285769 8.43645935495186,39.3133292263211 8.4364472741853,39.3133501715337 8.43644193259211,39.3133480101434 8.43643620262326,39.3133927831414 8.43642807133493,39.3134563676709 8.43642164717229,39.3135066968509 8.43641757678403,39.313506569005 8.43641120065042,39.3135350206551 8.43640243101946,39.3135740842187 8.43639607376411,39.3136175206036 8.4364518660746,39.3136292343566 8.43643748602179,39.3139654857079</coordinates>
            </LinearRing>
          </innerBoundaryIs>
        </Polygon>
      </Placemark>
      <Placemark xmlns="http://www.opengis.net/kml/2.2">
        <styleUrl>#Parti singole_style_map</styleUrl>
        <name>T02249</name>
        <Polygon>
          <outerBoundaryIs>
            <LinearRing>
              <coordinates>8.43627499471037,39.312991047944 8.43653615890475,39.3130642538724 8.43654105220647,39.3130528971707 8.43655750434042,39.3130147988939 8.43629428647432,39.3129445745851 8.43627499471037,39.312991047944</coordinates>
            </LinearRing>
          </outerBoundaryIs>
        </Polygon>
      </Placemark>
      <Placemark xmlns="http://www.opengis.net/kml/2.2">
        <styleUrl>#Parti singole_style_map</styleUrl>
        <name>T03047</name>
        <Polygon>
          <outerBoundaryIs>
            <LinearRing>
              <coordinates>8.4349752225872,39.3135433822923 8.43500673269175,39.3135224685209 8.4350389451269,39.3135238233683 8.43502841257317,39.3134503447594 8.43490859041851,39.3134431039592 8.4349752225872,39.3135433822923</coordinates>
            </LinearRing>
          </outerBoundaryIs>
        </Polygon>
      </Placemark>
      <Placemark xmlns="http://www.opengis.net/kml/2.2">
        <styleUrl>#Parti singole_style_map</styleUrl>
        <name>T03048</name>
        <Polygon>
          <outerBoundaryIs>
            <LinearRing>
              <coordinates>8.43512806835596,39.3138577117677 8.43524262495442,39.3137640349882 8.43532124549146,39.3137281038699 8.43532106230309,39.3136585861275 8.43534871657122,39.313528661212 8.43533159568651,39.3135272265214 8.43533453302667,39.3135095889937 8.4353027804181,39.3134669318241 8.43529832835442,39.3134666669273 8.43530766313811,39.3135290206058 8.43527213815607,39.3135256133549 8.43517408349633,39.3137380760589 8.43513331562441,39.3137620355635 8.43516043407465,39.3137910192042 8.43507186163509,39.3138513747021 8.43512806835596,39.3138577117677</coordinates>
            </LinearRing>
          </outerBoundaryIs>
        </Polygon>
      </Placemark>
      <Placemark xmlns="http://www.opengis.net/kml/2.2">
        <styleUrl>#Parti singole_style_map</styleUrl>
        <name>T03049</name>
        <Polygon>
          <outerBoundaryIs>
            <LinearRing>
              <coordinates>8.42611206500131,39.3287105680113 8.42617167507595,39.328699328533 8.42125907572854,39.3274162127847 8.4209379868388,39.327888391378 8.42072347194207,39.3284782373688 8.42118743277416,39.3285908363823 8.42065196784421,39.3293116303969 8.42174276852408,39.3304410377161 8.4205876489521,39.3306796567196 8.42146982366244,39.3324603026896 8.42100206112017,39.3324677968725 8.42133443148432,39.3325167472849 8.4213991510523,39.3325800261201 8.42141842437106,39.332654423197 8.42140767682962,39.3326857986286 8.42139292551769,39.3326989888223 8.42120620929572,39.332722289358 8.42096094892799,39.3327297729619 8.42084486005706,39.3327204727928 8.42082706753051,39.3326761873303 8.4207498764421,39.3326507445583 8.42071129868367,39.3326787285183 8.42074084549555,39.3326835611571 8.4207377270116,39.3326958901168 8.42074328860828,39.3326968188697 8.42073096714145,39.332741720285 8.42064383120797,39.3327276803605 8.42029917632986,39.3329732134601 8.42038454855954,39.3329620152435 8.42047841633022,39.3329617620855 8.42055699293471,39.3329726057959 8.42074927090234,39.333096467686 8.42082914847409,39.3331184006988 8.42093458447448,39.3331223496357 8.42097476759473,39.3331037175619 8.42111865293756,39.3330601016674 8.42126870133025,39.3330007477497 8.42128108553712,39.3329200746055 8.42132881905224,39.3328159696077 8.42142422319495,39.3327138137151 8.4215087642053,39.3324375193829 8.42159827825325,39.3323601131326 8.42176359974711,39.3323338132185 8.42189921287257,39.332294119881 8.42205388867258,39.3322361395213 8.42233440333655,39.3319445089324 8.42251339881329,39.3318073556414 8.42294700213573,39.3315371176746 8.42611206500131,39.3287105680113</coordinates>
            </LinearRing>
          </outerBoundaryIs>
        </Polygon>
      </Placemark>
      <Placemark xmlns="http://www.opengis.net/kml/2.2">
        <styleUrl>#Parti singole_style_map</styleUrl>
        <name>T03050</name>
        <Polygon>
          <outerBoundaryIs>
            <LinearRing>
              <coordinates>8.43600448204824,39.3125106696576 8.4361141602394,39.3125964777465 8.43619167295947,39.312537951056 8.43622345042862,39.3125139746374 8.43627396191621,39.3124768524006 8.43630137705248,39.3124558823877 8.43632319014701,39.3124391922979 8.4363548166449,39.3124137824241 8.43654999208961,39.3123494730171 8.43675081077503,39.3123031667746 8.43669905354108,39.3124045198419 8.43670725787794,39.3125385113236 8.43663279342889,39.3125496843339 8.43667417274771,39.3126821064233 8.43676790852449,39.3127064924557 8.43684604100543,39.3127268201924 8.4368503928404,39.3127178847104 8.43674588034398,39.3126545747901 8.43672385053557,39.3125768417094 8.43671351941058,39.3124216740046 8.43677718444681,39.3122992126528 8.43670913463326,39.3121658234726 8.43665359697179,39.3121861167709 8.43647621950632,39.3120721655173 8.43645299409444,39.3120480667639 8.43636495138278,39.3120688602386 8.43633558917096,39.3120405327845 8.43627600626328,39.3120778003185 8.436250300926,39.3120938678288 8.43620777789688,39.3120505640037 8.43616714953175,39.3120746507051 8.43614290776891,39.3120890132685 8.43618913465206,39.3121332992026 8.43613414769242,39.3121658853968 8.4361691288433,39.3121993761823 8.43628291862039,39.312127013735 8.43643182937364,39.3121805193576 8.4364693884946,39.3121081748784 8.436607577098,39.3121810371978 8.43648422447131,39.3122063723101 8.43652904311918,39.31229174869 8.43629797637164,39.3123723555591 8.43611229415034,39.3124316736246 8.43590357420218,39.3124983584973 8.43580936263228,39.3125577861708 8.43582400234266,39.3125720488799 8.43585356760996,39.3126068650854 8.43600448204824,39.3125106696576</coordinates>
            </LinearRing>
          </outerBoundaryIs>
        </Polygon>
      </Placemark>
      <Placemark xmlns="http://www.opengis.net/kml/2.2">
        <styleUrl>#Parti singole_style_map</styleUrl>
        <name>T03051</name>
        <Polygon>
          <outerBoundaryIs>
            <LinearRing>
              <coordinates>8.43494683018322,39.314834212328 8.43522878937696,39.3149820308961 8.43527947322197,39.3149223293659 8.43518819015844,39.3148407727293 8.43510071896691,39.3148073601868 8.43496677377283,39.3148323088393 8.43494683018322,39.314834212328</coordinates>
            </LinearRing>
          </outerBoundaryIs>
        </Polygon>
      </Placemark>
      <Placemark xmlns="http://www.opengis.net/kml/2.2">
        <styleUrl>#Parti singole_style_map</styleUrl>
        <name>T03052</name>
        <Polygon>
          <outerBoundaryIs>
            <LinearRing>
              <coordinates>8.43586638155478,39.3150438195526 8.43597672054059,39.314903482713 8.43590831519454,39.3148676312302 8.43582380917779,39.3150194556635 8.43586638155478,39.3150438195526</coordinates>
            </LinearRing>
          </outerBoundaryIs>
        </Polygon>
      </Placemark>
      <Placemark xmlns="http://www.opengis.net/kml/2.2">
        <styleUrl>#Parti singole_style_map</styleUrl>
        <name>T03053</name>
        <Polygon>
          <outerBoundaryIs>
            <LinearRing>
              <coordinates>8.43570552376842,39.3152319558069 8.43586638155478,39.3150438195526 8.43582380917779,39.3150194556635 8.43570552376842,39.3152319558069</coordinates>
            </LinearRing>
          </outerBoundaryIs>
        </Polygon>
      </Placemark>
      <Placemark xmlns="http://www.opengis.net/kml/2.2">
        <styleUrl>#Parti singole_style_map</styleUrl>
        <name>T03054</name>
        <Polygon>
          <outerBoundaryIs>
            <LinearRing>
              <coordinates>8.43570552376842,39.3152319558069 8.43601830461182,39.3153959247978 8.43609961842577,39.315263160216 8.43587596080844,39.3151480106069 8.43593436820269,39.3150827146146 8.43586638155478,39.3150438195526 8.43570552376842,39.3152319558069</coordinates>
            </LinearRing>
          </outerBoundaryIs>
        </Polygon>
      </Placemark>
      <Placemark xmlns="http://www.opengis.net/kml/2.2">
        <styleUrl>#Parti singole_style_map</styleUrl>
        <name>T03055</name>
        <Polygon>
          <outerBoundaryIs>
            <LinearRing>
              <coordinates>8.43582380917779,39.3150194556635 8.43590831519454,39.3148676312302 8.43572625446372,39.3147987993105 8.43586827665402,39.3147416039412 8.43591884052112,39.314737163607 8.4360663038815,39.3147996642655 8.43590639802531,39.3147005832808 8.43571354639746,39.3146596228915 8.43565078059243,39.314656741395 8.4355076193157,39.3148498199519 8.43582380917779,39.3150194556635</coordinates>
            </LinearRing>
          </outerBoundaryIs>
        </Polygon>
      </Placemark>
      <Placemark xmlns="http://www.opengis.net/kml/2.2">
        <styleUrl>#Parti singole_style_map</styleUrl>
        <name>T03056</name>
        <Polygon>
          <outerBoundaryIs>
            <LinearRing>
              <coordinates>8.43399804120673,39.3110609483644 8.43424403558528,39.3111082792362 8.43425202150104,39.3110931712306 8.4342668194479,39.3110589307756 8.43427758026638,39.311024769804 8.43428261818987,39.310989734005 8.43428775334317,39.3109527073328 8.43429108880442,39.3109173478831 8.43429421353567,39.3108995040413 8.43429846369084,39.3108816206186 8.43430311710793,39.3108640725493 8.43431895153671,39.3108293054999 8.4343299404904,39.3108143292279 8.43433986010406,39.3108010687827 8.43409667460038,39.3107536256279 8.43399804120673,39.3110609483644</coordinates>
            </LinearRing>
          </outerBoundaryIs>
        </Polygon>
      </Placemark>
      <Placemark xmlns="http://www.opengis.net/kml/2.2">
        <styleUrl>#Parti singole_style_map</styleUrl>
        <name>T03058</name>
        <Polygon>
          <outerBoundaryIs>
            <LinearRing>
              <coordinates>8.43559452697868,39.318694174711 8.43548255673073,39.3186773492579 8.43523128421406,39.3186396006764 8.43525976173989,39.3188949461998 8.43545531412383,39.3188611414619 8.43545282034905,39.3188567772393 8.43543311596019,39.318857645749 8.43532562997954,39.3188125846601 8.43533400855217,39.3187891256798 8.43546258911856,39.3187830638594 8.43546317317601,39.3187840037963 8.43546641461368,39.3187819470878 8.43548440862181,39.3187730598476 8.43552783529185,39.3188140705772 8.43552940874134,39.31881315012 8.43553638963199,39.3188134633213 8.43554277341483,39.3188130167343 8.43553578553757,39.3188063600359 8.43552140787239,39.3187622464503 8.43550823075382,39.3187217519395 8.43556351347006,39.3187078825458 8.43558009662983,39.3187474925157 8.4356056481579,39.3188085822158 8.4356429643506,39.3188059609546 8.43564004904125,39.3187991978709 8.43559452697868,39.318694174711</coordinates>
            </LinearRing>
          </outerBoundaryIs>
        </Polygon>
      </Placemark>
      <Placemark xmlns="http://www.opengis.net/kml/2.2">
        <styleUrl>#Parti singole_style_map</styleUrl>
        <name>T03059</name>
        <Polygon>
          <outerBoundaryIs>
            <LinearRing>
              <coordinates>8.4354779262276,39.3188117289258 8.43548260768216,39.3188195728456 8.43548579134388,39.3188189305207 8.4354779262276,39.3188117289258</coordinates>
            </LinearRing>
          </outerBoundaryIs>
        </Polygon>
      </Placemark>
      <Placemark xmlns="http://www.opengis.net/kml/2.2">
        <styleUrl>#Parti singole_style_map</styleUrl>
        <name>T03060</name>
        <Polygon>
          <outerBoundaryIs>
            <LinearRing>
              <coordinates>8.43548440862181,39.3187730598476 8.43546641461368,39.3187819470878 8.43546317317601,39.3187840037963 8.43546732936615,39.3187908089485 8.4354779262276,39.3188117289258 8.43548579134388,39.3188189305207 8.43548737153859,39.3188186138071 8.43552783529185,39.3188140705772 8.43548440862181,39.3187730598476</coordinates>
            </LinearRing>
          </outerBoundaryIs>
        </Polygon>
      </Placemark>
      <Placemark xmlns="http://www.opengis.net/kml/2.2">
        <styleUrl>#Parti singole_style_map</styleUrl>
        <name>T01813</name>
        <Polygon>
          <outerBoundaryIs>
            <LinearRing>
              <coordinates>8.4326439616352,39.3212943646523 8.43259825973869,39.3212650375222 8.43256049939011,39.3213008957289 8.43260550600396,39.3213301293765 8.4326439616352,39.3212943646523</coordinates>
            </LinearRing>
          </outerBoundaryIs>
        </Polygon>
      </Placemark>
      <Placemark xmlns="http://www.opengis.net/kml/2.2">
        <styleUrl>#Parti singole_style_map</styleUrl>
        <name>T01814</name>
        <Polygon>
          <outerBoundaryIs>
            <LinearRing>
              <coordinates>8.43269288047225,39.3214423770148 8.43278941927079,39.321396803613 8.43278592759876,39.3213551576298 8.43282393124277,39.3213466026455 8.43239980043274,39.3208740907159 8.43238290485396,39.3207111867759 8.43212263307893,39.320633686878 8.43225826019521,39.3209759406301 8.43240517969628,39.3212560761854 8.43248174766414,39.3213417801005 8.43264958646766,39.3213878319763 8.43269288047225,39.3214423770148</coordinates>
            </LinearRing>
          </outerBoundaryIs>
          <innerBoundaryIs>
            <LinearRing>
              <coordinates>8.4326439616352,39.3212943646523 8.43260550600396,39.3213301293765 8.43256049939011,39.3213008957289 8.43259825973869,39.3212650375222 8.4326439616352,39.3212943646523</coordinates>
            </LinearRing>
          </innerBoundaryIs>
        </Polygon>
      </Placemark>
      <Placemark xmlns="http://www.opengis.net/kml/2.2">
        <styleUrl>#Parti singole_style_map</styleUrl>
        <name>T03061</name>
        <Polygon>
          <outerBoundaryIs>
            <LinearRing>
              <coordinates>8.43549790503051,39.3196219510059 8.43551093434276,39.319626032958 8.43552622007449,39.3195918758579 8.43550908218544,39.3195880442891 8.43550689415548,39.3195947015162 8.4355142995472,39.3195970531746 8.43550143628429,39.3196184810389 8.43549896344917,39.3196187213362 8.43549790503051,39.3196219510059</coordinates>
            </LinearRing>
          </outerBoundaryIs>
        </Polygon>
      </Placemark>
      <Placemark xmlns="http://www.opengis.net/kml/2.2">
        <styleUrl>#Parti singole_style_map</styleUrl>
        <name>T02999</name>
        <Polygon>
          <outerBoundaryIs>
            <LinearRing>
              <coordinates>8.43503145308403,39.3197440238779 8.43500162869255,39.3197482852145 8.4349148457605,39.319867821815 8.43483970502229,39.319878422692 8.43480475859829,39.3199093755228 8.43478642639023,39.3199573309731 8.43468817464855,39.3199639358929 8.43468902308012,39.320050153434 8.43500572281442,39.3200481328133 8.43507362257457,39.319978738545 8.43503145308403,39.3197440238779</coordinates>
            </LinearRing>
          </outerBoundaryIs>
          <innerBoundaryIs>
            <LinearRing>
              <coordinates>8.43499373773095,39.319971971078 8.43494781379038,39.319971648906 8.43490235378131,39.3199713379802 8.43486851691308,39.3199711015229 8.43486846911053,39.31997559758 8.43482591209585,39.3199749312922 8.43482628791774,39.3199426661601 8.43490122871072,39.3199439402914 8.43490086582148,39.3198910372965 8.43495155335511,39.3198904365117 8.43500097626269,39.3198898565947 8.43499373773095,39.319971971078</coordinates>
            </LinearRing>
          </innerBoundaryIs>
        </Polygon>
      </Placemark>
      <Placemark xmlns="http://www.opengis.net/kml/2.2">
        <styleUrl>#Parti singole_style_map</styleUrl>
        <name>T01815</name>
        <Polygon>
          <outerBoundaryIs>
            <LinearRing>
              <coordinates>8.43212263307893,39.320633686878 8.43238290485396,39.3207111867759 8.43239980043274,39.3208740907159 8.43282393124277,39.3213466026455 8.43278592759876,39.3213551576298 8.43278941927079,39.321396803613 8.43269288047225,39.3214423770148 8.43283196939806,39.321600830774 8.43308080163096,39.3215440154434 8.43305965804893,39.3211456440069 8.4331333807901,39.3210953637145 8.43311091490351,39.320946849695 8.43304268529159,39.3208054112246 8.43305677284701,39.3206267997207 8.43335727305004,39.3204346260663 8.43337967180514,39.3202610108224 8.43335819270342,39.3202345051464 8.43343147098246,39.3201960263744 8.4333295858155,39.3200850601744 8.4331650924509,39.3200703824615 8.43308214799371,39.3200273581447 8.4327806529205,39.320170508596 8.43265763853373,39.3199612232545 8.43231118318452,39.3199977380396 8.43230449876551,39.3202361258646 8.43213586376375,39.3202601720599 8.43212263307893,39.320633686878</coordinates>
            </LinearRing>
          </outerBoundaryIs>
        </Polygon>
      </Placemark>
      <Placemark xmlns="http://www.opengis.net/kml/2.2">
        <styleUrl>#Parti singole_style_map</styleUrl>
        <name>T01816</name>
        <Polygon>
          <outerBoundaryIs>
            <LinearRing>
              <coordinates>8.43270569837483,39.3197366846063 8.43268921162874,39.3195389296718 8.43263395342395,39.3193975001257 8.43262324350249,39.3192651668933 8.43250214507645,39.3193356698436 8.43223683543617,39.3191501986286 8.43207323951009,39.3192399566121 8.43198669141294,39.3194130782129 8.43237534450873,39.3196665511761 8.43258675988601,39.3196167627712 8.4326410284084,39.3197342553556 8.43270569837483,39.3197366846063</coordinates>
            </LinearRing>
          </outerBoundaryIs>
        </Polygon>
      </Placemark>
      <Placemark xmlns="http://www.opengis.net/kml/2.2">
        <styleUrl>#Parti singole_style_map</styleUrl>
        <name>T03062</name>
        <Polygon>
          <outerBoundaryIs>
            <LinearRing>
              <coordinates>8.43460093030716,39.3142332902645 8.43462634095362,39.3142265927279 8.43460324865278,39.3141758769231 8.43460093030716,39.3142332902645</coordinates>
            </LinearRing>
          </outerBoundaryIs>
        </Polygon>
      </Placemark>
      <Placemark xmlns="http://www.opengis.net/kml/2.2">
        <styleUrl>#Parti singole_style_map</styleUrl>
        <name>T03063</name>
        <Polygon>
          <outerBoundaryIs>
            <LinearRing>
              <coordinates>8.43468987763139,39.3141524197967 8.43471333673385,39.3142036870141 8.43481660649372,39.3141764811424 8.43489988480076,39.3141297602106 8.43514697789989,39.3138473332535 8.43524262495442,39.3137640349882 8.43512806835596,39.3138577117677 8.43507186163509,39.3138513747021 8.43502952705133,39.3138465917288 8.43491559916269,39.3138001473662 8.43489127652345,39.3137768989864 8.43480078915079,39.3136903990753 8.43464938626544,39.3136234714775 8.43460324865278,39.3141758769231 8.43468987763139,39.3141524197967</coordinates>
            </LinearRing>
          </outerBoundaryIs>
        </Polygon>
      </Placemark>
      <Placemark xmlns="http://www.opengis.net/kml/2.2">
        <styleUrl>#Parti singole_style_map</styleUrl>
        <name>T02955</name>
        <Polygon>
          <outerBoundaryIs>
            <LinearRing>
              <coordinates>8.43494781379038,39.319971648906 8.43499373773095,39.319971971078 8.43500097626269,39.3198898565947 8.43495155335511,39.3198904365117 8.43494781379038,39.319971648906</coordinates>
            </LinearRing>
          </outerBoundaryIs>
        </Polygon>
      </Placemark>
      <Placemark xmlns="http://www.opengis.net/kml/2.2">
        <styleUrl>#Parti singole_style_map</styleUrl>
        <name>T01942</name>
        <Polygon>
          <outerBoundaryIs>
            <LinearRing>
              <coordinates>8.44035875027818,39.3318920486462 8.44039930902598,39.3318997766216 8.44041283042459,39.3318570323888 8.44038238534744,39.3318512272764 8.44035875027818,39.3318920486462</coordinates>
            </LinearRing>
          </outerBoundaryIs>
        </Polygon>
      </Placemark>
      <Placemark xmlns="http://www.opengis.net/kml/2.2">
        <styleUrl>#Parti singole_style_map</styleUrl>
        <name>T03147</name>
        <Polygon>
          <outerBoundaryIs>
            <LinearRing>
              <coordinates>8.437116225802,39.3190308940496 8.43715129750951,39.3190188543765 8.43715437894377,39.3189890081503 8.43714101302633,39.3189979721048 8.43713202541645,39.3189904047663 8.437116225802,39.3190308940496</coordinates>
            </LinearRing>
          </outerBoundaryIs>
        </Polygon>
      </Placemark>
      <Placemark xmlns="http://www.opengis.net/kml/2.2">
        <styleUrl>#Parti singole_style_map</styleUrl>
        <name>T03148</name>
        <Polygon>
          <outerBoundaryIs>
            <LinearRing>
              <coordinates>8.43715981427163,39.3184270470327 8.43752298697698,39.3180936683398 8.43762796891994,39.3180372198622 8.43767472591106,39.3180014575328 8.4376881910368,39.3180090374628 8.43776734606236,39.3179599658145 8.43774105143284,39.3179455429376 8.43765277582467,39.317927924019 8.43759422059674,39.317889958606 8.4374616064651,39.3180550494476 8.4374085518063,39.3180298515339 8.43754010355519,39.3178627192191 8.43758405370645,39.3178833587452 8.43754900599718,39.3178606357588 8.43756527020776,39.31785620008 8.43757262752428,39.3178486126793 8.43753653164713,39.3178278579438 8.43770489199587,39.3177328801034 8.43779370432777,39.3176660812255 8.43777842869779,39.3176528248874 8.43796821177237,39.3175653388882 8.4381547251199,39.3175500657922 8.43820272858834,39.3175338622783 8.43813381810279,39.3175389178161 8.4381100936406,39.3175304954517 8.43808384582676,39.3175329817469 8.43804919665547,39.3174996012896 8.4381953908585,39.3174245191972 8.43826625340563,39.3173799074827 8.43831117496906,39.3173516238418 8.43841724716937,39.3172848267198 8.43847251754351,39.3173763508203 8.43862735341491,39.3172348497745 8.43871802153776,39.3172782230405 8.43895654640954,39.3170564130388 8.43897982318887,39.3170271706641 8.43894389852533,39.3170401438847 8.43892416641695,39.3170068176049 8.43896583512188,39.3169993955932 8.43898166960963,39.3170254675534 8.43909563603031,39.3168183947219 8.43900159988317,39.3168743476798 8.4390099883603,39.3168828490904 8.43895682779017,39.3169144812584 8.43896097029808,39.3169186731469 8.43892494325955,39.3169401068271 8.43891666977363,39.3169317321136 8.43889595797666,39.3169440578428 8.43886086647876,39.3169108557023 8.43885090160556,39.3169387958962 8.43872098556603,39.3170503745777 8.43868714113216,39.3170736328015 8.43846358698148,39.3172321470704 8.43830141052825,39.3173441142373 8.4381406882657,39.3174495519608 8.43787401957657,39.317562647867 8.43759545881416,39.3177595673754 8.43750667799928,39.3178127897476 8.43746140701167,39.3178584821629 8.43747499179312,39.3178641524481 8.43735594267295,39.3180113055762 8.4373439686808,39.318026097138 8.43734597696507,39.3180298262173 8.43729765668649,39.318113305266 8.43724459373003,39.3180972102332 8.43721301594886,39.3181874754101 8.4371862188597,39.3183094564011 8.43715981427163,39.3184270470327</coordinates>
            </LinearRing>
          </outerBoundaryIs>
        </Polygon>
      </Placemark>
      <Placemark xmlns="http://www.opengis.net/kml/2.2">
        <styleUrl>#Parti singole_style_map</styleUrl>
        <name>T03149</name>
        <Polygon>
          <outerBoundaryIs>
            <LinearRing>
              <coordinates>8.43709986791367,39.3109693031082 8.43712048818198,39.3110564634321 8.437150250108,39.3110826661216 8.43716248850563,39.3109855548665 8.43716795204075,39.3109406543753 8.43716991427505,39.3109244898154 8.43719998598413,39.3108686343253 8.43725283141676,39.3107948046853 8.43728216904968,39.3107538221466 8.43728950155675,39.3107289793055 8.43732212393415,39.3106182434527 8.43733984180102,39.3105581292257 8.43736501175736,39.3104727131853 8.43739647742984,39.3103658913298 8.4374334759001,39.3102474635134 8.4374490347134,39.3101976649908 8.4375211689854,39.3101150710518 8.43756396623664,39.3100589435907 8.43758643822241,39.3100626744958 8.43762125821393,39.3100684564332 8.43763535962349,39.3100239220491 8.43762071397791,39.3099133991219 8.43759815814425,39.3099606859264 8.43758857352602,39.3099597295203 8.43748920135714,39.3100949309438 8.43741606323851,39.3101869991766 8.43739473848847,39.3102384007328 8.43738943670805,39.3102370865757 8.43725920935821,39.3102045681606 8.43724080388971,39.3101999738228 8.43721237211756,39.3102958263751 8.43724081257868,39.3105606597847 8.43720725629236,39.3106967289468 8.4371089346411,39.3108873053326 8.43709986791367,39.3109693031082</coordinates>
            </LinearRing>
          </outerBoundaryIs>
        </Polygon>
      </Placemark>
      <Placemark xmlns="http://www.opengis.net/kml/2.2">
        <styleUrl>#Parti singole_style_map</styleUrl>
        <name>T03150</name>
        <Polygon>
          <outerBoundaryIs>
            <LinearRing>
              <coordinates>8.43734333240414,39.3099401980942 8.43736887968412,39.3099422769504 8.43740562412242,39.3099452749681 8.43748406250902,39.3099516733461 8.43748473021299,39.3099494058993 8.43748619965181,39.3099382758828 8.43737761179393,39.3099222435272 8.43738308928422,39.3098697831777 8.43738517404266,39.3098498978191 8.43735091905498,39.3098474434612 8.43734333240414,39.3099401980942</coordinates>
            </LinearRing>
          </outerBoundaryIs>
        </Polygon>
      </Placemark>
      <Placemark xmlns="http://www.opengis.net/kml/2.2">
        <styleUrl>#Parti singole_style_map</styleUrl>
        <name>T03151</name>
        <Polygon>
          <outerBoundaryIs>
            <LinearRing>
              <coordinates>8.43513304464824,39.3318436504254 8.43525573274498,39.3318807209764 8.43540556021699,39.3318787451193 8.43571043018713,39.3317760170948 8.43556648872229,39.3317076489799 8.4354121511063,39.3317081113073 8.43541108691488,39.3317029539881 8.43537546215628,39.3317083076771 8.43516090038023,39.3317098614142 8.43516872242924,39.3317211446026 8.43518856889363,39.3317823417258 8.4350971755529,39.3318069022862 8.43513304464824,39.3318436504254</coordinates>
            </LinearRing>
          </outerBoundaryIs>
        </Polygon>
      </Placemark>
      <Placemark xmlns="http://www.opengis.net/kml/2.2">
        <styleUrl>#Parti singole_style_map</styleUrl>
        <name>T03152</name>
        <Polygon>
          <outerBoundaryIs>
            <LinearRing>
              <coordinates>8.43890207063553,39.3314505408864 8.43917080599349,39.3315202452156 8.43925204524189,39.3315232859825 8.4394307958792,39.3314793108781 8.43973765733557,39.3315635695086 8.43983030435426,39.3316563922071 8.43986678858904,39.3317123073671 8.43980361906418,39.3315677076815 8.43976244847635,39.3315538133128 8.4395208987133,39.3314722662757 8.43944323267305,39.3314460406633 8.43929490261917,39.3314741866627 8.4392280988285,39.3314868669017 8.43911876050837,39.33147777068 8.43905409674444,39.3314723859075 8.43890207063553,39.3314505408864</coordinates>
            </LinearRing>
          </outerBoundaryIs>
        </Polygon>
      </Placemark>
      <Placemark xmlns="http://www.opengis.net/kml/2.2">
        <styleUrl>#Parti singole_style_map</styleUrl>
        <name>T03153</name>
        <Polygon>
          <outerBoundaryIs>
            <LinearRing>
              <coordinates>8.43572294283595,39.3317753749689 8.43624792818955,39.33164305009 8.4362837321502,39.3315854477534 8.43644822260023,39.3315345961265 8.43668662136387,39.3314894004281 8.43717559876532,39.3314079058781 8.43740594659393,39.3313971802818 8.43766526251353,39.3313926313638 8.43805829807991,39.3313617952996 8.43820490995664,39.3314091512663 8.43832803258202,39.3314340834265 8.4385543378679,39.331441357204 8.43901607556676,39.3315144621855 8.43917080599349,39.3315202452156 8.43890207063553,39.3314505408864 8.43856524478885,39.3314021327145 8.43832401201607,39.331391371869 8.43804608526778,39.3313177736638 8.43769171870812,39.331350319411 8.43732986530536,39.3313543003574 8.43712736465197,39.3313706570126 8.43655173446656,39.3314731227825 8.43625439993848,39.3315365042863 8.43567581491302,39.3317535659984 8.43572294283595,39.3317753749689</coordinates>
            </LinearRing>
          </outerBoundaryIs>
        </Polygon>
      </Placemark>
      <Placemark xmlns="http://www.opengis.net/kml/2.2">
        <styleUrl>#Parti singole_style_map</styleUrl>
        <name>T03154</name>
        <Polygon>
          <outerBoundaryIs>
            <LinearRing>
              <coordinates>8.439852749091,39.3319506868222 8.43988911421882,39.3320418868417 8.44001768189911,39.3321581747016 8.4401211686419,39.3322653130971 8.44018276697747,39.3323001741618 8.44028348785684,39.3322872240781 8.44036118300242,39.3322561419638 8.44057280021503,39.3320556111778 8.44065626049706,39.3320275571148 8.44075888253813,39.3320191210515 8.4408367257391,39.3320130707289 8.44084320281244,39.3319690401127 8.44087102416488,39.3318789688973 8.44065921120736,39.3318844832425 8.44061020778635,39.331953629086 8.44047415772575,39.3320204099445 8.44038932153835,39.332040582008 8.44031380069878,39.3321002021101 8.4401493269863,39.3321011586719 8.43986927254987,39.3319098132903 8.439852749091,39.3319506868222</coordinates>
            </LinearRing>
          </outerBoundaryIs>
        </Polygon>
      </Placemark>
      <Placemark xmlns="http://www.opengis.net/kml/2.2">
        <styleUrl>#Parti singole_style_map</styleUrl>
        <name>T03155</name>
        <Polygon>
          <outerBoundaryIs>
            <LinearRing>
              <coordinates>8.43624953864482,39.3225113572264 8.43628881488643,39.3224079437207 8.43624382825712,39.3223918310227 8.43625122366884,39.322378134713 8.4362494989602,39.3223776578038 8.43623534283508,39.3223736966225 8.43625514879626,39.3223227565867 8.43627899422577,39.3222614108617 8.43628382398268,39.3222190574294 8.4362557368947,39.3222148845727 8.43613595638472,39.3224908032094 8.43624953864482,39.3225113572264</coordinates>
            </LinearRing>
          </outerBoundaryIs>
        </Polygon>
      </Placemark>
      <Placemark xmlns="http://www.opengis.net/kml/2.2">
        <styleUrl>#Parti singole_style_map</styleUrl>
        <name>T03156</name>
        <Polygon>
          <outerBoundaryIs>
            <LinearRing>
              <coordinates>8.43628881488643,39.3224079437207 8.43639521641084,39.3224183438989 8.436380689777,39.3224142908342 8.4363801804408,39.3224141532075 8.43629707208719,39.3223909446952 8.43628881488643,39.3224079437207</coordinates>
            </LinearRing>
          </outerBoundaryIs>
        </Polygon>
      </Placemark>
      <Placemark xmlns="http://www.opengis.net/kml/2.2">
        <styleUrl>#Parti singole_style_map</styleUrl>
        <name>T03157</name>
        <Polygon>
          <outerBoundaryIs>
            <LinearRing>
              <coordinates>8.43624953864482,39.3225113572264 8.43629337301356,39.3225192827169 8.43631093823898,39.3224714494812 8.4363268521195,39.3224486667096 8.43636427897491,39.32245994911 8.4363322237243,39.3225309504722 8.43657424715597,39.3225838978197 8.43659417465473,39.3225206858839 8.43664451307864,39.3225305710102 8.43669472926802,39.3216798263613 8.43649131225351,39.32167362404 8.4364808112638,39.3218949545432 8.43642234483186,39.3218932746657 8.43642875480334,39.3219300509355 8.4364609510672,39.3220018051149 8.43651446981067,39.3220663369544 8.43655902907132,39.3221082087754 8.4366095087392,39.3221727168401 8.43662371773674,39.3222278944651 8.43663114235065,39.3222784708596 8.43662639804564,39.3223275466254 8.43661192876502,39.3223770438435 8.43658776580145,39.3224187269766 8.43655993995084,39.3224643660362 8.43639521641084,39.3224183438989 8.43628881488643,39.3224079437207 8.43624953864482,39.3225113572264</coordinates>
            </LinearRing>
          </outerBoundaryIs>
          <innerBoundaryIs>
            <LinearRing>
              <coordinates>8.43651880363504,39.3217982025703 8.4365656157937,39.3217993033386 8.43655982546398,39.3218471756298 8.43651461412849,39.3218460826133 8.43651880363504,39.3217982025703</coordinates>
            </LinearRing>
          </innerBoundaryIs>
          <innerBoundaryIs>
            <LinearRing>
              <coordinates>8.43653777492108,39.3218714064503 8.43659003762891,39.321859738561 8.43660843900329,39.3219374719991 8.43655781184642,39.321946264427 8.43653777492108,39.3218714064503</coordinates>
            </LinearRing>
          </innerBoundaryIs>
        </Polygon>
      </Placemark>
      <Placemark xmlns="http://www.opengis.net/kml/2.2">
        <styleUrl>#Parti singole_style_map</styleUrl>
        <name>T03158</name>
        <Polygon>
          <outerBoundaryIs>
            <LinearRing>
              <coordinates>8.43637569896673,39.3149055425244 8.43653460795723,39.3150032304017 8.43669114344357,39.3149269567812 8.43665830582528,39.3148964590555 8.43663014779693,39.3149116046913 8.43662049465627,39.3149032051105 8.43659231506703,39.3149210357939 8.43649744237054,39.3148385076714 8.43655659370951,39.3147974805331 8.43649499144864,39.3147406676254 8.43656912723552,39.3146926937964 8.43654564397299,39.3146702607838 8.43641628840755,39.3147579111276 8.43637569896673,39.3149055425244</coordinates>
            </LinearRing>
          </outerBoundaryIs>
        </Polygon>
      </Placemark>
      <Placemark xmlns="http://www.opengis.net/kml/2.2">
        <styleUrl>#Parti singole_style_map</styleUrl>
        <name>T03159</name>
        <Polygon>
          <outerBoundaryIs>
            <LinearRing>
              <coordinates>8.43689428623494,39.3144891596504 8.43692457955628,39.3144579583684 8.43690734447751,39.3144577127568 8.43690577442464,39.314471239092 8.43689428623494,39.3144891596504</coordinates>
            </LinearRing>
          </outerBoundaryIs>
        </Polygon>
      </Placemark>
      <Placemark xmlns="http://www.opengis.net/kml/2.2">
        <styleUrl>#Parti singole_style_map</styleUrl>
        <name>T03160</name>
        <Polygon>
          <outerBoundaryIs>
            <LinearRing>
              <coordinates>8.43701307551763,39.3145458886862 8.43704782422692,39.3145593835321 8.43706262827029,39.3145373251131 8.43710538308487,39.3145100226029 8.43709526444466,39.3144613073441 8.43705699546553,39.314462978354 8.43701549667393,39.3145419447457 8.43701307551763,39.3145458886862</coordinates>
            </LinearRing>
          </outerBoundaryIs>
        </Polygon>
      </Placemark>
      <Placemark xmlns="http://www.opengis.net/kml/2.2">
        <styleUrl>#Parti singole_style_map</styleUrl>
        <name>T03161</name>
        <Polygon>
          <outerBoundaryIs>
            <LinearRing>
              <coordinates>8.43703271253125,39.3143753588232 8.43705699546553,39.314462978354 8.43709526444466,39.3144613073441 8.43707201313105,39.3143491839561 8.43705977681547,39.314351918035 8.43702689670848,39.3143614453308 8.43703271253125,39.3143753588232</coordinates>
            </LinearRing>
          </outerBoundaryIs>
        </Polygon>
      </Placemark>
      <Placemark xmlns="http://www.opengis.net/kml/2.2">
        <styleUrl>#Parti singole_style_map</styleUrl>
        <name>T03162</name>
        <Polygon>
          <outerBoundaryIs>
            <LinearRing>
              <coordinates>8.43750525001624,39.3116532321477 8.43751685942537,39.3115897003794 8.43749449462008,39.3115276532879 8.43750525001624,39.3116532321477</coordinates>
            </LinearRing>
          </outerBoundaryIs>
        </Polygon>
      </Placemark>
      <Placemark xmlns="http://www.opengis.net/kml/2.2">
        <styleUrl>#Parti singole_style_map</styleUrl>
        <name>T03163</name>
        <Polygon>
          <outerBoundaryIs>
            <LinearRing>
              <coordinates>8.43743607705336,39.3118842812124 8.43751984972222,39.3118332086416 8.43766919163796,39.3117286596025 8.43781518429873,39.311590376468 8.43766441543906,39.3116052361648 8.43776352960032,39.3116154556781 8.43770947451472,39.3116505881186 8.43767143838698,39.3116943400253 8.4376682658319,39.3116979829995 8.43765317279333,39.3117229144968 8.43764315882342,39.311719054602 8.4375723806551,39.3117784167748 8.4375219636015,39.311818378382 8.4374798137679,39.3118094883543 8.43743607705336,39.3118842812124</coordinates>
            </LinearRing>
          </outerBoundaryIs>
        </Polygon>
      </Placemark>
      <Placemark xmlns="http://www.opengis.net/kml/2.2">
        <styleUrl>#Parti singole_style_map</styleUrl>
        <name>T03165</name>
        <Polygon>
          <outerBoundaryIs>
            <LinearRing>
              <coordinates>8.4360256331618,39.3202327441591 8.4360353649315,39.3202314397484 8.43607076435898,39.320203254999 8.43603314704189,39.3201970625685 8.4360256331618,39.3202327441591</coordinates>
            </LinearRing>
          </outerBoundaryIs>
        </Polygon>
      </Placemark>
      <Placemark xmlns="http://www.opengis.net/kml/2.2">
        <styleUrl>#Parti singole_style_map</styleUrl>
        <name>T03166</name>
        <Polygon>
          <outerBoundaryIs>
            <LinearRing>
              <coordinates>8.43584355448648,39.3200085425901 8.43593821173454,39.3202456650048 8.43595584397998,39.3202428580955 8.43602123178888,39.3202333355419 8.4360256331618,39.3202327441591 8.43603314704189,39.3201970625685 8.43607076435898,39.320203254999 8.43608596552784,39.3201911553671 8.43611564445201,39.320197795874 8.43614976960473,39.3200423121771 8.43619225770655,39.3200140175781 8.43619095147626,39.3199932237927 8.43621820454531,39.319979803931 8.4361575640262,39.3199991351176 8.43615581570496,39.3199958287641 8.43609824568818,39.3200141656148 8.43607823732947,39.3199763051997 8.43619645940956,39.3199386372391 8.43618362562608,39.3199087589627 8.43612974992475,39.3199249962433 8.43605648750236,39.3199487264444 8.43590902306356,39.319974511658 8.43587692719687,39.3199885927689 8.43586242352555,39.3199961814458 8.4358465540339,39.3200062774547 8.43584355448648,39.3200085425901</coordinates>
            </LinearRing>
          </outerBoundaryIs>
        </Polygon>
      </Placemark>
      <Placemark xmlns="http://www.opengis.net/kml/2.2">
        <styleUrl>#Parti singole_style_map</styleUrl>
        <name>T03167</name>
        <Polygon>
          <outerBoundaryIs>
            <LinearRing>
              <coordinates>8.43593821173454,39.3202456650048 8.43602029027234,39.3202581101267 8.4360256331618,39.3202327441591 8.43602123178888,39.3202333355419 8.43595584397998,39.3202428580955 8.43593821173454,39.3202456650048</coordinates>
            </LinearRing>
          </outerBoundaryIs>
        </Polygon>
      </Placemark>
      <Placemark xmlns="http://www.opengis.net/kml/2.2">
        <styleUrl>#Parti singole_style_map</styleUrl>
        <name>T03168</name>
        <Polygon>
          <outerBoundaryIs>
            <LinearRing>
              <coordinates>8.43607076435898,39.320203254999 8.43611292299657,39.3202102082996 8.43611564445201,39.320197795874 8.43608596552784,39.3201911553671 8.43607076435898,39.320203254999</coordinates>
            </LinearRing>
          </outerBoundaryIs>
        </Polygon>
      </Placemark>
      <Placemark xmlns="http://www.opengis.net/kml/2.2">
        <styleUrl>#Parti singole_style_map</styleUrl>
        <name>T03169</name>
        <Polygon>
          <outerBoundaryIs>
            <LinearRing>
              <coordinates>8.43584355448648,39.3200085425901 8.4358465540339,39.3200062774547 8.43586242352555,39.3199961814458 8.43587692719687,39.3199885927689 8.43590902306356,39.319974511658 8.43583512822202,39.3199874259325 8.43584355448648,39.3200085425901</coordinates>
            </LinearRing>
          </outerBoundaryIs>
        </Polygon>
      </Placemark>
      <Placemark xmlns="http://www.opengis.net/kml/2.2">
        <styleUrl>#Parti singole_style_map</styleUrl>
        <name>T03170</name>
        <Polygon>
          <outerBoundaryIs>
            <LinearRing>
              <coordinates>8.43619225770655,39.3200140175781 8.43622475057661,39.3199923874212 8.43621820454531,39.319979803931 8.43619095147626,39.3199932237927 8.43619225770655,39.3200140175781</coordinates>
            </LinearRing>
          </outerBoundaryIs>
        </Polygon>
      </Placemark>
      <Placemark xmlns="http://www.opengis.net/kml/2.2">
        <styleUrl>#Parti singole_style_map</styleUrl>
        <name>T03171</name>
        <Polygon>
          <outerBoundaryIs>
            <LinearRing>
              <coordinates>8.43614976960473,39.3200423121771 8.43619400729857,39.3200417156319 8.43619225770655,39.3200140175781 8.43614976960473,39.3200423121771</coordinates>
            </LinearRing>
          </outerBoundaryIs>
        </Polygon>
      </Placemark>
      <Placemark xmlns="http://www.opengis.net/kml/2.2">
        <styleUrl>#Parti singole_style_map</styleUrl>
        <name>T03172</name>
        <Polygon>
          <outerBoundaryIs>
            <LinearRing>
              <coordinates>8.43580259322565,39.3200979813874 8.43580472064873,39.3201118500079 8.43581602278666,39.3201489744295 8.43583420309526,39.3201963231951 8.43586197932376,39.3202578290916 8.43593821173454,39.3202456650048 8.43584355448648,39.3200085425901 8.43583394908926,39.3200157765726 8.43582293453652,39.3200280226244 8.4358140558581,39.3200415405178 8.43580844201954,39.3200544254814 8.43580458654172,39.3200679226828 8.43580258455538,39.3200831859403 8.43580259322565,39.3200979813874</coordinates>
            </LinearRing>
          </outerBoundaryIs>
        </Polygon>
      </Placemark>
      <Placemark xmlns="http://www.opengis.net/kml/2.2">
        <styleUrl>#Parti singole_style_map</styleUrl>
        <name>T03173</name>
        <Polygon>
          <outerBoundaryIs>
            <LinearRing>
              <coordinates>8.43590902306356,39.319974511658 8.43605648750236,39.3199487264444 8.43612974992475,39.3199249962433 8.43605185157914,39.3199467486703 8.43596329631147,39.3199593396582 8.43590902306356,39.319974511658</coordinates>
            </LinearRing>
          </outerBoundaryIs>
        </Polygon>
      </Placemark>
      <Placemark xmlns="http://www.opengis.net/kml/2.2">
        <styleUrl>#Parti singole_style_map</styleUrl>
        <name>T01989</name>
        <Polygon>
          <outerBoundaryIs>
            <LinearRing>
              <coordinates>8.44849995520955,39.3326594744556 8.44862820730997,39.3326495851284 8.44915626545057,39.332665990333 8.44918860251412,39.3328048343819 8.44927097862329,39.3328953482964 8.44978604501776,39.3329160322375 8.44985913330679,39.3329644764368 8.45008440001038,39.3328726515186 8.45051122401524,39.3329590347096 8.45070332789219,39.3328970391526 8.45092058311084,39.3329554893556 8.45105243325528,39.3329261965321 8.45113716002202,39.332970180553 8.4514510151612,39.3329253737106 8.4516749746793,39.3328283134041 8.45171456970942,39.332729473715 8.45186823636125,39.332638749509 8.45204413497982,39.3326577255832 8.45253586683234,39.3326175470691 8.4528162664432,39.3327054762013 8.45333959495194,39.3330684503752 8.4536239298424,39.3331505301648 8.45370170195952,39.333108933157 8.45379717374906,39.3328699071749 8.45413155788437,39.3326931123254 8.45426319937691,39.3320460850996 8.4540829597999,39.3316338068966 8.4543633433684,39.3313252393333 8.45482214312883,39.331297700689 8.45492110885009,39.3312652217759 8.45512669303874,39.3308423178539 8.45533307164696,39.3306978534864 8.45552163929589,39.3305998090324 8.45583843806225,39.3304849016982 8.45605176655774,39.330212896615 8.45618204424983,39.3299768966555 8.45632842583235,39.3298350964437 8.45643907557448,39.3295790459767 8.45696539723074,39.3292174763351 8.45706731838104,39.3290709442834 8.45721321313947,39.328994593602 8.45732369938509,39.3287770888012 8.45746957708089,39.3286908260604 8.45763183025051,39.3285288153446 8.45769017387368,39.3282784847321 8.45791907724784,39.3280415458517 8.458220279362,39.3277868860351 8.4582008206864,39.327766161141 8.45787796260621,39.3280472381614 8.4576552738891,39.3282831697176 8.45760093704262,39.3285269502729 8.45743253511401,39.3286889142443 8.45729447689767,39.3287647070697 8.45720165914358,39.3289613897167 8.45705379655,39.3290521571578 8.45693825506661,39.3292076181818 8.45641794592867,39.3295568622773 8.45630500333412,39.329822822669 8.45615082536604,39.3299705694329 8.4560327263012,39.3301935699651 8.45581299573276,39.3304712487669 8.45552142492945,39.3305676312129 8.45531733398365,39.3306730817682 8.45509875739784,39.3308315004341 8.45489964167809,39.3312431713844 8.45480809576432,39.3312734053774 8.45435512046067,39.3312994665206 8.45406002006988,39.3316265628471 8.45423197191068,39.3320497140212 8.45411070706096,39.3326708574422 8.45376957276855,39.3328622266938 8.45367654476415,39.3330928662657 8.45361241749293,39.3331240300202 8.45334615140679,39.3330415305275 8.45283603290724,39.3326896835216 8.45253699421178,39.332594998879 8.45206013317489,39.3326356799587 8.45186605418612,39.3326136177135 8.45168718720766,39.3327102061577 8.45164697819476,39.3328163415172 8.45141917426712,39.3329079682776 8.45114075097347,39.3329516537136 8.45106566542667,39.3329107157194 8.45092133293669,39.3329323266817 8.45070898323718,39.3328786392129 8.45050082889188,39.3329367024271 8.45008619223165,39.3328527195677 8.44986485967826,39.3329370482692 8.44978984529893,39.3328886129838 8.44929919582838,39.3328761992403 8.44920710828479,39.3327886398852 8.44917888063737,39.3326480492263 8.44864570102534,39.3326322596004 8.44849844477299,39.3326405540774 8.44849995520955,39.3326594744556</coordinates>
            </LinearRing>
          </outerBoundaryIs>
        </Polygon>
      </Placemark>
      <Placemark xmlns="http://www.opengis.net/kml/2.2">
        <styleUrl>#Parti singole_style_map</styleUrl>
        <name>T03174</name>
        <Polygon>
          <outerBoundaryIs>
            <LinearRing>
              <coordinates>8.43734324478081,39.3236555826611 8.43748720389298,39.3237756512346 8.437574439678,39.323712584385 8.43743050388921,39.3235924980097 8.43734324478081,39.3236555826611</coordinates>
            </LinearRing>
          </outerBoundaryIs>
        </Polygon>
      </Placemark>
      <Placemark xmlns="http://www.opengis.net/kml/2.2">
        <styleUrl>#Parti singole_style_map</styleUrl>
        <name>T01944</name>
        <Polygon>
          <outerBoundaryIs>
            <LinearRing>
              <coordinates>8.4397618680336,39.3314376190414 8.43980361906418,39.3315677076815 8.43986678858904,39.3317123073671 8.43989516900346,39.3317558119638 8.43990422467374,39.3318233988996 8.43986927254987,39.3319098132903 8.4401493269863,39.3321011586719 8.44031380069878,39.3321002021101 8.44038932153835,39.332040582008 8.44047415772575,39.3320204099445 8.44061020778635,39.331953629086 8.44065921120736,39.3318844832425 8.44087102416488,39.3318789688973 8.44122118158776,39.3307595365701 8.44185638769415,39.3301015335646 8.44084574572252,39.3294605054292 8.4397117114022,39.330623955973 8.4397618680336,39.3314376190414</coordinates>
            </LinearRing>
          </outerBoundaryIs>
          <innerBoundaryIs>
            <LinearRing>
              <coordinates>8.44038238534744,39.3318512272764 8.44041283042459,39.3318570323888 8.44039930902598,39.3318997766216 8.44035875027818,39.3318920486462 8.44038238534744,39.3318512272764</coordinates>
            </LinearRing>
          </innerBoundaryIs>
          <innerBoundaryIs>
            <LinearRing>
              <coordinates>8.44111025080532,39.3307538315611 8.44116057286679,39.3307549383474 8.44115784673012,39.3308291724718 8.44110767020667,39.3308243540225 8.44111025080532,39.3307538315611</coordinates>
            </LinearRing>
          </innerBoundaryIs>
          <innerBoundaryIs>
            <LinearRing>
              <coordinates>8.43995732166786,39.3316325040384 8.44002636284176,39.3316593095183 8.4399966794136,39.3317121758802 8.43992766147549,39.3316853614842 8.43995732166786,39.3316325040384</coordinates>
            </LinearRing>
          </innerBoundaryIs>
          <innerBoundaryIs>
            <LinearRing>
              <coordinates>8.44005509393426,39.331879846694 8.44018152722744,39.3318085057397 8.44025582882635,39.3318973111912 8.44020745138975,39.3319286694909 8.44016819823818,39.3318867345482 8.44009766218772,39.3319265371984 8.44005509393426,39.331879846694</coordinates>
            </LinearRing>
          </innerBoundaryIs>
          <innerBoundaryIs>
            <LinearRing>
              <coordinates>8.44091886447169,39.3305303684198 8.44106697018829,39.3305795661277 8.44108106203254,39.3305539716913 8.44113502069333,39.3305719007038 8.44111998722302,39.3305991846126 8.44117059014597,39.3306159981941 8.44114363109546,39.330664931313 8.44089095210274,39.330580981878 8.44091886447169,39.3305303684198</coordinates>
            </LinearRing>
          </innerBoundaryIs>
        </Polygon>
      </Placemark>
      <Placemark xmlns="http://www.opengis.net/kml/2.2">
        <styleUrl>#Parti singole_style_map</styleUrl>
        <name>T03175</name>
        <Polygon>
          <outerBoundaryIs>
            <LinearRing>
              <coordinates>8.43632057078755,39.3149742336083 8.43669882422884,39.3150409331111 8.43657393997985,39.3154616913921 8.43663411421563,39.3154811663915 8.43676507942372,39.315057139605 8.43707258335611,39.3151199451609 8.43716408601353,39.3148257680348 8.43700545825444,39.3147927515108 8.43697771779221,39.3146719652119 8.43704782422692,39.3145593835321 8.43701307551763,39.3145458886862 8.43701549667393,39.3145419447457 8.43700122048511,39.3145372351943 8.43696423291499,39.3146004097799 8.43693483482923,39.3145894097131 8.43692663383017,39.3145980922892 8.4368920219308,39.3145848954195 8.43685062395619,39.3145572757481 8.43682938628253,39.3145672377903 8.43685910481769,39.3146076951147 8.43688984888768,39.3146475626952 8.4369015402308,39.3146621624077 8.43697008119298,39.3147476714288 8.43684691586679,39.3147982735563 8.43690410343082,39.3148342864469 8.4370581649533,39.3149839683901 8.43689883033984,39.3150043271431 8.43682612150296,39.3150204555878 8.43675511201414,39.3150503153704 8.43674179874636,39.3150412403046 8.43677566673332,39.3150054970047 8.43669114344357,39.3149269567812 8.43653460795723,39.3150032304017 8.43637569896673,39.3149055425244 8.43641628840755,39.3147579111276 8.43654564397299,39.3146702607838 8.43650257872397,39.3146827301217 8.43642623123433,39.3147273322371 8.43637304323548,39.3147884458152 8.43632812793789,39.3149301813197 8.43632057078755,39.3149742336083</coordinates>
            </LinearRing>
          </outerBoundaryIs>
        </Polygon>
      </Placemark>
      <Placemark xmlns="http://www.opengis.net/kml/2.2">
        <styleUrl>#Parti singole_style_map</styleUrl>
        <name>T01943</name>
        <Polygon>
          <outerBoundaryIs>
            <LinearRing>
              <coordinates>8.44089095210274,39.330580981878 8.44114363109546,39.330664931313 8.44117059014597,39.3306159981941 8.44111998722302,39.3305991846126 8.44113502069333,39.3305719007038 8.44108106203254,39.3305539716913 8.44106697018829,39.3305795661277 8.44091886447169,39.3305303684198 8.44089095210274,39.330580981878</coordinates>
            </LinearRing>
          </outerBoundaryIs>
        </Polygon>
      </Placemark>
      <Placemark xmlns="http://www.opengis.net/kml/2.2">
        <styleUrl>#Parti singole_style_map</styleUrl>
        <name>T03176</name>
        <Polygon>
          <outerBoundaryIs>
            <LinearRing>
              <coordinates>8.43813684072987,39.3116410742653 8.4384535379673,39.3116998748106 8.43849359476484,39.3116775145864 8.43846568904057,39.3116482756133 8.43851576004117,39.3116224946305 8.43852038416898,39.3116287883352 8.43850734228008,39.3115147681571 8.43836596007887,39.3115495965341 8.43833021403119,39.3114738879842 8.43831196575404,39.3114756921106 8.4383435593365,39.3115441450958 8.43824185023034,39.3115726591856 8.43823533933574,39.3115586342632 8.43818643197836,39.3115723465224 8.43816978398173,39.31153651201 8.43813684072987,39.3116410742653</coordinates>
            </LinearRing>
          </outerBoundaryIs>
          <innerBoundaryIs>
            <LinearRing>
              <coordinates>8.4384071311712,39.3116416855243 8.43844274366485,39.3116297021117 8.43847370252274,39.3116774726381 8.4384365632931,39.3116918094712 8.4384071311712,39.3116416855243</coordinates>
            </LinearRing>
          </innerBoundaryIs>
          <innerBoundaryIs>
            <LinearRing>
              <coordinates>8.43829311876671,39.3116088680931 8.43840308635748,39.311591972464 8.43840986873191,39.311628615328 8.43830108094043,39.311640119302 8.43829311876671,39.3116088680931</coordinates>
            </LinearRing>
          </innerBoundaryIs>
        </Polygon>
      </Placemark>
      <Placemark xmlns="http://www.opengis.net/kml/2.2">
        <styleUrl>#Parti singole_style_map</styleUrl>
        <name>T03177</name>
        <Polygon>
          <outerBoundaryIs>
            <LinearRing>
              <coordinates>8.43809910663114,39.3116340799953 8.43813684072987,39.3116410742653 8.43816978398173,39.31153651201 8.43817901648762,39.3115032263355 8.43811464932285,39.3115167107246 8.43812766099684,39.3115605110866 8.43810520988888,39.3115671516029 8.43811197301104,39.3115858903017 8.43811318731903,39.3115892391043 8.43809910663114,39.3116340799953</coordinates>
            </LinearRing>
          </outerBoundaryIs>
        </Polygon>
      </Placemark>
      <Placemark xmlns="http://www.opengis.net/kml/2.2">
        <styleUrl>#Parti singole_style_map</styleUrl>
        <name>T03178</name>
        <Polygon>
          <outerBoundaryIs>
            <LinearRing>
              <coordinates>8.43830427759475,39.3110259983063 8.4383400161254,39.3110359203359 8.43835363114944,39.3109912573748 8.43832400264796,39.3109831219183 8.43830427759475,39.3110259983063</coordinates>
            </LinearRing>
          </outerBoundaryIs>
        </Polygon>
      </Placemark>
      <Placemark xmlns="http://www.opengis.net/kml/2.2">
        <styleUrl>#Parti singole_style_map</styleUrl>
        <name>T03179</name>
        <Polygon>
          <outerBoundaryIs>
            <LinearRing>
              <coordinates>8.43845720487228,39.3106279898126 8.43846795197149,39.3106286363868 8.43848541829307,39.310573746926 8.43838704914497,39.3106445640889 8.43845720487228,39.3106279898126</coordinates>
            </LinearRing>
          </outerBoundaryIs>
        </Polygon>
      </Placemark>
      <Placemark xmlns="http://www.opengis.net/kml/2.2">
        <styleUrl>#Parti singole_style_map</styleUrl>
        <name>T03180</name>
        <Polygon>
          <outerBoundaryIs>
            <LinearRing>
              <coordinates>8.43729763062696,39.3093508257465 8.43747276631641,39.3093290899893 8.43746112059295,39.3093160616549 8.43742967984846,39.309280876346 8.43737901829383,39.3092241888516 8.43738347625608,39.3093032965962 8.43731857720691,39.3093139126063 8.43729763062696,39.3093508257465</coordinates>
            </LinearRing>
          </outerBoundaryIs>
        </Polygon>
      </Placemark>
      <Placemark xmlns="http://www.opengis.net/kml/2.2">
        <styleUrl>#Parti singole_style_map</styleUrl>
        <name>T03084</name>
        <Polygon>
          <outerBoundaryIs>
            <LinearRing>
              <coordinates>8.43722491868063,39.3090546836724 8.43725624079523,39.3092291005204 8.43727153373997,39.3092761378285 8.43726990101248,39.3093553963283 8.43728836483688,39.3093671543844 8.43731857720691,39.3093139126063 8.43738347625608,39.3093032965962 8.43737901829383,39.3092241888516 8.43736051013333,39.3092034920631 8.43735252064364,39.3091945509345 8.43736722473141,39.3092571827607 8.43730996098457,39.3092659434615 8.43727189063575,39.3091158316654 8.43728100598683,39.309114542184 8.43722491868063,39.3090546836724</coordinates>
            </LinearRing>
          </outerBoundaryIs>
        </Polygon>
      </Placemark>
      <Placemark xmlns="http://www.opengis.net/kml/2.2">
        <styleUrl>#Parti singole_style_map</styleUrl>
        <name>T02237</name>
        <Polygon>
          <outerBoundaryIs>
            <LinearRing>
              <coordinates>8.43722098713416,39.309134219394 8.43726501968575,39.3093522820759 8.43726990101248,39.3093553963283 8.43727153373997,39.3092761378285 8.43725624079523,39.3092291005204 8.43722491868063,39.3090546836724 8.43719709924363,39.309025003283 8.43722098713416,39.309134219394</coordinates>
            </LinearRing>
          </outerBoundaryIs>
        </Polygon>
      </Placemark>
      <Placemark xmlns="http://www.opengis.net/kml/2.2">
        <styleUrl>#Parti singole_style_map</styleUrl>
        <name>T03082</name>
        <Polygon>
          <outerBoundaryIs>
            <LinearRing>
              <coordinates>8.43727189063575,39.3091158316654 8.43730996098457,39.3092659434615 8.43736722473141,39.3092571827607 8.43735252064364,39.3091945509345 8.43728100598683,39.309114542184 8.43727189063575,39.3091158316654</coordinates>
            </LinearRing>
          </outerBoundaryIs>
        </Polygon>
      </Placemark>
      <Placemark xmlns="http://www.opengis.net/kml/2.2">
        <styleUrl>#Parti singole_style_map</styleUrl>
        <name>T03181</name>
        <Polygon>
          <outerBoundaryIs>
            <LinearRing>
              <coordinates>8.43805240180095,39.3101712604305 8.43821856202924,39.3101734505437 8.43821277141019,39.3102825141076 8.4385513702225,39.3104489978846 8.43817898374706,39.3100056529512 8.43805240180095,39.3101712604305</coordinates>
            </LinearRing>
          </outerBoundaryIs>
        </Polygon>
      </Placemark>
      <Placemark xmlns="http://www.opengis.net/kml/2.2">
        <styleUrl>#Parti singole_style_map</styleUrl>
        <name>T03182</name>
        <Polygon>
          <outerBoundaryIs>
            <LinearRing>
              <coordinates>8.4375846948785,39.3093231918067 8.43767153405091,39.3099706549411 8.43791106892596,39.3096946008803 8.43775910539516,39.3095216736917 8.43763068238468,39.3093755315214 8.43760221181432,39.3093431178653 8.4375846948785,39.3093231918067</coordinates>
            </LinearRing>
          </outerBoundaryIs>
        </Polygon>
      </Placemark>
      <Placemark xmlns="http://www.opengis.net/kml/2.2">
        <styleUrl>#Parti singole_style_map</styleUrl>
        <name>T03183</name>
        <Polygon>
          <outerBoundaryIs>
            <LinearRing>
              <coordinates>8.43753252974068,39.3132155609173 8.43761683763614,39.313249902462 8.4376546684123,39.3132637544306 8.43768039733382,39.3131781428313 8.4376298758676,39.3132136437163 8.43753252974068,39.3132155609173</coordinates>
            </LinearRing>
          </outerBoundaryIs>
        </Polygon>
      </Placemark>
      <Placemark xmlns="http://www.opengis.net/kml/2.2">
        <styleUrl>#Parti singole_style_map</styleUrl>
        <name>T03184</name>
        <Polygon>
          <outerBoundaryIs>
            <LinearRing>
              <coordinates>8.43816978398173,39.31153651201 8.43827627101307,39.31150666045 8.43826820075105,39.3114845725112 8.43817901648762,39.3115032263355 8.43816978398173,39.31153651201</coordinates>
            </LinearRing>
          </outerBoundaryIs>
        </Polygon>
      </Placemark>
      <Placemark xmlns="http://www.opengis.net/kml/2.2">
        <styleUrl>#Parti singole_style_map</styleUrl>
        <name>T02238</name>
        <Polygon>
          <outerBoundaryIs>
            <LinearRing>
              <coordinates>8.4380976467646,39.3162176171304 8.438292576506,39.3161648462653 8.43841812741656,39.3161308297175 8.43842406501247,39.3160919287797 8.43840995236858,39.316060907925 8.43836696649241,39.3160720898149 8.43826253540099,39.3160992842059 8.43822381534767,39.3161093783362 8.43810122734988,39.3161412875546 8.43808944047026,39.3161443573035 8.43807007458462,39.3161494088184 8.4380976467646,39.3162176171304</coordinates>
            </LinearRing>
          </outerBoundaryIs>
        </Polygon>
      </Placemark>
      <Placemark xmlns="http://www.opengis.net/kml/2.2">
        <styleUrl>#Parti singole_style_map</styleUrl>
        <name>T02239</name>
        <Polygon>
          <outerBoundaryIs>
            <LinearRing>
              <coordinates>8.43789900123305,39.3141152755408 8.43791263690585,39.3141087096148 8.43793183549697,39.3140998548375 8.43794608366004,39.3140819835514 8.43798092995065,39.3140166357546 8.43800084086789,39.3139651642216 8.43800683161273,39.3139514519814 8.43797197941453,39.3139451023345 8.43791806986932,39.3139357681966 8.43791811328362,39.3139317947274 8.43788785153624,39.3139316124702 8.4378882836831,39.3139355882373 8.43783198784739,39.3139316488955 8.43779143134032,39.3139220728631 8.43777526895487,39.313918255352 8.4377558352668,39.3139144670818 8.43773331691521,39.3139496798412 8.43772963977776,39.3139554829231 8.43781473673983,39.3140594350975 8.43782220364772,39.3140685268434 8.43782793604724,39.3140754927139 8.4378433871422,39.3140942643928 8.43786584774078,39.314111168701 8.43788090991818,39.3141147736394 8.43789900123305,39.3141152755408</coordinates>
            </LinearRing>
          </outerBoundaryIs>
        </Polygon>
      </Placemark>
      <Placemark xmlns="http://www.opengis.net/kml/2.2">
        <styleUrl>#Parti singole_style_map</styleUrl>
        <name>T03185</name>
        <Polygon>
          <outerBoundaryIs>
            <LinearRing>
              <coordinates>8.4363732196565,39.3189574103436 8.43662460347402,39.3189497165358 8.43663716188397,39.3189156271717 8.43663801573644,39.3189133065713 8.43663412848024,39.3188411849088 8.43662952051193,39.318743235369 8.43657179750958,39.3187460915051 8.43659324395918,39.3188779213667 8.43637319072642,39.3189032294542 8.4363732196565,39.3189574103436</coordinates>
            </LinearRing>
          </outerBoundaryIs>
        </Polygon>
      </Placemark>
      <Placemark xmlns="http://www.opengis.net/kml/2.2">
        <styleUrl>#Parti singole_style_map</styleUrl>
        <name>T03186</name>
        <Polygon>
          <outerBoundaryIs>
            <LinearRing>
              <coordinates>8.4363524178273,39.3187569137688 8.43637318459266,39.318837542136 8.43637317647098,39.3188284413886 8.43636145715565,39.3187869178174 8.43635572531475,39.3187567405714 8.4363524178273,39.3187569137688</coordinates>
            </LinearRing>
          </outerBoundaryIs>
        </Polygon>
      </Placemark>
      <Placemark xmlns="http://www.opengis.net/kml/2.2">
        <styleUrl>#Parti singole_style_map</styleUrl>
        <name>T03187</name>
        <Polygon>
          <outerBoundaryIs>
            <LinearRing>
              <coordinates>8.43635572531475,39.3187567405714 8.4363518852876,39.3187365562382 8.43632189543144,39.3186314824656 8.43633365299697,39.3185859007342 8.43633856631767,39.3185663264803 8.43638267031833,39.3185735954691 8.43638385449845,39.3185590310622 8.43632571820177,39.3185541449668 8.43629401264571,39.3185514954004 8.43632205908168,39.31865154987 8.4363524178273,39.3187569137688 8.43635572531475,39.3187567405714</coordinates>
            </LinearRing>
          </outerBoundaryIs>
        </Polygon>
      </Placemark>
      <Placemark xmlns="http://www.opengis.net/kml/2.2">
        <styleUrl>#Parti singole_style_map</styleUrl>
        <name>T03188</name>
        <Polygon>
          <outerBoundaryIs>
            <LinearRing>
              <coordinates>8.43642568124038,39.3185797508417 8.43654257265711,39.3185688015152 8.43657179750958,39.3187460915051 8.43662952051193,39.318743235369 8.43662733141637,39.318696567869 8.43662608274552,39.3186700346086 8.43662040670889,39.3185447327145 8.43642604027739,39.3185595958634 8.43642568124038,39.3185797508417</coordinates>
            </LinearRing>
          </outerBoundaryIs>
        </Polygon>
      </Placemark>
      <Placemark xmlns="http://www.opengis.net/kml/2.2">
        <styleUrl>#Parti singole_style_map</styleUrl>
        <name>T03189</name>
        <Polygon>
          <outerBoundaryIs>
            <LinearRing>
              <coordinates>8.4374614780921,39.3113299990127 8.43748906506392,39.3114843670792 8.43754340534109,39.3114628601667 8.43754098864819,39.3114575772737 8.43760107991439,39.3114392338319 8.43764242499837,39.3115065717771 8.43765364340915,39.3115048689347 8.43780385032192,39.3114920789767 8.43779575442819,39.3114167201326 8.43777612711674,39.3114314026886 8.43776474004481,39.3114295455352 8.4377324910649,39.3113995555363 8.43768123405929,39.3113793402771 8.43768103753137,39.3113792582316 8.43760710637178,39.31135009393 8.43756712371407,39.3113429174163 8.43748560194053,39.3113302868597 8.43745382759735,39.3113250422242 8.4374614780921,39.3113299990127</coordinates>
            </LinearRing>
          </outerBoundaryIs>
        </Polygon>
      </Placemark>
      <Placemark xmlns="http://www.opengis.net/kml/2.2">
        <styleUrl>#Parti singole_style_map</styleUrl>
        <name>T03190</name>
        <Polygon>
          <outerBoundaryIs>
            <LinearRing>
              <coordinates>8.43738780013408,39.3112822829421 8.43743517099252,39.3112822687316 8.43742536587312,39.3112784098279 8.43742825062444,39.3112455440471 8.43756873679851,39.3112544950489 8.43757035988788,39.3112545930018 8.43759746223574,39.3112421542166 8.43756354400516,39.3112395663888 8.43740672942161,39.3112302300594 8.43741084594057,39.3111811601407 8.43741478696884,39.3111438572348 8.43743310421685,39.3111450180744 8.43743754386432,39.3111222066464 8.43738262802559,39.3111142460193 8.43738645542122,39.3110071733778 8.43734837624599,39.3110071063583 8.43734139540634,39.3110372761757 8.4373554654923,39.3111095913286 8.43737909486074,39.3111802587134 8.43731350374301,39.3112263551642 8.43734708977498,39.3112559192365 8.43738780013408,39.3112822829421</coordinates>
            </LinearRing>
          </outerBoundaryIs>
        </Polygon>
      </Placemark>
      <Placemark xmlns="http://www.opengis.net/kml/2.2">
        <styleUrl>#Parti singole_style_map</styleUrl>
        <name>T03191</name>
        <Polygon>
          <outerBoundaryIs>
            <LinearRing>
              <coordinates>8.4377324910649,39.3113995555363 8.43776474004481,39.3114295455352 8.43777612711674,39.3114314026886 8.43779575442819,39.3114167201326 8.43779226751721,39.3113843011144 8.4377324910649,39.3113995555363</coordinates>
            </LinearRing>
          </outerBoundaryIs>
        </Polygon>
      </Placemark>
      <Placemark xmlns="http://www.opengis.net/kml/2.2">
        <styleUrl>#Parti singole_style_map</styleUrl>
        <name>T03192</name>
        <Polygon>
          <outerBoundaryIs>
            <LinearRing>
              <coordinates>8.43655259935482,39.3212936015804 8.4365491007174,39.3213103443474 8.43652653688368,39.3213508458226 8.43651601005701,39.3214135896916 8.43654691334749,39.3214108469759 8.43655690226476,39.3213645268192 8.43657475893327,39.3213337970603 8.43660858743849,39.3213394934052 8.43659745340847,39.3213752836419 8.43659192388919,39.3213747792999 8.43658168710218,39.3214129616889 8.43671024924556,39.3214170083062 8.43671784915563,39.3212881935506 8.43656308336716,39.3212434092629 8.43655259935482,39.3212936015804</coordinates>
            </LinearRing>
          </outerBoundaryIs>
        </Polygon>
      </Placemark>
      <Placemark xmlns="http://www.opengis.net/kml/2.2">
        <styleUrl>#Parti singole_style_map</styleUrl>
        <name>T03193</name>
        <Polygon>
          <outerBoundaryIs>
            <LinearRing>
              <coordinates>8.43671465719226,39.3157377820263 8.43679319837725,39.3158492720843 8.43680725963391,39.3158692355774 8.43681304420438,39.3158668126962 8.43681790938485,39.3158647638093 8.43674290135345,39.3157582016554 8.436726977964,39.3157332282513 8.43671465719226,39.3157377820263</coordinates>
            </LinearRing>
          </outerBoundaryIs>
        </Polygon>
      </Placemark>
      <Placemark xmlns="http://www.opengis.net/kml/2.2">
        <styleUrl>#Parti singole_style_map</styleUrl>
        <name>T01991</name>
        <Polygon>
          <outerBoundaryIs>
            <LinearRing>
              <coordinates>8.43894389852533,39.3170401438847 8.43897982318887,39.3170271706641 8.43898166960963,39.3170254675534 8.43896583512188,39.3169993955932 8.43892416641695,39.3170068176049 8.43894389852533,39.3170401438847</coordinates>
            </LinearRing>
          </outerBoundaryIs>
        </Polygon>
      </Placemark>
      <Placemark xmlns="http://www.opengis.net/kml/2.2">
        <styleUrl>#Parti singole_style_map</styleUrl>
        <name>T03195</name>
        <Polygon>
          <outerBoundaryIs>
            <LinearRing>
              <coordinates>8.43694309659277,39.3199656629833 8.4369739667054,39.3199019002045 8.43697844353838,39.319903211292 8.43697880510033,39.3198899551213 8.43693784971038,39.3198923453629 8.43693125706813,39.3199127191369 8.43692576617286,39.3199581241516 8.43694309659277,39.3199656629833</coordinates>
            </LinearRing>
          </outerBoundaryIs>
        </Polygon>
      </Placemark>
      <Placemark xmlns="http://www.opengis.net/kml/2.2">
        <styleUrl>#Parti singole_style_map</styleUrl>
        <name>T02233</name>
        <Polygon>
          <outerBoundaryIs>
            <LinearRing>
              <coordinates>8.43604614625723,39.3239064369579 8.43759174738314,39.3244567809659 8.43980258853936,39.3252564973977 8.44089319474184,39.3256462624043 8.44226868759747,39.3261442130375 8.44453578084459,39.3269535613907 8.44378426547735,39.3253572669728 8.44351955770707,39.3229548122774 8.44331790218217,39.3215296772259 8.44375088267755,39.3209934911701 8.4444829762413,39.3200809356608 8.44458429266503,39.3200842307454 8.43862735341491,39.3172348497745 8.43836682438794,39.3174729409846 8.43820816394801,39.317686681347 8.4376881910368,39.3180090374628 8.43767472591106,39.3180014575328 8.43762796891994,39.3180372198622 8.43752298697698,39.3180936683398 8.43715736124947,39.3184292987987 8.43714881300748,39.3184647890898 8.43710993584188,39.3186261974666 8.43707360086713,39.3189404105753 8.43712418826374,39.3189218322068 8.43716252112055,39.3189428772189 8.43720992034897,39.3189689038899 8.43736825105792,39.3191255441573 8.43738503471309,39.3191605414114 8.43738127723534,39.3191951419713 8.43738761815619,39.3193693655893 8.43723932609523,39.3194059882459 8.43719719217419,39.3193569379427 8.43716669039866,39.3192836873635 8.43710097551129,39.319302300679 8.43708374051783,39.3194783565184 8.43709500467769,39.3195159491887 8.43697107554427,39.3198342616539 8.43693784971038,39.3198923453629 8.43697880510033,39.3198899551213 8.43697844353838,39.319903211292 8.43701854721539,39.3199149560647 8.43699409964792,39.3199806872176 8.43694309659277,39.3199656629833 8.43692576617286,39.3199581241516 8.4369081861819,39.3199504767508 8.43690459204964,39.31995355698 8.43692797362068,39.3200990871072 8.43692068223799,39.320151808617 8.43688205502898,39.3202103061748 8.43680375096194,39.3201911589619 8.43672863703243,39.3203921236873 8.43667441374628,39.3208057359798 8.43658543172109,39.3224623630018 8.43658280817699,39.3231576259036 8.43656123326997,39.3231890314597 8.43656778749682,39.3233581380148 8.43667639599159,39.3234637635855 8.43688717269661,39.3236825701649 8.43688663463218,39.3237944431037 8.43679145249173,39.3238877195283 8.4365669330561,39.3239211608873 8.43614565854673,39.3239009993859 8.43604614625723,39.3239064369579</coordinates>
            </LinearRing>
          </outerBoundaryIs>
          <innerBoundaryIs>
            <LinearRing>
              <coordinates>8.43724192085234,39.3240793924213 8.43728468360214,39.3240923312559 8.43729562199755,39.324078057323 8.43754835664749,39.3241545090344 8.43752151166735,39.3242080283121 8.43722273886941,39.3241176487123 8.43724192085234,39.3240793924213</coordinates>
            </LinearRing>
          </innerBoundaryIs>
          <innerBoundaryIs>
            <LinearRing>
              <coordinates>8.43743050388921,39.3235924980097 8.437574439678,39.323712584385 8.43748720389298,39.3237756512346 8.43734324478081,39.3236555826611 8.43743050388921,39.3235924980097</coordinates>
            </LinearRing>
          </innerBoundaryIs>
        </Polygon>
      </Placemark>
      <Placemark xmlns="http://www.opengis.net/kml/2.2">
        <styleUrl>#Parti singole_style_map</styleUrl>
        <name>T02233</name>
        <Polygon>
          <outerBoundaryIs>
            <LinearRing>
              <coordinates>8.43694309659277,39.3199656629833 8.43699409964792,39.3199806872176 8.43701854721539,39.3199149560647 8.4369739667054,39.3199019002045 8.43694309659277,39.3199656629833</coordinates>
            </LinearRing>
          </outerBoundaryIs>
        </Polygon>
      </Placemark>
      <Placemark xmlns="http://www.opengis.net/kml/2.2">
        <styleUrl>#Parti singole_style_map</styleUrl>
        <name>T02234</name>
        <Polygon>
          <outerBoundaryIs>
            <LinearRing>
              <coordinates>8.43680375096194,39.3201911589619 8.43688205502898,39.3202103061748 8.43692068223799,39.320151808617 8.43692797362068,39.3200990871072 8.43690459204964,39.31995355698 8.43680375096194,39.3201911589619</coordinates>
            </LinearRing>
          </outerBoundaryIs>
        </Polygon>
      </Placemark>
      <Placemark xmlns="http://www.opengis.net/kml/2.2">
        <styleUrl>#Parti singole_style_map</styleUrl>
        <name>T02235</name>
        <Polygon>
          <outerBoundaryIs>
            <LinearRing>
              <coordinates>8.43681109301961,39.3200786982888 8.43682522989117,39.3200763956358 8.43686005917105,39.3200632268499 8.43687077385783,39.3200594256925 8.43685048809601,39.3200196116972 8.43683863585917,39.3200225181863 8.43681849968407,39.320059172635 8.43681109301961,39.3200786982888</coordinates>
            </LinearRing>
          </outerBoundaryIs>
        </Polygon>
      </Placemark>
      <Placemark xmlns="http://www.opengis.net/kml/2.2">
        <styleUrl>#Parti singole_style_map</styleUrl>
        <name>T03196</name>
        <Polygon>
          <outerBoundaryIs>
            <LinearRing>
              <coordinates>8.43746765261735,39.3131252881822 8.43753252974068,39.3132155609173 8.4376298758676,39.3132136437163 8.43768039733382,39.3131781428313 8.43770001003178,39.3131154916024 8.43761584362265,39.3131769641086 8.4375556006516,39.3131766728719 8.43754833760472,39.3131641578897 8.43751234597902,39.3131447440795 8.43751234597902,39.3131447440795 8.43750307901168,39.313131699411 8.43749779491188,39.3131228339553 8.43749386621027,39.3131118950751 8.43749666033025,39.313097348739 8.43749266496855,39.3130947294484 8.43746765261735,39.3131252881822</coordinates>
            </LinearRing>
          </outerBoundaryIs>
        </Polygon>
      </Placemark>
      <Placemark xmlns="http://www.opengis.net/kml/2.2">
        <styleUrl>#Parti singole_style_map</styleUrl>
        <name>T03197</name>
        <Polygon>
          <outerBoundaryIs>
            <LinearRing>
              <coordinates>8.43754833760472,39.3131641578897 8.4375556006516,39.3131766728719 8.43761584362265,39.3131769641086 8.43770001003178,39.3131154916024 8.43770585477881,39.313096150057 8.43762420476935,39.3131568547403 8.43758688119438,39.3131679191918 8.4375633686631,39.31316793552 8.43754833760472,39.3131641578897</coordinates>
            </LinearRing>
          </outerBoundaryIs>
        </Polygon>
      </Placemark>
      <Placemark xmlns="http://www.opengis.net/kml/2.2">
        <styleUrl>#Parti singole_style_map</styleUrl>
        <name>T03198</name>
        <Polygon>
          <outerBoundaryIs>
            <LinearRing>
              <coordinates>8.43763292933507,39.312986923711 8.43767843251335,39.3129940660895 8.43772561022512,39.3129958541 8.43763292933507,39.312986923711</coordinates>
            </LinearRing>
          </outerBoundaryIs>
        </Polygon>
      </Placemark>
      <Placemark xmlns="http://www.opengis.net/kml/2.2">
        <styleUrl>#Parti singole_style_map</styleUrl>
        <name>T03199</name>
        <Polygon>
          <outerBoundaryIs>
            <LinearRing>
              <coordinates>8.43772561022512,39.3129958541 8.43771533648832,39.313009259303 8.43773024279785,39.3130129388099 8.4377348921935,39.3129965814537 8.43772561022512,39.3129958541</coordinates>
            </LinearRing>
          </outerBoundaryIs>
        </Polygon>
      </Placemark>
      <Placemark xmlns="http://www.opengis.net/kml/2.2">
        <styleUrl>#Parti singole_style_map</styleUrl>
        <name>T02946</name>
        <Polygon>
          <outerBoundaryIs>
            <LinearRing>
              <coordinates>8.43805119284991,39.3167576146275 8.43807482902276,39.3167525377258 8.43807255982172,39.3167451909336 8.43804852040429,39.3167509248593 8.43805119284991,39.3167576146275</coordinates>
            </LinearRing>
          </outerBoundaryIs>
        </Polygon>
      </Placemark>
      <Placemark xmlns="http://www.opengis.net/kml/2.2">
        <styleUrl>#Parti singole_style_map</styleUrl>
        <name>T03200</name>
        <Polygon>
          <outerBoundaryIs>
            <LinearRing>
              <coordinates>8.43643347412965,39.3207818172294 8.4364863879021,39.3207785414044 8.43648361533497,39.3207135255116 8.436429710698,39.3207145168536 8.43643347412965,39.3207818172294</coordinates>
            </LinearRing>
          </outerBoundaryIs>
        </Polygon>
      </Placemark>
      <Placemark xmlns="http://www.opengis.net/kml/2.2">
        <styleUrl>#Parti singole_style_map</styleUrl>
        <name>T03201</name>
        <Polygon>
          <outerBoundaryIs>
            <LinearRing>
              <coordinates>8.43666041195901,39.3138664665423 8.43667163212155,39.3138703774146 8.43671057038454,39.3137043021827 8.4367234764053,39.313647003128 8.43670977927595,39.3136453239093 8.43669771032566,39.313682145899 8.43667772104087,39.3136825627137 8.43665320824811,39.3137682250226 8.43666041195901,39.3138664665423</coordinates>
            </LinearRing>
          </outerBoundaryIs>
        </Polygon>
      </Placemark>
      <Placemark xmlns="http://www.opengis.net/kml/2.2">
        <styleUrl>#Parti singole_style_map</styleUrl>
        <name>T03202</name>
        <Polygon>
          <outerBoundaryIs>
            <LinearRing>
              <coordinates>8.43789688828261,39.3143719145239 8.43809310421474,39.3144027416027 8.43820348657406,39.3144200884999 8.43820599769137,39.314409242842 8.4380963015025,39.3143916739962 8.43790049589932,39.3143603082688 8.43792485063402,39.3142406208774 8.4379323730453,39.3142036686691 8.43802798047036,39.314093092806 8.43804154457041,39.3140650362145 8.43808218905771,39.3139621962148 8.43811746273391,39.3138361820012 8.43832883891212,39.3138712267831 8.43840754182173,39.3138842666422 8.43837441265277,39.3140148686867 8.43835839945817,39.3140779377349 8.43834254105985,39.3141405029334 8.4383614274562,39.3141431170842 8.43842860975529,39.3138766192174 8.43833120914983,39.313859136977 8.43812101337206,39.3138244403036 8.43815864753311,39.3136933374693 8.43816328929367,39.3136771497981 8.43827414195682,39.3135775952369 8.43822883588077,39.31357015897 8.43812414276673,39.3136696801631 8.43811485232689,39.3137000190707 8.43807311621131,39.3138363732843 8.43803230867946,39.3139697314319 8.43802171900316,39.3139681935267 8.43798977605445,39.3140867269711 8.43794608366004,39.3140819835514 8.43793183549697,39.3140998548375 8.43791263690585,39.3141087096148 8.43789900123305,39.3141152755408 8.43788090991818,39.3141147736394 8.43786584774078,39.314111168701 8.4378433871422,39.3140942643928 8.43782793604724,39.3140754927139 8.43782220364772,39.3140685268434 8.43781473673983,39.3140594350975 8.43772963977776,39.3139554829231 8.43770105980417,39.3139205638336 8.4377024304402,39.3138797794268 8.43770401527991,39.3138325264369 8.43770894175778,39.3136852267707 8.43770936776751,39.3136841745883 8.43771137430992,39.3136132347401 8.43774492923319,39.3135237413413 8.4376985337876,39.3135176421842 8.43766644856571,39.3135134323239 8.43763677514048,39.3136063504738 8.4376255906227,39.3139165407285 8.43763295268857,39.3139259005565 8.43763519880585,39.3139135222504 8.43763825680538,39.3139078170939 8.43764161616808,39.3139062733495 8.43764564282124,39.3139049928278 8.43764664688118,39.3139049976813 8.43766354921315,39.3139647996887 8.43769817218222,39.3140088178114 8.437699520424,39.3140104191178 8.43771767159241,39.3140218197355 8.43773025955836,39.3140381304015 8.43773930728363,39.3140576739209 8.43775870577078,39.3140513791514 8.43779013027728,39.3140917724023 8.43784438305973,39.3141437194315 8.43785303304209,39.3141629628387 8.43785988274769,39.3141853963126 8.43785913936455,39.3142000079294 8.43787332974082,39.3142168812841 8.43783849884958,39.3143498086911 8.43783594416739,39.3143602937062 8.43777033074795,39.3146304300601 8.43784132561286,39.3146428473606 8.43786564855109,39.3145242591285 8.43789688828261,39.3143719145239</coordinates>
            </LinearRing>
          </outerBoundaryIs>
        </Polygon>
      </Placemark>
      <Placemark xmlns="http://www.opengis.net/kml/2.2">
        <styleUrl>#Parti singole_style_map</styleUrl>
        <name>T03203</name>
        <Polygon>
          <outerBoundaryIs>
            <LinearRing>
              <coordinates>8.437699520424,39.3140104191178 8.43773930728363,39.3140576739209 8.43773025955836,39.3140381304015 8.43771767159241,39.3140218197355 8.437699520424,39.3140104191178</coordinates>
            </LinearRing>
          </outerBoundaryIs>
        </Polygon>
      </Placemark>
      <Placemark xmlns="http://www.opengis.net/kml/2.2">
        <styleUrl>#Parti singole_style_map</styleUrl>
        <name>T03204</name>
        <Polygon>
          <outerBoundaryIs>
            <LinearRing>
              <coordinates>8.43763295268857,39.3139259005565 8.43766354921315,39.3139647996887 8.43764664688118,39.3139049976813 8.43764564282124,39.3139049928278 8.43764161616808,39.3139062733495 8.43763825680538,39.3139078170939 8.43763519880585,39.3139135222504 8.43763295268857,39.3139259005565</coordinates>
            </LinearRing>
          </outerBoundaryIs>
        </Polygon>
      </Placemark>
      <Placemark xmlns="http://www.opengis.net/kml/2.2">
        <styleUrl>#Parti singole_style_map</styleUrl>
        <name>T03205</name>
        <Polygon>
          <outerBoundaryIs>
            <LinearRing>
              <coordinates>8.43757439527063,39.31352218899 8.43756481118155,39.3135195728057 8.43754259998559,39.31351500517 8.43750042367193,39.3135121881734 8.43740105287817,39.3136972181089 8.43735122397471,39.3136940036256 8.43729256952566,39.3136891335339 8.43722444158913,39.3135782257761 8.43721601520419,39.3135615063734 8.43723366370982,39.3135318567333 8.43729598705677,39.3134132722041 8.43732304111553,39.3133360559753 8.43734239593526,39.3132801936925 8.43740745237177,39.3131953940862 8.43742974741201,39.313166325542 8.43746817755711,39.3131647182611 8.43753252974068,39.3132155609173 8.43746765261735,39.3131252881822 8.43749266496855,39.3130947294484 8.43749666033025,39.313097348739 8.4374976657212,39.3130856571531 8.43751486916086,39.3130532731758 8.43753346694154,39.3129878437861 8.43757261125753,39.3129832178537 8.43753395228953,39.3129786517943 8.43752937029567,39.3128411457309 8.43756237400734,39.3125931260128 8.43755694683517,39.3125104364197 8.43757675006225,39.3124405377231 8.43773355894449,39.3124712019197 8.4378018993656,39.3124845705499 8.43784233350254,39.312652732761 8.43793475111702,39.3123158940609 8.43790464080005,39.3123664242684 8.4378636856237,39.3123517012748 8.43789258479622,39.3123003272389 8.43762638065771,39.3122526450714 8.43767041747995,39.3121157704755 8.4377517303198,39.31192576923 8.4377829118686,39.3119341015598 8.43781236980707,39.3118665291577 8.43777953873643,39.3118585042356 8.43781687615251,39.3117730928532 8.43786861937699,39.3116688828408 8.43785246313153,39.311664362542 8.4378476855582,39.3116627535886 8.43787070654971,39.311619712997 8.43786171815228,39.3116109022388 8.43784191557134,39.3116213940231 8.43770260847444,39.3117475361653 8.43775033575713,39.3117580929995 8.43773207582568,39.3118062385625 8.43771553590849,39.3118568613434 8.43768457215546,39.3119227144261 8.43766006293377,39.3119748575143 8.43763342995196,39.3120314776159 8.43762226681637,39.3120552296928 8.43761430141679,39.3120736449227 8.4375885498958,39.3121331616807 8.43750507951658,39.3123259817045 8.43749326129191,39.3123533078134 8.43746204943926,39.312347290987 8.43739617428137,39.3123346188859 8.43732982564551,39.3123202414518 8.43728613867058,39.3123106230706 8.43729942384609,39.3122710496452 8.43714485430832,39.312247613199 8.43714260159657,39.3122551531933 8.43713273179043,39.3122882825161 8.43712419687491,39.3123169490327 8.43740550926657,39.3123696612475 8.43743338686866,39.3123748870531 8.43740452829858,39.3124833884509 8.43737355592832,39.3124778773532 8.43735923967661,39.3124753211876 8.43735468868226,39.3124903018468 8.43731755113905,39.3124840851213 8.4372609065576,39.312474602292 8.4372280917392,39.3126077735831 8.43717293814527,39.3125946035727 8.43711763400372,39.3125814057759 8.43694250635449,39.3125396050809 8.4369844894505,39.3124362673239 8.43696066386674,39.3124320071358 8.43694945834605,39.3124624538255 8.43685497472624,39.3127193125451 8.43686336306456,39.3127291837269 8.43692450830823,39.3127849490127 8.43690005678992,39.3126519151321 8.43693236060485,39.3125680745629 8.43698259180088,39.3125788781062 8.43704435605193,39.3125921612914 8.43713467510856,39.3126115746588 8.43702777716251,39.3128833310642 8.43701147095766,39.3128801254727 8.43698665589682,39.3129399259481 8.43692818132549,39.3129936976021 8.43690613944453,39.3129882926777 8.43684100659812,39.3129712266773 8.43657988148199,39.3132371359648 8.43670889771684,39.3131292369235 8.43686287247805,39.3131070233152 8.43690883824533,39.3130798805812 8.43702852466052,39.312960798907 8.43710084424753,39.3128989125572 8.43710904325802,39.3128918969193 8.43711167517911,39.3128833585835 8.4371407833102,39.3128031247631 8.43716718614754,39.3127304467599 8.43718193698757,39.312693268254 8.43722207733155,39.3126736300824 8.43725165557673,39.312659166961 8.43741661755931,39.3125872581742 8.43744835980727,39.3125734181886 8.43747262292581,39.3125853304022 8.43746808164202,39.312723594304 8.43746675067895,39.3127637571754 8.4374631745302,39.312872768284 8.43745311593509,39.3128990666742 8.43741416051883,39.3130009775367 8.43741166072117,39.3130075071519 8.43738663822095,39.3130729653727 8.43738810897705,39.3130732608249 8.43739784438442,39.3130655858117 8.43742598220743,39.3130861399273 8.43738435590836,39.313118935484 8.43736918078736,39.3131309002711 8.437391170527,39.3131515057567 8.43726774579099,39.313223282032 8.43719236314352,39.3133503544429 8.43719464663728,39.3134214501974 8.43721089071938,39.3134251870888 8.43722807258946,39.313429144769 8.43715517714341,39.3135309724414 8.43714321169487,39.313547683297 8.43712060198492,39.3136362202893 8.4371161827209,39.3136535623531 8.43711630906108,39.3136739719965 8.43701249136172,39.3136829217669 8.43696021266635,39.3136756585077 8.43696323278585,39.3136592197501 8.43694815352111,39.313676564279 8.43692843494103,39.3137676021524 8.43692114750309,39.3138012305196 8.43710690138729,39.3136986245604 8.43715713340219,39.3138685734267 8.43716886658419,39.3139936884459 8.43717259725227,39.3140332991137 8.43715403232898,39.3140368946355 8.43706896788563,39.3140534139891 8.43712158011894,39.3142100747189 8.43705493572244,39.3142251333584 8.43705585054174,39.3142282194136 8.43700060181842,39.3142397739738 8.43699810611957,39.3142342113607 8.43695302003965,39.3142513746253 8.43690645676673,39.314261808808 8.43688871709331,39.3142044515098 8.43687121359363,39.3142087549515 8.43685442765825,39.3141496361848 8.43680066427092,39.3141596750474 8.43678136837662,39.3140982283922 8.43683818915422,39.3140873483307 8.43688475224871,39.3140769231845 8.43688594968351,39.314057790446 8.43684802221349,39.3140559579138 8.43677574580629,39.3140515622567 8.43678005846625,39.3139448704863 8.43676031041452,39.3139441261142 8.43676195551364,39.313924139536 8.43678088240989,39.3139245825822 8.43678221229663,39.3138918354542 8.43669136571202,39.3138772579569 8.43671258437548,39.3139318028013 8.4367537446658,39.3140020055141 8.43678835321924,39.3141934142427 8.43690104791854,39.3144213064514 8.43690652142885,39.3144186027302 8.43685698475843,39.3143080460633 8.4369100829113,39.3142927417595 8.43702309333918,39.3142614812482 8.43709966493066,39.3142394513965 8.43711349027165,39.3142671087763 8.43703552589257,39.31429213243 8.43705018810445,39.3143282548289 8.43705962338353,39.3143262100246 8.43706620948957,39.3143409832507 8.43711715900787,39.3143303539724 8.43710828575607,39.314297025849 8.43713468454512,39.3142914768929 8.43714003386479,39.3143100466081 8.43719093368147,39.3143041656479 8.43719606888613,39.3143436569593 8.43721082258491,39.3143437823968 8.4372008639869,39.3142201176715 8.43725103455958,39.3142183780373 8.43726094081156,39.3143413486884 8.43731877572633,39.3143385468046 8.43734283288874,39.3142164234257 8.43733340246578,39.314178021137 8.4373502332877,39.314178856074 8.43735304326134,39.3141645915256 8.43737451575355,39.3141658307099 8.43738099479763,39.3141438341812 8.43736155904342,39.3141414977094 8.4373754903317,39.3140632734266 8.43740795261879,39.3140622082115 8.4375112007445,39.3137103745938 8.43757439527063,39.31352218899</coordinates>
            </LinearRing>
          </outerBoundaryIs>
          <innerBoundaryIs>
            <LinearRing>
              <coordinates>8.43756235379832,39.3123451718888 8.43757688709098,39.3123018109979 8.43762899951149,39.3123079919023 8.43766713884065,39.3123122220253 8.43765243673995,39.3123650792971 8.43760486920726,39.3123548025242 8.43756235379832,39.3123451718888</coordinates>
            </LinearRing>
          </innerBoundaryIs>
          <innerBoundaryIs>
            <LinearRing>
              <coordinates>8.43726539411654,39.3125558096133 8.43728530135843,39.3124946787962 8.43736364160815,39.312510781214 8.43734504686225,39.3125702514289 8.43726539411654,39.3125558096133</coordinates>
            </LinearRing>
          </innerBoundaryIs>
          <innerBoundaryIs>
            <LinearRing>
              <coordinates>8.43719555694711,39.3141948262487 8.43717881458483,39.3140636859366 8.43723284392767,39.3140595231029 8.43724958639002,39.3141906634081 8.43719555694711,39.3141948262487</coordinates>
            </LinearRing>
          </innerBoundaryIs>
          <innerBoundaryIs>
            <LinearRing>
              <coordinates>8.43765889924892,39.3124141012345 8.43770795882015,39.3122887844907 8.43777060508142,39.3123048918756 8.43772201908959,39.3124290215338 8.43765889924892,39.3124141012345</coordinates>
            </LinearRing>
          </innerBoundaryIs>
        </Polygon>
      </Placemark>
      <Placemark xmlns="http://www.opengis.net/kml/2.2">
        <styleUrl>#Parti singole_style_map</styleUrl>
        <name>T02945</name>
        <Polygon>
          <outerBoundaryIs>
            <LinearRing>
              <coordinates>8.43802744850544,39.3168342973205 8.43800042002775,39.3169415641584 8.43792511593283,39.3169988235843 8.43805226452621,39.3169653244038 8.43803715485505,39.3169294084786 8.43802744850544,39.3168342973205</coordinates>
            </LinearRing>
          </outerBoundaryIs>
        </Polygon>
      </Placemark>
      <Placemark xmlns="http://www.opengis.net/kml/2.2">
        <styleUrl>#Parti singole_style_map</styleUrl>
        <name>T02948</name>
        <Polygon>
          <outerBoundaryIs>
            <LinearRing>
              <coordinates>8.43642304018524,39.3176358593433 8.43652648051587,39.3177960373247 8.43652236805137,39.3179181651477 8.43651996669207,39.3179658646616 8.43651852629138,39.3179776705858 8.43652656610847,39.3179790070548 8.4366189898067,39.3179943041586 8.43662632073226,39.3179625592625 8.43665708723772,39.3179679974777 8.43668246109765,39.3177564432475 8.43692402831558,39.3177008459286 8.4369482998807,39.3176135785675 8.43731121662483,39.3176750477897 8.43726718948179,39.3177320431527 8.43733765989033,39.3177928992312 8.43753849470228,39.3177204069714 8.43783415771144,39.3175367222489 8.43811371750668,39.3174154385227 8.43834208828093,39.3172604145716 8.43826303770254,39.3173048426267 8.43824420757095,39.3172849463906 8.43821217551979,39.3172970641523 8.43812850588728,39.3173287107929 8.43813459506756,39.3173360658243 8.43811604194729,39.317345329223 8.43796883824706,39.317424803515 8.4377442112502,39.3175481815566 8.43775352067996,39.317559003233 8.43755943817064,39.3176777799447 8.43717776472094,39.3175626617207 8.43760191743332,39.3173853929665 8.43784232190124,39.3172791935661 8.43801607911708,39.3172039295137 8.43802863867799,39.3172217320672 8.43813527693953,39.3171987114551 8.43824224049877,39.317175620231 8.4383603060208,39.3171045920239 8.43846994352671,39.317008230245 8.43848862876495,39.3170273868765 8.43850617480566,39.3170453936596 8.43852854105597,39.3170307242172 8.43851164732528,39.3170138288903 8.43856357069101,39.3169802807076 8.43854318340308,39.3169607284174 8.43866172492844,39.316885214916 8.43872620146428,39.3168441493116 8.43874070576017,39.3168349113336 8.43878681381983,39.3168786910445 8.4387746686581,39.316928010573 8.43879035215457,39.3169120203235 8.4388432202934,39.3168415240782 8.43882973619989,39.3168044074229 8.43874632713559,39.3167527977707 8.4385123727651,39.316708517027 8.43823502240031,39.3166353364969 8.43808733302267,39.3165539783013 8.43788581422809,39.3163893451172 8.43771107196198,39.3161316623242 8.43767817459994,39.316102705415 8.43765741995666,39.3160870798167 8.4377489395335,39.3163540018487 8.43779579879738,39.3164544983395 8.43792409395578,39.3166167955817 8.43797230362888,39.3166863200597 8.43797749988151,39.3166849395091 8.43792688359647,39.3165480040728 8.4380191097284,39.3165167863616 8.43818415256512,39.3166648078186 8.43818788927202,39.3166747645627 8.43821897914316,39.316736853606 8.43824456851623,39.3168064579567 8.4382875712836,39.3167961231931 8.43837085165169,39.3170073103766 8.43820231910022,39.3170472157542 8.43826157502652,39.3171173545703 8.43808696018931,39.317155461647 8.43789327314789,39.3171897667495 8.43785819267082,39.3170977856565 8.43791194589744,39.3170943358292 8.43788398405477,39.3170089015449 8.43770079683051,39.3170537850993 8.43746300895448,39.3170448863862 8.43723382145978,39.3170918314692 8.4367727285791,39.3172221820473 8.43657648149059,39.3173316206697 8.43665207058257,39.3173760756239 8.43653691930508,39.3175693360396 8.43649103013787,39.3175576522768 8.43648570161885,39.3176231786098 8.43643486137962,39.3176112185452 8.43643645412437,39.3175500983236 8.43643835386659,39.3175460978079 8.43641568081672,39.3175411132322 8.43642304018524,39.3176358593433</coordinates>
            </LinearRing>
          </outerBoundaryIs>
          <innerBoundaryIs>
            <LinearRing>
              <coordinates>8.43847427487842,39.3167031520419 8.43853929788914,39.3167213789649 8.43851974019409,39.3167634451972 8.43845475180428,39.3167452364516 8.43847427487842,39.3167031520419</coordinates>
            </LinearRing>
          </innerBoundaryIs>
          <innerBoundaryIs>
            <LinearRing>
              <coordinates>8.43660551028179,39.3178599088016 8.43666334822207,39.3178657664568 8.43664721842809,39.3179271586855 8.43659106383748,39.3179167948625 8.43660551028179,39.3178599088016</coordinates>
            </LinearRing>
          </innerBoundaryIs>
        </Polygon>
      </Placemark>
      <Placemark xmlns="http://www.opengis.net/kml/2.2">
        <styleUrl>#Parti singole_style_map</styleUrl>
        <name>T02947</name>
        <Polygon>
          <outerBoundaryIs>
            <LinearRing>
              <coordinates>8.43789327314789,39.3171897667495 8.43808696018931,39.317155461647 8.43826157502652,39.3171173545703 8.43820231910022,39.3170472157542 8.43819664772868,39.3170252294522 8.43791194589744,39.3170943358292 8.43785819267082,39.3170977856565 8.43789327314789,39.3171897667495</coordinates>
            </LinearRing>
          </outerBoundaryIs>
        </Polygon>
      </Placemark>
      <Placemark xmlns="http://www.opengis.net/kml/2.2">
        <styleUrl>#Parti singole_style_map</styleUrl>
        <name>T02943</name>
        <Polygon>
          <outerBoundaryIs>
            <LinearRing>
              <coordinates>8.4380311428382,39.3168704975978 8.43808996063333,39.3168545638589 8.43808615147414,39.3168450331844 8.43802999565576,39.3168592565128 8.4380311428382,39.3168704975978</coordinates>
            </LinearRing>
          </outerBoundaryIs>
        </Polygon>
      </Placemark>
      <Placemark xmlns="http://www.opengis.net/kml/2.2">
        <styleUrl>#Parti singole_style_map</styleUrl>
        <name>T02944</name>
        <Polygon>
          <outerBoundaryIs>
            <LinearRing>
              <coordinates>8.43824940019176,39.3169144103225 8.43824396433475,39.316900466074 8.43819812729856,39.3169116037131 8.43820263964563,39.3169261055473 8.43824940019176,39.3169144103225</coordinates>
            </LinearRing>
          </outerBoundaryIs>
        </Polygon>
      </Placemark>
      <Placemark xmlns="http://www.opengis.net/kml/2.2">
        <styleUrl>#Parti singole_style_map</styleUrl>
        <name>T01946</name>
        <Polygon>
          <outerBoundaryIs>
            <LinearRing>
              <coordinates>8.43648032914799,39.3231917031746 8.4365625978454,39.323224239125 8.43656123326997,39.3231890314597 8.43656534415177,39.323183047449 8.43649738322575,39.3231540764449 8.43648032914799,39.3231917031746</coordinates>
            </LinearRing>
          </outerBoundaryIs>
        </Polygon>
      </Placemark>
      <Placemark xmlns="http://www.opengis.net/kml/2.2">
        <styleUrl>#Parti singole_style_map</styleUrl>
        <name>T03900</name>
        <Polygon>
          <outerBoundaryIs>
            <LinearRing>
              <coordinates>8.43630401172635,39.3209308798683 8.43630624182182,39.3209224399072 8.43630983204579,39.3209030399857 8.43631100222577,39.320887870035 8.43631134248982,39.3208659500965 8.43631011271583,39.320847560137 8.43630861295726,39.3208279601788 8.4364821318347,39.3208784013089 8.43648816252135,39.3208201415097 8.43643577264373,39.3208228211203 8.43643347314653,39.3207818012139 8.43628908346538,39.3207907101366 8.4362748023164,39.3208892197673 8.43626537195175,39.3209216796112 8.43630401172635,39.3209308798683</coordinates>
            </LinearRing>
          </outerBoundaryIs>
        </Polygon>
      </Placemark>
      <Placemark xmlns="http://www.opengis.net/kml/2.2">
        <styleUrl>#Parti singole_style_map</styleUrl>
        <name>T03901</name>
        <Polygon>
          <outerBoundaryIs>
            <LinearRing>
              <coordinates>8.43660477375035,39.3206900127106 8.43652862414063,39.3206763421919 8.43641583699813,39.3204675819309 8.43637232861299,39.3203446619443 8.43640181888256,39.3203151622388 8.43637547890803,39.320319492035 8.43637872933893,39.3202830621568 8.43638921930962,39.3202829222337 8.43639231991158,39.3202323823923 8.43639244993549,39.3202303723987 8.4364264103528,39.3201875627616 8.4364358004681,39.320175732862 8.43644540058616,39.3201636229646 8.43646113077959,39.3201437831328 8.43647176091009,39.3201303932464 8.43653585055883,39.3201437836778 8.43652340092438,39.3201165936602 8.43655006114367,39.3200919439211 8.43670408151326,39.3200237452282 8.4367400616443,39.3200041155435 8.43675644171066,39.3199946256885 8.43688539198358,39.3199405467748 8.43692761163673,39.3199589170333 8.43693273214975,39.3199152371882 8.43693344222709,39.3199086672111 8.43693784241166,39.3198923272872 8.43697107301575,39.3198342476859 8.43697197353011,39.3197914878075 8.43696742393738,39.319758917862 8.43693283646351,39.3195584481493 8.4369263672214,39.3194973482665 8.43684936939957,39.319336018139 8.43690921947363,39.3193152686315 8.4369039496384,39.3193029286262 8.4368742501867,39.3192648385121 8.43687051035542,39.3192517985199 8.43688251052153,39.3192351286523 8.43680935096307,39.3192164881688 8.43686785252347,39.3190731389814 8.43682708276521,39.319063108711 8.43683052289167,39.3190518087665 8.4368613537629,39.3189722192056 8.43689646422393,39.3189255095875 8.43695763463686,39.3188764101659 8.4369956044144,39.3188855304183 8.43702908571585,39.3187697109743 8.43701314577951,39.3187683408617 8.4370202861325,39.318737400997 8.43698641629521,39.3187322207639 8.43695694501843,39.3188450202453 8.43692169520323,39.3188383500061 8.43691523489852,39.3188651298869 8.43687760509603,39.3188579896316 8.43682079539411,39.3188472192462 8.43681367512509,39.3188712091297 8.43675930539576,39.3188621087575 8.43672094461231,39.3189362782781 8.43671780357245,39.3190230480216 8.43666363390081,39.3190091276639 8.43666958211661,39.319155237314 8.43662461103747,39.3192554767162 8.43646054086532,39.319309805373 8.43643275105395,39.319300995194 8.43641857277109,39.3191624454635 8.43637646288087,39.3191636551531 8.43638816114266,39.3193045548592 8.43649228852013,39.3194960051035 8.43653895845877,39.319489675461 8.43654829803882,39.3195221254418 8.4365657980044,39.3195206955733 8.43656353854563,39.3194764856758 8.43662761775004,39.3195266260083 8.43664113667799,39.3196119858772 8.43665504663593,39.3196120659785 8.43665856647221,39.31962474597 8.43667822652245,39.3196157861375 8.43664205771488,39.3195260061153 8.43660556818144,39.319496335929 8.43653346910362,39.3194376855609 8.43652619919644,39.3194317855237 8.43646260000983,39.319380055199 8.43645365067457,39.3193272652758 8.43653918084082,39.319292615993 8.436552520717,39.3192995960715 8.43655424070104,39.3193004960816 8.43655461069765,39.3193006860838 8.43661994009147,39.3193348564684 8.43667813010441,39.3193195669341 8.43669430954201,39.3193621269376 8.43673698951384,39.3193540272707 8.43688906618487,39.3195921877391 8.43683541614714,39.3196084173041 8.43691347424755,39.319746447502 8.43687412410421,39.3197679171572 8.43674321510886,39.3197168163397 8.4367088249702,39.3197366860354 8.43669935493192,39.3197421659515 8.43666672494176,39.3197493256942 8.43662427495449,39.3197586453594 8.43659565462782,39.3197926550591 8.43658870433966,39.3198181849397 8.43649979480887,39.3198011043371 8.43650764462534,39.3198143643587 8.43652071431915,39.3198364943944 8.43653047409093,39.3198529844213 8.43650313409226,39.3198595542041 8.43628298410307,39.3199124524557 8.43621874479225,39.3198711520983 8.43621241474324,39.319876752037 8.43605221442047,39.3199425906911 8.43587486490058,39.3199462193876 8.43583221483216,39.3199622990332 8.43578990484049,39.3199719486985 8.43583348453156,39.3199868489763 8.43580602428622,39.3200138487034 8.43579231354597,39.3200784184295 8.43579257318741,39.3201080083518 8.43574575346311,39.3200966480408 8.43586437093952,39.3202763684225 8.43592938879182,39.3204380984615 8.43615061793867,39.320454600031 8.43616286772449,39.3204693200808 8.43627077806938,39.3204144310157 8.4363136180358,39.3204067413489 8.43634620800432,39.3204013816011 8.43640188569777,39.3205785315305 8.43627268580209,39.3206014705263 8.43632558487604,39.3206651307408 8.43625828393522,39.3207593799962 8.43628908346539,39.3207907101366 8.43643347314654,39.3207818012139 8.4364297139713,39.3207145113676 8.436483623824,39.3207135217635 8.43648639302973,39.3207785316088 8.43648816252136,39.3208201415097 8.43648213183471,39.3208784013089 8.43650194175889,39.3208798314496 8.43650300125684,39.3209210913463 8.43642289954028,39.3210826203272 8.43639895896046,39.3211364200078 8.43636300807875,39.3212181195257 8.4363199674169,39.3212833690361 8.43622939539629,39.3214725978661 8.43620611321616,39.3216585771958 8.43616116338426,39.3216556568757 8.43615004419598,39.3215912469679 8.4361443146296,39.3215567870189 8.43611778661371,39.3213991872495 8.43614496867081,39.3212224279235 8.43611416804027,39.3212820975382 8.43610041650347,39.3214125470868 8.43613751335159,39.3216641366804 8.43614341000442,39.3219394959824 8.43623146648427,39.3222090858994 8.4361308740149,39.3224378645499 8.43605573263823,39.322570063646 8.43596646096845,39.3227299525645 8.43595910927541,39.3228717521293 8.43604627738222,39.3230070124013 8.43615259563514,39.3231255128581 8.43621220484243,39.3231765031557 8.43626330415274,39.3232210534086 8.43619674541921,39.3231325831611 8.43609048738295,39.322996152753 8.4360309289798,39.3228786526347 8.43600398091082,39.32272555285 8.43613156338248,39.3224899944146 8.43613595335983,39.3224907944445 8.43625574634252,39.3222148760609 8.43628382620914,39.3222190462545 8.43629026687334,39.3221625464536 8.4362410202365,39.3218964568103 8.43624102031607,39.321889876828 8.43623135034573,39.3218897867577 8.43625365304016,39.3216615175347 8.43625482312885,39.3216538975637 8.43626777410694,39.3215698478844 8.4362802850538,39.3214884881946 8.43641652802003,39.3212098999382 8.43644847784801,39.321216320154 8.43645850834353,39.3211728903441 8.43648122916542,39.3210993707076 8.43658056848498,39.3211313713462 8.43668402777643,39.3211646920113 8.43672428748252,39.3211791622661 8.43672588780512,39.3211520923506 8.43647512933458,39.3210868706968 8.43655184123541,39.3209109317299 8.4366711905042,39.3209422425163 8.43661494200908,39.3208315324039 8.43656567282525,39.3207760721938 8.43652719375634,39.320708472095 8.43655236372551,39.3207048722883 8.43656790373292,39.3207004624135 8.43660477375035,39.3206900127106</coordinates>
            </LinearRing>
          </outerBoundaryIs>
          <innerBoundaryIs>
            <LinearRing>
              <coordinates>8.43673562209731,39.319967735609 8.43668636193971,39.3199928051822 8.43665953238947,39.3199621650689 8.43671819251542,39.3199374155635 8.43673562209731,39.319967735609</coordinates>
            </LinearRing>
          </innerBoundaryIs>
          <innerBoundaryIs>
            <LinearRing>
              <coordinates>8.43673205360296,39.3198440859158 8.43674895316417,39.3198762459525 8.4366665530918,39.3199023652811 8.43660062303375,39.3199232747438 8.43658372347255,39.3198911147071 8.43664853352967,39.3198705552352 8.43673205360296,39.3198440859158</coordinates>
            </LinearRing>
          </innerBoundaryIs>
          <innerBoundaryIs>
            <LinearRing>
              <coordinates>8.43628872829578,39.3203913212089 8.43625154825365,39.3204038909038 8.43619880810101,39.3204294004504 8.43608407859415,39.3204166496477 8.43603781866807,39.3204218392963 8.43600071886655,39.3204144890454 8.43593821109281,39.3202456490438 8.435861981171,39.320257808455 8.43583420199684,39.3201962984179 8.4358160226231,39.3201489484127 8.43580471310536,39.3201118284301 8.43580259327933,39.320097958452 8.43580258345819,39.3200831684917 8.43580458363692,39.3200678985474 8.43580843378866,39.3200544086118 8.43581404392795,39.3200415186874 8.43582294406513,39.3200279987887 8.43583395418073,39.320015748902 8.43584355423978,39.3200085189915 8.43583513451991,39.3199874089869 8.43590902445782,39.3199744895607 8.43596330448099,39.3199593099975 8.43605185437147,39.3199467306774 8.43612975440442,39.3199249713042 8.43617558454857,39.3199018517008 8.43619901432408,39.3199146918372 8.43619936415618,39.3199284918026 8.43620849405714,39.3199344518531 8.43621223383437,39.3199519618333 8.43622159351967,39.3199757018377 8.43621821348032,39.319979781802 8.43622476330886,39.319992361816 8.43623940334673,39.3199856519408 8.43622822398821,39.3199353319947 8.43630240388427,39.3199258025615 8.43634565386277,39.3199170129007 8.43637799389648,39.3199063231654 8.43645168378697,39.319897373727 8.43645472368283,39.319905243728 8.4364678836812,39.3199021638323 8.43650502229061,39.3200080938181 8.43646491205617,39.320037283447 8.43646347204761,39.3200383434336 8.43646422201395,39.3200409434321 8.43640065128596,39.3201166827645 8.43632006036303,39.3202127019182 8.43631085982239,39.3202596617246 8.43634358965991,39.3202651019488 8.43632358852592,39.3203637715373 8.43628872829578,39.3203913212089</coordinates>
            </LinearRing>
          </innerBoundaryIs>
        </Polygon>
      </Placemark>
      <Placemark xmlns="http://www.opengis.net/kml/2.2">
        <styleUrl>#Parti singole_style_map</styleUrl>
        <name>T01948</name>
        <Polygon>
          <outerBoundaryIs>
            <LinearRing>
              <coordinates>8.43611755696246,39.322925430228 8.43616908094683,39.3229220667203 8.43615940220138,39.3228791834363 8.43611146633263,39.3228850152148 8.43611755696246,39.322925430228</coordinates>
            </LinearRing>
          </outerBoundaryIs>
        </Polygon>
      </Placemark>
      <Placemark xmlns="http://www.opengis.net/kml/2.2">
        <styleUrl>#Parti singole_style_map</styleUrl>
        <name>T01993</name>
        <Polygon>
          <outerBoundaryIs>
            <LinearRing>
              <coordinates>8.43687121359363,39.3142087549515 8.43688871709331,39.3142044515098 8.43692748972243,39.3141949257412 8.43691052816446,39.3141388967714 8.43685442765825,39.3141496361848 8.43687121359363,39.3142087549515</coordinates>
            </LinearRing>
          </outerBoundaryIs>
        </Polygon>
      </Placemark>
      <Placemark xmlns="http://www.opengis.net/kml/2.2">
        <styleUrl>#Parti singole_style_map</styleUrl>
        <name>T01949</name>
        <Polygon>
          <outerBoundaryIs>
            <LinearRing>
              <coordinates>8.43610254206477,39.3228391981288 8.43614930152306,39.3228325046451 8.4361283238206,39.3227375934737 8.43608664021026,39.322747852719 8.43610254206477,39.3228391981288</coordinates>
            </LinearRing>
          </outerBoundaryIs>
        </Polygon>
      </Placemark>
      <Placemark xmlns="http://www.opengis.net/kml/2.2">
        <styleUrl>#Parti singole_style_map</styleUrl>
        <name>T01996</name>
        <Polygon>
          <outerBoundaryIs>
            <LinearRing>
              <coordinates>8.43735122397471,39.3136940036256 8.43740105287817,39.3136972181089 8.43740585785971,39.3136606852996 8.43741084415068,39.3136608716039 8.43741601145163,39.313631233663 8.43736070368504,39.313627064596 8.43735122397471,39.3136940036256</coordinates>
            </LinearRing>
          </outerBoundaryIs>
        </Polygon>
      </Placemark>
      <Placemark xmlns="http://www.opengis.net/kml/2.2">
        <styleUrl>#Parti singole_style_map</styleUrl>
        <name>T01997</name>
        <Polygon>
          <outerBoundaryIs>
            <LinearRing>
              <coordinates>8.43708947722552,39.31242726917 8.43715835983672,39.3124395415066 8.43721303040451,39.3124492851547 8.4373218157804,39.3124686525481 8.43735923967661,39.3124753211876 8.43737355592832,39.3124778773532 8.43740550926657,39.3123696612475 8.43712419687491,39.3123169490327 8.43709893689736,39.3123122043704 8.43709860960171,39.3123125181582 8.43706436582832,39.3124227955375 8.43708947722552,39.31242726917</coordinates>
            </LinearRing>
          </outerBoundaryIs>
        </Polygon>
      </Placemark>
      <Placemark xmlns="http://www.opengis.net/kml/2.2">
        <styleUrl>#Parti singole_style_map</styleUrl>
        <name>T01999</name>
        <Polygon>
          <outerBoundaryIs>
            <LinearRing>
              <coordinates>8.4378636856237,39.3123517012748 8.43790464080005,39.3123664242684 8.43793475111702,39.3123158940609 8.43789258479622,39.3123003272389 8.4378636856237,39.3123517012748</coordinates>
            </LinearRing>
          </outerBoundaryIs>
        </Polygon>
      </Placemark>
      <Placemark xmlns="http://www.opengis.net/kml/2.2">
        <styleUrl>#Parti singole_style_map</styleUrl>
        <name>T02000</name>
        <Polygon>
          <outerBoundaryIs>
            <LinearRing>
              <coordinates>8.43782262221724,39.3117725349301 8.4378470195822,39.3117821409984 8.43786937039762,39.3117909352284 8.43787053836822,39.3117884809745 8.43788795230217,39.3117518198338 8.43784532214639,39.3117377284936 8.43782262221724,39.3117725349301</coordinates>
            </LinearRing>
          </outerBoundaryIs>
        </Polygon>
      </Placemark>
      <Placemark xmlns="http://www.opengis.net/kml/2.2">
        <styleUrl>#Parti singole_style_map</styleUrl>
        <name>T01950</name>
        <Polygon>
          <outerBoundaryIs>
            <LinearRing>
              <coordinates>8.43658466322002,39.3225855431436 8.43662630464184,39.3225920792665 8.43664424584427,39.3225349578765 8.43664451307864,39.3225305710102 8.43659417465473,39.3225206858839 8.43657424715597,39.3225838978197 8.43658466322002,39.3225855431436</coordinates>
            </LinearRing>
          </outerBoundaryIs>
        </Polygon>
      </Placemark>
      <Placemark xmlns="http://www.opengis.net/kml/2.2">
        <styleUrl>#Parti singole_style_map</styleUrl>
        <name>T02003</name>
        <Polygon>
          <outerBoundaryIs>
            <LinearRing>
              <coordinates>8.43855565653386,39.3114722279461 8.43862188837347,39.3114547245661 8.43860430508656,39.3114139838274 8.43853904980432,39.3114312125815 8.43855565653386,39.3114722279461</coordinates>
            </LinearRing>
          </outerBoundaryIs>
        </Polygon>
      </Placemark>
      <Placemark xmlns="http://www.opengis.net/kml/2.2">
        <styleUrl>#Parti singole_style_map</styleUrl>
        <name>T02013</name>
        <Polygon>
          <outerBoundaryIs>
            <LinearRing>
              <coordinates>8.4375925686898,39.310790230225 8.43763392836209,39.3107890875783 8.43763176486752,39.310742059732 8.43759040522291,39.3107432023782 8.4375925686898,39.310790230225</coordinates>
            </LinearRing>
          </outerBoundaryIs>
        </Polygon>
      </Placemark>
      <Placemark xmlns="http://www.opengis.net/kml/2.2">
        <styleUrl>#Parti singole_style_map</styleUrl>
        <name>T02014</name>
        <Polygon>
          <outerBoundaryIs>
            <LinearRing>
              <coordinates>8.43754508953802,39.3106981104401 8.437583234457,39.310698637254 8.43758641161343,39.3106596636824 8.43755068785366,39.3106595180102 8.43755035643065,39.3106617960935 8.43754508953802,39.3106981104401</coordinates>
            </LinearRing>
          </outerBoundaryIs>
        </Polygon>
      </Placemark>
      <Placemark xmlns="http://www.opengis.net/kml/2.2">
        <styleUrl>#Parti singole_style_map</styleUrl>
        <name>T01951</name>
        <Polygon>
          <outerBoundaryIs>
            <LinearRing>
              <coordinates>8.43651461412849,39.3218460826133 8.43655982546398,39.3218471756298 8.4365656157937,39.3217993033386 8.43651880363504,39.3217982025703 8.43651461412849,39.3218460826133</coordinates>
            </LinearRing>
          </outerBoundaryIs>
        </Polygon>
      </Placemark>
      <Placemark xmlns="http://www.opengis.net/kml/2.2">
        <styleUrl>#Parti singole_style_map</styleUrl>
        <name>T02019</name>
        <Polygon>
          <outerBoundaryIs>
            <LinearRing>
              <coordinates>8.43611146633263,39.3228850152148 8.43615940220138,39.3228791834363 8.43614930152306,39.3228325046451 8.43610254206477,39.3228391981288 8.43611146633263,39.3228850152148</coordinates>
            </LinearRing>
          </outerBoundaryIs>
        </Polygon>
      </Placemark>
      <Placemark xmlns="http://www.opengis.net/kml/2.2">
        <styleUrl>#Parti singole_style_map</styleUrl>
        <name>T02021</name>
        <Polygon>
          <outerBoundaryIs>
            <LinearRing>
              <coordinates>8.43765889924892,39.3124141012345 8.43772201908959,39.3124290215338 8.43777060508142,39.3123048918756 8.43770795882015,39.3122887844907 8.43765889924892,39.3124141012345</coordinates>
            </LinearRing>
          </outerBoundaryIs>
        </Polygon>
      </Placemark>
      <Placemark xmlns="http://www.opengis.net/kml/2.2">
        <styleUrl>#Parti singole_style_map</styleUrl>
        <name>T02022</name>
        <Polygon>
          <outerBoundaryIs>
            <LinearRing>
              <coordinates>8.43732982564551,39.3123202414518 8.43739617428137,39.3123346188859 8.43740687563974,39.3123048184781 8.4373405965504,39.3122904503971 8.43732982564551,39.3123202414518</coordinates>
            </LinearRing>
          </outerBoundaryIs>
        </Polygon>
      </Placemark>
      <Placemark xmlns="http://www.opengis.net/kml/2.2">
        <styleUrl>#Parti singole_style_map</styleUrl>
        <name>T02038</name>
        <Polygon>
          <outerBoundaryIs>
            <LinearRing>
              <coordinates>8.43345172203457,39.3274489679438 8.43344747490518,39.3276459277175 8.433542093031,39.3273564007587 8.43356682072054,39.3272983758444 8.43359846496603,39.3272760394994 8.43362014152722,39.3272855430861 8.43371943247313,39.327549658267 8.43401698940386,39.327822216976 8.43403827180793,39.3278748612595 8.43402276830007,39.3279817234792 8.43396574225159,39.3284868768551 8.43399524696145,39.3286953001233 8.43410059693758,39.3288084450068 8.43415400245975,39.3287881156143 8.43420251974342,39.3285107174255 8.43424236802168,39.3284350060572 8.43437182206055,39.3282968905828 8.43444744250313,39.3282279037736 8.43450814377229,39.3282019780689 8.43490354374459,39.3280728675986 8.43507815299881,39.3280194269138 8.43525509596003,39.327977269541 8.43518697284817,39.3277592610113 8.43516087519341,39.3277065755324 8.43513673175758,39.3277008176688 8.43503802286662,39.3279141505461 8.43495991478697,39.3279924966725 8.43481195627684,39.3280385788728 8.43452456050875,39.3281371906578 8.43441279176486,39.3281928463094 8.43425927821739,39.328317689366 8.43417358755776,39.3284297697571 8.43413414184294,39.3285102226284 8.43411082212103,39.328677066341 8.43407913190618,39.3287050432221 8.43403370218983,39.3286484970228 8.43403739404837,39.3285115540726 8.43406781693573,39.3283616397783 8.43411719363852,39.3280006996217 8.43411327375138,39.3279012487214 8.43407548622986,39.3278034712177 8.43382338389074,39.3275813679284 8.43363817572038,39.3272144832866 8.43357544512961,39.327197237944 8.43351703980201,39.3272363117865 8.43344514132343,39.3274090460204 8.43345172203457,39.3274489679438</coordinates>
            </LinearRing>
          </outerBoundaryIs>
        </Polygon>
      </Placemark>
      <Placemark xmlns="http://www.opengis.net/kml/2.2">
        <styleUrl>#Parti singole_style_map</styleUrl>
        <name>T02039</name>
        <Polygon>
          <outerBoundaryIs>
            <LinearRing>
              <coordinates>8.43329118753388,39.3290708124084 8.43333105707925,39.3291520838844 8.43339059162184,39.3291989496041 8.43360209846293,39.3293856337458 8.43435527621576,39.3300153901008 8.4345824072036,39.3301427326301 8.43489768275667,39.3303606358291 8.43525154453425,39.330639691122 8.43527847856355,39.3306563563045 8.43565179963623,39.3309686908205 8.43574988513987,39.3310322677623 8.43614341625795,39.331159053684 8.43653312202462,39.331279809687 8.43665592809591,39.3313050484411 8.4367623411129,39.3313041400743 8.43683994116602,39.3312820704291 8.43698246515482,39.3311432765264 8.43703899111845,39.331098560264 8.43719817401188,39.3310409239444 8.43757643892936,39.3310591797801 8.43777137037135,39.3311113022339 8.43835611848729,39.3312736594529 8.43846034254009,39.3313012484507 8.43851055268438,39.33131203321 8.43878200285062,39.331333779194 8.43911876050837,39.33147777068 8.4392280988285,39.3314868669017 8.43929490261917,39.3314741866627 8.43875182433268,39.3312613416756 8.43844641286196,39.3312296191502 8.43807874554055,39.3311251770387 8.43765615868874,39.3310027444605 8.43725213456796,39.3309659646569 8.43708833370707,39.3309860586343 8.43695620543191,39.3310468533179 8.43685488703562,39.3311228266655 8.43673199059604,39.3312317102146 8.43668150499982,39.331250937607 8.43654819360523,39.3312306849098 8.43631946590297,39.3311582309582 8.43575820300716,39.330967476964 8.43533531889365,39.3306087049434 8.43485475813424,39.3302420642611 8.43466246619585,39.3301149186198 8.43458739340007,39.3300739700671 8.43442766858491,39.3299815108898 8.43424454256195,39.329840136355 8.43350662100895,39.3292222934784 8.433452947154,39.329169464323 8.43338007864869,39.3291000072222 8.43335922358123,39.3290533659612 8.4333907169736,39.3286288684829 8.43333126739025,39.3287123232794 8.4332533186888,39.3287677190576 8.43329118753388,39.3290708124084</coordinates>
            </LinearRing>
          </outerBoundaryIs>
        </Polygon>
      </Placemark>
      <Placemark xmlns="http://www.opengis.net/kml/2.2">
        <styleUrl>#Parti singole_style_map</styleUrl>
        <name>T02041</name>
        <Polygon>
          <outerBoundaryIs>
            <LinearRing>
              <coordinates>8.43707420833073,39.3308421182876 8.4380814889404,39.330975317251 8.43836157294254,39.3310256604611 8.43849676793278,39.3310526781127 8.43874775301755,39.3311103677214 8.4390697449945,39.3312217689099 8.43927690785513,39.3313129726648 8.4395208987133,39.3314722662757 8.43976244847635,39.3315538133128 8.43946045153852,39.3313646139001 8.43907760495953,39.331180493285 8.43884043446314,39.3310942083645 8.43844467671575,39.3310000661464 8.43830708365466,39.3309711626532 8.43801248600483,39.3309207401827 8.43708186366221,39.3307990126587 8.43707420833073,39.3308421182876</coordinates>
            </LinearRing>
          </outerBoundaryIs>
        </Polygon>
      </Placemark>
      <Placemark xmlns="http://www.opengis.net/kml/2.2">
        <styleUrl>#Parti singole_style_map</styleUrl>
        <name>T02042</name>
        <Polygon>
          <outerBoundaryIs>
            <LinearRing>
              <coordinates>8.4408367257391,39.3320130707289 8.44099316674071,39.3320009104799 8.44129096343614,39.3320190738793 8.44133538578782,39.3320268290967 8.4415477598974,39.332173874401 8.44164232230761,39.332199918409 8.44200397812553,39.3322169267871 8.44223229530175,39.3322166882438 8.44302245776344,39.3320436687814 8.44323748393435,39.3320163508926 8.44348918247119,39.3319967319 8.44350544540655,39.3320030630505 8.44357744717135,39.3320064350505 8.44355001166982,39.3319810020892 8.44350964205831,39.3319537682014 8.44298672743769,39.332007905883 8.44250877613909,39.3321140675726 8.44219667838573,39.3321783756533 8.44171125357869,39.3321546647286 8.44156331061265,39.332135563974 8.44138073677109,39.332002475038 8.44131716474025,39.3319721014064 8.44098840243615,39.331953771244 8.44084320281244,39.3319690401127 8.4408367257391,39.3320130707289</coordinates>
            </LinearRing>
          </outerBoundaryIs>
        </Polygon>
      </Placemark>
      <Placemark xmlns="http://www.opengis.net/kml/2.2">
        <styleUrl>#Parti singole_style_map</styleUrl>
        <name>T02045</name>
        <Polygon>
          <outerBoundaryIs>
            <LinearRing>
              <coordinates>8.43695603598181,39.3144075610997 8.43701000377567,39.3144038756348 8.43701903485006,39.3144580190355 8.43705699546553,39.314462978354 8.43703271253125,39.3143753588232 8.43700341976676,39.3143830562971 8.4369970045503,39.3143686713508 8.43694738047132,39.3143818029301 8.43695603598181,39.3144075610997</coordinates>
            </LinearRing>
          </outerBoundaryIs>
        </Polygon>
      </Placemark>
      <Placemark xmlns="http://www.opengis.net/kml/2.2">
        <styleUrl>#Parti singole_style_map</styleUrl>
        <name>T02046</name>
        <Polygon>
          <outerBoundaryIs>
            <LinearRing>
              <coordinates>8.43703552589257,39.31429213243 8.43711349027165,39.3142671087763 8.43709966493066,39.3142394513965 8.43702309333918,39.3142614812482 8.43703552589257,39.31429213243</coordinates>
            </LinearRing>
          </outerBoundaryIs>
        </Polygon>
      </Placemark>
      <Placemark xmlns="http://www.opengis.net/kml/2.2">
        <styleUrl>#Parti singole_style_map</styleUrl>
        <name>T01937</name>
        <Polygon>
          <outerBoundaryIs>
            <LinearRing>
              <coordinates>8.43521848139602,39.3316392447005 8.43519166038596,39.3315917400032 8.43513715255185,39.3316042792356 8.43516723471153,39.3316562811494 8.43521848139602,39.3316392447005</coordinates>
            </LinearRing>
          </outerBoundaryIs>
        </Polygon>
      </Placemark>
      <Placemark xmlns="http://www.opengis.net/kml/2.2">
        <styleUrl>#Parti singole_style_map</styleUrl>
        <name>T01971</name>
        <Polygon>
          <outerBoundaryIs>
            <LinearRing>
              <coordinates>8.43626330415274,39.3232210534086 8.43629748538203,39.3232508278641 8.43641417582433,39.3233193241381 8.43664018926927,39.3234203644236 8.43663836754247,39.3232542182469 8.43659561419479,39.3232372965369 8.43648032914799,39.3231917031746 8.43649738322575,39.3231540764449 8.43660007245187,39.3231978517213 8.43659374715224,39.3229482005568 8.43638887523643,39.3229508033653 8.43638588178015,39.3229508519362 8.43626244636287,39.32295379499 8.43626330415274,39.3232210534086</coordinates>
            </LinearRing>
          </outerBoundaryIs>
          <innerBoundaryIs>
            <LinearRing>
              <coordinates>8.4364551061762,39.322992618027 8.43649752538389,39.32300923181 8.43655641783609,39.3230229879133 8.43654134655418,39.3230549656027 8.43647949175444,39.3230431594514 8.43643746798739,39.3230278631246 8.4364551061762,39.322992618027</coordinates>
            </LinearRing>
          </innerBoundaryIs>
        </Polygon>
      </Placemark>
      <Placemark xmlns="http://www.opengis.net/kml/2.2">
        <styleUrl>#Parti singole_style_map</styleUrl>
        <name>T01984</name>
        <Polygon>
          <outerBoundaryIs>
            <LinearRing>
              <coordinates>8.43603092511515,39.3228786597605 8.43609048028627,39.3229961582999 8.43619674022892,39.3231325891732 8.43626330415274,39.3232210534086 8.43626244636287,39.32295379499 8.4362604928558,39.3228301601492 8.43625983222403,39.3227477640585 8.43610475398079,39.3227313970711 8.4360609738687,39.322722480607 8.43600397667018,39.3227255562246 8.43603092511515,39.3228786597605</coordinates>
            </LinearRing>
          </outerBoundaryIs>
          <innerBoundaryIs>
            <LinearRing>
              <coordinates>8.43608664021026,39.322747852719 8.4361283238206,39.3227375934737 8.43614930152306,39.3228325046451 8.43615940220138,39.3228791834363 8.43616908094683,39.3229220667203 8.43611755696246,39.322925430228 8.43611146633263,39.3228850152148 8.43610254206477,39.3228391981288 8.43608664021026,39.322747852719</coordinates>
            </LinearRing>
          </innerBoundaryIs>
        </Polygon>
      </Placemark>
      <Placemark xmlns="http://www.opengis.net/kml/2.2">
        <styleUrl>#Parti singole_style_map</styleUrl>
        <name>T01988</name>
        <Polygon>
          <outerBoundaryIs>
            <LinearRing>
              <coordinates>8.43626244636287,39.32295379499 8.43638588178015,39.3229508519362 8.4363434817204,39.3228870857576 8.4363790798878,39.3228689757393 8.43642904226676,39.3229343824281 8.43638887523643,39.3229508033653 8.43659374715224,39.3229482005568 8.43658466322002,39.3225855431436 8.43657424715597,39.3225838978197 8.4363322237243,39.3225309504722 8.43629204408829,39.3227511639698 8.43633042251286,39.3227494306808 8.43633854426026,39.3227825209003 8.43633263957904,39.3227824922896 8.43634259579648,39.3228240613576 8.43635086911064,39.3228585038996 8.43627867379832,39.3228688856889 8.4362604928558,39.3228301601492 8.43626244636287,39.32295379499</coordinates>
            </LinearRing>
          </outerBoundaryIs>
        </Polygon>
      </Placemark>
      <Placemark xmlns="http://www.opengis.net/kml/2.2">
        <styleUrl>#Parti singole_style_map</styleUrl>
        <name>T03085</name>
        <Polygon>
          <outerBoundaryIs>
            <LinearRing>
              <coordinates>8.43625983222403,39.3227477640585 8.4362604928558,39.3228301601492 8.43630732434816,39.3228274946874 8.43629204408829,39.3227511639698 8.43625983222403,39.3227477640585</coordinates>
            </LinearRing>
          </outerBoundaryIs>
        </Polygon>
      </Placemark>
      <Placemark xmlns="http://www.opengis.net/kml/2.2">
        <styleUrl>#Parti singole_style_map</styleUrl>
        <name>T01963</name>
        <Polygon>
          <outerBoundaryIs>
            <LinearRing>
              <coordinates>8.4360609738687,39.322722480607 8.43608187698185,39.3226606340913 8.43610490722967,39.3225924904648 8.43614867559377,39.322601415866 8.43612584730008,39.3226689747913 8.43610475398079,39.3227313970711 8.43625983222403,39.3227477640585 8.43629204408829,39.3227511639698 8.4363322237243,39.3225309504722 8.43629337301356,39.3225192827169 8.43624953864482,39.3225113572264 8.43613595638472,39.3224908032094 8.43613155441917,39.3224900069611 8.43600397667018,39.3227255562246 8.4360609738687,39.322722480607</coordinates>
            </LinearRing>
          </outerBoundaryIs>
        </Polygon>
      </Placemark>
      <Placemark xmlns="http://www.opengis.net/kml/2.2">
        <styleUrl>#Parti singole_style_map</styleUrl>
        <name>T01970</name>
        <Polygon>
          <outerBoundaryIs>
            <LinearRing>
              <coordinates>8.43659374715224,39.3229482005568 8.43660007245187,39.3231978517213 8.43661624703695,39.3232047420666 8.43665827317501,39.3232226514129 8.43664424584427,39.3225349578765 8.43662630464184,39.3225920792665 8.43658466322002,39.3225855431436 8.43659374715224,39.3229482005568</coordinates>
            </LinearRing>
          </outerBoundaryIs>
        </Polygon>
      </Placemark>
      <Placemark xmlns="http://www.opengis.net/kml/2.2">
        <styleUrl>#Parti singole_style_map</styleUrl>
        <name>T01982</name>
        <Polygon>
          <outerBoundaryIs>
            <LinearRing>
              <coordinates>8.43628027214342,39.3214885060355 8.43643171398717,39.3214936459855 8.43642211877521,39.3216715047442 8.43649131225351,39.32167362404 8.43669472926802,39.3216798263613 8.43671024924556,39.3214170083062 8.43658168710218,39.3214129616889 8.43654691334749,39.3214108469759 8.43651601005701,39.3214135896916 8.43652653688368,39.3213508458226 8.43649305233516,39.3213413216158 8.43651431182261,39.3212855588861 8.43653414936399,39.3212335106416 8.43644848821258,39.3212163269721 8.43641653328801,39.3212099097991 8.43628027214342,39.3214885060355</coordinates>
            </LinearRing>
          </outerBoundaryIs>
          <innerBoundaryIs>
            <LinearRing>
              <coordinates>8.43647380220983,39.3215455887302 8.4364770363757,39.3215068858577 8.4364814392466,39.3214541050816 8.43647621328407,39.3214533589184 8.43648029800485,39.3214127499187 8.43651571686577,39.3214139847377 8.43652609968787,39.3214558712369 8.43651875798932,39.3215134674603 8.43654795504677,39.3215180691277 8.43654885996958,39.3215512955853 8.4365138700815,39.3215486391796 8.43651058922647,39.3216235013558 8.43646748638319,39.3216213372628 8.43647380220983,39.3215455887302</coordinates>
            </LinearRing>
          </innerBoundaryIs>
        </Polygon>
      </Placemark>
      <Placemark xmlns="http://www.opengis.net/kml/2.2">
        <styleUrl>#Parti singole_style_map</styleUrl>
        <name>T01969</name>
        <Polygon>
          <outerBoundaryIs>
            <LinearRing>
              <coordinates>8.43604718013451,39.3206031932674 8.43610338998463,39.3206545828791 8.43619555288452,39.320695550253 8.43625828683716,39.320759397025 8.4363255851604,39.3206651568969 8.4362726871066,39.3206014929834 8.43616285820688,39.3204693428872 8.43615062187155,39.3204546143231 8.43592939145412,39.3204381156761 8.43604718013451,39.3206031932674</coordinates>
            </LinearRing>
          </outerBoundaryIs>
          <innerBoundaryIs>
            <LinearRing>
              <coordinates>8.43604884854786,39.3205399289274 8.43606822954482,39.3205331658153 8.43605391591613,39.3205055420141 8.43609365440036,39.3204917592107 8.43612231948272,39.3205423034522 8.43613352927347,39.3205620729789 8.43613096537766,39.3205707557797 8.43616044582092,39.3206006787017 8.43613146207852,39.3206172258477 8.43608089941658,39.3205589074417 8.43606601434618,39.3205648633757 8.43604884854786,39.3205399289274</coordinates>
            </LinearRing>
          </innerBoundaryIs>
        </Polygon>
      </Placemark>
      <Placemark xmlns="http://www.opengis.net/kml/2.2">
        <styleUrl>#Parti singole_style_map</styleUrl>
        <name>T03088</name>
        <Polygon>
          <outerBoundaryIs>
            <LinearRing>
              <coordinates>8.43616285820688,39.3204693428872 8.4362726871066,39.3206014929834 8.43640188219782,39.3205785382392 8.43634621806181,39.3204013994877 8.43631362365501,39.3204067650524 8.43633083705777,39.3204590018096 8.43635852989401,39.3205454034684 8.43631280829665,39.3205559495973 8.43629489213493,39.320508881517 8.43627013879483,39.3205129154534 8.43626284675194,39.3204805500857 8.43628919125848,39.320476280575 8.43628683029059,39.3204683668386 8.43627077886784,39.3204144507237 8.43616285820688,39.3204693428872</coordinates>
            </LinearRing>
          </outerBoundaryIs>
        </Polygon>
      </Placemark>
      <Placemark xmlns="http://www.opengis.net/kml/2.2">
        <styleUrl>#Parti singole_style_map</styleUrl>
        <name>T01976</name>
        <Polygon>
          <outerBoundaryIs>
            <LinearRing>
              <coordinates>8.43593320154623,39.3204475862694 8.43595545225656,39.3205499824806 8.43603631099309,39.3206247660131 8.43610338998463,39.3206545828791 8.43604718013451,39.3206031932674 8.43592939145412,39.3204381156761 8.43593320154623,39.3204475862694</coordinates>
            </LinearRing>
          </outerBoundaryIs>
        </Polygon>
      </Placemark>
      <Placemark xmlns="http://www.opengis.net/kml/2.2">
        <styleUrl>#Parti singole_style_map</styleUrl>
        <name>T01977</name>
        <Polygon>
          <outerBoundaryIs>
            <LinearRing>
              <coordinates>8.43620799206793,39.3203240044091 8.43623808095332,39.3203287186033 8.43623135674142,39.3203570874265 8.43623805381254,39.3203580930267 8.43628309574323,39.3203527157172 8.43629877563833,39.3203214528319 8.43621153464104,39.3203104606253 8.43620799206793,39.3203240044091</coordinates>
            </LinearRing>
          </outerBoundaryIs>
        </Polygon>
      </Placemark>
      <Placemark xmlns="http://www.opengis.net/kml/2.2">
        <styleUrl>#Parti singole_style_map</styleUrl>
        <name>T01952</name>
        <Polygon>
          <outerBoundaryIs>
            <LinearRing>
              <coordinates>8.43617551801932,39.3214580561476 8.43621979346296,39.3214702007633 8.4362479507613,39.3214092723982 8.4361958416927,39.3213946299338 8.43617551801932,39.3214580561476</coordinates>
            </LinearRing>
          </outerBoundaryIs>
        </Polygon>
      </Placemark>
      <Placemark xmlns="http://www.opengis.net/kml/2.2">
        <styleUrl>#Parti singole_style_map</styleUrl>
        <name>T03089</name>
        <Polygon>
          <outerBoundaryIs>
            <LinearRing>
              <coordinates>8.43628873666492,39.3203913354501 8.43632359725575,39.3203637967767 8.43634358866591,39.3202651284584 8.43631086068622,39.3202596896662 8.43629877563833,39.3203214528319 8.43628309574323,39.3203527157172 8.43628873666492,39.3203913354501</coordinates>
            </LinearRing>
          </outerBoundaryIs>
        </Polygon>
      </Placemark>
      <Placemark xmlns="http://www.opengis.net/kml/2.2">
        <styleUrl>#Parti singole_style_map</styleUrl>
        <name>T03090</name>
        <Polygon>
          <outerBoundaryIs>
            <LinearRing>
              <coordinates>8.43621822754968,39.3202831008385 8.43622721135024,39.3202463811296 8.43619982236414,39.3202420494523 8.43619022446632,39.3202786760768 8.43621822754968,39.3202831008385</coordinates>
            </LinearRing>
          </outerBoundaryIs>
        </Polygon>
      </Placemark>
      <Placemark xmlns="http://www.opengis.net/kml/2.2">
        <styleUrl>#Parti singole_style_map</styleUrl>
        <name>T01983</name>
        <Polygon>
          <outerBoundaryIs>
            <LinearRing>
              <coordinates>8.4366008439566,39.3201826751838 8.43663855570326,39.320169882554 8.43661841162428,39.3201344364156 8.43658141456316,39.3201476032423 8.43658989684534,39.3201634115664 8.4366008439566,39.3201826751838</coordinates>
            </LinearRing>
          </outerBoundaryIs>
        </Polygon>
      </Placemark>
      <Placemark xmlns="http://www.opengis.net/kml/2.2">
        <styleUrl>#Parti singole_style_map</styleUrl>
        <name>T03091</name>
        <Polygon>
          <outerBoundaryIs>
            <LinearRing>
              <coordinates>8.43653584486221,39.3201437950027 8.43658735212419,39.3201624891713 8.43658989684534,39.3201634115664 8.43658141456316,39.3201476032423 8.43661841162428,39.3201344364156 8.43673822718124,39.3200933515946 8.43675478582001,39.320130357208 8.43677771966376,39.3201463178911 8.43677207976133,39.3201060942977 8.43680680063839,39.3201031537397 8.43674005687948,39.3200041284791 8.4367040884407,39.3200237596189 8.43655005404937,39.320091962769 8.4365234068724,39.3201166128509 8.43653584486221,39.3201437950027</coordinates>
            </LinearRing>
          </outerBoundaryIs>
        </Polygon>
      </Placemark>
      <Placemark xmlns="http://www.opengis.net/kml/2.2">
        <styleUrl>#Parti singole_style_map</styleUrl>
        <name>T01980</name>
        <Polygon>
          <outerBoundaryIs>
            <LinearRing>
              <coordinates>8.43621874071691,39.319871174732 8.43625348636556,39.3198478074275 8.43632165962285,39.31980195845 8.43637955539628,39.3197762523946 8.43644413324346,39.3197655814127 8.43645596980428,39.3196930178961 8.43649966769388,39.3196863111651 8.43648800940046,39.3195852459328 8.4365083146331,39.3195819858711 8.43650373628954,39.3195396048591 8.43649228854945,39.3194960191935 8.43647339781351,39.3196301448067 8.43642650580465,39.3197018690908 8.43630732012966,39.3197919227747 8.43621874071691,39.319871174732</coordinates>
            </LinearRing>
          </outerBoundaryIs>
        </Polygon>
      </Placemark>
      <Placemark xmlns="http://www.opengis.net/kml/2.2">
        <styleUrl>#Parti singole_style_map</styleUrl>
        <name>T01968</name>
        <Polygon>
          <outerBoundaryIs>
            <LinearRing>
              <coordinates>8.43683542138946,39.3196084391224 8.43681047165951,39.3195761044643 8.43673274921662,39.3195905663942 8.43667822216691,39.3196158055723 8.43665856870736,39.3196247570445 8.4366993532112,39.3197421824552 8.43674322094391,39.3197168317889 8.43687411696893,39.319767933866 8.43691347566305,39.3197464719093 8.43683542138946,39.3196084391224</coordinates>
            </LinearRing>
          </outerBoundaryIs>
          <innerBoundaryIs>
            <LinearRing>
              <coordinates>8.43675943565092,39.319704169307 8.43671558406719,39.3196480101625 8.43674755870559,39.3196316485497 8.43676480830728,39.3196548172269 8.43677359175505,39.3196502463251 8.4367977468289,39.3196845855331 8.43675943565092,39.319704169307</coordinates>
            </LinearRing>
          </innerBoundaryIs>
        </Polygon>
      </Placemark>
      <Placemark xmlns="http://www.opengis.net/kml/2.2">
        <styleUrl>#Parti singole_style_map</styleUrl>
        <name>T03092</name>
        <Polygon>
          <outerBoundaryIs>
            <LinearRing>
              <coordinates>8.43667822216691,39.3196158055723 8.43673274921662,39.3195905663942 8.43681047165951,39.3195761044643 8.43683542138946,39.3196084391224 8.43688974311097,39.3195917901333 8.43673882561678,39.319354111536 8.43669578588529,39.3193613222509 8.43668000324365,39.319319513306 8.43662079757897,39.3193326737418 8.43664877740854,39.3194167379765 8.43664048116061,39.3194834698325 8.43660575395166,39.3194962851044 8.43664194077137,39.3195247457258 8.43667822216691,39.3196158055723</coordinates>
            </LinearRing>
          </outerBoundaryIs>
          <innerBoundaryIs>
            <LinearRing>
              <coordinates>8.43671060101607,39.3195236871217 8.43670314955532,39.3194851643837 8.43669477367372,39.3194874422994 8.4366795730672,39.3194474909523 8.43672322840693,39.3194379647511 8.43675427872514,39.3195113788493 8.43671060101607,39.3195236871217</coordinates>
            </LinearRing>
          </innerBoundaryIs>
        </Polygon>
      </Placemark>
      <Placemark xmlns="http://www.opengis.net/kml/2.2">
        <styleUrl>#Parti singole_style_map</styleUrl>
        <name>T01967</name>
        <Polygon>
          <outerBoundaryIs>
            <LinearRing>
              <coordinates>8.43637645863684,39.3191636787091 8.43641857790427,39.3191624590925 8.43666957567629,39.3191552589024 8.43666362571642,39.3190091502144 8.43660797760757,39.3189948331977 8.43662460347402,39.3189497165358 8.4363732196565,39.3189574103436 8.43637178316948,39.3191074028709 8.43637645863684,39.3191636787091</coordinates>
            </LinearRing>
          </outerBoundaryIs>
          <innerBoundaryIs>
            <LinearRing>
              <coordinates>8.4364288955181,39.3189798191273 8.43646606191875,39.3189814138385 8.43646667277929,39.3190093586739 8.43648427199165,39.3190062902156 8.43648888393056,39.319044481465 8.43645434677461,39.3190433860704 8.43644997399448,39.3190115304312 8.43642563326646,39.3190148095113 8.4364288955181,39.3189798191273</coordinates>
            </LinearRing>
          </innerBoundaryIs>
          <innerBoundaryIs>
            <LinearRing>
              <coordinates>8.43641431674811,39.3190632497461 8.43644917728728,39.3190616345281 8.43645069179125,39.3191157325067 8.43644724312015,39.3191407112091 8.43641883512919,39.319140537545 8.43641431674811,39.3190632497461</coordinates>
            </LinearRing>
          </innerBoundaryIs>
        </Polygon>
      </Placemark>
    </Folder>
  </Document>
</kml>

